timestamp,netAmount0,netAmount1,closeTick,openTick,lowestTick,highestTick,inAmount0,inAmount1,currentLiquidity
2026-08-19 00:00:00,98050199307,-97990683489000000000000,276317,276317,276317,276317,98050199307,0,50006122925863170015319
2026-08-19 00:02:00,228826661,-228692590060963067536,276317,276317,276317,276317,593628912,364577155289669825653,50006122925863170015319
2026-08-19 00:03:00,-369425919,369197972414168713871,276317,276317,276317,276317,0,369197972414168713871,50006122925863170015319
2026-08-19 00:04:00,-899657898,899102763443095758350,276317,276317,276317,276317,0,899102763443095758350,50006122925863170015319
2026-08-19 00:06:00,81806601489,-81757236591481915082503,276317,276317,276317,276317,81856601489,49969146518084917497,50006122925863170015319
2026-08-19 00:07:00,-6585,6579998222196770,276317,276317,276317,276317,0,6579998222196770,50006122925863170015319
2026-08-19 00:11:00,-174688158845,174580313607652151997611,276317,276317,276317,276317,1000811468,175580518049565591633146,50006122925863170015319
2026-08-19 00:12:00,-113023729977,112953311892119612814995,276317,276317,276317,276317,0,112953311892119612814995,50006122925863170015319
2026-08-19 00:16:00,50911416350,-50880243985000000000000,276317,276317,276317,276317,50911416350,0,50006122925863170015319
2026-08-19 00:18:00,600306942,-599940000312851515449,276317,276317,276317,276317,600306942,0,50006122925863170015319
2026-08-19 00:22:00,2715586609,-2713926868000000000000,276317,276317,276317,276317,2715586609,0,50006122925863170015319
2026-08-19 00:23:00,5643295340,-5639847152000000000000,276317,276317,276317,276317,5643295340,0,50006122925863170015319
2026-08-19 00:25:00,3814617964,-3812287862903987552333,276317,276317,276317,276317,3814617964,0,50006122925863170015319
2026-08-19 00:31:00,982566699,-981966608457014932887,276317,276317,276317,276317,982566699,0,50006122925863170015319
2026-08-19 00:33:00,4871045737,-4868071369000000000000,276317,276317,276317,276317,4871045737,0,50006122925863170015319
2026-08-19 00:34:00,3881762848,-3879393237510380681143,276317,276317,276317,276317,3881762848,0,50006122925863170015319
2026-08-19 00:36:00,424597544,-424338386198668443972,276317,276317,276317,276317,424597544,0,50006122925863170015319
2026-08-19 00:37:00,-120022936975,119947953442411178194464,276317,276317,276317,276317,0,119947953442411178194464,50006122925863170015319
2026-08-19 00:39:00,11694971086,-11687779674000000000000,276317,276317,276317,276317,11694971086,0,50006122925863170015319
2026-08-19 00:42:00,-98858563721,98796402693595007571515,276317,276317,276317,276317,1141436279,99937132818595007571515,50006122925863170015319
2026-08-19 00:43:00,287493177,-287315326674442856291,276317,276317,276317,276317,287493177,0,50006122925863170015319
2026-08-19 00:44:00,500358900,-500049373303013469102,276317,276317,276317,276317,500358900,0,50006122925863170015319
2026-08-19 00:52:00,-38092099814,38068050228801186670453,276317,276317,276317,276317,0,38068050228801186670453,50006122925863170015319
2026-08-19 00:54:00,-235417684174,235267765974435307229166,276317,276317,276317,276317,0,235267765974435307229166,50006122925863170015319
2026-08-19 00:55:00,-91360826379,91302049720535292802525,276317,276317,276317,276317,0,91302049720535292802525,50006122925863170015319
2026-08-19 00:56:00,166806358,-166700740318906605922,276317,276317,276317,276317,166806358,0,50006122925863170015319
2026-08-19 00:59:00,14963437,-14953963434968604589,276317,276317,276317,276317,14963437,0,50006122925863170015319
2026-08-19 01:00:00,112070523,-111999563530382665516,276317,276317,276317,276317,112070523,0,50006122925863170015319
2026-08-19 01:02:00,-179886064,179770007399169369390,276317,276317,276317,276317,0,179770007399169369390,50006122925863170015319
2026-08-19 01:08:00,1385976804,-1385099277090295312558,276317,276317,276317,276317,1385976804,0,50006122925863170015319
2026-08-19 01:12:00,625006,-624610315883063605,276317,276317,276317,276317,625006,0,50006122925863170015319
2026-08-19 01:14:00,-9337903315,9331877582068594038842,276317,276317,276317,276317,0,9331877582068594038842,50006122925863170015319
2026-08-19 01:15:00,8604436085,-8598986719877643390625,276317,276317,276317,276317,8604436085,0,50006122925863170015319
2026-08-19 01:17:00,-19612666480,19600005860662001914187,276317,276317,276317,276317,0,19600005860662001914187,50006122925863170015319
2026-08-19 01:18:00,647974950,-647564186899370753557,276317,276317,276317,276317,647974950,0,50006122925863170015319
2026-08-19 01:19:00,-99840466186,99775780212133048659338,276317,276317,276317,276317,0,99775780212133048659338,50006122925863170015319
2026-08-19 01:21:00,-149767310,149669545007246541393,276317,276317,276317,276317,36016232,185662802524329338375,50006122925863170015319
2026-08-19 01:22:00,20037451511,-20024677609228745630706,276317,276317,276317,276317,20037451511,0,50006122925863170015319
2026-08-19 01:24:00,-114481401790,114406830844482004376533,276317,276317,276317,276317,0,114406830844482004376533,50006122925863170015319
2026-08-19 01:32:00,16250230377,-16239808282105791823167,276317,276317,276317,276317,16250230377,0,50006122925863170015319
2026-08-19 01:35:00,-366432126,366192836048989343721,276317,276317,276317,276317,0,366192836048989343721,50006122925863170015319
2026-08-19 01:36:00,1796376558,-1795225072538649190989,276317,276317,276317,276317,1796376558,0,50006122925863170015319
2026-08-19 01:39:00,-209318187641,209180613832513857003514,276317,276317,276317,276317,1822933521,211002371607462261034748,50006122925863170015319
2026-08-19 01:40:00,238070277,-237915691675205845608,276317,276317,276317,276317,238070277,0,50006122925863170015319
2026-08-19 01:42:00,1000854299,-1000204441913439635535,276317,276317,276317,276317,1000854299,0,50006122925863170015319
2026-08-19 01:44:00,-3926137099,3923540534456542137371,276317,276317,276317,276317,0,3923540534456542137371,50006122925863170015319
2026-08-19 01:46:00,114993702,-114919021872942575680,276317,276317,276317,276317,114993702,0,50006122925863170015319
2026-08-19 01:47:00,24713260586,-24697223129053728212658,276317,276317,276317,276317,24713260586,0,50006122925863170015319
2026-08-19 01:48:00,254003958,-253839251435388897405,276317,276317,276317,276317,254003958,0,50006122925863170015319
2026-08-19 01:49:00,4004141413,-4001581271599078682019,276317,276317,276317,276317,7003841413,2997718728400921317981,50006122925863170015319
2026-08-19 01:51:00,310430962,-310229719106957907030,276317,276317,276317,276317,310430962,0,50006122925863170015319
2026-08-19 01:52:00,-23988532850,23972682748405386584725,276317,276317,276317,276317,0,23972682748405386584725,50006122925863170015319
2026-08-19 01:55:00,-111769346960,111695193732822720540776,276317,276317,276317,276317,0,111695193732822720540776,50006122925863170015319
2026-08-19 01:56:00,-99842488636,99775826185812948576607,276317,276317,276317,276317,0,99775826185812948576607,50006122925863170015319
2026-08-19 01:57:00,263532008,-263358694567388101938,276317,276317,276317,276317,263807100,274907432611898062,50006122925863170015319
2026-08-19 01:58:00,-66584741156,66539823431944601260238,276317,276317,276317,276317,20013154012,86539823432116217508428,50006122925863170015319
2026-08-19 02:00:00,37541946069,-37517196180593674937903,276317,276317,276317,276317,38540439392,997821995406325062097,50006122925863170015319
2026-08-19 02:01:00,30133870768,-30114035855000000000000,276317,276317,276317,276317,30133870768,0,50006122925863170015319
2026-08-19 02:04:00,500329023,-500000000000000000000,276317,276317,276317,276317,500329023,0,50006122925863170015319
2026-08-19 02:05:00,6990755912,-6986159736318906605922,276317,276317,276317,276317,6990755912,0,50006122925863170015319
2026-08-19 02:06:00,6290029043,-6285895239252695842816,276317,276317,276317,276317,6290029043,0,50006122925863170015319
2026-08-19 02:10:00,-187799749600,187673394597053210998951,276317,276317,276317,276317,0,187673394597053210998951,50006122925863170015319
2026-08-19 02:14:00,179177551,-179058553885277447622,276317,276317,276317,276317,185761553,6579546968776017477,50006122925863170015319
2026-08-19 02:16:00,14895369374,-14885474786856647114577,276317,276317,276317,276317,14895369374,0,50006122925863170015319
2026-08-19 02:17:00,216693125,-216549247198552915968,276317,276317,276317,276317,216693125,0,50006122925863170015319
2026-08-19 02:18:00,4858682238,-4855456707814160108864,276317,276317,276317,276317,4858682238,0,50006122925863170015319
2026-08-19 02:20:00,-28611758314,28592406263682751570487,276317,276317,276317,276317,74051767,28666408792422899431914,50006122925863170015319
2026-08-19 02:21:00,-45108571260,45077996277920356409014,276317,276317,276317,276317,0,45077996277920356409014,50006122925863170015319
2026-08-19 02:23:00,-471741724277,471417089578577538611133,276317,276317,276317,276317,1107185422,472523536845475476127826,50006122925863170015319
2026-08-19 02:24:00,74140718539,-74090000000000000000000,276317,276317,276317,276317,74140718539,0,50006122925863170015319
2026-08-19 02:26:00,-183122595947,182994729925567135177790,276317,276317,276317,276317,0,182994729925567135177790,50006122925863170015319
2026-08-19 02:27:00,22479714148,-22464215037004102991444,276317,276317,276317,276317,22479714148,0,50006122925863170015319
2026-08-19 02:28:00,1000596852,-999907439727452143677,276317,276317,276317,276317,1000596852,0,50006122925863170015319
2026-08-19 02:29:00,50034422805,-50000000000000000000000,276317,276317,276317,276317,50034422805,0,50006122925863170015319
2026-08-19 02:32:00,-108279304459,108203385757867336957831,276317,276317,276317,276317,0,108203385757867336957831,50006122925863170015319
2026-08-19 02:35:00,149136345495,-149033690508781671660660,276317,276317,276317,276317,149136345495,0,50006122925863170015319
2026-08-19 02:36:00,874210050,-873610942983968644260,276317,276317,276317,276317,875600077,1389057016031355740,50006122925863170015319
2026-08-19 02:37:00,1753401569,-1752200000000000000000,276317,276317,276317,276317,1753401569,0,50006122925863170015319
2026-08-19 02:38:00,-28048246195,28028663695416407017633,276317,276317,276317,276317,875599985,28903663695416407017633,50006122925863170015319
2026-08-19 02:40:00,6279262846,-6274965752854058324585,276317,276317,276317,276317,7279262846,999301622145941675415,50006122925863170015319
2026-08-19 02:43:00,-172529964573,172408479834572656052346,276317,276317,276317,276317,37169825727,209552830377882352796621,50006122925863170015319
2026-08-19 02:44:00,-989821490,989123646143875048111,276317,276317,276317,276317,0,989123646143875048111,50006122925863170015319
2026-08-19 02:45:00,11840000,-11831794714920282892,276317,276317,276317,276317,11840000,0,50006122925863170015319
2026-08-19 02:46:00,1340197644,-1339268860545411989504,276317,276317,276317,276317,1340197644,0,50006122925863170015319
2026-08-19 02:48:00,19040501549,-19027313840000000000000,276317,276317,276317,276317,19040501549,0,50006122925863170015319
2026-08-19 02:51:00,1571952239,-1570864131758163914197,276317,276317,276317,276317,1571952239,0,50006122925863170015319
2026-08-19 02:52:00,-10426337539,10418993322376198662950,276317,276317,276317,276317,17787720,10436768730366370960379,50006122925863170015319
2026-08-19 02:54:00,-1750465893,1748712535744969471830,276317,276317,276317,276317,43359612539,45078332315231475171069,50006122925863170015319
2026-08-19 02:55:00,-85901314661,85840637017118900969936,276317,276317,276317,276317,0,85840637017118900969936,50006122925863170015319
2026-08-19 02:59:00,-45497473000,45465215771919369018639,276316,276316,276316,276316,0,45465215771919369018639,50005922981117105551017
2026-08-19 03:00:00,20469366374,-20455089037000000000000,276316,276316,276316,276316,20469366374,0,50005922981117105551017
2026-08-19 03:01:00,-24042168,24025119410339670344,276316,276316,276316,276316,0,24025119410339670344,50005922981117105551017
2026-08-19 03:06:00,-31502637514,31480278852406057364608,276316,276316,276316,276316,75052412,31555278852406057364608,50005922981117105551017
2026-08-19 03:07:00,20106174119,-20092141080110242255148,276316,276316,276316,276316,20106174119,0,50005922981117105551017
2026-08-19 03:08:00,9136233423,-9129921409622323683449,276316,276316,276316,276316,14077549013,4937811836377676316551,50005922981117105551017
2026-08-19 03:16:00,-70948072259,70897657338943858157676,276316,276316,276316,276316,0,70897657338943858157676,50005922981117105551017
2026-08-19 03:18:00,-49828196000,49792668413173204468253,276316,276316,276316,276316,0,49792668413173204468253,50005922981117105551017
2026-08-19 03:20:00,-124509078042,124419869249007091480036,276316,276316,276316,276316,0,124419869249007091480036,50005922981117105551017
2026-08-19 03:21:00,-469414325,469076824593738293973,276316,276316,276316,276316,0,469076824593738293973,50005922981117105551017
2026-08-19 03:22:00,-7519954016,7514095320657562926655,276316,276316,276316,276316,37592581562,45080127207657562926655,50005922981117105551017
2026-08-19 03:25:00,-27616996462,27597116579889259570526,276316,276316,276316,276316,0,27597116579889259570526,50005922981117105551017
2026-08-19 03:29:00,-74859680031,74805639623367066323131,276316,276316,276316,276316,0,74805639623367066323131,50005922981117105551017
2026-08-19 03:32:00,16165930536,-16154435422114821945424,276316,276316,276316,276316,16165930536,0,50005922981117105551017
2026-08-19 03:34:00,-3506174785,3503640489603862121333,276316,276316,276316,276316,0,3503640489603862121333,50005922981117105551017
2026-08-19 03:36:00,40190046666,-40161508330889259570526,276316,276316,276316,276316,40190046666,0,50005922981117105551017
2026-08-19 03:37:00,19707048325,-19693078233530751708428,276316,276316,276316,276316,19707048325,0,50005922981117105551017
2026-08-19 03:38:00,-329532,329294554028461266,276316,276316,276316,276316,0,329294554028461266,50005922981117105551017
2026-08-19 03:42:00,627701847,-627257132000000000000,276316,276316,276316,276316,627701847,0,50005922981117105551017
2026-08-19 03:45:00,270191420,-270000000000000000000,276316,276316,276316,276316,270191420,0,50005922981117105551017
2026-08-19 03:46:00,116552494,-116469922574221478435,276316,276316,276316,276316,116552494,0,50005922981117105551017
2026-08-19 03:48:00,96776591106,-96708216439000000000000,276316,276316,276316,276316,96776591106,0,50005922981117105551017
2026-08-19 03:51:00,60002563343,-59960358209674952797534,276316,276316,276316,276316,60002563343,0,50005922981117105551017
2026-08-19 03:54:00,-133713451373,133617598507664186701765,276316,276316,276316,276316,0,133617598507664186701765,50005922981117105551017
2026-08-19 03:56:00,28438566051,-28418461000000000000000,276316,276316,276316,276316,28438566051,0,50005922981117105551017
2026-08-19 03:57:00,-20000000000,19985624255668218485980,276316,276316,276316,276316,0,19985624255668218485980,50005922981117105551017
2026-08-19 04:00:00,-105856726696,105780369697105330822665,276316,276316,276316,276316,200183304,105980410585488018749772,50005922981117105551017
2026-08-19 04:02:00,-1000723961,1000000000000000000000,276316,276316,276316,276316,0,1000000000000000000000,50005922981117105551017
2026-08-19 04:03:00,255142588,-254961065352252663556,276316,276316,276316,276316,255142588,0,50005922981117105551017
2026-08-19 04:04:00,15603641172,-15592544759000000000000,276316,276316,276316,276316,15603641172,0,50005922981117105551017
2026-08-19 04:06:00,2201564,-2200000000000000000,276316,276316,276316,276316,2201564,0,50005922981117105551017
2026-08-19 04:07:00,-40522428160,40493104846591580689604,276316,276316,276316,276316,0,40493104846591580689604,50005922981117105551017
2026-08-19 04:08:00,1456861,-1455823400543078784,276316,276316,276316,276316,1456861,0,50005922981117105551017
2026-08-19 04:10:00,7004289227,-6999300003533589577869,276316,276316,276316,276316,7004289227,0,50005922981117105551017
2026-08-19 04:11:00,241180015,-241008255109735488013,276316,276316,276316,276316,241180015,0,50005922981117105551017
2026-08-19 04:15:00,190215356,-190079893000000000000,276316,276316,276316,276316,190215356,0,50005922981117105551017
2026-08-19 04:19:00,-165295909526,165175665686628835557118,276316,276316,276316,276316,0,165175665686628835557118,50005922981117105551017
2026-08-19 04:21:00,346664139,-346414975000000000000,276316,276316,276316,276316,346664139,0,50005922981117105551017
2026-08-19 04:22:00,212952324635,-212800172605637223093719,276316,276316,276316,276316,212952324635,0,50005922981117105551017
2026-08-19 04:23:00,-4394632360,4391453453752787345398,276316,276316,276316,276316,383684278,4774865156486272539021,50005922981117105551017
2026-08-19 04:27:00,35496384102,-35471192275350391357440,276316,276316,276316,276316,35496384102,0,50005922981117105551017
2026-08-19 04:30:00,-438230786952,437910111313736446211864,276316,276316,276316,276316,73567152179,511423708827599949494040,50005922981117105551017
2026-08-19 04:31:00,6252721020,-6248179197858253317137,276316,276316,276316,276316,6252721020,0,50005922981117105551017
2026-08-19 04:32:00,28589901,-28569138000000000000,276316,276316,276316,276316,28589901,0,50005922981117105551017
2026-08-19 04:33:00,16798491609,-16786297354000000000000,276316,276316,276316,276316,16798491609,0,50005922981117105551017
2026-08-19 04:35:00,1166640860,-1165794399000000000000,276316,276316,276316,276316,1166640860,0,50005922981117105551017
2026-08-19 04:36:00,128986905,-128893321502017978368,276316,276316,276316,276316,128986905,0,50005922981117105551017
2026-08-19 04:37:00,1737129960,-1735869687000000000000,276316,276316,276316,276316,1737129960,0,50005922981117105551017
2026-08-19 04:39:00,735358297,-734824837710565682002,276316,276316,276316,276316,735358297,0,50005922981117105551017
2026-08-19 04:40:00,8905749676,-8899290784243282404738,276316,276316,276316,276316,8905749676,0,50005922981117105551017
2026-08-19 04:42:00,248096288678,-247917630602000000000000,276316,276316,276316,276316,248096288678,0,50005922981117105551017
2026-08-19 04:43:00,15040971278,-15030219098399633631220,276316,276316,276316,276316,15040971278,0,50005922981117105551017
2026-08-19 04:45:00,-14199309068,14188988527128453532021,276316,276316,276316,276316,0,14188988527128453532021,50005922981117105551017
2026-08-19 04:46:00,300276066,-300061332574031890661,276316,276316,276316,276316,300276066,0,50005922981117105551017
2026-08-19 04:48:00,138177707105,-138079275662000000000000,276316,276316,276316,276316,138177707105,0,50005922981117105551017
2026-08-19 04:50:00,1157431234,-1156609954881941388662,276316,276316,276316,276316,1157431234,0,50005922981117105551017
2026-08-19 04:51:00,-18769460249,18755910313836579031436,276316,276316,276316,276316,0,18755910313836579031436,50005922981117105551017
2026-08-19 04:53:00,-657761313,657286210283044507044,276316,276316,276316,276316,0,657286210283044507044,50005922981117105551017
2026-08-19 04:55:00,108135591771,-108059014091000000000000,276316,276316,276316,276316,108135591771,0,50005922981117105551017
2026-08-19 04:56:00,-48719448738,48684080231501362187870,276316,276316,276316,276316,28418305415,77082291705300829505803,50005922981117105551017
2026-08-19 04:57:00,-5702764824,5698499391084212025251,276316,276316,276316,276316,13270010917,18959119324269412659269,50005922981117105551017
2026-08-19 04:59:00,-25750073187,25731515533703943392303,276316,276316,276316,276316,0,25731515533703943392303,50005922981117105551017
2026-08-19 05:00:00,70113775630,-70064148692426055272882,276316,276316,276316,276316,70113775630,0,50005922981117105551017
2026-08-19 05:02:00,-11873374805,11864443595144281550607,276316,276316,276316,276316,33240229565,45081214162144281550607,50005922981117105551017
2026-08-19 05:03:00,-143767500,143664148900946251821,276316,276316,276316,276316,0,143664148900946251821,50005922981117105551017
2026-08-19 05:04:00,-8697104288,8690850630337371024380,276316,276316,276316,276316,0,8690850630337371024380,50005922981117105551017
2026-08-19 05:05:00,25053474,-25035755401934588350,276316,276316,276316,276316,25053474,0,50005922981117105551017
2026-08-19 05:06:00,-195772861422,195631291409206167287947,276316,276316,276316,276316,0,195631291409206167287947,50005922981117105551017
2026-08-19 05:07:00,17841818211,-17829067678705120904457,276316,276316,276316,276316,17921818211,79941836294879095543,50005922981117105551017
2026-08-19 05:08:00,-1660364055,1659158023731272533862,276316,276316,276316,276316,0,1659158023731272533862,50005922981117105551017
2026-08-19 05:11:00,479229101,-478886741487624692317,276316,276316,276316,276316,479229101,0,50005922981117105551017
2026-08-19 05:12:00,-45115669607,45082857867771364225788,276316,276316,276316,276316,0,45082857867771364225788,50005922981117105551017
2026-08-19 05:14:00,-104928178558,104850507413814916563445,276316,276316,276316,276316,87100393429,191888121666814916563445,50005922981117105551017
2026-08-19 05:17:00,540910690,-540521034000000000000,276316,276316,276316,276316,540910690,0,50005922981117105551017
2026-08-19 05:18:00,32364948867,-32341655358000000000000,276316,276316,276316,276316,32364948867,0,50005922981117105551017
2026-08-19 05:19:00,7444246011,-7438894205030477745944,276316,276316,276316,276316,7444246011,0,50005922981117105551017
2026-08-19 05:21:00,2872152511,-2870088259263964286548,276316,276316,276316,276316,2872152511,0,50005922981117105551017
2026-08-19 05:22:00,3849287133,-3846521118535727719073,276316,276316,276316,276316,3849287133,0,50005922981117105551017
2026-08-19 05:25:00,-10028727185,10021399260778614089467,276316,276316,276316,276316,0,10021399260778614089467,50005922981117105551017
2026-08-19 05:28:00,-51013651117,50976038092057750010023,276316,276316,276316,276316,22973923371,73933388092057750010023,50005922981117105551017
2026-08-19 05:32:00,367006215,-366741628701594533029,276316,276316,276316,276316,367006215,0,50005922981117105551017
2026-08-19 05:44:00,88026968841,-87963662727000000000000,276316,276316,276316,276316,88026968841,0,50005922981117105551017
2026-08-19 05:48:00,-11473722079,11464552774311451146138,276316,276316,276316,276316,66526277921,77942985253096053160442,50005922981117105551017
2026-08-19 05:49:00,4548317911,-4545053236813574165413,276316,276316,276316,276316,4548317911,0,50005922981117105551017
2026-08-19 05:53:00,23681147828,-23664163415000000000000,276316,276316,276316,276316,23681147828,0,50005922981117105551017
2026-08-19 05:55:00,50046092,-50010222095671981778,276316,276316,276316,276316,50046092,0,50005922981117105551017
2026-08-19 05:57:00,38252978,-38225561083109444095,276316,276316,276316,276316,38252978,0,50002071070963159900227
2026-08-19 05:58:00,-62715944907,62670163513899965591609,276316,276316,276316,276316,0,62670163513899965591609,50002071070963159900227
2026-08-19 05:59:00,-337360149223,337110945493606393244584,276316,276316,276316,276316,20117102973,357213300164642420403112,50002071070963159900227
2026-08-19 06:00:00,-35212649421,35186343966258195197212,276316,276316,276316,276316,4787350579,39970179562258195197212,50002071070963159900227
2026-08-19 06:01:00,1134321370,-1133488660335677814412,276316,276316,276316,276316,1134321370,0,50002071070963159900227
2026-08-19 06:02:00,72071157169,-72018354778350600844789,276316,276316,276316,276316,72071157169,0,50002071070963159900227
2026-08-19 06:04:00,109975301537,-109895128914000000000000,276316,276316,276316,276316,109975301537,0,50002071070963159900227
2026-08-19 06:06:00,-1587956755,1586783521996066382259,276316,276316,276316,276316,0,1586783521996066382259,50002071070963159900227
2026-08-19 06:07:00,247539647,-247359718563750065299,276316,276316,276316,276316,247539647,0,50002071070963159900227
2026-08-19 06:08:00,46961643134,-46927552546000000000000,276316,276316,276316,276316,46961643134,0,50002071070963159900227
2026-08-19 06:09:00,1121196033,-1120383207000000000000,276316,276316,276316,276316,1121196033,0,50002071070963159900227
2026-08-19 06:10:00,496122777,-495763122812143622751,276316,276316,276316,276316,496122777,0,50002071070963159900227
2026-08-19 06:12:00,210700626,-210547886128017744312,276316,276316,276316,276316,210700626,0,50002071070963159900227
2026-08-19 06:17:00,-13977301141,13966877974473349827786,276316,276316,276316,276316,9951512842,23911178815121974136010,50002071070963159900227
2026-08-19 06:18:00,15691577532,-15680198661907601182623,276316,276316,276316,276316,15691577532,0,50002071070963159900227
2026-08-19 06:22:00,-70093493377,70041747843041752652826,276316,276316,276316,276316,0,70041747843041752652826,50002071070963159900227
2026-08-19 06:23:00,1107533944,-1106728077762968127905,276316,276316,276316,276316,1107533944,0,50002071070963159900227
2026-08-19 06:26:00,13168568897,-13158990902034821730096,276316,276316,276316,276316,13168568897,0,50002071070963159900227
2026-08-19 06:28:00,4002910093,-4000000000000000000000,276316,276316,276316,276316,4002910093,0,50002071070963159900227
2026-08-19 06:29:00,14250570188,-14240215298000000000000,276316,276316,276316,276316,14250570188,0,50002071070963159900227
2026-08-19 06:33:00,-210960785401,210804136297047134302108,276316,276316,276316,276316,0,210804136297047134302108,50002071070963159900227
2026-08-19 06:35:00,-388200212013,387907307173489320300651,276316,276316,276316,276316,0,387907307173489320300651,50002071070963159900227
2026-08-19 06:36:00,41934329493,-41902901969000000000000,276316,276316,276316,276316,41934329493,0,50002071070963159900227
2026-08-19 06:37:00,96637869447,-96565783624555577486543,276316,276316,276316,276316,102604639129,5962230648444422513457,50002071070963159900227
2026-08-19 06:40:00,-63785116809,63736766878095654180516,276316,276316,276316,276316,0,63736766878095654180516,50002071070963159900227
2026-08-19 06:41:00,77298446833,-77240801382000000000000,276316,276316,276316,276316,77298446833,0,50002071070963159900227
2026-08-19 06:42:00,-55126443440,55084696193243445476017,276316,276316,276316,276316,0,55084696193243445476017,50002071070963159900227
2026-08-19 06:43:00,-404666842,404359937968535786297,276316,276316,276316,276316,0,404359937968535786297,50002071070963159900227
2026-08-19 06:44:00,-9010536795,9003701426007867862231,276316,276316,276316,276316,0,9003701426007867862231,50002071070963159900227
2026-08-19 06:45:00,57448785648,-57405949617000000000000,276316,276316,276316,276316,57448785648,0,50002071070963159900227
2026-08-19 06:51:00,-67788185076,67736812738961025259329,276316,276316,276316,276316,0,67736812738961025259329,50002071070963159900227
2026-08-19 06:52:00,-200099799900,199947086225308442228538,276316,276316,276316,276316,0,199947086225308442228538,50002071070963159900227
2026-08-19 06:55:00,69448342610,-69395991996000000000001,276316,276316,276316,276316,69448342610,0,50002071070963159900227
2026-08-19 06:56:00,-53802570500,53761385443888931553588,276316,276316,276316,276316,0,53761385443888931553588,50002071070963159900227
2026-08-19 06:57:00,-1952144554,1950648041452515696489,276316,276316,276316,276316,0,1950648041452515696489,50002071070963159900227
2026-08-19 07:00:00,137686025608,-137582500000000000000000,276316,276316,276316,276316,137686025608,0,50002071070963159900227
2026-08-19 07:01:00,-49925530820,49887480871187509660700,276316,276316,276316,276316,0,49887480871187509660700,50002071070963159900227
2026-08-19 07:04:00,-89919154435,89850368787051172462846,276316,276316,276316,276316,333583900,90183702121051172462846,50002071070963159900227
2026-08-19 07:05:00,-45126728555,45092088134436622250918,276316,276316,276316,276316,0,45092088134436622250918,50002071070963159900227
2026-08-19 07:06:00,23429666127,-23412492821850906232031,276316,276316,276316,276316,68556474456,45092210086709269620869,50002071070963159900227
2026-08-19 07:07:00,9913703,-9906213000000000000,276316,276316,276316,276316,9913703,0,50002071070963159900227
2026-08-19 07:08:00,-45126968173,45092288469281084772575,276316,276316,276316,276316,0,45092288469281084772575,50002071070963159900227
2026-08-19 07:10:00,-96261280896,96187033015962639915505,276316,276316,276316,276316,0,96187033015962639915505,50002071070963159900227
2026-08-19 07:11:00,-139799860200,139691371079415460763395,276316,276316,276316,276316,0,139691371079415460763395,50002071070963159900227
2026-08-19 07:12:00,136283848981,-136179712980000000000000,276316,276316,276316,276316,136283848981,0,50002071070963159900227
2026-08-19 07:15:00,-28000000000,27978329713144875256489,276316,276316,276316,276316,0,27978329713144875256489,50002071070963159900227
2026-08-19 07:16:00,-32432717420,32407513996109397321260,276316,276316,276316,276316,5281551811,37685039138109397321260,50002071070963159900227
2026-08-19 07:17:00,32387425334,-32362708673000000000000,276316,276316,276316,276316,32387425334,0,50002071070963159900227
2026-08-19 07:18:00,-46401234692,46365253928318911209202,276316,276316,276316,276316,0,46365253928318911209202,50002071070963159900227
2026-08-19 07:19:00,-45128648425,45093571946807742660143,276316,276316,276316,276316,0,45093571946807742660143,50002071070963159900227
2026-08-19 07:20:00,10889561835,-10881762122258263199850,276316,276316,276316,276316,56018341626,45093722844741736800150,50002071070963159900227
2026-08-19 07:21:00,-45128895226,45093756823810243454431,276316,276316,276316,276316,0,45093756823810243454431,50002071070963159900227
2026-08-19 07:22:00,16778575424,-16765702923000000000000,276316,276316,276316,276316,16778575424,0,50002071070963159900227
2026-08-19 07:24:00,1107581890,-1106732550400416442936,276316,276316,276316,276316,1107581890,0,50002071070963159900227
2026-08-19 07:27:00,-111216182468,111129314506946762096344,276316,276316,276316,276316,383705932,111512726209680247289967,50002071070963159900227
2026-08-19 07:31:00,23574886928,-23556715603000000000000,276316,276316,276316,276316,23574886928,0,50002071070963159900227
2026-08-19 07:32:00,-2173680000,2171979410020634693633,276316,276316,276316,276316,0,2171979410020634693633,50002071070963159900227
2026-08-19 07:33:00,17017270126,-17004165677769023291392,276316,276316,276316,276316,17017270126,0,50002071070963159900227
2026-08-19 07:36:00,-9008979395,9001935288745703591672,276316,276316,276316,276316,0,9001935288745703591672,50002071070963159900227
2026-08-19 07:38:00,-7509264792,7503390832055269036599,276316,276316,276316,276316,0,7503390832055269036599,50002071070963159900227
2026-08-19 07:39:00,-63908376000,63858293885630805259834,276316,276316,276316,276316,0,63858293885630805259834,50002071070963159900227
2026-08-19 07:40:00,-1853029599,1851575028223521471328,276316,276316,276316,276316,0,1851575028223521471328,50002071070963159900227
2026-08-19 07:48:00,39298854006,-39268513836648122336535,276316,276316,276316,276316,39930799006,631448911351877663465,50002071070963159900227
2026-08-19 07:49:00,-1560415634,1559193099824124912445,276316,276316,276316,276316,0,1559193099824124912445,50002071070963159900227
2026-08-19 07:52:00,30024868756,-30001722364000000000000,276316,276316,276316,276316,30024868756,0,50002071070963159900227
2026-08-19 07:53:00,75534810256,-75476739191814582435840,276316,276316,276316,276316,75534810256,0,50002071070963159900227
2026-08-19 07:58:00,63961846980,-63912851431187509660700,276316,276316,276316,276316,63961846980,0,50002071070963159900227
2026-08-19 08:00:00,-222582,222408450956586591,276316,276316,276316,276316,0,222408450956586591,50002071070963159900227
2026-08-19 08:02:00,-126818486999,126719662614392568564527,276316,276316,276316,276316,0,126719662614392568564527,50002071070963159900227
2026-08-19 08:03:00,-380090543,379793387993099176554,276316,276316,276316,276316,0,379793387993099176554,50002071070963159900227
2026-08-19 08:04:00,555984464417,-555562633576951025752018,276316,276316,276316,276316,555984464417,0,50002071070963159900227
2026-08-19 08:05:00,-94250347143,94178577677672125502551,276316,276316,276316,276316,0,94178577677672125502551,50002071070963159900227
2026-08-19 08:08:00,776171488115,-775604009643145435548868,276316,276316,276316,276316,1082859497034,306465285343854564451132,50002071070963159900227
2026-08-19 08:09:00,-519029055119,518643563206992238472537,276316,276316,276316,276316,555880,518644118676458170630337,50002071070963159900227
2026-08-19 08:10:00,22563979695,-22547267818000000000000,276316,276316,276316,276316,22563979695,0,50002071070963159900227
2026-08-19 08:11:00,685707599843,-685209446329362143575402,276316,276316,276316,276316,686498748616,790553670637856424598,50002071070963159900227
2026-08-19 08:13:00,-169562784605,169439257975226432980091,276316,276316,276316,276316,4608392658,174044366214677129509148,50002071070963159900227
2026-08-19 08:14:00,-225839035740,225672801515985725046695,276316,276316,276316,276316,0,225672801515985725046695,50002071070963159900227
2026-08-19 08:15:00,106026526,-105949276405547702833,276316,276316,276316,276316,106026526,0,50002071070963159900227
2026-08-19 08:20:00,-995000000,994263101865721139480,276316,276316,276316,276316,0,994263101865721139480,50002071070963159900227
2026-08-19 08:21:00,-197148548,197002534756796380340,276316,276316,276316,276316,0,197002534756796380340,50002071070963159900227
2026-08-19 08:22:00,-4493205233,4489877031299092547343,276316,276316,276316,276316,0,4489877031299092547343,50002071070963159900227
2026-08-19 08:25:00,-14992207670,14981096734747369021394,276316,276316,276316,276316,7492330,14988583600607369021394,50002071070963159900227
2026-08-19 08:26:00,49866958176,-49830634087000000000000,276316,276316,276316,276316,49866958176,0,50002071070963159900227
2026-08-19 08:27:00,1888505716,-1887132548000000000000,276316,276316,276316,276316,1930409733,41873031000000000000,50002071070963159900227
2026-08-19 08:28:00,-20000000578,19985205794422295106827,276316,276316,276316,276316,0,19985205794422295106827,50002071070963159900227
2026-08-19 08:29:00,-12894696391,12885149205425523712458,276316,276316,276316,276316,0,12885149205425523712458,50002071070963159900227
2026-08-19 08:30:00,230860954556,-230694031212181797962543,276316,276316,276316,276316,250181060041,19305968787818202037457,50002071070963159900227
2026-08-19 08:31:00,163259793889,-163143913249347219200396,276316,276316,276316,276316,250178737856,86856086750652780799604,50002071070963159900227
2026-08-19 08:32:00,-62900928417,62855252056826791265023,276316,276316,276316,276316,0,62855252056826791265023,50002071070963159900227
2026-08-19 08:33:00,250177733950,-250000000000000000000000,276316,276316,276316,276316,250177733950,0,50002071070963159900227
2026-08-19 08:34:00,-4750000000,4746591784233175575563,276316,276316,276316,276316,0,4746591784233175575563,50002071070963159900227
2026-08-19 08:36:00,-9520436427,9513598616284946501633,276316,276316,276316,276316,333636900,9847000096922759713478,50002071070963159900227
2026-08-19 08:38:00,-12026236507,12017598845677181371671,276316,276316,276316,276316,0,12017598845677181371671,50002071070963159900227
2026-08-19 08:39:00,-47051718245,47017868537048665232786,276316,276316,276316,276316,0,47017868537048665232786,50002071070963159900227
2026-08-19 08:40:00,-175541576299,175414508468705585949722,276316,276316,276316,276316,0,175414508468705585949722,50002071070963159900227
2026-08-19 08:41:00,-118637601243,118551026799939771206272,276316,276316,276316,276316,0,118551026799939771206272,50002071070963159900227
2026-08-19 08:42:00,-209108472400,208954508745420847988504,276316,276316,276316,276316,0,208954508745420847988504,50002071070963159900227
2026-08-19 08:43:00,31450450389,-31427559371000000000000,276316,276316,276316,276316,31450450389,0,50002071070963159900227
2026-08-19 08:44:00,-32607304354,32583179571090833514694,276316,276316,276316,276316,0,32583179571090833514694,50002071070963159900227
2026-08-19 08:47:00,44227561535,-44195380020019067515385,276316,276316,276316,276316,44227561535,0,50002071070963159900227
2026-08-19 08:48:00,-257709573710,257514865933252018832601,276316,276316,276316,276316,250185635954,507514865933252018832601,50002071070963159900227
2026-08-19 08:51:00,14478645293,-14467978027915488479209,276316,276316,276316,276316,14478645293,0,50002071070963159900227
2026-08-19 08:53:00,258813198010,-258623928183000000000000,276316,276316,276316,276316,258813198010,0,50002071070963159900227
2026-08-19 08:55:00,206736354690,-206587612295122728089233,276316,276316,276316,276316,250180412763,43412387704877271910767,50002071070963159900227
2026-08-19 08:56:00,-292386106320,292170997613522974615883,276316,276316,276316,276316,0,292170997613522974615883,50002071070963159900227
2026-08-19 08:57:00,80269547622,-80211115641324881930853,276316,276316,276316,276316,80269547622,0,50002071070963159900227
2026-08-19 08:59:00,383690390,-383411702733485193623,276316,276316,276316,276316,383690390,0,50002071070963159900227
2026-08-19 09:00:00,14261354961,-14251000600587495586793,276316,276316,276316,276316,14261354961,0,50002071070963159900227
2026-08-19 09:03:00,12007907,-11999192665898798137,276316,276316,276316,276316,12007907,0,50002071070963159900227
2026-08-19 09:07:00,8732372986,-8726036922023110336445,276316,276316,276316,276316,8732372986,0,50002071070963159900227
2026-08-19 09:12:00,8008468006,-8002659873000000000000,276316,276316,276316,276316,8008468006,0,50002071070963159900227
2026-08-19 09:14:00,-20853000,20837628775223178799,276316,276316,276316,276316,0,20837628775223178799,50002071070963159900227
2026-08-19 09:16:00,-806551906,805957398152994083683,276316,276316,276316,276316,0,805957398152994083683,50002071070963159900227
2026-08-19 09:17:00,-83539041759,83477324602985499858186,276316,276316,276316,276316,0,83477324602985499858186,50002071070963159900227
2026-08-19 09:20:00,-5263871654,5259973460501439884303,276316,276316,276316,276316,0,5259973460501439884303,50002071070963159900227
2026-08-19 09:21:00,-1615025417,1613829177150694013252,276316,276316,276316,276316,0,1613829177150694013252,50002071070963159900227
2026-08-19 09:22:00,-342418565700,342162585124782969060226,276316,276316,276316,276316,0,342162585124782969060226,50002071070963159900227
2026-08-19 09:23:00,-572831094,572398939845110114175,276316,276316,276316,276316,0,572398939845110114175,50002071070963159900227
2026-08-19 09:24:00,-162500000000,162376877698081978180693,276316,276316,276316,276316,0,162376877698081978180693,50002071070963159900227
2026-08-19 09:27:00,94705748885,-94635000000000000000000,276316,276316,276316,276316,94705748885,0,50002071070963159900227
2026-08-19 09:29:00,19493097914,-19478580281000000000000,276316,276316,276316,276316,19493097914,0,50002071070963159900227
2026-08-19 09:31:00,21084919282,-21069233218976008285899,276316,276316,276316,276316,21084919282,0,50002071070963159900227
2026-08-19 09:32:00,29358800565,-29336988758498191540455,276316,276316,276316,276316,29358800565,0,50002071070963159900227
2026-08-19 09:33:00,-152291367094,152175451650578691108027,276316,276316,276316,276316,47708632906,199848347596578691108027,50002071070963159900227
2026-08-19 09:35:00,26113292729,-26093762189253357167780,276316,276316,276316,276316,26113292729,0,50002071070963159900227
2026-08-19 09:36:00,614234288203,-613787040613452468734828,276316,276316,276316,276316,972033211873,357538554737547531265172,50002071070963159900227
2026-08-19 09:37:00,44829984517,-44798921834294757873743,276316,276316,276316,276316,153462219390,108552837448705242126257,50002071070963159900227
2026-08-19 09:38:00,-137362460121,137261389235653374726008,276316,276316,276316,276316,0,137261389235653374726008,50002071070963159900227
2026-08-19 09:41:00,-37403140028,37375487204278130595206,276316,276316,276316,276316,93408838,37468828036548261918732,50002071070963159900227
2026-08-19 09:42:00,-19995392434,19980587146619367369088,276316,276316,276316,276316,0,19980587146619367369088,50002071070963159900227
2026-08-19 09:44:00,252182345,-251998545034001211477,276316,276316,276316,276316,252182345,0,50002071070963159900227
2026-08-19 09:45:00,500466972,-500102220956719817767,276316,276316,276316,276316,500466972,0,50002071070963159900227
2026-08-19 09:46:00,-356690858254,356424072398962920117743,276316,276316,276316,276316,510674536,356934368163475241957187,50002071070963159900227
2026-08-19 09:47:00,-241928029721,241743351437010186447433,276316,276316,276316,276316,70056479752,311747391237010186447433,50002071070963159900227
2026-08-19 09:48:00,-250000000,249808818517563762767,276316,276316,276316,276316,0,249808818517563762767,50002071070963159900227
2026-08-19 09:49:00,-67472646618,67420521659190743501678,276316,276316,276316,276316,36327249582,103720301977644670906969,50002071070963159900227
2026-08-19 09:50:00,-500000,499616286694790446,276316,276316,276316,276316,0,499616286694790446,50002071070963159900227
2026-08-19 09:52:00,66693491892,-66643198102000000000000,276316,276316,276316,276316,66693491892,0,50002071070963159900227
2026-08-19 09:57:00,-4383575342,4380222565538992859080,276316,276316,276316,276316,0,4380222565538992859080,50002071070963159900227
2026-08-19 09:59:00,-50855469,50816566842650015034,276316,276316,276316,276316,0,50816566842650015034,50002071070963159900227
2026-08-19 10:02:00,-111215540091,111130219879803160636318,276316,276316,276316,276316,0,111130219879803160636318,50002071070963159900227
2026-08-19 10:03:00,-525000000,524596068671091611056,276316,276316,276316,276316,0,524596068671091611056,50002071070963159900227
2026-08-19 10:05:00,208181927699,-208025113855000000000000,276316,276316,276316,276316,208181927699,0,50002071070963159900227
2026-08-19 10:08:00,950906521,-950194219817767653757,276316,276316,276316,276316,950906521,0,50002071070963159900227
2026-08-19 10:09:00,-39376284608,39346286387972776096764,276316,276316,276316,276316,0,39346286387972776096764,50002071070963159900227
2026-08-19 10:10:00,-2760000000,2757895013083344556973,276316,276316,276316,276316,0,2757895013083344556973,50002071070963159900227
2026-08-19 10:11:00,-5264381397,5260365532872267558626,276316,276316,276316,276316,0,5260365532872267558626,50002071070963159900227
2026-08-19 10:12:00,-51839469400,51799865214977352083764,276316,276316,276316,276316,0,51799865214977352083764,50002071070963159900227
2026-08-19 10:13:00,-110784760455,110699763501572519753778,276316,276316,276316,276316,0,110699763501572519753778,50002071070963159900227
2026-08-19 10:14:00,271438577,-271232978618922565632,276316,276316,276316,276316,271438577,0,50002071070963159900227
2026-08-19 10:17:00,36468993972,-36441397562000000000000,276316,276316,276316,276316,36468993972,0,50002071070963159900227
2026-08-19 10:19:00,-305227290,304991745457673223676,276316,276316,276316,276316,94772710,399692809831281395916,50002071070963159900227
2026-08-19 10:20:00,88835845,-88768686738137489185,276316,276316,276316,276316,88835845,0,50002071070963159900227
2026-08-19 10:23:00,1293217124,-1292239500501696373320,276316,276316,276316,276316,1293217124,0,50002071070963159900227
2026-08-19 10:26:00,-18973000000,18958422907458229284232,276316,276316,276316,276316,0,18958422907458229284232,50002071070963159900227
2026-08-19 10:30:00,5254026255,-5250051110478359908885,276316,276316,276316,276316,5254026255,0,50002071070963159900227
2026-08-19 10:31:00,216723714174,-216561225385508242809750,276316,276316,276316,276316,260194480898,43437774619166233214774,50002071070963159900227
2026-08-19 10:32:00,-180544119604,180406287852668381693983,276316,276316,276316,276316,0,180406287852668381693983,50002071070963159900227
2026-08-19 10:33:00,140837513249,-140732884943655126825271,276316,276316,276316,276316,250369839449,109448072667265058566322,50002071070963159900227
2026-08-19 10:35:00,-6485133622,6480194975451266293668,276316,276316,276316,276316,0,6480194975451266293668,50002071070963159900227
2026-08-19 10:38:00,-27955157299,27933849277012609482977,276316,276316,276316,276316,0,27933849277012609482977,50002071070963159900227
2026-08-19 10:41:00,7105116226,-7099811584090981740693,276316,276316,276316,276316,9506185333,2399238415909018259307,50002071070963159900227
2026-08-19 10:43:00,-6126651727,6121979429440728291569,276316,276316,276316,276316,0,6121979429440728291569,50002071070963159900227
2026-08-19 10:44:00,-341880000,341619231117888536637,276316,276316,276316,276316,0,341619231117888536637,50002071070963159900227
2026-08-19 10:45:00,-5000000000,4996185728254228944006,276316,276316,276316,276316,0,4996185728254228944006,50002071070963159900227
2026-08-19 10:46:00,-87720675,87653747310769704036,276316,276316,276316,276316,0,87653747310769704036,50002071070963159900227
2026-08-19 10:47:00,-6088711290,6084065119326898055014,276316,276316,276316,276316,0,6084065119326898055014,50002071070963159900227
2026-08-19 10:48:00,5003758373,-5000000000000000000000,276316,276316,276316,276316,5003758373,0,50002071070963159900227
2026-08-19 10:50:00,-3999200000,3996148285788516205891,276316,276316,276316,276316,0,3996148285788516205891,50002071070963159900227
2026-08-19 10:51:00,-618937604,618465245021857961128,276316,276316,276316,276316,0,618465245021857961128,50002071070963159900227
2026-08-19 10:52:00,-8650798864,8644195202845318798291,276316,276316,276316,276316,0,8644195202845318798291,50002071070963159900227
2026-08-19 10:53:00,59444604423,-59400000000000000000000,276316,276316,276316,276316,59444604423,0,50002071070963159900227
2026-08-19 10:54:00,-32868577420,32843533714312425790164,276316,276316,276316,276316,333651438,33176935194950239002009,50002071070963159900227
2026-08-19 10:55:00,-53470178228,53429351738350421703727,276316,276316,276316,276316,0,53429351738350421703727,50002071070963159900227
2026-08-19 10:56:00,17412266785,-17399168113000000000000,276316,276316,276316,276316,17412266785,0,50002071070963159900227
2026-08-19 10:58:00,21486114602,-21469968005000000000000,276316,276316,276316,276316,21486114602,0,50002071070963159900227
2026-08-19 10:59:00,101077033772,-101001322884000000000000,276316,276316,276316,276316,101077033772,0,50002071070963159900227
2026-08-19 11:01:00,236929011348,-236753300466230097483082,276316,276316,276316,276316,250185643843,13246699533769902516918,50002071070963159900227
2026-08-19 11:02:00,-7892534644,7886617571628274076241,276316,276316,276316,276316,0,7886617571628274076241,50002071070963159900227
2026-08-19 11:04:00,-100820000000,100744195804712267230202,276316,276316,276316,276316,0,100744195804712267230202,50002071070963159900227
2026-08-19 11:05:00,-3594207310,3591488689509937873448,276316,276316,276316,276316,727438483,4318387371642113516497,50002071070963159900227
2026-08-19 11:08:00,-10000000000,9992457660360562293905,276316,276316,276316,276316,0,9992457660360562293905,50002071070963159900227
2026-08-19 11:10:00,-14003988198,13993419199273814287178,276316,276316,276316,276316,0,13993419199273814287178,50002071070963159900227
2026-08-19 11:11:00,555912732,-555499694347173507000,276316,276316,276316,276316,555912732,0,50002071070963159900227
2026-08-19 11:14:00,-576000000000,575558509056808237507220,276316,276316,276316,276316,0,575558509056808237507220,50002071070963159900227
2026-08-19 11:15:00,318047239234,-317805638038777152696007,276316,276316,276316,276316,318047239234,0,50002071070963159900227
2026-08-19 11:18:00,250187212092,-250000000000000000000000,276316,276316,276316,276316,250187212092,0,50002071070963159900227
2026-08-19 11:19:00,-48711053161,48674215220169148830882,276316,276316,276316,276316,0,48674215220169148830882,50002071070963159900227
2026-08-19 11:20:00,-60968643757,60922402379586723039175,276316,276316,276316,276316,0,60922402379586723039175,50002071070963159900227
2026-08-19 11:22:00,-301683174,301453993691788267076,276316,276316,276316,276316,0,301453993691788267076,50002071070963159900227
2026-08-19 11:23:00,-209822349021,209662072722350425514550,276316,276316,276316,276316,0,209662072722350425514550,50002071070963159900227
2026-08-19 11:24:00,250187908464,-250000000000000000000000,276316,276316,276316,276316,250187908464,0,50002071070963159900227
2026-08-19 11:25:00,-43850000000,43816720551520878067467,276316,276316,276316,276316,0,43816720551520878067467,50002071070963159900227
2026-08-19 11:27:00,146507907845,-146400024994472771048293,276316,276316,276316,276316,250784786824,104198475005527228951707,50002071070963159900227
2026-08-19 11:28:00,-16349446704,16337114520488138164513,276316,276316,276316,276316,0,16337114520488138164513,50002071070963159900227
2026-08-19 11:29:00,-21099930107,21083998907168295770841,276316,276316,276316,276316,0,21083998907168295770841,50002071070963159900227
2026-08-19 11:30:00,177958978780,-177828171046228525245811,276316,276316,276316,276316,250184759225,72171828953771474754189,50002071070963159900227
2026-08-19 11:31:00,-1921191,1919752809850524849,276316,276316,276316,276316,0,1919752809850524849,50002071070963159900227
2026-08-19 11:32:00,-9950000,9942553644564559982,276316,276316,276316,276316,0,9942553644564559982,50002071070963159900227
2026-08-19 11:33:00,-644880396,644397792342347005742,276316,276316,276316,276316,0,644397792342347005742,50002071070963159900227
2026-08-19 11:34:00,-2930000000,2927807094832324872937,276316,276316,276316,276316,0,2927807094832324872937,50002071070963159900227
2026-08-19 11:35:00,6363360508,-6361598390294923009286,276316,276316,276316,276316,250183009188,243638401609705076990714,50002071070963159900227
2026-08-19 11:36:00,-112500000000,112415570617238332956460,276316,276316,276316,276316,0,112415570617238332956460,50002071070963159900227
2026-08-19 11:37:00,-371471662557,371189287840813839195779,276316,276316,276316,276316,0,371189287840813839195779,50002071070963159900227
2026-08-19 11:39:00,333653580,-333401480637813211845,276316,276316,276316,276316,333653580,0,50002071070963159900227
2026-08-19 11:40:00,34628098540,-34601958618713361897854,276316,276316,276316,276316,34628098540,0,50002071070963159900227
2026-08-19 11:41:00,2001566993,-2000057522964255578644,276316,276316,276316,276316,2001566993,0,50002071070963159900227
2026-08-19 11:42:00,1612040184,-1610824590616162364418,276316,276316,276316,276316,1612040184,0,50002071070963159900227
2026-08-19 11:43:00,-92470288238,92399282333072212352052,276316,276316,276316,276316,0,92399282333072212352052,50002071070963159900227
2026-08-19 11:44:00,-112690873885,112603879194364066209723,276316,276316,276316,276316,0,112603879194364066209723,50002071070963159900227
2026-08-19 11:45:00,93161682579,-93090844708000000000000,276316,276316,276316,276316,93161682579,0,50002071070963159900227
2026-08-19 11:47:00,-14800629789,14789221446931577890838,276316,276316,276316,276316,0,14789221446931577890838,50002071070963159900227
2026-08-19 11:48:00,-1473244,1472107825859985349,276316,276316,276316,276316,0,1472107825859985349,50002071070963159900227
2026-08-19 11:50:00,50590225559,-50551978127922107261949,276316,276316,276316,276316,59328851350,8731906652077892738051,50002071070963159900227
2026-08-19 11:51:00,87589771523,-87523611902000000000000,276316,276316,276316,276316,87589771523,0,50002071070963159900227
2026-08-19 11:54:00,-21593493208,21576952428952794856086,276316,276316,276316,276316,0,21576952428952794856086,50002071070963159900227
2026-08-19 11:55:00,-45008013897,44973477536824885969589,276316,276316,276316,276316,0,44973477536824885969589,50002071070963159900227
2026-08-19 11:58:00,-53607639546,53566398762530256876525,276316,276316,276316,276316,0,53566398762530256876525,50002071070963159900227
2026-08-19 11:59:00,34662570896,-34636307222499603165576,276316,276316,276316,276316,34662570896,0,50002071070963159900227
2026-08-19 12:02:00,617259999,-616792739179954441912,276316,276316,276316,276316,617259999,0,50002071070963159900227
2026-08-19 12:03:00,67035549650,-66984894955000000000000,276316,276316,276316,276316,67035549650,0,50002071070963159900227
2026-08-19 12:04:00,-100879900000,100802393340566713130191,276316,276316,276316,276316,0,100802393340566713130191,50002071070963159900227
2026-08-19 12:06:00,-161828133987,161702951168193288877198,276316,276316,276316,276316,0,161702951168193288877198,50002071070963159900227
2026-08-19 12:13:00,-100620923124,100542559875362438866362,276316,276316,276316,276316,0,100542559875362438866362,50002071070963159900227
2026-08-19 12:14:00,5003846537,-5000000000000000000000,276316,276316,276316,276316,5003846537,0,50002071070963159900227
2026-08-19 12:16:00,23169105145,-23151307722000000000000,276316,276316,276316,276316,23169105145,0,50002071070963159900227
2026-08-19 12:17:00,362990587860,-362727702897214762614238,276316,276316,276316,276316,1459417831165,1095612191296709086080823,50002071070963159900227
2026-08-19 12:18:00,-2676327491,2674096251300889100279,276316,276316,276316,276316,15280460485,17943052345963870977224,50002071070963159900227
2026-08-19 12:20:00,-2857793792,2855606600222016014459,276316,276316,276316,276316,0,2855606600222016014459,50002071070963159900227
2026-08-19 12:22:00,-71256886763,71202245328550600910443,276316,276316,276316,276316,0,71202245328550600910443,50002071070963159900227
2026-08-19 12:23:00,-66524750930,66473555108810108243697,276316,276316,276316,276316,0,66473555108810108243697,50002071070963159900227
2026-08-19 12:27:00,-107988799919,107905317923092048540568,276316,276316,276316,276316,0,107905317923092048540568,50002071070963159900227
2026-08-19 12:31:00,8840095361,-8833349914000000000000,276316,276316,276316,276316,8840095361,0,50002071070963159900227
2026-08-19 12:32:00,72389888137,-72334802959457206971164,276316,276316,276316,276316,75272160782,2880047772542793028836,50002071070963159900227
2026-08-19 12:35:00,514642418,-514251304000000000000,276316,276316,276316,276316,514642418,0,50002071070963159900227
2026-08-19 12:36:00,-30032910119,30009708108018211119230,276316,276316,276316,276316,0,30009708108018211119230,50002071070963159900227
2026-08-19 12:38:00,-85000000000,84934137687055107718127,276316,276316,276316,276316,0,84934137687055107718127,50002071070963159900227
2026-08-19 12:39:00,806810980,-806194140085911204937,276316,276316,276316,276316,806810980,0,50002071070963159900227
2026-08-19 12:40:00,74774749993,-74717694470000000000000,276316,276316,276316,276316,74774749993,0,50002071070963159900227
2026-08-19 12:41:00,-5201000000,5196976335024480690275,276316,276316,276316,276316,0,5196976335024480690275,50002071070963159900227
2026-08-19 12:42:00,-48108978799,48071708875726628086673,276316,276316,276316,276316,0,48071708875726628086673,50002071070963159900227
2026-08-19 12:44:00,1784298574,-1782936026722897587110,276316,276316,276316,276316,1784298574,0,50002071070963159900227
2026-08-19 12:45:00,45249081982,-45214572784644595925917,276316,276316,276316,276316,45412076516,162868360487248164731,50002071070963159900227
2026-08-19 12:46:00,-91275721173,91204927437419788948116,276316,276316,276316,276316,0,91204927437419788948116,50002071070963159900227
2026-08-19 12:47:00,14296545059,-14285606058000000000000,276316,276316,276316,276316,14296545059,0,50002071070963159900227
2026-08-19 12:49:00,834643886,-834005511000000000000,276316,276316,276316,276316,834643886,0,50002071070963159900227
2026-08-19 12:50:00,252910508344,-252718352274196767515826,276316,276316,276316,276316,252910508344,0,50002071070963159900227
2026-08-19 12:51:00,-9754939309,9747458124233099043589,276316,276316,276316,276316,0,9747458124233099043589,50002071070963159900227
2026-08-19 12:53:00,969062753,-968331017000000000000,276316,276316,276316,276316,969062753,0,50002071070963159900227
2026-08-19 12:54:00,170360769089,-170232713247618528589414,276316,276316,276316,276316,170360769089,0,50002071070963159900227
2026-08-19 12:56:00,-154212093590,154094271668860865339415,276316,276316,276316,276316,8775126354,162862829711518110558585,50002071070963159900227
2026-08-19 12:57:00,-99173159056,99096949944709390078950,276316,276316,276316,276316,334377694,99431074058553262439944,50002071070963159900227
2026-08-19 12:58:00,369717573733,-369439912523746128552690,276316,276316,276316,276316,369719573733,1998475629745316565,50002071070963159900227
2026-08-19 12:59:00,91920627791,-91855282906378870729402,276316,276316,276316,276316,328816572631,236718357385621129270598,50002071070963159900227
2026-08-19 13:00:00,164471626292,-164350465797000000000000,276316,276316,276316,276316,164471626292,0,50002071070963159900227
2026-08-19 13:01:00,1844380910,-1843028348134985209336,276316,276316,276316,276316,1844380910,0,50002071070963159900227
2026-08-19 13:02:00,82127603632,-82067982599640732859424,276316,276316,276316,276316,121227823840,39071237022359267140576,50002071070963159900227
2026-08-19 13:03:00,22025863197,-22009949355919543986825,276316,276316,276316,276316,35025563197,12990050644080456013175,50002071070963159900227
2026-08-19 13:04:00,63327344656,-63281250000603191060445,276316,276316,276316,276316,63327344656,0,50002071070963159900227
2026-08-19 13:05:00,-202381673942,202231272613954292824938,276316,276316,276316,276316,8583645170,210808682258954292824938,50002071070963159900227
2026-08-19 13:06:00,40517039712,-40487304636540393619456,276316,276316,276316,276316,40517039712,0,50002071070963159900227
2026-08-19 13:07:00,129775000541,-129680201372000000000000,276316,276316,276316,276316,129775000541,0,50002071070963159900227
2026-08-19 13:09:00,12008914636,-12000176274934416676069,276316,276316,276316,276316,12008914636,0,50002071070963159900227
2026-08-19 13:10:00,17055314589,-17042914086012965617664,276316,276316,276316,276316,17055314589,0,50002071070963159900227
2026-08-19 13:11:00,69570872601,-69520409713000000000000,276316,276316,276316,276316,69570872601,0,50002071070963159900227
2026-08-19 13:12:00,11811274653,-11802756036061938012665,276316,276316,276316,276316,14265471747,2452392213938061987335,50002071070963159900227
2026-08-19 13:13:00,4546310039,-4543021272910915123637,276316,276316,276316,276316,4546310039,0,50002071070963159900227
2026-08-19 13:17:00,139035903906,-138935725192000000000000,276316,276316,276316,276316,139035903906,0,50002071070963159900227
2026-08-19 13:21:00,-189951117,189812501472340816041,276316,276316,276316,276316,0,189812501472340816041,50002071070963159900227
2026-08-19 13:22:00,-760562320,760007290957909421659,276316,276316,276316,276316,0,760007290957909421659,50002071070963159900227
2026-08-19 13:23:00,501779654,-501419490000000000000,276316,276316,276316,276316,501779654,0,50002071070963159900227
2026-08-19 13:24:00,500359134,-500000000000000000000,276316,276316,276316,276316,500359134,0,50002071070963159900227
2026-08-19 13:25:00,-39940000000,39910822486201091339281,276316,276316,276316,276316,0,39910822486201091339281,50002071070963159900227
2026-08-19 13:26:00,8996469905,-8990000000000000000000,276316,276316,276316,276316,8996469905,0,50002071070963159900227
2026-08-19 13:27:00,-64577791474,64529929487215136548276,276316,276316,276316,276316,47877251496,112372803955215136548276,50002071070963159900227
2026-08-19 13:30:00,41665580667,-41635771084309552460748,276316,276316,276316,276316,60011398371,18332353364690447539252,50002071070963159900227
2026-08-19 13:31:00,-51065310308,51027884151822713581770,276316,276316,276316,276316,0,51027884151822713581770,50002071070963159900227
2026-08-19 13:32:00,-169076259999,168951559186139500200097,276316,276316,276316,276316,3333120806,172282254258163382878902,50002071070963159900227
2026-08-19 13:33:00,-757212768,756651901161551887767,276316,276316,276316,276316,0,756651901161551887767,50002071070963159900227
2026-08-19 13:34:00,875740376,-875102220956719817767,276316,276316,276316,276316,875740376,0,50002071070963159900227
2026-08-19 13:36:00,152381613955,-152271039317639882796402,276316,276316,276316,276316,152381613955,0,50002071070963159900227
2026-08-19 13:38:00,-81068803647,81008787628094420793172,276316,276316,276316,276316,27719396231,108708169208989973801430,50002071070963159900227
2026-08-19 13:39:00,-899070922815,898377931657317989907315,276316,276316,276315,276316,1124439504851,2021941099679743270070830,50002071070963159900227
2026-08-19 13:40:00,55427573519,-55386423195466627487024,276316,276316,276316,276316,139719020315,84226087096326712647944,50002071070963159900227
2026-08-19 13:41:00,1694076559421,-1692852097043776536182041,276317,276317,276317,276317,2107740036737,413375131659223463817959,56498731993197449478496
2026-08-19 13:42:00,2497170864,-2495441994354767795449,276317,276317,276317,276317,2497170864,0,56498731993197449478496
2026-08-19 13:43:00,-180496205705,180368068186977153238381,276316,276316,276316,276316,36025206455,216368068186977153238381,50002071070963159900227
2026-08-19 13:47:00,7210492611,-7205482989028713415931,276316,276316,276316,276316,9650048074,2437820913971286584069,50002071070963159900227
2026-08-19 13:48:00,20084024279,-20070000000000000000000,276316,276316,276316,276316,20084024279,0,50002071070963159900227
2026-08-19 13:51:00,9385324786,-9378776723951299712187,276316,276316,276316,276316,9385324786,0,50002071070963159900227
2026-08-19 13:53:00,-362499388116,362239571173770778770258,276316,276316,276316,276316,0,362239571173770778770258,50002071070963159900227
2026-08-19 13:54:00,60649324745,-60606216638000000000000,276316,276316,276316,276316,60649324745,0,50002071070963159900227
2026-08-19 13:57:00,228045442653,-227884668895873346472828,276316,276316,276316,276316,228070442662,24982181517972717561,50002071070963159900227
2026-08-19 13:58:00,59389217917,-59347689027000000000000,276316,276316,276316,276316,59389217917,0,50002071070963159900227
2026-08-19 13:59:00,-100000000000,99928793062817265071880,276316,276316,276316,276316,0,99928793062817265071880,50002071070963159900227
2026-08-19 14:00:00,-90000000000,89935572137893514092377,276316,276316,276316,276316,0,89935572137893514092377,50002071070963159900227
2026-08-19 14:02:00,-100000000000,99928033912480082990203,276316,276316,276316,276316,0,99928033912480082990203,50002071070963159900227
2026-08-19 14:03:00,-100000000000,99927634363145732379274,276316,276316,276316,276316,0,99927634363145732379274,50002071070963159900227
2026-08-19 14:08:00,40028534862,-40000000000000000000000,276316,276316,276316,276316,40028534862,0,50002071070963159900227
2026-08-19 14:09:00,-804838561512,804242873861384677219801,276316,276316,276316,276316,0,804242873861384677219801,50002071070963159900227
2026-08-19 14:12:00,308142270769,-307914841935000000000000,276316,276316,276316,276316,308142270769,0,50002071070963159900227
2026-08-19 14:14:00,5003661722,-5000000000000000003093,276316,276316,276316,276316,5003661722,0,50002071070963159900227
2026-08-19 14:16:00,7623644876,-7618067750057221332112,276316,276316,276316,276316,7623644876,0,50002071070963159900227
2026-08-19 14:17:00,36396594154,-36370000000000000000000,276316,276316,276316,276316,36396594154,0,50002071070963159900227
2026-08-19 14:19:00,-85000000000,84936790674085197725810,276316,276316,276316,276316,0,84936790674085197725810,50002071070963159900227
2026-08-19 14:20:00,-79582940972,79523493325715790914137,276316,276316,276316,276316,417059028,79940245176513057428944,50002071070963159900227
2026-08-19 14:22:00,-6000000000,5995508180244198447738,276316,276316,276316,276316,0,5995508180244198447738,50002071070963159900227
2026-08-19 14:23:00,27523486217,-27503223000105914117624,276316,276316,276316,276316,27523486217,0,50002071070963159900227
2026-08-19 14:24:00,278657607198,-278454159587461846820454,276316,276316,276316,276316,278657607198,0,50002071070963159900227
2026-08-19 14:26:00,159739752963,-159624526148043042455552,276316,276316,276316,276316,159739752963,0,50002071070963159900227
2026-08-19 14:27:00,-4257281104,4254172324980487514412,276316,276316,276316,276316,0,4254172324980487514412,50002071070963159900227
2026-08-19 14:34:00,2001437592,-2000000000000000000000,276316,276316,276316,276316,2001437592,0,50002071070963159900227
2026-08-19 14:35:00,1916328559,-1914952249643555099447,276316,276316,276316,276316,1916328559,0,50002071070963159900227
2026-08-19 14:41:00,278011750927,-277813637189371590344704,276316,276316,276316,276316,278011750927,0,50002071070963159900227
2026-08-19 14:43:00,1000912121,-1000204441913439635535,276316,276316,276316,276316,1000912121,0,50002071070963159900227
2026-08-19 14:50:00,13106366646,-13097132090727096717699,276316,276316,276316,276316,15475585162,2367516384272903282301,50002071070963159900227
2026-08-19 14:54:00,10006067201,-9999000000000000000000,276316,276316,276316,276316,10006067201,0,50002071070963159900227
2026-08-19 14:55:00,9178597432,-9172128107316193767593,276316,276316,276316,276316,10006063197,826871892683806232407,50002071070963159900227
2026-08-19 14:56:00,292092216755,-291887776783000000000000,276317,276317,276317,276317,292092216755,0,56498731993197449478496
2026-08-19 14:57:00,-18747442510,18734170758916419367480,276317,276317,276317,276317,2001390829,20734170758916419367480,56498731993197449478496
2026-08-19 14:58:00,44016413732,-43985857336000000000000,276317,276317,276317,276317,44016413732,0,56498731993197449478496
2026-08-19 15:00:00,39177143186,-39150003860874308048543,276317,276317,276317,276317,39177143186,0,56498731993197449478496
2026-08-19 15:01:00,498262652796,-497922224276919330320384,276317,276317,276317,276317,498262652796,0,56498731993197449478496
2026-08-19 15:02:00,-4145747313,4142901313951438463164,276317,276317,276317,276317,0,4142901313951438463164,56498731993197449478496
2026-08-19 15:04:00,-351511720745,351264417977884931829556,276317,276316,276316,276317,315580751830,666626599692884931829556,56498731993197449478496
2026-08-19 15:05:00,-3226115483,3223860276202956019879,276317,276317,276317,276317,0,3223860276202956019879,56498731993197449478496
2026-08-19 15:06:00,1089191297567,-1088463894606463108814361,276317,276317,276317,276317,1090626258814,1433958023536891185639,56498731993197449478496
2026-08-19 15:07:00,775570508,-775067487927867435177,276317,276317,276317,276317,775570508,0,56498731993197449478496
2026-08-19 15:08:00,-240837754,240678664399385813863,276317,276317,276317,276317,0,240678664399385813863,56498731993197449478496
2026-08-19 15:09:00,209866422586,-209731105319968829030693,276317,276317,276317,276317,211381520772,1514097319999732760283,56498731993197449478496
2026-08-19 15:10:00,95138897496,-95078058892407597268135,276317,276317,276317,276317,95138897496,0,56498731993197449478496
2026-08-19 15:13:00,344549089346,-344331438862000000000000,276317,276317,276317,276317,344549089346,0,56498731993197449478496
2026-08-19 15:15:00,921558620206,-920997134783081506734237,276318,276317,276317,276318,922062584237,503648603738161529535,50002071070963161899574
2026-08-19 15:16:00,374849114201,-374629798718000000000000,276318,276318,276318,276318,374849114201,0,50002071070963161899574
2026-08-19 15:17:00,564628219,-564302104117746091494,276318,276318,276318,276318,564628219,0,50002071070963161899574
2026-08-19 15:18:00,811873428773,-811417690857013600000000,276318,276318,276318,276318,811873428773,0,50002071070963161899574
2026-08-19 15:19:00,-24758366414,24744536998699898274440,276318,276318,276318,276318,2001092891,26744536998699898274440,50002071070963161899574
2026-08-19 15:20:00,109157015332,-109097641983595627151360,276318,276318,276318,276318,109157015332,0,50002071070963161899574
2026-08-19 15:21:00,161671219123,-161584161790663602315677,276318,276318,276318,276318,162080399123,408956067609761411161,50002071070963161899574
2026-08-19 15:23:00,443557494376,-443324047431219274737137,276318,276318,276318,276318,447767353784,4207630431360807705103,50002071070963161899574
2026-08-19 15:24:00,184837154808,-184742294416194119686241,276318,276318,276318,276318,194879477656,10037081140166291597215,50002071070963161899574
2026-08-19 15:25:00,738019885864,-737654256158000000000000,276319,276318,276318,276319,738019885864,0,50002071070943166425269
2026-08-19 15:26:00,-1286640049,1286006133017970265554,276319,276319,276319,276319,0,1286006133017970265554,50002071070943166425269
2026-08-19 15:27:00,-896588645216,896130288392711025275933,276318,276318,276318,276318,44037354890,940144856712036394428446,50002071070963161899574
2026-08-19 15:28:00,729316963123,-728951405593511175315496,276319,276319,276318,276319,774920103274,45580407411774376781144,50002071070943166425269
2026-08-19 15:30:00,-8003948254,7999949785740797995274,276319,276319,276319,276319,0,7999949785740797995274,50002071070943166425269
2026-08-19 15:31:00,-91303319007,91257526145986168636976,276319,276319,276319,276319,0,91257526145986168636976,50002071070943166425269
2026-08-19 15:32:00,44909527205,-44887500000000000000000,276319,276319,276319,276319,44909527205,0,50002071070943166425269
2026-08-19 15:34:00,1000489801,-1000000000000000000000,276319,276319,276319,276319,1000489801,0,50002071070943166425269
2026-08-19 15:36:00,949990412,-949525370497643419385,276319,276319,276319,276319,949990412,0,50002071070943166425269
2026-08-19 15:39:00,-662370459096,662029513912297514593534,276318,276318,276318,276318,0,662029513912297514593534,50002071070963161899574
2026-08-19 15:41:00,385793827060,-385597740404297514593534,276318,276318,276318,276318,385793827060,0,50002071070963161899574
2026-08-19 15:46:00,2076065687,-2075026582000000000000,276318,276318,276318,276318,2076065687,0,50002071070963161899574
2026-08-19 15:47:00,18123415922,-18114383509951558963186,276318,276318,276318,276318,20736769648,2612016490048441036814,50002071070963161899574
2026-08-19 15:48:00,-800358235,799948642068576568370,276318,276318,276318,276318,0,799948642068576568370,50002071070963161899574
2026-08-19 15:49:00,373309373262,-373125584602999999999999,276319,276318,276318,276319,373309373262,0,50002071070943166425269
2026-08-19 15:51:00,162223052473,-162144922556133000000000,276319,276319,276319,276319,162223052473,0,50002071070943166425269
2026-08-19 15:52:00,992779127,-992304223213339066311,276319,276319,276319,276319,992779127,0,50002071070943166425269
2026-08-19 15:57:00,220267778258,-220163442105555213286201,276319,276319,276319,276319,225004624064,4734522725444786713799,50002071070943166425269
2026-08-19 15:58:00,210687707032,-210589668991000000000000,276319,276319,276319,276319,210687707032,0,50002071070943166425269
2026-08-19 16:01:00,-360427553675,360254436414794548562798,276319,276319,276319,276319,0,360254436414794548562798,50002071070943166425269
2026-08-19 16:02:00,-3869048599,3867162084362853969102,276319,276319,276319,276319,0,3867162084362853969102,50002071070943166425269
2026-08-19 16:03:00,-4593458425,4591217917147886938067,276319,276319,276319,276319,0,4591217917147886938067,50002071070943166425269
2026-08-19 16:06:00,20068541723,-20059000000000000000000,276319,276319,276319,276319,20068541723,0,50002071070943166425269
2026-08-19 16:07:00,91202183761,-91159023876794548562798,276319,276319,276319,276319,91202183761,0,50002071070943166425269
2026-08-19 16:08:00,89943895429,-89901656622000000000000,276319,276319,276319,276319,89943895429,0,50002071070943166425269
2026-08-19 16:09:00,359066059326,-358900659394168408317952,276319,276319,276319,276319,359066059326,0,50002071070943166425269
2026-08-19 16:11:00,316181873967,-316040495100942184611840,276319,276319,276319,276319,316181873967,0,50002071070943166425269
2026-08-19 16:12:00,505464627918,-505246912817000000000000,276319,276319,276319,276319,505464627918,0,50002071070943166425269
2026-08-19 16:13:00,-511291133289,511064716239114033710717,276319,276319,276319,276319,0,511064716239114033710717,50002071070943166425269
2026-08-19 16:14:00,-29016500169,28996887195504239109022,276319,276319,276319,276319,537748748629,566514100939618272819739,50002071070943166425269
2026-08-19 16:15:00,795549931,-801195252507444395921,276319,276319,276319,276319,500775149212,499757514459703521212384,50002071070943166425269
2026-08-19 16:18:00,-106856061067,106807300959834606533439,276319,276319,276319,276319,0,106807300959834606533439,50002071070943166425269
2026-08-19 16:19:00,337818161195,-337669620814000000000000,276319,276319,276319,276319,337818161195,0,50002071070943166425269
2026-08-19 16:20:00,62041068969,-62014285000000000000000,276319,276319,276319,276319,62041068969,0,50002071070943166425269
2026-08-19 16:24:00,1184443791,-1183933948487303609830,276319,276319,276319,276319,1184443791,0,50002071070943166425269
2026-08-19 16:27:00,-1000377949,999935340018997432876,276319,276319,276319,276319,0,999935340018997432876,50002071070943166425269
2026-08-19 16:30:00,38725640107,-38709000000000000000000,276319,276319,276319,276319,38725640107,0,50002071070943166425269
2026-08-19 16:33:00,780991225,-780656256010629825218,276319,276319,276319,276319,780991225,0,50002071070943166425269
2026-08-19 16:34:00,535375743646,-535151856588000000000000,276319,276319,276319,276319,535375743646,0,50002071070943166425269
2026-08-19 16:35:00,-300550807,300424729004187193444,276319,276319,276319,276319,0,300424729004187193444,50002071070943166425269
2026-08-19 16:36:00,254517128520,-254417484200297901411351,276319,276320,276319,276320,485964770613,231353975007418100381995,50002071070943166425269
2026-08-19 16:37:00,238691739004,-238603269778506222605436,276320,276320,276320,276320,674697099672,435834854977911877776559,50002071069949891802287
2026-08-19 16:38:00,659871329396,-659624146082817024343316,276320,276320,276320,276320,659871329396,0,50002071069949891802287
2026-08-19 16:39:00,94577066911,-94545986326580873476195,276320,276320,276320,276320,338092890453,243423709622419126523805,50002071069949891802287
2026-08-19 16:41:00,-152290020189,152233267424323557680821,276320,276320,276320,276320,0,152233267424323557680821,50002071069949891802287
2026-08-19 16:42:00,-366624218106,366483788444568949615060,276320,276320,276320,276320,0,366483788444568949615060,50002071069949891802287
2026-08-19 16:43:00,50089878944,-50070976745000000000000,276320,276320,276320,276320,50089878944,0,50002071069949891802287
2026-08-19 16:44:00,-339000000000,338866049030769919581234,276320,276320,276320,276320,0,338866049030769919581234,50002071069949891802287
2026-08-19 16:45:00,-40530127080,40513804732770591267913,276320,276320,276320,276320,0,40513804732770591267913,50002071069949891802287
2026-08-19 16:47:00,429168539270,-429004185691000000000000,276320,276320,276320,276320,429168539270,0,50002071069949891802287
2026-08-19 16:49:00,-300000000000,299882288483539205862030,276320,276320,276320,276320,0,299882288483539205862030,50002071069949891802287
2026-08-19 16:50:00,39808500706,-39795550530532976267321,276320,276320,276320,276320,239808500706,199919526935467023732679,50002071069949891802287
2026-08-19 16:51:00,443865079317,-443698226298000000000000,276320,276320,276320,276320,443865079317,0,50002071069949891802287
2026-08-19 16:52:00,44990875,-44974361896520759315,276320,276320,276320,276320,44990875,0,50002071069949891802287
2026-08-19 16:58:00,558943204119,-558744296780000000000000,276320,276320,276320,276320,558943204119,0,50002071069949891802287
2026-08-19 16:59:00,288046431443,-287951101144942988323411,276320,276320,276320,276320,479625289105,191509790427851839026540,50002071069949891802287
2026-08-19 17:00:00,-236675297379,236592484211548981848367,276320,276320,276320,276320,0,236592484211548981848367,50002071069949891802287
2026-08-19 17:01:00,-8025856891,8022987637528063062902,276320,276320,276320,276320,1811654015,9834020508955470691516,50002071069949891802287
2026-08-19 17:03:00,-300177088700,300068738661746984837638,276320,276320,276320,276320,0,300068738661746984837638,50002071069949891802287
2026-08-19 17:04:00,-390713234603,390566809626654944066492,276320,276320,276320,276320,0,390566809626654944066492,50002071069949891802287
2026-08-19 17:05:00,607343661399,-607125966635000000000000,276320,276320,276320,276320,607343661399,0,50002071069949891802287
2026-08-19 17:08:00,-108957040405,108917764514612026458408,276320,276320,276320,276320,0,108917764514612026458408,50002071069949891802287
2026-08-19 17:09:00,-7450487932,7447784908920823496914,276320,276320,276320,276320,0,7447784908920823496914,50002071069949891802287
2026-08-19 17:11:00,504696903329,-504524870823746984837638,276320,276320,276320,276320,504696903329,0,50002071069949891802287
2026-08-19 17:12:00,-9999000000,9995570638044724386866,276320,276320,276320,276320,0,9995570638044724386866,50002071069949891802287
2026-08-19 17:13:00,-100000000000,99965483076140669878855,276320,276320,276320,276320,0,99965483076140669878855,50002071069949891802287
2026-08-19 17:14:00,-653850681461,653613823312857030621768,276320,276320,276320,276320,109754318208,763328245278857030621768,50002071069949891802287
2026-08-19 17:16:00,-120135729263,120087485594916090532196,276320,276320,276320,276320,259071429657,379062875729352393751319,50002071069949891802287
2026-08-19 17:17:00,1040223662,-1039842843970311264086,276320,276320,276320,276320,1040223662,0,50002071069949891802287
2026-08-19 17:18:00,325194290515,-325077359740000000000000,276320,276320,276320,276320,325194290515,0,50002071069949891802287
2026-08-19 17:20:00,805976941743,-805705358637993478505449,276320,276320,276320,276320,805976941743,0,50002071069949891802287
2026-08-19 17:21:00,-5109690163,5107988896768307030259,276320,276320,276320,276320,0,5107988896768307030259,50002071069949891802287
2026-08-19 17:22:00,-947873633595,947539984185198450827557,276320,276320,276320,276320,0,947539984185198450827557,50002071069949891802287
2026-08-19 17:24:00,1000563572,-1000204441913439635535,276320,276320,276320,276320,1000563572,0,50002071069949891802287
2026-08-19 17:28:00,-164764146364,164702395777936241449361,276320,276320,276320,276320,8023928067,172723389851435603181815,50002071069949891802287
2026-08-19 17:30:00,645205467153,-644977968621000000000000,276320,276320,276320,276320,645205467153,0,50002071069949891802287
2026-08-19 17:31:00,231464555952,-231386997957429396563252,276320,276320,276320,276320,231464555952,0,50002071069949891802287
2026-08-19 17:33:00,6166353407,-6164316506445191346412,276320,276320,276320,276320,6166353407,0,50002071069949891802287
2026-08-19 17:34:00,48342649079,-48326732967279564808976,276320,276320,276320,276320,48342649079,0,50002071069949891802287
2026-08-19 17:35:00,-2500796,2499944071364489081,276320,276320,276320,276320,0,2499944071364489081,50002071069949891802287
2026-08-19 17:36:00,19291075246,-19284750020000000000000,276320,276320,276320,276320,19291075246,0,50002071069949891802287
2026-08-19 17:37:00,-104273055132,104237426829829457746483,276320,276320,276320,276320,907737209,105144862957155082476083,50002071069949891802287
2026-08-19 17:38:00,9338116189,-9335020791000000000000,276320,276320,276320,276320,9338116189,0,50002071069949891802287
2026-08-19 17:39:00,-19197357405,19190759790703329377675,276320,276320,276320,276320,0,19190759790703329377675,50002071069949891802287
2026-08-19 17:41:00,-5008001200,5006277661152060863299,276320,276320,276320,276320,0,5006277661152060863299,50002071069949891802287
2026-08-19 17:42:00,-310500206952,310391387985296926162214,276320,276320,276320,276320,0,310391387985296926162214,50002071069949891802287
2026-08-19 17:43:00,7102448,-7100000000000000000,276320,276320,276320,276320,7102448,0,50002071069949891802287
2026-08-19 17:44:00,52218425574,-52200577752392143799822,276320,276320,276320,276320,60220703271,7999422247607856200178,50002071069949891802287
2026-08-19 17:45:00,-3889562390,3888182918003471243969,276320,276320,276320,276320,0,3888182918003471243969,50002071069949891802287
2026-08-19 17:46:00,-12474814713,12470386317254714829549,276320,276320,276320,276320,0,12470386317254714829549,50002071069949891802287
2026-08-19 17:47:00,25427614,-25418886919439235681,276320,276320,276320,276320,25427614,0,50002071069949891802287
2026-08-19 17:48:00,-9002690346,8999490652403801913247,276320,276320,276320,276320,0,8999490652403801913247,50002071069949891802287
2026-08-19 17:49:00,-5109208443,5107391110873269606117,276320,276320,276320,276320,0,5107391110873269606117,50002071069949891802287
2026-08-19 17:50:00,78420776374,-78393937962000000000000,276320,276320,276320,276320,78420776374,0,50002071069949891802287
2026-08-19 17:51:00,-220614688818,220535913031702262659062,276320,276320,276320,276320,0,220535913031702262659062,50002071069949891802287
2026-08-19 17:53:00,6075258059,-6073136132719145628393,276320,276320,276320,276320,6122422567,47147470280854371607,50002071069949891802287
2026-08-19 17:54:00,335309756924,-335194899006195500122432,276320,276320,276320,276320,335309756924,0,50002071069949891802287
2026-08-19 17:55:00,427370668907,-427230871453585537885215,276320,276320,276320,276320,434028986809,6656116544698630748954,50002071069949891802287
2026-08-19 17:56:00,360605629050,-360493288216816425746704,276320,276320,276320,276320,360978360207,372613251611015471719,50002071069949891802287
2026-08-19 17:57:00,-110418724802,110383551880052445653275,276320,276320,276320,276320,0,110383551880052445653275,50002071069949891802287
2026-08-19 17:58:00,-241445642690,241366322944707502568322,276320,276320,276320,276320,59299554376,300646927305458304709506,50012664706509641119905
2026-08-19 17:59:00,5397271927,-5396528552079547928242,276320,276320,276320,276320,86635851148,81211606171819071498593,50012664706509641119905
2026-08-19 18:00:00,-835294225777,835004319651961926349667,276320,276320,276320,276320,13526570422,848526130835283233313784,50012664706509641119905
2026-08-19 18:01:00,256951411209,-256862490746269169217865,276320,276320,276320,276320,265068732169,8114415914392385728183,50012664706509641119905
2026-08-19 18:06:00,53357017753,-53338863720000000000000,276320,276320,276320,276320,53357017753,0,50012664706509641119905
2026-08-19 18:09:00,19995374581,-19988600727025801703421,276320,276320,276320,276320,19995374581,0,50012664706509641119905
2026-08-19 18:10:00,409844773836,-409709450962414578587700,276320,276320,276320,276320,409844773836,0,50012664706509641119905
2026-08-19 18:12:00,-358517775193,358395466493162599490914,276320,276320,276320,276320,0,358395466493162599490914,50012664706509641119905
2026-08-19 18:17:00,320012579983,-319907000000000000000000,276320,276320,276320,276320,320012579983,0,50012664706509641119905
2026-08-19 18:19:00,186778193087,-186721375051407104847290,276320,276320,276320,276320,429600510079,242739665659075922317894,50012664706509641119905
2026-08-19 18:20:00,-138444360,138398941296604392695,276320,276320,276320,276320,0,138398941296604392695,50012664706509641119905
2026-08-19 18:22:00,37254641106,-37242893813000000000000,276320,276320,276320,276320,37254641106,0,50012664706509641119905
2026-08-19 18:23:00,357261393680,-357151557353000000000000,276320,276320,276320,276320,357261393680,0,50012664706509641119905
2026-08-19 18:25:00,422067190051,-421944003791000000000000,276321,276321,276321,276321,422067190051,0,50012664706509641119905
2026-08-19 18:26:00,-60783392659,60762863696242816325211,276321,276321,276321,276321,208240962228,268945671184242816325211,50012664706509641119905
2026-08-19 18:27:00,497945284418,-497807898325413104642781,276321,276321,276321,276321,497945284418,0,50012664706509641119905
2026-08-19 18:28:00,-183139396330,183087822295993741919623,276321,276321,276321,276321,0,183087822295993741919623,50012664706509641119905
2026-08-19 18:29:00,-37289118357,37278453058426910655278,276321,276321,276321,276321,0,37278453058426910655278,50012664706509641119905
2026-08-19 18:30:00,-354021728565,353917703822556886945517,276321,276321,276321,276321,0,353917703822556886945517,50012664706509641119905
2026-08-19 18:33:00,-218894583609,218827743900733010082597,276320,276320,276320,276320,1162428273,219989826131733010082597,50012664706509641119905
2026-08-19 18:35:00,262454942111,-262378194948686166321802,276321,276320,276320,276321,262454942111,0,50012664706509641119905
2026-08-19 18:38:00,11234791188,-11231567361620949598208,276321,276321,276321,276321,11234791188,0,50012664706509641119905
2026-08-19 18:40:00,293645223242,-293562750960000000000000,276321,276321,276321,276321,293645223242,0,50012664706509641119905
2026-08-19 18:41:00,168316232534,-168270513860496079116000,276321,276321,276321,276321,168318718421,2485173503920884000,50012664706509641119905
2026-08-19 18:43:00,3504015720,-3503075980199148416889,276321,276321,276321,276321,3504015720,0,50012664706509641119905
2026-08-19 18:44:00,-95645342688,95618368017784209698678,276321,276321,276321,276321,0,95618368017784209698678,50012664706509641119905
2026-08-19 18:45:00,572930323868,-572781080205085894539327,276321,276321,276321,276321,572930323868,0,50012664706509641119905
2026-08-19 18:46:00,493101033624,-492983869777789492413606,276321,276321,276321,276321,557979530477,64861476999053834266463,50012664706509641119905
2026-08-19 18:47:00,-623313652368,623155465173234440066960,276321,276321,276321,276321,0,623155465173234440066960,50012664706509641119905
2026-08-19 18:48:00,131391782013,-131360043784977774141229,276321,276321,276321,276321,241628092790,110206718303022225858771,50012664706509641119905
2026-08-19 18:49:00,16664704589,-16660610032671166103146,276321,276321,276321,276321,20773345013,4107571183328833896854,50012664706509641119905
2026-08-19 18:50:00,-55187469180,55171886544640425635659,276321,276321,276321,276321,96285781529,151433359993640425635659,50012664706509641119905
2026-08-19 18:51:00,-23500002,23493831531487445460,276321,276321,276321,276321,0,23493831531487445460,50012664706509641119905
2026-08-19 18:52:00,-151137735754,151097600853387929772105,276321,276321,276321,276321,0,151097600853387929772105,50012664706509641119905
2026-08-19 18:54:00,-64253119329,64235780187492994963611,276321,276321,276321,276321,0,64235780187492994963611,50012664706509641119905
2026-08-19 18:55:00,51266239899,-51253007084000000000000,276321,276321,276321,276321,51266239899,0,50012664706509641119905
2026-08-19 18:56:00,184059120001,-184012526038512570846032,276321,276321,276321,276321,188190256171,4130043945808163674012,50012664706509641119905
2026-08-19 18:57:00,-98600000000,98573998703686455746469,276321,276321,276321,276321,0,98573998703686455746469,50012664706509641119905
2026-08-19 18:59:00,-456818283905,456691932720193906679808,276321,276321,276321,276321,67922766209,524596135848824670674659,50012664706509641119905
2026-08-19 19:00:00,94975171378,-94949524179750000000000,276321,276321,276321,276321,94975171378,0,50012664706509641119905
2026-08-19 19:01:00,602474347406,-602320053033151943304419,276321,276321,276321,276321,602474347406,0,50012664706509641119905
2026-08-19 19:02:00,-34637456452,34628563331646987000030,276321,276321,276321,276321,0,34628563331646987000030,50012664706509641119905
2026-08-19 19:04:00,175965570789,-175923000000909370233051,276321,276321,276321,276321,175965570789,0,50012664706509641119905
2026-08-19 19:06:00,-15364510041,15359545322031665677764,276321,276321,276321,276321,92740961122,108078167232217025792348,50012664706509641119905
2026-08-19 19:07:00,320006442333,-319932000000000000000000,276321,276321,276321,276321,320006442333,0,50012664706509641119905
2026-08-19 19:08:00,-56761630226,56747848528538606905638,276321,276321,276321,276321,16258266857,73002442540538606905638,50012664706509641119905
2026-08-19 19:10:00,118880905382,-118854023650368733725127,276321,276321,276321,276321,118890835382,9927658631266274873,50012664706509641119905
2026-08-19 19:11:00,-697704245,697539754001170640669,276321,276321,276321,276321,0,697539754001170640669,50012664706509641119905
2026-08-19 19:12:00,-67000000000,66984113471246945629059,276321,276321,276321,276321,0,66984113471246945629059,50012664706509641119905
2026-08-19 19:13:00,-1312220005,1311907069010395479693,276321,276321,276321,276321,0,1311907069010395479693,50012664706509641119905
2026-08-19 19:14:00,-166111969357,166071799462668054386745,276321,276321,276321,276321,0,166071799462668054386745,50012664706509641119905
2026-08-19 19:17:00,75437403021,-75420569414448440346495,276321,276321,276321,276321,128838680821,53388129778658170728972,50012664706509641119905
2026-08-19 19:18:00,298975807949,-298908790859000000000000,276321,276321,276321,276321,298975807949,0,50012664706509641119905
2026-08-19 19:19:00,-106116068575,106091418028540887571994,276321,276321,276321,276321,0,106091418028540887571994,50012664706509641119905
2026-08-19 19:20:00,-110527905470,110501751449868671151506,276321,276321,276321,276321,0,110501751449868671151506,50012664706509641119905
2026-08-19 19:21:00,-110404955155,110378342684742926028083,276321,276321,276321,276321,0,110378342684742926028083,50012664706509641119905
2026-08-19 19:22:00,219949337004,-219899439884398576607277,276321,276321,276321,276321,219949337004,0,50012664706509641119905
2026-08-19 19:23:00,254920696932,-254865366844672183014891,276321,276321,276321,276321,261662511204,6740303210651442815738,50012664706509641119905
2026-08-19 19:24:00,-135599068884,135568290897893465754483,276321,276321,276321,276321,0,135568290897893465754483,50012664706509641119905
2026-08-19 19:25:00,-110814207156,110788508990347507879081,276321,276321,276321,276321,0,110788508990347507879081,50012664706509641119905
2026-08-19 19:26:00,-99996056064,99972445313921830269211,276321,276321,276321,276321,0,99972445313921830269211,50012664706509641119905
2026-08-19 19:27:00,2081717651,-2082449485645142505769,276321,276321,276321,276321,102309648597,100204274254354857494231,50012664706509641119905
2026-08-19 19:29:00,8362513667,-8360624844000000000000,276321,276321,276321,276321,8362513667,0,50012664706509641119905
2026-08-19 19:30:00,-2485766667,2485175681416105601901,276321,276321,276321,276321,0,2485175681416105601901,50012664706509641119905
2026-08-19 19:32:00,123294483364,-123266982732322731046813,276321,276321,276321,276321,126246863181,2951677574002426446445,50012664706509641119905
2026-08-19 19:33:00,-239420043880,239363144746134591830738,276321,276321,276321,276321,0,239363144746134591830738,50012664706509641119905
2026-08-19 19:34:00,-16349967300,16345998079373737981836,276321,276321,276321,276321,0,16345998079373737981836,50012664706509641119905
2026-08-19 19:35:00,-52473924315,52461113230831432338773,276321,276321,276321,276321,0,52461113230831432338773,50012664706509641119905
2026-08-19 19:37:00,4351247864,-4350233572081914888751,276321,276321,276321,276321,4352184698,936603918085111249,50012664706509641119905
2026-08-19 19:40:00,-4196564257,4195526961370755655886,276321,276321,276321,276321,726290992,4921648581671905351889,50012664706509641119905
2026-08-19 19:41:00,-24294088470,24288120138339155525948,276321,276321,276321,276321,0,24288120138339155525948,50012664706509641119905
2026-08-19 19:42:00,-110368985,110341816018056426536,276321,276321,276321,276321,0,110341816018056426536,50012664706509641119905
2026-08-19 19:45:00,-200000000,199950767182073615541,276321,276321,276321,276321,0,199950767182073615541,50012664706509641119905
2026-08-19 19:46:00,279115673304,-279051869701347507879081,276321,276321,276321,276321,279115673304,0,50012664706509641119905
2026-08-19 19:48:00,-290134805,290066618464047407148,276321,276321,276321,276321,0,290066618464047407148,50012664706509641119905
2026-08-19 19:51:00,109771356187,-109747115329387552104509,276321,276321,276321,276321,109771356187,0,50012664706509641119905
2026-08-19 19:52:00,516291061497,-516184598425077949554646,276321,276322,276321,276322,607045356295,90735401574922050445354,50012664706509641119905
2026-08-19 19:53:00,-184279776303,184240172362768375399618,276321,276321,276321,276321,18962647808,203198918749768375399618,50012664706509641119905
2026-08-19 19:54:00,-389301652,389217029815489391407,276321,276321,276321,276321,0,389217029815489391407,50012664706509641119905
2026-08-19 19:55:00,-76002352241,75985715656391589387743,276321,276321,276321,276321,0,75985715656391589387743,50012664706509641119905
2026-08-19 19:57:00,-334821152674,334745030671809601649065,276321,276321,276321,276321,6808962122,341552508104594340860600,50012664706509641119905
2026-08-19 19:59:00,-8170185423,8168237894327065170966,276321,276321,276321,276321,3001209326,11168780385799283788974,50012664706509641119905
2026-08-19 20:01:00,43921845,-43912089694948990050,276321,276321,276321,276321,43921845,0,50012664706509641119905
2026-08-19 20:02:00,-51579670486,51567540156755259779473,276321,276321,276321,276321,90529514,51658049375531928302291,50012664706509641119905
2026-08-19 20:03:00,-32289159362,32281512261466288569855,276321,276321,276321,276321,0,32281512261466288569855,50012664706509641119905
2026-08-19 20:04:00,-112836057697,112807476756226914311266,276321,276321,276321,276321,127568397185,240346211752986544446575,50012664706509641119905
2026-08-19 20:05:00,105887649654,-105863607018521215506482,276321,276321,276321,276321,113091108094,7201746819226177282751,50012664706509641119905
2026-08-19 20:06:00,-213998067144,213945032302188893180002,276321,276321,276321,276321,103391866640,317312459284188893180002,50012664706509641119905
2026-08-19 20:07:00,-13603496,13600144946826921238,276321,276321,276321,276321,0,13600144946826921238,50012664706509641119905
2026-08-19 20:08:00,-4770973936,4769798340000628244875,276321,276321,276321,276321,0,4769798340000628244875,50012664706509641119905
2026-08-19 20:09:00,-141565799258,141530502611162720808020,276321,276321,276321,276321,0,141530502611162720808020,50012664706509641119905
2026-08-19 20:10:00,6581439033,-6579859282417849233410,276321,276321,276321,276321,6581439033,0,50012664706509641119905
2026-08-19 20:12:00,-269727488,269653123966432272139,276321,276321,276321,276321,534948877,804473672960644066943,50012664706509641119905
2026-08-19 20:13:00,53892563708,-53879692372000000000000,276321,276321,276321,276321,53892563708,0,50012664706509641119905
2026-08-19 20:14:00,67207976198,-67192087528172955000926,276321,276321,276321,276321,67220487998,12508707827044999074,50012664706509641119905
2026-08-19 20:16:00,-1259953932,1259642606538323743851,276321,276321,276321,276321,0,1259642606538323743851,50012664706509641119905
2026-08-19 20:17:00,-105500897,105474824728075154125,276321,276321,276321,276321,0,105474824728075154125,50012664706509641119905
2026-08-19 20:18:00,4271678762,-4270771942669480895345,276321,276321,276321,276321,12372587254,8098909280865095159281,50012664706509641119905
2026-08-19 20:19:00,3895909830,-3894994777000000000000,276321,276321,276321,276321,3895909830,0,50012664706509641119905
2026-08-19 20:21:00,403760502,-403665704082688099547,276321,276321,276321,276321,403760502,0,50012664706509641119905
2026-08-19 20:22:00,-20116219,20111254439378050717,276321,276321,276321,276321,0,20111254439378050717,50012664706509641119905
2026-08-19 20:23:00,-3107975489,3107208311821675723984,276321,276321,276321,276321,0,3107208311821675723984,50012664706509641119905
2026-08-19 20:24:00,140629119543,-140596480157278899794914,276321,276321,276321,276321,140629119543,0,50012664706509641119905
2026-08-19 20:25:00,-379190927,379099431392675383020,276321,276321,276321,276321,0,379099431392675383020,50012664706509641119905
2026-08-19 20:26:00,90374515847,-90353956246000000000000,276321,276321,276321,276321,90374515847,0,50012664706509641119905
2026-08-19 20:27:00,-238084432,238027841464507177302,276321,276321,276321,276321,0,238027841464507177302,50012664706509641119905
2026-08-19 20:28:00,357962880440,-357885466614962386011298,276321,276321,276321,276321,425968620491,67989483073037613988702,50012664706509641119905
2026-08-19 20:29:00,14640862385,-14637771792000000000000,276321,276321,276321,276321,14640862385,0,50012664706509641119905
2026-08-19 20:30:00,169061943629,-169026876516192122179228,276321,276321,276321,276321,169061943629,0,50012664706509641119905
2026-08-19 20:31:00,-126976113220,126948317049650804956818,276321,276321,276321,276321,3500382239,130447967049650804956818,50012664706509641119905
2026-08-19 20:32:00,-99227700,99205758342377258143,276321,276321,276321,276321,0,99205758342377258143,50012664706509641119905
2026-08-19 20:33:00,-194330512917,194286785766100772679484,276321,276321,276321,276321,163552079,194450303643396664212642,50012664706509641119905
2026-08-19 20:35:00,105497706,-105474824728075154125,276321,276321,276321,276321,105497706,0,50012664706509641119905
2026-08-19 20:36:00,-8997490739,8995429736400068978977,276321,276321,276321,276321,0,8995429736400068978977,50012664706509641119905
2026-08-19 20:37:00,-241509475876,241452945448167655262520,276321,276321,276321,276321,0,241452945448167655262520,50012664706509641119905
2026-08-19 20:38:00,603409672280,-603280035674133716617108,276321,276321,276321,276321,603409672280,0,50012664706509641119905
2026-08-19 20:39:00,161671710647,-161639449511332045941213,276322,276322,276322,276322,161671710647,0,50012664706509641119905
2026-08-19 20:40:00,-125284450557,125258038411538742452762,276321,276321,276321,276321,0,125258038411538742452762,50012664706509641119905
2026-08-19 20:42:00,1000908080,-1000802574766291079657,276321,276321,276321,276321,9000913360,7998297425233708920343,50012664706509641119905
2026-08-19 20:44:00,-500000000,499893354172603445105,276321,276321,276321,276321,0,499893354172603445105,50012664706509641119905
2026-08-19 20:45:00,-7492412133,7490812866531867273175,276321,276321,276321,276321,0,7490812866531867273175,50012664706509641119905
2026-08-19 20:49:00,-56939889665,56927662431563693026199,276321,276321,276321,276321,0,56927662431563693026199,50012664706509641119905
2026-08-19 20:50:00,-717314826132,717149259867145891730860,276321,276321,276321,276321,35797697999,752938607297684634183622,50012664706509641119905
2026-08-19 20:51:00,207579760353,-207532391370821530533010,276321,276321,276321,276321,211212517060,3631870069849764894333,50012664706509641119905
2026-08-19 20:52:00,-31112106668,31104736939069947436783,276321,276321,276321,276321,0,31104736939069947436783,50012664706509641119905
2026-08-19 20:53:00,-3622890162,3622017465605840192614,276321,276321,276321,276321,1000430020,4622221907519279828149,50012664706509641119905
2026-08-19 20:54:00,-14443908485,14440471816722866108450,276321,276321,276321,276321,0,14440471816722866108450,50012664706509641119905
2026-08-19 20:55:00,353998929418,-353924184213606323587909,276321,276321,276321,276321,590116099527,236063262059393676412091,50012664706509641119905
2026-08-19 20:56:00,243472762966,-243423890363614716266057,276321,276321,276321,276321,374847035477,131344504879385283733943,50012664706509641119905
2026-08-19 20:58:00,207411183518,-207370086224664324317496,276322,276321,276321,276322,208244899170,833536942335675682504,50012664706509641119905
2026-08-19 21:00:00,105376175306,-105355956569928698115734,276322,276322,276322,276322,105973332972,597034618071301884265,50012664706509641119905
2026-08-19 21:01:00,752221819,-752079034167732725952,276322,276322,276322,276322,752221819,0,50012664706509641119905
2026-08-19 21:02:00,-817940353,817775277914503997466,276322,276322,276322,276322,0,817775277914503997466,50012664706509641119905
2026-08-19 21:03:00,-378377905301,378298674031000149454451,276321,276322,276321,276322,0,378298674031000149454451,50012664706509641119905
2026-08-19 21:04:00,-61590437607,61575807474925227173654,276321,276321,276321,276321,99322452124,160878099370925227173654,50012664706509641119905
2026-08-19 21:05:00,-18261583696,18257570025373965620867,276321,276321,276321,276321,0,18257570025373965620867,50012664706509641119905
2026-08-19 21:06:00,-9315831934,9313779292797144466765,276321,276321,276321,276321,0,9313779292797144466765,50012664706509641119905
2026-08-19 21:07:00,-19132160953,19127934515610270249414,276321,276321,276321,276321,0,19127934515610270249414,50012664706509641119905
2026-08-19 21:08:00,-14268458925,14265297390371609628000,276321,276321,276321,276321,0,14265297390371609628000,50012664706509641119905
2026-08-19 21:09:00,-1059296103,1059061064656951107120,276321,276321,276321,276321,0,1059061064656951107120,50012664706509641119905
2026-08-19 21:10:00,-36804048663,36795774167090111806437,276321,276321,276321,276321,6710106287,43504472866012092146317,50012664706509641119905
2026-08-19 21:11:00,-39760918315,39752005163959877347347,276321,276321,276321,276321,0,39752005163959877347347,50012664706509641119905
2026-08-19 21:12:00,-26615371683,26609235753155011621335,276321,276321,276321,276321,11192672371,37799526972021511332914,50012664706509641119905
2026-08-19 21:13:00,-156749830035,156713804213453404933060,276321,276321,276321,276321,8747998453,165459931259591741818723,50012664706509641119905
2026-08-19 21:14:00,-724316543808,724137803525495712793394,276321,276321,276321,276321,0,724137803525495712793394,50012664706509641119905
2026-08-19 21:15:00,18709995360,-18706234715423240914075,276321,276321,276321,276321,93382612573,74652997685576759085925,50012664706509641119905
2026-08-19 21:16:00,-141109537933,141072380895021985534812,276321,276321,276321,276321,0,141072380895021985534812,50012664706509641119905
2026-08-19 21:20:00,4001016514,-4000000000000000000000,276321,276321,276321,276321,4001016514,0,50012664706509641119905
2026-08-19 21:21:00,10558407337,-10555727899400068978977,276321,276321,276321,276321,10558407337,0,50012664706509641119905
2026-08-19 21:22:00,-97017226,96991461130328344858,276321,276321,276321,276321,0,96991461130328344858,50012664706509641119905
2026-08-19 21:23:00,14966290462,-14962500000000000000000,276321,276321,276321,276321,14966290462,0,50012664706509641119905
2026-08-19 21:26:00,-473164946809,473035100168749826872199,276321,276321,276321,276321,0,473035100168749826872199,50012664706509641119905
2026-08-19 21:27:00,-622354177153,622169761549855073431097,276320,276320,276320,276320,129128767,622298851997379884904354,50012664706509641119905
2026-08-19 21:28:00,142955119561,-142913374628467812136826,276321,276321,276320,276321,165446272089,22484206701558737844522,50012664706509641119905
2026-08-19 21:29:00,233927982,-233859899657089006810,276321,276321,276321,276321,233927982,0,50012664706509641119905
2026-08-19 21:30:00,-2636646479,2635842951933543678045,276321,276321,276321,276321,366773407,3002509617933543678045,50012664706509641119905
2026-08-19 21:34:00,354944810450,-354843989599020865016949,276321,276321,276321,276321,354944810450,0,50012664706509641119905
2026-08-19 21:35:00,679394989258,-679217741458694688078661,276321,276321,276321,276321,820003485642,140567472541305311921339,50012664706509641119905
2026-08-19 21:37:00,-866410161478,866168339495250735464316,276321,276321,276321,276321,0,866168339495250735464316,50012664706509641119905
2026-08-19 21:38:00,45473540040,-45460647432000000000000,276321,276321,276321,276321,45473540040,0,50012664706509641119905
2026-08-19 21:41:00,194329321845,-194275157188336173711360,276321,276321,276321,276321,194329321845,0,50012664706509641119905
2026-08-19 21:42:00,626800073081,-626635674584091118259235,276321,276321,276321,276321,628480875658,1680329583310137095187,50012664706509641119905
2026-08-19 21:44:00,-700936510838,700738981267637176342863,276321,276321,276321,276321,351455605811,1052100224017157431277903,50012664706509641119905
2026-08-19 21:46:00,-1377587361617,1377150206377698718774543,276320,276321,276320,276321,0,1377150206377698718774543,50012664706509641119905
2026-08-19 21:47:00,40572644259,-40559194413743503017092,276320,276320,276320,276320,42459763642,1886468508843546267574,50012664706509641119905
2026-08-19 21:48:00,729080465577,-728849582818698549938519,276320,276320,276320,276320,729080465577,0,50012664706509641119905
2026-08-19 21:49:00,427212606563,-427087190898511442413602,276321,276321,276321,276321,427212606563,0,50012664706509641119905
2026-08-19 21:51:00,137348720047,-137309948716000000000000,276321,276321,276321,276321,137348720047,0,50012664706509641119905
2026-08-19 21:52:00,114977402155,-114945525731000000000000,276321,276321,276321,276321,114977402155,0,50012664706509641119905
2026-08-19 21:53:00,500079802,-499942314552898614332,276321,276321,276321,276321,500079802,0,50012664706509641119905
2026-08-19 21:56:00,-89395719,89370068844407203210,276321,276321,276321,276321,0,89370068844407203210,50012664706509641119905
2026-08-19 21:57:00,-543104475057,542942750456132355236183,276320,276321,276320,276321,23962980,542966706848402812521017,50012664706509641119905
2026-08-19 21:58:00,-87791835581,87764586178998212210559,276320,276320,276320,276320,0,87764586178998212210559,50012664706509641119905
2026-08-19 21:59:00,59191621696,-59173926605043066526339,276320,276320,276320,276320,59269613388,77967532187180857314,50012664706509641119905
2026-08-19 22:02:00,2807324656,-2806488854288753306144,276320,276320,276320,276320,2807324656,0,50012664706509641119905
2026-08-19 22:04:00,1931269608,-1930698072433158051637,276320,276320,276320,276320,2203261648,271907819012634998631,50012664706509641119905
2026-08-19 22:05:00,-261840673653,261758241309072203109842,276320,276320,276320,276320,0,261758241309072203109842,50012664706509641119905
2026-08-19 22:07:00,-77289612,77264874947019404283,276320,276320,276320,276320,0,77264874947019404283,50012664706509641119905
2026-08-19 22:10:00,-170630090777,170574897936676626217026,276320,276320,276320,276320,0,170574897936676626217026,50012664706509641119905
2026-08-19 22:11:00,59212101,-59193457194755833405,276320,276320,276320,276320,59212101,0,50012664706509641119905
2026-08-19 22:12:00,-1084945841425,1084532779833815697339867,276320,276320,276319,276320,2909343059555,3992664454271887900449709,50012664706509641119905
2026-08-19 22:13:00,7700268337,-7697510977044946260095,276320,276320,276320,276320,7700268337,0,50012664706509641119905
2026-08-19 22:14:00,-232701162349,232613649629579328852553,276320,276320,276320,276320,29002179121,261605161857853123461942,50012664706509641119905
2026-08-19 22:15:00,29486794621,-29475983473000000000000,276320,276320,276320,276320,29486794621,0,50012664706509641119905
2026-08-19 22:16:00,-174443024226,174376467925253353763734,276320,276320,276320,276320,0,174376467925253353763734,50012664706509641119905
2026-08-19 22:18:00,-698243588916,697964903408004230818551,276319,276320,276319,276320,8648948889,706610627506004230818551,50012664707502915742887
2026-08-19 22:20:00,335416088949,-335283857833000000000000,276320,276320,276320,276320,335416088949,0,50012664706509641119905
2026-08-19 22:21:00,-248272351947,248171879351725570505913,276319,276319,276319,276319,4203022645,252373231153362792643459,50012664707502915742887
2026-08-19 22:22:00,39162378425,-39146843991000000000000,276320,276320,276320,276320,39162378425,0,50012664706509641119905
2026-08-19 22:23:00,-321390882097,321257729165814235376234,276319,276319,276319,276319,0,321257729165814235376234,50012664707502915742887
2026-08-19 22:24:00,24327694597,-24317762984000000000000,276319,276319,276319,276319,24327694597,0,50012664707502915742887
2026-08-19 22:25:00,293983707628,-293865560761734852321280,276320,276319,276319,276320,293983707628,0,50012664706509641119905
2026-08-19 22:26:00,-383263240379,383103932608763181879868,276319,276319,276319,276319,0,383103932608763181879868,50012664707502915742887
2026-08-19 22:27:00,280683686,-280568235473129725661,276319,276319,276319,276319,280683686,0,50012664707502915742887
2026-08-19 22:28:00,108283893,-108239355042234732599,276319,276319,276319,276319,108283893,0,50012664707502915742887
2026-08-19 22:30:00,-258166486987,258055852899320136186971,276319,276319,276319,276319,1605901831,259661094260233465404353,50012664707502915742887
2026-08-19 22:32:00,-63361626877,63334071672101358813230,276319,276319,276319,276319,0,63334071672101358813230,50012664707502915742887
2026-08-19 22:33:00,-288937678878,288809363366624906360750,276319,276319,276319,276319,52191269463,340977838348084801453292,50012664707502915742887
2026-08-19 22:34:00,165694011145,-165622365844498497460312,276319,276319,276319,276319,165694011145,0,50012664707502915742887
2026-08-19 22:35:00,212942667335,-212852203049426036624126,276319,276319,276319,276319,212942667335,0,50012664707502915742887
2026-08-19 22:36:00,130086105,-130031394745297995376,276319,276319,276319,276319,130086105,0,50012664707502915742887
2026-08-19 22:37:00,-373674606962,373510099791592639035321,276319,276319,276319,276319,6577094115,380084328701592639035321,50012664707502915742887
2026-08-19 22:38:00,-210915393646,210819107717186669501813,276319,276319,276319,276319,84453050334,295235445995321456771053,50012664707502915742887
2026-08-19 22:39:00,10120626074,-10116135258000000000000,276319,276319,276319,276319,10120626074,0,50012664707502915742887
2026-08-19 22:40:00,-105790668,105742477593029939098,276319,276319,276319,276319,0,105742477593029939098,50012664707502915742887
2026-08-19 22:41:00,-251925338204,251809311592327856777462,276319,276319,276319,276319,0,251809311592327856777462,50012664707502915742887
2026-08-19 22:45:00,-119139388873,119083624441726985209332,276319,276319,276319,276319,860587128,119943817099480082851627,50012664707502915742887
2026-08-19 22:46:00,-285809826630,285673726602931585392393,276319,276319,276319,276319,3001110045,288673426602931585392393,50012664707502915742887
2026-08-19 22:48:00,29708378,-29694422527533273973,276319,276319,276319,276319,29708378,0,50012664707502915742887
2026-08-19 22:49:00,-486085636355,485846591676420341178530,276319,276319,276319,276319,11686311601,497527183554420341178530,50012664707502915742887
2026-08-19 22:50:00,22060489289,-22049706925555858910328,276319,276319,276319,276319,22060489289,0,50012664707502915742887
2026-08-19 22:51:00,7854901043,-7851066549000000000000,276319,276319,276319,276319,7854901043,0,50012664707502915742887
2026-08-19 22:52:00,173840972535,-173756740404000000000000,276319,276319,276319,276319,173840972535,0,50012664707502915742887
2026-08-19 22:53:00,-46083913601,46061148573097803913109,276319,276319,276319,276319,52502054,46113625273640128402521,50012664707502915742887
2026-08-19 22:55:00,461162265,-460939572888740361443,276319,276319,276319,276319,461162265,0,50012664707502915742887
2026-08-19 22:56:00,-499205082196,498953056780859503121627,276318,276319,276318,276319,0,498953056780859503121627,50012664707522911217192
2026-08-19 22:57:00,-40017516902,39996759895409024436802,276318,276318,276318,276318,10246597004,50238186085276311518794,50012664707522911217192
2026-08-19 22:58:00,260189727157,-260060405991501559349376,276319,276318,276318,276319,308079150507,47864646164273364195296,50012664707502915742887
2026-08-19 22:59:00,-350420834579,350241057937538198546311,276318,276318,276318,276318,0,350241057937538198546311,50012664707522911217192
2026-08-19 23:00:00,3501428613,-3499650000000000000000,276318,276318,276318,276318,3501428613,0,50012664707522911217192
2026-08-19 23:02:00,-41671796083,41650053663354769576153,276318,276318,276318,276318,3576160310,45224391438313778945803,50012664707522911217192
2026-08-19 23:03:00,-201540489328,201434562927033183770381,276318,276318,276318,276318,0,201434562927033183770381,50012664707522911217192
2026-08-19 23:04:00,1709263536,-1708378852000000000000,276318,276318,276318,276318,1709263536,0,50012664707522911217192
2026-08-19 23:06:00,-598571265762,598247138985310879136669,276318,276318,276318,276318,0,598247138985310879136669,50012664707522911217192
2026-08-19 23:07:00,23933636294,-23920688492582157365232,276318,276318,276318,276318,23933636294,0,50012664707522911217192
2026-08-19 23:08:00,21914338845,-21902503532211274001809,276318,276318,276318,276318,21914338845,0,50012664707522911217192
2026-08-19 23:09:00,48835666543,-48809360813797997599206,276318,276318,276318,276318,48835666543,0,50012664707522911217192
2026-08-19 23:10:00,4900083031,-4897448822027289440803,276318,276318,276318,276318,4900083031,0,50012664707522911217192
2026-08-19 23:11:00,5321570891,-5318711183320761388070,276318,276318,276318,276318,5321570891,0,50012664707522911217192
2026-08-19 23:14:00,20258315077,-20247439009568771171888,276318,276318,276318,276318,20258315077,0,50012664707522911217192
2026-08-19 23:16:00,500268371,-500000000583891578452,276318,276318,276318,276318,500268371,0,50012664707522911217192
2026-08-19 23:17:00,9084762236,-9079890414584548480896,276318,276318,276318,276318,9084762236,0,50012664707522911217192
2026-08-19 23:18:00,4486768504,-4484363633000000000000,276318,276318,276318,276318,4486768504,0,50012664707522911217192
2026-08-19 23:21:00,21185472699,-21174128322531766874112,276318,276318,276318,276318,21185472699,0,50012664707522911217192
2026-08-19 23:22:00,17335346216,-17326076843100297232384,276318,276318,276318,276318,17335346216,0,50012664707522911217192
2026-08-19 23:24:00,149574989226,-149495508848475497547502,276318,276318,276318,276318,149574989226,0,50012664707522911217192
2026-08-19 23:27:00,3523573379,-3521711819000000000000,276318,276318,276318,276318,3523573379,0,50012664707522911217192
2026-08-19 23:28:00,88044634829,-87998280510000000000000,276318,276318,276318,276318,88044634829,0,50012664707522911217192
2026-08-19 23:29:00,-31119185566,31102463679911866106825,276318,276318,276318,276318,17570344,31120024783058741869343,50012664707522911217192
2026-08-19 23:30:00,11255553960,-11249636397000000000000,276318,276318,276318,276318,11255553960,0,50012664707522911217192
2026-08-19 23:32:00,533722846,-533442369020501138952,276318,276318,276318,276318,533722846,0,50012664707522911217192
2026-08-19 23:33:00,42934375908,-42911850726000000000000,276318,276318,276318,276318,42934375908,0,50012664707522911217192
2026-08-19 23:34:00,555249708,-554958884181519699600,276318,276318,276318,276318,555249708,0,50012664707522911217192
2026-08-19 23:35:00,9776176238,-9771057757000000000000,276318,276318,276318,276318,9776176238,0,50012664707522911217192
2026-08-19 23:36:00,78514670084,-78473700906000000000000,276318,276318,276318,276318,78514670084,0,50012664707522911217192
2026-08-19 23:38:00,250313650,-250183430418725729574,276318,276318,276318,276318,250313650,0,50012664707522911217192
2026-08-19 23:39:00,24740424977,-24727566639000000000000,276318,276318,276318,276318,24740424977,0,50012664707522911217192
2026-08-19 23:41:00,10131125693,-10125867303000000000000,276318,276318,276318,276318,10131125693,0,50012664707522911217192
2026-08-19 23:42:00,170568458064,-170480543392514280109333,276318,276318,276318,276318,170586584269,18116697485719890667,50012664707522911217192
2026-08-19 23:43:00,-49676363,49650331154764853876,276318,276318,276318,276318,0,49650331154764853876,50012664707522911217192
2026-08-19 23:44:00,-100316511,100263943757853970921,276318,276318,276318,276318,0,100263943757853970921,50012664707522911217192
2026-08-19 23:45:00,-45829720879,45805009373594123462782,276318,276318,276318,276318,54535311389,100312238246529302197186,50012664707522911217192
2026-08-19 23:47:00,293628337743,-293479178732000000000000,276318,276318,276318,276318,293628337743,0,50012664707522911217192
2026-08-19 23:48:00,61396539402,-61365786339000000000000,276318,276318,276318,276318,61396539402,0,50012664707522911217192
2026-08-19 23:50:00,24863700759,-24851289571341972228262,276318,276318,276318,276318,24863700759,0,50012664707522911217192
2026-08-19 23:53:00,846797234,-846374975000000000000,276318,276318,276318,276318,846797234,0,50012664707522911217192
2026-08-19 23:54:00,1000703411,-1000204441913439635535,276318,276318,276318,276318,1000703411,0,50012664707522911217192
2026-08-19 23:55:00,12381668218,-12375497802000000000000,276318,276318,276318,276318,12381668218,0,50012664707522911217192
2026-08-19 23:56:00,-4003139343,4001097029888011516568,276318,276318,276318,276318,0,4001097029888011516568,50012664707522911217192
2026-08-19 23:57:00,38030346850,-38011426610693939911545,276318,276318,276318,276318,38030346850,0,50012664707522911217192
2026-08-19 23:58:00,27372472683,-27358890545887675973632,276319,276319,276319,276319,27372472683,0,50012664707502915742887
2026-08-19 23:59:00,26711374403,-26698149165400088051918,276319,276319,276319,276319,26711374403,0,50012664707502915742887
