timestamp,netAmount0,netAmount1,closeTick,openTick,lowestTick,highestTick,inAmount0,inAmount1,currentLiquidity
2026-02-28 00:01:00,-177492482,177483136758466373150,276323,276323,276323,276323,0,177483136758466373150,200049416117217715427
2026-02-28 00:02:00,2276985380,-2276912164492377691765,276323,276323,276323,276323,2276985380,0,200049416117217715427
2026-02-28 00:03:00,-33185594,33184567210422808965,276323,276323,276323,276323,0,33184567210422808965,200049416117217715427
2026-02-28 00:06:00,964799505,-964783815584645606640,276323,276323,276323,276323,966675553,1875989009070443820,200049416117217715427
2026-02-28 00:07:00,-3483133068,3482997677218489380287,276323,276323,276323,276323,0,3482997677218489380287,200049416117217715427
2026-02-28 00:08:00,835922524,-835887330026184015686,276323,276323,276323,276323,835922524,0,200049416117217715427
2026-02-28 00:09:00,-495004857,487938696231044645003,276081,276323,276081,276323,105786326401,106209586791698926068722,4999993390435
2026-02-28 00:11:00,1610655296,-1610603245000000000000,276323,276323,276323,276323,1610655296,0,200049416117217715427
2026-02-28 00:12:00,-1865458867,1852095629990890044067,276323,276153,276153,276323,106883826532,108671205949099790547619,200049416117217715427
2026-02-28 00:13:00,500891291,-500874688831388939450,276323,276323,276323,276323,500891291,0,200049416117217715427
2026-02-28 00:16:00,145811220,-145806858318498963748,276323,276323,276323,276323,145811220,0,200049416117217715427
2026-02-28 00:17:00,1088147080,-1088121241127761558663,276323,276323,276323,276323,1088147080,0,200049416117217715427
2026-02-28 00:18:00,-2295773055,2295661723872737457605,276323,276323,276323,276323,1999995013,4295640118857403991307,200049416117217715427
2026-02-28 00:19:00,-798551013,798506894101219572721,276323,276323,276323,276323,0,798506894101219572721,200049416117217715427
2026-02-28 00:20:00,-603084809,603047263861906661893,276323,276323,276323,276323,0,603047263861906661893,200049416117217715427
2026-02-28 00:21:00,105626527,-105620745821712819642,276323,276323,276323,276323,105626527,0,200049416117217715427
2026-02-28 00:22:00,283666358,-283651382323755460342,276323,276323,276323,276323,283666358,0,200049416117217715427
2026-02-28 00:24:00,1637300,-1637215981256496448,276323,276323,276323,276323,1637300,0,200049416117217715427
2026-02-28 00:25:00,300900293,-300885291370378409730,276323,276323,276323,276323,300900293,0,200049416117217715427
2026-02-28 00:27:00,1331603025,-1331547502482918995441,276323,276323,276323,276323,1331603025,0,200049416117217715427
2026-02-28 00:29:00,-2576118,2576001816823380146,276323,276323,276323,276323,0,2576001816823380146,200049416117217715427
2026-02-28 00:30:00,-2984506,2984371376399367795,276323,276323,276323,276323,0,2984371376399367795,200049416117217715427
2026-02-28 00:32:00,-674696400,674663697716047877468,276323,276323,276323,276323,0,674663697716047877468,200049416117217715427
2026-02-28 00:38:00,-203215473,203204730718353730058,276323,276323,276323,276323,0,203204730718353730058,200049416117217715427
2026-02-28 00:39:00,-564909000,564876971271768831291,276323,276323,276323,276323,0,564876971271768831291,200049416117217715427
2026-02-28 00:42:00,-688922059,673527775007598967173,275907,275907,275907,276323,104533538757,105142445215410612074885,4999993390435
2026-02-28 00:43:00,1305139508,-1341216000025946032058,276323,276323,276323,276720,116592075674,115350937649538386361154,200049416117217715427
2026-02-28 00:46:00,670910656,-670883456893107003038,276323,276323,276323,276323,979168214,308239052646758794981,200049416117217715427
2026-02-28 00:47:00,35638100,-35636617426305843138,276323,276323,276323,276323,35638100,0,200049416117217715427
2026-02-28 00:49:00,189670270,-189662593434599499674,276323,276323,276323,276323,189670270,0,200049416117217715427
2026-02-28 00:53:00,197122231,-197116866471406651720,276323,276323,276323,276323,420338745,223205208177161837201,200049416117217715427
2026-02-28 00:54:00,201383228,-201375867083606266625,276323,276323,276323,276323,201383228,0,200049416117217715427
2026-02-28 00:56:00,-716309110,716273919902056219837,276323,276323,276323,276323,0,716273919902056219837,200049416117217715427
2026-02-28 00:58:00,-1070162771,1070100641714894089623,276323,276323,276323,276323,0,1070100641714894089623,200049416117217715427
2026-02-28 00:59:00,56446464,-56443466506365739435,276323,276323,276323,276323,56446464,0,200049416117217715427
2026-02-28 01:01:00,180332776,-180323410000000000000,276323,276323,276323,276323,180332776,0,200049416117217715427
2026-02-28 01:05:00,970838514,-970793676000000000000,276323,276323,276323,276323,970838514,0,200049416117217715427
2026-02-28 01:08:00,933313325,-933279102613048887986,276323,276323,276323,276323,933313325,0,200049416117217715427
2026-02-28 01:09:00,-206642823,206633929288202703554,276323,276323,276323,276323,0,206633929288202703554,200049416117217715427
2026-02-28 01:10:00,-2205184844,2202767044278494619026,276323,276323,276304,276323,104757774410,106896105328037843887506,200049416117217715427
2026-02-28 01:12:00,104899869,-104894717000000000000,276323,276323,276323,276323,104899869,0,200049416117217715427
2026-02-28 01:14:00,16427721,-16426924000000000000,276323,276323,276323,276323,16427721,0,200049416117217715427
2026-02-28 01:17:00,1088172898,-1088126112929886212763,276323,276323,276323,276323,1088172898,0,200049416117217715427
2026-02-28 01:18:00,-303993100,303978181537587731135,276323,276323,276323,276323,0,303978181537587731135,200049416117217715427
2026-02-28 01:19:00,-33130312,33128628958284826687,276323,276323,276323,276323,0,33128628958284826687,200049416117217715427
2026-02-28 01:21:00,-422540021,422517609206133055473,276323,276323,276323,276323,0,422517609206133055473,200049416117217715427
2026-02-28 01:22:00,-56344157,56341033496829989016,276323,276323,276323,276323,0,56341033496829989016,200049416117217715427
2026-02-28 01:23:00,-124716984,116358959225329198353,163208,274528,163207,276323,211834496798,210378677439168091038993,4999993390435
2026-02-28 01:24:00,-81181031,76947979769962202805,276323,275529,275529,276323,105111071616,105123363689240554276533,200049416117217715427
2026-02-28 01:28:00,508871931,-508856633774551753952,276323,276323,276323,276323,1247406498,738491204893433030751,200049416117217715427
2026-02-28 01:30:00,876973539,-876940521591299438625,276323,276323,276323,276323,876973539,0,200049416117217715427
2026-02-28 01:31:00,329703369,-329712827934268372716,276323,276323,276323,276323,2317953964,1988144812558775065023,200049416117217715427
2026-02-28 01:33:00,-59580000,59577600788616638759,276323,276323,276323,276323,0,59577600788616638759,200049416117217715427
2026-02-28 01:34:00,-740073272,740040511710502430554,276323,276323,276323,276323,0,740040511710502430554,200049416117217715427
2026-02-28 01:35:00,-547526310,547496448880145634309,276323,276323,276323,276323,210007752,757496448880145634309,200049416117217715427
2026-02-28 01:36:00,744675674,-744646100000000000000,276323,276323,276323,276323,744675674,0,200049416117217715427
2026-02-28 01:38:00,-1740248,1740167648017758668,276323,276323,276323,276323,0,1740167648017758668,200049416117217715427
2026-02-28 01:39:00,-161001433,160959443333144976931,276323,276323,276323,276323,3445225871,3606120582607135048939,200049416117217715427
2026-02-28 01:42:00,-469770588,469746836634573296021,276323,276323,276323,276323,27751918,497497576807885563102,200049416117217715427
2026-02-28 01:43:00,456123618,-456106697389661614341,276323,276323,276323,276323,589930896,133800187381957076291,200049416117217715427
2026-02-28 01:44:00,86927,-86924429018834822,276323,276323,276323,276323,86927,0,200049416117217715427
2026-02-28 01:45:00,93087432,-93086360791559175899,276323,276323,276323,276323,332948384,239849209266989957413,200049416117217715427
2026-02-28 01:46:00,-450000000,449977917022111600223,276323,276323,276323,276323,0,449977917022111600223,200049416117217715427
2026-02-28 01:48:00,-901011165,900960864099008523212,276323,276323,276323,276323,0,900960864099008523212,200049416117217715427
2026-02-28 01:49:00,183518056,-183508988290549736163,276323,276323,276323,276323,183518056,0,200049416117217715427
2026-02-28 01:56:00,963576151,-963534063552093206881,276323,276323,276323,276323,963576151,0,200049416117217715427
2026-02-28 01:58:00,344894249,-344881440643676395088,276323,276323,276323,276323,344894249,0,200049416117217715427
2026-02-28 02:01:00,195883811,-195877067009214584312,276323,276323,276323,276323,195883811,0,200049416117217715427
2026-02-28 02:03:00,807962430,-807938661738519547381,276323,276323,276323,276323,807962430,0,200049416117217715427
2026-02-28 02:04:00,593528334,-593519094829328045681,276323,276323,276323,276323,999812803,406269269314575202558,200049416117217715427
2026-02-28 02:05:00,-1507252578,1507191789128288133081,276323,276323,276323,276323,505047242,2012220325426010630265,200049416117217715427
2026-02-28 02:06:00,57675108,-57673134616758862979,276323,276323,276323,276323,57675108,0,200049416117217715427
2026-02-28 02:07:00,-633593383,605934013748486600240,275006,276323,275006,276323,106012168009,106553393907866348549680,4999993390435
2026-02-28 02:15:00,30260198,-30259049779043734635,276323,276323,276323,276323,30260198,0,200049416117217715427
2026-02-28 02:16:00,484096787,-484079654659837865913,276323,276323,276323,276323,484096787,0,200049416117217715427
2026-02-28 02:18:00,96473830,-96470696000000000000,276323,276323,276323,276323,96473830,0,200049416117217715427
2026-02-28 02:19:00,-89566575,89562771368863694239,276323,276323,276323,276323,0,89562771368863694239,200049416117217715427
2026-02-28 02:21:00,-396672524,396654718922293042227,276323,276323,276323,276323,0,396654718922293042227,200049416117217715427
2026-02-28 02:24:00,-93250775,93246360385340712907,276323,276323,276323,276323,0,93246360385340712907,200049416117217715427
2026-02-28 02:25:00,-201829300,201819448212928807934,276323,276323,276323,276323,0,201819448212928807934,200049416117217715427
2026-02-28 02:31:00,556056008,-556037200956706715493,276323,276323,276323,276323,734659203,178595363767171080641,200049416117217715427
2026-02-28 02:32:00,157331299,-157326033496279441738,276323,276323,276323,276323,157331299,0,200049416117217715427
2026-02-28 02:34:00,-2933072806,2932904557595990778808,276323,276323,276323,276323,4751653,2937655917595990778808,200049416117217715427
2026-02-28 02:35:00,50003088,-50000000024338132957,276323,276323,276323,276323,50003088,0,200049416117217715427
2026-02-28 02:36:00,1961359405,-1961257997281530289442,276323,276323,276323,276323,1961359405,0,200049416117217715427
2026-02-28 02:39:00,1144962216,-1144920795903924255851,276323,276323,276323,276323,1144962216,0,200049416117217715427
2026-02-28 02:40:00,-989694572,989649306227463301340,276323,276323,276323,276323,33128831,1022776795202551118239,200049416117217715427
2026-02-28 02:41:00,514278220,-514258796000000000000,276323,276323,276323,276323,514278220,0,200049416117217715427
2026-02-28 02:42:00,31429266,-31428165000000000000,276323,276323,276323,276323,31429266,0,200049416117217715427
2026-02-28 02:43:00,495363776,-495347719000000000000,276323,276323,276323,276323,495363776,0,200049416117217715427
2026-02-28 02:45:00,220699828,-220693464000000000000,276323,276323,276323,276323,220699828,0,200049416117217715427
2026-02-28 02:49:00,-5213369,5213171212630567159,276323,276323,276323,276323,0,5213171212630567159,200049416117217715427
2026-02-28 02:52:00,-4310010,4309846601044119707,276323,276323,276323,276323,0,4309846601044119707,200049416117217715427
2026-02-28 02:54:00,-343179158,343165587212150833228,276323,276323,276323,276323,0,343165587212150833228,200049416117217715427
2026-02-28 02:55:00,201978151,-201972042000000000000,276323,276323,276323,276323,201978151,0,200049416117217715427
2026-02-28 03:02:00,1794625001,-1794588624477099362596,276323,276323,276323,276323,1794625001,0,200049416117217715427
2026-02-28 03:04:00,688536113,-688533442657900137668,276323,276323,276323,276323,962327772,273788085777677929550,200049416117217715427
2026-02-28 03:07:00,-1787655235,1787610367235250793675,276323,276323,276323,276323,312344765,2099947683313171754738,200049416117217715427
2026-02-28 03:08:00,-2292417871,2292311585101235914309,276323,276323,276323,276323,600035355,2892318016934757038046,200049416117217715427
2026-02-28 03:09:00,997540120,-997500001003033155117,276323,276323,276323,276323,997540120,0,200049416117217715427
2026-02-28 03:10:00,192249081,-192242493000000000000,276323,276323,276323,276323,192249081,0,200049416117217715427
2026-02-28 03:11:00,959434246,-959406888324825618052,276323,276323,276323,276323,959434246,0,200049416117217715427
2026-02-28 03:12:00,-1638066531,1637997885022306222797,276323,276323,276323,276323,0,1637997885022306222797,200049416117217715427
2026-02-28 03:13:00,450017030,-450000000000000000000,276323,276323,276323,276323,450017030,0,200049416117217715427
2026-02-28 03:14:00,102983111,-102979499180729886017,276323,276323,276323,276323,102983111,0,200049416117217715427
2026-02-28 03:16:00,192933714,-192927232000000000000,276323,276323,276323,276323,192933714,0,200049416117217715427
2026-02-28 03:17:00,433148406,-433135208000000000000,276323,276323,276323,276323,433148406,0,200049416117217715427
2026-02-28 03:18:00,59058387,-59056733000000000000,276323,276323,276323,276323,59058387,0,200049416117217715427
2026-02-28 03:20:00,649999823,-649983919948231182827,276323,276323,276323,276323,649999823,0,200049416117217715427
2026-02-28 03:21:00,-3960363,3960239087201598374,276323,276323,276323,276323,0,3960239087201598374,200049416117217715427
2026-02-28 03:22:00,455631416,-455622782149891531722,276323,276323,276323,276323,456904207,1272754527360624384,200049416117217715427
2026-02-28 03:24:00,-351030080,351020089664626106537,276323,276323,276323,276323,0,351020089664626106537,200049416117217715427
2026-02-28 03:25:00,-49650000,49648486888801739968,276323,276323,276323,276323,0,49648486888801739968,200049416117217715427
2026-02-28 03:26:00,-199607729,199601399202795609012,276323,276323,276323,276323,0,199601399202795609012,200049416117217715427
2026-02-28 03:27:00,-1409161046,1409102266395144309695,276323,276323,276323,276323,276790954,1685882654395144309695,200049416117217715427
2026-02-28 03:28:00,726454785,-726430699000000000000,276323,276323,276323,276323,726454785,0,200049416117217715427
2026-02-28 03:29:00,656237330,-656220106000000000000,276323,276323,276323,276323,656237330,0,200049416117217715427
2026-02-28 03:30:00,629441416,-629428939473798920171,276323,276323,276323,276323,629441416,0,200049416117217715427
2026-02-28 03:32:00,489488406,-489481441474435528388,276323,276323,276323,276323,489488406,0,200049416117217715427
2026-02-28 03:34:00,344967140,-344963670278492728897,276323,276323,276323,276323,344967140,0,200049416117217715427
2026-02-28 03:35:00,-69510882,69508778798135289923,276323,276323,276323,276323,80406132,149914152690877917966,200049416117217715427
2026-02-28 03:36:00,-181843712,181840085675831310738,276323,276323,276323,276323,0,181840085675831310738,200049416117217715427
2026-02-28 03:37:00,758483330,-758477979436526194677,276323,276323,276323,276323,758483330,0,200049416117217715427
2026-02-28 03:38:00,81226609,-81226376961050660459,276323,276323,276323,276323,81226609,0,200049416117217715427
2026-02-28 03:39:00,-41909236,41908704920646091941,276323,276323,276323,276323,0,41908704920646091941,200049416117217715427
2026-02-28 03:40:00,-2010161988,2010111575379774351266,276323,276323,276323,276323,433921035,2444021703813418149829,200049416117217715427
2026-02-28 03:41:00,87287364,-87285398259640634668,276323,276323,276323,276323,87287364,0,200049416117217715427
2026-02-28 03:43:00,415190410,-415182099232898986896,276323,276323,276323,276323,415190410,0,200049416117217715427
2026-02-28 03:44:00,329859719,-329855548496681941271,276323,276323,276323,276323,450227052,120363896948045050532,200049416117217715427
2026-02-28 03:46:00,-370029061,331328667616264844058,273464,276323,273430,276323,108140988800,108407467721272981148770,4999993390435
2026-02-28 03:47:00,-1233126372,1233084615755943820772,276323,276323,276323,276323,106336907,1339419306236666023012,200049416117217715427
2026-02-28 03:48:00,-162578454,162571954729791470290,276323,276323,276323,276323,0,162571954729791470290,200049416117217715427
2026-02-28 03:49:00,-232231632,232219786911358862789,276323,276323,276323,276323,210195695,442409231602189981410,200049416117217715427
2026-02-28 03:52:00,1520610414,-1520608897470180727601,276323,276324,276323,276324,5247720570,3727075574753244469472,200049416117217715427
2026-02-28 03:53:00,50069740,-50068906693595409062,276323,276323,276323,276323,55069740,4999863087715083875,200049416117217715427
2026-02-28 03:56:00,-200011000,200005317299927071153,276323,276323,276323,276323,0,200005317299927071153,200049416117217715427
2026-02-28 03:57:00,174957614,-174954372411605615240,276323,276323,276323,276323,174957614,0,200049416117217715427
2026-02-28 03:59:00,-40162220,40161099945713161579,276323,276323,276323,276323,0,40161099945713161579,200049416117217715427
2026-02-28 04:04:00,-21156102,21155505915584817960,276323,276323,276323,276323,0,21155505915584817960,200049416117217715427
2026-02-28 04:06:00,-8399519,8399281182922585653,276323,276323,276323,276323,0,8399281182922585653,200049416117217715427
2026-02-28 04:07:00,-107375246,107372143633976578440,276323,276323,276323,276323,0,107372143633976578440,200049416117217715427
2026-02-28 04:08:00,-104490583,104487452895773938286,276323,276323,276323,276323,0,104487452895773938286,200049416117217715427
2026-02-28 04:11:00,-109065000,109061616338448525831,276323,276323,276323,276323,0,109061616338448525831,200049416117217715427
2026-02-28 04:13:00,-18983030,18982428947970320320,276323,276323,276323,276323,0,18982428947970320320,200049416117217715427
2026-02-28 04:16:00,761303733,-761292671399207765409,276323,276323,276323,276323,1021307954,259995626193274755464,200049416117217715427
2026-02-28 04:17:00,1031991451,-1031982742991929833439,276323,276323,276323,276323,1088150466,56157969235609919248,200049416117217715427
2026-02-28 04:21:00,-115516876,115515211855760712624,276323,276323,276323,276323,0,115515211855760712624,200049416117217715427
2026-02-28 04:22:00,-24963122,24962744755599662669,276323,276323,276323,276323,0,24962744755599662669,200049416117217715427
2026-02-28 04:23:00,-16140823,16140575585770028848,276323,276323,276323,276323,0,16140575585770028848,200049416117217715427
2026-02-28 04:25:00,-979098000,979078138527103083241,276323,276323,276323,276323,0,979078138527103083241,200049416117217715427
2026-02-28 04:27:00,-509593418,509579287829509714993,276323,276323,276323,276323,0,509579287829509714993,200049416117217715427
2026-02-28 04:29:00,-282954746,282945779539978221681,276323,276323,276323,276323,0,282945779539978221681,200049416117217715427
2026-02-28 04:30:00,1214760046,-1214850958876075049875,276323,276323,276323,276324,12374361929,11159833923122493811040,200049416117217715427
2026-02-28 04:31:00,20151583,-20160864620740903884,276323,276323,276323,276323,970000293,949829700640287367647,200049416117217715427
2026-02-28 04:32:00,-3951257272,3951097220186086157859,276323,276323,276323,276323,0,3951097220186086157859,200049416117217715427
2026-02-28 04:33:00,932775529,-932733000000000000000,276323,276323,276323,276323,932775529,0,200049416117217715427
2026-02-28 04:34:00,544826646,-544805830000000000000,276323,276323,276323,276323,544826646,0,200049416117217715427
2026-02-28 04:36:00,574803323,-574784579000000000000,276323,276323,276323,276323,574803323,0,200049416117217715427
2026-02-28 04:38:00,354829008,-354819085656748526318,276323,276323,276323,276323,354829008,0,200049416117217715427
2026-02-28 04:39:00,1283156677,-1283181874956680373986,276323,276324,276323,276324,6340451303,5057304313401771535040,200049416117217715427
2026-02-28 04:43:00,27065242,-27064884703551792111,276323,276323,276323,276323,27065242,0,200049416117217715427
2026-02-28 04:44:00,399942037,-399937600125972533779,276323,276323,276323,276323,399942037,0,200049416117217715427
2026-02-28 04:45:00,-1724753622,1724705818652400354585,276323,276323,276323,276323,0,1724705818652400354585,200049416117217715427
2026-02-28 04:47:00,1319070536,-1319044492516680480565,276323,276323,276323,276323,1319070536,0,200049416117217715427
2026-02-28 04:49:00,-348629133,348620453760412200802,276323,276323,276323,276323,0,348620453760412200802,200049416117217715427
2026-02-28 04:51:00,-829899403,829873855032464762991,276323,276323,276323,276323,0,829873855032464762991,200049416117217715427
2026-02-28 04:53:00,-804600000,804568657740688417368,276323,276323,276323,276323,0,804568657740688417368,200049416117217715427
2026-02-28 04:55:00,-1433095624,1433023769826630465471,276323,276323,276323,276323,0,1433023769826630465471,200049416117217715427
2026-02-28 04:57:00,4849405,-4849177000000000000,276323,276323,276323,276323,4849405,0,200049416117217715427
2026-02-28 04:59:00,2309350689,-2309268221555941113856,276323,276323,276323,276323,2309350689,0,200049416117217715427
2026-02-28 05:02:00,-605612665,605590138733979252855,276323,276323,276323,276323,0,605590138733979252855,200049416117217715427
2026-02-28 05:06:00,442095497,-442083114000000000000,276323,276323,276323,276323,442095497,0,200049416117217715427
2026-02-28 05:10:00,344926725,-344918419899087657668,276323,276323,276323,276323,344926725,0,200049416117217715427
2026-02-28 05:12:00,-594707166,594686156797863915912,276323,276323,276323,276323,0,594686156797863915912,200049416117217715427
2026-02-28 05:16:00,122742387,-122738989786445341624,276323,276323,276323,276323,122742387,0,200049416117217715427
2026-02-28 05:17:00,1038492929,-1038470703252036512110,276323,276323,276323,276323,1088169124,49674880864805078324,200049416117217715427
2026-02-28 05:19:00,907671343,-907660312344500905307,276323,276323,276323,276323,907671343,0,200049416117217715427
2026-02-28 05:20:00,-17630619,17630306024024735876,276323,276323,276323,276323,0,17630306024024735876,200049416117217715427
2026-02-28 05:22:00,833986966,-833983944701616964402,276323,276323,276323,276323,833986966,0,200049416117217715427
2026-02-28 05:25:00,-4409139011,4409000150717517842105,276323,276323,276323,276323,0,4409000150717517842105,200049416117217715427
2026-02-28 05:26:00,541836587,-541814468180451618524,276323,276323,276323,276323,541836587,0,200049416117217715427
2026-02-28 05:28:00,231929975,-231921404000000000000,276323,276323,276323,276323,231929975,0,200049416117217715427
2026-02-28 05:31:00,843181590,-843154960397284337730,276323,276323,276323,276323,843181590,0,200049416117217715427
2026-02-28 05:35:00,106309780,-106312428334152006463,276323,276323,276323,276323,656262739,549931849421843706335,200049416117217715427
2026-02-28 05:37:00,-30374794,30371562085956288299,276323,276323,276323,276323,212362050,242727736522231892078,200049416117217715427
2026-02-28 05:41:00,180910917,-180906267240838130274,276323,276323,276323,276323,180910917,0,200049416117217715427
2026-02-28 05:42:00,551030743,-551018595721200748459,276323,276323,276323,276323,551030743,0,200049416117217715427
2026-02-28 05:43:00,240151740,-240147396087135215447,276323,276323,276323,276323,240151740,0,200049416117217715427
2026-02-28 05:55:00,239877243,-239873479443197642206,276323,276323,276323,276323,239877243,0,200049416117217715427
2026-02-28 05:58:00,-32954869,32954056188540881490,276323,276323,276323,276323,0,32954056188540881490,200049416117217715427
2026-02-28 05:59:00,-159925646,159921548067774831848,276323,276323,276323,276323,0,159921548067774831848,200049416117217715427
2026-02-28 06:01:00,739966053,-739979145639156347251,276323,276324,276323,276324,2990370364,2250386813722951079623,200049416117217715427
2026-02-28 06:03:00,1600353900,-1600359648108872670751,276324,276323,276323,276324,2338749735,738379062845935869970,200059744540378135492
2026-02-28 06:04:00,-1919607419,1919583193142687544779,276323,276323,276323,276323,0,1919583193142687544779,200049416117217715427
2026-02-28 06:05:00,-8502220,8502030274071424130,276323,276323,276323,276323,0,8502030274071424130,200049416117217715427
2026-02-28 06:06:00,2961245378,-2961253041181574020742,276324,276323,276323,276324,2986388636,25142693864968490615,200059744540378135492
2026-02-28 06:07:00,-2052855907,2052841191593837935106,276323,276324,276323,276324,864396950,2917256339117442204210,200049416117217715427
2026-02-28 06:08:00,-324238313,324233500806156060130,276323,276323,276323,276323,0,324233500806156060130,200049416117217715427
2026-02-28 06:09:00,19762087,-19761961441342848647,276323,276323,276323,276323,19762087,0,200049416117217715427
2026-02-28 06:10:00,-2339965711,2333696584192795329395,276323,276323,276256,276323,107620452973,109889414704717774963571,200049416117217715427
2026-02-28 06:11:00,62186423,-62185072535057465344,276323,276323,276323,276323,62186423,0,200049416117217715427
2026-02-28 06:13:00,388275548,-388267989819809863064,276323,276323,276323,276323,388275548,0,200049416117217715427
2026-02-28 06:15:00,450364676,-450357807587325939494,276323,276323,276323,276323,451357676,992972624509403763,200049416117217715427
2026-02-28 06:16:00,-47448902,47389850196605301590,276323,276323,276323,276324,5794193436,5841599108247535338514,200049416117217715427
2026-02-28 06:17:00,5221134700,-5221224217918921477686,276323,276323,276323,276324,7594534894,2373346355433020585457,200049416117217715427
2026-02-28 06:18:00,10879181180,-10880412112355893768458,276325,276324,276322,276325,32703188336,21823997069263146909266,200059744540378135492
2026-02-28 06:19:00,-10619009101,10619769017245792945687,276324,276323,276323,276324,13615494457,24234899159031191168551,200059744540378135492
2026-02-28 06:20:00,-7237780103,7237744793067227959520,276323,276323,276323,276323,0,7237744793067227959520,200049416117217715427
2026-02-28 06:22:00,-1639658700,1639577942116457034953,276323,276323,276323,276323,0,1639577942116457034953,200049416117217715427
2026-02-28 06:23:00,2442520515,-2442434442000000000000,276323,276323,276323,276323,2442520515,0,200049416117217715427
2026-02-28 06:25:00,665609938,-665596824000000000000,276323,276323,276323,276323,665609938,0,200049416117217715427
2026-02-28 06:27:00,-3485087904,3484924673042559533440,276323,276323,276323,276323,1059542285,4544411559161390932348,200049416117217715427
2026-02-28 06:28:00,3232098443,-3231985121891180715770,276323,276323,276323,276323,3232098443,0,200049416117217715427
2026-02-28 06:29:00,2885354895,-2885341962188938412929,276324,276324,276324,276324,2885354895,0,200059744540378135492
2026-02-28 06:30:00,-3835940707,3835866924978672009884,276323,276323,276323,276323,0,3835866924978672009884,200049416117217715427
2026-02-28 06:31:00,221865773,-221876080045151620461,276323,276323,276323,276323,1858256771,1636314762638091755587,200049416117217715427
2026-02-28 06:32:00,1652923379,-1652910088384081686149,276323,276323,276323,276323,3287042767,1634046901214587061965,200049416117217715427
2026-02-28 06:33:00,340225525,-340222815496896763411,276323,276323,276323,276323,340225525,0,200049416117217715427
2026-02-28 06:35:00,584254307,-584259935333485649257,276323,276323,276323,276323,1342261199,757991690653421478211,200049416117217715427
2026-02-28 06:36:00,6069174477,-6069356036107639034056,276324,276324,276324,276324,6069174477,0,200059744540378135492
2026-02-28 06:37:00,-13894117181,13893850429660233887195,276323,276324,276323,276324,0,13893850429660233887195,200049416117217715427
2026-02-28 06:38:00,6994071889,-6993892860532769800522,276323,276323,276323,276325,19646979279,12653470697067464914767,200049416117217715427
2026-02-28 06:39:00,-18281996,18231416262586238411,276323,276323,276323,276323,5023514582,5041583503789723070664,200049416117217715427
2026-02-28 06:41:00,-739300000,739283286722716280431,276323,276323,276323,276323,0,739283286722716280431,200049416117217715427
2026-02-28 06:42:00,-992200000,992168982631591988204,276323,276323,276323,276323,0,992168982631591988204,200049416117217715427
2026-02-28 06:43:00,-127128209,127122782706619511423,276323,276323,276323,276323,74021791,201142511706619511423,200049416117217715427
2026-02-28 06:44:00,495222239,-495214609765034445058,276323,276323,276323,276323,971007560,475770969996584785603,200049416117217715427
2026-02-28 06:45:00,248885983,-248880683000000000000,276323,276323,276323,276323,248885983,0,200049416117217715427
2026-02-28 06:46:00,5465152554,-5465192263161095356229,276324,276324,276324,276324,5465152554,0,200059744540378135492
2026-02-28 06:48:00,2815461808,-2815599299821228916499,276324,276324,276324,276324,2865111808,49651207501869163562,200059744540378135492
2026-02-28 06:49:00,-3761518654,3748149930012189534581,276324,275788,275788,276324,115874196003,119557766239681570810229,200059744540378135492
2026-02-28 06:50:00,-3207292357,3207284133140049746054,276323,276324,276323,276324,1292174372,4499502384962653142353,200049416117217715427
2026-02-28 06:51:00,2728319084,-2728343836731894314088,276324,276324,276324,276324,2728319084,0,200059744540378135492
2026-02-28 06:53:00,-1000000000,1000007711111968299353,276324,276324,276324,276324,0,1000007711111968299353,200059744540378135492
2026-02-28 06:54:00,9974047205,-9974671548859676588455,276325,276324,276324,276325,9999375591,25328451140323411545,200059744540378135492
2026-02-28 06:55:00,-12279473892,12279977922457712216997,276323,276323,276323,276323,0,12279977922457712216997,200049416117217715427
2026-02-28 06:56:00,1663814606,-1663843843805307254110,276324,276323,276323,276324,4923200877,3259266890350443936371,200059744540378135492
2026-02-28 06:57:00,-89609279,89596438176583681743,276323,276324,276323,276324,1246537139,1336134186917322601636,200049416117217715427
2026-02-28 06:59:00,460925784,-460949730911405800817,276324,276324,276323,276324,2500006211,2039050269088594199183,200059744540378135492
2026-02-28 07:00:00,-240000000,239999714813055035876,276324,276324,276324,276324,0,239999714813055035876,200059744540378135492
2026-02-28 07:01:00,-739300000,739295502077360112789,276323,276323,276323,276323,0,739295502077360112789,200049416117217715427
2026-02-28 07:02:00,-3654871312,3475493318804625684187,276323,275320,275319,276323,108158281295,111569016807372291144869,200049416117217715427
2026-02-28 07:04:00,-881714754,881683491290802387439,276323,276323,276323,276323,299035246,1180713904836216240609,200049416117217715427
2026-02-28 07:06:00,400963660,-400953850000000000000,276323,276323,276323,276323,400963660,0,200049416117217715427
2026-02-28 07:07:00,50197991,-50196876000000000000,276323,276323,276323,276323,50197991,0,200049416117217715427
2026-02-28 07:08:00,560343967,-560333231000000000000,276323,276323,276323,276323,560343967,0,200049416117217715427
2026-02-28 07:10:00,211579932,-211576695000000000000,276323,276323,276323,276323,211579932,0,200049416117217715427
2026-02-28 07:11:00,2400005393,-2400000000000000000000,276324,276324,276324,276324,2400005393,0,200059744540378135492
2026-02-28 07:12:00,-3873304484,3873228520441795374712,276323,276323,276323,276323,0,3873228520441795374712,200049416117217715427
2026-02-28 07:14:00,10000289,-10000000000000000000,276323,276323,276323,276323,10000289,0,200049416117217715427
2026-02-28 07:16:00,249398935,-249392046000000000000,276323,276323,276323,276323,249398935,0,200049416117217715427
2026-02-28 07:17:00,1520516667,-1520488113000000000000,276323,276323,276323,276323,1520516667,0,200049416117217715427
2026-02-28 07:18:00,257555163,-257552616000000000000,276323,276323,276323,276323,257555163,0,200049416117217715427
2026-02-28 07:23:00,-102811470,102809503536155913544,276323,276323,276323,276323,0,102809503536155913544,200049416117217715427
2026-02-28 07:25:00,3831723750,-3831760582156801512032,276324,276323,276323,276324,3866254750,34530315794654171363,200059744540378135492
2026-02-28 07:26:00,-4810029019,4809963972432425336841,276323,276324,276323,276324,3922236941,8732361082099743126139,200049416117217715427
2026-02-28 07:27:00,-7810072723,7809537141352894685007,276323,276323,276323,276323,99000437,7908535705967287488358,200049416117217715427
2026-02-28 07:28:00,2163244226,-2163056731238317161248,276323,276323,276323,276323,2163244226,0,200049416117217715427
2026-02-28 07:29:00,1384215751,-1384120320000000000000,276323,276323,276323,276323,1384215751,0,200049416117217715427
2026-02-28 07:30:00,3952498710,-3952331647337831014675,276323,276323,276323,276323,3952498710,0,200049416117217715427
2026-02-28 07:33:00,198928405,-198924125000000000000,276323,276323,276323,276323,198928405,0,200049416117217715427
2026-02-28 07:34:00,1101516540,-1101500000000000000000,276323,276323,276323,276323,1101516540,0,200049416117217715427
2026-02-28 07:35:00,-1579231121,1579187842160411631218,276323,276323,276323,276323,0,1579187842160411631218,200049416117217715427
2026-02-28 07:36:00,-1067362029,1067318658187851916547,276323,276323,276323,276323,0,1067318658187851916547,200049416117217715427
2026-02-28 07:37:00,545724442,-545706302000000000000,276323,276323,276323,276323,545724442,0,200049416117217715427
2026-02-28 07:38:00,404770600,-404767275685146829020,276323,276323,276323,276323,1225420600,820623439314853170980,200049416117217715427
2026-02-28 07:39:00,-572402648,572380135754804005724,276323,276323,276323,276323,0,572380135754804005724,200049416117217715427
2026-02-28 07:40:00,-900000000,899957981374648356135,276323,276323,276323,276323,0,899957981374648356135,200049416117217715427
2026-02-28 07:43:00,5408850264,-5408781027061988207820,276324,276323,276323,276324,6138244852,729399352962768702629,200059744540378135492
2026-02-28 07:44:00,-513250062,513250225216744383145,276324,276324,276324,276324,0,513250225216744383145,200059744540378135492
2026-02-28 07:45:00,-950213276,950206629384314284982,276323,276323,276323,276323,0,950206629384314284982,200049416117217715427
2026-02-28 07:46:00,-328447206,328442808891977982624,276323,276323,276323,276323,0,328442808891977982624,200049416117217715427
2026-02-28 07:47:00,-64973964,64972966401781043543,276323,276323,276323,276323,0,64972966401781043543,200049416117217715427
2026-02-28 07:48:00,-1255489426,1255461864583642480814,276323,276323,276323,276323,0,1255461864583642480814,200049416117217715427
2026-02-28 07:50:00,164077258,-164096754443188111859,276323,276324,276323,276324,2399077258,2234965544556811888141,200049416117217715427
2026-02-28 07:54:00,-2105751693,2105649655733262349404,276323,276323,276323,276324,2388317521,4493951005408321195541,200049416117217715427
2026-02-28 07:56:00,275409337,-275399351123233389142,276323,276323,276323,276323,275409337,0,200049416117217715427
2026-02-28 07:57:00,130014913,-130010462277602926023,276323,276323,276323,276323,130014913,0,200049416117217715427
2026-02-28 07:59:00,2226097729,-2226047735270303631000,276323,276323,276323,276323,2226097729,0,200049416117217715427
2026-02-28 08:01:00,-172571254,172563194083079492825,276323,276323,276323,276323,422889951,595446730114235574387,200049416117217715427
2026-02-28 08:02:00,864236102,-864228552134262718536,276323,276323,276323,276323,864236102,0,200049416117217715427
2026-02-28 08:03:00,-1145400000,1145376929714058996052,276323,276323,276323,276323,0,1145376929714058996052,200049416117217715427
2026-02-28 08:04:00,15298515053,-15299460629720954757244,276325,276323,276323,276325,17135914343,1837352875578391245495,200059744540378135492
2026-02-28 08:05:00,-14355163098,14355949934752353648762,276323,276323,276323,276323,732675122,15088617659309245295463,200049416117217715427
2026-02-28 08:06:00,816457326,-816455404927507400052,276323,276323,276323,276323,816457326,0,200049416117217715427
2026-02-28 08:07:00,-253687014,253684593011714897899,276323,276323,276323,276323,0,253684593011714897899,200049416117217715427
2026-02-28 08:08:00,-3029911774,3029833134059408125059,276323,276323,276323,276323,0,3029833134059408125059,200049416117217715427
2026-02-28 08:10:00,442338897,-442326118732591635678,276323,276323,276323,276323,442338897,0,200049416117217715427
2026-02-28 08:11:00,-140924580,140917487782686402527,276323,276323,276323,276323,182305076,323217866781206441887,200049416117217715427
2026-02-28 08:12:00,432002099,-431990899845849908216,276323,276323,276323,276323,432002099,0,200049416117217715427
2026-02-28 08:13:00,249238947,-249233333962384460917,276323,276323,276323,276323,249238947,0,200049416117217715427
2026-02-28 08:14:00,463908288,-463903009671655544553,276323,276323,276323,276323,815390627,351473593124851760633,200049416117217715427
2026-02-28 08:15:00,-79440000,79437851527957417916,276323,276323,276323,276323,0,79437851527957417916,200049416117217715427
2026-02-28 08:19:00,1005397,-1005379993161441039,276323,276323,276323,276323,1005397,0,200049416117217715427
2026-02-28 08:20:00,1431227653,-1431212957618496810943,276323,276323,276323,276323,1431227653,0,200049416117217715427
2026-02-28 08:21:00,3843220126,-3843283503774603338691,276324,276324,276324,276324,3994411528,151195342516219755563,200059744540378135492
2026-02-28 08:23:00,-4858205949,4858210673499723967247,276323,276323,276323,276323,24643075,4882853419021575316220,200049416117217715427
2026-02-28 08:25:00,2491239242,-2491243230835639081582,276324,276324,276324,276324,3091239242,600002786324465518418,200059744540378135492
2026-02-28 08:27:00,-844334677,844332501976632135011,276324,276324,276324,276324,0,844332501976632135011,200059744540378135492
2026-02-28 08:28:00,-1194022479,1194007235902814908788,276323,276323,276323,276323,0,1194007235902814908788,200049416117217715427
2026-02-28 08:35:00,410470897,-410470154364649099229,276323,276323,276323,276323,610270897,199796057605286857867,200049416117217715427
2026-02-28 08:36:00,-1276483817,1276454983591512131648,276323,276323,276323,276323,201376883,1477828161814883261429,200049416117217715427
2026-02-28 08:37:00,1550014946,-1550000000000000000000,276323,276323,276323,276323,1550014946,0,200049416117217715427
2026-02-28 08:38:00,1363400497,-1363423206838524502942,276324,276324,276324,276324,2963400497,1600015573007574784026,200059744540378135492
2026-02-28 08:41:00,-1662987377,1662976437979762074986,276323,276324,276323,276324,0,1662976437979762074986,200049416117217715427
2026-02-28 08:43:00,-699663104,699650238628030707721,276323,276323,276323,276323,0,699650238628030707721,200049416117217715427
2026-02-28 08:44:00,928967928,-928961202052353792598,276323,276323,276323,276323,928967928,0,200049416117217715427
2026-02-28 08:46:00,-303965435,303961143879761842859,276323,276323,276323,276323,0,303961143879761842859,200049416117217715427
2026-02-28 08:49:00,950668395,-950670545152222528334,276324,276324,276324,276324,1249497928,298828146131178626424,200059744540378135492
2026-02-28 08:50:00,-47861445,47861139378605753266,276324,276324,276324,276324,0,47861139378605753266,200059744540378135492
2026-02-28 08:51:00,330607783,-330611439136738552720,276324,276323,276323,276324,529207783,198598488922730737801,200059744540378135492
2026-02-28 08:52:00,-1565943858,1556878503201367445328,276323,276324,276214,276324,109658672695,111150792114460296007504,200049416117217715427
2026-02-28 08:53:00,532213102,-532217589407876725875,276324,276324,276324,276324,927252611,395037785888991293378,200059744540378135492
2026-02-28 08:54:00,-58757538,58757148335503692125,276324,276324,276324,276324,0,58757148335503692125,200059744540378135492
2026-02-28 08:55:00,-3085681681,3084619373105289165031,276323,276323,276313,276323,99361735111,102396133865633735571687,200049416117217715427
2026-02-28 08:57:00,325751103,-325742589452640939817,276323,276323,276323,276323,325751103,0,200049416117217715427
2026-02-28 08:58:00,1681849516,-1681822436694138681239,276323,276323,276323,276323,1681849516,0,200049416117217715427
2026-02-28 08:59:00,-451362499,451353492760204976013,276323,276323,276323,276323,0,451353492760204976013,200049416117217715427
2026-02-28 09:00:00,-200000000,199995358656754292488,276323,276323,276323,276323,0,199995358656754292488,200049416117217715427
2026-02-28 09:01:00,-356824162,356805955840402663856,276323,276323,276323,276323,893175838,1249961931742503559694,200049416117217715427
2026-02-28 09:09:00,67779411,-67778230233120568180,276323,276323,276323,276323,67779411,0,200049416117217715427
2026-02-28 09:13:00,492740358,-492735629466766893774,276323,276323,276323,276323,740790358,248042970533233106226,200049416117217715427
2026-02-28 09:15:00,-518503978,518491137454339724459,276323,276323,276323,276323,0,518491137454339724459,200049416117217715427
2026-02-28 09:16:00,20000061,-19999716411973672017,276323,276323,276323,276323,20000061,0,200049416117217715427
2026-02-28 09:17:00,282552683,-285931830172152904475,276323,276323,275821,276323,110239976607,109889272062942960923010,200049416117217715427
2026-02-28 09:19:00,186777353,-186832531828713628242,276323,276324,276323,276324,5945905673,5759167468171286371758,200049416117217715427
2026-02-28 09:21:00,741198879,-741193664237757863226,276323,276323,276323,276323,833599923,92399380986976469857,200049416117217715427
2026-02-28 09:24:00,-1624576500,1624539621407960022734,276323,276323,276323,276323,0,1624539621407960022734,200049416117217715427
2026-02-28 09:26:00,-676390550,676367416145108084591,276323,276323,276323,276323,0,676367416145108084591,200049416117217715427
2026-02-28 09:27:00,389144933,-389134956295397017019,276323,276323,276323,276323,389144933,0,200049416117217715427
2026-02-28 09:30:00,223297749,-223292708000000000000,276323,276323,276323,276323,223297749,0,200049416117217715427
2026-02-28 09:33:00,902865432,-902850132065518966759,276323,276323,276323,276323,902865432,0,200049416117217715427
2026-02-28 09:34:00,-3346819865,3346664325827362666647,276323,276323,276323,276323,2446734345,5793256462712410227997,200049416117217715427
2026-02-28 09:36:00,2511802143,-2511718407812897900006,276323,276323,276323,276323,2511802143,0,200049416117217715427
2026-02-28 09:37:00,925985386,-925970429000000000000,276323,276323,276323,276323,925985386,0,200049416117217715427
2026-02-28 09:38:00,555010920,-555006063792767984736,276323,276323,276323,276323,555010920,0,200049416117217715427
2026-02-28 09:40:00,-122794295,122792257865904912134,276323,276323,276323,276323,0,122792257865904912134,200049416117217715427
2026-02-28 09:41:00,800790290,-800787727309872407507,276323,276323,276323,276323,800790290,0,200049416117217715427
2026-02-28 09:42:00,-1560024769,1559997735314176696595,276323,276323,276323,276323,51895426,1611893217191024026527,200049416117217715427
2026-02-28 09:43:00,39418538,-39417963056039402907,276323,276323,276323,276323,39418538,0,200049416117217715427
2026-02-28 09:44:00,193883259,-193880655491778192518,276323,276323,276323,276323,193883259,0,200049416117217715427
2026-02-28 09:46:00,495958354,-495953404229478423698,276323,276323,276323,276323,495958354,0,200049416117217715427
2026-02-28 09:47:00,297457972,-297456183000000000000,276323,276323,276323,276323,297457972,0,200049416117217715427
2026-02-28 09:49:00,2995126544,-2995157821232323145493,276324,276324,276324,276324,2995126544,0,200059744540378135492
2026-02-28 09:50:00,-64470686,64471658301540128142,276324,276324,276324,276324,0,64471658301540128142,200059744540378135492
2026-02-28 09:51:00,-1674069656,1674080371267513462941,276324,276324,276324,276324,0,1674080371267513462941,200059744540378135492
2026-02-28 09:52:00,-2882239215,2822562935058918691865,275917,275917,275917,276323,109216029290,111973832938592343577625,4999993390435
2026-02-28 09:54:00,263015031,-263013777396277816315,276323,276323,276323,276323,263015031,0,200049416117217715427
2026-02-28 09:55:00,39990051,-39989921633572529648,276323,276323,276323,276323,39990051,0,200049416117217715427
2026-02-28 09:56:00,-236755588,236752216476341264355,276323,276323,276323,276323,0,236752216476341264355,200049416117217715427
2026-02-28 09:59:00,99300488,-99300000000000000000,276323,276323,276323,276323,99300488,0,200049416117217715427
2026-02-28 10:00:00,-205510628,205507451724936569571,276323,276323,276323,276323,0,205507451724936569571,200049416117217715427
2026-02-28 10:01:00,-137652898,116465196405521499840,276323,276323,274080,276323,109139444755,109191090244966473693566,200049416117217715427
2026-02-28 10:03:00,189037031,-189035914435577284271,276323,276323,276323,276323,189037031,0,200049416117217715427
2026-02-28 10:05:00,372253330,-372252175640917753649,276323,276323,276323,276323,372253330,0,200049416117217715427
2026-02-28 10:06:00,-943298992,943283940689399353052,276323,276323,276323,276323,0,943283940689399353052,200049416117217715427
2026-02-28 10:07:00,359182528,-359182624202474573712,276323,276323,276323,276323,687575103,328387505134209874719,200049416117217715427
2026-02-28 10:18:00,-25574116,25560727982377211358,276323,276323,276323,276323,1294785701,1320328550982377211358,200049416117217715427
2026-02-28 10:25:00,1000002336,-1000000000000000000000,276324,276324,276324,276324,1000002336,0,200059744540378135492
2026-02-28 10:28:00,765708492,-765713461948404738224,276324,276324,276324,276324,765708492,0,200059744540378135492
2026-02-28 10:29:00,200981698,-200983974000000000000,276324,276324,276324,276324,200981698,0,200059744540378135492
2026-02-28 10:30:00,-199800000,199800265182909274042,276324,276324,276324,276324,0,199800265182909274042,200059744540378135492
2026-02-28 10:31:00,9510638984,-9511189369500000000000,276325,276325,276325,276325,9510638984,0,200059744540378135492
2026-02-28 10:32:00,-8663643506,8664088168094016943126,276324,276324,276324,276324,674845150,9338943726622516943126,200059744540378135492
2026-02-28 10:34:00,-422669422,414793241322894870072,276324,276003,276003,276324,111496529349,111846576210471288993426,200059744540378135492
2026-02-28 10:35:00,-274723947,274725414847337830343,276324,276324,276324,276324,0,274725414847337830343,200059744540378135492
2026-02-28 10:37:00,-488854015,488854442346812435235,276324,276324,276324,276324,31926596,520781323346812435235,200059744540378135492
2026-02-28 10:39:00,-995006000,995000138503092531000,276323,276323,276323,276323,0,995000138503092531000,200049416117217715427
2026-02-28 10:45:00,-763519434,739222367541410530628,276323,275500,275500,276323,109467422504,110141877954250099000644,200049416117217715427
2026-02-28 10:46:00,1558931263,-1558969977808974807033,276324,276324,276324,276324,5081920950,3523051820578903009392,200059744540378135492
2026-02-28 10:47:00,402599936,-402604863811277885731,276324,276324,276324,276324,410583936,7984014699951504498,200059744540378135492
2026-02-28 10:48:00,-2976887277,2976855039731370581974,276323,276323,276323,276323,0,2976855039731370581974,200049416117217715427
2026-02-28 10:50:00,1207135179,-1207123500000000000000,276323,276323,276323,276323,1207135179,0,200049416117217715427
2026-02-28 10:51:00,2679124605,-2679150732000000000000,276324,276324,276324,276324,2679124605,0,200059744540378135492
2026-02-28 10:52:00,-2803229740,2803224908352794476166,276323,276323,276323,276323,239285414,3042508868352794476166,200049416117217715427
2026-02-28 10:53:00,-70006028,70004960745046487727,276323,276323,276323,276323,0,70004960745046487727,200049416117217715427
2026-02-28 10:54:00,250001082,-250000000000000000000,276323,276323,276323,276323,250001082,0,200049416117217715427
2026-02-28 10:55:00,339191586,-339191116790483526274,276323,276323,276323,276323,339191586,0,200049416117217715427
2026-02-28 10:56:00,-231873383,231869866451195237465,276323,276323,276323,276323,99999919,331869866451195237465,200049416117217715427
2026-02-28 10:57:00,-74475005,74474082279074643583,276323,276323,276323,276323,0,74474082279074643583,200049416117217715427
2026-02-28 10:59:00,-314827788,314818580193473720635,276323,276323,276323,276323,469593945,784408652193473720635,200049416117217715427
2026-02-28 11:01:00,545248417,-545246686000000000000,276323,276323,276323,276323,545248417,0,200049416117217715427
2026-02-28 11:02:00,583167865,-583171781424621630793,276324,276324,276323,276324,830721765,247552216575378369207,200059744540378135492
2026-02-28 11:04:00,-496100000,496096475639495771228,276323,276323,276323,276323,0,496096475639495771228,200049416117217715427
2026-02-28 11:13:00,3693563510,-3804641766352648850546,276324,276343,276324,276729,112854576985,109225198025432726082446,200059744540378135492
2026-02-28 11:17:00,1088157198,-1088174815910723091252,276324,276324,276324,276324,1088157198,0,200059744540378135492
2026-02-28 11:18:00,-2155870000,2155871838150976530982,276323,276324,276323,276324,0,2155871838150976530982,200049416117217715427
2026-02-28 11:27:00,-248050000,248047230307981649593,276323,276323,276323,276323,0,248047230307981649593,200049416117217715427
2026-02-28 11:28:00,701473680,-701474456106980941899,276324,276324,276324,276324,701473680,0,200059744540378135492
2026-02-28 11:32:00,-1241643387,1241628986512988670722,276323,276323,276323,276323,0,1241628986512988670722,200049416117217715427
2026-02-28 11:33:00,1226011329,-1226009277000000000000,276324,276323,276323,276324,1226011329,0,200059744540378135492
2026-02-28 11:34:00,448214519,-448217520060368638347,276324,276324,276324,276324,448214519,0,200059744540378135492
2026-02-28 11:36:00,-97953936,97953783453068923064,276324,276324,276324,276324,0,97953783453068923064,200059744540378135492
2026-02-28 11:38:00,156041210,-156042574000000000000,276324,276324,276324,276324,156041210,0,200059744540378135492
2026-02-28 11:39:00,-8228072,8228066814168874297,276324,276324,276324,276324,0,8228066814168874297,200059744540378135492
2026-02-28 11:40:00,-483776993,483775548781407299125,276324,276324,276324,276324,0,483775548781407299125,200059744540378135492
2026-02-28 11:42:00,846291270,-846298741000000000000,276324,276324,276324,276324,846291270,0,200059744540378135492
2026-02-28 11:43:00,-273852509,269793903016050130131,276324,276107,276107,276324,110994905817,111199946915814034865363,200059744540378135492
2026-02-28 11:46:00,-664894431,664893353082389990187,276324,276324,276324,276324,0,664893353082389990187,200059744540378135492
2026-02-28 11:47:00,1149951999,-1149964424293765296813,276324,276324,276324,276324,1149951999,0,200059744540378135492
2026-02-28 11:48:00,-19860000,19860127456725717854,276324,276324,276324,276324,0,19860127456725717854,200059744540378135492
2026-02-28 11:49:00,-71496000,71496428195824929938,276324,276324,276324,276324,0,71496428195824929938,200059744540378135492
2026-02-28 11:53:00,-796994914,793773186981671006917,276270,276324,276270,276324,110991132140,111720153027716849398469,4999993390435
2026-02-28 11:54:00,-249375000,249375104427970153746,276324,276324,276324,276324,0,249375104427970153746,200059744540378135492
2026-02-28 11:58:00,12682348,-12684631436888598064,276324,276324,276324,276324,229248352,216565590245058320848,200059744540378135492
2026-02-28 12:01:00,-346919017,346918172016990537543,276324,276324,276324,276324,0,346918172016990537543,200059744540378135492
2026-02-28 12:03:00,468794976,-468798809000000000000,276324,276324,276324,276324,468794976,0,200059744540378135492
2026-02-28 12:04:00,-18643824,18643831138674029368,276324,276324,276324,276324,0,18643831138674029368,200059744540378135492
2026-02-28 12:06:00,-330005088,330002971349217822436,276324,276324,276324,276324,168147654,498152503924338338484,200059744540378135492
2026-02-28 12:07:00,60004558,-60006409743636797630,276324,276324,276324,276324,201091817,141086740269116325006,200059744540378135492
2026-02-28 12:08:00,546326235,-546331897780586542176,276324,276324,276324,276324,546326235,0,200059744540378135492
2026-02-28 12:11:00,270064995,-270068937450582545983,276324,276324,276324,276324,274077677,4012693398431574878,200059744540378135492
2026-02-28 12:12:00,-919997855,919998954675691736256,276324,276324,276324,276324,0,919998954675691736256,200059744540378135492
2026-02-28 12:13:00,1020588206,-1020600146000000000000,276324,276324,276324,276324,1020588206,0,200059744540378135492
2026-02-28 12:14:00,919387655,-919407326000000000000,276324,276324,276324,276324,919387655,0,200059744540378135492
2026-02-28 12:15:00,-337375690,337380514869349109655,276324,276324,276324,276324,0,337380514869349109655,200059744540378135492
2026-02-28 12:17:00,1033551590,-1033580853004934467390,276324,276324,276324,276324,1088149157,54598834947781531236,200059744540378135492
2026-02-28 12:18:00,-1800000000,1800025115959467460972,276324,276324,276324,276324,0,1800025115959467460972,200059744540378135492
2026-02-28 12:19:00,-541504121,541498738133643024167,276324,276324,276324,276324,659995879,1201498738133643024167,200059744540378135492
2026-02-28 12:21:00,210783976,-210787199918076551375,276324,276324,276324,276324,309783976,99000212310662431623,200059744540378135492
2026-02-28 12:23:00,199530398,-199532922000000000000,276324,276324,276324,276324,199530398,0,200059744540378135492
2026-02-28 12:24:00,-599300100,599300488335516968377,276324,276324,276324,276324,0,599300488335516968377,200059744540378135492
2026-02-28 12:26:00,418985875,-418989960000000000000,276324,276324,276324,276324,418985875,0,200059744540378135492
2026-02-28 12:27:00,-207615488,207615654014490652015,276324,276324,276324,276324,0,207615654014490652015,200059744540378135492
2026-02-28 12:28:00,-158441769,158441605700425233991,276324,276324,276324,276324,0,158441605700425233991,200059744540378135492
2026-02-28 12:33:00,-538947501,515685987139281082248,276324,275499,275499,276324,110384492109,110835412099244214048648,200059744540378135492
2026-02-28 12:34:00,-252143840,252142412300036856595,276324,276324,276324,276324,0,252142412300036856595,200059744540378135492
2026-02-28 12:35:00,88654357,-88654670000000000000,276324,276324,276324,276324,88654357,0,200059744540378135492
2026-02-28 12:38:00,9999969,-10000009852203912010,276324,276324,276324,276324,9999969,0,200059744540378135492
2026-02-28 12:39:00,26718684,-26718796572829985122,276324,276324,276324,276324,26718684,0,200059744540378135492
2026-02-28 12:40:00,831544468,-831551527356193214524,276324,276324,276324,276324,831544468,0,200059744540378135492
2026-02-28 12:41:00,-799000000,798998922192956741631,276324,276324,276324,276324,0,798998922192956741631,200059744540378135492
2026-02-28 12:42:00,547646995,-547654901789479821716,276324,276323,276323,276324,933116408,385466610087066266565,200059744540378135492
2026-02-28 12:43:00,21578421,-21578642573639008030,276324,276324,276324,276324,21578421,0,200059744540378135492
2026-02-28 12:44:00,-1316877850,1316869637450285366214,276323,276324,276323,276324,0,1316869637450285366214,200049416117217715427
2026-02-28 12:45:00,2170546887,-2170564576074765783970,276324,276324,276324,276324,2195546887,25000225177329560190,200059744540378135492
2026-02-28 12:46:00,-461581558,458248785823909321714,276324,276227,276227,276324,111483309035,111876812393135620266994,200059744540378135492
2026-02-28 12:47:00,382976233,-382983319013231028265,276324,276324,276324,276324,382976233,0,200059744540378135492
2026-02-28 12:48:00,2185780855,-2185849360565320041550,276324,276324,276324,276324,2185780855,0,200059744540378135492
2026-02-28 12:49:00,-4671105406,4671138969760672452531,276323,276323,276323,276324,808734218,5479875380889567196259,200049416117217715427
2026-02-28 12:51:00,397529363,-397528391875827690982,276323,276323,276323,276323,397529363,0,200049416117217715427
2026-02-28 12:52:00,1825577491,-1825593317635768318735,276324,276324,276324,276324,1825577491,0,200059744540378135492
2026-02-28 12:53:00,356308917,-356315892075322146816,276324,276324,276324,276324,356308917,0,200059744540378135492
2026-02-28 12:54:00,-883380549,883386679533653641821,276324,276324,276324,276324,0,883386679533653641821,200059744540378135492
2026-02-28 12:55:00,-527598806,527594019905500687425,276324,276324,276324,276324,472401526,999999756355111627432,200059744540378135492
2026-02-28 12:59:00,867841837,-867851895172335059690,276324,276324,276324,276324,867841837,0,200059744540378135492
2026-02-28 13:00:00,200986293,-200989696272106121864,276324,276324,276324,276324,200986293,0,200059744540378135492
2026-02-28 13:01:00,-502725917,502723581988729418268,276324,276324,276324,276324,505913155,1008647090988729418268,200059744540378135492
2026-02-28 13:03:00,389438229,-389444110318365667235,276324,276324,276324,276324,398964020,9525818681634332765,200059744540378135492
2026-02-28 13:06:00,-1121571229,1121569297249973934023,276324,276324,276324,276324,327233571,1448808902249973934023,200059744540378135492
2026-02-28 13:07:00,-2128000000,2127967979352338033884,276323,276323,276323,276323,0,2127967979352338033884,200049416117217715427
2026-02-28 13:08:00,500165067,-500158473986662543145,276323,276323,276323,276323,500165067,0,200049416117217715427
2026-02-28 13:10:00,230669546,-230667348139697080907,276323,276323,276323,276323,230669546,0,200049416117217715427
2026-02-28 13:11:00,1206834495,-1206831666000000000000,276324,276324,276324,276324,1206834495,0,200059744540378135492
2026-02-28 13:13:00,14954451,-14954508000000000000,276324,276324,276324,276324,14954451,0,200059744540378135492
2026-02-28 13:15:00,-479606387,479602279782773732823,276323,276323,276323,276323,0,479602279782773732823,200049416117217715427
2026-02-28 13:16:00,206888164,-206888181000000000000,276323,276323,276323,276323,206888164,0,200049416117217715427
2026-02-28 13:17:00,1326358634,-1326368903016522306598,276324,276324,276324,276324,1326358634,0,200059744540378135492
2026-02-28 13:27:00,444174231,-444181601000000000000,276324,276324,276324,276324,444174231,0,200059744540378135492
2026-02-28 13:29:00,-111102447,111103363728066420967,276324,276324,276324,276324,0,111103363728066420967,200059744540378135492
2026-02-28 13:30:00,-62630388,62630849813469578051,276324,276324,276324,276324,0,62630849813469578051,200059744540378135492
2026-02-28 13:31:00,-278430883,278432464300139791145,276324,276324,276324,276324,0,278432464300139791145,200059744540378135492
2026-02-28 13:32:00,-137477158,137475169866830726232,276324,276324,276324,276324,248304388,385783414866830726232,200059744540378135492
2026-02-28 13:35:00,-383854383,383854765192389082890,276324,276324,276324,276324,0,383854765192389082890,200059744540378135492
2026-02-28 13:36:00,511040933,-511046879000000000000,276324,276324,276324,276324,511040933,0,200059744540378135492
2026-02-28 13:39:00,390980369,-391044053945678327752,276324,276324,276324,276324,6128017937,5737248543701704966284,200059744540378135492
2026-02-28 13:43:00,-368910700,368913006253292677199,276324,276324,276324,276324,0,368913006253292677199,200059744540378135492
2026-02-28 13:46:00,-625576500,625577301725831321023,276324,276324,276324,276324,0,625577301725831321023,200059744540378135492
2026-02-28 13:49:00,-473482650,473158045877550244841,276324,276322,276320,276324,32262890554,32731630088843823113075,200059744540378135492
2026-02-28 13:50:00,425747872,-425896949910682350837,276324,276323,276323,276324,15096473861,14670845988184055200686,200059744540378135492
2026-02-28 13:51:00,-6732309806,6732061733939275413235,276323,276324,276323,276324,589682076,7321732204864122960920,200049416117217715427
2026-02-28 13:52:00,9000939067,-9000811365201139784653,276324,276324,276323,276324,9400539067,399602504798860215347,200059744540378135492
2026-02-28 13:53:00,-1790211823,1790232251420351920687,276324,276324,276324,276324,0,1790232251420351920687,200059744540378135492
2026-02-28 13:54:00,-11619907,11619934047049088787,276324,276324,276324,276324,0,11619934047049088787,200059744540378135492
2026-02-28 13:55:00,-500000000,499999923904777130634,276324,276324,276324,276324,0,499999923904777130634,200059744540378135492
2026-02-28 13:59:00,-613457293,613445543638907524733,276323,276323,276323,276323,823934991,1437378143638907524733,200049416117217715427
2026-02-28 14:00:00,-83895486,83892233082017404288,276323,276323,276323,276323,248050214,331942233082017404288,200049416117217715427
2026-02-28 14:01:00,-1454020564,1453945917447791868243,276323,276324,276323,276324,5008298705,6462358092239611528735,200049416117217715427
2026-02-28 14:02:00,1977988946,-1977980497000000000000,276324,276324,276324,276324,1977988946,0,200059744540378135492
2026-02-28 14:03:00,487068452,-487072374000000000000,276324,276324,276324,276324,487068452,0,200059744540378135492
2026-02-28 14:04:00,-419157829,419157153831437977863,276324,276324,276324,276324,0,419157153831437977863,200059744540378135492
2026-02-28 14:09:00,595325354,-595330873000000000000,276324,276324,276324,276324,595325354,0,200059744540378135492
2026-02-28 14:12:00,1689249997,-1689356721554547446688,276324,276324,276324,276324,8866182672,7177327480337366160201,200059744540378135492
2026-02-28 14:13:00,-5096390869,3999300194608339993968,276324,276304,270787,276324,222707445208,226576666737965488701402,200059744540378135492
2026-02-28 14:14:00,397657899,-397662254000000000000,276324,276324,276324,276324,397657899,0,200059744540378135492
2026-02-28 14:15:00,432242044,-432252978232290021815,276324,276324,276324,276324,872827575,440589698767709978185,200059744540378135492
2026-02-28 14:16:00,-477140950,477143275645283765432,276324,276324,276324,276324,0,477143275645283765432,200059744540378135492
2026-02-28 14:17:00,349005678,-349018037915244389454,276324,276324,276324,276324,1088169922,739171394186897723379,200059744540378135492
2026-02-28 14:19:00,-1217552,478923488437565,276324,110742,110022,276324,131858190789,111363246372012207580477,200059744540378135492
2026-02-28 14:20:00,1479800710,-1479835294000000000000,276324,276324,276324,276324,1479800710,0,200059744540378135492
2026-02-28 14:22:00,544037099,-544098494583555118769,276324,276324,276324,276324,4861444971,4317614192177760178101,200059744540378135492
2026-02-28 14:23:00,-15914960,15915375381609266681,276324,276324,276324,276324,0,15915375381609266681,200059744540378135492
2026-02-28 14:24:00,-1701148500,1701178344343526677268,276324,276324,276324,276324,0,1701178344343526677268,200059744540378135492
2026-02-28 14:25:00,-478678807,359734581385616254478,276324,271285,271285,276324,111549808116,111844479452016758754342,200059744540378135492
2026-02-28 14:26:00,99988375,-99990149000000000000,276324,276324,276324,276324,99988375,0,200059744540378135492
2026-02-28 14:30:00,-2179461,2179478824285775991,276324,276324,276324,276324,0,2179478824285775991,200059744540378135492
2026-02-28 14:33:00,-71934395,71934959713614600851,276324,276324,276324,276324,0,71934959713614600851,200059744540378135492
2026-02-28 14:35:00,-295597156,295597867460399383236,276324,276324,276324,276324,106608487,402207848105592694035,200059744540378135492
2026-02-28 14:37:00,-2408218371,2408199312416630731568,276323,276323,276323,276323,99989446,2508188524590103082588,200049416117217715427
2026-02-28 14:38:00,2037533676,-2037535002143599669952,276324,276323,276323,276324,2037533676,0,200059744540378135492
2026-02-28 14:39:00,290486366,-290489936073027591862,276324,276324,276324,276324,290486366,0,200059744540378135492
2026-02-28 14:40:00,248046284,-248050000000000000000,276324,276324,276324,276324,248046284,0,200059744540378135492
2026-02-28 14:41:00,96011068,-96012711340400192409,276324,276324,276324,276324,99977506,3966462418480829587,200059744540378135492
2026-02-28 14:47:00,1482413414,-1482449865000000000000,276324,276324,276324,276324,1482413414,0,200059744540378135492
2026-02-28 14:48:00,-5540621285,5532338734836349486029,276277,276324,276277,276324,111482745724,116950339110719662408653,4999993390435
2026-02-28 14:50:00,11395444,-11395355000000000000,276323,276323,276323,276323,11395444,0,200049416117217715427
2026-02-28 14:52:00,556707183,-556722471873699545749,276323,276323,276323,276323,2364144338,1807388673126300454251,200049416117217715427
2026-02-28 14:53:00,1472221446,-1472229009997751417295,276324,276324,276324,276324,1472221446,0,200059744540378135492
2026-02-28 14:54:00,-496100000,496100007147785521333,276324,276324,276324,276324,0,496100007147785521333,200059744540378135492
2026-02-28 14:55:00,1592694578,-1592719260000000000000,276324,276324,276324,276324,1592694578,0,200059744540378135492
2026-02-28 14:56:00,17523365,-17523777723254102275,276324,276324,276324,276324,17523365,0,200059744540378135492
2026-02-28 14:59:00,207975452,-207980584000000000000,276324,276324,276324,276324,207975452,0,200059744540378135492
2026-02-28 15:01:00,-199800000,199802939792136680851,276324,276324,276324,276324,0,199802939792136680851,200059744540378135492
2026-02-28 15:06:00,-7679998,7680102435966297132,276324,276324,276324,276324,0,7680102435966297132,200059744540378135492
2026-02-28 15:08:00,-794314174,794321851789688574351,276324,276324,276324,276324,0,794321851789688574351,200059744540378135492
2026-02-28 15:13:00,-1588284424,1588280862089905352705,276323,276323,276323,276323,0,1588280862089905352705,200049416117217715427
2026-02-28 15:14:00,1384770481,-1384784768804538193610,276324,276323,276323,276324,1879883800,495107052544304197708,200059744540378135492
2026-02-28 15:15:00,88367216,-88373489066103423470,276324,276324,276324,276324,590771980,502408308793291619795,200059744540378135492
2026-02-28 15:18:00,-399600000,399601018539042160112,276324,276324,276324,276324,0,399601018539042160112,200059744540378135492
2026-02-28 15:23:00,1497032889,-1497063402977534786480,276324,276324,276324,276324,1848470482,351443663022465213520,200059744540378135492
2026-02-28 15:26:00,-1814360987,1814372686501594666212,276324,276324,276324,276324,0,1814372686501594666212,200059744540378135492
2026-02-28 15:27:00,-272679069,272677982120162495306,276324,276324,276324,276324,0,272677982120162495306,200059744540378135492
2026-02-28 15:28:00,-1151466781,1151441715062773189432,276323,276323,276323,276324,1227694969,2379139880849731078890,200049416117217715427
2026-02-28 15:29:00,169063278,-169062263000000000000,276323,276323,276323,276323,169063278,0,200049416117217715427
2026-02-28 15:30:00,-550750000,550740129800210432299,276323,276323,276323,276323,0,550740129800210432299,200049416117217715427
2026-02-28 15:31:00,4378483735,-4378533694013130478843,276324,276323,276323,276324,4464851865,86366305986869521157,200059744540378135492
2026-02-28 15:33:00,-2999612568,2999636878550627524742,276324,276324,276324,276324,0,2999636878550627524742,200059744540378135492
2026-02-28 15:35:00,370387461,-370389300000000000000,276324,276324,276324,276324,370387461,0,200059744540378135492
2026-02-28 15:36:00,-499953329,499950485510227642969,276323,276323,276323,276323,0,499950485510227642969,200049416117217715427
2026-02-28 15:37:00,199829457,-199830021000000000000,276324,276324,276324,276324,199829457,0,200059744540378135492
2026-02-28 15:38:00,176879331,-176880162000000000000,276324,276324,276324,276324,176879331,0,200059744540378135492
2026-02-28 15:39:00,114552073,-114552778369028587520,276324,276324,276324,276324,114552073,0,200059744540378135492
2026-02-28 15:41:00,613846646,-613852659034391475668,276324,276324,276324,276324,613846646,0,200059744540378135492
2026-02-28 15:42:00,-380748101,380748466491297878239,276324,276324,276324,276324,0,380748466491297878239,200059744540378135492
2026-02-28 15:46:00,87888148,-87888983000000000000,276324,276324,276324,276324,87888148,0,200059744540378135492
2026-02-28 15:47:00,298025423,-298028829000000000000,276324,276324,276324,276324,298025423,0,200059744540378135492
2026-02-28 15:52:00,637221077,-637231337000000000000,276324,276324,276324,276324,637221077,0,200059744540378135492
2026-02-28 15:53:00,-240000000,240001940680686303262,276324,276324,276324,276324,0,240001940680686303262,200059744540378135492
2026-02-28 15:55:00,-203020000,203021191175221528524,276324,276324,276324,276324,0,203021191175221528524,200059744540378135492
2026-02-28 15:57:00,-9930000,9930047386238719251,276324,276324,276324,276324,0,9930047386238719251,200059744540378135492
2026-02-28 16:01:00,-31234792,31234934901213556027,276324,276324,276324,276324,0,31234934901213556027,200059744540378135492
2026-02-28 16:05:00,69993928,-69994963977978779464,276324,276324,276324,276324,69993928,0,200059744540378135492
2026-02-28 16:07:00,-768510700,768511701468197883204,276324,276324,276324,276324,0,768511701468197883204,200059744540378135492
2026-02-28 16:08:00,76321455,-76322054000000000000,276324,276324,276324,276324,76321455,0,200059744540378135492
2026-02-28 16:10:00,76533226,-76533885000000000000,276324,276324,276324,276324,76533226,0,200059744540378135492
2026-02-28 16:13:00,209873579,-209875687000000000000,276324,276324,276324,276324,209873579,0,200059744540378135492
2026-02-28 16:15:00,-246436568,246436531869762120883,276324,276324,276324,276324,0,246436531869762120883,200059744540378135492
2026-02-28 16:17:00,456921236,-461154682661408958884,276225,276324,276225,276324,112549259304,112023374127344240470155,4999993390435
2026-02-28 16:18:00,-1154605711,1146871462523250274050,276324,276209,276209,276324,110887094552,111969212426345618157879,200059744540378135492
2026-02-28 16:21:00,-992200000,992195698764845342548,276323,276323,276323,276323,0,992195698764845342548,200049416117217715427
2026-02-28 16:22:00,-341415320,341408144074944534134,276323,276323,276323,276323,341912300,683318935074944534134,200049416117217715427
2026-02-28 16:23:00,-991392359,991374848662210887621,276323,276323,276323,276323,0,991374848662210887621,200049416117217715427
2026-02-28 16:24:00,1158766362,-1158758454000000000000,276323,276323,276323,276323,1158766362,0,200049416117217715427
2026-02-28 16:28:00,345618816,-345619056842269500485,276324,276324,276324,276324,345618816,0,200059744540378135492
2026-02-28 16:31:00,948426113,-948432906701904068996,276324,276324,276324,276324,948426113,0,200059744540378135492
2026-02-28 16:32:00,242169113,-242172289337882164819,276324,276324,276324,276324,242169113,0,200059744540378135492
2026-02-28 16:33:00,-97192418,97192791034808814397,276324,276324,276324,276324,0,97192791034808814397,200059744540378135492
2026-02-28 16:34:00,-769768748,720188376607748565312,275043,276324,275027,276324,110789617430,111445030361013501130502,4999993390435
2026-02-28 16:36:00,875218439,-875230886002009606997,276324,276324,276324,276324,892571197,17352904991140712580,200059744540378135492
2026-02-28 16:38:00,509065333,-509075994649088382209,276324,276324,276324,276324,509065333,0,200059744540378135492
2026-02-28 16:39:00,947640811,-947667557884170117981,276324,276324,276324,276324,947640811,0,200059744540378135492
2026-02-28 16:40:00,-1526584831,1526608233315311649166,276324,276324,276324,276324,0,1526608233315311649166,200059744540378135492
2026-02-28 16:41:00,212549867,-212553855063714900176,276324,276324,276324,276324,212549867,0,200059744540378135492
2026-02-28 16:42:00,-2034622802,2028772182081931785908,276058,276324,276058,276324,110946484809,112910503336111359080116,4999993390435
2026-02-28 16:45:00,95459973,-95460143059767821417,276323,276323,276323,276323,95459973,0,200049416117217715427
2026-02-28 16:46:00,240237673,-240238504000000000000,276324,276324,276324,276324,240237673,0,200059744540378135492
2026-02-28 16:49:00,781553389,-781560082000000000000,276324,276324,276324,276324,781553389,0,200059744540378135492
2026-02-28 16:50:00,-198405717,198403994010658907282,276324,276324,276324,276324,201594283,400000994010658907282,200059744540378135492
2026-02-28 16:52:00,-2773124068,2773059701457130687272,276323,276323,276323,276323,2727079732,5500055252220095216424,200049416117217715427
2026-02-28 16:55:00,-324688896,324679524742466281619,276323,276323,276323,276323,0,324679524742466281619,200049416117217715427
2026-02-28 16:56:00,1877485272,-1877464435000000000000,276323,276323,276323,276323,1877485272,0,200049416117217715427
2026-02-28 16:58:00,469035250,-469035547000000000000,276324,276324,276324,276324,469035250,0,200059744540378135492
2026-02-28 17:02:00,825455261,-825461124000000000000,276324,276324,276324,276324,825455261,0,200059744540378135492
2026-02-28 17:03:00,945509764,-945524848599567082988,276324,276324,276324,276324,945509764,0,200059744540378135492
2026-02-28 17:04:00,-1076977248,1076982951971684407340,276324,276324,276324,276324,0,1076982951971684407340,200059744540378135492
2026-02-28 17:06:00,432081139,-432086356000000000000,276324,276324,276324,276324,432081139,0,200059744540378135492
2026-02-28 17:07:00,492376162,-492386449329901589456,276324,276324,276324,276324,699051122,206677064995577985973,200059744540378135492
2026-02-28 17:08:00,-1238909932,1238910990817587960902,276324,276324,276324,276324,261090068,1500002485817587960902,200059744540378135492
2026-02-28 17:10:00,335474872,-335477707000000000000,276324,276324,276324,276324,335474872,0,200059744540378135492
2026-02-28 17:11:00,9999898,-10000000000000000000,276324,276324,276324,276324,9999898,0,200059744540378135492
2026-02-28 17:12:00,479987356,-479993415555822881629,276324,276324,276324,276324,479987356,0,200059744540378135492
2026-02-28 17:13:00,130494602,-130529469307624849562,276324,276324,276324,276324,3412493004,3282050230035970486330,200059744540378135492
2026-02-28 17:14:00,484426242,-484435325000000000000,276324,276324,276324,276324,484426242,0,200059744540378135492
2026-02-28 17:17:00,293775093,-293789687895834405364,276324,276324,276324,276324,1088175093,794414360594049092399,200059744540378135492
2026-02-28 17:18:00,822855443,-822878663924835900677,276324,276324,276324,276324,822855443,0,200059744540378135492
2026-02-28 17:20:00,202925281,-202932048430761443337,276324,276324,276324,276324,202925281,0,200059744540378135492
2026-02-28 17:22:00,-286440000,286446567162132315819,276324,276324,276324,276324,0,286446567162132315819,200059744540378135492
2026-02-28 17:23:00,-1376544820,1376564940656791452805,276324,276324,276324,276324,0,1376564940656791452805,200059744540378135492
2026-02-28 17:25:00,-421760272,421762645475892471988,276324,276324,276324,276324,0,421762645475892471988,200059744540378135492
2026-02-28 17:27:00,139169323,-139171301762220164751,276324,276324,276324,276324,139169323,0,200059744540378135492
2026-02-28 17:29:00,198740420,-198743581461261688338,276324,276324,276324,276324,198740420,0,200059744540378135492
2026-02-28 17:30:00,-1049280763,1049282496979145414951,276324,276324,276324,276324,0,1049282496979145414951,200059744540378135492
2026-02-28 17:35:00,629989481,-629995503342744915394,276324,276324,276324,276324,629989481,0,200059744540378135492
2026-02-28 17:36:00,44579126,-44579703467710870103,276324,276324,276324,276324,44579126,0,200059744540378135492
2026-02-28 17:37:00,113829072,-113830634000000000000,276324,276324,276324,276324,113829072,0,200059744540378135492
2026-02-28 17:39:00,499959298,-499967692266897337869,276324,276324,276324,276324,499959298,0,200059744540378135492
2026-02-28 17:40:00,4813177,-4813283638530309344,276324,276324,276324,276324,6116248,1303082609908086156,200059744540378135492
2026-02-28 17:41:00,-13767513,13767640426553374987,276324,276324,276324,276324,0,13767640426553374987,200059744540378135492
2026-02-28 17:42:00,146418458,-146428433293312044388,276324,276324,276324,276324,851993664,705579207706687955612,200059744540378135492
2026-02-28 17:46:00,-542660803,542663015723894855782,276324,276324,276324,276324,210101030,752768607723894855782,200059744540378135492
2026-02-28 17:47:00,-223276500,223277419572837469660,276324,276324,276324,276324,0,223277419572837469660,200059744540378135492
2026-02-28 17:48:00,1218164232,-1218187588735776621873,276324,276324,276324,276324,1227667699,9503611264223378127,200059744540378135492
2026-02-28 17:49:00,-7791467891,7790982409001133666987,276323,276321,276320,276323,30037398915,37822289079349678174891,200049416117217715427
2026-02-28 17:50:00,6522147397,-6522016265999999999999,276324,276324,276324,276324,6522147397,0,200059744540378135492
2026-02-28 17:54:00,250219038,-250222478392411515789,276324,276324,276324,276324,250219038,0,200059744540378135492
2026-02-28 17:56:00,27860149,-27860571082297496395,276324,276324,276324,276324,27860149,0,200059744540378135492
2026-02-28 17:58:00,-27081701,27081839617797690126,276324,276324,276324,276324,0,27081839617797690126,200059744540378135492
2026-02-28 17:59:00,-1220354400,1220353063524879499541,276324,276324,276324,276324,0,1220353063524879499541,200059744540378135492
2026-02-28 18:01:00,505129414,-505132107000000000000,276324,276324,276324,276324,505129414,0,200059744540378135492
2026-02-28 18:02:00,631460106,-631467060000000000000,276324,276324,276324,276324,631460106,0,200059744540378135492
2026-02-28 18:04:00,9802896,-9803036000000000000,276324,276324,276324,276324,9802896,0,200059744540378135492
2026-02-28 18:06:00,1611118975,-1611154935630209373659,276324,276324,276324,276324,1611118975,0,200059744540378135492
2026-02-28 18:08:00,2143623164,-2143711242296798216192,276324,276324,276324,276324,2143623164,0,200059744540378135492
2026-02-28 18:10:00,85345658,-85350116000000000000,276324,276324,276324,276324,85345658,0,200059744540378135492
2026-02-28 18:13:00,2765844768,-2766028653000000000000,276324,276324,276324,276324,2765844768,0,200059744540378135492
2026-02-28 18:14:00,-577376038,577414966178810181523,276324,276324,276324,276324,0,577414966178810181523,200059744540378135492
2026-02-28 18:15:00,-2337126282,2337232191488691901588,276324,276324,276324,276324,1761273718,4098652699180049263190,200059744540378135492
2026-02-28 18:17:00,1317662484,-1317738589609319607965,276324,276324,276324,276324,1317662484,0,200059744540378135492
2026-02-28 18:18:00,691052843,-691099696641883526202,276324,276324,276324,276324,691052843,0,200059744540378135492
2026-02-28 18:20:00,-720437501,715288601262524165992,276324,276212,276212,276324,116593174612,117243933020414252904296,200059744540378135492
2026-02-28 18:21:00,1943035697,-1943186061130099072894,276324,276324,276324,276324,1943035697,0,200059744540378135492
2026-02-28 18:22:00,-640102629,611327306957320762152,275874,276324,275874,276324,119114277951,119661275142357683614625,4999993390435
2026-02-28 18:23:00,-23832000,23833830993603377514,276324,276324,276324,276324,0,23833830993603377514,200059744540378135492
2026-02-28 18:24:00,3125649342,-3125969321759150790842,276325,276325,276325,276325,3125649342,0,200059744540378135492
2026-02-28 18:25:00,-1756293430,1756467683132533569967,276324,276324,276324,276324,0,1756467683132533569967,200059744540378135492
2026-02-28 18:26:00,-1239124425,1239228811024153769870,276324,276324,276324,276324,0,1239228811024153769870,200059744540378135492
2026-02-28 18:28:00,-969486723,969557689859030950509,276324,276324,276324,276324,0,969557689859030950509,200059744540378135492
2026-02-28 18:31:00,742935527,-742996500000000000000,276324,276324,276324,276324,742935527,0,200059744540378135492
2026-02-28 18:34:00,499940670,-499984806246818863735,276324,276324,276324,276324,499940670,0,200059744540378135492
2026-02-28 18:35:00,-1055293259,1055372938929294513134,276324,276324,276324,276324,0,1055372938929294513134,200059744540378135492
2026-02-28 18:37:00,-3672702218,3672892722330327413570,276324,276324,276324,276324,0,3672892722330327413570,200059744540378135492
2026-02-28 18:38:00,-492366727,492372142452397706542,276324,276324,276324,276324,987042722,1479448084452397706542,200059744540378135492
2026-02-28 18:39:00,5142274341,-5142604963923957383168,276324,276324,276324,276324,5142274341,0,200059744540378135492
2026-02-28 18:43:00,-2309830244,2287401990095860654295,276324,276324,275350,276324,116996217618,119219103472086139789866,200059744540378135492
2026-02-28 18:44:00,4099871576,-4100297456374670701519,276325,276325,276325,276325,9904778072,5805656675841730783897,200059744540378135492
2026-02-28 18:45:00,-2706251709,2706486291782379495114,276324,276324,276324,276324,0,2706486291782379495114,200059744540378135492
2026-02-28 18:46:00,294959526,-294989997443226499233,276324,276324,276324,276324,845709526,550788772556773500767,200059744540378135492
2026-02-28 18:47:00,451512752,-451552648000000000000,276324,276324,276324,276324,451512752,0,200059744540378135492
2026-02-28 18:53:00,64453016,-64467824522897646557,276324,276324,276324,276324,958996260,894611358477102353443,200059744540378135492
2026-02-28 18:54:00,-423981807,423963075290407526404,276324,276324,276324,276325,5227997441,5652422500033819670883,200059744540378135492
2026-02-28 18:55:00,850533238,-850705477904141441765,276324,276324,276324,276325,10310153180,9460682678485910805978,200059744540378135492
2026-02-28 18:56:00,-299527070,299548535756151063836,276324,276324,276324,276324,370162995,669745098756151063836,200059744540378135492
2026-02-28 18:57:00,-626663937,626709586315344681207,276324,276324,276324,276324,410619785,1037363951612259473655,200059744540378135492
2026-02-28 18:58:00,1452245092,-1452380917000000000000,276324,276324,276324,276324,1452245092,0,200059744540378135492
2026-02-28 19:00:00,-99300000,99308965294599111062,276324,276324,276324,276324,0,99308965294599111062,200059744540378135492
2026-02-28 19:01:00,-951389608,951470511670690856920,276324,276324,276324,276324,0,951470511670690856920,200059744540378135492
2026-02-28 19:03:00,-93900051,93907544841617200943,276324,276324,276324,276324,0,93907544841617200943,200059744540378135492
2026-02-28 19:06:00,1271992206,-1273114855994177086159,276342,276324,276324,301257,101302924218,100103520668627928756971,20015983941558661743
2026-02-28 19:07:00,-565102628,565153057403002383919,276324,276324,276324,276324,0,565153057403002383919,200059744540378135492
2026-02-28 19:08:00,-3970854,3971196917558844727,276324,276324,276324,276324,0,3971196917558844727,200059744540378135492
2026-02-28 19:09:00,-623128810,623180690594589616034,276324,276324,276324,276324,0,623180690594589616034,200059744540378135492
2026-02-28 19:10:00,797604634,-797684125591274443488,276324,276325,276324,276325,1238553997,440989191231891110463,200059744540378135492
2026-02-28 19:11:00,-328052959,328081328295281463662,276324,276324,276324,276324,0,328081328295281463662,200059744540378135492
2026-02-28 19:13:00,-287747785,287771783354099677787,276324,276324,276324,276324,0,287771783354099677787,200059744540378135492
2026-02-28 19:17:00,1088107823,-1088213809098132476713,276325,276325,276325,276325,1088107823,0,200059744540378135492
2026-02-28 19:18:00,-190803975,190821506710204274725,276324,276324,276324,276324,0,190821506710204274725,200059744540378135492
2026-02-28 19:19:00,-1132227091,1132318294164732413709,276324,276325,276324,276325,534269419,1666643068164732413709,200059744540378135492
2026-02-28 19:21:00,-470909681,470946063141296435549,276324,276324,276324,276324,0,470946063141296435549,200059744540378135492
2026-02-28 19:22:00,-1058628093,1058701787490423586784,276324,276324,276324,276324,0,1058701787490423586784,200059744540378135492
2026-02-28 19:24:00,254911740,-254931011000000000000,276324,276324,276324,276324,254911740,0,200059744540378135492
2026-02-28 19:25:00,47319592,-47323241000000000000,276324,276324,276324,276324,47319592,0,200059744540378135492
2026-02-28 19:26:00,829804045,-829871668837761451197,276324,276324,276324,276324,829804045,0,200059744540378135492
2026-02-28 19:27:00,282187950,-282212516000000000000,276324,276324,276324,276324,282187950,0,200059744540378135492
2026-02-28 19:28:00,19997879,-19999650825210474910,276324,276324,276324,276324,19997879,0,200059744540378135492
2026-02-28 19:30:00,96395569,-96404163000000000000,276324,276324,276324,276324,96395569,0,200059744540378135492
2026-02-28 19:34:00,1598837565,-1599356125745697876287,276325,276328,276324,276328,37840687811,36250360405141734929156,200059744540378135492
2026-02-28 19:35:00,-736118654,736186327019871660876,276324,276324,276324,276324,0,736186327019871660876,200059744540378135492
2026-02-28 19:37:00,-1612883467,1613012803208549161529,276324,276324,276324,276324,0,1613012803208549161529,200059744540378135492
2026-02-28 19:38:00,250674320,-250695221914828434486,276324,276324,276324,276324,250674320,0,200059744540378135492
2026-02-28 19:39:00,949062152,-949146979000000000000,276324,276324,276324,276324,949062152,0,200059744540378135492
2026-02-28 19:40:00,9688839,-9705753323000838643,276324,276324,276324,276324,1609688839,1600121797676999161357,200059744540378135492
2026-02-28 19:41:00,1608013846,-1608178280000000000000,276325,276325,276325,276325,1608013846,0,200059744540378135492
2026-02-28 19:42:00,-436879630,436922492782819280516,276325,276325,276325,276325,0,436922492782819280516,200059744540378135492
2026-02-28 19:43:00,-2177227654,2177412813736026692721,276324,276324,276324,276324,0,2177412813736026692721,200059744540378135492
2026-02-28 19:45:00,359800748,-359840491888247825880,276324,276324,276324,276324,1241133503,881401708111752174120,200059744540378135492
2026-02-28 19:46:00,1294771016,-1294906077352550025056,276325,276324,276324,276325,2599777409,1305119782622029122499,200059744540378135492
2026-02-28 19:47:00,-1438379182,1438499304297029291791,276324,276324,276324,276324,0,1438499304297029291791,200059744540378135492
2026-02-28 19:48:00,223297324,-223316849000000000000,276324,276324,276324,276324,223297324,0,200059744540378135492
2026-02-28 19:49:00,-703090837,703141109296851163629,276324,276324,276324,276324,248524337,951687209296851163629,200059744540378135492
2026-02-28 19:52:00,-1325838991,1325925032987003988337,276324,276324,276324,276324,0,1325925032987003988337,200059744540378135492
2026-02-28 19:53:00,-75907291,75911684778115997217,276324,276324,276324,276324,0,75911684778115997217,200059744540378135492
2026-02-28 19:54:00,646775165,-646820921000000000000,276324,276324,276324,276324,646775165,0,200059744540378135492
2026-02-28 19:56:00,116768886,-116777593000000000000,276324,276324,276324,276324,116768886,0,200059744540378135492
2026-02-28 19:57:00,-197240307,197252960747692498739,276324,276324,276324,276324,0,197252960747692498739,200059744540378135492
2026-02-28 19:59:00,351237066,-351263384000000000000,276324,276324,276324,276324,351237066,0,200059744540378135492
2026-02-28 20:00:00,3756012685,-3756371239593598525389,276325,276325,276325,276325,3756012685,0,200059744540378135492
2026-02-28 20:01:00,-1772051560,1772220575068980387203,276324,276324,276324,276324,0,1772220575068980387203,200059744540378135492
2026-02-28 20:03:00,-742760141,742821646272262557482,276324,276324,276324,276324,0,742821646272262557482,200059744540378135492
2026-02-28 20:08:00,25853719,-25856026000000000000,276324,276324,276324,276324,25853719,0,200059744540378135492
2026-02-28 20:09:00,823767049,-823844047730887938108,276324,276324,276324,276324,823767049,0,200059744540378135492
2026-02-28 20:10:00,216268436,-216289776000000000000,276324,276324,276324,276324,216268436,0,200059744540378135492
2026-02-28 20:15:00,-485952873,485995306769135220098,276324,276324,276324,276324,0,485995306769135220098,200059744540378135492
2026-02-28 20:17:00,201195072,-201214367000000000000,276324,276324,276324,276324,201195072,0,200059744540378135492
2026-02-28 20:20:00,-7172204572,7172570711268887588736,276324,276324,276324,276324,0,7172570711268887588736,200059744540378135492
2026-02-28 20:21:00,9238620706,-9239280167000000000000,276325,276324,276324,276325,9238620706,0,200059744540378135492
2026-02-28 20:22:00,-1598395943,1598547149151408195581,276324,276325,276324,276325,795060089,2393703819151408195581,200059744540378135492
2026-02-28 20:25:00,-3000680591,3000910389626658791726,276324,276324,276324,276324,0,3000910389626658791726,200059744540378135492
2026-02-28 20:26:00,1366532541,-1366639697391687361429,276324,276324,276324,276324,1366532541,0,200059744540378135492
2026-02-28 20:27:00,-3754819137,3755029357304264896338,276324,276324,276324,276324,183132838,3938170764304264896338,200059744540378135492
2026-02-28 20:28:00,11913795,-11914365059117462714,276324,276324,276324,276324,11913795,0,200059744540378135492
2026-02-28 20:30:00,-232007263,232015768394374088870,276324,276324,276324,276324,0,232015768394374088870,200059744540378135492
2026-02-28 20:31:00,1653652468,-1653741388625961270979,276324,276324,276324,276324,1653652468,0,200059744540378135492
2026-02-28 20:33:00,2446470617,-2446652311000000000000,276324,276324,276324,276324,2446470617,0,200059744540378135492
2026-02-28 20:35:00,2263050696,-2263272048408584842822,276325,276325,276325,276325,2263050696,0,200059744540378135492
2026-02-28 20:36:00,-1773831509,1773991607146817858276,276324,276324,276324,276324,0,1773991607146817858276,200059744540378135492
2026-02-28 20:38:00,43109751,-43113701000000000000,276324,276324,276324,276324,43109751,0,200059744540378135492
2026-02-28 20:39:00,1005994826,-1006092257000000000000,276324,276324,276324,276324,1005994826,0,200059744540378135492
2026-02-28 20:40:00,487326551,-487383388745885150112,276325,276325,276325,276325,1087358054,600091355254114849888,200059744540378135492
2026-02-28 20:44:00,-3462065650,3445247197635138013951,276324,276232,276232,276324,118778645849,122159534677845949008639,200059744540378135492
2026-02-28 20:45:00,155110783,-155172385398921632935,276324,276324,276324,276324,4914133669,4759288116220255867737,200059744540378135492
2026-02-28 20:46:00,-478877319,478914996264316427070,276324,276324,276324,276324,0,478914996264316427070,200059744540378135492
2026-02-28 20:47:00,1498150905,-1498291396000000000000,276324,276324,276324,276324,1498150905,0,200059744540378135492
2026-02-28 20:49:00,34006089,-34009918608826728500,276324,276324,276324,276324,71973129,37970497676112885951,200059744540378135492
2026-02-28 20:50:00,168622717,-168648257353082199123,276325,276325,276325,276325,994948832,826406616648071294852,200059744540378135492
2026-02-28 20:52:00,-1866076885,1866226363965875603690,276324,276325,276324,276325,719880682,2586183994965875603690,200059744540378135492
2026-02-28 20:53:00,488696404,-488738959000000000000,276324,276324,276324,276324,488696404,0,200059744540378135492
2026-02-28 20:56:00,370371248,-370405090000000000000,276324,276324,276324,276324,370371248,0,200059744540378135492
2026-02-28 20:58:00,-120709087,120719058393987928295,276324,276324,276324,276324,0,120719058393987928295,200059744540378135492
2026-02-28 21:01:00,1962088112,-1962287903000000000000,276325,276325,276325,276325,1962088112,0,200059744540378135492
2026-02-28 21:03:00,222593752,-222618849000000000000,276325,276325,276325,276325,222593752,0,200059744540378135492
2026-02-28 21:05:00,-1026781874,1026883243659896590912,276325,276325,276325,276325,0,1026883243659896590912,200059744540378135492
2026-02-28 21:06:00,106898250,-106909382085107666556,276325,276325,276325,276325,106898250,0,200059744540378135492
2026-02-28 21:08:00,-250000000,250023352899651973758,276324,276324,276324,276324,0,250023352899651973758,200059744540378135492
2026-02-28 21:11:00,-1597607758,1593146188265367383865,276324,276282,276282,276324,119245677656,120774508459755236863801,200059744540378135492
2026-02-28 21:14:00,1732143677,-1739093487435781942352,276325,276325,276325,276761,100943968925,99275507860404149524769,200059744540378135492
2026-02-28 21:15:00,-3723898950,3724202835211386868919,276324,276324,276324,276324,0,3724202835211386868919,200059744540378135492
2026-02-28 21:17:00,1088138212,-1088223553553097780090,276324,276324,276324,276324,1088138212,0,200059744540378135492
2026-02-28 21:18:00,507407144,-507450988000000000000,276324,276324,276324,276324,507407144,0,200059744540378135492
2026-02-28 21:19:00,1704222001,-1704388097683791717391,276325,276324,276324,276325,1704222001,0,200059744540378135492
2026-02-28 21:20:00,1752266521,-1752467579000000000000,276325,276325,276325,276325,1752266521,0,200059744540378135492
2026-02-28 21:23:00,-446141403,446191044789236043271,276325,276325,276325,276325,0,446191044789236043271,200059744540378135492
2026-02-28 21:25:00,-3108767297,3109057960294465415339,276324,276324,276324,276324,0,3109057960294465415339,200059744540378135492
2026-02-28 21:27:00,399771556,-399807518616925058042,276324,276324,276324,276324,399771556,0,200059744540378135492
2026-02-28 21:35:00,-1649942467,1650064076713980874807,276324,276324,276324,276324,0,1650064076713980874807,200059744540378135492
2026-02-28 21:36:00,1291956577,-1292062411000000000000,276324,276324,276324,276324,1291956577,0,200059744540378135492
2026-02-28 21:37:00,-599400000,599445181685785165974,276324,276324,276324,276324,0,599445181685785165974,200059744540378135492
2026-02-28 21:39:00,1088544337,-1088639939000000000000,276324,276324,276324,276324,1088544337,0,200059744540378135492
2026-02-28 21:40:00,-1434378276,1434433108466896364082,276324,276324,276324,276324,5431219247,6865933556139574108007,200059744540378135492
2026-02-28 21:43:00,14933777,-14934957000000000000,276324,276324,276324,276324,14933777,0,200059744540378135492
2026-02-28 21:47:00,1589456779,-1589595094777794239973,276324,276324,276324,276324,1589456779,0,200059744540378135492
2026-02-28 21:48:00,874389700,-874476560660318666978,276325,276324,276324,276325,874389700,0,200059744540378135492
2026-02-28 21:53:00,556603432,-556662706089142859720,276325,276325,276325,276325,556603432,0,200059744540378135492
2026-02-28 21:57:00,2003379776,-2003632354518068341473,276325,276324,276324,276325,3362617677,1359378907412640966864,200059744540378135492
2026-02-28 21:59:00,-1194958696,1195059354053603586164,276325,276325,276325,276325,3476195963,4671765223109685980457,200059744540378135492
2026-02-28 22:00:00,-4167996673,4158698939976508553632,276324,276256,276256,276325,120857397838,124951934536226017880480,200059744540378135492
2026-02-28 22:01:00,603671857,-603726824000000000000,276324,276324,276324,276324,603671857,0,200059744540378135492
2026-02-28 22:05:00,-200000000,200016614132809468223,276324,276324,276324,276324,0,200016614132809468223,200059744540378135492
2026-02-28 22:06:00,2438391084,-2438734953087336676841,276325,276324,276324,276325,11401388176,8963331105626685849145,200059744540378135492
2026-02-28 22:10:00,-864429344,864473376903451293722,276325,276325,276325,276325,4424501932,5289588424857480462711,200059744540378135492
2026-02-28 22:13:00,45995030,-46000000000000000000,276325,276325,276325,276325,45995030,0,200059744540378135492
2026-02-28 22:14:00,98511837,-98522551354598622523,276325,276325,276325,276325,98511837,0,200059744540378135492
2026-02-28 22:16:00,-1719507937,1719663821539115449531,276324,276324,276324,276325,0,1719663821539115449531,200059744540378135492
2026-02-28 22:17:00,1088122315,-1088228409572398220029,276325,276325,276325,276325,1088122315,0,200059744540378135492
2026-02-28 22:18:00,-992999999,993087359668879168148,276324,276324,276324,276324,0,993087359668879168148,200059744540378135492
2026-02-28 22:20:00,-519810207,519852005950304887497,276324,276324,276324,276324,0,519852005950304887497,200059744540378135492
2026-02-28 22:23:00,166158436,-166173166000000000000,276324,276324,276324,276324,166158436,0,200059744540378135492
2026-02-28 22:25:00,44800310,-44804328831143204017,276324,276324,276324,276324,44800310,0,200059744540378135492
2026-02-28 22:29:00,131904041,-131915990043596758354,276324,276324,276324,276324,131904041,0,200059744540378135492
2026-02-28 22:30:00,-1229931504,1230023864992035400606,276324,276324,276324,276324,0,1230023864992035400606,200059744540378135492
2026-02-28 22:32:00,-466490234,466514430365078226764,276324,276324,276324,276324,687637805,1154208886365078226764,200059744540378135492
2026-02-28 22:33:00,-872138569,872190829423422235969,276324,276324,276324,276324,0,872190829423422235969,200059744540378135492
2026-02-28 22:34:00,3755125163,-3755567699123661031446,276325,276324,276323,276325,16338360931,12583337795873959510403,200059744540378135492
2026-02-28 22:35:00,-3443817210,3432728090348808898315,276324,276325,276046,276325,126709170118,130078351636584453433099,200059744540378135492
2026-02-28 22:36:00,542083430,-542124127000000000000,276324,276324,276324,276324,542083430,0,200059744540378135492
2026-02-28 22:38:00,-70081900,70086625210540237623,276324,276324,276324,276324,0,70086625210540237623,200059744540378135492
2026-02-28 22:39:00,302987258,-303011073000000000000,276324,276324,276324,276324,302987258,0,200059744540378135492
2026-02-28 22:40:00,1063986557,-1064081145707059133534,276324,276324,276324,276324,1432864336,368908245292940866466,200059744540378135492
2026-02-28 22:41:00,398980114,-399017118000000000000,276324,276324,276324,276324,398980114,0,200059744540378135492
2026-02-28 22:42:00,-744150000,744210289635881273804,276324,276324,276324,276324,0,744210289635881273804,200059744540378135492
2026-02-28 22:43:00,-1956679124,1956806291720194508026,276324,276324,276324,276324,493979983,2450826958720194508026,200059744540378135492
2026-02-28 22:44:00,1321007002,-1321105207000000000000,276324,276324,276324,276324,1321007002,0,200059744540378135492
2026-02-28 22:45:00,4694681374,-4695171930647355010064,276325,276325,276325,276325,4731366874,36689830734940349552,200059744540378135492
2026-02-28 22:46:00,-2235000000,2235238494693954901888,276325,276325,276325,276325,0,2235238494693954901888,200059744540378135492
2026-02-28 22:47:00,-2489132236,2489339061968171313609,276324,276324,276324,276324,0,2489339061968171313609,200059744540378135492
2026-02-28 22:49:00,-864127038,864184354294310164841,276324,276324,276324,276324,0,864184354294310164841,200059744540378135492
2026-02-28 22:50:00,98857954,-98865122000000000000,276324,276324,276324,276324,98857954,0,200059744540378135492
2026-02-28 22:51:00,1131216039,-1131305013000000000000,276324,276324,276324,276324,1131216039,0,200059744540378135492
2026-02-28 22:55:00,-495592490,495628088414095953089,276324,276324,276324,276324,0,495628088414095953089,200059744540378135492
2026-02-28 22:57:00,214974085,-214991375893530967514,276324,276324,276324,276324,214974085,0,200059744540378135492
2026-02-28 22:59:00,201012795,-201029381000000000000,276324,276324,276324,276324,201012795,0,200059744540378135492
2026-02-28 23:10:00,26987172,-26989429767204342152,276324,276324,276324,276324,26987172,0,200059744540378135492
2026-02-28 23:13:00,1960770904,-1971778395697809955388,276324,276423,276324,276425,102835970276,100939032600891147335623,200059744540378135492
2026-02-28 23:14:00,-1106546480,1106632853358995105205,276324,276324,276324,276324,0,1106632853358995105205,200059744540378135492
2026-02-28 23:15:00,235496085,-235515797000000000000,276324,276324,276324,276324,235496085,0,200059744540378135492
2026-02-28 23:16:00,495581706,-495625000000000000000,276324,276324,276324,276324,495581706,0,200059744540378135492
2026-02-28 23:17:00,-355788093,355799838688041188966,276324,276324,276324,276325,1602244933,1958200981540177727158,200059744540378135492
2026-02-28 23:19:00,-155240638,155203217285587200272,276324,276325,276324,276325,4913614418,5069362274285587200272,200059744540378135492
2026-02-28 23:22:00,-216307294,216323223344066146407,276324,276324,276324,276324,0,216323223344066146407,200059744540378135492
2026-02-28 23:27:00,1149960576,-1150093168755719219185,276324,276324,276324,276325,4253158164,3103506586489436180145,200059744540378135492
2026-02-28 23:29:00,-399868320,399901133226649724513,276324,276324,276324,276324,0,399901133226649724513,200059744540378135492
2026-02-28 23:30:00,-46071054,46074731319428081710,276324,276324,276324,276324,0,46074731319428081710,200059744540378135492
2026-02-28 23:31:00,296637982,-296665002286997239408,276324,276324,276324,276324,296637982,0,200059744540378135492
2026-02-28 23:32:00,-866136416,866204178535227688009,276324,276324,276324,276324,0,866204178535227688009,200059744540378135492
2026-02-28 23:34:00,-7961418,7962005904343320440,276324,276324,276324,276324,0,7962005904343320440,200059744540378135492
2026-02-28 23:36:00,2551592,-2551805970404336453,276324,276324,276324,276324,2551592,0,200059744540378135492
2026-02-28 23:41:00,-82572847,82578911124231002791,276324,276324,276324,276324,0,82578911124231002791,200059744540378135492
2026-02-28 23:45:00,-2073089496,2073219406003939236732,276324,276324,276324,276324,0,2073219406003939236732,200059744540378135492
2026-02-28 23:46:00,766678205,-766728910000000000000,276324,276324,276324,276324,766678205,0,200059744540378135492
2026-02-28 23:53:00,35069039,-35071913117804564030,276324,276324,276324,276324,76357691,41291118882195435970,200059744540378135492
2026-02-28 23:54:00,404662872,-411590877286423822276,276324,276609,276324,276611,103404604349,103063930646141926790652,200059744540378135492
2026-02-28 23:55:00,1251100114,-1251198452000000000000,276324,276324,276324,276324,1251100114,0,200059744540378135492
2026-02-28 23:56:00,-421160776,421191414812567451268,276324,276324,276324,276324,0,421191414812567451268,200059744540378135492
2026-02-28 23:58:00,-15295837,15296915861990974802,276324,276324,276324,276324,0,15296915861990974802,200059744540378135492
2026-02-28 23:59:00,-412493785,412522010830065861212,276324,276324,276324,276324,0,412522010830065861212,200059744540378135492
