timestamp,netAmount0,netAmount1,closeTick,openTick,lowestTick,highestTick,inAmount0,inAmount1,currentLiquidity
2026-08-07 00:00:00,27537022218,-27516590278883435619270,276316,276316,276316,276316,27537022218,0,50001706043986220914285
2026-08-07 00:03:00,7504813173,-7499250000000000000000,276316,276316,276316,276316,7504813173,0,50001706043986220914285
2026-08-07 00:07:00,1291968,-1291010628984484590,276316,276316,276316,276316,1291968,0,50001706043986220914285
2026-08-07 00:08:00,-9006852823,9000067944169465258637,276316,276316,276316,276316,0,9000067944169465258637,50001706043986220914285
2026-08-07 00:09:00,-2843237295,2841086903029814696515,276316,276316,276316,276316,658989253,3499587531029814696515,50001706043986220914285
2026-08-07 00:10:00,9098823694,-9092089804987782782201,276316,276316,276316,276316,10114774394,1015185474012217217799,50001706043986220914285
2026-08-07 00:11:00,-70740469642,70687085707569874965348,276316,276316,276316,276316,0,70687085707569874965348,50001706043986220914285
2026-08-07 00:14:00,1307196,-1306223520595006075,276316,276316,276316,276316,1307196,0,50001706043986220914285
2026-08-07 00:21:00,195678069,-195532473000000000000,276316,276316,276316,276316,195678069,0,50001706043986220914285
2026-08-07 00:23:00,1106266971,-1105443867868886758751,276316,276316,276316,276316,1106266971,0,50001706043986220914285
2026-08-07 00:24:00,2301703640,-2299991244831339258599,276316,276316,276316,276316,2301703640,0,50001706043986220914285
2026-08-07 00:26:00,13387445625,-13377493682540711581717,276316,276316,276316,276316,13696385745,308706754624078780426,50001706043986220914285
2026-08-07 00:27:00,-48405610,48369044799004829651,276316,276316,276316,276316,0,48369044799004829651,50001706043986220914285
2026-08-07 00:28:00,-399777691,399475702970307602172,276316,276316,276316,276316,0,399475702970307602172,50001706043986220914285
2026-08-07 00:31:00,-2537054508,2535136420956707656572,276316,276316,276316,276316,122945492,2657990515564376959991,50001706043986220914285
2026-08-07 00:41:00,3534691709,-3532063889442554277721,276316,276316,276316,276316,3534691709,0,50001706043986220914285
2026-08-07 00:45:00,1112259,-1111432633596044261,276316,276316,276316,276316,1112259,0,50001706043986220914285
2026-08-07 00:47:00,1284093537,-1283139018916700816066,276316,276316,276316,276316,1284093537,0,50001706043986220914285
2026-08-07 00:51:00,2052023850,-2050498635000000000000,276316,276316,276316,276316,2052023850,0,50001706043986220914285
2026-08-07 00:54:00,10094894918,-10087394097228458885116,276316,276316,276316,276316,10094894918,0,50001706043986220914285
2026-08-07 00:57:00,25934528577,-25915277081761897597898,276316,276316,276316,276316,25934528577,0,50001706043986220914285
2026-08-07 00:58:00,120088804474,-120000011500000000000000,276316,276316,276316,276316,120088804474,0,50001706043986220914285
2026-08-07 01:04:00,-86630126115,86565091410251484527965,276316,276316,276316,276316,0,86565091410251484527965,50001706043986220914285
2026-08-07 01:07:00,17475330509,-17462443049789410070299,276316,276316,276316,276316,21324945509,3846721350210589929701,50001706043986220914285
2026-08-07 01:09:00,400254198,-399958110431377183973,276316,276316,276316,276316,400254198,0,50001706043986220914285
2026-08-07 01:13:00,9577568016,-9570490071530790256603,276316,276316,276316,276316,10007401068,429509928469209743397,50001706043986220914285
2026-08-07 01:20:00,131681,-131583663212068864,276316,276316,276316,276316,131681,0,50001706043986220914285
2026-08-07 01:21:00,-39170103105,39140641970762752799441,276316,276316,276316,276316,0,39140641970762752799441,50001706043986220914285
2026-08-07 01:23:00,-38549914865,38520860342662056710716,276316,276316,276316,276316,0,38520860342662056710716,50001706043986220914285
2026-08-07 01:25:00,9133595,-9126814006947027113,276316,276316,276316,276316,9133595,0,50001706043986220914285
2026-08-07 01:28:00,-1165664000,1164784530234922864536,276316,276316,276316,276316,0,1164784530234922864536,50001706043986220914285
2026-08-07 01:30:00,-411876861,411566094931235595945,276316,276316,276316,276316,0,411566094931235595945,50001706043986220914285
2026-08-07 01:31:00,263854526,-263658608560702331265,276316,276316,276316,276316,263854526,0,50001706043986220914285
2026-08-07 01:37:00,15043375079,-15032209640000000000000,276316,276316,276316,276316,15043375079,0,50001706043986220914285
2026-08-07 01:40:00,780856052,-780276735609292134541,276316,276316,276316,276316,780856052,0,50001706043986220914285
2026-08-07 01:41:00,1200890893,-1200000000000000000000,276316,276316,276316,276316,1200890893,0,50001706043986220914285
2026-08-07 01:43:00,100426070381,-100351798649591087485226,276316,276316,276316,276316,102639070381,2211340756408912514774,50001706043986220914285
2026-08-07 01:45:00,69592238455,-69540988364000000000000,276316,276316,276316,276316,69592238455,0,50001706043986220914285
2026-08-07 01:47:00,-50003197804,49965793721028719135651,276316,276316,276316,276316,0,49965793721028719135651,50001706043986220914285
2026-08-07 01:48:00,-50003204058,49965700073634148015942,276316,276316,276316,276316,0,49965700073634148015942,50001706043986220914285
2026-08-07 01:51:00,1451061313,-1449988963722978930012,276316,276316,276316,276316,1451061313,0,50001706043986220914285
2026-08-07 01:52:00,-50553523429,50515508066824766113060,276316,276316,276316,276316,0,50515508066824766113060,50001706043986220914285
2026-08-07 01:53:00,11522516172,-11513987825980895216910,276316,276316,276316,276316,12122962477,599994166019104783090,50001706043986220914285
2026-08-07 01:56:00,-244364994,244181099531113448786,276316,276316,276316,276316,0,244181099531113448786,50001706043986220914285
2026-08-07 02:00:00,-449955000,449616385777111467452,276316,276316,276316,276316,0,449616385777111467452,50001706043986220914285
2026-08-07 02:01:00,-19913000,19898013749262029346,276316,276316,276316,276316,0,19898013749262029346,50001706043986220914285
2026-08-07 02:02:00,-21000000210,20984187628826770683091,276316,276316,276316,276316,0,20984187628826770683091,50001706043986220914285
2026-08-07 02:04:00,3683444862,-3680714196181919260823,276316,276316,276316,276316,3683444862,0,50001706043986220914285
2026-08-07 02:05:00,-120055069157,119964348865828394297353,276316,276316,276316,276316,50037294,120014348829236418851774,50001706043986220914285
2026-08-07 02:06:00,35993024428,-35966197428000000000000,276316,276316,276316,276316,35993024428,0,50001706043986220914285
2026-08-07 02:07:00,-151030484196,150915757219301751740137,276316,276316,276316,276316,0,150915757219301751740137,50001706043986220914285
2026-08-07 02:12:00,29933602256,-29911150377000000000000,276316,276316,276316,276316,29933602256,0,50001706043986220914285
2026-08-07 02:15:00,795647032,-795050741948489098273,276316,276316,276316,276316,795647032,0,50001706043986220914285
2026-08-07 02:25:00,-899910000,899224776265790835958,276316,276316,276316,276316,0,899224776265790835958,50001706043986220914285
2026-08-07 02:26:00,-700686857,700153306046719455293,276316,276316,276316,276316,0,700153306046719455293,50001706043986220914285
2026-08-07 02:27:00,-1949284344,1947799318685496696653,276316,276316,276316,276316,50515656,1998277113802687322741,50001706043986220914285
2026-08-07 02:28:00,273811897,-273606658317508337852,276316,276316,276316,276316,273811897,0,50001706043986220914285
2026-08-07 02:31:00,-56501142,56458112603110061586,276316,276316,276316,276316,0,56458112603110061586,50001706043986220914285
2026-08-07 02:32:00,46457427657,-46422648169000000000000,276316,276316,276316,276316,46457427657,0,50001706043986220914285
2026-08-07 02:33:00,4709468571,-4705947729000000000000,276316,276316,276316,276316,4709468571,0,50001706043986220914285
2026-08-07 02:37:00,52478904551,-52439730793000000000000,276316,276316,276316,276316,52478904551,0,50001706043986220914285
2026-08-07 02:40:00,-24598929,24580296121597937311,276316,276316,276316,276316,0,24580296121597937311,50001706043986220914285
2026-08-07 02:42:00,58924435497,-58880581856483935462589,276316,276316,276316,276316,58958957226,34495580989993947026,50001706043986220914285
2026-08-07 02:45:00,-1759824364,1758495535803250480390,276316,276316,276316,276316,0,1758495535803250480390,50001706043986220914285
2026-08-07 02:47:00,-1340611990,1339599621751872933217,276316,276316,276316,276316,0,1339599621751872933217,50001706043986220914285
2026-08-07 02:54:00,-786504921,785910954839194932683,276316,276316,276316,276316,0,785910954839194932683,50001706043986220914285
2026-08-07 02:56:00,50002355829,-49965243004000000000000,276316,276316,276316,276316,50002355829,0,50001706043986220914285
2026-08-07 02:58:00,-6117260493,6112652140523375355633,276316,276316,276316,276316,0,6112652140523375355633,50001706043986220914285
2026-08-07 02:59:00,182072918136,-181938579318000000000000,276316,276316,276316,276316,182072918136,0,50001706043986220914285
2026-08-07 03:00:00,-2795137367,2793051525034748474904,276316,276316,276316,276316,0,2793051525034748474904,50001706043986220914285
2026-08-07 03:02:00,-23006672101,22989491755006322231145,276316,276316,276316,276316,0,22989491755006322231145,50001706043986220914285
2026-08-07 03:07:00,-217283433310,217120131434426298778248,276316,276316,276316,276316,116647497,217236693170220386191557,50001706043986220914285
2026-08-07 03:08:00,6504187651,-6499350001352002693683,276316,276316,276316,276316,6504187651,0,50001706043986220914285
2026-08-07 03:09:00,3105169,-3102860262565946316,276316,276316,276316,276316,3105169,0,50001706043986220914285
2026-08-07 03:11:00,1152125845,-1151269100098806552378,276316,276316,276316,276316,1152125845,0,50001706043986220914285
2026-08-07 03:12:00,-4312944318,4309664849189722493267,276316,276316,276316,276316,1691255869,5999662754245395547130,50001706043986220914285
2026-08-07 03:14:00,111231481,-111148751199655254030,276316,276316,276316,276316,111231481,0,50001706043986220914285
2026-08-07 03:16:00,201624444,-201474483517929045598,276316,276316,276316,276316,201624444,0,50001706043986220914285
2026-08-07 03:19:00,-10009428895,10001862272149174641822,276316,276316,276316,276316,0,10001862272149174641822,50001706043986220914285
2026-08-07 03:22:00,-2194619161,2192959604495615771680,276316,276316,276316,276316,0,2192959604495615771680,50001706043986220914285
2026-08-07 03:24:00,-12037467074,12028336999821096615506,276316,276316,276316,276316,2001490644,14028336999821096615506,50001706043986220914285
2026-08-07 03:26:00,142291331349,-142185767622198325022720,276316,276316,276316,276316,142291331349,0,50001706043986220914285
2026-08-07 03:31:00,-47660258908,47624418947865295820262,276316,276316,276316,276316,12912697,47637322077501829203131,50001706043986220914285
2026-08-07 03:33:00,-166720384674,166594299432786691265660,276316,276316,276316,276316,0,166594299432786691265660,50001706043986220914285
2026-08-07 03:34:00,852812055,-852174501714153611069,276316,276316,276316,276316,852812055,0,50001706043986220914285
2026-08-07 03:46:00,104179284486,-104101619669000000000000,276316,276316,276316,276316,104179284486,0,50001706043986220914285
2026-08-07 03:49:00,45013390769,-44979967808247595971435,276316,276316,276316,276316,45013390769,0,50001706043986220914285
2026-08-07 03:51:00,163055277056,-162934884388000000000000,276316,276316,276316,276316,163055277056,0,50001706043986220914285
2026-08-07 03:55:00,42774562,-42743119045410586475,276316,276316,276316,276316,42774562,0,50001706043986220914285
2026-08-07 03:58:00,90640899854,-90574434234000000000000,276316,276316,276316,276316,90640899854,0,50001706043986220914285
2026-08-07 04:01:00,8005054211,-7999200000000000000000,276316,276316,276316,276316,8005054211,0,50001706043986220914285
2026-08-07 04:04:00,27716909519,-27696659524000000000000,276316,276316,276316,276316,27716909519,0,50001706043986220914285
2026-08-07 04:09:00,100168174,-100095047274422226531,276316,276316,276316,276316,100168174,0,50001706043986220914285
2026-08-07 04:12:00,-499750000375,499374179538488368977801,276316,276316,276316,276316,0,499374179538488368977801,50001706043986220914285
2026-08-07 04:13:00,47466799259,-47431243694000000000000,276316,276316,276316,276316,47466799259,0,50001706043986220914285
2026-08-07 04:14:00,49462164737,-49425210296158746271857,276316,276316,276316,276316,49462164737,0,50001706043986220914285
2026-08-07 04:15:00,346519497,-346260948976373838196,276316,276316,276316,276316,346519497,0,50001706043986220914285
2026-08-07 04:21:00,-432685590,432357560144503650444,276316,276316,276316,276316,0,432357560144503650444,50001706043986220914285
2026-08-07 04:32:00,11381615761,-11373126061000000000000,276316,276316,276316,276316,11381615761,0,50001706043986220914285
2026-08-07 04:33:00,2726599080460,-2724723074179088599507222,276317,276317,276316,276317,3448546355355,721452160024670976986314,50001905988732285378587
2026-08-07 04:34:00,-422194485200,421897339991088962252366,276317,276317,276317,276318,1642134571502,2063009556494149027343875,50001905988732285378587
2026-08-07 04:35:00,-670707136549,670251725288462675122229,276317,276317,276317,276317,0,670251725288462675122229,50001905988732285378587
2026-08-07 04:36:00,-29902302656,29881580215177990212392,276317,276317,276317,276317,14741695,29896311880180254501130,50001905988732285378587
2026-08-07 04:37:00,-157737902440,157627998928305488696560,276317,276317,276317,276317,0,157627998928305488696560,50001905988732285378587
2026-08-07 04:38:00,-240273581131,240104096463530813918880,276316,276316,276316,276316,13682163451,253776712759358619512480,50001706043986220914285
2026-08-07 04:41:00,499848643,-499500000000000000000,276316,276316,276316,276316,499848643,0,50001706043986220914285
2026-08-07 04:43:00,-2782765860,2780791389875822522445,276316,276316,276316,276316,0,2780791389875822522445,50001706043986220914285
2026-08-07 04:44:00,-47911771402,47877727800090613136736,276316,276316,276316,276316,0,47877727800090613136736,50001706043986220914285
2026-08-07 04:45:00,-212982244294,212829800153098399502538,276316,276316,276316,276316,0,212829800153098399502538,50001706043986220914285
2026-08-07 04:46:00,67050187807,-67002804529000000000000,276316,276316,276316,276316,67050187807,0,50001706043986220914285
2026-08-07 04:47:00,199292038,-199151470049495304826,276316,276316,276316,276316,199292038,0,50001706043986220914285
2026-08-07 04:48:00,109605073063,-109528009484368705679337,276316,276316,276316,276316,110009544721,404181515811548821793,50001706043986220914285
2026-08-07 04:56:00,-836352517,835756225952796259271,276316,276316,276316,276316,0,835756225952796259271,50001706043986220914285
2026-08-07 04:58:00,-179544712,179416698509794648188,276316,276316,276316,276316,0,179416698509794648188,50001706043986220914285
2026-08-07 04:59:00,682824874,-682360837229245134672,276316,276316,276316,276316,1901258023,1217564389519212099104,50001706043986220914285
2026-08-07 05:00:00,-788927785,788359302748865777252,276316,276316,276316,276316,499850375,1287859302748865777252,50001706043986220914285
2026-08-07 05:01:00,69616615141,-69568120505360695784942,276316,276316,276316,276316,87120886235,17491784545639304215058,50001706043986220914285
2026-08-07 05:02:00,-112282448134,112202451965911190264577,276316,276316,276316,276316,0,112202451965911190264577,50001706043986220914285
2026-08-07 05:03:00,-73032053480,72979751065124716597936,276316,276316,276316,276316,0,72979751065124716597936,50001706043986220914285
2026-08-07 05:05:00,-79494645621,79437472745157989578430,276316,276316,276316,276316,0,79437472745157989578430,50001706043986220914285
2026-08-07 05:08:00,-131399825238,131304768334126465207000,276316,276316,276316,276316,0,131304768334126465207000,50001706043986220914285
2026-08-07 05:17:00,-8505248210,8499071594175846646644,276316,276316,276316,276316,0,8499071594175846646644,50001706043986220914285
2026-08-07 05:19:00,-1000968099,1000240993434121750592,276316,276316,276316,276316,0,1000240993434121750592,50001706043986220914285
2026-08-07 05:24:00,833845711,-833250000000000000000,276316,276316,276316,276316,833845711,0,50001706043986220914285
2026-08-07 05:26:00,-29365951095,29344602768229919456819,276316,276316,276316,276316,0,29344602768229919456819,50001706043986220914285
2026-08-07 05:27:00,446120455,-445823377947978355541,276316,276316,276316,276316,2293078314,1845614122052021644459,50001706043986220914285
2026-08-07 05:32:00,2382421065,-2380716430179323899921,276316,276316,276316,276316,2382421065,0,50001706043986220914285
2026-08-07 05:35:00,833855652,-833259077699999996314,276316,276316,276316,276316,833855652,0,50001706043986220914285
2026-08-07 05:36:00,161063088899,-160948378683000000000000,276316,276316,276316,276316,161063088899,0,50001706043986220914285
2026-08-07 05:38:00,631288469,-630840901323607367278,276316,276316,276316,276316,631288469,0,50001706043986220914285
2026-08-07 05:41:00,-22333269846,22317158592953638629686,276316,276316,276316,276316,0,22317158592953638629686,50001706043986220914285
2026-08-07 05:46:00,-6894290,6889312738627930958,276316,276316,276316,276316,0,6889312738627930958,50001706043986220914285
2026-08-07 05:49:00,-1252235,1251330590566048557,276316,276316,276316,276316,0,1251330590566048557,50001706043986220914285
2026-08-07 05:50:00,-24771325516,24753432127657821449955,276316,276316,276316,276316,0,24753432127657821449955,50001706043986220914285
2026-08-07 05:51:00,-1052736153,1051975172942125657361,276316,276316,276316,276316,0,1051975172942125657361,50001706043986220914285
2026-08-07 05:53:00,-173483040,173357631925694939267,276316,276316,276316,276316,0,173357631925694939267,50001706043986220914285
2026-08-07 05:54:00,-4098260681,4095297767085754255479,276316,276316,276316,276316,0,4095297767085754255479,50001706043986220914285
2026-08-07 05:57:00,-225048417293,224884684149512202009465,276316,276316,276316,276316,0,224884684149512202009465,50001706043986220914285
2026-08-07 06:00:00,7055079021,-7050000000000000000000,276316,276316,276316,276316,7055079021,0,50001706043986220914285
2026-08-07 06:07:00,3482506357,-3480000000000000000000,276316,276316,276316,276316,3482506357,0,50001706043986220914285
2026-08-07 06:08:00,90064651156,-90000000000000000000000,276316,276316,276316,276316,90064651156,0,50001706043986220914285
2026-08-07 06:14:00,-1161316477,1160470985291834164945,276316,276316,276316,276316,0,1160470985291834164945,50001706043986220914285
2026-08-07 06:15:00,1000583004,-999866529319744649220,276316,276316,276316,276316,1000583004,0,50001706043986220914285
2026-08-07 06:16:00,35373879506,-35348575474254211748145,276316,276316,276316,276316,35373879506,0,50001706043986220914285
2026-08-07 06:20:00,-7359980619,7354631659438646439886,276316,276316,276316,276316,0,7354631659438646439886,50001706043986220914285
2026-08-07 06:21:00,13009297204,-13000000000000000000000,276316,276316,276316,276316,13009297204,0,50001706043986220914285
2026-08-07 06:25:00,-1651197628,1649998159351255259146,276316,276316,276316,276316,0,1649998159351255259146,50001706043986220914285
2026-08-07 06:28:00,-1097800000,1097002472407850606236,276316,276316,276316,276316,0,1097002472407850606236,50001706043986220914285
2026-08-07 06:29:00,79522757848,-79466066898970972395691,276316,276316,276316,276316,79722091869,199189838029027604309,50001706043986220914285
2026-08-07 06:30:00,-875622736,874989362849282599984,276316,276316,276316,276316,0,874989362849282599984,50001706043986220914285
2026-08-07 06:31:00,13180713329,-13171340489906165773066,276316,276316,276316,276316,13180713329,0,50001706043986220914285
2026-08-07 06:32:00,-84770716862,84709295627047932469244,276316,276316,276316,276316,232772194,84941901567951494271881,50001706043986220914285
2026-08-07 06:35:00,29875726548,-29854406347000000000000,276316,276316,276316,276316,29875726548,0,50001706043986220914285
2026-08-07 06:38:00,-45230691676,45197828861319301739579,276316,276316,276316,276316,2385160065,47581283805319301739579,50001706043986220914285
2026-08-07 06:39:00,39435274,-39407084460912863470,276316,276316,276316,276316,39435274,0,50001706043986220914285
2026-08-07 06:41:00,-31625159057,31601345824026180394666,276316,276316,276316,276316,67310440925,98863546414026180394666,50001706043986220914285
2026-08-07 06:42:00,-12072696407,12063903445274424737077,276316,276316,276316,276316,0,12063903445274424737077,50001706043986220914285
2026-08-07 06:43:00,-46151607,46117981930163508429,276316,276316,276316,276316,0,46117981930163508429,50001706043986220914285
2026-08-07 06:44:00,92243250567,-92177320321000000000000,276316,276316,276316,276316,92243250567,0,50001706043986220914285
2026-08-07 06:46:00,-2779065746,2777051068859887029187,276316,276316,276316,276316,0,2777051068859887029187,50001706043986220914285
2026-08-07 06:48:00,274917216,-274721199102327200047,276316,276316,276316,276316,274917216,0,50001706043986220914285
2026-08-07 06:49:00,50943472217,-50907201341952142368319,276316,276316,276316,276316,50943472217,0,50001706043986220914285
2026-08-07 06:50:00,146193911779,-146090400000000000000000,276316,276316,276316,276316,146193911779,0,50001706043986220914285
2026-08-07 06:51:00,93456583236,-93390859274000000000000,276316,276316,276316,276316,93456583236,0,50001706043986220914285
2026-08-07 06:52:00,230957759757,-230796834073250841501653,276317,276316,276316,276317,230957759757,0,50001905988732285378587
2026-08-07 06:53:00,220392043173,-220240466753000000000000,276317,276317,276317,276317,220392043173,0,50001905988732285378587
2026-08-07 06:54:00,245487413749,-245320862697000000000000,276317,276317,276317,276317,245487413749,0,50001905988732285378587
2026-08-07 06:55:00,171805238597,-171690109603000000000000,276317,276317,276317,276317,171805238597,0,50001905988732285378587
2026-08-07 06:57:00,-73492716217,73442730795217924839284,276317,276317,276317,276317,0,73442730795217924839284,50001905988732285378587
2026-08-07 06:58:00,-35038702457,35014795217378309275924,276317,276317,276317,276317,0,35014795217378309275924,50001905988732285378587
2026-08-07 06:59:00,-340595820,340358637614410798773,276317,276317,276317,276317,379395202,719499250876163088596,50001905988732285378587
2026-08-07 07:05:00,155030518,-154926488229937684975,276317,276317,276317,276317,155030518,0,50001905988732285378587
2026-08-07 07:06:00,-203822861,203683645644058377247,276317,276317,276317,276317,0,203683645644058377247,50001905988732285378587
2026-08-07 07:10:00,-170258800,170142507945807723419,276317,276317,276317,276317,0,170142507945807723419,50001905988732285378587
2026-08-07 07:14:00,-249261840,249091584549490468227,276317,276317,276317,276317,0,249091584549490468227,50001905988732285378587
2026-08-07 07:15:00,-1696600000,1695441093325145512367,276317,276317,276317,276317,0,1695441093325145512367,50001905988732285378587
2026-08-07 07:18:00,132122086,-132033417906479109872,276317,276317,276317,276317,132122086,0,50001905988732285378587
2026-08-07 07:22:00,-10009401787,10002562318966506613600,276317,276317,276317,276317,0,10002562318966506613600,50001905988732285378587
2026-08-07 07:24:00,-3490793237,3488407021150410733909,276317,276317,276317,276317,0,3488407021150410733909,50001905988732285378587
2026-08-07 07:25:00,-450197124,449882152011037549785,276317,276317,276317,276317,599802876,1049282152011037549785,50001905988732285378587
2026-08-07 07:27:00,-150000000000,149897001216876346877931,276317,276317,276317,276317,0,149897001216876346877931,50001905988732285378587
2026-08-07 07:30:00,20221719299,-20208024007639925788230,276317,276317,276317,276317,20226600716,4878053738383487694,50001905988732285378587
2026-08-07 07:31:00,-1445674851,1444678959030028870745,276317,276317,276317,276317,0,1444678959030028870745,50001905988732285378587
2026-08-07 07:33:00,700404103,-699930000674709450657,276317,276317,276317,276317,700404103,0,50001905988732285378587
2026-08-07 07:35:00,-149600000000,149496496863097175503069,276317,276317,276317,276317,0,149496496863097175503069,50001905988732285378587
2026-08-07 07:38:00,-557988378,557600650887334712920,276317,276317,276317,276317,0,557600650887334712920,50001905988732285378587
2026-08-07 07:41:00,179490983018,-179369054943097175503069,276317,276317,276317,276317,179490983018,0,50001905988732285378587
2026-08-07 07:42:00,95964538546,-95899878035468264031984,276317,276317,276317,276317,95964538546,0,50001905988732285378587
2026-08-07 07:43:00,-667176952,666720679527554566856,276317,276317,276317,276317,0,666720679527554566856,50001905988732285378587
2026-08-07 07:44:00,-11545690756,11537738478205724170318,276317,276317,276317,276317,4465436977,16000172646205724170318,50001905988732285378587
2026-08-07 07:45:00,280590393381,-280403306747397058248704,276317,276317,276317,276317,280590393381,0,50001905988732285378587
2026-08-07 07:46:00,168606037503,-168495130808000000000000,276317,276317,276317,276317,168606037503,0,50001905988732285378587
2026-08-07 07:47:00,-1191694486,1190900300298407625969,276317,276317,276317,276317,0,1190900300298407625969,50001905988732285378587
2026-08-07 07:48:00,6649891720,-6645540483000000000000,276317,276317,276317,276317,6649891720,0,50001905988732285378587
2026-08-07 07:49:00,7236603778,-7231870644000000000000,276317,276317,276317,276317,7236603778,0,50001905988732285378587
2026-08-07 07:50:00,95916526972,-95853990000000000000000,276317,276317,276317,276317,95916526972,0,50001905988732285378587
2026-08-07 08:01:00,146346901,-146251765270000000000,276317,276317,276317,276317,146346901,0,50001905988732285378587
2026-08-07 08:03:00,-7689362925,7684270895165020420367,276317,276317,276317,276317,0,7684270895165020420367,50001905988732285378587
2026-08-07 08:07:00,862696225,-862135161244668551108,276317,276317,276317,276317,862696225,0,50001905988732285378587
2026-08-07 08:09:00,-8543803970,8538143638719409899166,276317,276317,276317,276317,0,8538143638719409899166,50001905988732285378587
2026-08-07 08:10:00,-763185355,762679596456255482163,276317,276317,276317,276317,0,762679596456255482163,50001905988732285378587
2026-08-07 08:11:00,-941015825,940381595203363031127,276317,276317,276317,276317,883283101,1823089881203363031127,50001905988732285378587
2026-08-07 08:12:00,-171109997,170996593620592484566,276317,276317,276317,276317,0,170996593620592484566,50001905988732285378587
2026-08-07 08:13:00,-311567195849,311358764365162086499884,276317,276317,276317,276317,0,311358764365162086499884,50001905988732285378587
2026-08-07 08:14:00,79830059028,-79777245550168839372540,276317,276317,276317,276317,80107246651,277000462831160627460,50001905988732285378587
2026-08-07 08:15:00,238272936,-238115672863705846206,276317,276317,276317,276317,238272936,0,50001905988732285378587
2026-08-07 08:16:00,-321597722,321381604867910279481,276317,276317,276317,276317,0,321381604867910279481,50001905988732285378587
2026-08-07 08:19:00,32421220120,-32399858518849149599768,276317,276317,276317,276317,33770103120,1347978108150850400232,50001905988732285378587
2026-08-07 08:21:00,14105728522,-14096440655000000000000,276317,276317,276317,276317,14105728522,0,50001905988732285378587
2026-08-07 08:24:00,-972000000,971348588745866995637,276317,276317,276317,276317,0,971348588745866995637,50001905988732285378587
2026-08-07 08:26:00,-69873204570,69826275601220094560729,276317,276317,276317,276317,225981125,70052107985827450719595,50001905988732285378587
2026-08-07 08:28:00,80688151626,-80634947193000000000000,276317,276317,276317,276317,80688151626,0,50001905988732285378587
2026-08-07 08:30:00,-95598147045,95533936312190133692706,276317,276317,276317,276317,0,95533936312190133692706,50001905988732285378587
2026-08-07 08:32:00,651273083,-650842215309710156142,276317,276317,276317,276317,651273083,0,50001905988732285378587
2026-08-07 08:33:00,-980478517,979818089167387012308,276317,276317,276317,276317,0,979818089167387012308,50001905988732285378587
2026-08-07 08:35:00,61196174399,-61155773549728158741077,276317,276317,276317,276317,62196074399,999226450271841258923,50001905988732285378587
2026-08-07 08:36:00,3145080933,-3143008022000000000000,276317,276317,276317,276317,3145080933,0,50001905988732285378587
2026-08-07 08:39:00,-1383008082,1382080009078752034560,276317,276317,276317,276317,0,1382080009078752034560,50001905988732285378587
2026-08-07 08:40:00,575779483,-575400000000000000000,276317,276317,276317,276317,575779483,0,50001905988732285378587
2026-08-07 08:41:00,-7213350309,7208508692532393168776,276317,276317,276317,276317,0,7208508692532393168776,50001905988732285378587
2026-08-07 08:42:00,-72982364723,72933261884287440161792,276317,276317,276317,276317,0,72933261884287440161792,50001905988732285378587
2026-08-07 08:43:00,6794013277,-6789523244699569489687,276317,276317,276317,276317,7504218908,709726755300430510313,50001905988732285378587
2026-08-07 08:44:00,133273229044,-133185357200000000000000,276317,276317,276317,276317,133273229044,0,50001905988732285378587
2026-08-07 08:46:00,-56299093,56261447475111709648,276317,276317,276317,276317,0,56261447475111709648,50001905988732285378587
2026-08-07 08:49:00,1115964854,-1115232052818735319663,276317,276317,276317,276317,1115964854,0,50001905988732285378587
2026-08-07 08:50:00,1986260480,-1984980500323078618528,276317,276317,276317,276317,4002627929,2015019499676921381472,50001905988732285378587
2026-08-07 08:51:00,9506239531,-9500000000000000000000,276317,276317,276317,276317,9506239531,0,50001905988732285378587
2026-08-07 08:52:00,-49632131016,49598919403689116209762,276317,276317,276317,276317,0,49598919403689116209762,50001905988732285378587
2026-08-07 08:56:00,-184207704760,184083580570731237724439,276317,276317,276317,276317,0,184083580570731237724439,50001905988732285378587
2026-08-07 08:58:00,-49900000,49866191720557758149,276317,276317,276317,276317,0,49866191720557758149,50001905988732285378587
2026-08-07 09:01:00,9463089563,-9456793500000000000000,276317,276317,276317,276317,9463089563,0,50001905988732285378587
2026-08-07 09:04:00,12719105952,-12710649204435751189580,276317,276317,276317,276317,12719105952,0,50001905988732285378587
2026-08-07 09:05:00,18502290361,-18490000000000000000000,276317,276317,276317,276317,18502290361,0,50001905988732285378587
2026-08-07 09:07:00,702418290,-701951970554902980680,276317,276317,276317,276317,702418290,0,50001905988732285378587
2026-08-07 09:10:00,-150268682723,150166662345588830288785,276317,276317,276317,276317,772863066,150939007684108096611842,50001905988732285378587
2026-08-07 09:11:00,-500000000,499659064878494227122,276317,276317,276317,276317,0,499659064878494227122,50001905988732285378587
2026-08-07 09:14:00,4793210,-4790000000000000000,276317,276317,276317,276317,4793210,0,50001905988732285378587
2026-08-07 09:15:00,660101454,-659659292308643884693,276317,276317,276317,276317,661944019,1841307647663151717,50001905988732285378587
2026-08-07 09:17:00,2659081,-2657300000000000000,276317,276317,276317,276317,2659081,0,50001905988732285378587
2026-08-07 09:18:00,151022964907,-150922256101000000000000,276317,276317,276317,276317,151022964907,0,50001905988732285378587
2026-08-07 09:19:00,36859585191,-36835143983119093460367,276317,276317,276317,276317,36862498531,2911374880906539633,50001905988732285378587
2026-08-07 09:20:00,-288350996,288156545057644555456,276317,276317,276317,276317,0,288156545057644555456,50001905988732285378587
2026-08-07 09:21:00,56113660808,-56076555991022515764970,276317,276317,276317,276317,56116550732,2887980977484235030,50001905988732285378587
2026-08-07 09:22:00,52552337160,-52517703709036471616608,276317,276317,276317,276317,52752317160,199846010963528383392,50001905988732285378587
2026-08-07 09:23:00,451716393487,-451423230278117869212418,276317,276317,276317,276317,451716393487,0,50001905988732285378587
2026-08-07 09:24:00,131665121885,-131581206107273349777991,276317,276317,276317,276317,131665121885,0,50001905988732285378587
2026-08-07 09:25:00,-2133007611,2131611677404261051559,276317,276317,276317,276317,1368901549,3499644215150788163280,50001905988732285378587
2026-08-07 09:27:00,-9899733663,9893328661376949656563,276317,276317,276317,276317,0,9893328661376949656563,50001905988732285378587
2026-08-07 09:28:00,-182406892543,182288176767648999372728,276317,276317,276317,276317,0,182288176767648999372728,50001905988732285378587
2026-08-07 09:29:00,-80002524483,79950037044580777627437,276317,276317,276317,276317,0,79950037044580777627437,50001905988732285378587
2026-08-07 09:30:00,1361115071,-1360236265681843808578,276317,276317,276317,276317,1361115071,0,50001905988732285378587
2026-08-07 09:31:00,300153153775,-299966486516749552355364,276317,276317,276317,276317,743674305027,443225559779090511089436,50001905988732285378587
2026-08-07 09:32:00,-49613610982,49581530150098893708187,276317,276317,276317,276317,0,49581530150098893708187,50001905988732285378587
2026-08-07 09:34:00,699195085,-698750678372523261446,276317,276317,276317,276317,699195085,0,50001905988732285378587
2026-08-07 09:36:00,-1023001662,1022339167950959039668,276317,276317,276317,276317,0,1022339167950959039668,50001905988732285378587
2026-08-07 09:37:00,23973841967,-23958627178406617436599,276317,276317,276317,276317,24983535225,1009040349593382563401,50001905988732285378587
2026-08-07 09:38:00,-73990748143,73942791924990229745581,276317,276317,276317,276317,0,73942791924990229745581,50001905988732285378587
2026-08-07 09:39:00,-20000000,19987007665450751097,276317,276317,276317,276317,0,19987007665450751097,50001905988732285378587
2026-08-07 09:40:00,-252633151957,252467761965848605061115,276317,276317,276317,276317,0,252467761965848605061115,50001905988732285378587
2026-08-07 09:41:00,-21000295040,20983685877829365096524,276317,276317,276317,276317,228999704960,249833823265280683868236,50001905988732285378587
2026-08-07 09:43:00,-821577903,821035194706413572722,276317,276317,276317,276317,0,821035194706413572722,50001905988732285378587
2026-08-07 09:44:00,3570167902,-3567852575361194012657,276317,276317,276317,276317,3570167902,0,50001905988732285378587
2026-08-07 09:45:00,2098264665,-2096904170854301521779,276317,276317,276317,276317,2101152402,2885829145698478221,50001905988732285378587
2026-08-07 09:46:00,6110251614,-6106290685110775564317,276317,276317,276317,276317,6110251614,0,50001905988732285378587
2026-08-07 09:48:00,87093568824,-87037334557067206183089,276317,276317,276317,276317,92210832930,5113885607932793816911,50001905988732285378587
2026-08-07 09:49:00,105245766908,-105178142488000000000000,276317,276317,276317,276317,105245766908,0,50001905988732285378587
2026-08-07 09:50:00,-25725531205,25706704180840238070890,276317,276317,276317,276317,169254968795,194853217138991650081599,50001905988732285378587
2026-08-07 09:51:00,182244082196,-182127842900000000000000,276317,276317,276317,276317,182244082196,0,50001905988732285378587
2026-08-07 09:53:00,67386253,-67343518758914843400,276317,276317,276317,276317,67386253,0,50001905988732285378587
2026-08-07 09:57:00,3649557291,-3647243088172023888168,276317,276317,276317,276317,3649557291,0,50001905988732285378587
2026-08-07 09:58:00,43996189330,-43971331103827972391064,276317,276317,276317,276317,293996189330,249840182123172027608936,50001905988732285378587
2026-08-07 09:59:00,151000284747,-150905266950946810475863,276317,276317,276317,276317,151017284747,16989150053189524137,50001905988732285378587
2026-08-07 10:01:00,43838813120,-43811397899000000000000,276317,276317,276317,276317,43838813120,0,50001905988732285378587
2026-08-07 10:02:00,-98946974933,98881989989258768846398,276317,276317,276317,276317,151053025067,249839631078258768846398,50001905988732285378587
2026-08-07 10:03:00,-145697646876,145602662102454945303124,276317,276317,276317,276317,104302353124,249838644608323009448532,50001905988732285378587
2026-08-07 10:04:00,307007668678,-306817250395921378917440,276317,276317,276317,276317,509007668678,201872749604078621082560,50001905988732285378587
2026-08-07 10:05:00,-251747647418,251586776038672462566919,276317,276317,276317,276317,0,251586776038672462566919,50001905988732285378587
2026-08-07 10:06:00,-108436702684,108364909781977464339674,276317,276317,276317,276317,143382957665,251656215702901055872218,50001905988732285378587
2026-08-07 10:07:00,1918480097,-1917259272109740564517,276317,276317,276317,276317,1918480097,0,50001905988732285378587
2026-08-07 10:09:00,57058676669,-57022434577000000000000,276317,276317,276317,276317,57058676669,0,50001905988732285378587
2026-08-07 10:12:00,-1100997096,1100285800506525199057,276317,276317,276317,276317,0,1100285800506525199057,50001905988732285378587
2026-08-07 10:14:00,415930973345,-415670698415274402495699,276317,276317,276317,276317,415969806908,38809118327562945085,50001905988732285378587
2026-08-07 10:15:00,173698549565,-173591901311738741753824,276317,276317,276317,276317,173698606890,57288261258246176,50001905988732285378587
2026-08-07 10:16:00,-167421500887,167315728446528987186022,276317,276317,276317,276317,82666254503,249930824428528987186022,50001905988732285378587
2026-08-07 10:17:00,1488727579,-1487808775000000000000,276317,276317,276317,276317,1488727579,0,50001905988732285378587
2026-08-07 10:18:00,-448638489,448356229507524928298,276317,276317,276317,276317,0,448356229507524928298,50001905988732285378587
2026-08-07 10:19:00,-2660000000,2658326305162090913382,276317,276317,276317,276317,0,2658326305162090913382,50001905988732285378587
2026-08-07 10:20:00,-181021282,180907370707833268698,276317,276317,276317,276317,0,180907370707833268698,50001905988732285378587
2026-08-07 10:21:00,-250243582580,250084860861475052967062,276317,276317,276317,276317,0,250084860861475052967062,50001905988732285378587
2026-08-07 10:22:00,7313436624,-7308850147508172562799,276317,276317,276317,276317,7313436624,0,50001905988732285378587
2026-08-07 10:23:00,-252210000000,252047572809382603646544,276317,276317,276317,276317,0,252047572809382603646544,50001905988732285378587
2026-08-07 10:24:00,-121545949345,121465223743966266824942,276317,276317,276317,276317,128454050655,249836487581355271297262,50001905988732285378587
2026-08-07 10:25:00,480303707006,-480000000000000000000000,276317,276317,276317,276317,480303707006,0,50001905988732285378587
2026-08-07 10:26:00,-241388803201,241234321731054727767490,276317,276317,276317,276317,8611196799,249840071567504481212539,50001905988732285378587
2026-08-07 10:27:00,-213054468339,212915833591530309134386,276317,276317,276317,276317,36945531661,249837660112530309134386,50001905988732285378587
2026-08-07 10:28:00,-116093055040,116015385305731659646527,276317,276317,276317,276317,133906944960,249835531746076424562239,50001905988732285378587
2026-08-07 10:30:00,41461091010,-41434361193000000000000,276317,276317,276317,276317,41461091010,0,50001905988732285378587
2026-08-07 10:31:00,299439188439,-299248180584000000000000,276317,276317,276317,276317,299439188439,0,50001905988732285378587
2026-08-07 10:32:00,-166944992575,166835944682298396995169,276317,276317,276317,276317,83055007425,249837777551520951791201,50001905988732285378587
2026-08-07 10:33:00,-139142501652,139050264017051903470441,276317,276317,276317,276317,110859499718,249838109864029267323752,50001905988732285378587
2026-08-07 10:34:00,-118097088188,118017741175206117824657,276317,276317,276317,276317,131902911812,249835309582446905088145,50001905988732285378587
2026-08-07 10:35:00,-90621755557,90559793269366097938014,276317,276317,276317,276317,159378244443,249834477835059472315998,50001905988732285378587
2026-08-07 10:36:00,526504802753,-526166810713000000000000,276317,276317,276317,276317,526504802753,0,50001905988732285378587
2026-08-07 10:37:00,-250000000000,249837894478198458824408,276317,276317,276317,276317,0,249837894478198458824408,50001905988732285378587
2026-08-07 10:38:00,-164456631401,164347606423806653002477,276317,276317,276317,276317,85543368599,249835397030806653002477,50001905988732285378587
2026-08-07 10:39:00,-76988180137,76935175619163846157493,276317,276317,276317,276317,173011819863,249833754169212822426805,50001905988732285378587
2026-08-07 10:40:00,-124665870731,124581394737492443972009,276317,276317,276317,276317,125410360669,249909165190387114467753,50001905988732285378587
2026-08-07 10:41:00,16035515028,-16025000000000000000000,276317,276317,276317,276317,16035515028,0,50001905988732285378587
2026-08-07 10:43:00,292078670292,-291888942488000000000000,276317,276317,276317,276317,292078670292,0,50001905988732285378587
2026-08-07 10:44:00,182720712789,-182603754843829804619104,276317,276317,276317,276317,182720712789,0,50001905988732285378587
2026-08-07 10:45:00,208497448020,-208365620347000000000000,276317,276317,276317,276317,208497448020,0,50001905988732285378587
2026-08-07 10:46:00,526000000000,-525675142841000000000000,276317,276317,276317,276317,526000000000,0,50001905988732285378587
2026-08-07 10:47:00,-25080195387,25064656121486526695267,276317,276317,276317,276317,0,25064656121486526695267,50001905988732285378587
2026-08-07 10:48:00,185715500133,-185603666336238841524995,276317,276317,276317,276317,219825581631,34089206770631645897670,50001905988732285378587
2026-08-07 10:49:00,54151870710,-54119425292732423067523,276317,276317,276317,276317,56102107759,1949046507267576932477,50001905988732285378587
2026-08-07 10:50:00,102213078747,-102152112372000000000000,276318,276317,276317,276318,102213078747,0,50001706043986222913632
2026-08-07 10:52:00,-30000000000,29981789596249909662150,276318,276318,276318,276318,0,29981789596249909662150,50001706043986222913632
2026-08-07 10:53:00,-250596408647,250442888266020432638494,276317,276318,276317,276318,0,250442888266020432638494,50001905988732285378587
2026-08-07 10:54:00,71673305300,-71630000123000000000000,276317,276317,276317,276317,71673305300,0,50001905988732285378587
2026-08-07 10:55:00,2503105936,-2501597885583266118612,276317,276317,276317,276317,2554906432,51768650723980375745,50001905988732285378587
2026-08-07 10:57:00,61116684834,-61079926265000000000000,276317,276317,276317,276317,61116684834,0,50001905988732285378587
2026-08-07 10:59:00,-250335220082,250180707560651779236044,276317,276317,276317,276317,0,250180707560651779236044,50001905988732285378587
2026-08-07 11:00:00,-22000000000,21986301394554292817766,276317,276317,276317,276317,0,21986301394554292817766,50001905988732285378587
2026-08-07 11:02:00,191113676357,-190997614513000000000000,276317,276317,276317,276317,191113676357,0,50001905988732285378587
2026-08-07 11:03:00,173409759004,-173305711654000000000000,276317,276317,276317,276317,173409759004,0,50001905988732285378587
2026-08-07 11:04:00,-244013535,243865041750536148760,276317,276317,276317,276317,0,243865041750536148760,50001905988732285378587
2026-08-07 11:06:00,-9768362064,9759330718451295073850,276318,276317,276317,276318,257231637936,266838838372451295073850,50001706043986222913632
2026-08-07 11:07:00,-250000000000,249846517062416559461966,276317,276317,276317,276317,0,249846517062416559461966,50001905988732285378587
2026-08-07 11:08:00,163499873835,-163401183971539780554886,276317,276317,276317,276317,164306240943,805873306460219445114,50001905988732285378587
2026-08-07 11:09:00,323679624084,-323487380111220258093258,276318,276318,276317,276318,323679624084,0,50001706043986222913632
2026-08-07 11:10:00,-225162449495,225025935269998937734243,276317,276317,276317,276318,43837550505,268837333168998937734243,50001905988732285378587
2026-08-07 11:11:00,353324235304,-353115984786331024031304,276318,276317,276317,276318,353324235304,0,50001706043986222913632
2026-08-07 11:12:00,-1902668063,1901537164760406240501,276318,276318,276318,276318,0,1901537164760406240501,50001706043986222913632
2026-08-07 11:13:00,-265154776287,264995234423006464895083,276318,276318,276318,276318,43837329182,308806632322006464895083,50001706043986222913632
2026-08-07 11:14:00,-1902074551,1900923705512496733196,276318,276318,276318,276318,0,1900923705512496733196,50001706043986222913632
2026-08-07 11:15:00,-409632184384,409380969446973419459830,276317,276317,276317,276317,0,409380969446973419459830,50001905988732285378587
2026-08-07 11:16:00,-1927446892,1926239969717363043859,276317,276317,276317,276317,752595795,2678377098386380606798,50001905988732285378587
2026-08-07 11:17:00,-160613188874,160512847321804823885197,276317,276317,276317,276317,0,160512847321804823885197,50001905988732285378587
2026-08-07 11:18:00,-118041118863,117966716596776274456193,276317,276317,276317,276317,0,117966716596776274456193,50001905988732285378587
2026-08-07 11:19:00,49173334975,-49145146759081190667911,276317,276317,276317,276317,239631369663,190338632063990182280800,50001905988732285378587
2026-08-07 11:20:00,17580186686,-17571155385524566182885,276317,276317,276317,276317,170970907367,153293506818475433817115,50001905988732285378587
2026-08-07 11:21:00,76176144130,-76130035612505480572122,276317,276317,276317,276317,147293281457,71072525364494519427878,50001905988732285378587
2026-08-07 11:22:00,-11547260087,11540017811859250245106,276317,276317,276317,276317,0,11540017811859250245106,50001905988732285378587
2026-08-07 11:24:00,-434164964837,433888796422117388202042,276317,276317,276317,276317,0,433888796422117388202042,50001905988732285378587
2026-08-07 11:26:00,-137475387227,137384227673000000000000,276317,276317,276317,276317,178660363846,315929920810081987186826,50001905988732285378587
2026-08-07 11:27:00,78742863339,-78693285336156600057250,276317,276317,276317,276317,125193962428,46420995759843399942750,50001905988732285378587
2026-08-07 11:28:00,-340437298675,340214578738248110963549,276317,276317,276317,276317,8599925617,348808923900918394371269,50001905988732285378587
2026-08-07 11:29:00,69941981394,-69896706111637956697469,276317,276317,276317,276317,69942689403,707540455647401147,50001905988732285378587
2026-08-07 11:30:00,450677610393,-450390608982403961045670,276317,276317,276317,276317,454528592821,3848448488596038954330,50001905988732285378587
2026-08-07 11:31:00,-149985440000,149889013014168883799479,276317,276317,276317,276317,0,149889013014168883799479,50001905988732285378587
2026-08-07 11:32:00,40276642577,-40251263015405255848589,276317,276317,276317,276317,50276642577,9993538945384171716275,50001905988732285378587
2026-08-07 11:33:00,382675173522,-382436132476347077528560,276317,276317,276317,276317,382675173522,0,50001905988732285378587
2026-08-07 11:35:00,-272603477763,272430521349884427627390,276317,276317,276317,276317,238078546,272668453000084201203565,50001905988732285378587
2026-08-07 11:36:00,-125950456702,125869017810740371862729,276317,276317,276317,276317,43905623714,169746813460740371862729,50001905988732285378587
2026-08-07 11:37:00,-250028085252,249865585469861326046009,276317,276317,276317,276317,0,249865585469861326046009,50001905988732285378587
2026-08-07 11:38:00,-55673840092,55636118900056564475693,276317,276317,276317,276317,99836748465,155408258141302906971850,50001905988732285378587
2026-08-07 11:39:00,31335648108,-31315451977081435161611,276317,276317,276317,276317,31383103728,47424493918564838389,50001905988732285378587
2026-08-07 11:40:00,-10899945575,10892792791555873299984,276317,276317,276317,276317,100054425,10992782791555873299984,50001905988732285378587
2026-08-07 11:41:00,95117416548,-95056309604967145277256,276317,276317,276317,276317,95117416548,0,50001905988732285378587
2026-08-07 11:42:00,87697640192,-87641620314000000000000,276317,276317,276317,276317,87697640192,0,50001905988732285378587
2026-08-07 11:43:00,82937069591,-82884373448895521225675,276317,276317,276317,276317,82937069591,0,50001905988732285378587
2026-08-07 11:45:00,181340972805,-181226710819000000000000,276317,276317,276317,276317,181340972805,0,50001905988732285378587
2026-08-07 11:46:00,208048867785,-207919395950000000000000,276317,276317,276317,276317,208048867785,0,50001905988732285378587
2026-08-07 11:47:00,-160102884360,160001482173677631974050,276317,276317,276317,276317,98115600,160099536495740320752764,50001905988732285378587
2026-08-07 11:48:00,-20134741739,20121121782948479072008,276317,276317,276317,276317,66302301043,86381872182948479072008,50001905988732285378587
2026-08-07 11:49:00,-202526290688,202395797022892951849417,276317,276317,276317,276317,49490659741,251855057817477575033672,50001905988732285378587
2026-08-07 11:50:00,-1123862408400,1123111780090232860897989,276317,276317,276317,276317,100063385,1123211780090232860897989,50001905988732285378587
2026-08-07 11:51:00,645070322218,-644641045151000000000000,276317,276317,276317,276317,645070322218,0,50001905988732285378587
2026-08-07 11:52:00,317711841270,-317506525604475365443685,276317,276317,276317,276317,317846061066,134130595524634556315,50001905988732285378587
2026-08-07 11:53:00,505190639920,-504873187374109233584481,276317,276317,276317,276317,564759261538,59531063351890766415519,50001905988732285378587
2026-08-07 11:54:00,-590712313565,590332192078261620734485,276317,276317,276317,276317,0,590332192078261620734485,50001905988732285378587
2026-08-07 11:55:00,193704653012,-193584118811683698752187,276317,276317,276317,276317,471185316591,277302516926287330153890,50001905988732285378587
2026-08-07 11:56:00,-11296208720,11288558851908210343277,276317,276317,276317,276317,27714301658,38985218376809573255981,50001905988732285378587
2026-08-07 11:59:00,18430318835,-18418603612912903782400,276317,276317,276317,276317,18430318835,0,50001905988732285378587
2026-08-07 12:00:00,-111575951012,111503393081388385803581,276317,276317,276317,276317,7424048988,118922691509388385803581,50001905988732285378587
2026-08-07 12:01:00,-20085452883,20071683733970586258346,276317,276317,276317,276317,55932114522,75967908859970586258346,50001905988732285378587
2026-08-07 12:02:00,29021423918,-29002851312000844145649,276317,276317,276317,276317,29022854339,1429488292710917715,50001905988732285378587
2026-08-07 12:03:00,181353272225,-181237975203000000000000,276317,276317,276317,276317,181353272225,0,50001905988732285378587
2026-08-07 12:04:00,-90375146037,90316769669332442950596,276317,276317,276317,276317,0,90316769669332442950596,50001905988732285378587
2026-08-07 12:06:00,118174850787,-118100000486287330153890,276317,276317,276317,276317,118174850787,0,50001905988732285378587
2026-08-07 12:07:00,356359231,-356134362000000000000,276317,276317,276317,276317,356359231,0,50001905988732285378587
2026-08-07 12:08:00,-100300965000,100236270171530622395148,276317,276317,276317,276317,0,100236270171530622395148,50001905988732285378587
2026-08-07 12:09:00,-250000000000,249836998512658587186164,276317,276317,276317,276317,0,249836998512658587186164,50001905988732285378587
2026-08-07 12:11:00,-249653675819,249488393544715050850442,276317,276317,276317,276317,1196136344,250683746439533927524052,50001905988732285378587
2026-08-07 12:12:00,146697747609,-146605090868784183826641,276317,276317,276317,276317,396699851525,249834109633215816173358,50001905988732285378587
2026-08-07 12:13:00,-249997896076,249831370059721696201459,276317,276317,276317,276317,3218321,249834586259721696201459,50001905988732285378587
2026-08-07 12:14:00,69064891070,-69019464859000000000000,276317,276317,276317,276317,69064891070,0,50001905988732285378587
2026-08-07 12:15:00,181359368513,-181240990000000000000000,276317,276317,276317,276317,181359368513,0,50001905988732285378587
2026-08-07 12:16:00,84973753992,-84919980006201467008874,276317,276317,276317,276317,188263743542,103222268329677188791493,50001905988732285378587
2026-08-07 12:21:00,71022117621,-70977198950414202541380,276317,276317,276317,276317,141087117621,70018820017585797458620,50001905988732285378587
2026-08-07 12:22:00,74034377621,-73986892512000000000000,276317,276317,276317,276317,74034377621,0,50001905988732285378587
2026-08-07 12:23:00,-168005356847,167892512300598837405653,276317,276317,276317,276317,229895143153,397637943119947459961257,50001905988732285378587
2026-08-07 12:24:00,181010204028,-180893812605000000000000,276317,276317,276317,276317,181010204028,0,50001905988732285378587
2026-08-07 12:25:00,-565921986769,565546954339099758026330,276317,276317,276317,276317,0,565546954339099758026330,50001905988732285378587
2026-08-07 12:26:00,377613896489,-377366762198281416385888,276317,276317,276317,276317,377613896489,0,50001905988732285378587
2026-08-07 12:27:00,-50035225563,50002206806068182564520,276317,276317,276317,276317,0,50002206806068182564520,50001905988732285378587
2026-08-07 12:28:00,148344679270,-148251239834418960178176,276317,276317,276317,276317,347171933761,198695057765581039821824,50001905988732285378587
2026-08-07 12:29:00,-295867868100,295672330984058754659359,276317,276317,276317,276317,0,295672330984058754659359,50001905988732285378587
2026-08-07 12:30:00,-57034538010,56996366580818474498906,276317,276317,276317,276317,6299467951,63291709304395981394249,50001905988732285378587
2026-08-07 12:31:00,107518818107,-107448775948495555338934,276317,276317,276317,276317,138920813883,31380965514128472341265,50001905988732285378587
2026-08-07 12:32:00,-226111352963,225960015544547178879043,276317,276317,276317,276317,0,225960015544547178879043,50001905988732285378587
2026-08-07 12:35:00,29541269791,-29521735921313997710261,276317,276317,276317,276317,29541269791,0,50001905988732285378587
2026-08-07 12:36:00,42772891005,-42744669654000000000000,276317,276317,276317,276317,42772891005,0,50001905988732285378587
2026-08-07 12:37:00,1640844590,-1639763425028443426783,276317,276317,276317,276317,1640844590,0,50001905988732285378587
2026-08-07 12:38:00,-134555366100,134464735595470213609161,276317,276317,276317,276317,0,134464735595470213609161,50001905988732285378587
2026-08-07 12:39:00,-112679755225,112601582628329500994421,276317,276317,276317,276317,143424931583,255931654937064691446509,50001905988732285378587
2026-08-07 12:40:00,139037125505,-138944530070000000000000,276317,276317,276317,276317,139037125505,0,50001905988732285378587
2026-08-07 12:41:00,397491416683,-397230957730128015679908,276317,276317,276317,276317,397492569476,1152032871984320092,50001905988732285378587
2026-08-07 12:42:00,103802413990,-103735436400000000000000,276317,276317,276317,276317,103802413990,0,50001905988732285378587
2026-08-07 12:43:00,-199189862932,199054682106822197289574,276317,276317,276317,276317,324125148607,522973463089822197289574,50001905988732285378587
2026-08-07 12:45:00,-34541961733,34511023259039333357995,276317,276317,276317,276317,667867181973,701952025508682880855338,50001905988732285378587
2026-08-07 12:46:00,-177556589350,177437973328149697083356,276317,276317,276317,276317,0,177437973328149697083356,50001905988732285378587
2026-08-07 12:48:00,66170598883,-66127040127624166768640,276317,276317,276317,276317,66170598883,0,50001905988732285378587
2026-08-07 12:49:00,12355978975,-12347864673149528861856,276317,276317,276317,276317,12355978975,0,50001905988732285378587
2026-08-07 12:51:00,19247135350,-19234507703380722438437,276317,276317,276317,276317,19247135350,0,50001905988732285378587
2026-08-07 12:52:00,1576092997,-1575059611400392029580,276317,276317,276317,276317,1576092997,0,50001905988732285378587
2026-08-07 12:53:00,179197017,-179079531383747643318,276317,276317,276317,276317,179197017,0,50001905988732285378587
2026-08-07 12:54:00,240698062269,-240541412232378276237476,276317,276317,276317,276317,240698062269,0,50001905988732285378587
2026-08-07 12:55:00,5784078234,-5780352465728402699178,276317,276317,276317,276317,6627416168,842783226914651232057,50001905988732285378587
2026-08-07 12:56:00,204838885935,-204707456448816732069807,276317,276317,276317,276317,205845770938,1006229123711653516392,50001905988732285378587
2026-08-07 12:57:00,532181677666,-531851317098942747583713,276317,276317,276317,276317,806884585506,274529238211679400580894,50001905988732285378587
2026-08-07 12:58:00,-113190247232,113118871986077358866360,276317,276317,276317,276317,0,113118871986077358866360,50001905988732285378587
2026-08-07 12:59:00,4795154227,-4792177631000000000000,276317,276317,276317,276317,4795154227,0,50001905988732285378587
2026-08-07 13:02:00,220579113937,-220443182540000000000000,276317,276317,276317,276317,220579113937,0,50001905988732285378587
2026-08-07 13:05:00,-400547546,400297667260279341345,276317,276317,276317,276317,0,400297667260279341345,50001905988732285378587
2026-08-07 13:06:00,-7503915987,7499233550092763072535,276317,276317,276317,276317,0,7499233550092763072535,50001905988732285378587
2026-08-07 13:13:00,-5306577966,5303265307620273840092,276317,276317,276317,276317,0,5303265307620273840092,50001905988732285378587
2026-08-07 13:16:00,314994137642,-314803227715639520000000,276317,276317,276317,276317,314994137642,0,50001905988732285378587
2026-08-07 13:18:00,-252130899425,251975382275306300783645,276317,276317,276317,276317,0,251975382275306300783645,50001905988732285378587
2026-08-07 13:19:00,-57075543914,57039986461385609921489,276317,276317,276317,276317,0,57039986461385609921489,50001905988732285378587
2026-08-07 13:20:00,93901715738,-93844411200000000000000,276317,276317,276317,276317,93901715738,0,50001905988732285378587
2026-08-07 13:21:00,-302597151993,302407598095487545037786,276317,276317,276317,276317,0,302407598095487545037786,50001905988732285378587
2026-08-07 13:22:00,28588461442,-28570739298487545037786,276317,276317,276317,276317,28588461442,0,50001905988732285378587
2026-08-07 13:23:00,434650571660,-434385152437000000000000,276317,276317,276317,276317,434650571660,0,50001905988732285378587
2026-08-07 13:24:00,5350641327,-5347421001275711392781,276317,276317,276317,276317,5350641327,0,50001905988732285378587
2026-08-07 13:25:00,165858647094,-165759391136000000000000,276318,276318,276318,276318,165858647094,0,50001706043986222913632
2026-08-07 13:29:00,618667421,-618299246437692945398,276318,276318,276318,276318,618667421,0,50001706043986222913632
2026-08-07 13:30:00,-100000000000,99939091080851528077179,276317,276317,276317,276317,0,99939091080851528077179,50001905988732285378587
2026-08-07 13:31:00,-267951464858,267786288552618116368116,276317,276317,276317,276317,0,267786288552618116368116,50001905988732285378587
2026-08-07 13:33:00,39502279726,-39479181360623532810900,276317,276317,276317,276317,119470862703,79919112925942280980564,50001905988732285378587
2026-08-07 13:35:00,1549909545,-1548966902000000000000,276317,276317,276317,276317,1549909545,0,50001905988732285378587
2026-08-07 13:36:00,3001525233,-2999700000394203109254,276317,276317,276317,276317,3001525233,0,50001905988732285378587
2026-08-07 13:38:00,208541291354,-208415358487746619095293,276317,276317,276317,276317,208541291354,0,50001905988732285378587
2026-08-07 13:41:00,8504248621,-8499150000000000000000,276317,276317,276317,276317,8504248621,0,50001905988732285378587
2026-08-07 13:42:00,21727654,-21714631774408138972,276317,276317,276317,276317,21727654,0,50001905988732285378587
2026-08-07 13:43:00,23523962,-23510158162504392695,276317,276317,276317,276317,48024513,24485571378595607305,50001905988732285378587
2026-08-07 13:45:00,524255959353,-523950227959075313252427,276318,276318,276317,276318,774255959353,249848464919924686747573,50001706043986222913632
2026-08-07 13:46:00,-500000000000,499699800428289211248181,276317,276317,276317,276317,0,499699800428289211248181,50001905988732285378587
2026-08-07 13:47:00,21818076,-21805021101840235666,276317,276317,276317,276317,21818076,0,50001905988732285378587
2026-08-07 13:48:00,-125050110501,124973468858749183294456,276317,276317,276317,276317,0,124973468858749183294456,50001905988732285378587
2026-08-07 13:49:00,-500000000000,499687311852026888280788,276317,276317,276317,276317,0,499687311852026888280788,50001905988732285378587
2026-08-07 13:50:00,119472485127,-119398294285714285714285,276317,276317,276317,276317,119472485127,0,50001905988732285378587
2026-08-07 13:51:00,181381535216,-181269990000000000000000,276317,276317,276317,276317,181381535216,0,50001905988732285378587
2026-08-07 13:53:00,-256001623900,255840737353248391120990,276317,276317,276317,276317,0,255840737353248391120990,50001905988732285378587
2026-08-07 13:54:00,41902709272,-41876698404717096703904,276317,276317,276317,276317,41902709272,0,50001905988732285378587
2026-08-07 13:55:00,215197129969,-215064653047000000000000,276317,276317,276317,276317,215197129969,0,50001905988732285378587
2026-08-07 13:56:00,-250000000000,249842926193868001511450,276317,276317,276317,276317,0,249842926193868001511450,50001905988732285378587
2026-08-07 13:57:00,39900163062,-39875404990000000000000,276317,276317,276317,276317,39900163062,0,50001905988732285378587
2026-08-07 13:58:00,-1025578187,1024921569317041227749,276317,276317,276317,276317,728991799,1753461569317041227749,50001905988732285378587
2026-08-07 13:59:00,6216571055,-6212719143000000000000,276317,276317,276317,276317,6216571055,0,50001905988732285378587
2026-08-07 14:00:00,2324825531,-2323391312997074974374,276317,276317,276317,276317,2816237354,491101496769457193564,50001905988732285378587
2026-08-07 14:02:00,1162723218322,-1162031051884456670784648,276318,276317,276317,276318,1247344493240,84570159345545537980073,50001706043986222913632
2026-08-07 14:03:00,21393241001,-21381059992081557538011,276318,276318,276318,276318,26965855946,5569360735918442461989,50001706043986222913632
2026-08-07 14:04:00,86027159925,-85981091448850671561408,276318,276318,276318,276318,336027159925,249852732253498453169472,50001706043986222913632
2026-08-07 14:05:00,-282928002711,282762114733563662504753,276318,276318,276318,276318,821561331,283583208088456991157954,50001706043986222913632
2026-08-07 14:06:00,-256889467047,256736084176750298726338,276318,276318,276318,276318,0,256736084176750298726338,50001706043986222913632
2026-08-07 14:07:00,-56838846026,56803716094786951679252,276318,276318,276318,276318,69744928029,126507223836786951679251,50001706043986222913632
2026-08-07 14:08:00,239418044088,-239277336936877599151966,276318,276318,276318,276318,239418044088,0,50001706043986222913632
2026-08-07 14:09:00,25014569012,-25000000000403748341725,276318,276318,276318,276318,25014569012,0,50001706043986222913632
2026-08-07 14:10:00,-221000000648,220867769696239303459577,276318,276318,276318,276318,0,220867769696239303459577,50001706043986222913632
2026-08-07 14:11:00,283165678811,-283000000000000000000000,276318,276318,276318,276318,283165678811,0,50001706043986222913632
2026-08-07 14:12:00,79412146382,-79366258073000000000000,276318,276318,276318,276318,79412146382,0,50001706043986222913632
2026-08-07 14:13:00,50059463958,-50031266235527677751023,276318,276318,276318,276318,100057459381,49968733764472322248977,50001706043986222913632
2026-08-07 14:15:00,-22161055583,22148053724415170815057,276318,276318,276318,276318,0,22148053724415170815057,50001706043986222913632
2026-08-07 14:18:00,-2001124632,1999949608797943898243,276318,276318,276318,276318,0,1999949608797943898243,50001706043986222913632
2026-08-07 14:22:00,-89989439559,89936434031767665601579,276318,276318,276318,276318,0,89936434031767665601579,50001706043986222913632
2026-08-07 14:25:00,-3139159722,3137304854418091938184,276318,276318,276318,276318,0,3137304854418091938184,50001706043986222913632
2026-08-07 14:27:00,-113988248112,113920627928999110157688,276318,276318,276318,276318,0,113920627928999110157688,50001706043986222913632
2026-08-07 14:29:00,7710000834,-7705503196000000000000,276318,276318,276318,276318,7710000834,0,50001706043986222913632
2026-08-07 14:30:00,30017488110,-30000000000000000000000,276318,276318,276318,276318,30017488110,0,50001706043986222913632
2026-08-07 14:34:00,-199046,198926963297658711,276318,276318,276318,276318,0,198926963297658711,50001706043986222913632
2026-08-07 14:35:00,46444043170,-46417055950401755992952,276318,276318,276318,276318,46444043170,0,50001706043986222913632
2026-08-07 14:37:00,-1980810913,1979637927891134157286,276318,276318,276318,276318,0,1979637927891134157286,50001706043986222913632
2026-08-07 14:40:00,-68710337026,68669551486897314912955,276318,276318,276318,276318,0,68669551486897314912955,50001706043986222913632
2026-08-07 14:43:00,3952366737,-3950062952231055244009,276318,276318,276318,276318,3952366737,0,50001706043986222913632
2026-08-07 14:45:00,1150708011,-1150037395000000000000,276318,276318,276318,276318,1150708011,0,50001706043986222913632
2026-08-07 14:48:00,-346885212287,346674293266346435066826,276317,276318,276317,276318,183672717401,530236758602304804795909,50001905988732285378587
2026-08-07 14:50:00,103504697,-103442944000000000000,276317,276317,276317,276317,103504697,0,50001905988732285378587
2026-08-07 14:52:00,30550979600,-30532770893571488219136,276318,276318,276318,276318,30550979600,0,50001706043986222913632
2026-08-07 14:54:00,4502230223,-4499550000000000000000,276318,276318,276318,276318,4502230223,0,50001706043986222913632
2026-08-07 14:55:00,1500743227,-1499850000000000000000,276318,276318,276318,276318,1500743227,0,50001706043986222913632
2026-08-07 14:56:00,499297156,-498999999999999999980,276318,276318,276318,276318,499297156,0,50001706043986222913632
2026-08-07 15:00:00,275926636804,-275763943054000000000000,276318,276318,276318,276318,275926636804,0,50001706043986222913632
2026-08-07 15:02:00,-105886902045,105823556994617361745437,276318,276318,276318,276318,97112441,105920612300217640516483,50001706043986222913632
2026-08-07 15:03:00,3405797472,-3403793920915996147712,276318,276318,276318,276318,3405797472,0,50001706043986222913632
2026-08-07 15:07:00,-362605083213,362384448867597104932596,276317,276317,276317,276317,30933311857,393299098115838337165044,50001905988732285378587
2026-08-07 15:08:00,-8005897179,8000974735447210056587,276317,276317,276317,276317,0,8000974735447210056587,50001905988732285378587
2026-08-07 15:09:00,-253944004727,253786537589908404599713,276317,276317,276317,276317,0,253786537589908404599713,50001905988732285378587
2026-08-07 15:10:00,-135500000000,135414923976662321523105,276317,276317,276317,276317,0,135414923976662321523105,50001905988732285378587
2026-08-07 15:12:00,-275729870101,275554482799623140787728,276317,276317,276317,276317,0,275554482799623140787728,50001905988732285378587
2026-08-07 15:13:00,-467604116605,467299736487068022815059,276317,276317,276317,276317,0,467299736487068022815059,50001905988732285378587
2026-08-07 15:19:00,440281575746,-440000020500000000000000,276317,276317,276317,276317,440281575746,0,50001905988732285378587
2026-08-07 15:20:00,1502125941,-1501190591265017030686,276317,276317,276317,276317,2501327442,998559408734982969314,50001905988732285378587
2026-08-07 15:22:00,-7833685679,7828650333221647462940,276317,276317,276317,276317,0,7828650333221647462940,50001905988732285378587
2026-08-07 15:27:00,1000631323,-1000000000000000000000,276317,276317,276317,276317,1000631323,0,50001905988732285378587
2026-08-07 15:29:00,3752367106,-3750000000000000000000,276317,276317,276317,276317,3752367106,0,50001905988732285378587
2026-08-07 15:30:00,-153940244418,153840826211393140730399,276317,276317,276317,276317,0,153840826211393140730399,50001905988732285378587
2026-08-07 15:31:00,181340605218,-181225765202000000000000,276317,276317,276317,276317,181340605218,0,50001905988732285378587
2026-08-07 15:32:00,55351338210,-55316563184806264898941,276317,276317,276317,276317,56710448224,1358240980099412195971,50001905988732285378587
2026-08-07 15:35:00,-498189701,497871132332174935087,276317,276317,276317,276317,0,497871132332174935087,50001905988732285378587
2026-08-07 15:39:00,9197830539,-9192060883000000000000,276317,276317,276317,276317,9197830539,0,50001905988732285378587
2026-08-07 15:41:00,-639386562,638977925538950752796,276317,276317,276317,276317,0,638977925538950752796,50001905988732285378587
2026-08-07 15:42:00,1301707893,-1300891592000000000000,276317,276317,276317,276317,1301707893,0,50001905988732285378587
2026-08-07 15:44:00,3434791256,-3432637623000000000000,276317,276317,276317,276317,3434791256,0,50001905988732285378587
2026-08-07 15:46:00,992743806,-992121438000000000000,276317,276317,276317,276317,992743806,0,50001905988732285378587
2026-08-07 15:52:00,615555516391,-615177207219096432810438,276317,276317,276317,276317,616400988693,844932123903567189562,50001905988732285378587
2026-08-07 15:53:00,2999376979,-2998170275531389072258,276317,276317,276317,276317,52999377144,49969235631916037874270,50001905988732285378587
2026-08-07 15:56:00,153092520,-153000331986865911569,276317,276317,276317,276317,153092520,0,50001905988732285378587
2026-08-07 15:57:00,224592496090,-224458337339532958156570,276318,276317,276317,276318,231002125146,6405691661140832455718,50001706043986222913632
2026-08-07 15:58:00,410625925901,-410385713011673866529529,276318,276318,276318,276318,410646011442,20073714544549745118,50001706043986222913632
2026-08-07 15:59:00,285764188499,-285602143636714485178155,276318,276318,276318,276318,381535756293,95716456363285514821844,50001706043986222913632
2026-08-07 16:00:00,69065852131,-69029974865526803278077,276318,276318,276318,276318,325459875569,256245478223336720807452,50001706043986222913632
2026-08-07 16:01:00,-239548037483,239409246516883682263831,276318,276318,276318,276318,0,239409246516883682263831,50001706043986222913632
2026-08-07 16:04:00,-51896000,51865683060540344763,276318,276318,276318,276318,0,51865683060540344763,50001706043986222913632
2026-08-07 16:06:00,-110081321200,110016772256470979953734,276318,276318,276318,276318,0,110016772256470979953734,50001706043986222913632
2026-08-07 16:07:00,-300245078729,300066560805447475986979,276318,276318,276318,276318,0,300066560805447475986979,50001706043986222913632
2026-08-07 16:08:00,-27028680880,27012433577065172609919,276318,276318,276318,276318,0,27012433577065172609919,50001706043986222913632
2026-08-07 16:09:00,-193564865916,193446507126072381096793,276317,276318,276317,276318,95988434749,289378525386814167640069,50001905988732285378587
2026-08-07 16:10:00,-2669770000,2668142929516192470197,276317,276317,276317,276317,0,2668142929516192470197,50001905988732285378587
2026-08-07 16:11:00,93066098095,-93010663924813159989248,276318,276318,276318,276318,93066098095,0,50001706043986222913632
2026-08-07 16:12:00,4502222940,-4499550000000000000000,276318,276318,276318,276318,4502222940,0,50001706043986222913632
2026-08-07 16:13:00,-813559120206,813050056358372673543073,276317,276317,276317,276317,262717680786,1075601866739372673543073,50001905988732285378587
2026-08-07 16:14:00,632668452,-632272338000000000000,276317,276317,276317,276317,632668452,0,50001905988732285378587
2026-08-07 16:15:00,3141585658,-3139618943000000000000,276317,276317,276317,276317,3141585658,0,50001905988732285378587
2026-08-07 16:16:00,-106926742600,106858292956023309041230,276317,276317,276317,276317,553060560,107411004951279333565366,50001905988732285378587
2026-08-07 16:17:00,4550383973,-4547519592834044439154,276317,276317,276317,276317,4802546279,252000407165955560846,50001905988732285378587
2026-08-07 16:20:00,131358323358,-131275905190000000000000,276317,276317,276317,276317,131358323358,0,50001905988732285378587
2026-08-07 16:21:00,1092661837,-1091979160472512068417,276317,276317,276317,276317,1092661837,0,50001905988732285378587
2026-08-07 16:22:00,-1316846634,1316008090635581523848,276317,276317,276317,276317,0,1316008090635581523848,50001905988732285378587
2026-08-07 16:23:00,-250000000000,249839549513278647110002,276317,276317,276317,276317,0,249839549513278647110002,50001905988732285378587
2026-08-07 16:24:00,4953324389,-4950180487000000000000,276317,276317,276317,276317,4953324389,0,50001905988732285378587
2026-08-07 16:25:00,14228111,-14219082000000000000,276317,276317,276317,276317,14228111,0,50001905988732285378587
2026-08-07 16:26:00,52906874853,-52873355758000000000000,276317,276317,276317,276317,52906874853,0,50001905988732285378587
2026-08-07 16:27:00,50031594563,-50000000000000000000000,276317,276317,276317,276317,50031594563,0,50001905988732285378587
2026-08-07 16:28:00,2160445330,-2159083279000000000000,276317,276317,276317,276317,2160445330,0,50001905988732285378587
2026-08-07 16:29:00,2508219745,-2506638673845388867038,276317,276317,276317,276317,2508219745,0,50001905988732285378587
2026-08-07 16:33:00,16747271185,-16736737014754278189776,276317,276317,276317,276317,18092333494,1344199313245721810224,50001905988732285378587
2026-08-07 16:36:00,4002119561,-3999600000000000000000,276317,276317,276317,276317,4002119561,0,50001905988732285378587
2026-08-07 16:37:00,-21205964,21186766743225421930,276317,276317,276317,276317,466342269,487235480320804070978,50001905988732285378587
2026-08-07 16:39:00,-10003000000,9996581375006342475827,276317,276317,276317,276317,0,9996581375006342475827,50001905988732285378587
2026-08-07 16:42:00,-116428162652,116353157885260528921692,276317,276317,276317,276317,183400755,116536442267260528921692,50001905988732285378587
2026-08-07 16:43:00,44615710,-44590026851058809491,276317,276317,276317,276317,263583722,218826443148941190509,50001905988732285378587
2026-08-07 16:44:00,107584023835,-107515990000000000000000,276317,276317,276317,276317,107584023835,0,50001905988732285378587
2026-08-07 16:46:00,31250032494,-31230357328045817327616,276317,276317,276317,276317,31250032494,0,50001905988732285378587
2026-08-07 16:47:00,1693187591,-1692122667000000000000,276317,276317,276317,276317,1693187591,0,50001905988732285378587
2026-08-07 16:50:00,924328525,-923747935370635082054,276317,276317,276317,276317,983908525,59541816629364917946,50001905988732285378587
2026-08-07 16:53:00,-99755966202,99690035171029744555852,276317,276317,276317,276317,150244033798,249840035171029744555852,50001905988732285378587
2026-08-07 16:55:00,25015819056,-25000000000000000000000,276317,276317,276317,276317,25015819056,0,50001905988732285378587
2026-08-07 16:56:00,-184362195034,184242026324332931401346,276317,276317,276317,276317,65637804966,249837787597332931401345,50001905988732285378587
2026-08-07 16:57:00,49601478942,-49569821377074377338505,276317,276317,276317,276317,49601478942,0,50001905988732285378587
2026-08-07 16:58:00,21913955013,-21900000000000000000000,276317,276317,276317,276317,21913955013,0,50001905988732285378587
2026-08-07 16:59:00,2479709117,-2478131224000000000000,276317,276317,276317,276317,2479709117,0,50001905988732285378587
2026-08-07 17:00:00,821373162,-820850559257107802722,276317,276317,276317,276317,821373162,0,50001905988732285378587
2026-08-07 17:01:00,1953296689,-1952054001000000000000,276317,276317,276317,276317,1953296689,0,50001905988732285378587
2026-08-07 17:02:00,3202960020,-3200922625383683148139,276317,276317,276317,276317,3202960020,0,50001905988732285378587
2026-08-07 17:03:00,146935704609,-146842679929210264478327,276317,276317,276317,276317,146935704609,0,50001905988732285378587
2026-08-07 17:04:00,178132924,-178020672063140133038,276317,276317,276317,276317,178132924,0,50001905988732285378587
2026-08-07 17:05:00,119473295776,-119398294285877545338377,276317,276317,276317,276317,119473295776,0,50001905988732285378587
2026-08-07 17:06:00,107585040343,-107517990000000000000000,276317,276317,276317,276317,107585040343,0,50001905988732285378587
2026-08-07 17:09:00,3105870970,-3103942163862437958142,276317,276317,276317,276317,3105870970,0,50001905988732285378587
2026-08-07 17:10:00,400572077,-400323342975110940066,276317,276317,276317,276317,400572077,0,50001905988732285378587
2026-08-07 17:11:00,44441958544,-44417400297882099898992,276317,276317,276317,276317,294441958544,249843459296544928632996,50001905988732285378587
2026-08-07 17:12:00,731494707,-731041802122938314434,276317,276317,276317,276317,731494707,0,50001905988732285378587
2026-08-07 17:13:00,66727903202,-66687018272361214620798,276317,276317,276317,276317,95058781817,28312982147638785379202,50001905988732285378587
2026-08-07 17:14:00,84335518940,-84283670769987149789844,276317,276317,276317,276317,84335518940,0,50001905988732285378587
2026-08-07 17:15:00,-223330973713,223190054917084849134797,276317,276317,276317,276317,26669026287,249842744651084849134797,50001905988732285378587
2026-08-07 17:16:00,58944841931,-58908561029859939534385,276317,276317,276317,276317,85192830656,26231422660140060465615,50001905988732285378587
2026-08-07 17:17:00,107585314881,-107518878924000000000000,276317,276317,276317,276317,107585314881,0,50001905988732285378587
2026-08-07 17:20:00,-250000000000,249841910788025481464637,276317,276317,276317,276317,0,249841910788025481464637,50001905988732285378587
2026-08-07 17:22:00,14014602523,-14005842284000000000000,276317,276317,276317,276317,14014602523,0,50001905988732285378587
2026-08-07 17:23:00,4519074814,-4516251707030629510054,276317,276317,276317,276317,4519074814,0,50001905988732285378587
2026-08-07 17:24:00,-248520795,248362581751073549676,276317,276317,276317,276317,0,248362581751073549676,50001905988732285378587
2026-08-07 17:25:00,-20831862790,20818592112878080165936,276317,276317,276317,276317,0,20818592112878080165936,50001905988732285378587
2026-08-07 17:26:00,81927020,-81875778499364458413,276317,276317,276317,276317,81927020,0,50001905988732285378587
2026-08-07 17:27:00,-833442006,832910713853081193792,276317,276317,276317,276317,0,832910713853081193792,50001905988732285378587
2026-08-07 17:35:00,53320056749,-53286762328723926633450,276317,276317,276317,276317,53320056749,0,50001905988732285378587
2026-08-07 17:36:00,69333711164,-69290587317191945549131,276317,276317,276317,276317,69333711164,0,50001905988732285378587
2026-08-07 17:41:00,-249999904455,249840510164332547377302,276317,276317,276317,276317,95545,249840605649754082193023,50001905988732285378587
2026-08-07 17:42:00,49278539556,-49247516699176678667268,276317,276317,276317,276317,49502327836,223644921237162564494,50001905988732285378587
2026-08-07 17:44:00,786497193561,-786016963923144427388561,276317,276318,276317,276318,937538602154,150949853947532651859668,50001905988732285378587
2026-08-07 17:45:00,861991564091,-861492063473665691800650,276318,276318,276317,276318,896799966875,34787185158732136899433,50001706043986222913632
2026-08-07 17:46:00,667821341237,-667456931107169772520582,276318,276318,276318,276318,874834765754,206896464593042849609232,50001706043986222913632
2026-08-07 17:47:00,-2683440544197,2681818105406246599794674,276317,276317,276317,276317,661295677990,3342683004065356381941746,50001905988732285378587
2026-08-07 17:48:00,3500698905,-3498453182178260612158,276317,276317,276317,276317,3997912988,496888266501833891151,50001905988732285378587
2026-08-07 17:49:00,1130735895331,-1130034219276206594985979,276317,276317,276317,276317,1130735895331,0,50001905988732285378587
2026-08-07 17:50:00,22035820783,-22023432521651904048278,276317,276317,276317,276317,86947021566,64871525675348095951722,50001905988732285378587
2026-08-07 17:51:00,2646448886,-2644869016852615340150,276317,276317,276317,276317,2656208571,9753740251289131403,50001905988732285378587
2026-08-07 17:52:00,-206925121507,206794759194286560960455,276317,276317,276317,276317,291621965193,498238606142769149416836,50001905988732285378587
2026-08-07 17:53:00,-473619470621,473318448927253573139703,276317,276317,276317,276317,350833412260,823932289789967858853987,50001905988732285378587
2026-08-07 17:54:00,387881721353,-387642625603485998926216,276317,276317,276317,276317,387881721353,0,50001905988732285378587
2026-08-07 17:55:00,50587021307,-50557347362948493397622,276317,276317,276317,276317,139425807581,88783985184750293888482,50001905988732285378587
2026-08-07 17:56:00,248538393683,-248388854034000000000000,276317,276317,276317,276317,248538393683,0,50001905988732285378587
2026-08-07 17:57:00,59734797893,-59699224831982576777274,276318,276318,276318,276318,59734797893,0,50001706043986222913632
2026-08-07 17:58:00,-59570887159,59534697479658844281332,276317,276317,276317,276317,0,59534697479658844281332,50001905988732285378587
2026-08-07 18:01:00,179203880989,-179097591074655759153473,276318,276318,276318,276318,179203880989,0,50001706043986222913632
2026-08-07 18:05:00,-313026060,312837761075338915329,276318,276318,276318,276318,0,312837761075338915329,50001706043986222913632
2026-08-07 18:10:00,83919704526,-83870370000000000000000,276318,276318,276318,276318,83919704526,0,50001706043986222913632
2026-08-07 18:16:00,2001296333,-2000123251461636369211,276318,276318,276318,276318,2001296333,0,50001706043986222913632
2026-08-07 18:17:00,28618450760,-28601693253971103635583,276318,276318,276318,276318,28618450760,0,50001706043986222913632
2026-08-07 18:20:00,-250000000000,249849508629773440878096,276318,276318,276318,276318,0,249849508629773440878096,50001706043986222913632
2026-08-07 18:23:00,25946347366,-25933921784607967887724,276318,276318,276317,276318,275946347366,249848389422392032112277,50001706043986222913632
2026-08-07 18:28:00,165604118,-165505762000000000000,276318,276318,276318,276318,165604118,0,50001706043986222913632
2026-08-07 18:29:00,29066873532,-29049626890000000000000,276318,276318,276318,276318,29066873532,0,50001706043986222913632
2026-08-07 18:36:00,350207587,-350000000000000000000,276318,276318,276318,276318,350207587,0,50001706043986222913632
2026-08-07 18:39:00,-427302990,427041291688038988385,276318,276318,276318,276318,274027229,700906085570034993361,50001706043986222913632
2026-08-07 18:42:00,27185506408,-27169406536000000000000,276318,276318,276318,276318,27185506408,0,50001706043986222913632
2026-08-07 18:43:00,-143989787519,143901179243180329620205,276317,276317,276317,276317,106010212481,249847833107180329620205,50001905988732285378587
2026-08-07 18:45:00,13458733262,-13450696181734897779210,276317,276317,276317,276317,13458733262,0,50001905988732285378587
2026-08-07 18:47:00,176331698,-176226447430541966315,276317,276317,276317,276317,176331698,0,50001905988732285378587
2026-08-07 18:49:00,20011936896,-20000000000000000000000,276318,276318,276318,276318,20011936896,0,50001706043986222913632
2026-08-07 18:50:00,17268859233,-17258571415000000000000,276318,276318,276318,276318,17268859233,0,50001706043986222913632
2026-08-07 18:51:00,16671441096,-16661520492658744511719,276318,276318,276318,276318,16671441096,0,50001706043986222913632
2026-08-07 18:52:00,20011893724,-20000000000000000000000,276318,276318,276318,276318,20011893724,0,50001706043986222913632
2026-08-07 18:56:00,20011877710,-20000000000000000000000,276318,276318,276318,276318,20011877710,0,50001706043986222913632
2026-08-07 18:57:00,50460336471,-50430457649000000000000,276318,276318,276318,276318,50460336471,0,50001706043986222913632
2026-08-07 18:58:00,4667306747,-4664548260000000000000,276318,276318,276318,276318,4667306747,0,50001706043986222913632
2026-08-07 19:00:00,21865998123,-21853086400000000047260,276318,276318,276318,276318,21865998123,0,50001706043986222913632
2026-08-07 19:02:00,136341685718,-136261607889000000000000,276318,276318,276318,276318,136341685718,0,50001706043986222913632
2026-08-07 19:03:00,1350654566,-1349865000000000000000,276318,276318,276318,276318,1350654566,0,50001706043986222913632
2026-08-07 19:04:00,-12135947096,12128704494823281029881,276318,276318,276318,276318,0,12128704494823281029881,50001706043986222913632
2026-08-07 19:05:00,-4270477671,4267918898414020329103,276318,276318,276318,276318,733522329,5001011985820059315737,50001706043986222913632
2026-08-07 19:06:00,-29187892,29170460036209123609,276318,276318,276318,276318,0,29170460036209123609,50001706043986222913632
2026-08-07 19:07:00,586950960,-586607657416487179943,276318,276318,276318,276318,601873240,14913368251900507603,50001706043986222913632
2026-08-07 19:10:00,-254000000000,253847027181391553886482,276318,276318,276318,276318,0,253847027181391553886482,50001706043986222913632
2026-08-07 19:11:00,30017852751,-30000000000105808002688,276318,276318,276318,276318,30017852751,0,50001706043986222913632
2026-08-07 19:13:00,-542427210,542098331319355373688,276318,276318,276318,276318,7572790,549666622006145737584,50001706043986222913632
2026-08-07 19:14:00,254146553102,-253997439677748166418161,276318,276318,276318,276318,304141553102,49965026608572074522864,50001706043986222913632
2026-08-07 19:15:00,122820682189,-122749292373661129513467,276318,276318,276318,276318,125857818724,3035340557610561138421,50001706043986222913632
2026-08-07 19:16:00,395752898108,-395527237465823936772441,276318,276318,276318,276318,428121285374,32349663778222875940519,50001706043986222913632
2026-08-07 19:17:00,34928058749,-34908408892000000000000,276318,276318,276318,276318,34928058749,0,50001706043986222913632
2026-08-07 19:21:00,-250000000000,249855282094089935784019,276318,276318,276318,276318,0,249855282094089935784019,50001706043986222913632
2026-08-07 19:22:00,-240496488101,240354794406981855373857,276318,276318,276318,276318,10005820235,250354794407033430076268,50001706043986222913632
2026-08-07 19:23:00,32210863942,-32192167777474636889769,276318,276318,276318,276318,33314725077,1103206141525363110231,50001706043986222913632
2026-08-07 19:25:00,-165541457823,165441865212012535089460,276318,276318,276318,276318,84458542177,249850703452092936223421,50001706043986222913632
2026-08-07 19:28:00,728170087,-727742798000000000000,276318,276318,276318,276318,728170087,0,50001706043986222913632
2026-08-07 19:29:00,8655283,-8650204496720346698,276318,276318,276318,276318,8655283,0,50001706043986222913632
2026-08-07 19:31:00,-169596613,169478262861390506369,276318,276318,276318,276318,1400681858,1569338262861390506369,50001706043986222913632
2026-08-07 19:32:00,52064228092,-52033741343677965865357,276318,276318,276318,276318,52889115058,824393022895386324595,50001706043986222913632
2026-08-07 19:35:00,1007160020,-1006571144000000000000,276318,276318,276318,276318,1007160020,0,50001706043986222913632
2026-08-07 19:36:00,214857718259,-214733019873000000000000,276318,276318,276318,276318,214857718259,0,50001706043986222913632
2026-08-07 19:38:00,2251071703,-2249775000000000000000,276318,276318,276318,276318,2251071703,0,50001706043986222913632
2026-08-07 19:40:00,-221992039827,221860526826799224979541,276318,276318,276318,276318,0,221860526826799224979541,50001706043986222913632
2026-08-07 19:41:00,7003349161,-6999254128261708823179,276318,276318,276318,276318,7003349161,0,50001706043986222913632
2026-08-07 19:51:00,-1355720408,1354911577644820571931,276318,276318,276318,276318,0,1354911577644820571931,50001706043986222913632
2026-08-07 19:52:00,84394743956,-84345545800000000000000,276318,276318,276318,276318,84394743956,0,50001706043986222913632
2026-08-07 19:53:00,105827162046,-105766469301348902956738,276318,276318,276318,276318,155627162046,49770715847276403415513,50001706043986222913632
2026-08-07 19:55:00,277803776810,-277645015801103400194605,276318,276318,276318,276318,277803776810,0,50001706043986222913632
2026-08-07 19:56:00,280262340665,-280105299947000000000000,276318,276318,276318,276318,280262340665,0,50001706043986222913632
2026-08-07 19:57:00,-79988081168,79942621860016035855020,276318,276318,276318,276318,0,79942621860016035855020,50001706043986222913632
2026-08-07 20:00:00,69958498073,-69919565439797296298402,276318,276318,276318,276318,70090895821,132322661202703701598,50001706043986222913632
2026-08-07 20:01:00,47438475839,-47412186042000000000000,276318,276318,276318,276318,47438475839,0,50001706043986222913632
2026-08-07 20:02:00,-450000000,449745641275721121595,276318,276318,276318,276318,0,449745641275721121595,50001706043986222913632
2026-08-07 20:03:00,-251361962861,251218617827821467803835,276318,276318,276318,276318,0,251218617827821467803835,50001706043986222913632
2026-08-07 20:06:00,98657592232,-98602212619777199767493,276318,276318,276318,276318,98657592232,0,50001706043986222913632
2026-08-07 20:07:00,-500226936,499941124041283403966,276318,276318,276318,276318,0,499941124041283403966,50001706043986222913632
2026-08-07 20:08:00,214443694657,-214325468057712589670202,276318,276318,276318,276318,281981967645,67499592274287410329798,50001706043986222913632
2026-08-07 20:09:00,-586116330536,585779432861619878053521,276318,276318,276318,276318,13763669464,599535194978619878053521,50001706043986222913632
2026-08-07 20:10:00,591741697189,-591409388899913573419754,276318,276318,276318,276318,632825011877,41060139553066939431970,50001706043986222913632
2026-08-07 20:11:00,264305348148,-264163235725238155453608,276318,276318,276318,276318,432240504398,167843017074761844546392,50001706043986222913632
2026-08-07 20:12:00,-608086630177,607742467649210016713441,276318,276318,276318,276318,91773369823,699463879277954819283681,50001706043986222913632
2026-08-07 20:13:00,132103014600,-132028814440000000000000,276318,276318,276318,276318,132103014600,0,50001706043986222913632
2026-08-07 20:14:00,238929019740,-238796588571428571428570,276318,276318,276318,276318,238929019740,0,50001706043986222913632
2026-08-07 20:15:00,78968941082,-78925672621000000000000,276318,276318,276318,276318,78968941082,0,50001706043986222913632
2026-08-07 20:16:00,-447411099336,447153667783916233972415,276318,276318,276318,276318,302438900664,749427594550916233972415,50001706043986222913632
2026-08-07 20:17:00,885265249034,-884783112979351652203739,276318,276318,276318,276318,1026014799169,140673482320648347796261,50001706043986222913632
2026-08-07 20:18:00,-260087656824,259936845977158844397875,276318,276318,276318,276318,733310586937,992856522267872115996979,50001706043986222913632
2026-08-07 20:19:00,485213084114,-484956145477537370311600,276318,276318,276318,276318,485233055966,19961030438686585498,50001706043986222913632
2026-08-07 20:20:00,-4647413647,4641941555682630572609,276318,276318,276318,276318,250131325496,254641941555682630572609,50001706043986222913632
2026-08-07 20:21:00,60103604978,-60074700751296407211891,276318,276318,276318,276318,250128823645,189925299248703592788109,50001706043986222913632
2026-08-07 20:22:00,240012517830,-239889553760850557168625,276318,276318,276318,276318,250128222460,10110446239149442831375,50001706043986222913632
2026-08-07 20:23:00,249462193766,-249336714764377831280227,276318,276318,276318,276318,250488099937,1025372650960437990931,50001706043986222913632
2026-08-07 20:24:00,63616783324,-63587416067630092716105,276319,276318,276318,276319,250123819211,186412583932369907283895,50001706043966227439327
2026-08-07 20:25:00,152194397256,-152120619452336838497587,276319,276319,276319,276319,250122690379,97879380547663161502413,50001706043966227439327
2026-08-07 20:26:00,-27668888051,27654998730053113608492,276319,276319,276319,276319,0,27654998730053113608492,50001706043966227439327
2026-08-07 20:27:00,-49541606395,49516660892491722333234,276319,276319,276319,276319,0,49516660892491722333234,50001706043966227439327
2026-08-07 20:28:00,-239099658656,238974886507777809996493,276318,276319,276318,276319,250126833624,488974886507777809996493,50001706043986222913632
2026-08-07 20:30:00,169336034902,-169252556909491364545551,276319,276319,276319,276319,250124331833,80747443090508635454449,50001706043966227439327
2026-08-07 20:31:00,250122638121,-250000000000000000000000,276319,276319,276319,276319,250122638121,0,50001706043966227439327
2026-08-07 20:32:00,89815806495,-89774301629832447659547,276319,276319,276319,276319,250121285945,160225698370167552340453,50001706043966227439327
2026-08-07 20:33:00,142086174037,-142019427039930938174144,276319,276319,276319,276319,250119238545,107980572960069061825856,50001706043966227439327
2026-08-07 20:34:00,-9653480945,9645767815310366477830,276319,276319,276319,276319,250119554520,259645767815310366477830,50001706043966227439327
2026-08-07 20:35:00,108552388886,-108502604747278197002701,276319,276319,276319,276319,250117916245,141497395252721802997299,50001706043966227439327
2026-08-07 20:36:00,-32474549474,32458807939425820541403,276319,276319,276319,276319,0,32458807939425820541403,50001706043966227439327
2026-08-07 20:38:00,-89313502623,89269991910799457227806,276319,276319,276319,276319,0,89269991910799457227806,50001706043966227439327
2026-08-07 20:40:00,225118269227,-225012209707288783093619,276319,276319,276319,276319,250118295855,24987790292711216906381,50001706043966227439327
2026-08-07 20:41:00,-837809074,837406947898553364793,276319,276319,276319,276319,0,837406947898553364793,50001706043966227439327
2026-08-07 20:43:00,-1023006661,1022515607370875345036,276319,276319,276319,276319,0,1022515607370875345036,50001706043966227439327
2026-08-07 20:44:00,-19784204001,19774699172271112956729,276319,276319,276319,276319,0,19774699172271112956729,50001706043966227439327
2026-08-07 20:45:00,-486643662,486409667894175103281,276319,276319,276319,276319,0,486409667894175103281,50001706043966227439327
2026-08-07 20:46:00,-4869183694,4866841920368947706260,276319,276319,276319,276319,0,4866841920368947706260,50001706043966227439327
2026-08-07 20:47:00,-4089093372,4087126042238592833584,276319,276319,276319,276319,0,4087126042238592833584,50001706043966227439327
2026-08-07 20:49:00,-6492478069,6489353059113120541366,276319,276319,276319,276319,0,6489353059113120541366,50001706043966227439327
2026-08-07 20:50:00,-7504960012,7501345566956592867250,276319,276319,276319,276319,0,7501345566956592867250,50001706043966227439327
2026-08-07 20:51:00,-120338689081,120280425612232934065883,276319,276319,276319,276319,0,120280425612232934065883,50001706043966227439327
2026-08-07 20:53:00,-930237000,929784358196971630117,276319,276319,276319,276319,0,929784358196971630117,50001706043966227439327
2026-08-07 20:55:00,-377164047038,376977674459053554534044,276319,276319,276319,276319,0,376977674459053554534044,50001706043966227439327
2026-08-07 20:56:00,-112379610000,112322979088541483978429,276319,276319,276319,276319,0,112322979088541483978429,50001706043966227439327
2026-08-07 20:57:00,-246371721722,246245802504421981890324,276318,276318,276318,276318,0,246245802504421981890324,50001706043986222913632
2026-08-07 20:58:00,-64644330316,64610889174478167862445,276318,276318,276318,276318,0,64610889174478167862445,50001706043986222913632
2026-08-07 21:00:00,138082421127,-138012848543950931369250,276318,276318,276318,276318,138082421127,0,50001706043986222913632
2026-08-07 21:03:00,-59999600000,59968743300777530137849,276318,276318,276318,276318,0,59968743300777530137849,50001706043986222913632
2026-08-07 21:04:00,-373374187879,373178934780829160249020,276318,276318,276318,276318,0,373178934780829160249020,50001706043986222913632
2026-08-07 21:07:00,250128418732,-250000000000000000000000,276318,276318,276318,276318,250128418732,0,50001706043986222913632
2026-08-07 21:10:00,250125916917,-250000000000000000000000,276318,276318,276318,276318,250125916917,0,50001706043986222913632
2026-08-07 21:11:00,183761101523,-183670982925276027823177,276319,276319,276319,276319,250123415139,66329017074723972176823,50001706043966227439327
2026-08-07 21:12:00,167949043342,-167868117763245048148937,276319,276319,276319,276319,250121577152,82131882236754951851063,50001706043966227439327
2026-08-07 21:15:00,-116630881135,116572719303958578089392,276319,276319,276319,276319,0,116572719303958578089392,50001706043966227439327
2026-08-07 21:16:00,-133881718328,133814283546836400434722,276319,276319,276319,276319,0,133814283546836400434722,50001706043966227439327
2026-08-07 21:17:00,-292615593259,292465711932641237457604,276318,276318,276318,276318,0,292465711932641237457604,50001706043986222913632
2026-08-07 21:19:00,1650670293,-1649835000000000000000,276318,276318,276318,276318,1650670293,0,50001706043986222913632
2026-08-07 21:21:00,77375032129,-77336000000000000000000,276318,276318,276318,276318,77375032129,0,50001706043986222913632
2026-08-07 21:24:00,-8000000000,7995879509342158174739,276318,276318,276318,276318,0,7995879509342158174739,50001706043986222913632
2026-08-07 21:25:00,5002520276,-5000003371563518837759,276318,276318,276318,276318,5002520276,0,50001706043986222913632
2026-08-07 21:26:00,1300524165,-1299870000000000000000,276318,276318,276318,276318,1300524165,0,50001706043986222913632
2026-08-07 21:31:00,-999351733,998837076709787846308,276318,276318,276318,276318,0,998837076709787846308,50008660035253294634984
2026-08-07 21:33:00,178460543701,-178371411692741909457778,276319,276319,276319,276319,178460543701,0,50008660035233299160679
2026-08-07 21:38:00,250122781670,-250000000000000000000000,276319,276319,276319,276319,250122781670,0,50008660035233299160679
2026-08-07 21:40:00,-163091124,163009922909294614048,276319,276319,276319,276319,0,163009922909294614048,50008660035233299160679
2026-08-07 21:41:00,-14989217266,14981749819402084714543,276319,276319,276319,276319,0,14981749819402084714543,50008660035233299160679
2026-08-07 21:42:00,83956737876,-83916053200716883117077,276319,276319,276319,276319,85529253837,1571737406283116882923,50008660035233299160679
2026-08-07 21:43:00,171455090299,-171373784763796758039470,276319,276319,276319,276319,250119592202,78626215236203241960530,50008660035233299160679
2026-08-07 21:44:00,66620394816,-66591126855209962876392,276319,276319,276319,276319,264523137715,197807420427790037123608,50008660035233299160679
2026-08-07 21:45:00,170432997813,-170353812954802652433842,276319,276319,276319,276319,250117211298,79646187045197347566158,50008660035233299160679
2026-08-07 21:46:00,112672099990,-112621405527494669459869,276319,276319,276319,276319,250115506876,137378594472505330540131,50008660035233299160679
2026-08-07 21:47:00,-10047561285,10042793673419328775020,276319,276319,276319,276319,0,10042793673419328775020,50008660035233299160679
2026-08-07 21:50:00,-94999600000,94954322870521951180018,276319,276319,276319,276319,0,94954322870521951180018,50008660035233299160679
2026-08-07 21:51:00,134032719633,-133971943721623805258688,276319,276319,276319,276319,250115430608,116028056278376194741312,50008660035233299160679
2026-08-07 21:53:00,-24459991197,24448406116622787053150,276319,276319,276319,276319,0,24448406116622787053150,50008660035233299160679
2026-08-07 21:54:00,-38963649024,38945145141087984715741,276319,276319,276319,276319,0,38945145141087984715741,50008660035233299160679
2026-08-07 21:56:00,156289377831,-156218522228897013788426,276319,276319,276319,276319,250115146259,93781477771102986211574,50008660035233299160679
2026-08-07 21:57:00,-9921512411,9916852951252015575839,276319,276319,276319,276319,0,9916852951252015575839,50008660035233299160679
2026-08-07 21:59:00,-955080445,954631699652376897876,276319,276319,276319,276319,0,954631699652376897876,50008660035233299160679
2026-08-07 22:00:00,-14950858278,14943828873640381178963,276319,276319,276319,276319,0,14943828873640381178963,50008660035233299160679
2026-08-07 22:01:00,-59960728,59932518218228342323,276319,276319,276319,276319,0,59932518218228342323,50008660035233299160679
2026-08-07 22:02:00,-46902098047,46879988140825934671216,276319,276319,276319,276319,0,46879988140825934671216,50008660035233299160679
2026-08-07 22:03:00,-40334416555,40315332378159821927978,276319,276319,276319,276319,0,40315332378159821927978,50008660035233299160679
2026-08-07 22:05:00,-300000000,299857811817517436522,276319,276319,276319,276319,0,299857811817517436522,50008660035233299160679
2026-08-07 22:06:00,-62441723740,62412050536540315361114,276319,276319,276319,276319,0,62412050536540315361114,50008660035233299160679
2026-08-07 22:08:00,-8165469251,8161577382270681182017,276319,276319,276319,276319,0,8161577382270681182017,50008660035233299160679
2026-08-07 22:09:00,146633851073,-146567367398310977884897,276319,276319,276319,276319,250115001886,103432632601689022115103,50008660035233299160679
2026-08-07 22:10:00,-12257608786,12251833328090587680801,276319,276319,276319,276319,0,12251833328090587680801,50008660035233299160679
2026-08-07 22:11:00,-5049526120,5047145171954721096724,276319,276319,276319,276319,0,5047145171954721096724,50008660035233299160679
2026-08-07 22:12:00,-200176496300,200081288390178018864463,276319,276319,276319,276319,0,200081288390178018864463,50008660035233299160679
2026-08-07 22:15:00,-11473852500,11468346781881264111129,276319,276319,276319,276319,0,11468346781881264111129,50008660035233299160679
2026-08-07 22:19:00,-16008420201,16000729784208901216009,276319,276319,276319,276319,0,16000729784208901216009,50008660035233299160679
2026-08-07 22:24:00,225216533404,-225112281287077900410862,276319,276319,276319,276319,250116234243,24887718712922099589138,50008660035233299160679
2026-08-07 22:28:00,-9940633488,9935942342597690889426,276319,276319,276319,276319,0,9935942342597690889426,50008660035233299160679
2026-08-07 22:33:00,-75000000,74964591288240068193,276319,276319,276319,276319,0,74964591288240068193,50008660035233299160679
2026-08-07 22:34:00,-1000422959,999950621196861344438,276319,276319,276319,276319,0,999950621196861344438,50008660035233299160679
2026-08-07 22:35:00,-5088723803,5086320605092687843104,276319,276319,276319,276319,0,5086320605092687843104,50008660035233299160679
2026-08-07 22:37:00,248321084996,-248208019979805725213474,276319,276319,276319,276319,250113911942,1791980020194274786526,50008660035233299160679
2026-08-07 22:40:00,-122242110112,122185282256644595847542,276319,276319,276319,276319,0,122185282256644595847542,50008660035233299160679
2026-08-07 22:41:00,236898612536,-236792025988047189705062,276319,276319,276319,276319,250112633158,13207974011952810294938,50008660035233299160679
2026-08-07 22:43:00,-250300000,250185397575129959590,276319,276319,276319,276319,0,250185397575129959590,50008660035233299160679
2026-08-07 22:44:00,-10569663143,10564821437336744604439,276319,276319,276319,276319,0,10564821437336744604439,50008660035233299160679
2026-08-07 22:46:00,88766185442,-88728662506749006834966,276319,276319,276319,276319,250110382278,161271337493250993165034,50008660035233299160679
2026-08-07 22:49:00,-51094263181,51070976446523548477661,276319,276319,276319,276319,0,51070976446523548477661,50008660035233299160679
2026-08-07 22:52:00,-3063923889,3062524157955673157948,276319,276319,276319,276319,0,3062524157955673157948,50008660035233299160679
2026-08-07 22:53:00,126875842294,-126821193919020191882057,276319,276319,276319,276319,250110043170,123178806080979808117943,50008660035233299160679
2026-08-07 22:54:00,-200222076,200131607597610156996,276319,276319,276319,276319,0,200131607597610156996,50008660035233299160679
2026-08-07 22:56:00,3780384591,-3778722340075664650333,276319,276319,276319,276319,3801291695,20897659924335349667,50008660035233299160679
2026-08-07 22:57:00,34905730,-34890382286428113129,276319,276319,276319,276319,34905730,0,50008660035233299160679
2026-08-07 22:58:00,-3990441505,3988638749975673128614,276319,276319,276319,276319,0,3988638749975673128614,50008660035233299160679
2026-08-07 22:59:00,-47422161946,47400689399805914529124,276319,276319,276319,276319,0,47400689399805914529124,50008660035233299160679
2026-08-07 23:02:00,-226245366844,226141686682023611703762,276319,276319,276319,276319,0,226141686682023611703762,50008660035233299160679
2026-08-07 23:03:00,250111497875,-250000000000000000000000,276319,276319,276319,276319,250111497875,0,50008660035233299160679
2026-08-07 23:13:00,-29462619892,29449262185402204707502,276319,276319,276319,276319,0,29449262185402204707502,50008660035233299160679
2026-08-07 23:17:00,-758508936,758164585654470711210,276319,276319,276319,276319,0,758164585654470711210,50008660035233299160679
2026-08-07 23:20:00,-15007018459,15000200814125670437712,276319,276319,276319,276319,0,15000200814125670437712,50008660035233299160679
2026-08-07 23:23:00,1106032114,-1105542607035304658413,276319,276319,276319,276319,1106032114,0,50008660035233299160679
2026-08-07 23:24:00,-4807561121,4805375368555081638320,276319,276319,276319,276319,0,4805375368555081638320,50008660035233299160679
2026-08-07 23:26:00,-10265238,10260569525375408178,276319,276319,276319,276319,0,10260569525375408178,50008660035233299160679
2026-08-07 23:30:00,244866689026,-244759535230140084960390,276319,276319,276319,276319,250109538507,5240464769859915039610,50008660035233299160679
2026-08-07 23:31:00,-17750185243,17742280843730708740987,276319,276319,276319,276319,0,17742280843730708740987,50008660035233299160679
2026-08-07 23:32:00,-2146023117,2145066608687696371358,276319,276319,276319,276319,0,2145066608687696371358,50008660035233299160679
2026-08-07 23:35:00,2000867815,-2000000000344274043663,276319,276319,276319,276319,2000867815,0,50008660035233299160679
2026-08-07 23:36:00,-27882696266,27870254134524135336705,276319,276319,276319,276319,0,27870254134524135336705,50008660035233299160679
2026-08-07 23:41:00,185527721755,-185448517941456650483906,276319,276319,276319,276319,250107729923,64551482058543349516094,50008660035233299160679
2026-08-07 23:43:00,-143691380913,143627834126573977505643,276319,276319,276319,276319,0,143627834126573977505643,50008660035233299160679
2026-08-07 23:44:00,-1350177841,1349576817417672087269,276319,276319,276319,276319,0,1349576817417672087269,50008660035233299160679
2026-08-07 23:45:00,-70838160,70806623883956736242,276319,276319,276319,276319,0,70806623883956736242,50008660035233299160679
2026-08-07 23:47:00,-5115264588,5112986886341928664883,276319,276319,276319,276319,0,5112986886341928664883,50008660035233299160679
2026-08-07 23:48:00,-2298795000,2297771062434326592445,276319,276319,276319,276319,0,2297771062434326592445,50008660035233299160679
2026-08-07 23:49:00,-3128165503,3126771805295410938416,276319,276319,276319,276319,0,3126771805295410938416,50008660035233299160679
2026-08-07 23:50:00,500166867,-499950000000000000000,276319,276319,276319,276319,500166867,0,50008660035233299160679
2026-08-07 23:52:00,68691964218,-68662275070000000000000,276319,276319,276319,276319,68691964218,0,50008660035233299160679
2026-08-07 23:53:00,250106504418,-250000000000000000000000,276319,276319,276319,276319,250106504418,0,50008660035233299160679
2026-08-07 23:54:00,43689412570,-43673540478064508765935,276319,276319,276319,276319,250104003280,206326459521935491234065,50008660035233299160679
2026-08-07 23:55:00,243283960833,-243183267075330642116260,276319,276319,276319,276319,250103566362,6816732924669357883740,50008660035233299160679
2026-08-07 23:56:00,67363724544,-67338430608653630021860,276319,276319,276319,276319,250101133465,182661569391346369978140,50008660035233299160679
2026-08-07 23:57:00,38946692898,-38933417350533965439681,276319,276319,276319,276319,250100459803,211066582649466034560319,50008660035233299160679
2026-08-07 23:58:00,131838907890,-131787263341533140607688,276319,276319,276319,276320,250100217617,118212736658466859392312,50008660035233299160679
2026-08-07 23:59:00,69224905328,-69199491162960147890789,276319,276319,276319,276320,250098951897,180800508837039852109211,50008660035233299160679
