timestamp,netAmount0,netAmount1,closeTick,openTick,lowestTick,highestTick,inAmount0,inAmount1,currentLiquidity
2026-08-17 00:00:00,460549924,-460121153000000000000,276314,276314,276314,276314,460549924,0,50001059248675647251638
2026-08-17 00:03:00,371889578,-371545415081798689916,276314,276314,276314,276314,543656937,171605384918201310084,50001059248675647251638
2026-08-17 00:07:00,26647157,-26622350052165568888,276314,276314,276314,276314,26647157,0,50001059248675647251638
2026-08-17 00:08:00,559767361,-559246238000000000000,276314,276314,276314,276314,559767361,0,50001059248675647251638
2026-08-17 00:09:00,6563871667,-6557761876000000000000,276314,276314,276314,276314,6563871667,0,50001059248675647251638
2026-08-17 00:10:00,39361864407,-39325261648226285482841,276314,276314,276314,276314,39361864407,0,50001059248675647251638
2026-08-17 00:11:00,504753104,-504284134523832134918,276314,276314,276314,276314,504753104,0,50001059248675647251638
2026-08-17 00:12:00,-14230673515,14217270573476594218055,276314,276314,276314,276314,550492565,14767251683503846935486,50001059248675647251638
2026-08-17 00:15:00,14724606748,-14710922109000000000000,276314,276314,276314,276314,14724606748,0,50001059248675647251638
2026-08-17 00:16:00,24008225641,-23985931638000000000000,276314,276314,276314,276314,24008225641,0,50001059248675647251638
2026-08-17 00:17:00,15529497303,-15515088897000000000000,276314,276314,276314,276314,15529497303,0,50001059248675647251638
2026-08-17 00:18:00,26860946160,-26836047074000000000000,276314,276314,276314,276314,26860946160,0,50001059248675647251638
2026-08-17 00:20:00,12204615744,-12193312047439681557691,276314,276314,276314,276314,12204615744,0,50001059248675647251638
2026-08-17 00:22:00,802336501,-801593600000000000000,276314,276314,276314,276314,802336501,0,50001059248675647251638
2026-08-17 00:23:00,1107517521,-1106492088007429578906,276314,276314,276314,276314,1107517521,0,50001059248675647251638
2026-08-17 00:25:00,613169191,-612601488497244852483,276314,276314,276314,276314,613169191,0,50001059248675647251638
2026-08-17 00:28:00,1267653788,-1266480178980053994853,276314,276314,276314,276314,1267653788,0,50001059248675647251638
2026-08-17 00:31:00,21576551377,-21556585384000000000000,276314,276314,276314,276314,21576551377,0,50001059248675647251638
2026-08-17 00:37:00,9344761395,-9336119935000972886016,276314,276314,276314,276314,9344761395,0,50001059248675647251638
2026-08-17 00:38:00,900832850,-900000000000000000000,276314,276314,276314,276314,900832850,0,50001059248675647251638
2026-08-17 00:39:00,-299269151361,298987095695855819261453,276314,276314,276314,276314,0,298987095695855819261453,50001059248675647251638
2026-08-17 00:40:00,118049432484,-117939161094976446786046,276314,276314,276314,276314,118049432484,0,50001059248675647251638
2026-08-17 00:42:00,115606891980,-115499441673000000000000,276314,276314,276314,276314,115606891980,0,50001059248675647251638
2026-08-17 00:44:00,-1002605466,1001663873203993771800,276314,276314,276314,276314,0,1001663873203993771800,50001059248675647251638
2026-08-17 00:46:00,-41875335993,41835973098837684577399,276314,276314,276314,276314,0,41835973098837684577399,50001059248675647251638
2026-08-17 00:54:00,-250000000000,249763542261936668477268,276314,276314,276314,276314,0,249763542261936668477268,50001059248675647251638
2026-08-17 00:55:00,783377671,-782642221000000000000,276314,276314,276314,276314,783377671,0,50001059248675647251638
2026-08-17 00:57:00,34022264904,-33990347793910366998528,276314,276314,276314,276314,34022264904,0,50001059248675647251638
2026-08-17 00:58:00,68453814864,-68389736778000000000000,276314,276314,276314,276314,68453814864,0,50001059248675647251638
2026-08-17 00:59:00,-214645051,214441845630692831336,276314,276314,276314,276314,0,214441845630692831336,50001059248675647251638
2026-08-17 01:00:00,13120501308,-13108240763000000000000,276314,276314,276314,276314,13120501308,0,50001059248675647251638
2026-08-17 01:01:00,-10016999698,10007519771168185251994,276314,276314,276314,276314,0,10007519771168185251994,50001059248675647251638
2026-08-17 01:03:00,-250000000000,249762105833393742008859,276314,276314,276314,276314,0,249762105833393742008859,50001059248675647251638
2026-08-17 01:04:00,350918223,-350586755066939721085,276314,276314,276314,276314,350918223,0,50001059248675647251638
2026-08-17 01:05:00,-132199899594,132072056823673306696214,276314,276314,276314,276314,86517283596,218507012746039207168534,50001059248675647251638
2026-08-17 01:06:00,91383169139,-91296535881000000000000,276314,276314,276314,276314,91383169139,0,50001059248675647251638
2026-08-17 01:07:00,642101313,-641493767000000000000,276314,276314,276314,276314,642101313,0,50001059248675647251638
2026-08-17 01:08:00,6542457760,-6536268329779605411522,276314,276314,276314,276314,6542457760,0,50001059248675647251638
2026-08-17 01:14:00,-21744767617,21723627522435850527531,276314,276314,276314,276314,25137732383,46837594493104227967787,50001059248675647251638
2026-08-17 01:15:00,225293801,-225080499460939992119,276314,276314,276314,276314,225293801,0,50001059248675647251638
2026-08-17 01:21:00,-70110565420,70043248175633223431845,276314,276314,276314,276314,0,70043248175633223431845,50001059248675647251638
2026-08-17 01:22:00,952438675,-951534286000000000000,276314,276314,276314,276314,952438675,0,50001059248675647251638
2026-08-17 01:23:00,1107282563,-1106231187901047581841,276314,276314,276314,276314,1107282563,0,50001059248675647251638
2026-08-17 01:24:00,-538166418,537648977999140974641,276314,276314,276314,276314,0,537648977999140974641,50001059248675647251638
2026-08-17 01:28:00,5000899306,-4996151406000000000000,276314,276314,276314,276314,5000899306,0,50001059248675647251638
2026-08-17 01:29:00,-19960000,19940812244691093438,276314,276314,276314,276314,0,19940812244691093438,50001059248675647251638
2026-08-17 01:31:00,-107455856,107352558322346154913,276314,276314,276314,276314,0,107352558322346154913,50001059248675647251638
2026-08-17 01:32:00,888861812,-888018019000000000000,276314,276314,276314,276314,888861812,0,50001059248675647251638
2026-08-17 01:33:00,38535131,-38498550930523258801,276314,276314,276314,276314,38535131,0,50001059248675647251638
2026-08-17 01:34:00,9056079785,-9047485338758093627094,276314,276314,276314,276314,9109947867,53816319195143633560,50001059248675647251638
2026-08-17 01:35:00,-911336037,910460312706892375256,276314,276314,276314,276314,0,910460312706892375256,50001059248675647251638
2026-08-17 01:36:00,53140092266,-53089723915590028263347,276314,276314,276314,276314,53361655593,221350888409971736653,50001059248675647251638
2026-08-17 01:37:00,-184152142,183972985419844681908,276314,276314,276314,276314,215772860,399541542984732972073,50001059248675647251638
2026-08-17 01:38:00,-532350529,531840091151436476946,276314,276314,276314,276314,0,531840091151436476946,50001059248675647251638
2026-08-17 01:41:00,-354404095,354064272677000577516,276314,276314,276314,276314,0,354064272677000577516,50001059248675647251638
2026-08-17 01:42:00,67808646644,-67744532339000000000000,276314,276314,276314,276314,67808646644,0,50001059248675647251638
2026-08-17 01:43:00,225203114,-224990486407518697524,276314,276314,276314,276314,225203114,0,50001059248675647251638
2026-08-17 01:44:00,362863874,-362521277000000000000,276314,276314,276314,276314,362863874,0,50001059248675647251638
2026-08-17 01:45:00,-21214617622,21194322513082068109383,276314,276314,276314,276314,184072583,21378221306645609511481,50001059248675647251638
2026-08-17 01:47:00,126672925788,-126554745374490438211072,276314,276314,276314,276314,227058874632,100290590599048535641616,50001059248675647251638
2026-08-17 01:48:00,-24645268134,24621795756802569378879,276314,276314,276314,276314,0,24621795756802569378879,50001059248675647251638
2026-08-17 01:53:00,-1616637135,1615096587138680007926,276314,276314,276314,276314,0,1615096587138680007926,50001059248675647251638
2026-08-17 01:55:00,25073994002,-25050412504000000000000,276314,276314,276314,276314,25073994002,0,50001059248675647251638
2026-08-17 01:56:00,2284741676,-2282594179000000000000,276314,276314,276314,276314,2284741676,0,50001059248675647251638
2026-08-17 01:58:00,707050315,-706391757381700416687,276314,276314,276314,276314,1205639880,498114965618299583313,50001059248675647251638
2026-08-17 02:00:00,-39866855033,39828876233172049503292,276314,276314,276314,276314,0,39828876233172049503292,50001059248675647251638
2026-08-17 02:03:00,124069942,-123953137439343224986,276314,276314,276314,276314,124069942,0,50001059248675647251638
2026-08-17 02:05:00,2399831825,-2397572634196610007789,276314,276314,276314,276314,2399831825,0,50001059248675647251638
2026-08-17 02:06:00,9722297407,-9713147233548468977664,276314,276314,276314,276314,9722297407,0,50001059248675647251638
2026-08-17 02:07:00,4368416293,-4364306172715902959616,276314,276314,276314,276314,4368416293,0,50001059248675647251638
2026-08-17 02:09:00,450548706,-450124840910494014029,276314,276314,276314,276314,450548706,0,50001059248675647251638
2026-08-17 02:12:00,1401318273,-1400000000000000000000,276314,276314,276314,276314,1401318273,0,50001059248675647251638
2026-08-17 02:13:00,420396198,-420000731308308023913,276314,276314,276314,276314,420396198,0,50001059248675647251638
2026-08-17 02:18:00,-12644531250,12632481829291186032528,276314,276314,276314,276314,0,12632481829291186032528,50001059248675647251638
2026-08-17 02:20:00,104914580,-104815835000000000000,276314,276314,276314,276314,104914580,0,50001059248675647251638
2026-08-17 02:23:00,1107543217,-1106500827471331056399,276314,276314,276314,276314,1107543217,0,50001059248675647251638
2026-08-17 02:26:00,2001713834,-1999830000000000000000,276314,276314,276314,276314,2001713834,0,50001059248675647251638
2026-08-17 02:28:00,-479048560,478590852893604392475,276314,276314,276314,276314,95089651,573591016415972414736,50001059248675647251638
2026-08-17 02:33:00,-389298045,388927010144007707575,276314,276314,276314,276314,0,388927010144007707575,50001059248675647251638
2026-08-17 02:34:00,-93064679629,92974964865151545881653,276314,276314,276314,276314,70266063519,163174964865151545881653,50001059248675647251638
2026-08-17 02:35:00,-83150825411,83071127686319328677929,276314,276314,276314,276314,0,83071127686319328677929,50001059248675647251638
2026-08-17 02:36:00,-52016129,51966185671543487665,276314,276314,276314,276314,0,51966185671543487665,50001059248675647251638
2026-08-17 02:37:00,-64909993085,64846954052168800323229,276314,276314,276314,276314,52764006915,117560988590751010521538,50001059248675647251638
2026-08-17 02:38:00,86482072471,-86400000000000000000000,276314,276314,276314,276314,86482072471,0,50001059248675647251638
2026-08-17 02:39:00,-37479585276,37443604073715718939197,276314,276314,276314,276314,0,37443604073715718939197,50001059248675647251638
2026-08-17 02:41:00,-70110765278,70043306802815070071771,276314,276314,276314,276314,0,70043306802815070071771,50001059248675647251638
2026-08-17 02:42:00,-104631059524,104530021526220157436058,276314,276314,276314,276314,0,104530021526220157436058,50001059248675647251638
2026-08-17 02:47:00,365898739,-365549031000000000000,276314,276314,276314,276314,365898739,0,50001059248675647251638
2026-08-17 02:49:00,-51738559097,51688352321185345077515,276314,276314,276314,276314,7016808140,58698438691322176343834,50001059248675647251638
2026-08-17 02:50:00,67571054192,-67506468393245619283476,276314,276314,276314,276314,71193324694,3618767657754380716524,50001059248675647251638
2026-08-17 02:51:00,-136723211,136590984643626491117,276314,276314,276314,276314,0,136590984643626491117,50001059248675647251638
2026-08-17 02:52:00,-241014808737,240780561415260936919655,276314,276314,276314,276314,0,240780561415260936919655,50001059248675647251638
2026-08-17 02:53:00,32518,-32486628402044750,276314,276314,276314,276314,32518,0,50001059248675647251638
2026-08-17 02:54:00,17161360000,-17144902890321031009643,276314,276314,276314,276314,24948449822,7779482695157324621404,50001059248675647251638
2026-08-17 02:55:00,81399228592,-81321479109663910853266,276314,276314,276314,276314,130775734131,49328520890336089146734,50001059248675647251638
2026-08-17 02:56:00,-48820460217,48772874841493764962237,276314,276314,276314,276314,3783599943,52552831804786294898429,50001059248675647251638
2026-08-17 02:58:00,69618804342,-69551881123823232091243,276314,276314,276314,276314,70128612858,509311576176767908757,50001059248675647251638
2026-08-17 02:59:00,4255010329,-4250925974005298803547,276314,276314,276314,276314,4255010329,0,50001059248675647251638
2026-08-17 03:00:00,447910593,-447480689000000000000,276314,276314,276314,276314,447910593,0,50001059248675647251638
2026-08-17 03:03:00,73454147862,-73383755029000000000000,276314,276314,276314,276314,73454147862,0,50001059248675647251638
2026-08-17 03:04:00,-12031775883,12020116064689258293905,276314,276314,276314,276314,0,12020116064689258293905,50001059248675647251638
2026-08-17 03:05:00,3070588945,-3067673934776670566403,276314,276314,276314,276314,5104886576,2032326065223329433597,50001059248675647251638
2026-08-17 03:06:00,89753606423,-89667853855000000000000,276314,276314,276314,276314,89753606423,0,50001059248675647251638
2026-08-17 03:10:00,-17266503550,17249824747643394132215,276314,276314,276314,276314,0,17249824747643394132215,50001059248675647251638
2026-08-17 03:11:00,-95140414,95048478747752015468,276314,276314,276314,276314,0,95048478747752015468,50001059248675647251638
2026-08-17 03:12:00,-12642258901,12581581700910925235409,276314,276304,276304,276314,1069650319152,1081189220205734612733331,50001059248675647251638
2026-08-17 03:13:00,-1395498300,1394151074935643335490,276314,276314,276314,276314,0,1394151074935643335490,50001059248675647251638
2026-08-17 03:16:00,-78339585115,78263800025328011379773,276314,276314,276314,276314,2564729233,80826076238328011379773,50001059248675647251638
2026-08-17 03:19:00,45565164717,-45521619660019123325235,276314,276314,276314,276314,45565164717,0,50001059248675647251638
2026-08-17 03:21:00,-13417618627,13404643628176906564333,276314,276314,276314,276314,0,13404643628176906564333,50001059248675647251638
2026-08-17 03:22:00,-1872491648,1870680354245196981757,276314,276314,276314,276314,0,1870680354245196981757,50001059248675647251638
2026-08-17 03:23:00,-32306495420,32184316806836942147260,276266,276314,276265,276314,1004220481492,1035424150472821928983723,74283962351036412
2026-08-17 03:24:00,420233821,-419832077598380177257,276314,276314,276314,276314,420233821,0,50001059248675647251638
2026-08-17 03:27:00,-15778694298,15763415838498873065785,276314,276314,276314,276314,0,15763415838498873065785,50001059248675647251638
2026-08-17 03:29:00,-31311894220,31193458638986492273458,276266,276314,276265,276314,973242661120,1003485106202383190049505,74283962351036412
2026-08-17 03:30:00,2001716057,-1999800000382397423725,276314,276314,276314,276314,2001716057,0,50001059248675647251638
2026-08-17 03:31:00,13463384685,-13450501594075507982336,276314,276314,276314,276314,13463384685,0,50001059248675647251638
2026-08-17 03:32:00,-49450005835,49402058832538081980668,276314,276314,276314,276314,0,49402058832538081980668,50001059248675647251638
2026-08-17 03:35:00,4346080595,-4341914800000000000000,276314,276314,276314,276314,4346080595,0,50001059248675647251638
2026-08-17 03:36:00,1116131425,-1115061716000000000000,276314,276314,276314,276314,1116131425,0,50001059248675647251638
2026-08-17 03:37:00,133812746,-133684503000000000000,276314,276314,276314,276314,133812746,0,50001059248675647251638
2026-08-17 03:38:00,81251658924,-81173920711000000000000,276314,276314,276314,276314,81251658924,0,50001059248675647251638
2026-08-17 03:39:00,-221739644755,220960307279314392867252,276314,276314,276260,276314,1925841407537,2144919466812760222294694,50001059248675647251638
2026-08-17 03:41:00,589584619,-589018888130612383744,276314,276314,276314,276314,589584619,0,50001059248675647251638
2026-08-17 03:42:00,258906225595,-258659135856000000000000,276314,276314,276314,276314,258906225595,0,50001059248675647251638
2026-08-17 03:44:00,100000719906,-99906000000000000000000,276314,276314,276314,276314,100000719906,0,50001059248675647251638
2026-08-17 03:46:00,-12540192926,12528186515789057696678,276314,276314,276314,276314,0,12528186515789057696678,50001059248675647251638
2026-08-17 03:48:00,-485418,484953035233345362,276314,276314,276314,276314,0,484953035233345362,50001059248675647251638
2026-08-17 03:51:00,1000846476,-999900000000000000000,276314,276314,276314,276314,1000846476,0,50001059248675647251638
2026-08-17 03:52:00,27598728261,-27572739540924603745060,276314,276314,276314,276314,35520514075,7914209543613478235608,50001059248675647251638
2026-08-17 03:56:00,798587186,-797832891000000000000,276314,276314,276314,276314,798587186,0,50001059248675647251638
2026-08-17 03:57:00,119191992660,-119079696952000000000000,276314,276314,276314,276314,119191992660,0,50001059248675647251638
2026-08-17 03:59:00,-245570052,245336329005573921676,276314,276314,276314,276314,0,245336329005573921676,50001059248675647251638
2026-08-17 04:03:00,166502407427,-166346487000000000000000,276314,276314,276314,276314,166502407427,0,50001059248675647251638
2026-08-17 04:05:00,20576891074,-20557698818000000000000,276314,276314,276314,276314,20576891074,0,50001059248675647251638
2026-08-17 04:08:00,-5217700854,5212773302097993428110,276314,276314,276314,276314,0,5212773302097993428110,50001059248675647251638
2026-08-17 04:09:00,2794932260,-2792326124000000000000,276314,276314,276314,276314,2794932260,0,50001059248675647251638
2026-08-17 04:12:00,92339383646,-92253457151000000000000,276314,276314,276314,276314,92339383646,0,50001059248675647251638
2026-08-17 04:14:00,41602406720,-41563804852000000000000,276314,276314,276314,276314,41602406720,0,50001059248675647251638
2026-08-17 04:15:00,-2696195,2693662359493243658,276314,276314,276314,276314,0,2693662359493243658,50001059248675647251638
2026-08-17 04:18:00,2995276577,-2992500000000000000000,276314,276314,276314,276314,2995276577,0,50001059248675647251638
2026-08-17 04:22:00,21527096983,-21507152225000000000000,276314,276314,276314,276314,21527096983,0,50001059248675647251638
2026-08-17 04:24:00,8427705573,-8419902384000000000000,276314,276314,276314,276314,8427705573,0,50001059248675647251638
2026-08-17 04:27:00,222004287466,-221799756000000000000000,276314,276314,276314,276314,222004287466,0,50001059248675647251638
2026-08-17 04:30:00,9883455060,-9874395254000000000000,276314,276314,276314,276314,9883455060,0,50001059248675647251638
2026-08-17 04:32:00,81254265529,-81179930579972418969570,276314,276314,276314,276314,81254265529,0,50001059248675647251638
2026-08-17 04:33:00,19026712057,-19009343698000000000000,276314,276314,276314,276314,19026712057,0,50001059248675647251638
2026-08-17 04:34:00,48992713611,-48948058341305354563983,276314,276314,276314,276314,49053039005,60269744277897689101,50001059248675647251638
2026-08-17 04:44:00,208063380250,-207874802349000000000000,276314,276314,276314,276314,208063380250,0,50001059248675647251638
2026-08-17 04:46:00,10876688691,-10866878184000000000000,276314,276314,276314,276314,10876688691,0,50001059248675647251638
2026-08-17 04:49:00,-37994705559,37959959159094709748609,276314,276314,276314,276314,0,37959959159094709748609,50001059248675647251638
2026-08-17 04:52:00,11851702489,-11840999936000000000000,276314,276314,276314,276314,11851702489,0,50001059248675647251638
2026-08-17 04:55:00,3773969760,-3770562895000000000000,276314,276314,276314,276314,3773969760,0,50001059248675647251638
2026-08-17 04:57:00,173807228186,-173650944113000000000000,276315,276315,276315,276315,173807228186,0,50001059159245254961199
2026-08-17 04:58:00,8422847020,-8415304016000000000000,276315,276315,276315,276315,8422847020,0,50001059159245254961199
2026-08-17 04:59:00,493565577,-493123658000000000000,276315,276315,276315,276315,493565577,0,50001059159245254961199
2026-08-17 05:06:00,147352443032,-147220944248000000000000,276315,276315,276315,276315,147352443032,0,50001059159245254961199
2026-08-17 05:08:00,162898513197,-162754150407514277200228,276315,276315,276315,276315,162902317419,3800792485722799772,50001059159245254961199
2026-08-17 05:10:00,300391571,-300126339883555848016,276315,276315,276315,276315,300391571,0,50001059159245254961199
2026-08-17 05:13:00,5004418139,-5000000000000000000000,276315,276315,276315,276315,5004418139,0,50001059159245254961199
2026-08-17 05:14:00,-48651414980,48607837472102998830870,276315,276315,276315,276315,0,48607837472102998830870,50001059159245254961199
2026-08-17 05:17:00,17937863044,-17922000000000000000000,276315,276315,276315,276315,17937863044,0,50001059159245254961199
2026-08-17 05:18:00,-4507600000,4503560946004404702589,276315,276315,276315,276315,0,4503560946004404702589,50001059159245254961199
2026-08-17 05:20:00,-104657787773,104563780542666612343178,276315,276315,276315,276315,0,104563780542666612343178,50001059159245254961199
2026-08-17 05:22:00,265105276,-264869775000000000000,276315,276315,276315,276315,265105276,0,50001059159245254961199
2026-08-17 05:23:00,1107497730,-1106513936796609745707,276315,276315,276315,276315,1107497730,0,50001059159245254961199
2026-08-17 05:24:00,9063999153,-9055949420000000000000,276315,276315,276315,276315,9063999153,0,50001059159245254961199
2026-08-17 05:25:00,13634640398,-13622537661666612343178,276315,276315,276315,276315,13634640398,0,50001059159245254961199
2026-08-17 05:26:00,4860249160,-4855936773892989779968,276315,276315,276315,276315,4860249160,0,50001059159245254961199
2026-08-17 05:28:00,4894127320,-4889785828692306427904,276315,276315,276315,276315,4894127320,0,50001059159245254961199
2026-08-17 05:30:00,1383537047,-1382309910000000000000,276315,276315,276315,276315,1383537047,0,50001059159245254961199
2026-08-17 05:31:00,25928886264,-25905902612140075554940,276315,276315,276315,276315,25928886264,0,50001059159245254961199
2026-08-17 05:32:00,9900958389,-9892191876908242853078,276315,276315,276315,276315,10127807272,226645289186670275224,50001059159245254961199
2026-08-17 05:34:00,3027608010,-3024927254000000000000,276315,276315,276315,276315,3027608010,0,50001059159245254961199
2026-08-17 05:35:00,5004570115,-5000139685936093235668,276315,276315,276315,276315,5004570115,0,50001059159245254961199
2026-08-17 05:36:00,98315963592,-98229129637336454796557,276315,276315,276315,276315,98315963592,0,50001059159245254961199
2026-08-17 05:37:00,-250150523359,249925559751492361350668,276315,276315,276315,276315,22489238664,272394989886492361350668,50001059159245254961199
2026-08-17 05:38:00,2405673245,-2403529324000000000000,276315,276315,276315,276315,2405673245,0,50001059159245254961199
2026-08-17 05:40:00,2470056246,-2467855187495560355236,276315,276315,276315,276315,2470056246,0,50001059159245254961199
2026-08-17 05:43:00,6741556780,-6735550643000000000000,276315,276315,276315,276315,6741556780,0,50001059159245254961199
2026-08-17 05:44:00,-22663274000,22642804081887768587469,276315,276315,276315,276315,0,22642804081887768587469,50001059159245254961199
2026-08-17 05:50:00,-120394966362,120285879249578336977601,276314,276314,276314,276314,0,120285879249578336977601,50001059248675647251638
2026-08-17 05:53:00,30398785289,-30371551468000000000000,276315,276315,276315,276315,30398785289,0,50001059159245254961199
2026-08-17 05:55:00,-2180101315,2177939731089478942617,276315,276315,276315,276315,15309849045,17474086886089478942617,50001059159245254961199
2026-08-17 05:56:00,-15339457263,15325534239509906244433,276315,276315,276315,276315,0,15325534239509906244433,50001059159245254961199
2026-08-17 05:59:00,-14018000000,14005268190920612857947,276314,276314,276314,276314,0,14005268190920612857947,50001059248675647251638
2026-08-17 06:01:00,5004757080,-5000270626194976418200,276314,276314,276314,276314,5004757080,0,50001059248675647251638
2026-08-17 06:03:00,4003087423,-3999499632825199479829,276315,276315,276315,276315,4003588246,500367174800520171,50001059159245254961199
2026-08-17 06:06:00,70125343530,-70062596955000000000000,276315,276315,276315,276315,70125343530,0,50001059159245254961199
2026-08-17 06:08:00,-152000000,151862383893074841257,276315,276315,276315,276315,0,151862383893074841257,50001059159245254961199
2026-08-17 06:09:00,106155582133,-106060969624907145174201,276315,276315,276315,276315,106155582133,0,50001059159245254961199
2026-08-17 06:19:00,24715836,-24693860708077700729,276315,276315,276315,276315,24715836,0,50001059159245254961199
2026-08-17 06:21:00,823572969,-822840709961543643571,276315,276315,276315,276315,823572969,0,50001059159245254961199
2026-08-17 06:23:00,58610243714,-58558201453441664427159,276315,276315,276315,276315,58610243714,0,50001059159245254961199
2026-08-17 06:25:00,-5570700018,5565692693557998626040,276315,276315,276315,276315,0,5565692693557998626040,50001059159245254961199
2026-08-17 06:30:00,6092752877,-6087349409000000000000,276315,276315,276315,276315,6092752877,0,50001059159245254961199
2026-08-17 06:33:00,-778173294603,777461828116382019395843,276314,276314,276314,276314,0,777461828116382019395843,50001059248675647251638
2026-08-17 06:34:00,21642124096,-21622269652842621218868,276314,276314,276314,276314,21642124096,0,50001059248675647251638
2026-08-17 06:38:00,3767218,-3763763716440856916,276314,276314,276314,276314,3767218,0,50001059248675647251638
2026-08-17 06:40:00,-5552210852,5546999181214820822535,276314,276314,276314,276314,4445855255,9988776359389621342706,50001059248675647251638
2026-08-17 06:41:00,44980301634,-44939086671000000000000,276314,276314,276314,276314,44980301634,0,50001059248675647251638
2026-08-17 06:46:00,115663343344,-115557733369000000000000,276314,276314,276314,276314,115663343344,0,50001059248675647251638
2026-08-17 06:48:00,-18403262549,18386034391073373307441,276314,276314,276314,276314,19984942138,38352763534073373307441,50001059248675647251638
2026-08-17 06:49:00,-9203285682,9194784801010078995072,276314,276314,276314,276314,0,9194784801010078995072,50001059248675647251638
2026-08-17 06:50:00,417739897669,-417362457052038291568086,276314,276314,276314,276315,417739897669,0,50001059248675647251638
2026-08-17 06:51:00,148822321084,-148689539649000000000000,276315,276315,276315,276315,148822321084,0,50001059159245254961199
2026-08-17 06:52:00,52546671565,-52500000000000000000000,276315,276315,276315,276315,52546671565,0,50001059159245254961199
2026-08-17 06:54:00,-151040294087,150904033225133549455882,276315,276315,276315,276315,0,150904033225133549455882,50001059159245254961199
2026-08-17 06:55:00,59025153253,-58972502960000000000000,276315,276315,276315,276315,59025153253,0,50001059159245254961199
2026-08-17 06:56:00,103720032,-103627640098526588381,276315,276315,276315,276315,103929775,209552901473411619,50001059159245254961199
2026-08-17 06:57:00,-32424444987,32395150170351714065415,276315,276315,276315,276315,75555013,32470637878351714065415,50001059159245254961199
2026-08-17 06:58:00,4721731857,-4717520000000000000000,276315,276315,276315,276315,4721731857,0,50001059159245254961199
2026-08-17 06:59:00,-75139930,75072008964388929004,276315,276315,276315,276315,0,75072008964388929004,50001059159245254961199
2026-08-17 07:00:00,1796404074,-1794801883000000000000,276315,276315,276315,276315,1796404074,0,50001059159245254961199
2026-08-17 07:01:00,52041118855,-51995065358481185836461,276315,276315,276315,276315,77514401932,25450325176518814163539,50001059159245254961199
2026-08-17 07:03:00,54374415309,-54326097041968017248562,276315,276315,276315,276315,54674415309,299729932179731464094,50001059159245254961199
2026-08-17 07:04:00,-179211455,179050097594693185916,276315,276315,276315,276315,11575827,190615650593821553020,50001059159245254961199
2026-08-17 07:05:00,2752423392,-2749980468750000000000,276315,276315,276315,276315,2752423392,0,50001059159245254961199
2026-08-17 07:06:00,3373335894,-3370342290000000000000,276315,276315,276315,276315,3373335894,0,50001059159245254961199
2026-08-17 07:07:00,39573272221,-39538187604404771783644,276315,276315,276315,276315,39573272221,0,50001059159245254961199
2026-08-17 07:08:00,259346404253,-259118022965000000000000,276315,276315,276315,276315,259346404253,0,50001059159245254961199
2026-08-17 07:10:00,-1910985,1909288633847984957,276315,276315,276315,276315,0,1909288633847984957,50001059159245254961199
2026-08-17 07:11:00,60839401092,-60786214789443541373285,276315,276315,276315,276315,60839401092,0,50001059159245254961199
2026-08-17 07:12:00,-189352147472,189183848441899746107107,276315,276315,276315,276315,798437514,189981588939182594610508,50001059159245254961199
2026-08-17 07:14:00,-669071661,668473274749710403321,276315,276315,276315,276315,100038092,768423274749710403321,50001059159245254961199
2026-08-17 07:16:00,-28212114451,28186216594030333748621,276315,276315,276315,276315,58433815386,86568644315030333748621,50001059159245254961199
2026-08-17 07:17:00,-11220000000,11209970171694824779147,276315,276315,276315,276315,0,11209970171694824779147,50001059159245254961199
2026-08-17 07:19:00,420403888525,-420036555592435928844644,276315,276315,276315,276315,420403888525,0,50001059159245254961199
2026-08-17 07:23:00,-4399209524,4395342269466136915963,276315,276315,276315,276315,600490476,4995313109705853798808,50001059159245254961199
2026-08-17 07:24:00,-115011155281,114909965299112197369467,276315,276315,276315,276315,0,114909965299112197369467,50001059159245254961199
2026-08-17 07:26:00,-19061023445,19044201988466794441240,276315,276315,276315,276315,0,19044201988466794441240,50001059354305874174628
2026-08-17 07:27:00,-4574564000,4570524762523341584183,276315,276315,276315,276315,0,4570524762523341584183,50001059354305874174628
2026-08-17 07:29:00,-5000000000,4995584156578565724353,276315,276315,276315,276315,0,4995584156578565724353,50001059354305874174628
2026-08-17 07:31:00,-434403343,434019643840896964203,276315,276315,276315,276315,0,434019643840896964203,50001059354305874174628
2026-08-17 07:32:00,-408009133,407610146488311847063,276315,276315,276315,276315,3218912404,3623717679122426810687,50001059354305874174628
2026-08-17 07:35:00,7777711257,-7771183252287664744860,276315,276315,276315,276315,28429442124,20633480628712335255140,50001059354305874174628
2026-08-17 07:37:00,-11771013363,11760616889890107772560,276315,276315,276315,276315,0,11760616889890107772560,50001059354305874174628
2026-08-17 07:39:00,-506462095,505841944583140380452,276315,276315,276315,276315,14404671629,14897955867274294955812,50001059354305874174628
2026-08-17 07:40:00,-1193334,1192278871678594752,276315,276315,276315,276315,0,1192278871678594752,50001059354305874174628
2026-08-17 07:43:00,37056054268,-37023787622000000000000,276315,276315,276315,276315,37056054268,0,50001059354305874174628
2026-08-17 07:44:00,-109167206378,109070682684118285150499,276315,276315,276315,276315,0,109070682684118285150499,50001059354305874174628
2026-08-17 07:45:00,25021865940,-25000000000000000000000,276315,276315,276315,276315,25021865940,0,50001059354305874174628
2026-08-17 07:46:00,433581758,-433203083000000000000,276315,276315,276315,276315,433581758,0,50001059354305874174628
2026-08-17 07:47:00,-162747127707,162602511223989339157171,276315,276315,276315,276315,0,162602511223989339157171,50001059354305874174628
2026-08-17 07:48:00,-30519078030,30491841086601450105737,276315,276315,276315,276315,0,30491841086601450105737,50001059354305874174628
2026-08-17 07:49:00,49484831172,-49441286867710075076125,276315,276315,276315,276315,50044042606,558713132289924923875,50001059354305874174628
2026-08-17 07:50:00,-20008847310,19990409009647045921571,276315,276315,276315,276315,50097223484,70043642018274466170607,50001059354305874174628
2026-08-17 07:52:00,-209701338335,209513370818665440708671,276315,276315,276315,276315,4924161401,214433157723665440708671,50001059354305874174628
2026-08-17 07:53:00,-18849704977,18832728151038643596748,276315,276315,276315,276315,0,18832728151038643596748,50001059354305874174628
2026-08-17 07:54:00,-126098895330,125984795872128760334991,276315,276315,276315,276315,13721776481,139694377062128760334991,50001059354305874174628
2026-08-17 07:55:00,-57006316164,56954351942295121615212,276314,276315,276314,276315,20723823996,77659656057295121615212,50001059443736266465067
2026-08-17 07:56:00,-215243655574,215047216003831713624666,276314,276314,276314,276314,130406320,215177504313665537311804,50001059443736266465067
2026-08-17 07:57:00,5156518483,-5151852671000000000000,276314,276314,276314,276314,5156518483,0,50001059443736266465067
2026-08-17 08:00:00,275956897,-275707232175449414864,276314,276314,276314,276314,275956897,0,50001059443736266465067
2026-08-17 08:01:00,-73887436,73819701661719300367,276314,276314,276314,276314,0,73819701661719300367,50001059443736266465067
2026-08-17 08:02:00,-3797175385,3793694165798186172497,276314,276314,276314,276314,0,3793694165798186172497,50001059443736266465067
2026-08-17 08:03:00,590165355,-589631335062301278060,276314,276314,276314,276314,590165355,0,50001059443736266465067
2026-08-17 08:04:00,290948444,-290685180115604242463,276314,276314,276314,276314,290948444,0,50001059443736266465067
2026-08-17 08:05:00,-34003399,33972222587824282308,276314,276314,276314,276314,0,33972222587824282308,50001059443736266465067
2026-08-17 08:06:00,34074450822,-34043968040951759770223,276314,276314,276314,276314,61274450822,27175047351720444198760,50001059443736266465067
2026-08-17 08:07:00,-125029060639,124914287769241677501921,276314,276314,276314,276314,0,124914287769241677501921,50001059443736266465067
2026-08-17 08:08:00,-70108893704,70044262640993506372933,276314,276314,276314,276314,0,70044262640993506372933,50001059443736266465067
2026-08-17 08:09:00,-226984070059,226773467355401144400908,276314,276314,276314,276314,568713377,227341657314324482832755,50001059443736266465067
2026-08-17 08:10:00,70107989263,-70043563918000000000000,276314,276314,276314,276314,70107989263,0,50001059443736266465067
2026-08-17 08:11:00,2990979713,-2988235536170139457116,276314,276314,276314,276314,2990979713,0,50001059443736266465067
2026-08-17 08:12:00,253838317,-253605441000000000000,276314,276314,276314,276314,253838317,0,50001059443736266465067
2026-08-17 08:13:00,1555948925,-1554526686185917526638,276314,276314,276314,276314,1986488182,430139107814082473362,50001059443736266465067
2026-08-17 08:14:00,1131876636,-1130838333333333333333,276314,276314,276314,276314,1131876636,0,50001059443736266465067
2026-08-17 08:15:00,1251147655,-1250000000000000000000,276314,276314,276314,276314,1251147655,0,50001059443736266465067
2026-08-17 08:16:00,95593623351,-95506121915118573182976,276314,276314,276314,276314,95593623351,0,50001059443736266465067
2026-08-17 08:17:00,49912453886,-49866911667301073389290,276314,276314,276314,276314,49912453886,0,50001059443736266465067
2026-08-17 08:18:00,171609841927,-171454017151637032439803,276314,276314,276314,276314,171609841927,0,50001059443736266465067
2026-08-17 08:20:00,1020960511,-1020036981583110156852,276314,276314,276314,276314,1020960511,0,50001059443736266465067
2026-08-17 08:22:00,665514002,-664912020608562218658,276314,276314,276314,276314,665514002,0,50001059443736266465067
2026-08-17 08:24:00,437875413940,-437483175038207592436127,276315,276314,276314,276315,437875413940,0,50001059354305874174628
2026-08-17 08:25:00,-157225091359,157083247635144036570333,276315,276315,276315,276315,110548479,157193698054395007812719,50001059354305874174628
2026-08-17 08:26:00,100380314585,-100290844869919855257027,276315,276315,276315,276315,100380314585,0,50001059354305874174628
2026-08-17 08:27:00,600564177,-600030101930967616234,276315,276315,276315,276315,600564177,0,50001059354305874174628
2026-08-17 08:28:00,21722745871,-21703445496526387786653,276315,276315,276315,276315,22370852726,647523267473612213347,50001059354305874174628
2026-08-17 08:30:00,397947646,-397594108700952529828,276315,276315,276315,276315,397947646,0,50001059354305874174628
2026-08-17 08:33:00,8533967044,-8526387250208079847823,276315,276315,276315,276315,8557616032,23627702791920152177,50001059354305874174628
2026-08-17 08:35:00,23155226417,-23134674035000000000000,276315,276315,276315,276315,23155226417,0,50001059354305874174628
2026-08-17 08:39:00,189650856,-189482612849303420965,276315,276315,276315,276315,189650856,0,50001059354305874174628
2026-08-17 08:40:00,-142243265909,142114842350694356070917,276315,276315,276315,276315,10592558604,152697941641694356070917,50001059354305874174628
2026-08-17 08:42:00,511605889,-511149131680098303207,276315,276315,276315,276315,511605889,0,50001059354305874174628
2026-08-17 08:43:00,100001155651,-99912076053000000000000,276315,276315,276315,276315,100001155651,0,50001059354305874174628
2026-08-17 08:45:00,40526467262,-40490480613994931635912,276315,276315,276315,276315,40526467262,0,50001059354305874174628
2026-08-17 08:46:00,430512326144,-430140712076224718601353,276315,276315,276315,276315,982784605028,551791287923775281398647,50001059354305874174628
2026-08-17 08:47:00,-164089724371,163944465763303809345701,276315,276315,276315,276315,0,163944465763303809345701,50001059354305874174628
2026-08-17 08:48:00,53081275618,-53034804736000000000000,276315,276315,276315,276315,53081275618,0,50001059354305874174628
2026-08-17 08:49:00,-232825247560,232617693544666675227517,276315,276315,276315,276315,8007000091,240617693544666675227517,50001059354305874174628
2026-08-17 08:50:00,-60955788470,60900876389515918816258,276315,276315,276315,276315,20017805445,80900935218401748891131,50001059354305874174628
2026-08-17 08:51:00,-189156187665,188984630320842248162738,276315,276315,276315,276315,79710624292,268624527703842248162738,50001059354305874174628
2026-08-17 08:52:00,11358511020,-11348362523000000000000,276315,276315,276315,276315,11358511020,0,50001059354305874174628
2026-08-17 08:55:00,127083840,-126970324411282879670,276315,276315,276315,276315,127083840,0,50001059354305874174628
2026-08-17 08:56:00,-90072931386,89991232796218623806865,276314,276315,276314,276315,0,89991232796218623806865,50001059443736266465067
2026-08-17 08:57:00,350279140,-349965000000000000000,276314,276314,276314,276314,350279140,0,50001059443736266465067
2026-08-17 08:58:00,-140070879753,139943189798041732758163,276314,276314,276314,276314,0,139943189798041732758163,50001059443736266465067
2026-08-17 08:59:00,-184698260839,184528506611484388677880,276314,276314,276314,276314,15306774651,199821350549149585726517,50001059443736266465067
2026-08-17 09:00:00,-10806904049,10796940077541988897214,276314,276314,276314,276314,0,10796940077541988897214,50001059443736266465067
2026-08-17 09:01:00,5117308921,-5112651530000000000000,276314,276314,276314,276314,5117308921,0,50001059443736266465067
2026-08-17 09:02:00,34279617321,-34248445554745908658176,276314,276314,276314,276314,34279617321,0,50001059443736266465067
2026-08-17 09:03:00,3639954447,-3636647254000000000000,276314,276314,276314,276314,3639954447,0,50001059443736266465067
2026-08-17 09:04:00,11373984086,-11363653312000000000000,276314,276314,276314,276314,11373984086,0,50001059443736266465067
2026-08-17 09:06:00,210296712,-210107553968052826391,276314,276314,276314,276314,360496061,150061160058384936922,50001059443736266465067
2026-08-17 09:08:00,6434872674,-6429030345000000000000,276314,276314,276314,276314,6434872674,0,50001059443736266465067
2026-08-17 09:09:00,4396757638,-4392766698660892378231,276314,276314,276314,276314,4396757638,0,50001059443736266465067
2026-08-17 09:12:00,86453139206,-86374822507000000000000,276314,276314,276314,276314,86453139206,0,50001059443736266465067
2026-08-17 09:13:00,34014154030,-33984501660304883596441,276314,276314,276314,276314,123990520444,89894218631695116403559,50001059443736266465067
2026-08-17 09:14:00,-40908300896,40870169971627343262357,276314,276314,276314,276314,56300984054,97120170148627343262357,50001059443736266465067
2026-08-17 09:15:00,5478194396,-5473240326000000000000,276314,276314,276314,276314,5478194396,0,50001059443736266465067
2026-08-17 09:16:00,176193149421,-176034452786000000000000,276314,276314,276314,276314,176193149421,0,50001059443736266465067
2026-08-17 09:17:00,-89516252857,89434701995631812983602,276314,276314,276314,276314,465791391,89900075493203152616469,50001059443736266465067
2026-08-17 09:19:00,8530016028,-8522334039000000000000,276314,276314,276314,276314,8530016028,0,50001059443736266465067
2026-08-17 09:20:00,11373966401,-11363727719000000000000,276314,276314,276314,276314,11373966401,0,50001059443736266465067
2026-08-17 09:21:00,15841900253,-15827648211350820946320,276314,276314,276314,276314,15841900253,0,50001059443736266465067
2026-08-17 09:23:00,81902260345,-81828737507000000000000,276315,276315,276315,276315,81902260345,0,50001059354305874174628
2026-08-17 09:24:00,-4677258095,4673010503828895749181,276314,276314,276314,276314,0,4673010503828895749181,50001059443736266465067
2026-08-17 09:25:00,-7677848490,7670874056653336931139,276314,276314,276314,276314,0,7670874056653336931139,50001059443736266465067
2026-08-17 09:26:00,53466334023,-53418456000000000000000,276315,276315,276315,276315,53466334023,0,50001059354305874174628
2026-08-17 09:27:00,-47151780171,47108997333316789767197,276314,276314,276314,276314,0,47108997333316789767197,50001059443736266465067
2026-08-17 09:28:00,-18919952566,18902760713447082723623,276314,276314,276314,276314,0,18902760713447082723623,50001059443736266465067
2026-08-17 09:32:00,45611414996,-45574642220187708505911,276315,276315,276315,276315,406197453474,360261539741349045911753,50001059354305874174628
2026-08-17 09:33:00,51135262386,-51089640000000000000000,276315,276315,276315,276315,51135262386,0,50001059354305874174628
2026-08-17 09:36:00,1000791859,-999900004384326593744,276315,276315,276315,276315,1000791859,0,50001059354305874174628
2026-08-17 09:38:00,-295227852285,294959485829788126729158,276314,276315,276314,276315,0,294959485829788126729158,50001059443736266465067
2026-08-17 09:39:00,-113622538091,113518325736244550260123,276314,276314,276314,276314,0,113518325736244550260123,50001059443736266465067
2026-08-17 09:42:00,7801746,-8064380359605397098,276314,276314,276314,276314,22504316941,22475840897640394602902,50001059443736266465067
2026-08-17 09:44:00,13631898672,-13619531979000000000000,276314,276314,276314,276314,13631898672,0,50001059443736266465067
2026-08-17 09:45:00,-280521626264,280262281978759454844410,276314,276314,276314,276314,0,280262281978759454844410,50001059443736266465067
2026-08-17 09:46:00,11363358653,-11352928296000000000000,276314,276314,276314,276314,11363358653,0,50001059443736266465067
2026-08-17 09:48:00,36753116178,-36719416037794871369429,276314,276314,276314,276314,36753116178,0,50001059443736266465067
2026-08-17 09:49:00,19342020187,-19324306522220000000000,276314,276314,276314,276314,19342020187,0,50001059443736266465067
2026-08-17 09:50:00,22985258101,-22964227345000000000000,276314,276314,276314,276314,22985258101,0,50001059443736266465067
2026-08-17 09:52:00,5090692860,-5086037898490406834352,276314,276314,276314,276314,5090692860,0,50001059443736266465067
2026-08-17 09:56:00,-31644913400,31615580913095192440473,276314,276314,276314,276314,0,31615580913095192440473,50001059443736266465067
2026-08-17 09:57:00,50045770325,-50000000000000000000000,276314,276314,276314,276314,50045770325,0,50001059443736266465067
2026-08-17 09:58:00,-151037561,150897765629605473918,276314,276314,276314,276314,0,150897765629605473918,50001059443736266465067
2026-08-17 09:59:00,48084670492,-48040811189334404111064,276314,276314,276314,276314,50045670492,1959188810665595888936,50001059443736266465067
2026-08-17 10:00:00,10099221117,-10090016148000000000000,276314,276314,276314,276314,10099221117,0,50001059443736266465067
2026-08-17 10:01:00,42038272151,-42000000000000000000000,276314,276314,276314,276314,42038272151,0,50001059443736266465067
2026-08-17 10:03:00,-1319582745,1318366632997002800393,276314,276314,276314,276314,0,1318366632997002800393,50001059443736266465067
2026-08-17 10:08:00,-12268214753,12256905184662499087595,276314,276314,276314,276314,0,12256905184662499087595,50001059443736266465067
2026-08-17 10:09:00,620708013,-620143105524952853933,276314,276314,276314,276314,620708013,0,50001059443736266465067
2026-08-17 10:10:00,-49978836049,49932701445596654559385,276314,276314,276314,276314,21163952,49953846137355655445793,50001059443736266465067
2026-08-17 10:11:00,-19698642544,19680431708199928193733,276314,276314,276314,276314,3753914,19684182196005747481385,50001059443736266465067
2026-08-17 10:12:00,-71063017324,70997191796458928702875,276314,276314,276314,276314,94832608,71091937575919076655110,50001059443736266465067
2026-08-17 10:14:00,644824,-644234364949180193,276314,276314,276314,276314,644824,0,50001059443736266465067
2026-08-17 10:20:00,-35527962770,35494978228673911891129,276314,276314,276314,276314,0,35494978228673911891129,50001059443736266465067
2026-08-17 10:21:00,-7933995168,7926622275125128583621,276314,276314,276314,276314,0,7926622275125128583621,50001059443736266465067
2026-08-17 10:22:00,116969334,-116862021947221262324,276314,276314,276314,276314,116969334,0,50001059443736266465067
2026-08-17 10:23:00,15341337691,-15327267581293456093874,276314,276314,276314,276314,15341337691,0,50001059443736266465067
2026-08-17 10:25:00,-29969750297,29941895863414321853024,276314,276314,276314,276314,0,29941895863414321853024,50001059443736266465067
2026-08-17 10:27:00,5129232194,-5124523942541216151390,276314,276314,276314,276314,5129232194,0,50001059443736266465067
2026-08-17 10:28:00,-480014235668,479558912926616495212731,276314,276314,276314,276314,366853542580,846066027379616495212731,50001059443736266465067
2026-08-17 10:30:00,685014345077,-684381860866343019993603,276314,276314,276314,276314,685014345077,0,50001059443736266465067
2026-08-17 10:32:00,-117996093191,117886911360000000000000,276314,276314,276314,276314,12996687055,130871711555434814852747,50001059443736266465067
2026-08-17 10:34:00,16006075262,-15991445265000000000000,276314,276314,276314,276314,16006075262,0,50001059443736266465067
2026-08-17 10:35:00,69292881043,-69229663473852214250784,276314,276314,276314,276314,69292881043,0,50001059443736266465067
2026-08-17 10:37:00,-105113458616,105016225662065096823364,276314,276314,276314,276314,0,105016225662065096823364,50001059443736266465067
2026-08-17 10:38:00,-41967889756,41928944978738543631192,276314,276314,276314,276314,0,41928944978738543631192,50001059443736266465067
2026-08-17 10:39:00,-43243811018,43203608636521030422049,276314,276314,276314,276314,0,43203608636521030422049,50001059443736266465067
2026-08-17 10:40:00,-5006999600,5002339928403047279292,276314,276314,276314,276314,0,5002339928403047279292,50001059443736266465067
2026-08-17 10:42:00,-29705575047,29677902829994547878241,276314,276314,276314,276314,556944931,30234336079139298405222,50001059443736266465067
2026-08-17 10:46:00,-4474912369,4470741716975700159751,276314,276314,276314,276314,0,4470741716975700159751,50001059443736266465067
2026-08-17 10:47:00,10009241435,-10000033855000000000000,276314,276314,276314,276314,10009241435,0,50001059443736266465067
2026-08-17 10:48:00,120110178173,-120000000000000000000000,276314,276314,276314,276314,120110178173,0,50001059443736266465067
2026-08-17 10:50:00,-182135740000,181966255971363997307438,276314,276314,276314,276314,0,181966255971363997307438,50001059443736266465067
2026-08-17 10:56:00,-71664800447,71597750451387078158105,276314,276314,276314,276314,0,71597750451387078158105,50001059443736266465067
2026-08-17 10:57:00,-95005360266,94916096591639784970875,276314,276314,276314,276314,4994639734,99906096591860714530516,50001059443736266465067
2026-08-17 10:58:00,-4787256259,4782751798324983344231,276314,276314,276314,276314,0,4782751798324983344231,50001059443736266465067
2026-08-17 10:59:00,-52883163119,52832589447685789185544,276314,276314,276314,276314,62854341671,115628519021685789185544,50001059443736266465067
2026-08-17 11:01:00,-211186790114,210986721707524597986874,276314,276314,276314,276314,0,210986721707524597986874,50001059443736266465067
2026-08-17 11:03:00,-61776093722,61664463623630713584751,276314,276314,276298,276314,1376765122444,1437095962586136678612762,50001059443736266465067
2026-08-17 11:05:00,-904177528,903315727030817556338,276314,276314,276314,276314,0,903315727030817556338,50001059443736266465067
2026-08-17 11:07:00,-1201680558,1200535147017823350010,276314,276314,276314,276314,0,1200535147017823350010,50001059443736266465067
2026-08-17 11:08:00,-5967406270,5961717441529489066781,276314,276314,276314,276314,0,5961717441529489066781,50001059443736266465067
2026-08-17 11:10:00,33499933259,-33468417254547378329552,276314,276314,276314,276314,33499933259,0,50001059443736266465067
2026-08-17 11:11:00,15860044569,-15845156050963714632251,276314,276314,276314,276314,17247044983,1385680769036285367749,50001059443736266465067
2026-08-17 11:12:00,-2710213329,2707634510341900983204,276314,276314,276314,276314,0,2707634510341900983204,50001059443736266465067
2026-08-17 11:14:00,63711457892,-63651676702000000000000,276314,276314,276314,276314,63711457892,0,50001059443736266465067
2026-08-17 11:15:00,-176855473660,176687008253090829748488,276314,276314,276314,276314,0,176687008253090829748488,50001059443736266465067
2026-08-17 11:19:00,-4237628,4233575864909366890,276314,276314,276314,276314,0,4233575864909366890,50001059443736266465067
2026-08-17 11:23:00,1107322542,-1106277139925718083017,276314,276314,276314,276314,1107322542,0,50001059443736266465067
2026-08-17 11:28:00,3297918341,-3294805129000000000000,276314,276314,276314,276314,3297918341,0,50001059443736266465067
2026-08-17 11:31:00,33605014332,-33573316196000000000000,276314,276314,276314,276314,33605014332,0,50001059443736266465067
2026-08-17 11:33:00,-74568935613,74497643020454867669797,276314,276314,276314,276314,0,74497643020454867669797,50001059443736266465067
2026-08-17 11:36:00,-54688561596,54635954718930241410433,276314,276314,276314,276314,15014233783,69635954718930241410433,50001059443736266465067
2026-08-17 11:38:00,-143343910278,143205927556999446392031,276314,276314,276314,276314,0,143205927556999446392031,50001059443736266465067
2026-08-17 11:39:00,52047801812,-51998229726000000000000,276314,276314,276314,276314,52047801812,0,50001059443736266465067
2026-08-17 11:42:00,25908127646,-25883492205914988586096,276314,276314,276314,276314,25908127646,0,50001059443736266465067
2026-08-17 11:43:00,-190419284644,190234713154229871742781,276314,276314,276314,276314,49858610356,240045511053331405579872,50001059443736266465067
2026-08-17 11:46:00,108954201710,-108850064454000000000000,276314,276314,276314,276314,108954201710,0,50001059443736266465067
2026-08-17 11:47:00,-38298629051,38260341379199581874187,276314,276314,276314,276314,106531304537,144689666636199581874187,50001059443736266465067
2026-08-17 11:49:00,200001434441,-199813346801235876927003,276314,276314,276314,276314,378794911346,178622591783416138151608,50001059443736266465067
2026-08-17 11:52:00,70110441422,-70044134167000000000000,276314,276314,276314,276314,70110441422,0,50001059443736266465067
2026-08-17 11:53:00,5498409716,-5493217874666777814631,276314,276314,276314,276314,5498409716,0,50001059443736266465067
2026-08-17 11:54:00,80314189742,-80238491163000000000000,276314,276314,276314,276314,80314189742,0,50001059443736266465067
2026-08-17 11:56:00,61344255251,-61286609964169542263576,276314,276314,276314,276314,61344255251,0,50001059443736266465067
2026-08-17 11:57:00,-92245882609,92158036181663565326322,276314,276314,276314,276314,0,92158036181663565326322,50001059443736266465067
2026-08-17 11:59:00,211732602524,-211534011681242700695415,276314,276314,276314,276314,211732602524,0,50001059443736266465067
2026-08-17 12:01:00,-140126619479,139993710651765089574987,276314,276314,276314,276314,0,139993710651765089574987,50001059443736266465067
2026-08-17 12:04:00,38085671179,-38049946030400266440070,276314,276314,276314,276314,39735506179,1648268092599733559930,50001059443736266465067
2026-08-17 12:05:00,-66432634978,66369445079129996503396,276314,276314,276314,276314,513609578,66882571637139072858802,50001059443736266465067
2026-08-17 12:06:00,70109969724,-70044134167000000000000,276314,276314,276314,276314,70109969724,0,50001059443736266465067
2026-08-17 12:09:00,-109341565149,109237493307210306062805,276314,276314,276314,276314,0,109237493307210306062805,50001059443736266465067
2026-08-17 12:10:00,2001685507,-1999800000000000000000,276314,276314,276314,276314,2001685507,0,50001059443736266465067
2026-08-17 12:11:00,11295209761,-11284573126000000000000,276314,276314,276314,276314,11295209761,0,50001059443736266465067
2026-08-17 12:14:00,150142288295,-150001384221000000000000,276314,276314,276314,276314,150142288295,0,50001059443736266465067
2026-08-17 12:15:00,30042581915,-30014495955000000000000,276314,276314,276314,276314,30042581915,0,50001059443736266465067
2026-08-17 12:18:00,8510950093,-8503000000101965204238,276314,276314,276314,276314,8510950093,0,50001059443736266465067
2026-08-17 12:19:00,-96260815796,96169140452257154491921,276314,276314,276314,276314,36301224394,132436328878257154491921,50001059443736266465067
2026-08-17 12:27:00,-146502048639,146362407975556561617784,276314,276314,276314,276314,5793107388,152150048153981282009976,50001059443736266465067
2026-08-17 12:29:00,7005909994,-6999300000000000000000,276314,276314,276314,276314,7005909994,0,50001059443736266465067
2026-08-17 12:30:00,322735399742,-322433027971000000000000,276314,276314,276314,276314,322735399742,0,50001059443736266465067
2026-08-17 12:31:00,183043984844,-182876196057761307377324,276314,276314,276314,276314,337912918737,154724244342238692622676,50001059443736266465067
2026-08-17 12:32:00,-826344000,825571242260150180199,276314,276314,276314,276314,0,825571242260150180199,50001059443736266465067
2026-08-17 12:33:00,-40933350,40895070009128145214,276314,276314,276314,276314,0,40895070009128145214,50001059443736266465067
2026-08-17 12:34:00,554874426,-554362183611741297107,276314,276314,276314,276314,554874426,0,50001059443736266465067
2026-08-17 12:36:00,-13754281547,13741415486266068710097,276314,276314,276314,276314,0,13741415486266068710097,50001059443736266465067
2026-08-17 12:37:00,-2644468479,2641993917376899083908,276314,276314,276314,276314,0,2641993917376899083908,50001059443736266465067
2026-08-17 12:38:00,299824583,-299556007336238631147,276314,276314,276314,276314,1000824583,700343992663761368853,50001059443736266465067
2026-08-17 12:41:00,145662179,-145527617196693349632,276314,276314,276314,276314,145662179,0,50001059443736266465067
2026-08-17 12:42:00,-71778861496,71711383596573211353994,276314,276314,276314,276314,17136264511,88831762703573211353994,50001059443736266465067
2026-08-17 12:43:00,-113730861719,113319310555158082832405,276265,276314,276264,276314,1682230772468,1793930416092877371332041,74283962351036412
2026-08-17 12:47:00,35235898283,-35203191444000000000000,276314,276314,276314,276314,35235898283,0,50001059443736266465067
2026-08-17 12:48:00,2590581060,-2588178376000000000000,276314,276314,276314,276314,2590581060,0,50001059443736266465067
2026-08-17 12:49:00,1003719376,-1002788529364147115259,276314,276314,276314,276314,1003719376,0,50001059443736266465067
2026-08-17 12:51:00,-6464239256,6458140765403343414715,276314,276314,276314,276314,2115760744,8571938765403343414715,50001059443736266465067
2026-08-17 12:52:00,1004968047,-1004035823600113151417,276314,276314,276314,276314,1004968047,0,50001059443736266465067
2026-08-17 12:56:00,-114624786944,114516824866975599133542,276314,276314,276314,276314,0,114516824866975599133542,50001059443736266465067
2026-08-17 12:57:00,-171845459966,171682620084470509474358,276314,276314,276314,276314,0,171682620084470509474358,50001059443736266465067
2026-08-17 12:58:00,-272132937007,271872652312420198689596,276314,276314,276314,276314,0,271872652312420198689596,50001059443736266465067
2026-08-17 12:59:00,-35601306092,35566923329861903830437,276314,276314,276314,276314,9399454304,44957450784861903830437,50001059443736266465067
2026-08-17 13:00:00,-62076011821,62015801109157273572662,276314,276314,276314,276314,27926834823,89916083881157273572662,50001059443736266465067
2026-08-17 13:01:00,34297414904,-34264725211000000000000,276314,276314,276314,276314,34297414904,0,50001059443736266465067
2026-08-17 13:02:00,55051548,-54999115689050837047,276314,276314,276314,276314,55051548,0,50001059443736266465067
2026-08-17 13:03:00,-227698596684,227467559643360565145538,276314,276314,275779,276314,867811876725,1094377004009360565145538,50001059443736266465067
2026-08-17 13:05:00,53252149849,-53201002869000000000000,276314,276314,276314,276314,53252149849,0,50001059443736266465067
2026-08-17 13:08:00,1462223304,-1460820483675693602502,276314,276314,276314,276314,1462223304,0,50001059443736266465067
2026-08-17 13:09:00,557734440359,-557205592373000000000000,276314,276314,276314,276314,557734440359,0,50001059443736266465067
2026-08-17 13:10:00,-226690992450,226469444483096506831561,276314,276314,276314,276314,448661711135,674712828504096506831561,50001059443736266465067
2026-08-17 13:12:00,-45001855264,44958698003366947199620,276314,276314,276314,276314,0,44958698003366947199620,50001059443736266465067
2026-08-17 13:13:00,500861655,-500386883617046099929,276314,276314,276314,276314,500861655,0,50001059443736266465067
2026-08-17 13:14:00,114477112177,-114368860953000000000000,276314,276314,276314,276314,114477112177,0,50001059443736266465067
2026-08-17 13:15:00,-147369344544,147228126387132037279264,276314,276314,276314,276314,0,147228126387132037279264,50001059443736266465067
2026-08-17 13:16:00,-45002784837,44959487573498810458392,276314,276314,276314,276314,0,44959487573498810458392,50001059443736266465067
2026-08-17 13:17:00,-358385627070,358037917043754042781974,276314,276314,276314,276314,1621179545,359657551966754042781974,50001059443736266465067
2026-08-17 13:18:00,-283730735453,283451833543396200984823,276314,276314,276314,276314,0,283451833543396200984823,50001059443736266465067
2026-08-17 13:20:00,185180173031,-185000000000449335713792,276314,276314,276314,276314,185180173031,0,50001059443736266465067
2026-08-17 13:22:00,177932190623,-177760359873000000000000,276314,276314,276314,276314,177932190623,0,50001059443736266465067
2026-08-17 13:23:00,-10183530500,10173608201082868720740,276314,276314,276314,276314,0,10173608201082868720740,50001059443736266465067
2026-08-17 13:24:00,-54105853904,54053055141970066924673,276314,276314,276314,276314,950028199,55002168897474185839421,50001059443736266465067
2026-08-17 13:25:00,-31552849712,31521850503942277848868,276314,276314,276314,276314,13452998993,44961850503942277848868,50001059443736266465067
2026-08-17 13:26:00,615266899,-614672568885331315851,276314,276314,276314,276314,615266899,0,50001059443736266465067
2026-08-17 13:27:00,-6755652111,6749029607968030602556,276314,276314,276314,276314,1244347889,7992175141106905898510,50001059443736266465067
2026-08-17 13:29:00,-176099823900,175926940688050901022669,276314,276314,276314,276314,0,175926940688050901022669,50001059443736266465067
2026-08-17 13:30:00,-126145814247,126021211196348754196850,276314,276314,276314,276314,0,126021211196348754196850,50001059443736266465067
2026-08-17 13:31:00,1070346736,-1069299637723328433381,276314,276314,276314,276314,1070346736,0,50001059443736266465067
2026-08-17 13:32:00,10465302006,-10455066428000000000000,276314,276314,276314,276314,10465302006,0,50001059443736266465067
2026-08-17 13:35:00,29624537743,-29595587208000000000000,276314,276314,276314,276314,29624537743,0,50001059443736266465067
2026-08-17 13:36:00,855804312,-854968500000000000000,276314,276314,276314,276314,855804312,0,50001059443736266465067
2026-08-17 13:37:00,1918042939,-1916169808094901389586,276314,276314,276314,276314,1918042939,0,50001059443736266465067
2026-08-17 13:38:00,-22255315,22233314378223946144,276314,276314,276314,276314,0,22233314378223946144,50001059443736266465067
2026-08-17 13:39:00,48674574094,-48627088397000000000000,276314,276314,276314,276314,48674574094,0,50001059443736266465067
2026-08-17 13:40:00,5043187079,-5038812031511939024028,276314,276314,276314,276314,50049548905,44962008460488060975972,50001059443736266465067
2026-08-17 13:42:00,-278250000,277975534998515469473,276314,276314,276314,276314,0,277975534998515469473,50001059443736266465067
2026-08-17 13:45:00,-6950339354,6943481490025517730858,276314,276314,276314,276314,89852046,7033245983544384498872,50001059443736266465067
2026-08-17 13:46:00,139161693862,-139026441065632261755983,276314,276314,276314,276314,139161693862,0,50001059443736266465067
2026-08-17 13:47:00,-40100117470,40060742316800112530521,276314,276314,276314,276314,0,40060742316800112530521,50001059443736266465067
2026-08-17 13:48:00,359211089087,-358866229496553214276058,276314,276314,276314,276314,464465330779,105152165074998802948630,50001059443736266465067
2026-08-17 13:49:00,-69608891662,69541387403502778623710,276314,276314,276314,276314,0,69541387403502778623710,50001059443736266465067
2026-08-17 13:50:00,-10000000000,9990286453064739526573,276314,276314,276314,276314,0,9990286453064739526573,50001059443736266465067
2026-08-17 13:51:00,-21246687519,21226036190379479659025,276314,276314,276314,276314,0,21226036190379479659025,50001059443736266465067
2026-08-17 13:52:00,-6870567884,6863885979853338845442,276314,276314,276314,276314,0,6863885979853338845442,50001059443736266465067
2026-08-17 13:53:00,-5051605130,5046691036765930229259,276314,276314,276314,276314,0,5046691036765930229259,50001059443736266465067
2026-08-17 13:54:00,-1604643495,1603082319183680567596,276314,276314,276314,276314,0,1603082319183680567596,50001059443736266465067
2026-08-17 13:55:00,-1566204123,1564672775002923225402,276314,276314,276314,276314,623068538,2187142526805598293168,50001059443736266465067
2026-08-17 13:56:00,3503306303,-3499939929790095859456,276314,276314,276314,276314,3513246045,9930070209904140544,50001059443736266465067
2026-08-17 13:57:00,2424169376,-2421840164409173262354,276314,276314,276314,276314,2424169376,0,50001059443736266465067
2026-08-17 13:58:00,109832249,-109726725275373617387,276314,276314,276314,276314,109832249,0,50001059443736266465067
2026-08-17 14:01:00,10102522706,-10092818481583495288686,276314,276314,276314,276314,10102522706,0,50001059443736266465067
2026-08-17 14:03:00,642142365,-641525677835579915913,276314,276314,276314,276314,642142365,0,50001059443736266465067
2026-08-17 14:06:00,4050166897,-4046277659000000000000,276314,276314,276314,276314,4050166897,0,50001059443736266465067
2026-08-17 14:07:00,151050131218,-150905550754000000000000,276314,276314,276314,276314,151050131218,0,50001059443736266465067
2026-08-17 14:08:00,-852001187,851178018520741308486,276314,276314,276314,276314,0,851178018520741308486,50001059443736266465067
2026-08-17 14:10:00,71067811,-71000000000000000000,276314,276314,276314,276314,71067811,0,50001059443736266465067
2026-08-17 14:12:00,37455498,-37420958134608864296,276314,276314,276314,276314,137455498,99903383164006998223,50001059443736266465067
2026-08-17 14:13:00,-151052400034,150906002019171964856984,276314,276314,276314,276314,0,150906002019171964856984,50001059443736266465067
2026-08-17 14:14:00,50048006828,-50000000000000000000000,276314,276314,276314,276314,50048006828,0,50001059443736266465067
2026-08-17 14:15:00,50047906686,-50000000000000000000000,276314,276314,276314,276314,50047906686,0,50001059443736266465067
2026-08-17 14:16:00,-69262000,69194939621251078771,276314,276314,276314,276314,0,69194939621251078771,50001059443736266465067
2026-08-17 14:18:00,2902775523,-2900000000000000000000,276314,276314,276314,276314,2902775523,0,50001059443736266465067
2026-08-17 14:20:00,2315658352,-2313444449866974494720,276314,276314,276314,276314,2315658352,0,50001059443736266465067
2026-08-17 14:21:00,-700000000,699322390268542415770,276314,276314,276314,276314,0,699322390268542415770,50001059443736266465067
2026-08-17 14:22:00,621656326,-621062006015061364894,276314,276314,276314,276314,621656326,0,50001059443736266465067
2026-08-17 14:23:00,325851286294,-325541888220000000000000,276314,276314,276314,276314,325851286294,0,50001059443736266465067
2026-08-17 14:24:00,174502121160,-174338174035385083184166,276314,276314,276314,276314,174512121160,9990450117695439544,50001059443736266465067
2026-08-17 14:26:00,-87790570077,87707189112344273723796,276314,276314,276314,276314,0,87707189112344273723796,50001059443736266465067
2026-08-17 14:30:00,-99511398592,99416513288154198332321,276314,276314,276314,276314,0,99416513288154198332321,50001059443736266465067
2026-08-17 14:31:00,623915595,-623326932350826932903,276314,276314,276314,276314,623915595,0,50001059443736266465067
2026-08-17 14:32:00,623302306,-622714237188390277526,276314,276314,276314,276314,623302306,0,50001059443736266465067
2026-08-17 14:34:00,100094,-100000000000000000,276314,276314,276314,276314,100094,0,50001059443736266465067
2026-08-17 14:35:00,-56752791941,56698495891523534135120,276314,276314,276314,276314,609208059,57307127798535468461482,50001059443736266465067
2026-08-17 14:36:00,2301543335,-2299366807825659883479,276314,276314,276314,276314,2301543335,0,50001059443736266465067
2026-08-17 14:41:00,131863598275,-131739250613000000000000,276314,276314,276314,276314,131863598275,0,50001059443736266465067
2026-08-17 14:43:00,-100799707392,100703507128442111987949,276314,276314,276314,276314,0,100703507128442111987949,50001059443736266465067
2026-08-17 14:45:00,-7527940595,7520739864611922110116,276314,276314,276314,276314,0,7520739864611922110116,50001059443736266465067
2026-08-17 14:47:00,-52551096,52500820449191503777,276314,276314,276314,276314,0,52500820449191503777,50001059443736266465067
2026-08-17 14:48:00,-107105851,107003383706863322536,276314,276314,276314,276314,0,107003383706863322536,50001059443736266465067
2026-08-17 14:51:00,-1001488807,1000530672004538902928,276314,276314,276314,276314,0,1000530672004538902928,50001059443736266465067
2026-08-17 14:52:00,3002536444,-2999700002700765973287,276314,276314,276314,276314,3002536444,0,50001059443736266465067
2026-08-17 14:53:00,-3979730877,3975923506164334673145,276314,276314,276314,276314,0,3975923506164334673145,50001059443736266465067
2026-08-17 15:00:00,-137220227980,137088563799158850466074,276314,276314,276314,276314,0,137088563799158850466074,50001059443736266465067
2026-08-17 15:01:00,269054758952,-268800532207313048798395,276314,276314,276314,276314,269054758952,0,50001059443736266465067
2026-08-17 15:02:00,101661218821,-101565912971993600487391,276314,276314,276314,276314,101661218821,0,50001059443736266465067
2026-08-17 15:03:00,124982712402,-124866339513490553823218,276314,276314,276314,276314,144232712402,19231754317016733770863,50001059443736266465067
2026-08-17 15:04:00,424570629238,-424179182389000000000000,276314,276314,276314,276314,424570629238,0,50001059443736266465067
2026-08-17 15:06:00,249897955714,-249670920334000000000000,276314,276314,276314,276314,249897955714,0,50001059443736266465067
2026-08-17 15:07:00,807123657718,-806408971820892156133868,276315,276314,276314,276315,936929942658,129691967534107843866132,50001059354305874174628
2026-08-17 15:08:00,643475842,-642969308428770712080,276315,276315,276315,276315,5156084380,4508622281024389688219,50001059354305874174628
2026-08-17 15:09:00,-78297062838,78227784992228376405866,276315,276315,276315,276315,0,78227784992228376405866,50001059354305874174628
2026-08-17 15:10:00,-6006111752,6000787384669311050190,276315,276315,276315,276315,0,6000787384669311050190,50001059354305874174628
2026-08-17 15:11:00,-2427136115,2424984070468865076451,276315,276315,276315,276315,0,2424984070468865076451,50001059354305874174628
2026-08-17 15:12:00,-6732456584,6726103589099607708743,276315,276315,276315,276315,31891597336,38589775849907368044060,50001059354305874174628
2026-08-17 15:13:00,-32217696396,32189099297150242796263,276315,276315,276315,276315,0,32189099297150242796263,50001059354305874174628
2026-08-17 15:14:00,8725897129,-8718252366000000000000,276315,276315,276315,276315,8725897129,0,50001059354305874174628
2026-08-17 15:15:00,1001081295,-1000204441913439635535,276315,276315,276315,276315,1001081295,0,50001059354305874174628
2026-08-17 15:16:00,189831659061,-189667395878474593882720,276315,276315,276315,276315,297258837788,107332604121525406117280,50001059354305874174628
2026-08-17 15:18:00,-66515498031,66456856559285631149061,276315,276315,276315,276315,0,66456856559285631149061,50001059354305874174628
2026-08-17 15:20:00,-15020030532,15006764093855010378296,276315,276315,276315,276315,0,15006764093855010378296,50001059354305874174628
2026-08-17 15:21:00,-50942391220,50897329253086145061863,276315,276315,276315,276315,0,50897329253086145061863,50001059354305874174628
2026-08-17 15:23:00,-24607500000,24585695882021104676272,276315,276315,276315,276315,0,24585695882021104676272,50001059354305874174628
2026-08-17 15:26:00,757924999305,-757273608513191140603646,276315,276315,276315,276315,757924999305,0,50001059354305874174628
2026-08-17 15:27:00,-19530969402,19514237593819369699566,276315,276315,276315,276315,0,19514237593819369699566,50001059354305874174628
2026-08-17 15:28:00,-16593881482,16579653847016503239252,276315,276315,276315,276315,0,16579653847016503239252,50001059354305874174628
2026-08-17 15:29:00,-10122168054,10113483880142965891582,276315,276315,276315,276315,0,10113483880142965891582,50001059354305874174628
2026-08-17 15:33:00,-630000000,629459364989493988528,276315,276315,276315,276315,0,629459364989493988528,50001059354305874174628
2026-08-17 15:34:00,-19195166578,19178678070237990707496,276315,276315,276315,276315,713760922,19891835037530270294312,50001059354305874174628
2026-08-17 15:35:00,1252020445,-1250960090256808850077,276315,276315,276315,276315,1252020445,0,50001059354305874174628
2026-08-17 15:38:00,626299150,-625768751256672006655,276315,276315,276315,276315,626299150,0,50001059354305874174628
2026-08-17 15:39:00,784836324,-784171686873889143877,276315,276315,276315,276315,784836324,0,50001059354305874174628
2026-08-17 15:42:00,155702969726,-155571599400000000000000,276315,276315,276315,276315,155702969726,0,50001059354305874174628
2026-08-17 15:43:00,190356907,-190196891751676706067,276315,276315,276315,276315,190356907,0,50001059354305874174628
2026-08-17 15:44:00,-106618336733,106527207290771329413391,276315,276315,276315,276315,0,106527207290771329413391,50001059354305874174628
2026-08-17 15:45:00,43433235538,-43396577975722188795808,276315,276315,276315,276315,43433235538,0,50001059354305874174628
2026-08-17 15:46:00,1920389147,-1918770083000000000000,276315,276315,276315,276315,1920389147,0,50001059354305874174628
2026-08-17 15:48:00,15012656,-15000000000000000000,276315,276315,276315,276315,15012656,0,50001059354305874174628
2026-08-17 15:49:00,-603854351716,603330238221547102868710,276315,276315,276315,276315,42444415324,645737810802718104106844,50001059354305874174628
2026-08-17 15:50:00,1867624398,-1866004911326602104320,276315,276315,276315,276315,1867624398,0,50001059354305874174628
2026-08-17 15:51:00,48580768130,-48538761047260968191562,276315,276315,276315,276315,54436326560,5850414428484069352849,50001059354305874174628
2026-08-17 15:52:00,-42949295897,42911586082899076413746,276315,276315,276315,276315,0,42911586082899076413746,50001059354305874174628
2026-08-17 15:53:00,55441318403,-55393319048000000000000,276315,276315,276315,276315,55441318403,0,50001059354305874174628
2026-08-17 15:54:00,85064748205,-84991340540991841444238,276315,276315,276315,276315,85064748205,0,50001059354305874174628
2026-08-17 15:55:00,253433180011,-253216190231000000000000,276315,276315,276315,276315,253433180011,0,50001059354305874174628
2026-08-17 15:56:00,-34399910400,34370195207999982145037,276315,276315,276315,276315,0,34370195207999982145037,50001059354305874174628
2026-08-17 15:57:00,-70711633064,70650402770180934670810,276315,276315,276315,276315,0,70650402770180934670810,50001059354305874174628
2026-08-17 15:58:00,-232736398214,232533457587957443027928,276315,276315,276315,276315,0,232533457587957443027928,50001059354305874174628
2026-08-17 15:59:00,-205985381361,205803954492916647525998,276315,276315,276315,276315,626046579,206429459750607149981722,50001059354305874174628
2026-08-17 16:00:00,-329826993474,329526672298561253843131,276315,276315,276315,276315,525460682433,854526672298561253843131,50001059354305874174628
2026-08-17 16:01:00,94310515,-94226952754911656536,276315,276315,276315,276315,94310515,0,50001059354305874174628
2026-08-17 16:02:00,487133776804,-486706898811000000000000,276315,276315,276315,276315,487133776804,0,50001059354305874174628
2026-08-17 16:03:00,-2232977291,2231013372300005950172,276315,276315,276315,276315,167022709,2397891328113109222571,50001059354305874174628
2026-08-17 16:05:00,-100422801885,100334363509295274361912,276315,276315,276315,276315,0,100334363509295274361912,50001059354305874174628
2026-08-17 16:08:00,627652522,-627106048364425286385,276315,276315,276315,276315,627652522,0,50001059354305874174628
2026-08-17 16:09:00,-512605499,512123554424040607512,276315,276315,276315,276315,2459778907,2969760972600948033148,50001059354305874174628
2026-08-17 16:10:00,122494970776,-122391130844836264273168,276315,276315,276315,276315,332118127607,209440018826680656669943,50001059354305874174628
2026-08-17 16:13:00,-32000000000,31971890965991066886592,276315,276315,276315,276315,0,31971890965991066886592,50001059354305874174628
2026-08-17 16:14:00,625414471,-624872209513054392091,276315,276315,276315,276315,625414471,0,50001059354305874174628
2026-08-17 16:15:00,16939968993,-16925287231000000000000,276315,276315,276315,276315,16939968993,0,50001059354305874174628
2026-08-17 16:17:00,-44441276288,44402202077212344839522,276315,276315,276315,276315,0,44402202077212344839522,50001059354305874174628
2026-08-17 16:18:00,-11242797016,11232899424687006698852,276315,276315,276315,276315,4562781,11237458244777246433669,50001059354305874174628
2026-08-17 16:19:00,-790416000,789719971073778126629,276315,276315,276315,276315,0,789719971073778126629,50001059354305874174628
2026-08-17 16:20:00,-12033571868,12022972202104570873732,276315,276315,276315,276315,0,12022972202104570873732,50001059354305874174628
2026-08-17 16:21:00,45647783975,-45608153476000000000000,276315,276315,276315,276315,45647783975,0,50001059354305874174628
2026-08-17 16:22:00,181050081330,-180893881179773086062347,276315,276315,276315,276315,194740738633,13678615940018386801181,50001059354305874174628
2026-08-17 16:23:00,-11000000000,10990405301785556076164,276315,276315,276315,276315,0,10990405301785556076164,50001059354305874174628
2026-08-17 16:24:00,3169427754,-3166700740318906605922,276315,276315,276315,276315,3169427754,0,50001059354305874174628
2026-08-17 16:25:00,84180491165,-84108208126000000000000,276315,276315,276315,276315,84180491165,0,50001059354305874174628
2026-08-17 16:26:00,-52782851713,52736904481338739752499,276315,276315,276315,276315,2049465239,54784609348672622743142,50001059354305874174628
2026-08-17 16:27:00,830021848,-829308794611308293460,276315,276315,276315,276315,830021848,0,50001059354305874174628
2026-08-17 16:29:00,42554667392,-42518147087243580140733,276315,276315,276315,276315,42604117778,49407311846585840187,50001059354305874174628
2026-08-17 16:30:00,1111404534,-1110451684506138713181,276315,276315,276315,276315,1111404534,0,50001059354305874174628
2026-08-17 16:32:00,-14895000,14882051043600241718,276315,276315,276315,276315,0,14882051043600241718,50001059354305874174628
2026-08-17 16:33:00,-39720000,39685470405408787808,276315,276315,276315,276315,0,39685470405408787808,50001059354305874174628
2026-08-17 16:36:00,-2729472,2727098623112937747,276315,276315,276315,276315,0,2727098623112937747,50001059354305874174628
2026-08-17 16:38:00,-58402940115,58351762008901206000384,276315,276315,276315,276315,28339378052,86666762008901206000384,50001059354305874174628
2026-08-17 16:40:00,149408184836,-149281030897461105211120,276315,276315,276315,276315,219408184836,69939167445538894788880,50001059354305874174628
2026-08-17 16:42:00,142299894028,-142179059171269590620584,276315,276315,276315,276315,162299894028,19982678540730409379416,50001059354305874174628
2026-08-17 16:44:00,99999454976,-99914855260682807410688,276315,276315,276315,276315,99999454976,0,50001059354305874174628
2026-08-17 16:46:00,-3841731820,3838443024436074596355,276315,276315,276315,276315,0,3838443024436074596355,50001059354305874174628
2026-08-17 16:47:00,39913482151,-39879820693363728150791,276315,276315,276315,276315,39913482151,0,50001059354305874174628
2026-08-17 16:48:00,1148898743,-1147930750000000000000,276315,276315,276315,276315,1148898743,0,50001059354305874174628
2026-08-17 16:50:00,-6044851,6039684899618801327,276315,276315,276315,276315,0,6039684899618801327,50001059354305874174628
2026-08-17 16:52:00,29934337,-29909117684237915350,276315,276315,276315,276315,29934337,0,50001059354305874174628
2026-08-17 16:53:00,38493635772,-38461233846000000000000,276315,276315,276315,276315,38493635772,0,50001059354305874174628
2026-08-17 16:55:00,-119760000,119657847753012332528,276315,276315,276315,276315,0,119657847753012332528,50001059354305874174628
2026-08-17 16:57:00,305464802,-305207913655187861518,276315,276315,276315,276315,305464802,0,50001059354305874174628
2026-08-17 16:58:00,92354256713,-92276759800001041387247,276315,276315,276315,276315,92354256713,0,50001059354305874174628
2026-08-17 17:06:00,401243624956,-400910886770714112052386,276315,276315,276315,276315,401243624956,0,50001059354305874174628
2026-08-17 17:07:00,-7322455673,7316353218730885969687,276315,276315,276315,276315,0,7316353218730885969687,50001059354305874174628
2026-08-17 17:08:00,888355459,-887633081475326343993,276315,276315,276315,276315,1507937226,619065315657538250634,50001059354305874174628
2026-08-17 17:10:00,31021324,-30995840391336971730,276315,276315,276315,276315,31021324,0,50001059354305874174628
2026-08-17 17:13:00,427227011727,-426879687100000000000000,276315,276315,276315,276315,427227011727,0,50001059354305874174628
2026-08-17 17:14:00,-19320123296,19304342296603078513570,276315,276315,276315,276315,0,19304342296603078513570,50001059354305874174628
2026-08-17 17:15:00,122474985335,-122376666604499418573272,276315,276315,276315,276315,122474985335,0,50001059354305874174628
2026-08-17 17:16:00,291622039546,-291390347590297502343168,276316,276315,276315,276316,291622039546,0,50001059354305875174227
2026-08-17 17:17:00,-252218894915,252015298916515782067938,276315,276316,276315,276316,32018339702,284008407237515782067938,50001059354305874174628
2026-08-17 17:19:00,170007215077,-169872000000172964630675,276316,276316,276316,276316,170007215077,0,50001059354305875174227
2026-08-17 17:20:00,242721082329,-242530133601162291678790,276316,276316,276316,276316,250904437942,8176775318837708321210,50001059354305875174227
2026-08-17 17:21:00,147315575271,-147200770314000000000000,276316,276316,276316,276316,147315575271,0,50001059354305875174227
2026-08-17 17:22:00,-26026609537,26006077642738101399872,276316,276316,276316,276316,0,26006077642738101399872,50001059354305875174227
2026-08-17 17:23:00,-3391974845,3389296986510610309460,276316,276316,276316,276316,0,3389296986510610309460,50001059354305875174227
2026-08-17 17:26:00,81190062961,-81127065662000000000000,276316,276316,276316,276316,81190062961,0,50001059354305875174227
2026-08-17 17:29:00,25601803204,-25581992773603078513570,276316,276316,276316,276316,25601803204,0,50001059354305875174227
2026-08-17 17:30:00,82635008370,-82572063921025725482980,276316,276316,276316,276316,150943008370,68254266588694736638699,50001059354305875174227
2026-08-17 17:31:00,1739320068,-1737980891694738915152,276316,276316,276316,276316,1739320068,0,50001059354305875174227
2026-08-17 17:32:00,117025328220,-116935503057238546531251,276316,276316,276316,276316,117025328220,0,50001059354305875174227
2026-08-17 17:33:00,60830060220,-60783585000000000000000,276316,276316,276316,276316,60830060220,0,50001059354305875174227
2026-08-17 17:34:00,-37970075759,37934598316429770525756,276316,276316,276316,276316,502862690068,540407999060488564390103,50001059354305875174227
2026-08-17 17:35:00,1801620651,-1800243703430978595180,276316,276316,276316,276316,1801620651,0,50001059354305875174227
2026-08-17 17:38:00,106505697063,-106424527000000000000000,276316,276316,276316,276316,106505697063,0,50001059354305875174227
2026-08-17 17:39:00,162111652752,-161988974215000000000000,276316,276316,276316,276316,162111652752,0,50001059354305875174227
2026-08-17 17:40:00,152547839683,-152433357498000000000000,276316,276316,276316,276316,152547839683,0,50001059354305875174227
2026-08-17 17:42:00,-30008000000,29985193606918399110931,276316,276316,276316,276316,0,29985193606918399110931,50001059354305875174227
2026-08-17 17:43:00,-246637682793,246448872550429620727470,276316,276316,276316,276316,0,246448872550429620727470,50001059354305875174227
2026-08-17 17:46:00,-13482824247,13472431380201424771446,276316,276316,276316,276316,100576713,13572931754360705896704,50001059354305875174227
2026-08-17 17:49:00,-54252403088,54210515551356850620199,276316,276316,276316,276316,0,54210515551356850620199,50001059354305875174227
2026-08-17 17:51:00,880789238,-880118815573103141708,276316,276316,276316,276316,880789238,0,50001059354305875174227
2026-08-17 17:54:00,-99314466,99237682214659514901,276316,276316,276316,276316,0,99237682214659514901,50007588755944973371757
2026-08-17 17:56:00,1000966305,-1000204441913439635535,276316,276316,276316,276316,1000966305,0,50007588755944973371757
2026-08-17 17:57:00,-153724337607,153605021498667086237940,276316,276316,276316,276316,0,153605021498667086237940,50007588755944973371757
2026-08-17 17:59:00,-59900000000,59853251876749481667397,276316,276316,276316,276316,0,59853251876749481667397,50007588755944973371757
2026-08-17 18:00:00,175100216995,-174967264033642540257749,276316,276316,276316,276316,275100216995,99922735966357459742251,50007588755944973371757
2026-08-17 18:02:00,39930420964,-39900000000000000000000,276316,276316,276316,276316,39930420964,0,50007588755944973371757
2026-08-17 18:04:00,1000761611,-1000000000000000000000,276316,276316,276316,276316,1000761611,0,50007588755944973371757
2026-08-17 18:09:00,2758137118,-2756038296000000000000,276316,276316,276316,276316,2758137118,0,50007588755944973371757
2026-08-17 18:11:00,-111067474559,110981384953345447476794,276316,276316,276316,276316,0,110981384953345447476794,50007588755944973371757
2026-08-17 18:12:00,8505658262,-8499150000000000000000,276316,276316,276316,276316,8505658262,0,50007588755944973371757
2026-08-17 18:15:00,-200357000000,200200522920799722700711,276316,276316,276316,276316,0,200200522920799722700711,50007588755944973371757
2026-08-17 18:18:00,-103402611125,103321227226929952593622,276316,276316,276316,276316,0,103321227226929952593622,50007588755944973371757
2026-08-17 18:19:00,1000982318,-1000204441913439635535,276316,276316,276316,276316,1000982318,0,50007588755944973371757
2026-08-17 18:22:00,269654979384,-269446884724445272060985,276316,276316,276316,276316,269654979384,0,50007588755944973371757
2026-08-17 18:23:00,-151950290023,151831564148418852918375,276316,276316,276316,276316,0,151831564148418852918375,50007588755944973371757
2026-08-17 18:24:00,-2013346392,2011767077902358921760,276316,276316,276316,276316,0,2011767077902358921760,50007588755944973371757
2026-08-17 18:25:00,9995300182,-9987581092930000000000,276316,276316,276316,276316,9995300182,0,50007588755944973371757
2026-08-17 18:27:00,-102710711362,102629968991579606870351,276316,276316,276316,276316,0,102629968991579606870351,50007588755944973371757
2026-08-17 18:28:00,-4247866979,4244518592036477755147,276316,276316,276316,276316,0,4244518592036477755147,50007588755944973371757
2026-08-17 18:29:00,-724624273,724053014180597691559,276316,276316,276316,276316,0,724053014180597691559,50007588755944973371757
2026-08-17 18:31:00,328748236,-328493006732974214168,276316,276316,276316,276316,328748236,0,50007588755944973371757
2026-08-17 18:34:00,78400170814,-78339426771335827894557,276316,276316,276316,276316,78400170814,0,50007588755944973371757
2026-08-17 18:40:00,-55000000000,54956752506608115734385,276316,276316,276316,276316,0,54956752506608115734385,50007588755944973371757
2026-08-17 18:42:00,-42000000000,41966893270202070836443,276316,276316,276316,276316,0,41966893270202070836443,50007588755944973371757
2026-08-17 18:43:00,-10133028532,10125030564809953176423,276316,276316,276316,276316,0,10125030564809953176423,50007588755944973371757
2026-08-17 18:44:00,-147447148314,147330304689116080835808,276316,276316,276316,276316,0,147330304689116080835808,50007588755944973371757
2026-08-17 18:45:00,1687132695,-1685811055176221666546,276316,276316,276316,276316,1687132695,0,50007588755944973371757
2026-08-17 18:49:00,-5008001200,5004017726068425357708,276316,276316,276316,276316,0,5004017726068425357708,50007588755944973371757
2026-08-17 18:50:00,-27861043608,27837958041162121550781,276316,276316,276316,276316,75559088870,103337958041162121550781,50007588755944973371757
2026-08-17 18:53:00,3403151487,-3400481456048394282695,276316,276316,276316,276316,3403151487,0,50007588755944973371757
2026-08-17 18:54:00,-108995125100,108908070822740082132187,276316,276316,276316,276316,210174648,109118080512745820852674,50007588755944973371757
2026-08-17 18:55:00,79828606386,-79765759903000000000000,276316,276316,276316,276316,79828606386,0,50007588755944973371757
2026-08-17 18:57:00,-100180111000,100100000502930917944330,276316,276316,276316,276316,0,100100000502930917944330,50007588755944973371757
2026-08-17 18:58:00,264984663665,-264776814344698400864104,276316,276316,276316,276316,264984663665,0,50007588755944973371757
2026-08-17 19:00:00,-59177130954,59130247138621300950579,276316,276316,276316,276316,0,59130247138621300950579,50007588755944973371757
2026-08-17 19:01:00,56539409544,-56495623288002006495207,276316,276316,276316,276316,84296736908,27735288081426137206809,50007588755944973371757
2026-08-17 19:02:00,782457076,-781847402851729893418,276316,276316,276316,276316,782457076,0,50007588755944973371757
2026-08-17 19:03:00,148500415,-148384709900800395129,276316,276316,276316,276316,148500415,0,50007588755944973371757
2026-08-17 19:04:00,-50239974290,50200175750923124565079,276316,276316,276316,276316,70053809,50270174977308894741220,50007588755944973371757
2026-08-17 19:05:00,-63770700297,63720026992219622600443,276316,276316,276316,276316,1000749837,64719995098615260894446,50007588755944973371757
2026-08-17 19:08:00,-50962776608,50922173504910351968471,276316,276316,276316,276316,0,50922173504910351968471,50007588755944973371757
2026-08-17 19:09:00,36093859377,-36065986721857594720256,276316,276316,276316,276316,74624511561,38500000000000000000000,50007588755944973371757
2026-08-17 19:13:00,65677362363,-65625937353017426182144,276316,276316,276316,276316,65677362363,0,50007588755944973371757
2026-08-17 19:16:00,110513820884,-110427678090000000000000,276316,276316,276316,276316,110513820884,0,50007588755944973371757
2026-08-17 19:17:00,-62802736747,62753090369075821253248,276316,276316,276316,276316,0,62753090369075821253248,50007588755944973371757
2026-08-17 19:18:00,12075165,-12065750000000000000,276316,276316,276316,276316,12075165,0,50007588755944973371757
2026-08-17 19:20:00,5311126966,-5306986040511079100246,276316,276316,276316,276316,5311126966,0,50007588755944973371757
2026-08-17 19:22:00,11297287242,-11290160850123106432399,276316,276316,276316,276316,151241699417,139833247356876893567601,50007588755944973371757
2026-08-17 19:23:00,1107437910,-1106575115701528365149,276316,276316,276316,276316,1107437910,0,50007588755944973371757
2026-08-17 19:24:00,19131278,-19116373856248319665,276316,276316,276316,276316,19131278,0,50007588755944973371757
2026-08-17 19:26:00,-2952539553,2950203177865592023624,276316,276316,276316,276316,47460447,2997626645151751473099,50007588755944973371757
2026-08-17 19:27:00,364489351335,-364208000001220999543090,276316,276316,276316,276316,364489351335,0,50007588755944973371757
2026-08-17 19:28:00,-1748649364,1747291273679662891895,276316,276316,276316,276316,0,1747291273679662891895,50007588755944973371757
2026-08-17 19:29:00,54904972,-54862987045091680547,276316,276316,276316,276316,54904972,0,50007588755944973371757
2026-08-17 19:31:00,-100000000000,99922131894385698597979,276316,276316,276316,276316,0,99922131894385698597979,50007588755944973371757
2026-08-17 19:35:00,11511014776,-11502169047597744083387,276316,276316,276316,276316,11511014776,0,50007588755944973371757
2026-08-17 19:37:00,403637063061,-403330472555361705256102,276316,276316,276316,276316,423692943508,20040532073023993341877,50007588755944973371757
2026-08-17 19:38:00,69785601692,-69733212990966874994843,276316,276316,276316,276316,69785601692,0,50007588755944973371757
2026-08-17 19:39:00,5008752634,-5005000000000000000000,276316,276316,276316,276316,5008752634,0,50007588755944973371757
2026-08-17 19:43:00,18082860164,-18069320549000000000000,276316,276316,276316,276316,18082860164,0,50007588755944973371757
2026-08-17 19:44:00,339688534,-339434316170710265496,276316,276316,276316,276316,339688534,0,50007588755944973371757
2026-08-17 19:45:00,498226588,-497853731305337465047,276316,276316,276316,276316,498226588,0,50007588755944973371757
2026-08-17 19:46:00,502225749,-501849909308629269643,276316,276316,276316,276316,502225749,0,50007588755944973371757
2026-08-17 19:47:00,103961634807,-103884052108601254774251,276316,276316,276316,276316,103961634807,0,50007588755944973371757
2026-08-17 19:48:00,2112180650,-2110608884000000000000,276316,276316,276316,276316,2112180650,0,50007588755944973371757
2026-08-17 19:49:00,9784991438,-9777712320558881459865,276316,276316,276316,276316,9784991438,0,50007588755944973371757
2026-08-17 19:50:00,409999412590,-409697849299235125518794,276316,276316,276316,276316,409999412590,0,50007588755944973371757
2026-08-17 19:51:00,-99581743756,99507910618024340118911,276316,276316,276316,276316,1000932431,100508115059937779754446,50007588755944973371757
2026-08-17 19:52:00,-3374850865,3372342106465851527117,276316,276316,276316,276316,0,3372342106465851527117,50007588755944973371757
2026-08-17 19:55:00,-12227126098,12218033026539413742189,276316,276316,276316,276316,0,12218033026539413742189,50007588755944973371757
2026-08-17 19:57:00,-6778304264,6773260799692571104040,276316,276316,276316,276316,0,6773260799692571104040,50007588755944973371757
2026-08-17 20:03:00,-70096605924,70044342226735299765994,276316,276316,276316,276316,0,70044342226735299765994,50007588755944973371757
2026-08-17 20:07:00,51909253,-51871099945688501650,276316,276316,276316,276316,51909253,0,50007588755944973371757
2026-08-17 20:09:00,29943421,-29921413291486272362,276316,276316,276316,276316,29943421,0,50007588755944973371757
2026-08-17 20:10:00,-3500000000,3497385282844265817793,276316,276316,276316,276316,0,3497385282844265817793,50007588755944973371757
2026-08-17 20:11:00,-215221724934,215060000682583454071400,276316,276316,276316,276316,0,215060000682583454071400,50007588755944973371757
2026-08-17 20:12:00,38447634975,-38419069506000000000000,276316,276316,276316,276316,38447634975,0,50007588755944973371757
2026-08-17 20:14:00,-117872757916,117783569480438529298691,276316,276316,276316,276316,1000952084,118783773922351968934226,50007588755944973371757
2026-08-17 20:15:00,401040317,-400740778957689963543,276316,276316,276316,276316,401040317,0,50007588755944973371757
2026-08-17 20:16:00,-87824000,87757351327340933959,276316,276316,276316,276316,0,87757351327340933959,50007588755944973371757
2026-08-17 20:18:00,-76838016,76779703295460383405,276316,276316,276316,276316,0,76779703295460383405,50007588755944973371757
2026-08-17 20:20:00,113014000000,-112929844708067909140398,276316,276316,276316,276316,113014000000,0,50007588755944973371757
2026-08-17 20:27:00,54766690019,-54726091829000000000000,276316,276316,276316,276316,54766690019,0,50007588755944973371757
2026-08-17 20:31:00,51938979659,-51900588336000000000000,276316,276316,276316,276316,51938979659,0,50007588755944973371757
2026-08-17 20:32:00,-50000000000,49962444278581351499713,276316,276316,276316,276316,0,49962444278581351499713,50007588755944973371757
2026-08-17 20:34:00,49488764,-49452137204497910754,276316,276316,276316,276316,49488764,0,50007588755944973371757
2026-08-17 20:38:00,-100000000000,99924589139924321875898,276316,276316,276316,276316,0,99924589139924321875898,50007588755944973371757
2026-08-17 20:41:00,10007446,-10000000000000000000,276316,276316,276316,276316,10007446,0,50007588755944973371757
2026-08-17 20:42:00,7033149814,-7027917334000000000000,276316,276316,276316,276316,7033149814,0,50007588755944973371757
2026-08-17 20:43:00,2056860257,-2055330380386060192201,276316,276316,276316,276316,2056860257,0,50007588755944973371757
2026-08-17 20:44:00,2999914539,-2997683529000000000000,276316,276316,276316,276316,2999914539,0,50007588755944973371757
2026-08-17 20:45:00,-155324853951,155207001502631522750392,276316,276316,276316,276316,298274819,155505052662768147647996,50007588755944973371757
2026-08-17 20:46:00,43991651,-43958665180908091263,276316,276316,276316,276316,43991651,0,50007588755944973371757
2026-08-17 20:49:00,-59833977552,59788322971459286310361,276316,276316,276316,276316,0,59788322971459286310361,50007588755944973371757
2026-08-17 20:57:00,89252399741,-89185420956000000000000,276316,276316,276316,276316,89252399741,0,50007588755944973371757
2026-08-17 20:59:00,151018156404,-150905550754000000000000,276316,276316,276316,276316,151018156404,0,50007588755944973371757
2026-08-17 21:00:00,30474438627,-30451826049913439635535,276316,276316,276316,276316,30474438627,0,50007588755944973371757
2026-08-17 21:02:00,40015619449,-39985983487000000000000,276316,276316,276316,276316,40015619449,0,50007588755944973371757
2026-08-17 21:03:00,100936500068,-100862029685000000000000,276316,276316,276316,276316,100936500068,0,50007588755944973371757
2026-08-17 21:09:00,-46551747,46516936298518078380,276316,276316,276316,276316,0,46516936298518078380,50007588755944973371757
2026-08-17 21:12:00,-72000000,71946160369982543772,276316,276316,276316,276316,0,71946160369982543772,50007588755944973371757
2026-08-17 21:13:00,-6449939980,6445115456786179137631,276316,276316,276316,276316,49410020,6494489122727542729978,50007588755944973371757
2026-08-17 21:15:00,-53747000000,53706737836774707949260,276316,276316,276316,276316,0,53706737836774707949260,50007588755944973371757
2026-08-17 21:17:00,58082753214,-58039944623568947107734,276316,276316,276316,276316,58082753214,0,50007588755944973371757
2026-08-17 21:21:00,3086082890,-3083812132630579075269,276316,276316,276316,276316,3086082890,0,50007588755944973371757
2026-08-17 21:24:00,47442024394,-47407164163000000000000,276316,276316,276316,276316,47442024394,0,50007588755944973371757
2026-08-17 21:25:00,7005473022,-7000333044873701994710,276316,276316,276316,276316,7005473022,0,50007588755944973371757
2026-08-17 21:26:00,-15317676500,15306251564004185818715,276316,276316,276316,276316,0,15306251564004185818715,50007588755944973371757
2026-08-17 21:27:00,-16729000049,16716511746086612963526,276316,276316,276316,276316,0,16716511746086612963526,50007588755944973371757
2026-08-17 21:28:00,317547722,-317314374516823204190,276316,276316,276316,276316,317547722,0,50007588755944973371757
2026-08-17 21:31:00,2078892,-2077365113422754338,276316,276316,276316,276316,2078892,0,50007588755944973371757
2026-08-17 21:32:00,-13847656192,13837310550328962979414,276316,276316,276316,276316,0,13837310550328962979414,50007588755944973371757
2026-08-17 21:34:00,-74465565762,74409800869141535706996,276316,276316,276316,276316,0,74409800869141535706996,50007588755944973371757
2026-08-17 21:37:00,-38432000000,38403132831758428510206,276316,276316,276316,276316,0,38403132831758428510206,50007588755944973371757
2026-08-17 21:38:00,151016832532,-150905550754000000000000,276316,276316,276316,276316,151016832532,0,50007588755944973371757
2026-08-17 21:41:00,-1303251782,1302279706942175767708,276316,276316,276316,276316,0,1302279706942175767708,50000415147545138658561
2026-08-17 21:44:00,1000734437,-1000000000000000000000,276316,276316,276316,276316,1000734437,0,50000415147545138658561
2026-08-17 21:46:00,-443285,442954026980530629,276316,276316,276316,276316,0,442954026980530629,50000415147545138658561
2026-08-17 21:48:00,206970404481,-206819369065000000000000,276316,276316,276316,276316,206970404481,0,50000415147545138658561
2026-08-17 21:58:00,29941043,-29919317542579239696,276316,276316,276316,276316,29941043,0,50000415147545138658561
2026-08-17 22:02:00,-33797770282,33772818251515682427427,276316,276316,276316,276316,0,33772818251515682427427,50000415147545138658561
2026-08-17 22:03:00,-151018108288,150906057892870146049217,276316,276316,276316,276316,0,150906057892870146049217,50000415147545138658561
2026-08-17 22:05:00,1061285,-1060508071846814876,276316,276316,276316,276316,1061285,0,50000415147545138658561
2026-08-17 22:08:00,782557194,-781983598000000000000,276316,276316,276316,276316,782557194,0,50000415147545138658561
2026-08-17 22:09:00,-832061334,831439460328199794851,276316,276316,276316,276316,167938666,999255027753378088575,50000415147545138658561
2026-08-17 22:13:00,-63477647907,63429911481965281102561,276316,276316,276316,276316,30522354101,93929911481965281102561,50000415147545138658561
2026-08-17 22:15:00,6334887966,-6330229264372519751444,276316,276316,276316,276316,6334887966,0,50000415147545138658561
2026-08-17 22:16:00,1063864162,-1063081949930120714053,276316,276316,276316,276316,1063864162,0,50000415147545138658561
2026-08-17 22:19:00,901120619,-900458100538220514667,276316,276316,276316,276316,901120619,0,50000415147545138658561
2026-08-17 22:20:00,3666896,-3664200608885062432,276316,276316,276316,276316,3666896,0,50000415147545138658561
2026-08-17 22:25:00,7751041243,-7745343887218547382829,276316,276316,276316,276316,7751041243,0,50000415147545138658561
2026-08-17 22:26:00,1748346804,-1747062024000000000000,276316,276316,276316,276316,1748346804,0,50000415147545138658561
2026-08-17 22:27:00,97709168895,-97637561044000000000000,276316,276316,276316,276316,97709168895,0,50000415147545138658561
2026-08-17 22:31:00,33726089074,-33702260009321024074703,276316,276316,276316,276316,100368599985,66592913034678975925297,50000415147545138658561
2026-08-17 22:34:00,57579282603,-57538219424046048124424,276316,276316,276316,276316,130846908149,73213569089953951875576,50000415147545138658561
2026-08-17 22:35:00,-335430856224,335180638444490431374586,276316,276316,276316,276316,0,335180638444490431374586,50000415147545138658561
2026-08-17 22:36:00,15012311204,-15001196549699200483974,276316,276316,276316,276316,15012311204,0,50000415147545138658561
2026-08-17 22:40:00,-151020187664,150906155718650756311276,276316,276316,276316,276316,0,150906155718650756311276,50000415147545138658561
2026-08-17 22:41:00,-30000001800,29977240985233190738135,276316,276316,276316,276316,0,29977240985233190738135,50000415147545138658561
2026-08-17 22:44:00,8958441722,-8951748664000000000000,276316,276316,276316,276316,8958441722,0,50000415147545138658561
2026-08-17 22:45:00,-112000000861,111914749533768737555111,276316,276316,276316,276316,0,111914749533768737555111,50000415147545138658561
2026-08-17 22:46:00,-2752783277,2750681623133642483168,276316,276316,276316,276316,0,2750681623133642483168,50000415147545138658561
2026-08-17 22:47:00,139998233546,-139893412359000000000000,276316,276316,276316,276316,139998233546,0,50000415147545138658561
2026-08-17 22:49:00,720845609,-720307915347673719000,276316,276316,276316,276316,720845609,0,50000415147545138658561
2026-08-17 22:50:00,-293472853050,293248710128313093646152,276316,276316,276316,276316,0,293248710128313093646152,50000415147545138658561
2026-08-17 22:51:00,-212380942897,212216588584961585132374,276316,276316,276316,276316,0,212216588584961585132374,50000415147545138658561
2026-08-17 22:52:00,-100214940034,100136761337876423570906,276316,276316,276316,276316,0,100136761337876423570906,50000415147545138658561
2026-08-17 22:55:00,4403429771,-4400038983099957108832,276316,276316,276316,276316,4403429771,0,50000415147545138658561
2026-08-17 22:57:00,-69825000000,69770303910637288693328,276316,276316,276316,276316,0,69770303910637288693328,50000415147545138658561
2026-08-17 22:59:00,464619208140,-464264973783018581455345,276316,276316,276316,276316,504719799945,40069900346351179653110,50000415147545138658561
2026-08-17 23:00:00,-51345318270,51305926730037723333709,276316,276316,276316,276316,0,51305926730037723333709,50000415147545138658561
2026-08-17 23:03:00,-27148044736,27127174497668031742448,276316,276316,276316,276316,0,27127174497668031742448,50000415147545138658561
2026-08-17 23:06:00,-129339050,129239548312866754508,276316,276316,276316,276316,0,129239548312866754508,50000415147545138658561
2026-08-17 23:07:00,-54400535154,54358625481277246390215,276316,276316,276316,276316,0,54358625481277246390215,50000415147545138658561
2026-08-17 23:08:00,-164325610849,164198297901695256191419,276316,276316,276316,276316,0,164198297901695256191419,50000415147545138658561
2026-08-17 23:13:00,-1667318740,1666021438944277327023,276316,276316,276316,276316,0,1666021438944277327023,50000415147545138658561
2026-08-17 23:17:00,29760282215,-29737500000055581791782,276316,276316,276316,276316,29760282215,0,50000415147545138658561
2026-08-17 23:18:00,1000970092,-1000204441263170916067,276316,276316,276316,276316,1000970092,0,50000415147545138658561
2026-08-17 23:21:00,-5122622976,5118642785828278201017,276316,276316,276316,276316,0,5118642785828278201017,50000415147545138658561
2026-08-17 23:22:00,-34423119452,34396346086501126813183,276316,276316,276316,276316,0,34396346086501126813183,50000415147545138658561
2026-08-17 23:24:00,24962731440,-24943610712638999838075,276316,276316,276316,276316,24962731440,0,50000415147545138658561
2026-08-17 23:25:00,-76465755,76406305375760023935,276316,276316,276316,276316,0,76406305375760023935,50000415147545138658561
2026-08-17 23:27:00,-324053203,323801259827636008601,276316,276316,276316,276316,0,323801259827636008601,50000415147545138658561
2026-08-17 23:30:00,-10009272187,10001488185436293491828,276316,276316,276316,276316,0,10001488185436293491828,50000415147545138658561
2026-08-17 23:31:00,-83459945,83395022882915299308,276316,276316,276316,276316,0,83395022882915299308,50000415147545138658561
2026-08-17 23:32:00,-7586962432,7581059517912300371731,276316,276316,276316,276316,0,7581059517912300371731,50000415147545138658561
2026-08-17 23:33:00,-191665135,191515983238355803368,276316,276316,276316,276316,0,191515983238355803368,50000415147545138658561
2026-08-17 23:34:00,-1374582560,1373512831081867442731,276316,276316,276316,276316,0,1373512831081867442731,50000415147545138658561
2026-08-17 23:35:00,-3657940813,3655093760146274429565,276316,276316,276316,276316,0,3655093760146274429565,50000415147545138658561
2026-08-17 23:36:00,-19742360662,19726985536746413016574,276316,276316,276316,276316,0,19726985536746413016574,50000415147545138658561
2026-08-17 23:38:00,14632895808,-14621914125361453500226,276316,276316,276316,276316,34671797763,20023279962384959516348,50000415147545138658561
2026-08-17 23:40:00,-308853382,308612906498191435569,276316,276316,276316,276316,0,308612906498191435569,50000415147545138658561
2026-08-17 23:43:00,33492450515,-33466796946000000000000,276316,276316,276316,276316,33492450515,0,50000415147545138658561
2026-08-17 23:47:00,-339568918880,339302676654173444068680,276316,276316,276316,276316,102455618,339405052474603098117025,50000415147545138658561
2026-08-17 23:48:00,291563276,-291336195000000000000,276316,276316,276316,276316,291563276,0,50000415147545138658561
2026-08-17 23:49:00,1027697327,-1026896939551417848941,276316,276316,276316,276316,1027697327,0,50000415147545138658561
2026-08-17 23:51:00,4193434910,-4190169432420541779973,276316,276316,276316,276316,4193434910,0,50000415147545138658561
2026-08-17 23:52:00,21330342239,-21313742922000000000000,276316,276316,276316,276316,21330342239,0,50000415147545138658561
2026-08-17 23:53:00,28527710716,-28505538804364147202658,276316,276316,276316,276316,28527710716,0,50000415147545138658561
2026-08-17 23:54:00,666888922,-666371001313351770476,276316,276316,276316,276316,666888922,0,50000415147545138658561
2026-08-17 23:55:00,12162688175,-12153245470000000000000,276316,276316,276316,276316,12162688175,0,50000415147545138658561
2026-08-17 23:56:00,3405222881,-3402580238407607630617,276316,276316,276316,276316,3405222881,0,50000415147545138658561
2026-08-17 23:57:00,27912043813,-27890399976000000000000,276316,276316,276316,276316,27912043813,0,50000415147545138658561
