timestamp,netAmount0,netAmount1,closeTick,openTick,lowestTick,highestTick,inAmount0,inAmount1,currentLiquidity
2026-08-21 00:01:00,-8590689,8589100126682295967,276322,276322,276322,276322,0,8589100126682295967,50013064503670430661467
2026-08-21 00:02:00,-50040796008,50031493405570626926734,276322,276322,276322,276322,0,50031493405570626926734,50013064503670430661467
2026-08-21 00:03:00,-237537439257,237491915500948294371886,276322,276322,276322,276322,0,237491915500948294371886,50013064503670430661467
2026-08-21 00:04:00,-660092906,659957255472132123744,276322,276322,276322,276322,500092234,1159957255472132123744,50013064503670430661467
2026-08-21 00:06:00,-83192988042,83176508658983857678608,276322,276322,276322,276322,0,83176508658983857678608,50013064503670430661467
2026-08-21 00:07:00,24123334718,-24119659593624763454008,276322,276322,276322,276322,94339369674,70201910814375236545992,50013064503670430661467
2026-08-21 00:08:00,38211614,-38204477547680679177,276322,276322,276322,276322,38211614,0,50013064503670430661467
2026-08-21 00:09:00,7004699192,-7003517285116507470065,276322,276322,276322,276322,17464016614,10457236098883492529935,50013064503670430661467
2026-08-21 00:10:00,-140311915727,140283669844536271363420,276322,276322,276322,276322,0,140283669844536271363420,50013064503670430661467
2026-08-21 00:12:00,12817552314,-12815093157000000000000,276322,276322,276322,276322,12817552314,0,50013064503670430661467
2026-08-21 00:13:00,-150873701233,150842510183015108962059,276321,276322,276321,276322,1513829310,152356042261015108962059,50013064503670430661467
2026-08-21 00:14:00,33321608692,-33315045407000000000000,276322,276321,276321,276322,33321608692,0,50013064503670430661467
2026-08-21 00:15:00,11172374882,-11170190130649147947452,276322,276322,276322,276322,11664930950,492453463350852052548,50013064503670430661467
2026-08-21 00:16:00,-168145125938,168103575733291658971730,276321,276322,276321,276322,503069485033,671079590166674070235364,50013064503670430661467
2026-08-21 00:17:00,-304698718530,304626128243157046660770,276321,276321,276321,276321,446260162612,750792587550157046660770,50013064503670430661467
2026-08-21 00:18:00,-77805827146,77788057271086606710016,276321,276321,276321,276321,500241043,78288189323144210907166,50013064503670430661467
2026-08-21 00:19:00,164065001835,-164029797057531037362804,276321,276321,276321,276321,164208853499,143819540468962637196,50013064503670430661467
2026-08-21 00:20:00,-121536865211,121509429955185972862176,276321,276321,276321,276321,0,121509429955185972862176,50013064503670430661467
2026-08-21 00:21:00,-393845666,393755800041532677125,276321,276321,276321,276321,0,393755800041532677125,50013064503670430661467
2026-08-21 00:23:00,153346789268,-153314108219460937450098,276321,276321,276321,276321,153346789268,0,50013064503670430661467
2026-08-21 00:24:00,176688484222,-176651994218501245969014,276321,276321,276321,276321,176688484222,0,50013064503670430661467
2026-08-21 00:25:00,352333364634,-352265345153526718124575,276322,276321,276321,276322,437288511634,84938223594139040238491,50013064503670430661467
2026-08-21 00:26:00,-4310786182,4309919763046843610699,276322,276322,276322,276322,0,4309919763046843610699,50013064503670430661467
2026-08-21 00:28:00,-304968098400,304904918048664781185696,276321,276321,276321,276321,0,304904918048664781185696,50013064503670430661467
2026-08-21 00:29:00,209858826790,-209817469108588664547242,276322,276321,276321,276322,209858826790,0,50013064503670430661467
2026-08-21 00:30:00,-71990623162,71975762629979396745352,276322,276322,276322,276322,645181930,72620820126573994517337,50013064503670430661467
2026-08-21 00:31:00,-150775720468,150743939864122986373309,276321,276321,276321,276321,154042015,150897950795412548739843,50013064503670430661467
2026-08-21 00:32:00,-108709690018,108686213608111864105335,276321,276321,276321,276321,0,108686213608111864105335,50013064503670430661467
2026-08-21 00:33:00,-63721042267,63706984361325167742219,276321,276321,276321,276321,6451362093,70156999369897905758419,50013064503670430661467
2026-08-21 00:34:00,-123661079393,123633475201142440683273,276321,276321,276321,276321,799002799,124432311279237575759992,50013064503670430661467
2026-08-21 00:35:00,-134351580363,134320528092665575648273,276321,276321,276321,276321,31610303281,165924098709665575648273,50013064503670430661467
2026-08-21 00:37:00,31604904041,-31598002779601950799360,276321,276321,276321,276321,31604904041,0,50013064503670430661467
2026-08-21 00:38:00,35972977,-35965145580323103770,276321,276321,276321,276321,35972977,0,50013064503670430661467
2026-08-21 00:39:00,-316973683690,316898858789962376661887,276321,276321,276321,276321,0,316898858789962376661887,50013064503670430661467
2026-08-21 00:40:00,-90110424714,90088299446720199254891,276321,276321,276321,276321,10050749083,100136694627354216109305,50013064503670430661467
2026-08-21 00:43:00,70062242302,-70045945795000000000000,276321,276321,276321,276321,70062242302,0,50013064503670430661467
2026-08-21 00:45:00,-179722224216,179677864675464987616307,276321,276321,276321,276321,500119225,180177864675464987616307,50013064503670430661467
2026-08-21 00:47:00,1000442911,-1000204441913439635535,276321,276321,276321,276321,1000442911,0,50013064503670430661467
2026-08-21 00:48:00,7155859697,-7154155161000000000000,276321,276321,276321,276321,7155859697,0,50013064503670430661467
2026-08-21 00:49:00,-178845789,178801066061122130117,276321,276321,276321,276321,0,178801066061122130117,50013064503670430661467
2026-08-21 00:52:00,12681070079,-12678496572888183300532,276321,276321,276321,276321,49540378740,36850126280111816699468,50013064503670430661467
2026-08-21 00:53:00,205034065457,-204986198112615918469120,276321,276321,276321,276321,205034065457,0,50013064503670430661467
2026-08-21 00:54:00,420452235071,-420361462573628882355082,276321,276321,276321,276321,597984426203,177488712093625605705578,50013064503670430661467
2026-08-21 00:55:00,-255418075256,255359416743523746934173,276321,276321,276321,276321,0,255359416743523746934173,50013064503670430661467
2026-08-21 00:56:00,7933714603,-7931948509000000000000,276321,276321,276321,276321,7933714603,0,50013064503670430661467
2026-08-21 00:57:00,-195399159127,195352585362212851453501,276321,276321,276321,276321,23134303,195375714519295573356804,50013064503670430661467
2026-08-21 00:58:00,4753839676,-4752745514156072894464,276321,276321,276321,276321,4753839676,0,50013064503670430661467
2026-08-21 00:59:00,-58047958048,58033786339196985602507,276321,276321,276321,276321,4411152915,62443924775028966781122,50013064503670430661467
2026-08-21 01:00:00,22800177103,-22794898578357880563125,276321,276321,276321,276321,23600362952,799991035642119436875,50013064503670430661467
2026-08-21 01:01:00,30812583781,-30805470328000000000000,276321,276321,276321,276321,30812583781,0,50013064503670430661467
2026-08-21 01:04:00,35443549487,-35435414265932964704966,276321,276321,276321,276321,35477438844,33881194906452990559,50013064503670430661467
2026-08-21 01:05:00,250057219,-250000000000000000000,276321,276321,276321,276321,250057219,0,50013064503670430661467
2026-08-21 01:06:00,-80771333127,80751751664377094812525,276321,276321,276321,276321,0,80751751664377094812525,50013064503670430661467
2026-08-21 01:08:00,31485389995,-31478103687234882124055,276321,276321,276321,276321,31485389995,0,50013064503670430661467
2026-08-21 01:09:00,-2600000,2599368354730514678,276321,276321,276321,276321,0,2599368354730514678,50013064503670430661467
2026-08-21 01:10:00,-110489600229,110462518811196014949381,276321,276321,276321,276321,1000439771,111462723253109454584916,50013064503670430661467
2026-08-21 01:12:00,-456124428381,456007514503869066910959,276321,276321,276321,276321,0,456007514503869066910959,50013064503670430661467
2026-08-21 01:13:00,-78844474244,78823421782916982032437,276321,276321,276321,276321,0,78823421782916982032437,50013064503670430661467
2026-08-21 01:15:00,-19908742875,19903387696192751140582,276321,276321,276321,276321,0,19903387696192751140582,50013064503670430661467
2026-08-21 01:16:00,-211182817062,211125036389563728361166,276321,276321,276321,276321,0,211125036389563728361166,50013064503670430661467
2026-08-21 01:18:00,21997881582,-21992048255494342003554,276321,276321,276321,276321,22387702798,389712910505657996446,50013064503670430661467
2026-08-21 01:19:00,128887250317,-128854218445485759777017,276321,276321,276321,276321,194299887331,65394435696514240222983,50013064503670430661467
2026-08-21 01:20:00,106209267306,-106181901183872082429810,276321,276321,276321,276321,106319660128,110363286127917570190,50013064503670430661467
2026-08-21 01:21:00,100000000,-99974445004448220830,276321,276321,276321,276321,100000000,0,50013064503670430661467
2026-08-21 01:22:00,46047144429,-46036077138620810888655,276321,276321,276321,276321,100859513163,54797864901976862173127,50013064503670430661467
2026-08-21 01:23:00,-139658095149,139619830293525602173873,276321,276321,276321,276321,63957173491,203560859145525602173873,50013064503670430661467
2026-08-21 01:24:00,11141973637,-11139087117964569057909,276321,276321,276321,276321,11141973637,0,50013064503670430661467
2026-08-21 01:25:00,502764221291,-502639526641474779817422,276321,276321,276321,276321,535348516653,32576131628525220182578,50013064503670430661467
2026-08-21 01:27:00,-24383530277,24376889238466664506147,276321,276321,276321,276321,42938224268,67304783442466664506147,50013064503670430661467
2026-08-21 01:28:00,-1031116778,1030857205225409685962,276321,276321,276321,276321,0,1030857205225409685962,50013064503670430661467
2026-08-21 01:29:00,10745708401,-10743134290000000000000,276321,276321,276321,276321,10745708401,0,50013064503670430661467
2026-08-21 01:31:00,748066473,-747887448000000000000,276321,276321,276321,276321,748066473,0,50013064503670430661467
2026-08-21 01:32:00,-56027962641,56011347412317792056254,276321,276321,276321,276321,206103203979,262065266449164467938697,50013064503670430661467
2026-08-21 01:33:00,-253335678900,253270165439922037876748,276321,276321,276321,276321,0,253270165439922037876748,50013064503670430661467
2026-08-21 01:34:00,-108324227207,108295286609011613193461,276321,276321,276321,276321,12050509828,120342766591187790843221,50013064503670430661467
2026-08-21 01:37:00,646944282,-646778673127646634350,276321,276321,276321,276321,646944282,0,50013064503670430661467
2026-08-21 01:38:00,-118961628130,118929467014581946549597,276321,276321,276321,276321,0,118929467014581946549597,50013064503670430661467
2026-08-21 01:39:00,-114120528209,114088568220725068174337,276321,276321,276321,276321,48014931306,162090930768725068174337,50013064503670430661467
2026-08-21 01:40:00,-365849160875,365745032342089734096330,276321,276321,276321,276321,656679125,366401529874243294875856,50013064503670430661467
2026-08-21 01:41:00,-98076883338,98048061286701146803048,276321,276321,276321,276321,0,98048061286701146803048,50013064503670430661467
2026-08-21 01:42:00,156502706,-156458285665007263536,276321,276321,276321,276321,156502706,0,50013064503670430661467
2026-08-21 01:43:00,-119868060578,119825672407687711039347,276321,276321,276321,276321,553567703076,673242381308687711039347,50013064503670430661467
2026-08-21 01:44:00,208053456125,-207998378913306582040587,276321,276320,276320,276321,550333959845,342175266924693417959413,50013064503670430661467
2026-08-21 01:46:00,234895757529,-234840720337390483905336,276321,276321,276321,276321,1043634161972,808522675676609516094663,50013064503670430661467
2026-08-21 01:48:00,529585856079,-529448021854191200047128,276321,276321,276321,276321,532312565803,2725996176808799952872,50013064503670430661467
2026-08-21 01:49:00,-259933883104,259864497109464297117303,276321,276321,276321,276321,0,259864497109464297117303,50013064503670430661467
2026-08-21 01:50:00,-267787497583,267713187757789288694420,276321,276321,276321,276321,247102297,267960225133064318314139,50013064503670430661467
2026-08-21 01:51:00,493007742781,-492879074587000000000000,276321,276321,276321,276321,493007742781,0,50013064503670430661467
2026-08-21 01:52:00,-84090920483,84067857771002601544564,276321,276321,276321,276321,66232723384,150283637656002601544564,50013064503670430661467
2026-08-21 01:53:00,192129872990,-192087970607411191322932,276321,276321,276321,276321,713565088344,521304052282588808677068,50013064503670430661467
2026-08-21 01:54:00,-669262150919,669079986605162565109163,276321,276321,276321,276321,0,669079986605162565109163,50013064503670430661467
2026-08-21 01:55:00,795546098077,-795342223977824406945106,276321,276321,276321,276321,888146425284,92577000134245910409902,50013064503670430661467
2026-08-21 01:57:00,253997114,-253935708124522645595,276321,276321,276321,276321,253997114,0,50013064503670430661467
2026-08-21 01:58:00,-115564813755,115535219918264977515219,276321,276321,276321,276321,175084728,115710261509991060113251,50013064503670430661467
2026-08-21 01:59:00,-482463421295,482332680200132788221394,276321,276321,276321,276321,119524542064,601825183784978710001106,50013064503670430661467
2026-08-21 02:00:00,21230756,-21225116239369073979,276321,276321,276321,276321,21230756,0,50013064503670430661467
2026-08-21 02:01:00,-5494312969,5492732711923911557821,276321,276321,276321,276321,4511337867,10002870701961050760073,50013064503670430661467
2026-08-21 02:02:00,-200752509952,200695920161763515491882,276321,276321,276321,276321,0,200695920161763515491882,50013064503670430661467
2026-08-21 02:03:00,-475415255922,475274795314290048934417,276321,276321,276321,276321,1823393151,477097654315404171502132,50013064503670430661467
2026-08-21 02:04:00,-503579648650,503421001174356368346072,276320,276320,276320,276320,3000939581,506421001174356368346072,50013064503670430661467
2026-08-21 02:05:00,29629842742,-29620585084000000000000,276320,276320,276320,276320,29629842742,0,50013064503670430661467
2026-08-21 02:06:00,12892195781,-12888188283144114109028,276320,276320,276320,276320,13694859475,802404157179276476372,50013064503670430661467
2026-08-21 02:07:00,2582915132,-2582111112035222569538,276320,276320,276320,276320,2582915132,0,50013064503670430661467
2026-08-21 02:08:00,25016092,-25008306691695256745,276320,276320,276320,276320,25016092,0,50013064503670430661467
2026-08-21 02:09:00,122207215805,-122169479479009861616983,276320,276320,276320,276320,122207215805,0,50013064503670430661467
2026-08-21 02:10:00,-123280489718,123240940428520422849001,276320,276320,276320,276320,0,123240940428520422849001,50013064503670430661467
2026-08-21 02:11:00,-186181100664,186120219952583707424098,276320,276320,276320,276320,82255422,186202449602888094980106,50013064503670430661467
2026-08-21 02:12:00,3751325396,-3750130068131554113516,276320,276320,276320,276320,3751325396,0,50013064503670430661467
2026-08-21 02:13:00,-1880631823,1880008885532606604502,276320,276320,276320,276320,100000000,1979977029064379290449,50013064503670430661467
2026-08-21 02:14:00,180058503,-180001130007206605313,276320,276320,276320,276320,180058503,0,50013064503670430661467
2026-08-21 02:16:00,-233483248390,233404962182036838735190,276320,276320,276320,276320,0,233404962182036838735190,50013064503670430661467
2026-08-21 02:17:00,-86422667958,86393138189328117152746,276320,276320,276320,276320,0,86393138189328117152746,50013064503670430661467
2026-08-21 02:19:00,602395424,-602195785712428544171,276320,276320,276320,276320,602395424,0,50013064503670430661467
2026-08-21 02:20:00,-95564036900,95530985169450864443057,276320,276320,276320,276320,4433995484,99963493912460167741137,50013064503670430661467
2026-08-21 02:21:00,18010138798,-18004107980793817102611,276320,276320,276320,276320,18010138798,0,50013064503670430661467
2026-08-21 02:23:00,-62168816771,62147198483008139907840,276320,276320,276320,276320,0,62147198483008139907840,50013064503670430661467
2026-08-21 02:26:00,-1551479616,1550938135094479437731,276320,276320,276320,276320,0,1550938135094479437731,50013064503670430661467
2026-08-21 02:28:00,-42115951391,42100219137757089533202,276320,276320,276320,276320,83083995260,125155966204571531818995,50013064503670430661467
2026-08-21 02:29:00,-6954770560,6952330393505615589114,276320,276320,276320,276320,0,6952330393505615589114,50013064503670430661467
2026-08-21 02:30:00,-168518609951,168458872979308010914505,276320,276320,276320,276320,1606120806,170064449353858764170854,50013064503670430661467
2026-08-21 02:31:00,-37246627631,37233179989358164380613,276320,276320,276320,276320,7956550655,45186981009358607626236,50013064503670430661467
2026-08-21 02:32:00,72641461922,-72618607696003579915599,276320,276320,276320,276320,261337036922,188627079294874106319537,50013064503670430661467
2026-08-21 02:33:00,267915962816,-267825339517499097763415,276320,276320,276320,276320,283970789378,16049122311793581971856,50013064503670430661467
2026-08-21 02:34:00,-17348089476,17342087730313281838470,276320,276320,276320,276320,0,17342087730313281838470,50013064503670430661467
2026-08-21 02:35:00,-827464573201,827162658659127477953271,276320,276320,276320,276320,139636679564,966747648440786562211308,50013064503670430661467
2026-08-21 02:36:00,105784206794,-105747298151834280033940,276320,276320,276320,276320,250090629137,144252701848165719966060,50013064503670430661467
2026-08-21 02:37:00,-45393083853,45376013434212285557432,276320,276320,276320,276320,0,45376013434212285557432,50013064503670430661467
2026-08-21 02:38:00,-83979402414,83947604201192437950407,276320,276320,276320,276320,0,83947604201192437950407,50013064503670430661467
2026-08-21 02:39:00,32827693559,-32816921404385727829970,276320,276320,276320,276320,141000189501,108131463820614272170030,50013064503670430661467
2026-08-21 02:40:00,54010096261,-53990332118006625668344,276320,276320,276320,276320,54010096261,0,50013064503670430661467
2026-08-21 02:41:00,-123826136275,123778736449040536095076,276320,276320,276320,276320,35803149723,159568620454583211194737,50013064503670430661467
2026-08-21 02:42:00,-90536166280,90501432222753893136663,276320,276320,276320,276320,300172880,90801493555327925027324,50013064503670430661467
2026-08-21 02:43:00,-120401853163,120355158453832445291490,276320,276320,276320,276320,0,120355158453832445291490,50013064503670430661467
2026-08-21 02:45:00,-90484219802,90448742692685400632806,276320,276320,276320,276320,321589191,90770209082795937145011,50013064503670430661467
2026-08-21 02:46:00,-99953663457,99914095691226864031022,276320,276320,276320,276320,146665427,100060705115151608498915,50013064503670430661467
2026-08-21 02:47:00,75949934085,-75920745155826999754671,276320,276320,276320,276320,76011580930,61622319173000245329,50013064503670430661467
2026-08-21 02:49:00,-78780804150,78749577039084219285999,276320,276320,276320,276320,0,78749577039084219285999,50013064503670430661467
2026-08-21 02:50:00,225124738258,-225039161731307872963532,276320,276320,276320,276320,250095276523,24960838268692127036468,50013064503670430661467
2026-08-21 02:51:00,-100000000000,99960904510418044198102,276320,276320,276320,276320,0,99960904510418044198102,50013064503670430661467
2026-08-21 02:52:00,-85151490000,85117884558544231391044,276320,276320,276320,276320,0,85117884558544231391044,50013064503670430661467
2026-08-21 02:54:00,-124257620285,124208061456260937590199,276320,276320,276320,276320,0,124208061456260937590199,50013064503670430661467
2026-08-21 02:57:00,-126940000000,126888734144747721963703,276320,276320,276320,276320,0,126888734144747721963703,50013064503670430661467
2026-08-21 03:00:00,792071546760,-791771690507961795939996,276320,276320,276320,276320,792071546760,0,50013064503670430661467
2026-08-21 03:01:00,258324921002,-258238919398068285473239,276320,276320,276320,276320,789393766957,530880952837931714526761,50013064503670430661467
2026-08-21 03:02:00,-211732652001,211654597629725361594325,276320,276320,276320,276320,0,211654597629725361594325,50013064503670430661467
2026-08-21 03:03:00,125257883850,-125214083437451668467785,276320,276320,276320,276320,216065193758,90773285160861777145130,50013064503670430661467
2026-08-21 03:04:00,-99622585761,99585739185331968363473,276320,276320,276320,276320,0,99585739185331968363473,50013064503670430661467
2026-08-21 03:05:00,491809915166,-491639915584260883139552,276320,276320,276320,276320,670859577202,178986703287669060863266,50013064503670430661467
2026-08-21 03:06:00,-187293030524,187226166375919031056922,276320,276320,276320,276320,16615506722,203835890609374959538649,50013064503670430661467
2026-08-21 03:07:00,-288432974125,288326889285702935587498,276320,276320,276320,276320,56545917197,344852430512360663359331,50013064503670430661467
2026-08-21 03:08:00,1251796145,-1251346514164597923606,276320,276320,276320,276320,1251796145,0,50013064503670430661467
2026-08-21 03:10:00,-346842396472,346711258649521860003658,276320,276320,276320,276320,0,346711258649521860003658,50013064503670430661467
2026-08-21 03:11:00,-848763200042,848421635904379348475924,276319,276320,276319,276320,31377524271,879786723263737260066277,50013064504663705284449
2026-08-21 03:12:00,-221678799990,221584935814551072161399,276319,276319,276319,276319,960340351,222544876831639938502949,50013064504663705284449
2026-08-21 03:14:00,192830628957,-192751191673383986552158,276319,276319,276319,276319,192830628957,0,50013064504663705284449
2026-08-21 03:16:00,-226879121314,226782651908786466363668,276319,276319,276319,276319,10833309272,237611439531830210752988,50013064504663705284449
2026-08-21 03:17:00,-120353072284,120301076084968237834635,276319,276319,276319,276319,4646927716,124946042471968237834635,50013064504663705284449
2026-08-21 03:18:00,-19292546032,19283609512013662528210,276319,276319,276319,276319,46407366368,65671435787022982156769,50013064504663705284449
2026-08-21 03:19:00,135369025,-135311799912426774750,276319,276319,276319,276319,135369025,0,50013064504663705284449
2026-08-21 03:20:00,-140157374781,140096044646784836600290,276319,276319,276319,276319,492085223,140587919083866928446809,50013064504663705284449
2026-08-21 03:23:00,9503118800,-9499050000000000000000,276319,276319,276319,276319,9503118800,0,50013064504663705284449
2026-08-21 03:24:00,-97770202032,97726996130184478759743,276319,276319,276319,276319,0,97726996130184478759743,50013064504663705284449
2026-08-21 03:25:00,-247951916197,247839321874362843941328,276319,276319,276319,276319,109077370429,356869540766176231671271,50013064504663705284449
2026-08-21 03:26:00,-473010317116,472791199058111619963742,276319,276319,276319,276319,603854163,473394780845248164086996,50013064504663705284449
2026-08-21 03:30:00,190196130135,-190110322251984141809424,276319,276319,276319,276319,281023268755,90784208822113362220110,50013064504663705284449
2026-08-21 03:31:00,-62226572948,62196168415000000000000,276319,276319,276319,276319,115638374178,177782298551216195033808,50013064504663705284449
2026-08-21 03:32:00,-104636608060,104586728410638954286929,276319,276319,276319,276319,61413783095,165972608520598623594610,50013064504663705284449
2026-08-21 03:33:00,100150959372,-100105115341000000000000,276319,276319,276319,276319,100150959372,0,50013064504663705284449
2026-08-21 03:34:00,-252872627440,252752857522195641848104,276319,276319,276319,276319,17753790570,270498562977094359996352,50013064504663705284449
2026-08-21 03:35:00,30135570,-30121532211589626537,276319,276319,276319,276319,30135570,0,50013064504663705284449
2026-08-21 03:36:00,17736773759,-17728517332000000000000,276319,276319,276319,276319,17736773759,0,50013064504663705284449
2026-08-21 03:37:00,8748676763,-8744784933576739943990,276319,276319,276319,276319,23424671399,14669001571481868744284,50013064504663705284449
2026-08-21 03:39:00,158898009130,-158824658817000000000000,276319,276319,276319,276319,158898009130,0,50013064504663705284449
2026-08-21 03:40:00,-135290916888,135226905130785874253345,276319,276319,276319,276319,0,135226905130785874253345,50013064504663705284449
2026-08-21 03:41:00,10495069872,-10490203931261634871296,276319,276319,276319,276319,10495069872,0,50013064504663705284449
2026-08-21 03:43:00,186446363642,-186360653209000000000000,276319,276319,276319,276319,186446363642,0,50013064504663705284449
2026-08-21 03:44:00,13756268805,-13750000000000000000000,276319,276319,276319,276319,13756268805,0,50013064504663705284449
2026-08-21 03:46:00,258240823,-258126117011952218344,276319,276319,276319,276319,500227818,241873882988047781656,50013064504663705284449
2026-08-21 03:47:00,-70084347232,70051490639048950479854,276319,276319,276319,276319,0,70051490639048950479854,50013064504663705284449
2026-08-21 03:49:00,57873308691,-57846856857508298961179,276319,276319,276319,276319,57873308691,0,50013064504663705284449
2026-08-21 03:50:00,108490881486,-108441654797000000000000,276319,276319,276319,276319,108490881486,0,50013064504663705284449
2026-08-21 03:52:00,-74843177978,74808346158612262766216,276319,276319,276319,276319,2089214617,76896612630314873464126,50013064504663705284449
2026-08-21 03:53:00,99820720988,-99775545232000000000000,276319,276319,276319,276319,99820720988,0,50013064504663705284449
2026-08-21 03:55:00,9838376253,-9833945267047467463397,276319,276319,276319,276319,9838376253,0,50013064504663705284449
2026-08-21 03:56:00,20009999351,-20000999226548526717207,276319,276319,276319,276319,20009999351,0,50013064504663705284449
2026-08-21 03:57:00,8753327017,-8749397038973906578760,276319,276319,276319,276319,8926175404,172768699026093421240,50013064504663705284449
2026-08-21 03:58:00,24893426942,-24882261385000000000000,276319,276319,276319,276319,24893426942,0,50013064504663705284449
2026-08-21 03:59:00,100861801565,-100816815021188931308111,276319,276319,276319,276319,100861801565,0,50013064504663705284449
2026-08-21 04:00:00,267429160506,-267311849329933592308088,276319,276319,276319,276319,267429160506,0,50013064504663705284449
2026-08-21 04:01:00,19765180156,-19756625300223307349995,276319,276319,276319,276319,19928924150,163671075480362182504,50013064504663705284449
2026-08-21 04:02:00,25856336406,-25845168929925383208637,276319,276319,276319,276319,26088108725,231669529874056670469,50013064504663705284449
2026-08-21 04:03:00,880358981,-884182036708552725951,276319,276319,276319,276319,351273881265,350240591671291447274049,50013064504663705284449
2026-08-21 04:04:00,4314307743,-4312446662050000000000,276319,276319,276319,276319,4314307743,0,50013064504663705284449
2026-08-21 04:05:00,15006467610,-15000000000000000000000,276319,276319,276319,276319,15006467610,0,50013064504663705284449
2026-08-21 04:06:00,51432558234,-51410459688663123756684,276319,276319,276319,276319,51432558234,0,50013064504663705284449
2026-08-21 04:07:00,99405625230,-99363214156000000000000,276319,276319,276319,276319,99405625230,0,50013064504663705284449
2026-08-21 04:08:00,-784856832,784514107033768902807,276319,276319,276319,276319,0,784514107033768902807,50013064504663705284449
2026-08-21 04:09:00,-178597883,178519890658103687861,276319,276319,276319,276319,0,178519890658103687861,50013064504663705284449
2026-08-21 04:10:00,120866952160,-120815912023000000000000,276319,276319,276319,276319,120866952160,0,50013064504663705284449
2026-08-21 04:11:00,544553193796,-544330478606000000000000,276319,276319,276319,276319,544553193796,0,50013064504663705284449
2026-08-21 04:12:00,185615111871,-185541905951000000000000,276320,276319,276319,276320,185615111871,0,50013064503670430661467
2026-08-21 04:13:00,-180265539963,180192300839389263104647,276319,276320,276319,276320,0,180192300839389263104647,50013064504663705284449
2026-08-21 04:14:00,15235649540,-15229592042000000000000,276319,276319,276319,276319,15235649540,0,50013064504663705284449
2026-08-21 04:15:00,14069166982,-14063581501000000000000,276319,276319,276319,276319,14069166982,0,50013064504663705284449
2026-08-21 04:16:00,377500566,-377350807431812460346,276319,276319,276319,276319,377500566,0,50013064504663705284449
2026-08-21 04:17:00,122460377440,-122412096428000000000000,276320,276320,276320,276320,122460377440,0,50013064503670430661467
2026-08-21 04:18:00,-47874326791,47854949033152995582323,276320,276320,276320,276320,0,47854949033152995582323,50013064503670430661467
2026-08-21 04:20:00,-5317303,5315145568783087015,276320,276320,276320,276320,0,5315145568783087015,50013064503670430661467
2026-08-21 04:21:00,52169001322,-52148518780536499965483,276320,276320,276320,276320,52443594268,274482111756077714215,50013064503670430661467
2026-08-21 04:22:00,41242743,-41226591118222206473,276320,276320,276320,276320,41242743,0,50013064503670430661467
2026-08-21 04:25:00,-2318466186,2317530062488153362987,276320,276320,276320,276320,17123975,2334647331179749003365,50013064503670430661467
2026-08-21 04:26:00,-133585518,133531585216000305758,276320,276320,276320,276320,0,133531585216000305758,50013064503670430661467
2026-08-21 04:29:00,2168118718,-2167271575014925272744,276320,276320,276320,276320,2342580073,174390934985074727256,50013064503670430661467
2026-08-21 04:30:00,27259319,-27248643012303040598,276320,276320,276320,276320,27259319,0,50013064503670430661467
2026-08-21 04:31:00,1347062489,-1346536151017054781054,276320,276320,276320,276320,1447062489,99959635444818614491,50013064503670430661467
2026-08-21 04:33:00,-115741333246,115694353546426944546313,276320,276320,276320,276320,0,115694353546426944546313,50013064503670430661467
2026-08-21 04:34:00,-88320117226,88283904512468403021779,276319,276320,276319,276320,267984608,88551782941512052976109,50013064504663705284449
2026-08-21 04:36:00,-1032413019,1031987906250839686406,276319,276319,276319,276319,0,1031987906250839686406,50013064504663705284449
2026-08-21 04:37:00,-44190630253,44172367046798459592039,276319,276319,276319,276319,2258212608,46429676943567810069742,50013064504663705284449
2026-08-21 04:38:00,-282293607941,282175272378563997219059,276319,276319,276319,276319,0,282175272378563997219059,50013064504663705284449
2026-08-21 04:39:00,-218765511,218672570606211609552,276319,276319,276319,276319,0,218672570606211609552,50013064504663705284449
2026-08-21 04:40:00,139139033112,-139081976728073566391490,276319,276319,276319,276319,139139033112,0,50013064504663705284449
2026-08-21 04:41:00,95796465196,-95757631913000000000000,276319,276319,276319,276319,95796465196,0,50013064504663705284449
2026-08-21 04:42:00,45018122449,-45000000000000000000000,276319,276319,276319,276319,45018122449,0,50013064504663705284449
2026-08-21 04:43:00,100055466548,-100015478379194435975090,276319,276319,276319,276319,100055466548,0,50013064504663705284449
2026-08-21 04:44:00,-150960473154,150898175936250988996336,276319,276319,276319,276319,0,150898175936250988996336,50013064504663705284449
2026-08-21 04:45:00,-630468254,630206166200974905801,276319,276319,276319,276319,0,630206166200974905801,50013064504663705284449
2026-08-21 04:46:00,310563238811,-310439785859000000000000,276320,276319,276319,276320,310563238811,0,50013064503670430661467
2026-08-21 04:47:00,-50741199307,50720683808111721192352,276320,276320,276320,276320,0,50720683808111721192352,50013064503670430661467
2026-08-21 04:48:00,-147360579838,147300416205831216693804,276319,276319,276319,276319,0,147300416205831216693804,50013064504663705284449
2026-08-21 04:49:00,157093144976,-157030922704000000000000,276320,276320,276320,276320,157093144976,0,50013064503670430661467
2026-08-21 04:50:00,-64821819522,64795486274672270230470,276320,276320,276320,276320,20793014,64816271064911559538193,50013064503670430661467
2026-08-21 04:51:00,47238749,-47220064388887466757,276320,276320,276320,276320,47238749,0,50013064503670430661467
2026-08-21 04:54:00,150956927441,-150897674093000000000000,276320,276320,276320,276320,150956927441,0,50013064503670430661467
2026-08-21 04:56:00,28464647549,-28454753869756082605044,276320,276320,276320,276320,126599259842,98095397570303169390116,50013064503670430661467
2026-08-21 04:57:00,-178497460165,178425360366656601419680,276320,276320,276320,276320,0,178425360366656601419680,50013064503670430661467
2026-08-21 04:58:00,30131985594,-30120086604000000000000,276320,276320,276320,276320,30131985594,0,50013064503670430661467
2026-08-21 04:59:00,21991748071,-21983086531000000000000,276320,276320,276320,276320,21991748071,0,50013064503670430661467
2026-08-21 05:00:00,238378400188,-238285754156656601419680,276320,276320,276320,276320,238378400188,0,50013064503670430661467
2026-08-21 05:03:00,21646549422,-21638627527556615662706,276320,276320,276320,276320,53207250341,31548186670793395781560,50013064503670430661467
2026-08-21 05:04:00,137308351,-137255759527729968151,276320,276320,276320,276320,137308351,0,50013064503670430661467
2026-08-21 05:05:00,-37161244414,37140867188686446511313,276320,276319,276319,276320,472725040586,509679679350672943454975,50013064503670430661467
2026-08-21 05:07:00,-264154690053,264048559061972477532614,276320,276320,276320,276320,0,264048559061972477532614,50013064503670430661467
2026-08-21 05:08:00,-60715390092,60688872295929318944650,276319,276320,276319,276320,144196404391,204828058266749858569246,50013064504663705284449
2026-08-21 05:09:00,333220740044,-333090587853979395652082,276320,276320,276320,276320,339844048189,6620652835020604347918,50013064503670430661467
2026-08-21 05:10:00,100174683445,-100136400052000000000000,276320,276320,276320,276320,100174683445,0,50013064503670430661467
2026-08-21 05:11:00,-2000000000,1999215600192618424178,276320,276320,276320,276320,0,1999215600192618424178,50013064503670430661467
2026-08-21 05:12:00,-77806786232,77776146333503447442814,276320,276320,276320,276320,0,77776146333503447442814,50013064503670430661467
2026-08-21 05:14:00,3822359812,-3820896937240805460207,276320,276320,276320,276320,4001533684,179103062759194539793,50013064503670430661467
2026-08-21 05:15:00,-1070090876,1069667625925089461679,276320,276320,276320,276320,27421374,1097078492642885150088,50013064503670430661467
2026-08-21 05:16:00,-167020074030,166953503667447912923798,276320,276320,276320,276320,0,166953503667447912923798,50013064503670430661467
2026-08-21 05:18:00,-222074464,221985207508005282451,276320,276320,276320,276320,0,221985207508005282451,50013064503670430661467
2026-08-21 05:19:00,-1106285767,1105839317252256792080,276320,276320,276320,276320,148576535,1254357918631345331816,50013064503670430661467
2026-08-21 05:20:00,-158090435,158025430318543780036,276320,276320,276320,276320,121375647,279353743920913616541,50013064503670430661467
2026-08-21 05:21:00,2867043,-2865925720000000000,276320,276320,276320,276320,2867043,0,50013064503670430661467
2026-08-21 05:22:00,-93926607953,93888604379465602163470,276320,276320,276320,276320,5939354622,99825643486465602163470,50013064503670430661467
2026-08-21 05:23:00,-354475280148,354328934948516274838670,276319,276319,276319,276319,1162141634,355490602522159466167031,50013064504663705284449
2026-08-21 05:24:00,-415101566,414922382773941734512,276319,276319,276319,276319,406858979,821615408241992947070,50013064504663705284449
2026-08-21 05:25:00,-233183402,233083483107909606810,276319,276319,276319,276319,166816598,399832032525850008845,50013064504663705284449
2026-08-21 05:26:00,-259116290,259007480240767753212,276319,276319,276319,276319,0,259007480240767753212,50013064504663705284449
2026-08-21 05:27:00,1041513260,-1041088412249256431439,276319,276319,276319,276319,1041513260,0,50013064504663705284449
2026-08-21 05:29:00,82775934536,-82742307674000000000000,276319,276319,276319,276319,82775934536,0,50013064504663705284449
2026-08-21 05:30:00,-143177831769,143117683656468803587602,276319,276319,276319,276319,7783803223,150898294108155667736163,50013064504663705284449
2026-08-21 05:31:00,-281065384871,280945106927999439517540,276319,276319,276319,276319,396871568,281341811196182566548115,50013064504663705284449
2026-08-21 05:32:00,-227778869,227680117509942045443,276319,276319,276319,276319,0,227680117509942045443,50013064504663705284449
2026-08-21 05:33:00,250104181306,-250000000000000000000000,276319,276319,276319,276319,250104181306,0,50013064504663705284449
2026-08-21 05:34:00,190374219694,-190297314416365685850505,276319,276319,276319,276319,250380446618,59980739395136217370097,50013064504663705284449
2026-08-21 05:35:00,-135276208186,135219575624524103035576,276319,276319,276319,276319,0,135219575624524103035576,50013064504663705284449
2026-08-21 05:36:00,-398865212350,398693961467273723830010,276319,276319,276319,276319,935696408,399629261783237616950628,50013064504663705284449
2026-08-21 05:37:00,250105117844,-250000000000000000000000,276319,276319,276319,276319,250105117844,0,50013064504663705284449
2026-08-21 05:38:00,201369075933,-201287138009311307088533,276319,276319,276319,276319,274713832099,73314103241688692911467,50013064504663705284449
2026-08-21 05:39:00,147145477878,-147087223285149188961598,276319,276319,276319,276319,250324275024,103135851169524430077676,50013064504663705284449
2026-08-21 05:40:00,-1960326707,1959516302158243626083,276319,276319,276319,276319,0,1959516302158243626083,50013064504663705284449
2026-08-21 05:41:00,-6004283149,6001800004870332682156,276319,276319,276319,276319,0,6001800004870332682156,50013064504663705284449
2026-08-21 05:42:00,-180483313877,180408000260945899106886,276319,276319,276319,276319,0,180408000260945899106886,50013064504663705284449
2026-08-21 05:43:00,-11000000000,10995367737524997314677,276319,276319,276319,276319,0,10995367737524997314677,50013064504663705284449
2026-08-21 05:45:00,250101126356,-250000000000000000000000,276319,276319,276319,276319,250101126356,0,50013064504663705284449
2026-08-21 05:46:00,783806475,-783493479498861047835,276319,276319,276319,276319,783806475,0,50013064504663705284449
2026-08-21 05:47:00,-75255293819,75224227543726924579543,276319,276319,276319,276319,0,75224227543726924579543,50013064504663705284449
2026-08-21 05:48:00,-228745659731,228649841277963798135197,276319,276319,276319,276319,0,228649841277963798135197,50013064504663705284449
2026-08-21 05:50:00,31404822981,-31391920791000000000000,276319,276319,276319,276319,31404822981,0,50013064504663705284449
2026-08-21 05:51:00,-88573618105,88536065364855687377898,276319,276319,276319,276319,0,88536065364855687377898,50013064504663705284449
2026-08-21 05:52:00,-45422918796,45403539126796222960141,276319,276319,276319,276319,0,45403539126796222960141,50013064504663705284449
2026-08-21 05:53:00,192808333,-192728897895355729415,276319,276319,276319,276319,250104003,57271173104644270585,50013064504663705284449
2026-08-21 05:54:00,-205148960034,205060407740998193655204,276319,276319,276319,276319,0,205060407740998193655204,50013064504663705284449
2026-08-21 05:56:00,-45408130401,45388302512034078100804,276319,276319,276319,276319,15584959,45403880867034078100804,50013064504663705284449
2026-08-21 05:57:00,-40881745685,40863823964546199507710,276319,276319,276319,276319,0,40863823964546199507710,50013064504663705284449
2026-08-21 05:59:00,8313205476,-8309657717176587121972,276319,276319,276319,276319,8502780979,189492305274718068647,50013064504663705284449
2026-08-21 06:00:00,45805511042,-45786000000000000000000,276319,276319,276319,276319,45805511042,0,50013064504663705284449
2026-08-21 06:01:00,-43153030515,43134133979189091686738,276319,276319,276319,276319,0,43134133979189091686738,50013064504663705284449
2026-08-21 06:02:00,-102553616198,102508409811030304442515,276319,276319,276319,276319,0,102508409811030304442515,50013064504663705284449
2026-08-21 06:04:00,-26420846266,26408902754888223388791,276319,276319,276319,276319,19084603158,45485290330888223388791,50013064504663705284449
2026-08-21 06:05:00,2190665430,-2189719339213255033158,276319,276319,276319,276319,2190665430,0,50013064504663705284449
2026-08-21 06:06:00,81467504172,-81432456676594308384832,276319,276319,276319,276319,81467504172,0,50013064504663705284449
2026-08-21 06:07:00,147459335984,-147396573197187837152558,276319,276319,276319,276319,147459335984,0,50013064504663705284449
2026-08-21 06:08:00,-87537520640,87499317052238001591919,276319,276319,276319,276319,0,87499317052238001591919,50013064504663705284449
2026-08-21 06:09:00,-20632009,20622968365064771938,276319,276319,276319,276319,0,20622968365064771938,50013064504663705284449
2026-08-21 06:10:00,273762467,-273645796816252952266,276319,276319,276319,276319,273762467,0,50013064504663705284449
2026-08-21 06:12:00,9357483775,-9353497652776447114466,276319,276319,276319,276319,9357483775,0,50013064504663705284449
2026-08-21 06:16:00,214228716,-214137499931614244360,276319,276319,276319,276319,214228716,0,50013064504663705284449
2026-08-21 06:19:00,43004191514,-42985917846031240739571,276319,276319,276319,276319,43004191514,0,50013064504663705284449
2026-08-21 06:20:00,-332018842101,331869912315524873037056,276319,276319,276319,276319,162229782899,494028244176297611958774,50013064504663705284449
2026-08-21 06:21:00,-75175484819,75141592277674483826255,276319,276319,276319,276319,75033040,75216592277674483826255,50013064504663705284449
2026-08-21 06:22:00,16250995844,-16243845142316841911549,276319,276319,276319,276319,16250995844,0,50013064504663705284449
2026-08-21 06:23:00,-74912946417,74877853591888729851319,276319,276319,276319,276319,95337053583,170172997984107019262125,50013064504663705284449
2026-08-21 06:25:00,16749325174,-16741916100129264189502,276319,276319,276319,276319,16749325174,0,50013064504663705284449
2026-08-21 06:26:00,227902868675,-227803170562275759063322,276319,276319,276319,276319,227966377819,63480887724240936678,50013064504663705284449
2026-08-21 06:27:00,-28551282,28538578739371090909,276319,276319,276319,276319,0,28538578739371090909,50013064504663705284449
2026-08-21 06:28:00,-22607658154,22597589698573410674393,276319,276319,276319,276319,0,22597589698573410674393,50013064504663705284449
2026-08-21 06:30:00,152004837,-151938896390670160138,276319,276319,276319,276319,152004837,0,50013064504663705284449
2026-08-21 06:31:00,167474326539,-167402235723195662242936,276319,276319,276319,276319,167494781644,20445985804337757064,50013064504663705284449
2026-08-21 06:32:00,-138596648492,138534186499648592843263,276319,276319,276319,276319,101641036918,240131041720422042199412,50013064504663705284449
2026-08-21 06:33:00,-222628255332,222528273898044364621871,276319,276319,276319,276319,0,222528273898044364621871,50013064504663705284449
2026-08-21 06:34:00,-682417457,682107940678288057299,276319,276319,276319,276319,0,682107940678288057299,50013064504663705284449
2026-08-21 06:35:00,500220880,-500000000000000000000,276319,276319,276319,276319,500220880,0,50013064504663705284449
2026-08-21 06:37:00,-100000004,99954647644605786028,276319,276319,276319,276319,0,99954647644605786028,50013064504663705284449
2026-08-21 06:38:00,-126000000,125942851684912841973,276319,276319,276319,276319,0,125942851684912841973,50013064504663705284449
2026-08-21 06:39:00,-200465705,200374780651150506847,276319,276319,276319,276319,0,200374780651150506847,50013064504663705284449
2026-08-21 06:41:00,1656534405,-1655809454228211266568,276319,276319,276319,276319,2196202281,539423098445881961990,50013064504663705284449
2026-08-21 06:43:00,-40568860877,40550429915434976371923,276319,276319,276319,276319,0,40550429915434976371923,50013064504663705284449
2026-08-21 06:44:00,106029301489,-105982545442952274567270,276319,276319,276319,276319,106360327879,330877136047725432730,50013064504663705284449
2026-08-21 06:45:00,-1869996860,1869153633938842553534,276319,276319,276319,276319,0,1869153633938842553534,50013064504663705284449
2026-08-21 06:47:00,-495414722992,495186406152277477389648,276319,276319,276319,276319,0,495186406152277477389648,50013064504663705284449
2026-08-21 06:49:00,16937901985,-16930137933731503719527,276319,276319,276319,276319,16997912449,59982212537342245785,50013064504663705284449
2026-08-21 06:51:00,-219523582470,219419425525209310373696,276319,276319,276319,276319,0,219419425525209310373696,50013064504663705284449
2026-08-21 06:52:00,-257894557911,257769735110776427989987,276319,276319,276319,276319,0,257769735110776427989987,50013064504663705284449
2026-08-21 06:53:00,960180740008,-959743763582857042811060,276319,276319,276319,276319,1190915794795,230632105605142957188940,50013064504663705284449
2026-08-21 06:54:00,700307281,-700000000000000000000,276319,276319,276319,276319,700307281,0,50013064504663705284449
2026-08-21 06:55:00,-3266105819,3256746625150747794923,276319,276319,276319,276319,657514748593,660491631960515805858671,50013064504663705284449
2026-08-21 06:56:00,-243953240242,243842054547809920315200,276319,276319,276319,276319,0,243842054547809920315200,50013064504663705284449
2026-08-21 06:57:00,-516151201261,515908117838037072022961,276319,276319,276319,276319,0,515908117838037072022961,50013064504663705284449
2026-08-21 06:59:00,-302902896778,302755286470178994545938,276319,276319,276319,276319,0,302755286470178994545938,50013064504663705284449
2026-08-21 07:03:00,-9600000000,9595261797869011439967,276319,276319,276319,276319,0,9595261797869011439967,50013064504663705284449
2026-08-21 07:04:00,-143255220057,143183837079775242615137,276319,276319,276319,276319,20012679943,163186753143469500290178,50013064504663705284449
2026-08-21 07:08:00,-294657701839,294508791823410654277939,276318,276318,276318,276318,0,294508791823410654277939,50013064504683700758754
2026-08-21 07:09:00,-19174564856,19164754451765323212609,276318,276318,276318,276318,0,19164754451765323212609,50013064504683700758754
2026-08-21 07:10:00,193870121366,-193773932328373412246614,276319,276318,276318,276319,193870121366,0,50013064504663705284449
2026-08-21 07:11:00,-147488337885,147412767142320712404627,276318,276319,276318,276319,63516300405,210897430391320712404627,50013064504683700758754
2026-08-21 07:12:00,4366464369,-4364291191414430305599,276318,276318,276318,276318,4507422720,140886463585569694401,50013064504683700758754
2026-08-21 07:13:00,52421767922,-52395716918230993047552,276319,276318,276318,276319,52421767922,0,50013064504663705284449
2026-08-21 07:14:00,5850500595,-5847600000000000000000,276319,276319,276319,276319,5850500595,0,50013064504663705284449
2026-08-21 07:15:00,9806224322,-9801365603044500176896,276319,276319,276319,276319,9806224322,0,50013064504663705284449
2026-08-21 07:16:00,-527669470,527401791957684972137,276319,276319,276319,276319,0,527401791957684972137,50013064504663705284449
2026-08-21 07:17:00,-468271527,468031256801731174090,276319,276319,276319,276319,226368390,694287521765803012337,50013064504663705284449
2026-08-21 07:18:00,7437431439,-7433752759856133995846,276319,276319,276319,276319,7779236876,341632089143866004154,50013064504663705284449
2026-08-21 07:21:00,185300894,-185209168549241426485,276319,276319,276319,276319,185300894,0,50013064504663705284449
2026-08-21 07:22:00,78626281,-78587360619105844483,276319,276319,276319,276319,78626281,0,50013064504663705284449
2026-08-21 07:23:00,282043171,-281903559161100725954,276319,276319,276319,276319,282043171,0,50013064504663705284449
2026-08-21 07:25:00,79147261634,-79108209065000000000000,276319,276319,276319,276319,79147261634,0,50013064504663705284449
2026-08-21 07:26:00,95164590490,-95117966140000000000000,276319,276319,276319,276319,95164590490,0,50013064504663705284449
2026-08-21 07:27:00,-571595798165,571303457369286042090274,276318,276318,276318,276318,0,571303457369286042090274,50013064504683700758754
2026-08-21 07:28:00,234087428143,-233968934024065412711306,276318,276318,276318,276318,234087428143,0,50013064504683700758754
2026-08-21 07:29:00,59263193335,-59233544331800336433385,276318,276318,276318,276318,59466920293,203622824199663566615,50013064504683700758754
2026-08-21 07:30:00,57210310935,-57181958425893851536634,276318,276318,276318,276318,68772130218,11555933780649599447468,50013064504683700758754
2026-08-21 07:31:00,-278041070264,277897995306941742758813,276318,276318,276318,276318,3899385592,281795443699941742758813,50013064504683700758754
2026-08-21 07:32:00,-139948717108,139874081826967153239449,276318,276318,276318,276318,122979671309,262790292646967153239448,50013064504683700758754
2026-08-21 07:33:00,186142308344,-186047404029000000000000,276318,276318,276318,276318,186142308344,0,50013064504683700758754
2026-08-21 07:34:00,775653603625,-775273043375824104853062,276319,276318,276318,276319,775653603625,0,50013064504663705284449
2026-08-21 07:35:00,162616039029,-162539302981000000000000,276319,276319,276319,276319,162616039029,0,50013064504663705284449
2026-08-21 07:36:00,965314421,-964862060216633739267,276319,276319,276319,276319,965314421,0,50013064504663705284449
2026-08-21 07:37:00,52842620,-52817859055894144448,276319,276319,276319,276319,52842620,0,50013064504663705284449
2026-08-21 07:39:00,-95620,95573619967402998,276319,276319,276319,276319,0,95573619967402998,50013064504663705284449
2026-08-21 07:44:00,213109230973,-213012087248097450955297,276319,276319,276319,276319,364075791624,150895748751902549044703,50013064504663705284449
2026-08-21 07:45:00,-9853993437,9849339689126452670522,276319,276319,276319,276319,0,9849339689126452670522,50013064504663705284449
2026-08-21 07:46:00,4353015781,-4351011715526964219335,276319,276319,276319,276319,4353015781,0,50013064504663705284449
2026-08-21 07:48:00,-33460675652,33444850035168679710622,276319,276319,276319,276319,0,33444850035168679710622,50013064504663705284449
2026-08-21 07:50:00,454530664,-454333948146050946688,276319,276319,276319,276319,1547212214,1092164065814512577639,50013064504663705284449
2026-08-21 07:54:00,443951699828,-443750702034171087123931,276319,276319,276319,276319,443951699828,0,50013064504663705284449
2026-08-21 07:55:00,-7084949,7081718686650981059,276319,276319,276319,276319,0,7081718686650981059,50013064504663705284449
2026-08-21 07:58:00,-332064241550,331910659793739056223887,276319,276319,276319,276319,0,331910659793739056223887,50013064504663705284449
2026-08-21 07:59:00,-218943602634,218839921345002379838082,276319,276319,276319,276319,671932641,219511543830163607134350,50013064504663705284449
2026-08-21 08:00:00,170322243237,-170243470440000000000000,276319,276319,276319,276319,170322243237,0,50013064504663705284449
2026-08-21 08:03:00,8297478193,-8293678408109354337913,276319,276319,276319,276319,8974665159,676868186890645662087,50013064504663705284449
2026-08-21 08:04:00,373668633528,-373500000000000000000000,276319,276319,276319,276319,373668633528,0,50013064504663705284449
2026-08-21 08:05:00,-73004627,72971348959607094621,276319,276319,276319,276319,0,72971348959607094621,50013064504663705284449
2026-08-21 08:06:00,4520309551,-4518303718563872083257,276319,276319,276319,276319,4520309551,0,50013064504663705284449
2026-08-21 08:07:00,2922440357,-2921144949660311619393,276319,276319,276319,276319,3002040357,79563730356074152977,50013064504663705284449
2026-08-21 08:09:00,9540463,-9536986547410441540,276319,276319,276319,276319,72372052,62802966665315360314,50013064504663705284449
2026-08-21 08:10:00,-42900947912,42881253545207257073477,276319,276319,276319,276319,9599052088,52476029864207257073477,50013064504663705284449
2026-08-21 08:11:00,303294342816,-303161140635028370866012,276319,276319,276319,276319,303294342816,0,50013064504663705284449
2026-08-21 08:12:00,100033126820,-99990000000226563441837,276319,276319,276319,276319,100033126820,0,50013064504663705284449
2026-08-21 08:13:00,-21683271751,21673697400906965083233,276319,276319,276319,276319,0,21673697400906965083233,50013064504663705284449
2026-08-21 08:14:00,337620577184,-337477680629377433531046,276319,276319,276319,276319,337642102597,21516188622566468954,50013064504663705284449
2026-08-21 08:15:00,-100000000000,99956950646044230373036,276319,276319,276319,276319,0,99956950646044230373036,50013064504663705284449
2026-08-21 08:19:00,-147729595668,147665267759929336665987,276319,276319,276319,276319,0,147665267759929336665987,50013064504663705284449
2026-08-21 08:20:00,267570215328,-267457553809000000000000,276319,276319,276319,276319,267570215328,0,50013064504663705284449
2026-08-21 08:21:00,208472918502,-208387123216000000000000,276319,276319,276319,276319,208472918502,0,50013064504663705284449
2026-08-21 08:22:00,257029253866,-256925866489000000000000,276319,276319,276319,276319,257029253866,0,50013064504663705284449
2026-08-21 08:23:00,269392495678,-269286969158000000000000,276320,276320,276320,276320,269392495678,0,50013064503670430661467
2026-08-21 08:24:00,225085946621,-225000000000000000000000,276320,276320,276320,276320,225085946621,0,50013064503670430661467
2026-08-21 08:26:00,-2384671914,2383743359340174207820,276320,276320,276320,276320,0,2383743359340174207820,50013064503670430661467
2026-08-21 08:27:00,178107249333,-178040659081422069654295,276320,276320,276320,276320,178107249333,0,50013064503670430661467
2026-08-21 08:29:00,381431025022,-381292688185615084159262,276320,276320,276320,276320,381975202494,543977726384915840738,50013064503670430661467
2026-08-21 08:31:00,7768757270,-7766000000000000000000,276320,276320,276320,276320,7768757270,0,50013064503670430661467
2026-08-21 08:32:00,-2408975058,2408082102164991995516,276320,276320,276320,276320,777542800,3185348972164991995516,50013064503670430661467
2026-08-21 08:34:00,2282042397,-2281240918508348145026,276320,276320,276320,276320,2967236283,684942590491651854973,50013064503670430661467
2026-08-21 08:35:00,-1247704757,1247247112652920334638,276320,276320,276320,276320,0,1247247112652920334638,50013064503670430661467
2026-08-21 08:36:00,-6081019774,6078788435280098024573,276320,276320,276320,276320,0,6078788435280098024573,50013064503670430661467
2026-08-21 08:37:00,68023114926,-67999055065566770074486,276320,276320,276320,276320,68023114926,0,50013064503670430661467
2026-08-21 08:39:00,-307995918,307883701585651465230,276320,276320,276320,276320,0,307883701585651465230,50013064503670430661467
2026-08-21 08:40:00,-11999000000,11994625288223014229893,276320,276320,276320,276320,0,11994625288223014229893,50013064503670430661467
2026-08-21 08:41:00,183356389854,-183292399691962558370957,276320,276320,276320,276320,186048895965,2691543681037441629043,50013064503670430661467
2026-08-21 08:43:00,500188011826,-500020194127000000000000,276320,276320,276320,276320,500188011826,0,50013064503670430661467
2026-08-21 08:44:00,247712890229,-247633495692619693176916,276320,276320,276320,276320,248791473901,1078219616380306823084,50013064503670430661467
2026-08-21 08:45:00,-324434722516,324326331502187099497684,276320,276320,276320,276320,0,324326331502187099497684,50013064503670430661467
2026-08-21 08:46:00,-454605558684,454446601033839369290970,276320,276320,276320,276320,0,454446601033839369290970,50013064503670430661467
2026-08-21 08:47:00,111658365752,-111621080581782651025233,276320,276320,276320,276320,210290258170,98597081090415907682935,50013064503670430661467
2026-08-21 08:48:00,781562230015,-781308086058609329452404,276320,276320,276320,276320,878843077400,97249610509427494783419,50013064503670430661467
2026-08-21 08:49:00,528128119029,-527969437430386894344452,276321,276320,276320,276321,529558513556,1429949349613105655548,50013064503670430661467
2026-08-21 08:50:00,875580554992,-875342013565826864055067,276321,276321,276321,276321,875592259302,11701138173135944933,50013064503670430661467
2026-08-21 08:51:00,-237508427186,237443900399653933254382,276321,276321,276321,276321,0,237443900399653933254382,50013064503670430661467
2026-08-21 08:52:00,179508315051,-179461686646154810279452,276321,276321,276321,276321,195791146437,16278325038319003580900,50013064503670430661467
2026-08-21 08:53:00,-1659244915,1658798101930239113969,276321,276321,276321,276321,0,1658798101930239113969,50013064503670430661467
2026-08-21 08:54:00,-2178707876,2178121011132799961872,276321,276321,276321,276321,0,2178121011132799961872,50013064503670430661467
2026-08-21 08:55:00,277095532235,-277025739710000000000000,276321,276321,276321,276321,277095532235,0,50013064503670430661467
2026-08-21 08:56:00,422515091539,-422414580133000000000000,276321,276321,276321,276321,422515091539,0,50013064503670430661467
2026-08-21 08:57:00,-649260134,649103367480798266505,276321,276321,276321,276321,0,649103367480798266505,50013064503670430661467
2026-08-21 08:59:00,-205964341736,205913760376098224740471,276321,276321,276321,276321,0,205913760376098224740471,50013064503670430661467
2026-08-21 09:00:00,-106724932918,106698056069157047281845,276321,276321,276321,276321,0,106698056069157047281845,50013064503670430661467
2026-08-21 09:02:00,192908856221,-192862922081179337475077,276321,276321,276321,276321,192908856221,0,50013064503670430661467
2026-08-21 09:03:00,18904421357,-18900000000000000000000,276321,276321,276321,276321,18904421357,0,50013064503670430661467
2026-08-21 09:04:00,-14689573784,14685963197071252190145,276321,276321,276321,276321,0,14685963197071252190145,50013064503670430661467
2026-08-21 09:05:00,188191642,-188147589690873752642,276321,276321,276321,276321,188191642,0,50013064503670430661467
2026-08-21 09:06:00,99779827241,-99756669640000000000000,276321,276321,276321,276321,99779827241,0,50013064503670430661467
2026-08-21 09:07:00,34432519817,-34424620847621951758755,276321,276321,276321,276321,34432519817,0,50013064503670430661467
2026-08-21 09:09:00,-23578470238,23572783472457110609592,276321,276321,276321,276321,0,23572783472457110609592,50013064503670430661467
2026-08-21 09:11:00,-3502160498,3501313934942026306223,276321,276321,276321,276321,0,3501313934942026306223,50013064503670430661467
2026-08-21 09:12:00,-29392800000,29385675671368213117826,276321,276321,276321,276321,0,29385675671368213117826,50013064503670430661467
2026-08-21 09:16:00,-8567830000,8565746799311054216224,276321,276321,276321,276321,0,8565746799311054216224,50013064503670430661467
2026-08-21 09:17:00,-521549371212,521417034461373835005481,276321,276321,276321,276321,0,521417034461373835005481,50013064503670430661467
2026-08-21 09:21:00,355825108,-355735384843457209227,276321,276321,276321,276321,355825108,0,50013064503670430661467
2026-08-21 09:22:00,-109986800,109957746917969459103,276321,276321,276321,276321,0,109957746917969459103,50013064503670430661467
2026-08-21 09:23:00,110722773147,-110695098861927288442096,276321,276321,276321,276321,110722773147,0,50013064503670430661467
2026-08-21 09:25:00,-723758280177,723559830752829877265889,276321,276321,276321,276321,83477621,723643285958300585945735,50013064503670430661467
2026-08-21 09:26:00,-219378600000,219314312998572650936646,276321,276321,276321,276321,0,219314312998572650936646,50013064503670430661467
2026-08-21 09:27:00,5299183,-5297671136489173401,276321,276321,276321,276321,5299183,0,50013064503670430661467
2026-08-21 09:30:00,289374003981,-289293081824000000000000,276321,276321,276321,276321,289374003981,0,50013064503670430661467
2026-08-21 09:31:00,430652398080,-430538165501000000000000,276321,276321,276321,276321,430652398080,0,50013064503670430661467
2026-08-21 09:32:00,275025424641,-274956351906000000000000,276321,276321,276321,276321,275025424641,0,50013064503670430661467
2026-08-21 09:35:00,614831589553,-614688114571706398974933,276321,276321,276321,276321,615231589553,399903409396028292139,50013064503670430661467
2026-08-21 09:37:00,459897389238,-459799944959000000000000,276321,276321,276321,276321,459897389238,0,50013064503670430661467
2026-08-21 09:38:00,-333493789400,333419969392324779199008,276321,276321,276321,276321,0,333419969392324779199008,50013064503670430661467
2026-08-21 09:39:00,-3702880,3702034888899857358,276321,276321,276321,276321,0,3702034888899857358,50013064503670430661467
2026-08-21 09:41:00,-121855800,121828013340205467593,276321,276321,276321,276321,0,121828013340205467593,50013064503670430661467
2026-08-21 09:42:00,-8482787980,8480852259092507663365,276321,276321,276321,276321,0,8480852259092507663365,50013064503670430661467
2026-08-21 09:43:00,-3335675691,3334913721172035338754,276321,276321,276321,276321,0,3334913721172035338754,50013064503670430661467
2026-08-21 09:44:00,-64551471821,64536638726741345711647,276321,276321,276321,276321,0,64536638726741345711647,50013064503670430661467
2026-08-21 09:45:00,164650615532,-164615086358346029658798,276321,276321,276321,276321,164700686665,50059891746478004567,50013064503670430661467
2026-08-21 09:47:00,180415852250,-180378164896488603892654,276321,276321,276321,276321,180415852250,0,50013064503670430661467
2026-08-21 09:48:00,-210851510605,210804807548000810792445,276321,276321,276321,276321,0,210804807548000810792445,50013064503670430661467
2026-08-21 09:49:00,-157051990662,157016049153981609430518,276321,276321,276321,276321,0,157016049153981609430518,50013064503670430661467
2026-08-21 09:50:00,-232551211876,232494316258398968769584,276321,276321,276321,276321,155459588585,387920187918398968769584,50013064503670430661467
2026-08-21 09:51:00,183723370744,-183681924117078507450318,276321,276321,276321,276321,184096472023,373013997338550244110,50013064503670430661467
2026-08-21 09:52:00,85857736451,-85838828127000000000000,276321,276321,276321,276321,85857736451,0,50013064503670430661467
2026-08-21 09:53:00,70548691513,-70533375232367365455872,276321,276321,276321,276321,70548691513,0,50013064503670430661467
2026-08-21 09:54:00,299205905117,-299143158202000000000000,276321,276321,276321,276321,299205905117,0,50013064503670430661467
2026-08-21 09:55:00,-100000000000,99978227284339453156378,276321,276321,276321,276321,0,99978227284339453156378,50013064503670430661467
2026-08-21 09:57:00,403903436,-403819537776489196454,276321,276321,276321,276321,403903436,0,50013064503670430661467
2026-08-21 09:58:00,162838166,-162804343634579677742,276321,276321,276321,276321,162838166,0,50013064503670430661467
2026-08-21 10:00:00,-111664000,111639466783601683507,276321,276321,276321,276321,0,111639466783601683507,50013064503670430661467
2026-08-21 10:02:00,-169474052543,169436243688216030535569,276321,276321,276321,276321,0,169436243688216030535569,50013064503670430661467
2026-08-21 10:04:00,30182910,-30176437071648676655,276321,276321,276321,276321,30182910,0,50013064503670430661467
2026-08-21 10:05:00,8500971878,-8499150000000000000000,276321,276321,276321,276321,8500971878,0,50013064503670430661467
2026-08-21 10:07:00,168587569994,-168552036041119227176685,276321,276321,276321,276321,168587569994,0,50013064503670430661467
2026-08-21 10:08:00,706404280,-706257779530397827815,276321,276321,276321,276321,706404280,0,50013064503670430661467
2026-08-21 10:11:00,-12655003632,12652221624040487801794,276321,276321,276321,276321,219024510,12871200715371332574472,50013064503670430661467
2026-08-21 10:13:00,-100168674427,100146448802980782970360,276321,276321,276321,276321,0,100146448802980782970360,50013064503670430661467
2026-08-21 10:14:00,-10008478446,10006235704009455259680,276321,276321,276321,276321,0,10006235704009455259680,50013064503670430661467
2026-08-21 10:15:00,-503197245429,503076569971410474417859,276321,276321,276321,276321,229653152571,732675296413544561569833,50013064503670430661467
2026-08-21 10:19:00,146831916756,-146798223859805510804613,276321,276321,276321,276321,146855195625,23273179314080958461,50013064503670430661467
2026-08-21 10:20:00,436719598604,-436624479496000000000000,276321,276321,276321,276321,436719598604,0,50013064503670430661467
2026-08-21 10:21:00,-109954201175,109929651746690536189965,276321,276321,276321,276321,0,109929651746690536189965,50013064503670430661467
2026-08-21 10:22:00,-103856439729,103832807900916387603273,276321,276321,276321,276321,0,103832807900916387603273,50013064503670430661467
2026-08-21 10:29:00,-598648909027,598504284651170077575816,276321,276321,276321,276321,0,598504284651170077575816,50013064503670430661467
2026-08-21 10:31:00,-30347133808,30338117005456687354783,276321,276321,276321,276321,108683346875,138994843160456687354783,50013064503670430661467
2026-08-21 10:32:00,-448199832221,448078198533500687671743,276321,276321,276321,276321,286231503779,734235209611648363192766,50013064503670430661467
2026-08-21 10:33:00,342080944456,-341994108855000000000000,276321,276321,276321,276321,342080944456,0,50013064503670430661467
2026-08-21 10:34:00,235312570152,-235255914052632510327004,276321,276321,276321,276321,265422695621,30102627768267059798421,50013064503670430661467
2026-08-21 10:35:00,-671712353517,671533648307085077912726,276321,276321,276321,276321,169109349559,840597704908085077912726,50013064503670430661467
2026-08-21 10:36:00,239703676377,-239641434560000000000000,276321,276321,276321,276321,239703676377,0,50013064503670430661467
2026-08-21 10:37:00,586895608450,-586755611054330506202928,276321,276321,276321,276321,811985902536,225036248550669493797072,50013064503670430661467
2026-08-21 10:38:00,300067638762,-300000000000260851125270,276321,276321,276321,276321,300067638762,0,50013064503670430661467
2026-08-21 10:39:00,-426317865916,426208876052275384231174,276321,276321,276321,276321,558670935084,984741471652275384231173,50013064503670430661467
2026-08-21 10:40:00,-134247419209,134209014887785682682735,276321,276321,276321,276321,390921961762,525033519691785682682735,50013064503670430661467
2026-08-21 10:41:00,5225277118,-5224014074000000000000,276321,276321,276321,276321,5225277118,0,50013064503670430661467
2026-08-21 10:42:00,538221942852,-538097930800263599678311,276321,276321,276321,276321,558195252312,19968680735705394179161,50013064503670430661467
2026-08-21 10:45:00,129383972733,-129355830198000000000000,276321,276321,276321,276321,129383972733,0,50013064503670430661467
2026-08-21 10:47:00,-70494740215,70478644006174004403997,276321,276321,276321,276321,0,70478644006174004403997,50013064503670430661467
2026-08-21 10:48:00,20942451008,-20937900346901474856845,276321,276321,276321,276321,20997286008,54822401098525143155,50013064503670430661467
2026-08-21 10:49:00,-12516617048,12513748813126949485221,276321,276321,276321,276321,0,12513748813126949485221,50013064503670430661467
2026-08-21 10:50:00,94277944314,-94257765157727104295837,276321,276321,276321,276321,105934986358,11654414518272895704163,50013064503670430661467
2026-08-21 10:52:00,23951291586,-23946186148000000000000,276321,276321,276321,276321,23951291586,0,50013064503670430661467
2026-08-21 10:58:00,-16546302657,16542579594038056344987,276321,276321,276321,276321,0,16542579594038056344987,50013064503670430661467
2026-08-21 10:59:00,-539262217801,539134888292521493591734,276321,276321,276321,276321,0,539134888292521493591734,50013064503670430661467
2026-08-21 11:01:00,254403973456,-254345507764000000000000,276321,276321,276321,276321,254403973456,0,50013064503670430661467
2026-08-21 11:03:00,41369434238,-41360174495681716901041,276321,276321,276321,276321,41617573208,248080640318283098959,50013064503670430661467
2026-08-21 11:05:00,-31767412519,31759924689908008300031,276321,276321,276321,276321,0,31759924689908008300031,50013064503670430661467
2026-08-21 11:06:00,1750939794,-1750547040520926072739,276321,276321,276321,276321,1750939794,0,50013064503670430661467
2026-08-21 11:07:00,108598923309,-108574802961275626423690,276321,276321,276321,276321,108598923309,0,50013064503670430661467
2026-08-21 11:10:00,229576442,-229525951609682851632,276321,276321,276321,276321,229576442,0,50013064503670430661467
2026-08-21 11:11:00,-15100000000,15096493415483462655718,276321,276321,276321,276321,0,15096493415483462655718,50013064503670430661467
2026-08-21 11:12:00,-656479474927,656318212496682893907156,276321,276321,276321,276321,0,656318212496682893907156,50013064503670430661467
2026-08-21 11:13:00,167483478388,-167442708897492246224470,276321,276321,276321,276321,167483478388,0,50013064503670430661467
2026-08-21 11:14:00,1047755816,-1047504297245643897937,276321,276321,276321,276321,1047755816,0,50013064503670430661467
2026-08-21 11:16:00,173330813516,-173289808638000000000000,276321,276321,276321,276321,173330813516,0,50013064503670430661467
2026-08-21 11:17:00,5564988786,-5563692176318298504856,276321,276321,276321,276321,5564988786,0,50013064503670430661467
2026-08-21 11:19:00,256068957811,-256011100701693039062930,276321,276321,276321,276321,294943940039,38865787464545269027606,50013064503670430661467
2026-08-21 11:20:00,-107498172507,107472717747998788876714,276321,276321,276321,276321,0,107472717747998788876714,50013064503670430661467
2026-08-21 11:21:00,-126139801539,126109343529536767523003,276321,276321,276321,276321,0,126109343529536767523003,50013064503670430661467
2026-08-21 11:23:00,157149213212,-157113317669972441573725,276321,276321,276321,276321,162760016298,5609433513027558426275,50013064503670430661467
2026-08-21 11:26:00,-140699361401,140665521277538211491051,276321,276321,276321,276321,0,140665521277538211491051,50013064503670430661467
2026-08-21 11:27:00,-113081774663,113054003255927329717211,276321,276321,276321,276321,7682233,113061683677131540755870,50013064503670430661467
2026-08-21 11:29:00,-187652527104,187605314294938150961575,276321,276321,276321,276321,0,187605314294938150961575,50013064503670430661467
2026-08-21 11:31:00,-10007069293,10004512009644174553462,276321,276321,276321,276321,0,10004512009644174553462,50013064503670430661467
2026-08-21 11:32:00,49219315527,-49207366710000000000000,276321,276321,276321,276321,49219315527,0,50013064503670430661467
2026-08-21 11:34:00,2236013308,-2235472777910676755075,276321,276321,276321,276321,2236013308,0,50013064503670430661467
2026-08-21 11:35:00,1279044639,-1278735535301848959351,276321,276321,276321,276321,1279044639,0,50013064503670430661467
2026-08-21 11:37:00,-45549404089,45535999147468161998762,276321,276321,276321,276321,150899005202,196397810853468161998761,50013064503670430661467
2026-08-21 11:38:00,1708240846,-1707825011035073359836,276321,276321,276321,276321,1708240846,0,50013064503670430661467
2026-08-21 11:39:00,252438470300,-252378873195441500034189,276321,276321,276321,276321,300071236119,47621126804558499965811,50013064503670430661467
2026-08-21 11:40:00,-35506206014,35493995918336836048152,276321,276321,276321,276321,289667059367,325095151988336836048152,50013064503670430661467
2026-08-21 11:42:00,-397239691297,397138530273218096002573,276321,276321,276321,276321,0,397138530273218096002573,50013064503670430661467
2026-08-21 11:44:00,-80364534005,80343296697796478776501,276321,276321,276321,276321,377718821,80720919667499832914196,50013064503670430661467
2026-08-21 11:45:00,164401332748,-164360145916841094268336,276321,276321,276321,276321,164442621114,41277662158905731664,50013064503670430661467
2026-08-21 11:47:00,-110824050350,110795074818712779341389,276321,276321,276321,276321,0,110795074818712779341389,50013064503670430661467
2026-08-21 11:48:00,-10088922451,10086259555251636793344,276321,276321,276321,276321,59237812,10145482435348056192040,50013064503670430661467
2026-08-21 11:49:00,279130125526,-279067446068565827922358,276321,276321,276321,276321,789705407898,510451360429434172077642,50013064503670430661467
2026-08-21 11:51:00,-50610436400,50597585040750835976676,276321,276321,276321,276321,0,50597585040750835976676,50013064503670430661467
2026-08-21 11:52:00,-248075976,248012730092149095896,276321,276321,276321,276321,0,248012730092149095896,50013064503670430661467
2026-08-21 11:53:00,-201749455810,201697197562246133773998,276321,276321,276321,276321,750341690,202447350893681213500650,50013064503670430661467
2026-08-21 11:54:00,-11562465737,11559421982683918162641,276321,276321,276321,276321,0,11559421982683918162641,50013064503670430661467
2026-08-21 11:55:00,-88234489,88211240635147473704,276321,276321,276321,276321,0,88211240635147473704,50013064503670430661467
2026-08-21 11:58:00,-12138085862,12134884787087182148798,276321,276321,276321,276321,0,12134884787087182148798,50013064503670430661467
2026-08-21 12:02:00,65582113361,-65565674787056116420608,276321,276321,276321,276321,65582113361,0,50013064503670430661467
2026-08-21 12:05:00,-38803448137,38793262695200805555954,276321,276321,276321,276321,1196551863,39989514319200805555954,50013064503670430661467
2026-08-21 12:08:00,-124257390,124224722755454117380,276321,276321,276321,276321,0,124224722755454117380,50013064503670430661467
2026-08-21 12:09:00,50932907,-50920128080996247958,276321,276321,276321,276321,50932907,0,50013064503670430661467
2026-08-21 12:10:00,316989231962,-316911767954304964805025,276321,276321,276321,276321,321999285216,5008800113555521960623,50013064503670430661467
2026-08-21 12:11:00,-290928214286,290853719029138948027787,276321,276321,276321,276321,500124965,291353719029138948027787,50013064503670430661467
2026-08-21 12:14:00,-300000000,299921441772727526837,276321,276321,276321,276321,0,299921441772727526837,50013064503670430661467
2026-08-21 12:15:00,-70000000000,69981571391758087837330,276321,276321,276321,276321,0,69981571391758087837330,50013064503670430661467
2026-08-21 12:16:00,-788707211,788498454688701869396,276321,276321,276321,276321,0,788498454688701869396,50013064503670430661467
2026-08-21 12:17:00,-415869833998,415738146312716221004310,276321,276321,276320,276321,1513083413247,1928368295048917832292676,50013064503670430661467
2026-08-21 12:18:00,111380251948,-111350502640000000000000,276321,276321,276321,276321,111380251948,0,50013064503670430661467
2026-08-21 12:19:00,243304076738,-243240815784000000000000,276321,276321,276321,276321,243304076738,0,50013064503670430661467
2026-08-21 12:28:00,-6378458664,6376753897761673566941,276321,276321,276321,276321,0,6376753897761673566941,50013064503670430661467
2026-08-21 12:30:00,-244812708,244747244554892180655,276321,276321,276321,276321,0,244747244554892180655,50013064503670430661467
2026-08-21 12:31:00,-53685325915,53670120564796638023428,276321,276321,276321,276321,66012088880,119665120564796638023428,50013064503670430661467
2026-08-21 12:37:00,-8991352710,8988927451657832855271,276321,276321,276321,276321,0,8988927451657832855271,50013064503670430661467
2026-08-21 12:42:00,-140566489601,140528085245089435244232,276321,276321,276321,276321,5740596051,146267168026878284409273,50013064503670430661467
2026-08-21 12:44:00,69753460317,-69735175157000000000000,276321,276321,276321,276321,69753460317,0,50013064503670430661467
2026-08-21 12:45:00,35039111758,-35030000000000000000000,276321,276321,276321,276321,35039111758,0,50013064503670430661467
2026-08-21 12:46:00,10192527656,-10189886351000000000000,276321,276321,276321,276321,10192527656,0,50013064503670430661467
2026-08-21 12:48:00,148714917632,-148676851783818066368879,276321,276321,276321,276321,148714917632,0,50013064503670430661467
2026-08-21 12:49:00,77518337947,-77498846467624861366322,276321,276321,276321,276321,77518337947,0,50013064503670430661467
2026-08-21 12:50:00,4641393376,-4640233949920137533102,276321,276321,276321,276321,4641393376,0,50013064503670430661467
2026-08-21 12:51:00,15742803297,-15738877138773120047148,276321,276321,276321,276321,15742803297,0,50013064503670430661467
2026-08-21 12:55:00,950236665,-949999999000000000000,276321,276321,276321,276321,950236665,0,50013064503670430661467
2026-08-21 12:56:00,-675101250220,674915913828373378268478,276321,276321,276321,276321,0,674915913828373378268478,50013064503670430661467
2026-08-21 12:57:00,251383867,-251314480383164665121,276321,276321,276321,276321,251383867,0,50013064503670430661467
2026-08-21 12:58:00,9160526787,-9158000000000000000000,276321,276321,276321,276321,9160526787,0,50013064503670430661467
2026-08-21 13:01:00,74912784,-74892135520111184684,276321,276321,276321,276321,74912784,0,50013064503670430661467
2026-08-21 13:07:00,-145075277091,145033126291049993430065,276321,276321,276321,276321,0,145033126291049993430065,50013064503670430661467
2026-08-21 13:09:00,-542976248008,542811022747124793248386,276321,276320,276320,276321,0,542811022747124793248386,50013064503670430661467
2026-08-21 13:11:00,-432926008176,432785827052371668064562,276320,276320,276320,276320,0,432785827052371668064562,50013064503670430661467
2026-08-21 13:12:00,-302091690380,301989435832994711098574,276320,276320,276320,276320,0,301989435832994711098574,50013064503670430661467
2026-08-21 13:13:00,764133588,-763879503000000000000,276320,276320,276320,276320,764133588,0,50013064503670430661467
2026-08-21 13:14:00,12113110054,-12109087098761099435505,276320,276320,276320,276320,12255530266,142371148057353573931,50013064503670430661467
2026-08-21 13:15:00,49994493,-49977895000000000000,276320,276320,276320,276320,49994493,0,50013064503670430661467
2026-08-21 13:16:00,153376446891,-153325994059445764193250,276320,276320,276320,276320,153376446891,0,50013064503670430661467
2026-08-21 13:17:00,236041881359,-235966072921984117217428,276320,276320,276320,276320,236041881359,0,50013064503670430661467
2026-08-21 13:19:00,99690761,-99659214652813643813,276320,276320,276320,276320,99690761,0,50013064503670430661467
2026-08-21 13:23:00,106383951557,-106350513189139863866382,276320,276320,276320,276320,106383951557,0,50013064503670430661467
2026-08-21 13:25:00,1736820490,-1736278330000000000000,276320,276320,276320,276320,1736820490,0,50013064503670430661467
2026-08-21 13:26:00,72522086506,-72499555862013323517952,276320,276320,276320,276320,72522086506,0,50013064503670430661467
2026-08-21 13:28:00,107291766569,-107258819499007315090856,276320,276320,276320,276320,107291766569,0,50013064503670430661467
2026-08-21 13:29:00,-24950000,24942092253539888780,276320,276320,276320,276320,0,24942092253539888780,50013064503670430661467
2026-08-21 13:30:00,-142675503407,142628762911929120299891,276320,276320,276320,276320,92962968387,235562683432994743594986,50013064503670430661467
2026-08-21 13:32:00,35836845526,-35825738880567626530510,276320,276320,276320,276320,35836845526,0,50013064503670430661467
2026-08-21 13:33:00,-85250448112,85222918868827185989254,276320,276320,276320,276320,111320848,85334204916709856346536,50013064503670430661467
2026-08-21 13:34:00,7454535799,-7452249261375480467306,276320,276320,276320,276320,11017432660,3561740054624519532694,50013064503670430661467
2026-08-21 13:38:00,4373422614,-4372057108000000000000,276320,276320,276320,276320,4373422614,0,50013064503670430661467
2026-08-21 13:39:00,99906334506,-99875350615082441760814,276320,276320,276320,276320,100031023810,124649384917558239186,50013064503670430661467
2026-08-21 13:40:00,-68360249274,68338266667971661422970,276320,276320,276320,276320,340984590,68679146186944258918940,50013064503670430661467
2026-08-21 13:42:00,404956761970,-404836270339191967636467,276321,276321,276321,276321,582004101047,176993666916148225451021,50013064503670430661467
2026-08-21 13:43:00,-49750000,49734741630226997694,276321,276321,276321,276321,0,49734741630226997694,50013064503670430661467
2026-08-21 13:44:00,298587990,-298500000000000000000,276321,276321,276321,276321,298587990,0,50013064503670430661467
2026-08-21 13:45:00,9446123,-9443340370000000000,276321,276321,276321,276321,9446123,0,50013064503670430661467
2026-08-21 13:47:00,178936526405,-178887538357308693315298,276321,276321,276321,276321,437478141763,258465511062691306684702,50013064503670430661467
2026-08-21 13:48:00,370817912462,-370718189882520391948115,276321,276321,276321,276321,716802718995,345888695523479608051885,50013064503670430661467
2026-08-21 13:49:00,132395959612,-132361378471091745002296,276321,276321,276321,276321,230251857250,97827846380288153869512,50013064503670430661467
2026-08-21 13:50:00,193113686058,-193062847389538286693148,276321,276321,276321,276321,197913615153,4798587474461713306852,50013064503670430661467
2026-08-21 13:51:00,-233307582527,233241522548898781882785,276321,276321,276321,276321,132037925253,365243578218898781882785,50013064503670430661467
2026-08-21 13:54:00,-595692379057,595517872332956805683837,276321,276321,276321,276321,1152702206,596670236963544563496494,50013064503670430661467
2026-08-21 13:55:00,-177195046700,177140404845195747211763,276320,276320,276320,276320,0,177140404845195747211763,50013064503670430661467
2026-08-21 13:58:00,-3082961805,3082000000000000000000,276320,276320,276320,276320,0,3082000000000000000000,50013064503670430661467
2026-08-21 13:59:00,244133830468,-244061795870988954992255,276321,276321,276321,276321,246133547615,1999103907473667676368,50013064503670430661467
2026-08-21 14:01:00,1627051364,-1626579115850142913276,276321,276321,276321,276321,1627051364,0,50013064503670430661467
2026-08-21 14:02:00,22576421144,-22569879293974739386046,276321,276321,276321,276321,22576421144,0,50013064503670430661467
2026-08-21 14:03:00,-132394134074,132353800841571174337389,276321,276321,276321,276321,7605865926,139957467445572823782434,50013064503670430661467
2026-08-21 14:05:00,-61446340886,61427425859373210161855,276320,276320,276320,276320,0,61427425859373210161855,50013064503670430661467
2026-08-21 14:07:00,-12858740,12854765052788825616,276320,276320,276320,276320,0,12854765052788825616,50013064503670430661467
2026-08-21 14:10:00,7503143227,-7500915453401807958806,276320,276320,276320,276320,7503143227,0,50013064503670430661467
2026-08-21 14:11:00,1000501332,-1000204441913439595535,276320,276320,276320,276320,1000501332,0,50013064503670430661467
2026-08-21 14:12:00,849586000349,-849348348021601489020206,276321,276321,276321,276321,850651425040,1065131978398510979794,50013064503670430661467
2026-08-21 14:13:00,-4248000000,4246832463842315065397,276321,276321,276321,276321,0,4246832463842315065397,50013064503670430661467
2026-08-21 14:14:00,-34713998628,34704407811806325086437,276321,276321,276321,276321,1905274302,36609181173402607813219,50013064503670430661467
2026-08-21 14:15:00,15273013,-15268976811371851577,276321,276321,276321,276321,15273013,0,50013064503670430661467
2026-08-21 14:17:00,-446028537960,445901317203927212176126,276321,276321,276321,276321,0,445901317203927212176126,50013064503670430661467
2026-08-21 14:19:00,175379818243,-175330949944000000000000,276321,276321,276321,276321,175379818243,0,50013064503670430661467
2026-08-21 14:20:00,-133990422426,133951588529210273601480,276321,276321,276321,276321,154732134,134106278092356874265481,50013064503670430661467
2026-08-21 14:21:00,-98652830,98623974757872958474,276321,276321,276321,276321,0,98623974757872958474,50013064503670430661467
2026-08-21 14:22:00,38181352874,-38170672244000000000000,276321,276321,276321,276321,38181352874,0,50013064503670430661467
2026-08-21 14:23:00,242371758210,-242305317575313625539834,276321,276321,276321,276321,242371758210,0,50013064503670430661467
2026-08-21 14:24:00,-19025151,19019798758415249735,276321,276321,276321,276321,0,19019798758415249735,50013064503670430661467
2026-08-21 14:26:00,-196498652,196442094455976303889,276321,276321,276321,276321,107081560,303494818509900120186,50013064503670430661467
2026-08-21 14:28:00,132834741242,-132799322654000000000000,276321,276321,276321,276321,132834741242,0,50013064503670430661467
2026-08-21 14:30:00,670328401300,-670160438764341067628726,276321,276321,276321,276321,671228734024,900108392867721789139,50013064503670430661467
2026-08-21 14:31:00,-374839185582,374742973869672694382007,276321,276321,276321,276321,0,374742973869672694382007,50013064503670430661467
2026-08-21 14:33:00,-66832000,66814344125775149234,276321,276321,276321,276321,0,66814344125775149234,50013064503670430661467
2026-08-21 14:34:00,-175557442475,175510449605986493606140,276321,276321,276321,276321,0,175510449605986493606140,50013064503670430661467
2026-08-21 14:35:00,-140000000000,139961642109225562512036,276321,276321,276321,276321,0,139961642109225562512036,50013064503670430661467
2026-08-21 14:37:00,91677369,-91653095134122306479,276321,276321,276321,276321,91677369,0,50013064503670430661467
2026-08-21 14:38:00,-288703516,288623606376613843304,276321,276321,276321,276321,0,288623606376613843304,50013064503670430661467
2026-08-21 14:39:00,-11176983737,11173887551537960016758,276321,276321,276321,276321,0,11173887551537960016758,50013064503670430661467
2026-08-21 14:40:00,44909111,-44897251530672752646,276321,276321,276321,276321,49228566,4318257409148144532,50013064503670430661467
2026-08-21 14:41:00,-540039324676,539883777569325162492305,276321,276321,276321,276321,0,539883777569325162492305,50013064503670430661467
2026-08-21 14:42:00,-108853426281,108818469245036313097615,276321,276321,276321,276321,182751166365,291517885339227273747779,50013064503670430661467
2026-08-21 14:44:00,55082992623,-55067014366552436240084,276321,276321,276321,276321,55082992623,0,50013064503670430661467
2026-08-21 14:46:00,137102316398,-137063072914000496820224,276321,276321,276321,276321,137102316398,0,50013064503670430661467
2026-08-21 14:48:00,202984235975,-202927514473000000000000,276321,276321,276321,276321,202984235975,0,50013064503670430661467
2026-08-21 14:49:00,-198943520253,198885557302188275935772,276321,276321,276321,276321,0,198885557302188275935772,50013064503670430661467
2026-08-21 14:51:00,-6739130947,6737139772447345344111,276321,276321,276321,276321,0,6737139772447345344111,50013064503670430661467
2026-08-21 14:53:00,118119337082,-118086116973003180476481,276321,276321,276321,276321,118119337082,0,50013064503670430661467
2026-08-21 14:55:00,-196794249440,196736232353438053408316,276321,276321,276321,276321,0,196736232353438053408316,50013064503670430661467
2026-08-21 15:05:00,-262700456825,262620597404761378601196,276320,276320,276320,276320,0,262620597404761378601196,50013064503670430661467
2026-08-21 15:06:00,-1549232472,1548753329914918620739,276320,276320,276320,276320,0,1548753329914918620739,50013064503670430661467
2026-08-21 15:07:00,150116296914,-150072116224744680139680,276320,276321,276320,276321,150116296914,0,50013064503670430661467
2026-08-21 15:09:00,55172420460,-55156409045000000000000,276321,276321,276321,276321,55172420460,0,50013064503670430661467
2026-08-21 15:10:00,114236628559,-114208415790812303527627,276321,276321,276321,276321,493735978153,379389693373187696472373,50013064503670430661467
2026-08-21 15:13:00,175576861626,-175527519492000000000000,276321,276321,276321,276321,175576861626,0,50013064503670430661467
2026-08-21 15:14:00,454253315584,-454131375562022574345266,276321,276321,276321,276321,454253315584,0,50013064503670430661467
2026-08-21 15:15:00,-27445423375,27437960772991840097169,276321,276321,276321,276321,0,27437960772991840097169,50013064503670430661467
2026-08-21 15:16:00,-178325337052,178276115770937782297483,276321,276321,276321,276321,0,178276115770937782297483,50013064503670430661467
2026-08-21 15:17:00,-70556554005,70536728050027803655260,276321,276321,276321,276321,0,70536728050027803655260,50013064503670430661467
2026-08-21 15:20:00,-100031775909,100003314578983131173301,276321,276321,276321,276321,997736081,101000780885259106896000,50013064503670430661467
2026-08-21 15:22:00,-530093554,529941727841710254704,276321,276321,276321,276321,0,529941727841710254704,50013064503670430661467
2026-08-21 15:23:00,348259385629,-348166237924841794568192,276321,276321,276321,276321,348259385629,0,50013064503670430661467
2026-08-21 15:25:00,-3240515753,3239632492862836623610,276321,276321,276321,276321,0,3239632492862836623610,50013064503670430661467
2026-08-21 15:27:00,236514239383,-236453713448000000000000,276321,276321,276321,276321,236514239383,0,50013064503670430661467
2026-08-21 15:28:00,-176450195976,176403135897486919129174,276321,276321,276321,276321,0,176403135897486919129174,50013064503670430661467
2026-08-21 15:29:00,250063325123,-250000000000000000000000,276321,276321,276321,276321,250063325123,0,50013064503670430661467
2026-08-21 15:30:00,-8386840363,8384656404473738826809,276321,276321,276321,276321,0,8384656404473738826809,50013064503670430661467
2026-08-21 15:34:00,-325812100783,325725082084994957406517,276321,276321,276321,276321,0,325725082084994957406517,50013064503670430661467
2026-08-21 15:35:00,-706739203757,706535861175832952000223,276321,276321,276321,276321,0,706535861175832952000223,50013064503670430661467
2026-08-21 15:37:00,545901371545,-545749099317704964093487,276321,276321,276321,276321,545901371545,0,50013064503670430661467
2026-08-21 15:38:00,-258686264226,258612488578972623714310,276321,276321,276321,276321,0,258612488578972623714310,50013064503670430661467
2026-08-21 15:39:00,-429830400571,429701900978238186070067,276321,276321,276321,276321,0,429701900978238186070067,50013064503670430661467
2026-08-21 15:40:00,-327311104743,327206500910518022859831,276320,276321,276320,276321,150043895257,477206500910518022859831,50013064503670430661467
2026-08-21 15:41:00,-607197655485,606995603080968647667625,276320,276320,276320,276320,0,606995603080968647667625,50013064503670430661467
2026-08-21 15:43:00,-368562417162,368432574548372792058437,276320,276320,276320,276320,1000552285,369432778990286231693972,50013064503670430661467
2026-08-21 15:44:00,-235593722502,235507887308662732544677,276320,276320,276320,276320,0,235507887308662732544677,50013064503670430661467
2026-08-21 15:45:00,-754307590618,754015359240337267455323,276320,276320,276320,276320,207480621169,961414784658993139853850,50013064503670430661467
2026-08-21 15:46:00,250095585925,-250000000000000000000000,276320,276320,276320,276320,250095585925,0,50013064503670430661467
2026-08-21 15:47:00,250093085171,-250000000000000000000000,276320,276320,276320,276320,250093085171,0,50013064503670430661467
2026-08-21 15:48:00,-169877113009,169812117503214095991812,276320,276320,276320,276320,120002817,169932076255290976702310,50013064503670430661467
2026-08-21 15:51:00,250092283068,-250000000000000000000000,276320,276320,276320,276320,250092283068,0,50013064503670430661467
2026-08-21 15:52:00,118369589436,-118326797258555637247337,276320,276320,276320,276320,119549230107,1179202741735339454973,50013064503670430661467
2026-08-21 15:53:00,1000359376,-1000000000000000000000,276320,276320,276320,276320,1000359376,0,50013064503670430661467
2026-08-21 15:57:00,245301066134,-245214207204920725267923,276320,276320,276320,276320,250088636644,4785792795079274732077,50013064503670430661467
2026-08-21 15:58:00,250311993058,-250225780403767979231834,276320,276320,276320,276320,250311993058,0,50013064503670430661467
2026-08-21 15:59:00,-456047149017,455882730596437133427482,276320,276320,276320,276320,54940228,455937651175256352947446,50013064503670430661467
2026-08-21 16:00:00,38163058,-38149409448130192973,276320,276320,276320,276320,38163058,0,50013064503670430661467
2026-08-21 16:01:00,-348583658394,348451008612509442355772,276320,276320,276320,276320,114301571592,462709847371509442355772,50013064503670430661467
2026-08-21 16:02:00,-54001133369,53980361784529437137818,276320,276320,276320,276320,0,53980361784529437137818,50013064503670430661467
2026-08-21 16:03:00,-35777769915,35763942673878834586141,276320,276320,276320,276320,91848735,35855756950511663952499,50013064503670430661467
2026-08-21 16:04:00,628067134,-627831514401253259670,276320,276320,276320,276320,628067134,0,50013064503670430661467
2026-08-21 16:05:00,-290313636554,290199553331872196623294,276320,276320,276320,276320,708596648,290907875926221530585957,50013064503670430661467
2026-08-21 16:06:00,833826163,-833503701594533029613,276320,276320,276320,276320,833826163,0,50013064503670430661467
2026-08-21 16:07:00,61481969290,-61458277916832415072910,276320,276320,276320,276320,62207865909,725607189877195463180,50013064503670430661467
2026-08-21 16:08:00,137799169716,-137746599621125650130926,276320,276320,276320,276320,137799169716,0,50013064503670430661467
2026-08-21 16:09:00,-200272392065,200193336203218236003956,276320,276320,276320,276320,0,200193336203218236003956,50013064503670430661467
2026-08-21 16:10:00,167987701217,-167924290394692377881861,276320,276320,276320,276320,250871291942,82851235157383973576257,50013064503670430661467
2026-08-21 16:11:00,250093794363,-250000000000000000000000,276320,276320,276320,276320,250093794363,0,50013064503670430661467
2026-08-21 16:12:00,250091293635,-250000000000000000000000,276320,276320,276320,276320,250091293635,0,50013064503670430661467
2026-08-21 16:13:00,-10036381782,10032645841883574028665,276320,276320,276320,276320,0,10032645841883574028665,50013064503670430661467
2026-08-21 16:14:00,250514498260,-250425455812368676624761,276320,276320,276320,276320,250514498260,0,50013064503670430661467
2026-08-21 16:15:00,-88887131253,88854758198596169029398,276320,276320,276320,276320,0,88854758198596169029398,50013064503670430661467
2026-08-21 16:16:00,250087277171,-250000000000000000000000,276320,276320,276320,276320,250087277171,0,50013064503670430661467
2026-08-21 16:17:00,442092538574,-441944369492000000000000,276320,276320,276320,276320,442092538574,0,50013064503670430661467
2026-08-21 16:18:00,-101812040367,101774388680127684288552,276320,276320,276320,276320,250083874645,351774388680127684288552,50013064503670430661467
2026-08-21 16:19:00,238806855776,-238729231773866768917922,276320,276320,276320,276320,250081485756,11270768226133231082078,50013064503670430661467
2026-08-21 16:22:00,142313303609,-142269340905387653504735,276320,276320,276320,276320,250078986257,107730659094612346495265,50013064503670430661467
2026-08-21 16:23:00,-272572812951,272479149525029862592475,276320,276320,276320,276320,250597912012,522994099194329793686491,50013064503670430661467
2026-08-21 16:29:00,369487935,-369367467330580036416,276320,276320,276320,276320,369487935,0,50013064503670430661467
2026-08-21 16:30:00,167185929,-167131421560691185876,276320,276320,276320,276320,167185929,0,50013064503670430661467
2026-08-21 16:32:00,229593128,-229518275521252933947,276320,276320,276320,276320,229593128,0,50013064503670430661467
2026-08-21 16:33:00,10003259250,-10000000000000000000000,276320,276320,276320,276320,10003259250,0,50013064503670430661467
2026-08-21 16:34:00,1317159217,-1316730360000000000000,276320,276320,276320,276320,1317159217,0,50013064503670430661467
2026-08-21 16:36:00,1427218284,-1426753671000000000000,276320,276320,276320,276320,1427218284,0,50013064503670430661467
2026-08-21 16:37:00,6701244282,-6699063863000000000000,276320,276320,276320,276320,6701244282,0,50013064503670430661467
2026-08-21 16:39:00,-156595565,156542754185637232350,276320,276320,276320,276320,0,156542754185637232350,50013064503670430661467
2026-08-21 16:40:00,181295334202,-181237025179386658995379,276320,276320,276320,276320,181295334202,0,50013064503670430661467
2026-08-21 16:44:00,160365692158,-160315209623000000000000,276320,276320,276320,276320,160365692158,0,50013064503670430661467
2026-08-21 16:45:00,-4797828125,4796275147126124405470,276320,276320,276320,276320,0,4796275147126124405470,50013064503670430661467
2026-08-21 16:46:00,-952834259,952525731763099537157,276320,276320,276320,276320,0,952525731763099537157,50013064503670430661467
2026-08-21 16:47:00,-991041761,990720823978287303811,276320,276320,276320,276320,0,990720823978287303811,50013064503670430661467
2026-08-21 16:49:00,26948787101,-26940398542913154663491,276320,276320,276320,276320,27048787101,99967722205877491092,50013064503670430661467
2026-08-21 16:51:00,-39759766,39746208971613036638,276320,276320,276320,276320,60240234,99967721806176780676,50013064503670430661467
2026-08-21 16:52:00,175487794176,-175433870622584991439430,276320,276320,276320,276320,175487794176,0,50013064503670430661467
2026-08-21 16:55:00,-69905981,69883906323188070638,276320,276320,276320,276320,0,69883906323188070638,50013064503670430661467
2026-08-21 16:56:00,836292573,-836039683532139372572,276320,276320,276320,276320,931292573,94970005207427131699,50013064503670430661467
2026-08-21 16:57:00,383055394224,-382941977715989557075810,276321,276321,276321,276321,383079472085,24070520010442924190,50013064503670430661467
2026-08-21 16:58:00,-2132456159,2131811021437802288743,276321,276321,276321,276321,366913841,2498619000199560497197,50013064503670430661467
2026-08-21 16:59:00,3983740120,-3982591072428348055691,276321,276321,276321,276321,3983740120,0,50013064503670430661467
2026-08-21 17:00:00,4957679,-4956250000000000000,276321,276321,276321,276321,4957679,0,50013064503670430661467
2026-08-21 17:01:00,250072108,-250000000000000000000,276321,276321,276321,276321,250072108,0,50013064503670430661467
2026-08-21 17:02:00,10001881990,-9999000000000000000000,276321,276321,276321,276321,10001881990,0,50013064503670430661467
2026-08-21 17:06:00,709741365271,-709547066666007328991273,276321,276321,276321,276321,709741365271,0,50013064503670430661467
2026-08-21 17:07:00,55771752299,-55759366067907448073233,276321,276321,276321,276321,224859146217,169040910459092551926767,50013064503670430661467
2026-08-21 17:09:00,-1939311317,1938788904094500170047,276321,276321,276321,276321,0,1938788904094500170047,50013064503670430661467
2026-08-21 17:10:00,1755376431,-1754971786739667476552,276321,276321,276321,276321,5686887454,3930451488099960448873,50013064503670430661467
2026-08-21 17:11:00,842780164715,-842579003578507813464547,276321,276321,276321,276321,970616049673,127806085870492186535453,50013064503670430661467
2026-08-21 17:14:00,199676113545,-199632250502000000000000,276321,276321,276321,276321,199676113545,0,50013064503670430661467
2026-08-21 17:15:00,1999800185,-1999368949051555901129,276321,276321,276321,276321,1999800185,0,50013064503670430661467
2026-08-21 17:16:00,-486242264697,486126871580558998127093,276321,276321,276321,276321,0,486126871580558998127093,50013064503670430661467
2026-08-21 17:17:00,275888703,-275823861218742938932,276321,276321,276321,276321,275888703,0,50013064503670430661467
2026-08-21 17:18:00,250075678268,-250018153800580135501817,276321,276321,276321,276321,250075678268,0,50013064503670430661467
2026-08-21 17:19:00,-325190692779,325111500141347395852512,276321,276321,276321,276321,0,325111500141347395852512,50013064503670430661467
2026-08-21 17:20:00,96805646276,-96782791002000000000000,276321,276321,276321,276321,96805646276,0,50013064503670430661467
2026-08-21 17:21:00,150044452846,-150009768499662460004179,276321,276321,276321,276321,150044452846,0,50013064503670430661467
2026-08-21 17:22:00,193929174565,-193885679130330652495135,276321,276321,276321,276321,193929174565,0,50013064503670430661467
2026-08-21 17:23:00,196282737,-196239475500000000000,276321,276321,276321,276321,196282737,0,50013064503670430661467
2026-08-21 17:34:00,-609723362,609581655191079751697,276321,276321,276321,276321,0,609581655191079751697,50013064503670430661467
2026-08-21 17:35:00,-27601426,27595010394109419156,276321,276321,276321,276321,0,27595010394109419156,50013064503670430661467
2026-08-21 17:36:00,-89999400509,89978320602735948945709,276321,276321,276321,276321,0,89978320602735948945709,50013064503670430661467
2026-08-21 17:38:00,63970218875,-63955969784679365865229,276321,276321,276321,276321,63970218875,0,50013064503670430661467
2026-08-21 17:39:00,-142059385,142026218148898956287,276321,276321,276321,276321,0,142026218148898956287,50013064503670430661467
2026-08-21 17:42:00,443677987799,-443583766623775000309065,276321,276321,276321,276321,452572435585,8892369617315290825136,50013064503670430661467
2026-08-21 17:43:00,58861968014,-58852420867056515056382,276321,276321,276321,276322,256893383389,197989943241062148904066,50013064503670430661467
2026-08-21 17:44:00,-165301752775,165265934459964692579741,276321,276321,276321,276321,0,165265934459964692579741,50013064503670430661467
2026-08-21 17:45:00,-12095659029,12092995198748944810775,276321,276321,276321,276321,0,12092995198748944810775,50013064503670430661467
2026-08-21 17:46:00,22730115220,-22725386896768362384224,276321,276321,276321,276321,22730115220,0,50013064503670430661467
2026-08-21 17:48:00,-204099371580,204053726200075015415408,276321,276321,276321,276321,0,204053726200075015415408,50013064503670430661467
2026-08-21 17:49:00,-168944016384,168904973544623053421657,276321,276321,276321,276321,0,168904973544623053421657,50013064503670430661467
2026-08-21 17:51:00,24802027996,-24796522366932633108265,276321,276321,276321,276321,24802027996,0,50013064503670430661467
2026-08-21 17:56:00,270527988150,-270469724028043292040035,276321,276321,276321,276321,286493520915,15961982814354040052529,50013064503670430661467
2026-08-21 17:57:00,151222225923,-151190837593042871801214,276321,276321,276321,276321,152300809595,1078350046957128198786,50013064503670430661467
2026-08-21 17:59:00,38763579,-38755647604139254013,276321,276321,276321,276321,38763579,0,50013064503670430661467
2026-08-21 18:00:00,-29318929113,29312560773729935577196,276321,276321,276321,276321,0,29312560773729935577196,50013064503670430661467
2026-08-21 18:01:00,1000410304,-1000204441913439635535,276321,276321,276321,276321,1000410304,0,50013064503670430661467
2026-08-21 18:05:00,-200000000000,199955649443540833358607,276321,276321,276321,276321,0,199955649443540833358607,50013064503670430661467
2026-08-21 18:06:00,27865305451,-27859364680283030571256,276321,276321,276321,276321,27865305451,0,50013064503670430661467
2026-08-21 18:15:00,-4848660893,4847571237139330731386,276321,276321,276321,276321,0,4847571237139330731386,50013064503670430661467
2026-08-21 18:17:00,-257966572067,257907243244786585071870,276321,276321,276321,276321,0,257907243244786585071870,50013064503670430661467
2026-08-21 18:18:00,-225821103,225768001735444061568,276321,276321,276321,276321,0,225768001735444061568,50013064503670430661467
2026-08-21 18:21:00,-415992142080,415890862005520904431402,276321,276321,276321,276321,0,415890862005520904431402,50013064503670430661467
2026-08-21 18:25:00,-15000000000,14996218789560164597700,276321,276321,276321,276321,0,14996218789560164597700,50013064503670430661467
2026-08-21 18:28:00,-303645227264,303566750315879809609739,276321,276321,276321,276321,0,303566750315879809609739,50013064503670430661467
2026-08-21 18:29:00,-336758282496,336666937126300460084921,276321,276321,276321,276321,0,336666937126300460084921,50013064503670430661467
2026-08-21 18:30:00,-174347171363,174298098866921423398731,276321,276321,276321,276321,0,174298098866921423398731,50013064503670430661467
2026-08-21 18:31:00,-230074706617,230008089156466786805029,276321,276321,276321,276321,0,230008089156466786805029,50013064503670430661467
2026-08-21 18:33:00,267880195674,-267808833655693892100340,276321,276321,276321,276321,500098283798,232148704512306107899660,50013064503670430661467
2026-08-21 18:34:00,-584314089398,584141649202940533481967,276321,276321,276321,276321,0,584141649202940533481967,50013064503670430661467
2026-08-21 18:35:00,665603572660,-665416209071481366840574,276321,276321,276321,276321,665603572660,0,50013064503670430661467
2026-08-21 18:36:00,118062566975,-118032601028887196213392,276321,276321,276321,276321,236328485796,118232502585112803786608,50013064503670430661467
2026-08-21 18:37:00,279155273565,-279085931087843425279416,276321,276321,276321,276321,500006322187,220793650392156574720584,50013064503670430661467
2026-08-21 18:38:00,-772236706482,772020677727935711323023,276321,276321,276321,276321,8995895,772029671299935388037554,50013064503670430661467
2026-08-21 18:39:00,-482342381911,482195355237161586802523,276320,276320,276320,276320,0,482195355237161586802523,50013064503670430661467
2026-08-21 18:40:00,29020672,-29011895112299574169,276320,276320,276320,276320,29020672,0,50013064503670430661467
2026-08-21 18:41:00,7161078093,-7158913176376313185407,276320,276320,276320,276320,7161078093,0,50013064503670430661467
2026-08-21 18:42:00,27248218869,-27240000000480206007324,276320,276320,276320,276320,27248218869,0,50013064503670430661467
2026-08-21 18:43:00,239905699,-239833468622692125071,276320,276320,276320,276320,239905699,0,50013064503670430661467
2026-08-21 18:46:00,98679709,-98650000000000000000,276320,276320,276320,276320,98679709,0,50013064503670430661467
2026-08-21 18:47:00,239078296759,-239007459455537267982420,276321,276320,276320,276321,239078296759,0,50013064503670430661467
2026-08-21 18:48:00,17663493021,-17658350081311860447132,276321,276321,276321,276321,17663493021,0,50013064503670430661467
2026-08-21 18:49:00,-566955989111,566775487611110559502635,276320,276320,276320,276321,200059716969,766775487611110559502635,50013064503670430661467
2026-08-21 18:50:00,300092270394,-300000000000648484437516,276320,276320,276320,276320,300092270394,0,50013064503670430661467
2026-08-21 18:52:00,-183737919,183680321014604172486,276320,276320,276320,276320,0,183680321014604172486,50013064503670430661467
2026-08-21 18:53:00,-1924801033,1924197572922035125060,276320,276320,276320,276320,0,1924197572922035125060,50013064503670430661467
2026-08-21 18:54:00,522126231,-521968784000000000000,276320,276320,276320,276320,522126231,0,50013064503670430661467
2026-08-21 18:55:00,4774511619,-4773075095023819589753,276320,276320,276320,276320,5001507651,226924904976180410247,50013064503670430661467
2026-08-21 18:58:00,-245530377333,245452236849105191559031,276320,276320,276320,276320,0,245452236849105191559031,50013064503670430661467
2026-08-21 18:59:00,-16237568743,16232315965845300080650,276320,276320,276320,276320,16144964,16248455895788832103721,50013064503670430661467
2026-08-21 19:01:00,-16173098420,16167856217278785929640,276320,276320,276320,276320,0,16167856217278785929640,50013064503670430661467
2026-08-21 19:03:00,149910500594,-149864108996000000000000,276320,276320,276320,276320,149910500594,0,50013064503670430661467
2026-08-21 19:06:00,-300000000000,299902662679200532017637,276320,276320,276320,276320,0,299902662679200532017637,50013064503670430661467
2026-08-21 19:07:00,182042728122,-181985419993248081341977,276320,276320,276320,276320,182239712488,196920002237731361490,50013064503670430661467
2026-08-21 19:09:00,-1470126063,1469548908335974735462,276320,276320,276320,276320,8502647804,9969548908335974735462,50013064503670430661467
2026-08-21 19:10:00,436645056,-436515884938366219900,276320,276320,276320,276320,997257177,560430926880026962126,50013064503670430661467
2026-08-21 19:14:00,-496682864,496522321196630383845,276320,276320,276320,276320,0,496522321196630383845,50013064503670430661467
2026-08-21 19:15:00,-231005526,230930854176998058467,276320,276320,276320,276320,0,230930854176998058467,50013064503670430661467
2026-08-21 19:16:00,-11229795750,11226163227837856496055,276320,276320,276320,276320,0,11226163227837856496055,50013064503670430661467
2026-08-21 19:20:00,-50349919,50333619971676806296,276320,276320,276320,276320,0,50333619971676806296,50013064503670430661467
2026-08-21 19:23:00,50197115,-50181468862847104414,276320,276320,276320,276320,50197115,0,50013064503670430661467
2026-08-21 19:29:00,-200103963171,200038390047624459611044,276320,276320,276320,276320,0,200038390047624459611044,50013064503670430661467
2026-08-21 19:30:00,-211668456,211598244891748527370,276320,276320,276320,276320,0,211598244891748527370,50013064503670430661467
2026-08-21 19:33:00,999352698,-999033218851183479753,276320,276320,276320,276320,999352698,0,50013064503670430661467
2026-08-21 19:36:00,400033923338,-399909244001000000000000,276320,276320,276320,276320,400033923338,0,50013064503670430661467
2026-08-21 19:37:00,-89080031900,89051753116234219238388,276320,276320,276320,276320,0,89051753116234219238388,50013064503670430661467
2026-08-21 19:38:00,20941466889,-20936601160956820556189,276320,276320,276320,276320,150941466889,129958161840043179443811,50013064503670430661467
2026-08-21 19:40:00,9212524409,-9209715839218978828522,276320,276320,276320,276320,10250745666,1037891093781021171478,50013064503670430661467
2026-08-21 19:41:00,-446419240,446277260431678454183,276320,276320,276320,276320,0,446277260431678454183,50013064503670430661467
2026-08-21 19:46:00,-300000000000,299902787401361710428457,276320,276320,276320,276320,0,299902787401361710428457,50013064503670430661467
2026-08-21 19:47:00,266720831091,-266641023465306179812637,276320,276320,276320,276320,566720831091,299901255120509385213942,50013064503670430661467
2026-08-21 19:48:00,4049773882,-4048529390000000000000,276320,276320,276320,276320,4049773882,0,50013064503670430661467
2026-08-21 19:50:00,372337146123,-372225528021296716185600,276321,276320,276320,276321,372337146123,0,50013064503670430661467
2026-08-21 19:51:00,-1197278020,1196913621038165866598,276321,276321,276321,276321,0,1196913621038165866598,50013064503670430661467
2026-08-21 19:53:00,-380444689580,380324447376823751913727,276320,276320,276320,276320,129195023743,509479402288619866140927,50013064503670430661467
2026-08-21 19:54:00,-609957480073,609755110589883079701295,276320,276320,276320,276320,0,609755110589883079701295,50013064503670430661467
2026-08-21 19:56:00,3715452249,-3714219107000000000000,276320,276320,276320,276320,3715452249,0,50013114401792019380347
2026-08-21 19:59:00,66744331177,-66722272991578398926612,276320,276320,276320,276320,66744331177,0,50013114401792019380347
2026-08-21 20:00:00,3252809908,-3251739445000000000000,276320,276320,276320,276320,3252809908,0,50013114401792019380347
2026-08-21 20:01:00,23755794025,-23747989079000000000000,276320,276320,276320,276320,23755794025,0,50013114401792019380347
2026-08-21 20:02:00,21535139188,-21528083330000000000000,276320,276320,276320,276320,21535139188,0,50013114401792019380347
2026-08-21 20:04:00,54358947504,-54341223057032272371593,276320,276320,276320,276320,54649633202,290587726967727628407,50013114401792019380347
2026-08-21 20:05:00,2000650213,-2000000000000000000000,276320,276320,276320,276320,2000650213,0,50013114401792019380347
2026-08-21 20:07:00,-192037055832,191971546982170027339707,276320,276320,276320,276320,5303036016,197272818463911296916782,50013114401792019380347
2026-08-21 20:08:00,57965833493,-57946619087000000000000,276320,276320,276320,276320,57965833493,0,50013114401792019380347
2026-08-21 20:09:00,191007563306,-190945198869000000000000,276320,276320,276320,276320,191007563306,0,50013114401792019380347
2026-08-21 20:10:00,62019936042,-62000000000000000000000,276320,276320,276320,276320,62019936042,0,50013114401792019380347
2026-08-21 20:12:00,-81824002,81796819683923645134,276320,276320,276320,276320,0,81796819683923645134,50013114401792019380347
2026-08-21 20:17:00,-50000000000,49983339756855577424567,276320,276320,276320,276320,0,49983339756855577424567,50013114401792019380347
2026-08-21 20:20:00,69523728257,-69501423755000000000000,276320,276320,276320,276320,69523728257,0,50013114401792019380347
2026-08-21 20:22:00,115145667764,-115109151858000000000000,276320,276320,276320,276320,115145667764,0,50013114401792019380347
2026-08-21 20:23:00,135153151215,-135111038381089068587101,276320,276320,276320,276320,141149009973,5993932281910931412899,50013114401792019380347
2026-08-21 20:24:00,464245657881,-464106319573027133944198,276321,276321,276321,276321,464522085546,276343945972866055802,50013114401792019380347
2026-08-21 20:25:00,161668881271,-161622380285234637867731,276321,276321,276321,276321,161747746832,78841674492353938733,50013114401792019380347
2026-08-21 20:26:00,-577072936,576901883034254381280,276321,276321,276321,276321,0,576901883034254381280,50013114401792019380347
2026-08-21 20:28:00,730269801098,-730072749979000000000000,276321,276321,276321,276321,730269801098,0,50013114401792019380347
2026-08-21 20:29:00,-5001579,5000241414792133125,276321,276321,276321,276321,0,5000241414792133125,50013114401792019380347
2026-08-21 20:30:00,-99877115441,99850225434664569339265,276321,276321,276321,276321,0,99850225434664569339265,50013114401792019380347
2026-08-21 20:31:00,83842299744,-83820705782443706155008,276321,276321,276321,276321,83842299744,0,50013114401792019380347
2026-08-21 20:36:00,-188842278308,188790979311636905352157,276321,276321,276321,276321,0,188790979311636905352157,50013114401792019380347
2026-08-21 20:37:00,-234530000,234465402831216624754,276321,276321,276321,276321,0,234465402831216624754,50013114401792019380347
2026-08-21 20:38:00,-101994135154,101965834624779777373258,276321,276321,276321,276321,0,101965834624779777373258,50013114401792019380347
2026-08-21 20:39:00,-5076827066,5075399841832227396177,276321,276321,276321,276321,640184872,5715413318328738801992,50013114401792019380347
2026-08-21 20:40:00,226205178859,-226145642632000000000000,276321,276321,276321,276321,226205178859,0,50013114401792019380347
2026-08-21 20:41:00,-308000000,307916631307218358509,276321,276321,276321,276321,0,307916631307218358509,50013114401792019380347
2026-08-21 20:45:00,16568958913,-16564678228710150917738,276321,276321,276321,276321,16568958913,0,50013114401792019380347
2026-08-21 20:48:00,-174136320376,174087491457164799999545,276321,276321,276321,276321,100219897910,274281730924164799999545,50013114401792019380347
2026-08-21 20:49:00,168077828,-168033290466058686028,276321,276321,276321,276321,168077828,0,50013114401792019380347
2026-08-21 20:51:00,5113963573,-5112619415548116243716,276321,276321,276321,276321,5981643634,867439926451883756284,50013114401792019380347
2026-08-21 20:52:00,-14417091092,14413096703645206485174,276321,276321,276321,276321,0,14413096703645206485174,50013114401792019380347
2026-08-21 20:53:00,291900696997,-291824944000000000000000,276321,276321,276321,276321,291900696997,0,50013114401792019380347
2026-08-21 20:55:00,-140467904,140430583035347677432,276321,276321,276321,276321,0,140430583035347677432,50013114401792019380347
2026-08-21 21:00:00,-7918122455,7916017477993491306156,276321,276321,276321,276321,0,7916017477993491306156,50013114401792019380347
2026-08-21 21:04:00,-1041375726,1041098696417527014525,276321,276321,276321,276321,0,1041098696417527014525,50013114401792019380347
2026-08-21 21:05:00,-22205462543,22199545084292746237956,276321,276321,276321,276321,0,22199545084292746237956,50013114401792019380347
2026-08-21 21:06:00,-50983182131,50969521216520575961008,276321,276321,276321,276321,0,50969521216520575961008,50013114401792019380347
2026-08-21 21:07:00,-2230909075,2230308930953186298169,276321,276321,276321,276321,0,2230308930953186298169,50013114401792019380347
2026-08-21 21:08:00,254374204922,-254310108603779777373258,276321,276321,276321,276321,254374204922,0,50013114401792019380347
2026-08-21 21:11:00,-6814126970,6812361937388236732233,276321,276321,276321,276321,0,6812361937388236732233,50013114401792019380347
2026-08-21 21:12:00,-110580613638,110550735636237882123831,276321,276321,276321,276321,81299506237,191829656030237882123831,50013114401792019380347
2026-08-21 21:13:00,-918493590,918251474766824512843,276321,276321,276321,276321,0,918251474766824512843,50013114401792019380347
2026-08-21 21:14:00,243061159,-243000001112731998009,276321,276321,276321,276321,243061159,0,50013114401792019380347
2026-08-21 21:15:00,96585145076,-96561029550000000000000,276321,276321,276321,276321,96585145076,0,50013114401792019380347
2026-08-21 21:16:00,42475700434,-42465213095000000000000,276321,276321,276321,276321,42475700434,0,50013114401792019380347
2026-08-21 21:17:00,351121079388,-351037150167372544195377,276321,276321,276321,276321,351207929340,86828758627455804623,50013114401792019380347
2026-08-21 21:18:00,435385473977,-435288264103704460497587,276321,276321,276321,276321,436890328934,1504488719295539502413,50013114401792019380347
2026-08-21 21:19:00,-121281677912,121253212901266999626186,276321,276321,276321,276321,57298322088,178539303701266999626186,50013114401792019380347
2026-08-21 21:20:00,105181458587,-105158774650356811982020,276321,276321,276321,276321,120026053025,14841225349643188017980,50013114401792019380347
2026-08-21 21:21:00,-167281504747,167242570086941416574280,276321,276321,276321,276321,30015710691,197251656486941416574280,50013114401792019380347
2026-08-21 21:22:00,-158672384584,158632585202844641549811,276321,276321,276321,276321,181399650595,339992633159844641549811,50013114401792019380347
2026-08-21 21:23:00,8812707761,-8810697497149635997535,276321,276321,276321,276321,8812707761,0,50013114401792019380347
2026-08-21 21:24:00,-17300268797,17296111945651309044805,276321,276321,276321,276321,0,17296111945651309044805,50013114401792019380347
2026-08-21 21:25:00,-51097797,51085501260131687318,276321,276321,276321,276321,0,51085501260131687318,50013114401792019380347
2026-08-21 21:27:00,276690845816,-276629116991000000000000,276321,276321,276321,276321,276690845816,0,50013114401792019380347
2026-08-21 21:28:00,72711473878,-72695761881402908901797,276321,276321,276321,276321,72868753810,157244283597091098203,50013114401792019380347
2026-08-21 21:29:00,-475578610,475470811792101527178,276321,276321,276321,276321,0,475470811792101527178,50013114401792019380347
2026-08-21 21:30:00,-274688635,274626367335480293236,276321,276321,276321,276321,0,274626367335480293236,50013114401792019380347
2026-08-21 21:31:00,78030711623,-78014084332433795224488,276321,276321,276321,276321,78312169186,281394639566204775512,50013114401792019380347
2026-08-21 21:33:00,26616524777,-26611922052925294770123,276321,276321,276321,276321,111165891915,84530323887074705229877,50013114401792019380347
2026-08-21 21:36:00,5938688766,-5937559670870905402744,276321,276321,276321,276321,15968167524,10027245153673862955295,50013114401792019380347
2026-08-21 21:37:00,2000089781,-1999669305475993791877,276321,276321,276321,276321,2000089781,0,50013114401792019380347
2026-08-21 21:39:00,16001862536,-15998504245000000000000,276321,276321,276321,276321,16001862536,0,50013114401792019380347
2026-08-21 21:40:00,234481407294,-234434230260183250739148,276321,276321,276321,276321,306103865620,71607364538816749260852,50013114401792019380347
2026-08-21 21:42:00,175039616,-175004578746157071846,276321,276321,276321,276321,175039616,0,50013114401792019380347
2026-08-21 21:44:00,165419528235,-165386965151986677596421,276322,276321,276321,276322,165557228097,137671557013322403579,50013114401792019380347
2026-08-21 21:46:00,112228613721,-112207144117803419469347,276322,276322,276322,276322,112314879956,86248502199614405085,50013114401792019380347
2026-08-21 21:47:00,-69238221382,69224194965949935105187,276322,276322,276322,276322,761778618,69985829568131238278251,50013114401792019380347
2026-08-21 21:48:00,709227801145,-709101928430952012996129,276322,276322,276322,276322,719916685418,10687010867047987003871,50013114401792019380347
2026-08-21 21:49:00,-49509721933,49500984955595273407624,276322,276322,276322,276322,0,49500984955595273407624,50013114401792019380347
2026-08-21 21:50:00,-7008132063,7006887418789241543180,276322,276322,276322,276322,0,7006887418789241543180,50013114401792019380347
2026-08-21 21:54:00,-436083070640,436001758670997526403833,276322,276322,276322,276322,112356828,436114096855972139428719,50013114401792019380347
2026-08-21 21:55:00,-706922961,706784977859062840440,276322,276322,276322,276322,0,706784977859062840440,50013114401792019380347
2026-08-21 21:56:00,107931422584,-107911891779808518666506,276322,276322,276322,276322,108749297461,817715212191481333494,50013114401792019380347
2026-08-21 21:57:00,264923996781,-264879316598898567812780,276322,276322,276322,276322,374017100941,109072994504101432187220,50013114401792019380347
2026-08-21 21:58:00,-157990650814,157961666831804348980618,276322,276322,276322,276322,0,157961666831804348980618,50013114401792019380347
2026-08-21 22:00:00,1101994552,-1101802153260778180751,276322,276322,276322,276322,1101994552,0,50013114401792019380347
2026-08-21 22:01:00,72980483093,-72967849361000000000000,276322,276322,276322,276322,72980483093,0,50013114401792019380347
2026-08-21 22:03:00,-1833082328,1832745613441097337142,276322,276322,276322,276322,0,1832745613441097337142,50013114401792019380347
2026-08-21 22:04:00,-119160000,119138107189149494303,276322,276322,276322,276322,0,119138107189149494303,50013114401792019380347
2026-08-21 22:05:00,-59254686194,59243729250798144858553,276322,276322,276322,276322,0,59243729250798144858553,50013114401792019380347
2026-08-21 22:06:00,-91391203149,91374028551563553979467,276322,276322,276322,276322,0,91374028551563553979467,50013114401792019380347
2026-08-21 22:07:00,-110744888119,110723414711745312175629,276322,276322,276322,276322,17863697165,128583852289745312175629,50013114401792019380347
2026-08-21 22:08:00,52780476963,-52771508389303558263596,276322,276322,276322,276322,102064887416,49274993044630048445184,50013114401792019380347
2026-08-21 22:09:00,5000900013,-5000000000000000238237,276322,276322,276322,276322,5000900013,0,50013114401792019380347
2026-08-21 22:10:00,-102374452432,102354600543579776463171,276322,276322,276322,276322,0,102354600543579776463171,50013114401792019380347
2026-08-21 22:12:00,50159545127,-50150367917000000000000,276322,276322,276322,276322,50159545127,0,50013114401792019380347
2026-08-21 22:13:00,-163653853141,163621574274703666718286,276322,276322,276322,276322,161850509,163783394274703666718286,50013114401792019380347
2026-08-21 22:16:00,369056126892,-368989282271663584567296,276322,276322,276322,276322,369056126892,0,50013114401792019380347
2026-08-21 22:19:00,151782360846,-151756449785740043223040,276322,276322,276322,276322,151782360846,0,50013114401792019380347
2026-08-21 22:20:00,14082659679,-14080433270531215299748,276322,276322,276322,276322,24999190228,10914566729468784700252,50013114401792019380347
2026-08-21 22:21:00,280861034,-280814100310721662585,276322,276322,276322,276322,280861034,0,50013114401792019380347
2026-08-21 22:22:00,-168806820977,168776017799867141949625,276322,276322,276322,276322,0,168776017799867141949625,50013114401792019380347
2026-08-21 22:25:00,-26509761719,26504820825976356930167,276322,276322,276322,276322,0,26504820825976356930167,50013114401792019380347
2026-08-21 22:26:00,50002782746,-49994086630555417005204,276322,276322,276322,276322,50002782746,0,50013114401792019380347
2026-08-21 22:27:00,174857150994,-174827767197885394629144,276322,276322,276322,276322,194870022658,20009203796922694208961,50013114401792019380347
2026-08-21 22:28:00,141282744069,-141260076368799648281398,276322,276322,276322,276322,172559905819,31271577348517312311296,50013114401792019380347
2026-08-21 22:29:00,-107709848901,107688094157033216274461,276322,276322,276322,276322,247327634990,354975816778076011884253,50013114401792019380347
2026-08-21 22:30:00,-19228499601,19225096878031443260822,276322,276322,276322,276322,0,19225096878031443260822,50013114401792019380347
2026-08-21 22:31:00,587963034,-587865823836287132594,276322,276322,276322,276322,587963034,0,50013114401792019380347
2026-08-21 22:32:00,-131774515916,131750802112820590190533,276322,276322,276322,276322,0,131750802112820590190533,50013114401792019380347
2026-08-21 22:33:00,-298419582700,298360340574040700065078,276322,276322,276322,276322,247805537336,546123088911002363085540,50013114401792019380347
2026-08-21 22:34:00,-153816425471,153784376039744438628032,276322,276322,276322,276322,138016068335,291774025379320367394324,50013114401792019380347
2026-08-21 22:36:00,-33382601772,33374843693621940107262,276322,276322,276322,276322,86423699921,119782213648810141127130,50013114401792019380347
2026-08-21 22:38:00,99628545746,-99609818446283912233664,276322,276322,276322,276322,100002052353,373431152908115974916,50013114401792019380347
2026-08-21 22:39:00,-7160785469,7158926136664007439991,276322,276322,276322,276322,36699398308,43851524371664007439991,50013114401792019380347
2026-08-21 22:40:00,123237154384,-123214504126323745586117,276322,276322,276322,276322,123786708538,549447885499926976778,50013114401792019380347
2026-08-21 22:42:00,92342050,-92325301664387768239,276322,276322,276322,276322,92342050,0,50013114401792019380347
2026-08-21 22:43:00,-982870342012,982660966665763887951538,276321,276322,276321,276322,0,982660966665763887951538,50013114401792019380347
2026-08-21 22:44:00,16931761067,-16928084837074954655863,276321,276321,276321,276321,21467572722,4534755895894537920304,50013114401792019380347
2026-08-21 22:45:00,362622848,-362543075936883229350,276321,276321,276321,276321,362622848,0,50013114401792019380347
2026-08-21 22:46:00,329629688489,-329559347919949973355478,276321,276321,276321,276321,329629688489,0,50013114401792019380347
2026-08-21 22:48:00,100029985492,-100009498902000000000000,276321,276321,276321,276321,100029985492,0,50013114401792019380347
2026-08-21 22:49:00,55405515061,-55394339904396663301630,276321,276321,276321,276321,55405515061,0,50013114401792019380347
2026-08-21 22:51:00,69738654,-69724665617459792329,276321,276321,276321,276321,69738654,0,50013114401792019380347
2026-08-21 22:53:00,113979012714,-113956409652884210632480,276322,276321,276321,276322,113979012714,0,50013114401792019380347
2026-08-21 22:54:00,232268731887,-232224278464000000000000,276322,276322,276322,276322,232268731887,0,50013114401792019380347
2026-08-21 22:55:00,292198501863,-292145641911230482326482,276322,276322,276322,276322,292198501863,0,50013114401792019380347
2026-08-21 22:56:00,588436079,-588333072389235068315,276322,276322,276322,276322,588436079,0,50013114401792019380347
2026-08-21 22:57:00,185871547507,-185839725824964632328568,276322,276322,276322,276322,187759082318,1887181698739655339952,50013114401792019380347
2026-08-21 22:59:00,6190848878,-6189812003811961031855,276322,276322,276322,276322,6190848878,0,50013114401792019380347
2026-08-21 23:00:00,-8041789002,8040345338973651269955,276322,276322,276322,276322,0,8040345338973651269955,50013114401792019380347
2026-08-21 23:01:00,256476244557,-256434913235586381927546,276322,276322,276322,276322,286516783585,30035467384036210649538,50013114401792019380347
2026-08-21 23:02:00,85302089157,-85290883225251652228369,276322,276322,276322,276322,258466219810,173134419290012762641889,50013114401792019380347
2026-08-21 23:03:00,-169940632922,169911573779131396440275,276322,276322,276322,276322,22407828220,192315815110915784440149,50013114401792019380347
2026-08-21 23:04:00,-10006350230,10004619020776962152760,276322,276322,276322,276322,0,10004619020776962152760,50013114401792019380347
2026-08-21 23:05:00,-6009577651,6008536004259860477182,276322,276322,276322,276322,0,6008536004259860477182,50013114401792019380347
2026-08-21 23:06:00,183589957405,-183560990000000000000000,276322,276322,276322,276322,183589957405,0,50013114401792019380347
2026-08-21 23:08:00,219402939500,-219370094412217289857829,276322,276322,276322,276322,219863044457,460032568072556407247,50013114401792019380347
2026-08-21 23:09:00,-6419274918,6416273688529068219253,276322,276322,276322,276322,165891489183,172283059272502672820793,50013114401792019380347
2026-08-21 23:10:00,-127326023785,127305633610670676846976,276322,276322,276322,276322,0,127305633610670676846976,50013114401792019380347
2026-08-21 23:11:00,59072676776,-59064935745274215576058,276322,276322,276322,276322,149985258649,90897626388290960282546,50013114401792019380347
2026-08-21 23:12:00,-36994289046,36988330581188055028808,276322,276322,276322,276322,0,36988330581188055028808,50013114401792019380347
2026-08-21 23:13:00,18345754627,-18343452790425994111413,276322,276322,276322,276322,54995872491,36644160878790863581044,50013114401792019380347
2026-08-21 23:14:00,150260965362,-150240486084611403487717,276322,276322,276322,276322,272706070582,122425083223110913307819,50013114401792019380347
2026-08-21 23:15:00,-108331015591,108313982862324731499940,276322,276322,276322,276322,0,108313982862324731499940,50013114401792019380347
2026-08-21 23:16:00,100558157030,-100545393661469835061451,276322,276322,276322,276322,255276807686,154693561590132173996802,50013114401792019380347
2026-08-21 23:17:00,-166171415836,166145045182784698329694,276322,276322,276322,276322,0,166145045182784698329694,50013114401792019380347
2026-08-21 23:18:00,-15793804209,15791240353792794199564,276322,276322,276322,276322,0,15791240353792794199564,50013114401792019380347
2026-08-21 23:19:00,-93791837647,93776406683111021098921,276322,276322,276322,276322,0,93776406683111021098921,50013114401792019380347
2026-08-21 23:21:00,-41379612857,41372238684767343777868,276322,276322,276322,276322,37876255270,79242554512300696187971,50013114401792019380347
2026-08-21 23:22:00,-93325368825,93309511140793620901398,276322,276322,276322,276322,0,93309511140793620901398,50013114401792019380347
2026-08-21 23:23:00,-10976537564,10974635580700895578847,276322,276322,276322,276322,1165358359,12139807680158813925824,50013114401792019380347
2026-08-21 23:24:00,96374549087,-96359336702448808804341,276322,276322,276322,276322,100001588514,3626414505043041665035,50013114401792019380347
2026-08-21 23:25:00,350073396625,-350021833558372358959932,276322,276322,276322,276322,410801388434,60717695934627641040068,50013114401792019380347
2026-08-21 23:26:00,-48627655580,48620101480055215847998,276322,276322,276322,276322,0,48620101480055215847998,50013114401792019380347
2026-08-21 23:27:00,-9431200876,9429723926034044621611,276322,276322,276322,276322,75470544,9505183550212703872684,50013114401792019380347
2026-08-21 23:28:00,-112777640,112759967732565603946,276322,276322,276322,276322,0,112759967732565603946,50013114401792019380347
2026-08-21 23:29:00,-141499334689,141476761588548576410936,276322,276322,276322,276322,0,141476761588548576410936,50013114401792019380347
2026-08-21 23:30:00,-120807197923,120787292348764820335221,276322,276322,276322,276322,0,120787292348764820335221,50013114401792019380347
2026-08-21 23:31:00,-5702374686,5701420675190807118228,276322,276322,276322,276322,0,5701420675190807118228,50013114401792019380347
2026-08-21 23:36:00,-49936196034,49927786153221928217092,276322,276322,276322,276322,0,49927786153221928217092,50013114401792019380347
2026-08-21 23:38:00,50019622230,-50012349072883193079043,276322,276322,276322,276322,95905858134,45878596134708216427682,50013114401792019380347
2026-08-21 23:39:00,1075888461,-1075721277526052029801,276322,276322,276322,276322,1075888461,0,50013114401792019380347
2026-08-21 23:40:00,177059921,-177032412017605925972,276322,276322,276322,276322,177059921,0,50013114401792019380347
2026-08-21 23:41:00,6801044817,-6800519416591000440872,276322,276322,276322,276322,51000000000,44191587594038042150138,50013114401792019380347
2026-08-21 23:42:00,-6002490652,6001486980946772829680,276322,276322,276322,276322,0,6001486980946772829680,50013114401792019380347
2026-08-21 23:44:00,52925889888,-52917725480690906860098,276322,276322,276322,276322,52977364222,51465829672326719401,50013114401792019380347
2026-08-21 23:45:00,44380733080,-44373972668098657677024,276322,276322,276322,276322,44380733080,0,50013114401792019380347
2026-08-21 23:47:00,72759701824,-72748968044494155051361,276322,276322,276322,276322,87691584290,14929467255505844948639,50013114401792019380347
2026-08-21 23:49:00,53921749247,-53914448681400860344349,276322,276322,276322,276322,108128905939,54198630322086955627998,50013114401792019380347
2026-08-21 23:50:00,-172386212434,172357908381044865219706,276322,276322,276322,276322,34050174828,206402990308792158690950,50013114401792019380347
2026-08-21 23:52:00,20062685664,-20059618749647783063775,276322,276322,276322,276322,20062685664,0,50013114401792019380347
2026-08-21 23:56:00,161991870238,-161967696625293756938271,276322,276322,276322,276322,161991870238,0,50013114401792019380347
2026-08-21 23:57:00,70010711125,-70001187164069747945353,276322,276322,276322,276322,119922347144,49903940116857797204218,50013114401792019380347
2026-08-21 23:58:00,-135633606410,135612189924544812289675,276322,276322,276322,276322,0,135612189924544812289675,50013114401792019380347
2026-08-21 23:59:00,99581766551,-99567165673656606982958,276322,276322,276322,276322,99581766551,0,50013114401792019380347
