timestamp,netAmount0,netAmount1,closeTick,openTick,lowestTick,highestTick,inAmount0,inAmount1,currentLiquidity
2026-07-08 00:00:00,-2902843962,2901407965565436604487,276319,276319,276319,276319,1469512467,4370215731628547968275,50640677720586472223575
2026-07-08 00:01:00,150051478001,-149979944641259904347111,276319,276319,276319,276319,150071543186,20055358740095652889,50640677720586472223575
2026-07-08 00:02:00,96560977392,-96515448935224022772757,276319,276319,276319,276319,100047201432,3484551064775977227243,50640677720586472223575
2026-07-08 00:03:00,-7420293350,7416730890169003084193,276319,276319,276319,276319,0,7416730890169003084193,50640677720586472223575
2026-07-08 00:04:00,-546565279,546302787719754722987,276319,276319,276319,276319,0,546302787719754722987,50640677720586472223575
2026-07-08 00:05:00,540346633,-540092530923891282659,276319,276319,276319,276319,540346633,0,50640677720586472223575
2026-07-08 00:06:00,-104056409155,104006223094389420238701,276319,276319,276319,276319,0,104006223094389420238701,50640677720586472223575
2026-07-08 00:08:00,-10701826376,10696640685834774636297,276319,276319,276319,276319,0,10696640685834774636297,50640677720586472223575
2026-07-08 00:09:00,95095302652,-95050381523910730766411,276319,276319,276319,276319,100047302652,4949618476089269233589,50640677720586472223575
2026-07-08 00:10:00,200131216,-200036950325354647072,276319,276319,276319,276319,200131216,0,50640677720586472223575
2026-07-08 00:11:00,-239379629292,239263354214692532709682,276319,276319,276319,276319,0,239263354214692532709682,50640677720586472223575
2026-07-08 00:12:00,-80110713231,80071295606838590172003,276319,276319,276319,276319,0,80071295606838590172003,50640677720586472223575
2026-07-08 00:13:00,93434071979,-93389123301440797484084,276319,276319,276319,276319,100048188287,6610876698559202515916,50640677720586472223575
2026-07-08 00:14:00,-74283624495,74244750050471587633108,276319,276319,276319,276319,237271924021,311403909275471587633108,50640677720586472223575
2026-07-08 00:15:00,100048112630,-100000000000000000000000,276319,276319,276319,276319,100048112630,0,50640677720586472223575
2026-07-08 00:16:00,-36104623535,36086945687519754334114,276319,276319,276319,276319,0,36086945687519754334114,50640677720586472223575
2026-07-08 00:17:00,-89396202831,89352179130730538502178,276319,276319,276319,276319,3141722037,92492392250965789944435,50640677720586472223575
2026-07-08 00:19:00,96866151107,-96819497091838510241951,276319,276319,276319,276319,100048213440,3180502908161489758049,50640677720586472223575
2026-07-08 00:21:00,-215316787,215211270551406308378,276319,276319,276319,276319,0,215211270551406308378,50640677720586472223575
2026-07-08 00:22:00,-3831856770,3829978661125862912254,276319,276319,276319,276319,0,3829978661125862912254,50640677720586472223575
2026-07-08 00:25:00,-20486761892,20476710882263918474647,276319,276319,276319,276319,0,20476710882263918474647,50640677720586472223575
2026-07-08 00:26:00,233727350,-233621582328120184311,276319,276319,276319,276319,899783513,665729134165180186528,50640677720586472223575
2026-07-08 00:27:00,182738709571,-182651470944100296552085,276319,276319,276319,276319,182892202929,153419098899703447915,50640677720586472223575
2026-07-08 00:28:00,761089916,-760729649762382611946,276319,276319,276319,276319,793511329,32405727845162162525,50640677720586472223575
2026-07-08 00:29:00,-11149340584,11143944491288764252495,276319,276319,276319,276319,0,11143944491288764252495,50640677720586472223575
2026-07-08 00:30:00,-6772425403,6769145267670076236513,276319,276319,276319,276319,0,6769145267670076236513,50640677720586472223575
2026-07-08 00:31:00,-21195174412,21184897113000000000000,276319,276319,276319,276319,0,21184897113000000000000,50640677720586472223575
2026-07-08 00:32:00,-5539374710,5536685806896629904968,276319,276319,276319,276319,0,5536685806896629904968,50640677720586472223575
2026-07-08 00:33:00,25079637850,-25068733298084443269599,276319,276319,276319,276319,126044045622,100915185830915556730401,50640677720586472223575
2026-07-08 00:34:00,-654789816,654472538469074540080,276319,276319,276319,276319,0,654472538469074540080,50640677720586472223575
2026-07-08 00:35:00,-100000000,99951543651920146589,276319,276319,276319,276319,0,99951543651920146589,50640677720586472223575
2026-07-08 00:36:00,-143293769,143224332853689981687,276319,276319,276319,276319,0,143224332853689981687,50640677720586472223575
2026-07-08 00:38:00,-264671311,264543056903843980629,276319,276319,276319,276319,0,264543056903843980629,50640677720586472223575
2026-07-08 00:40:00,-356843812,356670887778101390991,276319,276319,276319,276319,0,356670887778101390991,50640677720586472223575
2026-07-08 00:42:00,-494063610,493824183431702399974,276319,276319,276319,276319,0,493824183431702399974,50640677720586472223575
2026-07-08 00:44:00,190298259018,-190209083980834995336579,276319,276319,276319,276319,233289075689,42970342011165004663420,50640677720586472223575
2026-07-08 00:45:00,-42617089534,42596720872210304489275,276319,276319,276319,276319,0,42596720872210304489275,50640677720586472223575
2026-07-08 00:49:00,-288282811048,288013722805376762701704,276314,276319,274558,276319,12950440166952,13228314929260873965021729,50001782748731934797671
2026-07-08 00:51:00,19954173,-19944592464458320936,276319,276319,276319,276319,19954173,0,50640677720586472223575
2026-07-08 00:55:00,286156395,-286018995026178052699,276319,276319,276319,276319,286156395,0,50640677720586472223575
2026-07-08 00:57:00,1051219692,-1050715482731732016325,276319,276319,276319,276319,1102800760,51555785428843423777,50640677720586472223575
2026-07-08 00:59:00,-115201149,115144686761832000704,276319,276319,276319,276319,0,115144686761832000704,50640677720586472223575
2026-07-08 01:02:00,-57993060,57961836643409634312,276319,276319,276319,276319,280049650,337877028050848259805,50640677720586472223575
2026-07-08 01:03:00,3490057325,-3488381921000000000000,276319,276319,276319,276319,3490057325,0,50640677720586472223575
2026-07-08 01:04:00,-826755069,826349964396293052268,276319,276319,276319,276319,0,826349964396293052268,50640677720586472223575
2026-07-08 01:09:00,-74546063544,74509424822327711016068,276319,276319,276319,276319,78377058,74587764258785678840751,50640677720586472223575
2026-07-08 01:10:00,1995418982,-1994455361000000000000,276319,276319,276319,276319,1995418982,0,50640677720586472223575
2026-07-08 01:12:00,99132963882,-99085297863679958589172,276319,276319,276319,276319,100048113474,914702136320041410828,50640677720586472223575
2026-07-08 01:16:00,-246423971591,246302281771842471686268,276319,276319,276319,276319,0,246302281771842471686268,50640677720586472223575
2026-07-08 01:17:00,21800571426,-21789927075000000000000,276319,276319,276319,276319,21800571426,0,50640677720586472223575
2026-07-08 01:18:00,77816702933,-77779083309569070701912,276319,276319,276319,276319,100048609198,22220916690430929298088,50640677720586472223575
2026-07-08 01:19:00,-409980684188,409773524308708545811109,276318,276319,276318,276319,100217994598,509941113128590620423172,50001782659301545506178
2026-07-08 01:20:00,105202054063,-105149571757403067631109,276319,276318,276318,276319,105302054063,99948902041295108404,50640677720586472223575
2026-07-08 01:21:00,-676324865103,675972981054629843575712,276318,276318,276318,276318,0,675972981054629843575712,50001782659301545506178
2026-07-08 01:22:00,101145036075,-101092259836218398736384,276318,276318,276318,276318,101145036075,0,50001782659301545506178
2026-07-08 01:23:00,100051803531,-100000000000000000000000,276318,276318,276318,276318,100051803531,0,50001782659301545506178
2026-07-08 01:24:00,-582867899,582561021685764346374,276318,276318,276318,276318,42000000,624539359478421612658,50001782659301545506178
2026-07-08 01:25:00,-79999600000,79957409454128471416509,276318,276318,276318,276318,0,79957409454128471416509,50001782659301545506178
2026-07-08 01:26:00,-9000000000,8995237533226860734264,276318,276318,276318,276318,0,8995237533226860734264,50001782659301545506178
2026-07-08 01:27:00,102576732780,-102523670023537318102625,276318,276318,276318,276318,102576732780,0,50001782659301545506178
2026-07-08 01:28:00,100051351246,-100000000000000000000000,276318,276318,276318,276318,100051351246,0,50001782659301545506178
2026-07-08 01:29:00,-430501630949,430272068761701402224038,276318,276318,276318,276318,146285709891,576480045553044861768899,50001782659301545506178
2026-07-08 01:30:00,-12243339036,12236743613715331124106,276318,276318,276318,276318,0,12236743613715331124106,50001782659301545506178
2026-07-08 01:31:00,1001139414,-1000609887600197035511,276318,276318,276318,276318,1001139414,0,50001782659301545506178
2026-07-08 01:32:00,100052718305,-100000000000000000000000,276318,276318,276318,276318,100052718305,0,50001782659301545506178
2026-07-08 01:35:00,-858632054032,858152475921154351554426,276318,276318,276318,276318,575240366054,1433073385930667844393576,50001782659301545506178
2026-07-08 01:36:00,384072105683,-383862700129000000000000,276318,276318,276318,276318,384072105683,0,50001782659301545506178
2026-07-08 01:37:00,-9857473544,9851806090321995332811,276318,276318,276318,276318,26824910347,36662305517591650080034,50001782659301545506178
2026-07-08 01:38:00,219414161672,-219297091260112910837898,276318,276318,276318,276318,219414161672,0,50001782659301545506178
2026-07-08 01:40:00,387991035698,-387788731306055865637146,276318,276318,276318,276318,388219820568,228665064944134362854,50001782659301545506178
2026-07-08 01:42:00,45026669283,-45003581061333158753354,276318,276318,276318,276318,45026669283,0,50001782659301545506178
2026-07-08 01:43:00,68728413928,-68693642362590623904311,276318,276318,276318,276318,100135181661,31390358103012831885468,50001782659301545506178
2026-07-08 01:44:00,-50669362,50643058026160233742,276318,276318,276318,276318,0,50643058026160233742,50001782659301545506178
2026-07-08 01:45:00,50696292547,-50671026555967579037692,276318,276318,276318,276318,100050934331,49328973444032420962308,50001782659301545506178
2026-07-08 01:46:00,-31869639664,31852139842537024804379,276318,276318,276318,276318,100051063053,131852139842537024804379,50001782659301545506178
2026-07-08 01:47:00,100000628590,-99949991563786389001143,276318,276318,276318,276318,100050662763,50008436213610998857,50001782659301545506178
2026-07-08 01:48:00,100050262675,-100000000000000000000000,276318,276318,276318,276318,100050262675,0,50001782659301545506178
2026-07-08 01:49:00,100049862587,-100000000000000000000000,276319,276319,276319,276319,100049862587,0,50640677720586472223575
2026-07-08 01:50:00,35412578518,-35395670858487137870501,276319,276319,276319,276319,100049474497,64604329141512862129499,50640677720586472223575
2026-07-08 01:51:00,43614037046,-43593050032100885977306,276319,276319,276319,276319,100049326152,56406949967899114022694,50640677720586472223575
2026-07-08 01:52:00,36979995099,-36962411292749572850304,276319,276319,276319,276319,100049153861,63037588707250427149696,50640677720586472223575
2026-07-08 01:53:00,100049007776,-100000000000000000000000,276319,276319,276319,276319,100049007776,0,50640677720586472223575
2026-07-08 01:54:00,-350461912,350287428413370276699,276319,276319,276319,276319,0,350287428413370276699,50640677720586472223575
2026-07-08 01:55:00,-999766371,999268595006813642225,276319,276319,276319,276319,0,999268595006813642225,50640677720586472223575
2026-07-08 01:57:00,-560335871,559708448999780496636,276319,276319,276319,276319,34858678348,35401401099963509795647,50640677720586472223575
2026-07-08 02:01:00,-336339798,336172319452803559021,276319,276319,276319,276319,0,336172319452803559021,50640677720586472223575
2026-07-08 02:02:00,-162326236179,162244886337215558583347,276319,276319,276319,276319,0,162244886337215558583347,50640677720586472223575
2026-07-08 02:03:00,768914822,-768534715210417382337,276319,276319,276319,276319,768914822,0,50640677720586472223575
2026-07-08 02:04:00,28836795545,-28822557120000000000000,276319,276319,276319,276319,28836795545,0,50640677720586472223575
2026-07-08 02:05:00,5245036046,-5242449790971634112187,276319,276319,276319,276319,5245036046,0,50640677720586472223575
2026-07-08 02:07:00,-92728205561,92681395649913447934440,276319,276319,276319,276319,0,92681395649913447934440,50640677720586472223575
2026-07-08 02:09:00,-228136851209,228020218237631181270053,276319,276319,276318,276319,1259238525,229278820301103072089693,50640677720586472223575
2026-07-08 02:10:00,-108051162662,107995190994261421463911,276318,276318,276318,276318,1155535666,109150137232261421463911,50001782659301545506178
2026-07-08 02:11:00,817295665,-816878803499132627792,276318,276318,276318,276318,817295665,0,50001782659301545506178
2026-07-08 02:12:00,-53721374566,53693377355824937336583,276318,276318,276318,276318,278625434,53971860081824937336583,50001782659301545506178
2026-07-08 02:14:00,-17803447335,17794144438627116746243,276318,276318,276318,276318,0,17794144438627116746243,50001782659301545506178
2026-07-08 02:15:00,-167431076,167343491330310154121,276318,276318,276318,276318,3516435,170858123558969223576,50001782659301545506178
2026-07-08 02:16:00,89147789520,-89102333329974968595504,276318,276318,276318,276318,100051116271,10897666670025031404496,50001782659301545506178
2026-07-08 02:17:00,-194045933565,193944370087251840081824,276318,276318,276318,276318,3661821685,197604298000395709274206,50001782659301545506178
2026-07-08 02:18:00,36263627813,-36244902410000000000000,276318,276318,276318,276318,36263627813,0,50001782659301545506178
2026-07-08 02:19:00,-9373764604,9368835631538854135353,276318,276318,276318,276318,0,9368835631538854135353,50001782659301545506178
2026-07-08 02:20:00,-415542221708,415320179796442698974320,276318,276318,276318,276318,1045496881,416365119796442698974320,50001782659301545506178
2026-07-08 02:21:00,-39991255006,39969484873975292932722,276318,276318,276318,276318,3808744994,43776201518975292932722,50001782659301545506178
2026-07-08 02:22:00,51663204070,-51635659364733401768342,276318,276318,276318,276318,51836156695,172858858266598231658,50001782659301545506178
2026-07-08 02:23:00,-38138936926,38118182092316607866494,276318,276318,276318,276318,4858446663,42974043756316607866494,50001782659301545506178
2026-07-08 02:24:00,-350962288000,350769015786217880045110,276318,276318,276318,276318,0,350769015786217880045110,50001782659301545506178
2026-07-08 02:25:00,-613767825,613425514675915584666,276318,276318,276318,276318,0,613425514675915584666,50001782659301545506178
2026-07-08 02:26:00,-112799849600,112736683493049639049625,276318,276318,276318,276318,0,112736683493049639049625,50001782659301545506178
2026-07-08 02:27:00,16436759443,-16427687748729338773820,276318,276318,276318,276318,16436759443,0,50001782659301545506178
2026-07-08 02:28:00,-177509073521,177408749415901451955520,276318,276318,276318,276318,873907902,178282169067894373071533,50001782659301545506178
2026-07-08 02:29:00,-357722976213,357516976853385993635045,276318,276318,276318,276318,1418241433,358934405626675810330639,50001782659301545506178
2026-07-08 02:31:00,-280141606429,279975665076322872256938,276318,276318,276318,276318,105934187891,385849288686376593205393,50001782659301545506178
2026-07-08 02:32:00,800713214,-800245472596965856366,276318,276318,276318,276318,800713214,0,50001782659301545506178
2026-07-08 02:33:00,-4808859901,4805510006691292858383,276318,276318,276318,276318,49261140099,54037816731092412150210,50001782659301545506178
2026-07-08 02:34:00,100002791832,-99944556777092412150210,276318,276318,276318,276318,100002791832,0,50001782659301545506178
2026-07-08 02:36:00,22519000087,-22506721195718325721775,276318,276318,276318,276318,100520571066,77955714621281692440324,50001782659301545506178
2026-07-08 02:37:00,100057777038,-100000000000000000000000,276318,276318,276318,276318,100057777038,0,50001782659301545506178
2026-07-08 02:38:00,91791878499,-91739308989813411536324,276318,276318,276318,276318,100057376708,8260691010186588463676,50001782659301545506178
2026-07-08 02:39:00,100057009450,-100000000000000000000000,276318,276318,276318,276318,100057009450,0,50001782659301545506178
2026-07-08 02:40:00,100056609124,-100000000000000000000000,276318,276318,276318,276318,100056609124,0,50001782659301545506178
2026-07-08 02:41:00,76144434979,-76101861750223465281892,276318,276318,276318,276318,100056256315,23898138249776534718108,50001782659301545506178
2026-07-08 02:42:00,98044315436,-97989551382897258265537,276318,276318,276318,276318,100055904150,2010448617102741734463,50001782659301545506178
2026-07-08 02:43:00,22945250598,-22933255643181845488102,276318,276318,276318,276318,100055511879,77066744356818154511898,50001782659301545506178
2026-07-08 02:44:00,62551684460,-62517365424000473287002,276318,276318,276318,276318,100055570125,37482634575999526712998,50001782659301545506178
2026-07-08 02:46:00,5893691488,-5891429630584916375699,276318,276318,276318,276318,105846752234,99896758523296734628055,50001782659301545506178
2026-07-08 02:47:00,53310674289,-53281709060702912277513,276318,276318,276318,276318,100055333247,46718290939297087722487,50001782659301545506178
2026-07-08 02:48:00,78848639468,-78805527913928813220635,276318,276318,276318,276318,100055017777,21194472086071186779365,50001782659301545506178
2026-07-08 02:49:00,-140056913651,139977388075110242937863,276318,276318,276318,276318,100055578134,239977388075110242937863,50001782659301545506178
2026-07-08 02:50:00,100055177817,-100000000000000000000000,276318,276318,276318,276318,100055177817,0,50001782659301545506178
2026-07-08 02:53:00,-62963809693,62928504173685402610859,276318,276318,276318,276318,0,62928504173685402610859,50001782659301545506178
2026-07-08 02:54:00,67541317377,-67504461217389833405405,276318,276318,276318,276318,101046937447,33486775965184775602879,50001782659301545506178
2026-07-08 02:55:00,695605177,-695223097152799045343,276318,276318,276318,276318,695605177,0,50001782659301545506178
2026-07-08 02:56:00,956562503,-956037116593968501948,276318,276318,276318,276318,956562503,0,50001782659301545506178
2026-07-08 02:57:00,-9672413633,9666991732558532066402,276318,276318,276318,276318,1102886367,10769271916088525547416,50001782659301545506178
2026-07-08 02:58:00,-42651000000,42627095870375206725793,276318,276318,276318,276318,0,42627095870375206725793,50001782659301545506178
2026-07-08 02:59:00,-10034988062,10029353299489140168936,276318,276318,276318,276318,0,10029353299489140168936,50001782659301545506178
2026-07-08 03:00:00,-6108194496,6104754999048693120060,276318,276318,276318,276318,770696966,6875026769886755601095,50001782659301545506178
2026-07-08 03:01:00,-1020542622,1019969100586169083367,276318,276318,276318,276318,0,1019969100586169083367,50001782659301545506178
2026-07-08 03:03:00,63841368177,-63806570958366883982853,276318,276318,276318,276318,100055033260,36193429041633116017147,50001782659301545506178
2026-07-08 03:04:00,100054775162,-100000000000000000000000,276318,276318,276318,276318,100054775162,0,50001782659301545506178
2026-07-08 03:05:00,100054374850,-100000000000000000000000,276318,276318,276318,276318,100054374850,0,50001782659301545506178
2026-07-08 03:06:00,-2403766741,2402441072569291985415,276318,276318,276318,276318,0,2402441072569291985415,50001782659301545506178
2026-07-08 03:07:00,-167887438811,167794278115549351728460,276318,276318,276318,276318,10952565,167805224675826226801522,50001782659301545506178
2026-07-08 03:08:00,-281944592527,281785607402221942023134,276318,276318,276318,276318,0,281785607402221942023134,50001782659301545506178
2026-07-08 03:09:00,99806823497,-99751180544074300347599,276318,276318,276318,276318,100070793291,263819455925699652401,50001782659301545506178
2026-07-08 03:10:00,100055384576,-100000000000000000000000,276318,276318,276318,276318,100055384576,0,50001782659301545506178
2026-07-08 03:11:00,100054984260,-100000000000000000000000,276318,276318,276318,276318,100054984260,0,50001782659301545506178
2026-07-08 03:12:00,-10901990285,10894909664940397163385,276318,276318,276318,276318,100054590178,110894909664940397163385,50001782659301545506178
2026-07-08 03:13:00,98202243752,-98148642428649871602031,276318,276318,276318,276318,100054634974,1851357571350128397969,50001782659301545506178
2026-07-08 03:14:00,99054238663,-99000554066544951784738,276318,276318,276318,276318,100054238663,999445933455048215262,50001782659301545506178
2026-07-08 03:15:00,-50491991769,50463165795714613857003,276318,276318,276318,276318,100054440676,150463165795714613857003,50001782659301545506178
2026-07-08 03:16:00,99874514549,-99820572583637633904909,276318,276318,276318,276318,100054041084,179427416362366095091,50001782659301545506178
2026-07-08 03:17:00,-353163486,352969909415739506233,276318,276318,276318,276318,0,352969909415739506233,50001782659301545506178
2026-07-08 03:18:00,-14922620,14914440098826884131,276318,276318,276318,276318,0,14914440098826884131,50001782659301545506178
2026-07-08 03:21:00,102445400,-102394249278773334822,276318,276318,276318,276318,500445400,397781849502126788975,50001782659301545506178
2026-07-08 03:22:00,-2004361510,2003262789311794562869,276318,276318,276318,276318,0,2003262789311794562869,50001782659301545506178
2026-07-08 03:23:00,-1013784585,1013228802721128795797,276318,276318,276318,276318,0,1013228802721128795797,50001782659301545506178
2026-07-08 03:24:00,-1605101397,1604221355560773869961,276318,276318,276318,276318,0,1604221355560773869961,50001782659301545506178
2026-07-08 03:25:00,-50046790878,50019299693958809454896,276318,276318,276318,276318,0,50019299693958809454896,50001782659301545506178
2026-07-08 03:26:00,-6404000000,6400474997172546080506,276318,276318,276318,276318,0,6400474997172546080506,50001782659301545506178
2026-07-08 03:28:00,-20145087724,20133988420894785275237,276318,276318,276318,276318,0,20133988420894785275237,50001782659301545506178
2026-07-08 03:30:00,-9999545400,9994029944847033599376,276318,276318,276318,276318,0,9994029944847033599376,50001782659301545506178
2026-07-08 03:31:00,-418299174124,418064713858887629143209,276318,276318,276318,276318,15883373381,433939211442215395543107,50001782659301545506178
2026-07-08 03:32:00,-502310897523,502020298200534460017350,276318,276318,276318,276318,0,502020298200534460017350,50001782659301545506178
2026-07-08 03:33:00,-69707109466,69665956831199981768710,276318,276318,276318,276318,2860916617,72525215044713757776876,50001782659301545506178
2026-07-08 03:34:00,7835490119,-7830942497473109980938,276318,276318,276318,276318,8469827899,633962657526890019062,50001782659301545506178
2026-07-08 03:35:00,-62067581266,62030740931534640420814,276318,276318,276318,276318,7932418734,69958529678147166117060,50001782659301545506178
2026-07-08 03:36:00,5293022002,-5289933974000000000000,276318,276318,276318,276318,5293022002,0,50001782659301545506178
2026-07-08 03:38:00,30070037,-30053397030766721810,276318,276318,276318,276318,120070037,89946602969233278190,50001782659301545506178
2026-07-08 03:42:00,484492260,-484211031627266554342,276318,276318,276318,276318,621965016,137391195523151564067,50001782659301545506178
2026-07-08 03:44:00,-9880000000,9874136415673831556706,276318,276318,276318,276318,0,9874136415673831556706,50001782659301545506178
2026-07-08 03:45:00,-20393978401,20380862645189490761557,276318,276318,276318,276318,100058202268,120380862645189490761557,50001782659301545506178
2026-07-08 03:46:00,96472345855,-96416181220527487114947,276318,276318,276318,276318,100207776646,3733209847723147636854,50001782659301545506178
2026-07-08 03:47:00,-6158311939,6154673850304181053762,276318,276318,276318,276318,0,6154673850304181053762,50001782659301545506178
2026-07-08 03:48:00,-156734317241,156641214682287692584687,276318,276318,276318,276318,0,156641214682287692584687,50001782659301545506178
2026-07-08 03:49:00,-34563015507,34542349518770171256557,276318,276318,276318,276318,292159022,34834336594192035888602,50001782659301545506178
2026-07-08 03:51:00,102522196570,-102462068791224412800094,276318,276318,276318,276318,102522196570,0,50001782659301545506178
2026-07-08 03:52:00,100058277701,-100000000000000000000000,276318,276318,276318,276318,100058277701,0,50001782659301545506178
2026-07-08 03:53:00,-127998012364,127922110807488777016576,276318,276318,276318,276318,1365536,127923475551238108461980,50001782659301545506178
2026-07-08 03:55:00,-1515405942,1514503398797941025415,276318,276318,276318,276318,0,1514503398797941025415,50001782659301545506178
2026-07-08 03:56:00,-975894585,975313313682844795595,276318,276318,276318,276318,0,975313313682844795595,50001782659301545506178
2026-07-08 03:57:00,713042882,-712629193866965773642,276318,276318,276318,276318,1102930529,389655425123259881626,50001782659301545506178
2026-07-08 03:59:00,-17531295522,17520847412763504671590,276318,276318,276318,276318,0,17520847412763504671590,50001782659301545506178
2026-07-08 04:01:00,64222117,-64184462371681707776,276318,276318,276318,276318,64222117,0,50001782659301545506178
2026-07-08 04:02:00,-144860000144,144773198413013346518736,276318,276318,276318,276318,0,144773198413013346518736,50001782659301545506178
2026-07-08 04:03:00,-94217148,94160418231736287998,276318,276318,276318,276318,0,94160418231736287998,50001782659301545506178
2026-07-08 04:06:00,-33421578439,33401426225809468640348,276318,276318,276318,276318,644871329,34045914850809468640348,50001782659301545506178
2026-07-08 04:08:00,-16226774904,16216977675187845953268,276318,276318,276318,276318,0,16216977675187845953268,50001782659301545506178
2026-07-08 04:09:00,-31392778108,31373794243883256727288,276318,276318,276318,276318,0,31373794243883256727288,50001782659301545506178
2026-07-08 04:12:00,38751167558,-38728126902000000000000,276318,276318,276318,276318,38751167558,0,50001782659301545506178
2026-07-08 04:13:00,-166015894039,165914939710843954057795,276317,276318,276317,276318,16342036599,182247277657843954057795,50001782659301544506479
2026-07-08 04:15:00,8807368991,-8802082246762449338368,276317,276317,276317,276317,8807368991,0,50001782659301544506479
2026-07-08 04:17:00,915215224,-914668887011250913089,276317,276317,276317,276317,1200796091,285406638567145447615,50001782659301544506479
2026-07-08 04:18:00,10010118292,-10004113711000000000000,276317,276317,276317,276317,10010118292,0,50001782659301544506479
2026-07-08 04:21:00,40152253,-40130662532827670196,276317,276317,276317,276317,288902253,248598349274016908046,50001782659301544506479
2026-07-08 04:23:00,-213514555802,213382702177171680951564,276317,276317,276317,276317,77542263512,290877685733775652495195,50001782659301544506479
2026-07-08 04:25:00,5285153863,-5281940086000000000000,276317,276317,276317,276317,5285153863,0,50001782659301544506479
2026-07-08 04:27:00,32300448630,-32280831746000000000000,276317,276317,276317,276317,32300448630,0,50001782659301544506479
2026-07-08 04:28:00,9660287290,-9654428451000000000000,276317,276317,276317,276317,9660287290,0,50001782659301544506479
2026-07-08 04:29:00,33093085485,-33073043691344941335708,276317,276317,276317,276317,33139344477,46230543655058664292,50001782659301544506479
2026-07-08 04:31:00,19282257291,-19270712955766166011113,276317,276317,276317,276317,30634291346,11345050370233833988887,50001782659301544506479
2026-07-08 04:33:00,70116460161,-70074194250459560746221,276317,276317,276317,276317,70145367946,28890110540439253779,50001782659301544506479
2026-07-08 04:35:00,-241908049928,241758979788409955714973,276317,276317,276317,276317,0,241758979788409955714973,50001782659301544506479
2026-07-08 04:38:00,12277291323,-12269792099000000000000,276317,276317,276317,276317,12277291323,0,50001782659301544506479
2026-07-08 04:39:00,4829177604,-4826229493000000000000,276317,276317,276317,276317,4829177604,0,50001782659301544506479
2026-07-08 04:40:00,1001220995,-1000609887600197035511,276317,276317,276317,276317,1001220995,0,50001782659301544506479
2026-07-08 04:41:00,-1351664385,1350825861288192470093,276317,276317,276317,276317,0,1350825861288192470093,50001782659301544506479
2026-07-08 04:42:00,81155758,-81106221000000000000,276317,276317,276317,276317,81155758,0,50001782659301544506479
2026-07-08 04:43:00,-104966082947,104899912249297000418911,276317,276317,276317,276317,83145834539,187995133266985234423305,50001782659301544506479
2026-07-08 04:44:00,60000000,-59963124802549332504,276317,276317,276317,276317,60000000,0,50001782659301544506479
2026-07-08 04:45:00,-526299973735,525965723314066518681505,276317,276317,276317,276317,0,525965723314066518681505,50001782659301544506479
2026-07-08 04:46:00,-320214400000,320005617585082024255025,276317,276317,276317,276317,0,320005617585082024255025,50001782659301544506479
2026-07-08 04:47:00,100171233720,-100106481926953779976886,276317,276317,276317,276317,100171233720,0,50001782659301544506479
2026-07-08 04:48:00,100064282333,-100000000000000000000000,276317,276317,276317,276317,100064282333,0,50001782659301544506479
2026-07-08 04:50:00,-242980108,242822071324649979085,276317,276317,276317,276317,0,242822071324649979085,50001782659301544506479
2026-07-08 04:51:00,-120097569640,120019168277476748785714,276317,276317,276317,276317,0,120019168277476748785714,50001782659301544506479
2026-07-08 04:52:00,100064363459,-100000000000000000000000,276317,276317,276317,276317,100064363459,0,50001782659301544506479
2026-07-08 04:53:00,51324327331,-51291956796686777792707,276317,276317,276317,276317,100064158102,48708043203313222207293,50001782659301544506479
2026-07-08 04:54:00,100063757733,-100000000000000000000000,276317,276317,276317,276317,100063757733,0,50001782659301544506479
2026-07-08 04:55:00,-144156973707,144063553404958621356375,276317,276317,276317,276317,0,144063553404958621356375,50001782659301544506479
2026-07-08 04:56:00,100063934152,-100000000000000000000000,276317,276317,276317,276317,100063934152,0,50001782659301544506479
2026-07-08 04:57:00,1293427480,-1292603686375921967388,276317,276317,276317,276317,1293427480,0,50001782659301544506479
2026-07-08 04:58:00,-134046851024,133959780369243171471890,276317,276317,276317,276317,0,133959780369243171471890,50001782659301544506479
2026-07-08 05:01:00,87822089351,-87765840719000000000000,276317,276317,276317,276317,87822089351,0,50001782659301544506479
2026-07-08 05:06:00,-74858612678,74809938227509364776751,276317,276317,276317,276317,0,74809938227509364776751,50001782659301544506479
2026-07-08 05:07:00,-129250000000,129165432183635925232709,276317,276317,276317,276317,0,129165432183635925232709,50001782659301544506479
2026-07-08 05:08:00,5292653601,-5289230421000000000000,276317,276317,276317,276317,5292653601,0,50001782659301544506479
2026-07-08 05:10:00,-10001750063,9995180241663474358631,276317,276317,276317,276317,0,9995180241663474358631,50001782659301544506479
2026-07-08 05:12:00,3000000,-2998058779743347127,276317,276317,276317,276317,3000000,0,50001782659301544506479
2026-07-08 05:14:00,-125777354,125694709439311009216,276317,276317,276317,276317,0,125694709439311009216,50001782659301544506479
2026-07-08 05:15:00,-25022473951,25006019876479148556479,276317,276317,276317,276317,0,25006019876479148556479,50001782659301544506479
2026-07-08 05:16:00,-2578627422,2576926131983168461965,276317,276317,276317,276317,423741447,3000392917149789309183,50001782659301544506479
2026-07-08 05:17:00,27521546575,-27503722758109915458869,276317,276317,276317,276317,27521546575,0,50001782659301544506479
2026-07-08 05:19:00,42605266,-42577697243629766448,276317,276317,276317,276317,42605266,0,50001782659301544506479
2026-07-08 05:23:00,-26917512092,26899680095020763830276,276317,276317,276317,276317,13082487908,39973706009020763830276,50001782659301544506479
2026-07-08 05:24:00,32959206,-32937843333890310144,276317,276317,276317,276317,32959206,0,50001782659301544506479
2026-07-08 05:25:00,-19651299023,19638357850910539201491,276317,276317,276317,276317,0,19638357850910539201491,50001782659301544506479
2026-07-08 05:26:00,100280197177,-100215322326823783176299,276317,276317,276317,276317,100280197177,0,50001782659301544506479
2026-07-08 05:27:00,100064334658,-100000000000000000000000,276317,276317,276317,276317,100064334658,0,50001782659301544506479
2026-07-08 05:28:00,-4947250000,4944029108273255840488,276317,276317,276317,276317,10250000,4954272538705201771227,50001782659301544506479
2026-07-08 05:29:00,-1112035669,1111302909270037244694,276317,276317,276317,276317,866561245,1977308521993143544989,50001782659301544506479
2026-07-08 05:31:00,-200000000,199869765327907168801,276317,276317,276317,276317,0,199869765327907168801,50001782659301544506479
2026-07-08 05:32:00,-50000000000,49967391182965745507094,276317,276317,276317,276317,0,49967391182965745507094,50001782659301544506479
2026-07-08 05:33:00,56574977320,-56539087890214109060785,276317,276317,276317,276317,100064333294,43460912109785890939215,50001782659301544506479
2026-07-08 05:34:00,75273059891,-75225176762446266835610,276317,276317,276317,276317,100064032214,24774823237553733164390,50001782659301544506479
2026-07-08 05:35:00,-4332236565,4329429304061425660150,276317,276317,276317,276317,0,4329429304061425660150,50001782659301544506479
2026-07-08 05:36:00,334287718,-334074416049542068923,276317,276317,276317,276317,334287718,0,50001782659301544506479
2026-07-08 05:37:00,-4999600000,4996359427484569700668,276317,276317,276317,276317,0,4996359427484569700668,50001782659301544506479
2026-07-08 05:38:00,-997450293,996803659015521224160,276317,276317,276317,276317,0,996803659015521224160,50001782659301544506479
2026-07-08 05:39:00,-88092728,88035616255560072836,276317,276317,276317,276317,0,88035616255560072836,50001782659301544506479
2026-07-08 05:40:00,-21988402500,21974137546006993482321,276317,276317,276317,276317,0,21974137546006993482321,50001782659301544506479
2026-07-08 05:43:00,1984624635,-1983359728437456656485,276317,276317,276317,276317,2342292202,357435403669285312075,50001782659301544506479
2026-07-08 05:44:00,53644821923,-53610594191000000000000,276317,276317,276317,276317,53644821923,0,50001782659301544506479
2026-07-08 05:47:00,-369310722,369071736724027463526,276317,276317,276317,276317,5003186,374071736724027463526,50001782659301544506479
2026-07-08 05:48:00,-329857135479,329641109798467694992794,276317,276317,276317,276317,44106031048,373718790109048420306411,50001782659301544506479
2026-07-08 05:51:00,124109519047,-124029134829987245847076,276317,276317,276317,276317,124109519047,0,50001782659301544506479
2026-07-08 05:52:00,94060511832,-94000000000000000000000,276317,276317,276317,276317,94060511832,0,50001782659301544506479
2026-07-08 05:54:00,-244450703805,244290259832440299322528,276317,276317,276317,276317,437066144,244727041348380548151471,50001782659301544506479
2026-07-08 05:55:00,1153633208,-1152881969000000000000,276317,276317,276317,276317,1153633208,0,50001782659301544506479
2026-07-08 05:56:00,-54150034191,54114173502403889124140,276317,276317,276317,276317,0,54114173502403889124140,50001782659301544506479
2026-07-08 05:57:00,1941962764,-1940694499511188056572,276317,276317,276317,276317,1983150452,41160370192951610530,50001782659301544506479
2026-07-08 05:59:00,877277820,-876704747602842743708,276317,276317,276317,276317,877277820,0,50001782659301544506479
2026-07-08 06:00:00,-10553426633,10545929396565054289997,276317,276317,276317,276317,49613263368,60126833439322659321933,50001782659301544506479
2026-07-08 06:01:00,-90000000,89940272441818179683,276317,276317,276317,276317,0,89940272441818179683,50001782659301544506479
2026-07-08 06:03:00,-11935800812,11927867918493789400633,276317,276317,276317,276317,896086345,12823368095989504886628,50001782659301544506479
2026-07-08 06:06:00,1084185907,-1083476738669549312011,276317,276317,276317,276317,1084185907,0,50001782659301544506479
2026-07-08 06:07:00,-43007328344,42978731299944455062603,276317,276317,276317,276317,0,42978731299944455062603,50001782659301544506479
2026-07-08 06:08:00,-1830000000,1828781531057776407793,276317,276317,276317,276317,0,1828781531057776407793,50001782659301544506479
2026-07-08 06:11:00,26386219339,-26368927237000000000000,276317,276317,276317,276317,26386219339,0,50001782659301544506479
2026-07-08 06:13:00,-948189645,947559258918476507483,276317,276317,276317,276317,0,947559258918476507483,50001782659301544506479
2026-07-08 06:14:00,-76785133,76734082203580060485,276317,276317,276317,276317,0,76734082203580060485,50001782659301544506479
2026-07-08 06:16:00,-98600477440,98534598450240464294591,276317,276317,276317,276317,12999373760,111525462820240464294591,50001782659301544506479
2026-07-08 06:17:00,87211849397,-87154674672949528811817,276317,276317,276317,276317,100065774642,12845325327050471188183,50001782659301544506479
2026-07-08 06:18:00,95567631951,-95505232492334430353653,276317,276317,276317,276317,100065392260,4494767507665569646347,50001782659301544506479
2026-07-08 06:19:00,150108882,-150011087182851211264,276317,276317,276317,276317,150108882,0,50001782659301544506479
2026-07-08 06:21:00,-152834471,152733372231928136932,276317,276317,276317,276317,0,152733372231928136932,50001782659301544506479
2026-07-08 06:22:00,1066405734,-1065710997960568977755,276317,276317,276317,276317,1066405734,0,50001782659301544506479
2026-07-08 06:23:00,25088041854,-25072613346548722166767,276317,276317,276317,276317,115407969379,90260022698451277833233,50001782659301544506479
2026-07-08 06:24:00,52879206230,-52845338318304708065583,276317,276317,276317,276317,100065076042,47154661681695291934417,50001782659301544506479
2026-07-08 06:25:00,1501422423,-1500449039745575499692,276317,276317,276317,276317,1501422423,0,50001782659301544506479
2026-07-08 06:28:00,-9327163129,9321021584682567931538,276317,276317,276317,276317,0,9321021584682567931538,50001782659301544506479
2026-07-08 06:30:00,-117851418,117773794835098642276,276317,276317,276317,276317,0,117773794835098642276,50001782659301544506479
2026-07-08 06:31:00,-19490502279,19477657291963332711210,276317,276317,276317,276317,0,19477657291963332711210,50001782659301544506479
2026-07-08 06:32:00,1208607166,-1207822285366265485207,276317,276317,276317,276317,1208607166,0,50001782659301544506479
2026-07-08 06:33:00,11750396,-11742765461446277092,276317,276317,276317,276317,11750396,0,50001782659301544506479
2026-07-08 06:36:00,-126223191,126139960889732121163,276317,276317,276317,276317,0,126139960889732121163,50001782659301544506479
2026-07-08 06:39:00,-144730676,144635242151581466661,276317,276317,276317,276317,0,144635242151581466661,50001782659301544506479
2026-07-08 06:41:00,-30019796,30000000000000000000,276317,276317,276317,276317,0,30000000000000000000,50001782659301544506479
2026-07-08 06:45:00,3330677521,-3328520191905127050945,276317,276317,276317,276317,3869252720,538220144752931941262,50001782659301544506479
2026-07-08 06:47:00,28839603985,-28820897803775991708630,276317,276317,276317,276317,29012351002,172633131315003404352,50001782659301544506479
2026-07-08 06:48:00,-973330648,972690072545696674497,276317,276317,276317,276317,0,972690072545696674497,50001782659301544506479
2026-07-08 06:49:00,5614322004,-5610683976013131702111,276317,276317,276317,276317,5641155615,26815949765557480226,50001782659301544506479
2026-07-08 06:50:00,10500899930,-10494098322713891989276,276317,276317,276317,276317,10500899930,0,50001782659301544506479
2026-07-08 06:51:00,-100437525127,100371285870001505241330,276317,276317,276317,276317,0,100371285870001505241330,50001782659301544506479
2026-07-08 06:52:00,-390364627939,390103333279240491333666,276317,276317,276317,276317,1857706428,391959802865088961108002,50001782659301544506479
2026-07-08 06:53:00,-73123952872,73074332932134855987688,276317,276317,276317,276317,0,73074332932134855987688,50001782659301544506479
2026-07-08 06:54:00,-245911179663,245742743556845827425653,276317,276317,276317,276317,0,245742743556845827425653,50001782659301544506479
2026-07-08 06:57:00,67688514720,-67642587090000000000000,276317,276317,276317,276317,67688514720,0,50001782659301544506479
2026-07-08 06:58:00,271795177898,-271612604425978723907697,276317,276317,276317,276317,271795177898,0,50001782659301544506479
2026-07-08 06:59:00,-176144911857,176025016062839292180794,276317,276317,276317,276317,15010031598,191025016062839292180794,50001782659301544506479
2026-07-08 07:02:00,-65699912400,65654931227178588595839,276317,276317,276317,276317,0,65654931227178588595839,50001782659301544506479
2026-07-08 07:05:00,208526022390,-208385934800051876158513,276317,276317,276317,276317,208526022390,0,50001782659301544506479
2026-07-08 07:06:00,126093963110,-126010096294999999999999,276317,276317,276317,276317,126093963110,0,50001782659301544506479
2026-07-08 07:07:00,-82357885711,82302357293020718603281,276317,276317,276317,276317,0,82302357293020718603281,50001782659301544506479
2026-07-08 07:08:00,-42102226700,42073735291031139689838,276317,276317,276317,276317,0,42073735291031139689838,50001782659301544506479
2026-07-08 07:09:00,-33672665549,33649827613635392719698,276317,276317,276317,276317,0,33649827613635392719698,50001782659301544506479
2026-07-08 07:10:00,6894828691,-6890219790352934378770,276317,276317,276317,276317,7113999629,219022202647065621230,50001782659301544506479
2026-07-08 07:11:00,22603073013,-22587969955968814063990,276317,276317,276317,276317,22603073013,0,50001782659301544506479
2026-07-08 07:13:00,-208684517,208543084272940073250,276317,276317,276317,276317,0,208543084272940073250,50001782659301544506479
2026-07-08 07:15:00,156514945650,-156412216599804841388992,276317,276317,276317,276317,285925119388,129322133212195158611008,50001782659301544506479
2026-07-08 07:16:00,-273436910621,273251808881122454450513,276317,276317,276317,276317,0,273251808881122454450513,50001782659301544506479
2026-07-08 07:17:00,-35141735065,35117594748481255309801,276317,276317,276317,276317,13473477136,48582015748481255309801,50001782659301544506479
2026-07-08 07:18:00,350939062457,-350705122652606325598427,276317,276317,276317,276317,357839053257,6895367353483987498434,50001782659301544506479
2026-07-08 07:20:00,-58471401585,58432169475472542130251,276317,276317,276317,276317,28616172,58460766699764262844901,50001782659301544506479
2026-07-08 07:21:00,-3336459419,3334216675907512837697,276317,276317,276317,276317,0,3334216675907512837697,50001782659301544506479
2026-07-08 07:22:00,-13567365372,13558240910044930970543,276317,276317,276317,276317,0,13558240910044930970543,50001782659301544506479
2026-07-08 07:23:00,40024556062,-39998679500768027435932,276317,276317,276317,276317,102067482963,62001320499231972564068,50001782659301544506479
2026-07-08 07:24:00,-36127427174,36102152308019988718104,276317,276317,276317,276317,100065964399,136102152308019988718104,50001782659301544506479
2026-07-08 07:25:00,100066108948,-100000000000000000000000,276317,276317,276317,276317,100066108948,0,50001782659301544506479
2026-07-08 07:26:00,12880132360,-12872524291258046765550,276317,276317,276317,276317,100153671693,87215032285015407760403,50001782659301544506479
2026-07-08 07:27:00,6318078364,-6314925985067441000166,276317,276317,276317,276317,106883836204,100498794072691304788701,50001782659301544506479
2026-07-08 07:28:00,-42334928254,42305617808928445615201,276317,276317,276317,276317,100066031635,142305617808928445615201,50001782659301544506479
2026-07-08 07:30:00,-47919680000,47887548479021742921372,276317,276317,276317,276317,0,47887548479021742921372,50001782659301544506479
2026-07-08 07:31:00,755543932,-755044157287574026999,276317,276317,276317,276317,755543932,0,50001782659301544506479
2026-07-08 07:32:00,2389369027,-2387788664268297011200,276317,276317,276317,276317,2389369027,0,50001782659301544506479
2026-07-08 07:33:00,70046228239,-70000000000000000000000,276317,276317,276317,276317,70046228239,0,50001782659301544506479
2026-07-08 07:35:00,-130498601919,130411015337431176002631,276317,276317,276317,276317,0,130411015337431176002631,50001782659301544506479
2026-07-08 07:36:00,48493242602,-48461625264782284844059,276317,276317,276317,276317,100993172602,52464503685555150923715,50001782659301544506479
2026-07-08 07:37:00,100066028131,-100000000000000000000000,276317,276317,276317,276317,100066028131,0,50001782659301544506479
2026-07-08 07:38:00,-280420608411,280231761306945673223590,276317,276317,276317,276317,0,280231761306945673223590,50001782659301544506479
2026-07-08 07:39:00,39567791821,-39541954794681183021036,276317,276317,276317,276317,100066991821,60458045205318816978964,50001782659301544506479
2026-07-08 07:40:00,90060288500,-90000437963542284086279,276317,276317,276317,276317,100066631472,9999562036457715913721,50001782659301544506479
2026-07-08 07:41:00,100066231089,-100000000000000000000000,276317,276317,276317,276317,100066231089,0,50001782659301544506479
2026-07-08 07:42:00,-6107414620,6103322720516285451827,276317,276317,276317,276317,0,6103322720516285451827,50001782659301544506479
2026-07-08 07:43:00,-129901501537,129814116017347250660909,276317,276317,276317,276317,0,129814116017347250660909,50001782659301544506479
2026-07-08 07:45:00,66038101052,-65994592564894731210547,276317,276317,276317,276317,100066511052,34005407435105268789453,50001782659301544506479
2026-07-08 07:46:00,59439649718,-59400737481123714802568,276317,276317,276317,276317,100066273222,40599262518876285197432,50001782659301544506479
2026-07-08 07:47:00,-107729765819,107656324042135323300596,276317,276317,276317,276317,100066363450,207656324042135323300596,50001782659301544506479
2026-07-08 07:48:00,99999164561,-99932905704225582666199,276317,276317,276317,276317,100066304149,67094295774417333801,50001782659301544506479
2026-07-08 07:49:00,-94811661743,94746882789892324221441,276317,276317,276317,276317,101968545718,196647492677492521256951,50001782659301544506479
2026-07-08 07:51:00,-27950737765,27930868198615644823526,276317,276317,276317,276317,100507441456,128371735199492548707781,50001782659301544506479
2026-07-08 07:52:00,100066394954,-100000000000000000000000,276317,276317,276317,276317,100066394954,0,50001782659301544506479
2026-07-08 07:53:00,-15418754,14400405251788657812,276317,276317,276317,276317,100866378065,100814024392271170977768,50001782659301544506479
2026-07-08 07:54:00,100065994631,-100000000000000000000000,276317,276317,276317,276317,100065994631,0,50001782659301544506479
2026-07-08 07:55:00,-8906680871,8899734031389892106408,276317,276317,276317,276317,100065836059,108899734031389892106408,50001782659301544506479
2026-07-08 07:56:00,100065051001,-99999421498722265720622,276317,276317,276317,276317,100065629889,578501277734279378,50001782659301544506479
2026-07-08 07:57:00,-36443803378,36418583164764682675170,276317,276317,276317,276317,100065589474,136418583164764682675170,50001782659301544506479
2026-07-08 07:58:00,-105303128192,105231846495819057084940,276317,276317,276317,276317,100065394147,205231846495819057084940,50001782659301544506479
2026-07-08 07:59:00,100065796655,-100000000000000000000000,276317,276317,276317,276317,100065796655,0,50001782659301544506479
2026-07-08 08:00:00,100065396277,-100000000000000000000000,276317,276317,276317,276317,100065396277,0,50001782659301544506479
2026-07-08 08:01:00,-38639688114,38614096986285225091864,276317,276317,276317,276317,0,38614096986285225091864,50001782659301544506479
2026-07-08 08:02:00,100065150503,-100000000000000000000000,276317,276317,276317,276317,100065150503,0,50001782659301544506479
2026-07-08 08:03:00,57015839528,-56979326757584613041014,276317,276317,276317,276317,100064750129,43020673242415386958986,50001782659301544506479
2026-07-08 08:04:00,39834984469,-39809852682795678513777,276317,276317,276317,276317,100064522000,60190147317204321486223,50001782659301544506479
2026-07-08 08:05:00,54457809003,-54423187227309001506252,276317,276317,276317,276317,100064362614,45576812772690998493748,50001782659301544506479
2026-07-08 08:06:00,29506720715,-29488469369362691647964,276317,276317,276317,276317,100064144720,70511530630637308352036,50001782659301544506479
2026-07-08 08:07:00,66009637667,-65967696356328088787621,276317,276317,276317,276317,100064026659,34032303643671911212379,50001782659301544506479
2026-07-08 08:08:00,3692267594,-3689907701428126051536,276317,276317,276317,276317,3692267594,0,50001782659301544506479
2026-07-08 08:09:00,-1062993055,1062303081351043482491,276317,276317,276317,276317,0,1062303081351043482491,50001782659301544506479
2026-07-08 08:10:00,-229027400438,228877689152391916089116,276317,276317,276317,276317,0,228877689152391916089116,50001782659301544506479
2026-07-08 08:11:00,-7961096646,7955854572347096465926,276317,276317,276317,276317,34508133,7990340335154211536987,50001782659301544506479
2026-07-08 08:13:00,-1762062053,1760901537013216334330,276317,276317,276317,276317,0,1760901537013216334330,50001782659301544506479
2026-07-08 08:14:00,-140314295270,140221484285367518134702,276317,276317,276317,276317,0,140221484285367518134702,50001782659301544506479
2026-07-08 08:15:00,148917165617,-148820189307441618167017,276317,276317,276317,276317,150042718048,1124810692558381832983,50001782659301544506479
2026-07-08 08:16:00,-147842799175,147745037046256606864822,276317,276317,276317,276317,0,147745037046256606864822,50001782659301544506479
2026-07-08 08:17:00,182830581,-182710971564875134466,276317,276317,276317,276317,182830581,0,50001782659301544506479
2026-07-08 08:18:00,3035075793,-3033091899361330305583,276317,276317,276317,276317,3185075793,149900388074642372308,50001782659301544506479
2026-07-08 08:19:00,-290000000,289807414394947545814,276317,276317,276317,276317,0,289807414394947545814,50001782659301544506479
2026-07-08 08:20:00,107565222080,-107495096268194107312554,276317,276317,276317,276317,107715222080,149901031065692496005,50001782659301544506479
2026-07-08 08:21:00,-300000000,299802059434159640648,276317,276317,276317,276317,0,299802059434159640648,50001782659301544506479
2026-07-08 08:22:00,254149876433,-253986540503502870630812,276317,276317,276317,276317,306561673244,52377162048533277012516,50001782659301544506479
2026-07-08 08:23:00,1149016378,-1148281426323171407285,276317,276317,276317,276317,1149016378,0,50001782659301544506479
2026-07-08 08:24:00,683622893,-683185649623678568372,276317,276317,276317,276317,683622893,0,50001782659301544506479
2026-07-08 08:25:00,54566344,-54531444661876162560,276317,276317,276317,276317,54566344,0,50001782659301544506479
2026-07-08 08:26:00,-388437108593,388181774276323770482074,276317,276317,276317,276317,0,388181774276323770482074,50001782659301544506479
2026-07-08 08:27:00,397623921,-397363439743269722509,276317,276317,276317,276317,397623921,0,50001782659301544506479
2026-07-08 08:28:00,572658181,-572283046074629481665,276317,276317,276317,276317,572658181,0,50001782659301544506479
2026-07-08 08:30:00,29631011665,-29611618935000000000000,276317,276317,276317,276317,29631011665,0,50001782659301544506479
2026-07-08 08:31:00,94576296670,-94514736624204428695375,276317,276317,276317,276317,104881689849,10298549553428391592726,50001782659301544506479
2026-07-08 08:32:00,702511368,-702055636510165002517,276317,276317,276317,276317,798699337,96124475000000000000,50001782659301544506479
2026-07-08 08:33:00,-405148008653,404877301789936934572145,276317,276317,276317,276317,200133342,405077301790199876429958,50001782659301544506479
2026-07-08 08:34:00,19429432422,-19417865576521055758223,276317,276317,276317,276317,156595671006,137073107768181181921214,50001782659301544506479
2026-07-08 08:35:00,80609030002,-80555854699607400150407,276317,276317,276317,276317,114550609245,33918629780371357475741,50001782659301544506479
2026-07-08 08:36:00,49066070361,-49034133302464524958728,276317,276317,276317,276317,100066070361,50965866697535475041272,50001782659301544506479
2026-07-08 08:37:00,9624931267,-9618577718231690510294,276317,276317,276317,276317,9624931267,0,50001782659301544506479
2026-07-08 08:38:00,-4899362,4895134728512085686,276317,276317,276317,276317,94414876,99247705000000000000,50001782659301544506479
2026-07-08 08:39:00,-116221485,116143625000000000000,276317,276317,276317,276317,0,116143625000000000000,50001782659301544506479
2026-07-08 08:41:00,9711354610,-9704947717479269997800,276317,276317,276317,276317,9711354610,0,50001782659301544506479
2026-07-08 08:42:00,20584536699,-20570968877000000000000,276317,276317,276317,276317,20584536699,0,50001782659301544506479
2026-07-08 08:43:00,15040850189,-15030947066173818726193,276317,276317,276317,276317,15040850189,0,50001782659301544506479
2026-07-08 08:44:00,100065654614,-100000000000000000000000,276317,276317,276317,276317,100065654614,0,50001782659301544506479
2026-07-08 08:45:00,99414306291,-99349481761179719069400,276317,276317,276317,276317,100065256841,650518238820280930600,50001782659301544506479
2026-07-08 08:46:00,-1177323811,1176546587867305032598,276317,276317,276317,276317,0,1176546587867305032598,50001782659301544506479
2026-07-08 08:47:00,-11896958988,11889101975731934743800,276317,276317,276317,276317,0,11889101975731934743800,50001782659301544506479
2026-07-08 08:48:00,-99429002875,99363116642388760149285,276317,276317,276317,276317,0,99363116642388760149285,50001782659301544506479
2026-07-08 08:49:00,-4056402146,4053705799435166418778,276317,276317,276317,276317,0,4053705799435166418778,50001782659301544506479
2026-07-08 08:50:00,100065322835,-100000000000000000000000,276317,276317,276317,276317,100065322835,0,50001782659301544506479
2026-07-08 08:51:00,-79958313517,79905349638517944819271,276317,276317,276317,276317,0,79905349638517944819271,50001782659301544506479
2026-07-08 08:52:00,97975499888,-97911646816262405208151,276317,276317,276317,276317,101066503547,3088963071337791827360,50001782659301544506479
2026-07-08 08:53:00,-70101386,70055113155942290551,276317,276317,276317,276317,0,70055113155942290551,50001782659301544506479
2026-07-08 08:54:00,-120074419422,119909202845341211172274,276317,276314,274417,276317,8573693878572,8685851980312341211172274,50001782659301544506479
2026-07-08 08:56:00,1260462227,-1259637006314514249865,276317,276317,276317,276317,1280462227,19986702486768162147,50001782659301544506479
2026-07-08 08:57:00,20609483873,-20595996620884095518110,276317,276317,276317,276317,20609483873,0,50001782659301544506479
2026-07-08 08:59:00,19806619672,-19793734795269267938776,276317,276317,276317,276317,25907717283,6097045729649541180098,50001782659301544506479
2026-07-08 09:00:00,-20000000,19986735793736488842,276317,276317,276317,276317,0,19986735793736488842,50001782659301544506479
2026-07-08 09:02:00,100065164236,-100000000000000000000000,276317,276317,276317,276317,100065164236,0,50001782659301544506479
2026-07-08 09:04:00,123819705,-123739320048397223966,276317,276317,276317,276317,123819705,0,50001782659301544506479
2026-07-08 09:05:00,-30000000,29980223764211704489,276317,276317,276317,276317,0,29980223764211704489,50001782659301544506479
2026-07-08 09:06:00,-722341357190,721854381921863554988180,276317,276317,276317,276317,37731635703,759560404166028285606036,50001782659301544506479
2026-07-08 09:07:00,100067653676,-100000000000000000000000,276317,276317,276317,276317,100067653676,0,50001782659301544506479
2026-07-08 09:08:00,-586748382426,586338993697275669107875,276316,276317,276316,276317,113251617574,699511727899275669107875,50001782659301543506831
2026-07-08 09:09:00,100737578674,-100667514449175068914018,276317,276316,276316,276317,100737578674,0,50001782659301544506479
2026-07-08 09:10:00,10444714003,-10437495151000000000000,276317,276317,276317,276317,12683651108,2237363063000000000000,50001782659301544506479
2026-07-08 09:11:00,99969156189,-99900070487524462345482,276317,276317,276317,276317,100119156189,149895058029029997718,50001782659301544506479
2026-07-08 09:12:00,203711964766,-203572418396515694003267,276317,276317,276317,276317,203711964766,0,50001782659301544506479
2026-07-08 09:13:00,518217232,-517864358605009829822,276317,276317,276317,276317,518217232,0,50001782659301544506479
2026-07-08 09:14:00,24954349,-24937357603660730013,276317,276317,276317,276317,24954349,0,50001782659301544506479
2026-07-08 09:15:00,100067938844,-100000000000000000000000,276317,276317,276317,276317,100067938844,0,50001782659301544506479
2026-07-08 09:16:00,76467790427,-76416379904781552721645,276317,276317,276317,276317,100067538453,23583620095218447278355,50001782659301544506479
2026-07-08 09:17:00,87111581132,-87053160118501054721369,276317,276317,276317,276317,100067283848,12946839881498945278631,50001782659301544506479
2026-07-08 09:18:00,-36052280022,36026724631330060380315,276317,276317,276317,276317,100066883941,136026724631330060380315,50001782659301544506479
2026-07-08 09:19:00,-50534045193,50497038774560989264604,276317,276317,276317,276317,250169827658,300497038774560989264604,50001782659301544506479
2026-07-08 09:20:00,225570463266,-225419724687376051562145,276317,276317,276317,276317,250167571266,24580275312623948437855,50001782659301544506479
2026-07-08 09:21:00,-43014523248,42985458736329034288508,276317,276317,276317,276317,0,42985458736329034288508,50001782659301544506479
2026-07-08 09:22:00,-106009164730,105937219702612950891144,276317,276317,276317,276317,0,105937219702612950891144,50001782659301544506479
2026-07-08 09:23:00,-12809385066,12800661337706701864482,276317,276317,276317,276317,0,12800661337706701864482,50001782659301544506479
2026-07-08 09:24:00,119645124988,-119565694329234966032326,276317,276317,276317,276317,179850520878,60164305670765033967674,50001782659301544506479
2026-07-08 09:25:00,-41623706,41595545000000000000,276317,276317,276317,276317,0,41595545000000000000,50001782659301544506479
2026-07-08 09:26:00,-1011289909,1010605731546205860193,276317,276317,276317,276317,0,1010605731546205860193,50001782659301544506479
2026-07-08 09:27:00,250201502511,-250035977518410317646277,276317,276317,276317,276317,250204515324,3010803000000000000,50001782659301544506479
2026-07-08 09:28:00,330121576,-329904831127770628096,276317,276317,276317,276317,330121576,0,50001782659301544506479
2026-07-08 09:29:00,-43752199959,43722985107839603746653,276317,276317,276317,276317,1366347326,45088435389953085301719,50001782659301544506479
2026-07-08 09:30:00,-10831031,10823791000000000000,276317,276317,276317,276317,0,10823791000000000000,50001782659301544506479
2026-07-08 09:31:00,-897774650,897174653747222015264,276317,276317,276317,276317,0,897174653747222015264,50001782659301544506479
2026-07-08 09:32:00,273196598,-273016744360095230546,276317,276317,276317,276317,273196598,0,50001782659301544506479
2026-07-08 09:34:00,-43015561652,42986776443171105548358,276317,276317,276317,276317,0,42986776443171105548358,50001782659301544506479
2026-07-08 09:35:00,-729743693559,729244096332193801870502,276317,276317,276317,276317,0,729244096332193801870502,50001782659301544506479
2026-07-08 09:36:00,-174985560000,174862598476978398003907,276317,276317,276317,276317,0,174862598476978398003907,50001782659301544506479
2026-07-08 09:37:00,-730183760,729668099965911278200,276317,276317,276317,276317,0,729668099965911278200,50001782659301544506479
2026-07-08 09:38:00,299373029292,-299166818051827103525147,276317,276317,276317,276317,342390435112,42987577595570988507370,50001782659301544506479
2026-07-08 09:39:00,-172594367619,172473906212143430216786,276317,276317,276317,276317,4122059563,176593116427143430216786,50001782659301544506479
2026-07-08 09:40:00,272111044,-271922973288093474183,276317,276317,276317,276317,272111044,0,50001782659301544506479
2026-07-08 09:41:00,-99753470033,99683329709335686793845,276317,276317,276317,276317,0,99683329709335686793845,50001782659301544506479
2026-07-08 09:42:00,251622773931,-251449126669265928047332,276317,276317,276317,276317,251622773931,0,50001782659301544506479
2026-07-08 09:43:00,-10212000000,10204899805135687686547,276317,276317,276317,276317,0,10204899805135687686547,50001782659301544506479
2026-07-08 09:44:00,-889623520,889004784757078838036,276317,276317,276317,276317,0,889004784757078838036,50001782659301544506479
2026-07-08 09:46:00,-236553639323,236387993803691680702539,276317,276317,276317,276317,0,236387993803691680702539,50001782659301544506479
2026-07-08 09:48:00,46842593002,-46812114161277900820951,276317,276317,276317,276317,250172614069,203187885838722099179049,50001782659301544506479
2026-07-08 09:49:00,69676194447,-69629915547153946172643,276317,276317,276317,276317,261519981727,191710084452846053827357,50001782659301544506479
2026-07-08 09:50:00,146821764879,-146721874024353469045895,276317,276317,276317,276317,250171448511,103278125975646530954105,50001782659301544506479
2026-07-08 09:52:00,-42250205462,42220825354245913989009,276317,276317,276317,276317,384804605,42605366580619455254417,50001782659301544506479
2026-07-08 09:53:00,-42543946105,42514292624132517436725,276317,276317,276317,276317,91243618,42605473481064382348788,50001782659301544506479
2026-07-08 09:56:00,-58737248813,58696190875069763589667,276317,276317,276317,276317,0,58696190875069763589667,50001782659301544506479
2026-07-08 09:57:00,489331976,-488994250431500406700,276317,276317,276317,276317,489331976,0,50001782659301544506479
2026-07-08 10:00:00,84290674687,-84232756810900251044946,276317,276317,276317,276317,95814716503,11516014560440045867530,50001782659301544506479
2026-07-08 10:01:00,-2862944159,2860949106503326309511,276317,276317,276317,276317,0,2860949106503326309511,50001782659301544506479
2026-07-08 10:02:00,-60041987596,60000071679133610068960,276317,276317,276317,276317,0,60000071679133610068960,50001782659301544506479
2026-07-08 10:03:00,-33699700615,33676110401277653656511,276317,276317,276317,276317,100099385,33776140786324853713026,50001782659301544506479
2026-07-08 10:05:00,7165002306,-7160054730000000000000,276317,276317,276317,276317,7165002306,0,50001782659301544506479
2026-07-08 10:06:00,243380357938,-243213585070596881932708,276317,276317,276317,276317,250171462203,6786414929403118067292,50001782659301544506479
2026-07-08 10:07:00,-8268685879,8262973785006383544910,276317,276317,276317,276317,0,8262973785006383544910,50001782659301544506479
2026-07-08 10:08:00,-23897829771,23881305545373859721551,276317,276317,276317,276317,0,23881305545373859721551,50001782659301544506479
2026-07-08 10:09:00,-100282741419,100213150062817604816299,276317,276317,276317,276317,176177303,100389207225864144047531,50001782659301544506479
2026-07-08 10:10:00,-1471470405,1470446309851469181174,276317,276317,276317,276317,0,1470446309851469181174,50001782659301544506479
2026-07-08 10:12:00,-94506307531,94440337488049184901474,276317,276317,276317,276317,1558994350,95998256428021157727861,50001782659301544506479
2026-07-08 10:13:00,-973816219,973134749504831414007,276317,276317,276317,276317,0,973134749504831414007,50001782659301544506479
2026-07-08 10:18:00,-14999970075,14989468432308048933582,276317,276317,276317,276317,0,14989468432308048933582,50001782659301544506479
2026-07-08 10:20:00,-362115547522,361858996829621420441300,276316,276317,276316,276317,30166496478,392004314959804861591252,50001782659301543506831
2026-07-08 10:21:00,250175094618,-250000000000000000000000,276317,276317,276317,276317,250175094618,0,50001782659301544506479
2026-07-08 10:22:00,229367874,-229208490069340139319,276317,276317,276317,276317,229367874,0,50001782659301544506479
2026-07-08 10:23:00,-430012002151,429705203710338603889532,276316,276316,276316,276316,0,429705203710338603889532,50001782659301543506831
2026-07-08 10:24:00,251785753625,-251607732920436630225662,276316,276316,276316,276316,251785753625,0,50001782659301543506831
2026-07-08 10:25:00,6603375522,-6601175225906057332428,276316,276316,276316,276316,250216872421,243439375170360413599978,50001782659301543506831
2026-07-08 10:26:00,160711386136,-160600018795743025504896,276317,276317,276317,276317,250174306528,89399981204256974495104,50001782659301544506479
2026-07-08 10:27:00,132021729850,-131931461826146214862807,276317,276317,276317,276317,250172700972,118068538173853785137193,50001782659301544506479
2026-07-08 10:28:00,131500937160,-131411727404228117201714,276317,276317,276317,276317,250171378448,118588272595771882798286,50001782659301544506479
2026-07-08 10:29:00,-30801270197,30779851124476597926871,276317,276317,276317,276317,0,30779851124476597926871,50001782659301544506479
2026-07-08 10:30:00,104502811200,-104432794388494885021826,276317,276317,276317,276317,250183291065,145579946864779146748083,50001782659301544506479
2026-07-08 10:31:00,909982145,-909361946774232483536,276317,276317,276317,276317,934807145,24807825225767516464,50001782659301544506479
2026-07-08 10:33:00,-49967804138,49933185900215078281799,276317,276317,276317,276317,67500000,50000639878406342641039,50001782659301544506479
2026-07-08 10:35:00,22430550,-22415211943847876021,276317,276317,276317,276317,22430550,0,50001782659301544506479
2026-07-08 10:36:00,-10085101417,10078102394176743690731,276317,276317,276317,276317,0,10078102394176743690731,50001782659301544506479
2026-07-08 10:37:00,-1919261157,1917928736012074349092,276317,276317,276317,276317,0,1917928736012074349092,50001782659301544506479
2026-07-08 10:39:00,-24717456322,24700283418295578620927,276317,276317,276317,276317,0,24700283418295578620927,50001782659301544506479
2026-07-08 10:40:00,-100000000,99930473597297138313,276317,276317,276317,276317,0,99930473597297138313,50001782659301544506479
2026-07-08 10:41:00,31868843,-31847004313810986777,276317,276317,276317,276317,31868843,0,50001782659301544506479
2026-07-08 10:42:00,-64341445791,64296628744073598073352,276317,276317,276317,276317,0,64296628744073598073352,50001782659301544506479
2026-07-08 10:44:00,-100000000,99930216237949473581,276317,276317,276317,276317,0,99930216237949473581,50001782659301544506479
2026-07-08 10:45:00,-286123211297,285921565402206018667500,276316,276317,276316,276317,34247389745,320145408817508161766049,50001782659301543506831
2026-07-08 10:47:00,1614889369,-1613760163000000000000,276316,276316,276316,276316,1614889369,0,50001782659301543506831
2026-07-08 10:49:00,67509621321,-67464334038536983140067,276317,276317,276316,276317,250174417314,182535665961463016859933,50001782659301544506479
2026-07-08 10:50:00,250154260674,-249981274354522724604816,276317,276317,276317,276317,250172999559,18725645477275395184,50001782659301544506479
2026-07-08 10:51:00,69811313328,-69765286088095306857686,276317,276317,276317,276317,250172301219,180234713911904693142314,50001782659301544506479
2026-07-08 10:52:00,70610219787,-70563836300287432615132,276317,276317,276317,276317,250270649949,179536163699712567384868,50001782659301544506479
2026-07-08 10:53:00,-42841612800,42811976696410569970828,276317,276317,276317,276317,0,42811976696410569970828,50001782659301544506479
2026-07-08 10:54:00,1806672928,-1805439718062595438778,276317,276317,276317,276317,1806672928,0,50001782659301544506479
2026-07-08 10:55:00,-100000000,99930745454779063829,276317,276317,276317,276317,0,99930745454779063829,50001782659301544506479
2026-07-08 10:57:00,1103068651,-1102315771554938942295,276317,276317,276317,276317,1103068651,0,50001782659301544506479
2026-07-08 10:58:00,-100000000,99930749462755609409,276317,276317,276317,276317,0,99930749462755609409,50001782659301544506479
2026-07-08 10:59:00,41686322,-41657871042177138688,276317,276317,276317,276317,41686322,0,50001782659301544506479
2026-07-08 11:00:00,-9114800389,9108486676934334788679,276317,276317,276317,276317,0,9108486676934334788679,50001782659301544506479
2026-07-08 11:02:00,-61895936266,61852973894760088859212,276317,276317,276317,276317,0,61852973894760088859212,50001782659301544506479
2026-07-08 11:03:00,-22207524124,22192072422807902646563,276317,276317,276317,276317,0,22192072422807902646563,50001782659301544506479
2026-07-08 11:04:00,-18669236797,18656231742534744069530,276317,276317,276317,276317,0,18656231742534744069530,50001782659301544506479
2026-07-08 11:05:00,207147621353,-207006601630875390160911,276317,276317,276317,276317,250170612648,42993398369124609839089,50001782659301544506479
2026-07-08 11:06:00,-156646559,156538675361058944241,276317,276317,276317,276317,0,156538675361058944241,50001782659301544506479
2026-07-08 11:07:00,-41544961428,41516314696518388045663,276317,276317,276317,276317,0,41516314696518388045663,50001782659301544506479
2026-07-08 11:08:00,-17352374029,17340388530832593278390,276317,276317,276317,276317,0,17340388530832593278390,50001782659301544506479
2026-07-08 11:09:00,-17829400000,17817072482342558612338,276317,276317,276317,276317,0,17817072482342558612338,50001782659301544506479
2026-07-08 11:10:00,-24988045880,24970747389737193895924,276317,276317,276317,276317,0,24970747389737193895924,50001782659301544506479
2026-07-08 11:11:00,-4319371264,4316378561057179512697,276317,276317,276317,276317,0,4316378561057179512697,50001782659301544506479
2026-07-08 11:12:00,-125187505922,125100445088612472130648,276317,276317,276317,276317,0,125100445088612472130648,50001782659301544506479
2026-07-08 11:13:00,236604337052,-236442818779724523803936,276317,276317,276317,276317,250170855014,13557181220275476196064,50001782659301544506479
2026-07-08 11:14:00,90061106,-90000000000000000000,276317,276317,276317,276317,90061106,0,50001782659301544506479
2026-07-08 11:15:00,-154495056411,154388211729756729819923,276317,276317,276317,276317,0,154388211729756729819923,50001782659301544506479
2026-07-08 11:16:00,-100048280885,99978581365767630429632,276317,276317,276317,276317,0,99978581365767630429632,50001782659301544506479
2026-07-08 11:17:00,250171033543,-250000000000000000000000,276317,276317,276317,276317,250171033543,0,50001782659301544506479
2026-07-08 11:18:00,-1325457391,1324544562673743750089,276317,276317,276317,276317,0,1324544562673743750089,50001782659301544506479
2026-07-08 11:19:00,-35777707431,35753041230495653672966,276317,276317,276317,276317,0,35753041230495653672966,50001782659301544506479
2026-07-08 11:21:00,-68670046,68622257294226922593,276317,276317,276317,276317,39537902,108133267904226922593,50001782659301544506479
2026-07-08 11:22:00,75082983,-75032011412286544303,276317,276317,276317,276317,84557503,9467980561484801617,50001782659301544506479
2026-07-08 11:23:00,-4021562743,4018786963069611797247,276317,276317,276317,276317,0,4018786963069611797247,50001782659301544506479
2026-07-08 11:24:00,194618614490,-194487525101108973537944,276317,276317,276317,276317,250168942393,55512474898891026462056,50001782659301544506479
2026-07-08 11:25:00,55690070028,-55654621948823230904016,276317,276317,276317,276317,250166995635,194345378051176769095984,50001782659301544506479
2026-07-08 11:26:00,121479220198,-121399372382342573104625,276317,276317,276317,276317,250166489566,128600627617657426895375,50001782659301544506479
2026-07-08 11:27:00,-35268347607,35242000801685034183944,276317,276317,276317,276317,250167152232,285242000801685034183944,50001782659301544506479
2026-07-08 11:28:00,145341585588,-145246132034528986105087,276317,276317,276317,276317,250165652755,104753867965471013894913,50001782659301544506479
2026-07-08 11:29:00,-57342502076,57303956682700419322406,276317,276317,276317,276317,0,57303956682700419322406,50001782659301544506479
2026-07-08 11:30:00,-70181671,70134413578004838895,276317,276317,276317,276317,0,70134413578004838895,50001782659301544506479
2026-07-08 11:32:00,-95732670368,95668026214143147490497,276317,276317,276317,276317,0,95668026214143147490497,50001782659301544506479
2026-07-08 11:33:00,-108020906249,107947524649503680708775,276317,276317,276317,276317,0,107947524649503680708775,50001782659301544506479
2026-07-08 11:34:00,-34996500000,34972625910081322372968,276317,276317,276317,276317,0,34972625910081322372968,50001782659301544506479
2026-07-08 11:35:00,117728087743,-117649146481629094240292,276317,276317,276317,276317,117728087743,0,50001782659301544506479
2026-07-08 11:37:00,-2222625801,2221118360878514010818,276317,276317,276317,276317,0,2221118360878514010818,50001782659301544506479
2026-07-08 11:39:00,250165929423,-250000000000000000000000,276317,276317,276317,276317,250165929423,0,50001782659301544506479
2026-07-08 11:40:00,-36982895828,36958153841831309954838,276317,276317,276317,276317,0,36958153841831309954838,50001782659301544506479
2026-07-08 11:41:00,-25000000000,24983243751303192851941,276317,276317,276317,276317,0,24983243751303192851941,50001782659301544506479
2026-07-08 11:42:00,-369307898,369060181754245035834,276317,276317,276317,276317,0,369060181754245035834,50001782659301544506479
2026-07-08 11:43:00,-27084555469,27066373168319216183639,276317,276317,276317,276317,29444531,27095798214350801445593,50001782659301544506479
2026-07-08 11:44:00,-5763580800,5759707893020217064621,276317,276317,276317,276317,0,5759707893020217064621,50001782659301544506479
2026-07-08 11:45:00,-88007184294,87947881968843827799547,276317,276317,276317,276317,0,87947881968843827799547,50001782659301544506479
2026-07-08 11:46:00,250165259637,-250000000000000000000000,276317,276317,276317,276317,250165259637,0,50001782659301544506479
2026-07-08 11:47:00,-17560942919,17549248242417408977102,276317,276317,276317,276317,0,17549248242417408977102,50001782659301544506479
2026-07-08 11:48:00,-139625601677,139532179801041378411248,276317,276317,276317,276317,0,139532179801041378411248,50001782659301544506479
2026-07-08 11:49:00,-354462948907,354222282803215662171262,276317,276317,276317,276317,0,354222282803215662171262,50001782659301544506479
2026-07-08 11:50:00,-8673278262,8667326529027975740418,276317,276317,276317,276317,0,8667326529027975740418,50001782659301544506479
2026-07-08 11:52:00,250167961970,-250000000000000000000000,276317,276317,276317,276317,250167961970,0,50001782659301544506479
2026-07-08 11:53:00,-12026167849,12018030555924815246216,276317,276317,276317,276317,0,12018030555924815246216,50001782659301544506479
2026-07-08 11:54:00,-36229000573,36204451934232820381571,276317,276317,276317,276317,0,36204451934232820381571,50001782659301544506479
2026-07-08 11:55:00,105215251,-105144933569800437760,276317,276317,276317,276317,105215251,0,50001782659301544506479
2026-07-08 11:57:00,1103057395,-1102320221993197651238,276317,276317,276317,276317,1103057395,0,50001782659301544506479
2026-07-08 11:58:00,50233158517,-50199640054418648026260,276317,276317,276317,276317,50319681980,86464950008132991833,50001782659301544506479
2026-07-08 12:02:00,250165427690,-250000000000000000000000,276317,276317,276317,276317,250165427690,0,50001782659301544506479
2026-07-08 12:03:00,-30542150479,30521782569904257602945,276317,276317,276317,276317,0,30521782569904257602945,50001782659301544506479
2026-07-08 12:04:00,-223833766660,223682798863639842295144,276317,276317,276317,276317,56063976746,279709349562626497907405,50001782659301544506479
2026-07-08 12:05:00,-113995058534,113917688910349654139237,276317,276317,276317,276317,0,113917688910349654139237,50001782659301544506479
2026-07-08 12:06:00,-232014799,231856797748471621486,276317,276317,276317,276317,0,231856797748471621486,50001782659301544506479
2026-07-08 12:07:00,199807093166,-199673821608728942344813,276317,276317,276317,276317,200020957721,213718912271057655187,50001782659301544506479
2026-07-08 12:08:00,-21841509633,21826800476661295640557,276317,276317,276317,276317,0,21826800476661295640557,50001782659301544506479
2026-07-08 12:09:00,-50000000000,49966255756252103010010,276317,276317,276317,276317,0,49966255756252103010010,50001782659301544506479
2026-07-08 12:10:00,-26975430693,26957046888427477804489,276317,276317,276317,276317,13710020821,40657919803427477804489,50001782659301544506479
2026-07-08 12:11:00,99844403,-99777810288288341470,276317,276317,276317,276317,99844403,0,50001782659301544506479
2026-07-08 12:13:00,-46507807346,46476173282700692346184,276317,276317,276317,276317,10710128795,57179136608672216313293,50001782659301544506479
2026-07-08 12:14:00,-64393946234,64350151743868259650332,276317,276317,276317,276317,0,64350151743868259650332,50001782659301544506479
2026-07-08 12:15:00,175050000,-174932472771697159269,276317,276317,276317,276317,175050000,0,50001782659301544506479
2026-07-08 12:16:00,-4395575903,4392580450131793724111,276317,276317,276317,276317,0,4392580450131793724111,50001782659301544506479
2026-07-08 12:17:00,444416088038,-444133969153234025169930,276317,276317,276317,276317,1684129522620,1238921220363765974830070,50001782659301544506479
2026-07-08 12:18:00,-63898017509,63855520469875963134008,276317,276317,276317,276317,0,63855520469875963134008,50001782659301544506479
2026-07-08 12:19:00,8530747056,-8525356596229115419488,276317,276317,276317,276317,29276444028,20731864422770884580512,50001782659301544506479
2026-07-08 12:20:00,-89432679560,89372956545222709924277,276317,276317,276317,276317,0,89372956545222709924277,50001782659301544506479
2026-07-08 12:29:00,-182454323771,182331489933646799013694,276317,276317,276317,276317,0,182331489933646799013694,50001782659301544506479
2026-07-08 12:30:00,111665157286,-111592322949767770305889,276317,276317,276317,276317,250165580701,138407677050232229694111,50001782659301544506479
2026-07-08 12:31:00,114280981389,-114206898197528025757117,276317,276317,276317,276317,250165392581,135793101802471974242883,50001782659301544506479
2026-07-08 12:33:00,-26700835486,26682989158138768422517,276317,276317,276317,276317,0,26682989158138768422517,50001782659301544506479
2026-07-08 12:34:00,-100069605607,100002467545479794225880,276317,276317,276317,276317,0,100002467545479794225880,50001782659301544506479
2026-07-08 12:37:00,-74535161072,74402001085800931709147,274995,276314,274995,276317,8295723897157,8362904314367820972853006,74283962351036412
2026-07-08 12:38:00,104085070,-104015760814570450491,276317,276317,276317,276317,104085070,0,50001782659301544506479
2026-07-08 12:39:00,-136753420886,136660617612687728185691,276317,276317,276317,276317,0,136660617612687728185691,50001782659301544506479
2026-07-08 12:42:00,24921183,-24904452118975537604,276317,276317,276317,276317,24921183,0,50001782659301544506479
2026-07-08 12:43:00,-1995031123,1993671681001061555692,276317,276317,276317,276317,4968877,1998637223005496991941,50001782659301544506479
2026-07-08 12:44:00,-130546869203,130457570362496556562018,276317,276317,276317,276317,0,130457570362496556562018,50001782659301544506479
2026-07-08 12:45:00,-153511208739,153405330259815274633495,276317,276317,276317,276317,0,153405330259815274633495,50001782659301544506479
2026-07-08 12:48:00,-27161099443,27142268074458830824058,276317,276317,276317,276317,0,27142268074458830824058,50001782659301544506479
2026-07-08 12:49:00,-42639448434,42609826135671952541538,276317,276317,276317,276317,0,42609826135671952541538,50001782659301544506479
2026-07-08 12:50:00,2342239653,-2340633983000000000000,276317,276317,276317,276317,2342239653,0,50001782659301544506479
2026-07-08 12:51:00,-101154074581,101083519784318240116962,276317,276317,276317,276317,33847250,101117343829466309871042,50001782659301544506479
2026-07-08 12:52:00,-97677174,97608846465993890485,276317,276317,276317,276317,0,97608846465993890485,50001782659301544506479
2026-07-08 12:53:00,-20221608485,20207254899889872731467,276317,276317,276317,276317,20013824238,40207254899889872731467,50001782659301544506479
2026-07-08 12:54:00,1994514398,-1993137596307097447836,276317,276317,276317,276317,1994514398,0,50001782659301544506479
2026-07-08 12:57:00,-48896913927,48862615169874082196408,276317,276317,276317,276317,1103086073,49964939857158390683902,50001782659301544506479
2026-07-08 12:58:00,-113399849556,113319963071276461839581,276317,276317,276317,276317,0,113319963071276461839581,50001782659301544506479
2026-07-08 13:04:00,60844272916,-60801954251000000000000,276317,276317,276317,276317,60844272916,0,50001782659301544506479
2026-07-08 13:05:00,-28743940105,28723679193200824365198,276317,276317,276317,276317,0,28723679193200824365198,50001782659301544506479
2026-07-08 13:07:00,-100000000000,99929255200613296517451,276316,276316,276316,276316,0,99929255200613296517451,50001782659301543506831
2026-07-08 13:11:00,7273759489,-7268672895000000000000,276316,276316,276316,276316,7273759489,0,50001782659301543506831
2026-07-08 13:12:00,11796940480,-11788695286623978389504,276316,276316,276316,276316,11796940480,0,50001782659301543506831
2026-07-08 13:13:00,-25985769990,25967337265598926625618,276316,276316,276316,276316,354230010,26321319408327091719917,50001782659301543506831
2026-07-08 13:15:00,81364834,-81307900811128340480,276316,276316,276316,276316,81364834,0,50001782659301543506831
2026-07-08 13:17:00,-66498379668,66451094558054849863370,276316,276316,276316,276316,161543932,66612525454412767155916,50001782659301543506831
2026-07-08 13:18:00,-21880000000,21864403652915611915910,276316,276316,276316,276316,0,21864403652915611915910,50001782659301543506831
2026-07-08 13:19:00,1901681,-1900344612308346861,276316,276316,276316,276316,1901681,0,50001782659301543506831
2026-07-08 13:20:00,2002046710,-2000638837073791910810,276316,276316,276316,276316,2002046710,0,50001782659301543506831
2026-07-08 13:21:00,1971827698,-1970441232000000000000,276316,276316,276316,276316,1971827698,0,50001782659301543506831
2026-07-08 13:24:00,59819429,-59777371600864804864,276316,276316,276316,276316,59819429,0,50001782659301543506831
2026-07-08 13:27:00,112363963308,-112285212909000000000000,276316,276316,276316,276316,112363963308,0,50001782659301543506831
2026-07-08 13:31:00,671286116,-670819370702357487991,276316,276316,276316,276316,892344921,220902169109985236902,50001782659301543506831
2026-07-08 13:32:00,8651537733,-8645495443000000000000,276316,276316,276316,276316,8651537733,0,50001782659301543506831
2026-07-08 13:33:00,250173429133,-250000000000000000000000,276317,276317,276317,276317,250173429133,0,50001782659301544506479
2026-07-08 13:34:00,65726348768,-65683042915038308643380,276317,276317,276317,276317,250170926646,184316957084961691356620,50001782659301544506479
2026-07-08 13:35:00,9580600738,-9574034029849180328570,276317,276317,276317,276317,9583131441,2528943254580252299,50001782659301544506479
2026-07-08 13:36:00,-52542301600,52505717901059604394987,276317,276317,276317,276317,174046,52505891828059604394987,50001782659301544506479
2026-07-08 13:37:00,-2580342,2578542575025183126,276317,276317,276317,276317,0,2578542575025183126,50001782659301544506479
2026-07-08 13:39:00,-14350191146,14340180340986065822536,276317,276317,276317,276317,0,14340180340986065822536,50001782659301544506479
2026-07-08 13:40:00,-16096994637,16085755456769995591648,276317,276317,276317,276317,0,16085755456769995591648,50001782659301544506479
2026-07-08 13:41:00,598912370,-598500000000000000000,276317,276317,276317,276317,598912370,0,50001782659301544506479
2026-07-08 13:42:00,312761417,-312546076788898649154,276317,276317,276317,276317,312761417,0,50001782659301544506479
2026-07-08 13:43:00,523327674,-522967364409955782408,276317,276317,276317,276317,523327674,0,50001782659301544506479
2026-07-08 13:48:00,-100707389591,100636844841870360345967,276317,276317,276317,276317,0,100636844841870360345967,50001782659301544506479
2026-07-08 13:49:00,-91589153678,91524644322399043957664,276317,276317,276317,276317,0,91524644322399043957664,50001782659301544506479
2026-07-08 13:50:00,89457453687,-89396195940482851493677,276317,276317,276317,276317,175520688488,86002915465517148506323,50001782659301544506479
2026-07-08 13:51:00,-389359715381,389082676192043647455312,276316,276316,276316,276316,45082587925,434133299807475627075251,50001782659301543506831
2026-07-08 13:52:00,32353865439,-32330974844000000000000,276316,276316,276316,276316,32353865439,0,50001782659301543506831
2026-07-08 13:54:00,85068159487,-85008172702000000000000,276316,276316,276316,276316,85068159487,0,50001782659301543506831
2026-07-08 13:55:00,6015093,-6010861740000000000,276316,276316,276316,276316,6015093,0,50001782659301543506831
2026-07-08 13:57:00,1103105105,-1102329137758563146159,276316,276316,276316,276316,1103105105,0,50001782659301543506831
2026-07-08 13:58:00,-56000000000,55959986358276639510272,276316,276316,276316,276316,0,55959986358276639510272,50001782659301543506831
2026-07-08 14:00:00,251420655432,-251244502019000000000000,276317,276316,276316,276317,251420655432,0,50001782659301544506479
2026-07-08 14:02:00,-518756445,515890415453593350386,276317,276317,276317,276317,250172772120,250515890415453593350386,50001782659301544506479
2026-07-08 14:04:00,-162985560901,162870023841716607420182,276316,276316,276316,276316,0,162870023841716607420182,50001782659301543506831
2026-07-08 14:05:00,-50699838461,50663681967104167181323,276316,276316,276316,276316,0,50663681967104167181323,50001782659301543506831
2026-07-08 14:08:00,-8376549350,8370565743399797524163,276316,276316,276316,276316,0,8370565743399797524163,50001782659301543506831
2026-07-08 14:11:00,69467972,-69419032213079457792,276316,276316,276316,276316,69467972,0,50001782659301543506831
2026-07-08 14:12:00,100315082094,-100244611167000000000000,276316,276316,276316,276316,100315082094,0,50001782659301543506831
2026-07-08 14:15:00,39676614,-39648821265074727882,276316,276316,276316,276316,39676614,0,50001782659301543506831
2026-07-08 14:16:00,-121823818065,121736966845451196852473,276316,276316,276316,276316,96181935,121833080938067235858681,50001782659301543506831
2026-07-08 14:17:00,-391573771600,391290595870798389296378,276316,276316,276316,276316,0,391290595870798389296378,50001782659301543506831
2026-07-08 14:18:00,82737471982,-82679040467515034001097,276316,276316,276316,276316,191387259076,108570959533179831250557,50001782659301543506831
2026-07-08 14:19:00,250178301933,-250000000000000000000000,276316,276316,276316,276316,250178301933,0,50001782659301543506831
2026-07-08 14:20:00,157856558,-157744844456872674110,276316,276316,276316,276316,157856558,0,50001782659301543506831
2026-07-08 14:21:00,-40886426971,40857049876131717946273,276316,276316,276316,276316,0,40857049876131717946273,50001782659301543506831
2026-07-08 14:22:00,-423697366875,423389004706525857893622,276316,276316,276316,276316,114505065,423503426611729829549269,50001782659301543506831
2026-07-08 14:23:00,-322244720000,322005392759180111334441,276316,276316,276316,276316,0,322005392759180111334441,50001782659301543506831
2026-07-08 14:24:00,49500000,-49463412979182647011,276316,276316,276316,276316,49500000,0,50001782659301543506831
2026-07-08 14:25:00,-465928861925,465575487033071549376147,276316,276316,276316,276316,0,465575487033071549376147,50001782659301543506831
2026-07-08 14:26:00,-24133660817,24115120839146250636146,276316,276316,276316,276316,0,24115120839146250636146,50001782659301543506831
2026-07-08 14:29:00,-289750710166,289526300431281041910842,276316,276316,276316,276316,45976293,289572241309987878753608,50001782659301543506831
2026-07-08 14:30:00,67232119713,-67180422006000000000000,276316,276316,276316,276316,67232119713,0,50001782659301543506831
2026-07-08 14:31:00,249191278,-249000000000000000000,276316,276316,276316,276316,249191278,0,50001782659301543506831
2026-07-08 14:32:00,250190793672,-250000000000000000000000,276316,276316,276316,276316,250190793672,0,50001782659301543506831
2026-07-08 14:33:00,-32239034755,32211767736469502957436,276316,276316,276316,276316,250188290924,282211767736469502957436,50001782659301543506831
2026-07-08 14:34:00,255784902829,-255592099060000000000000,276316,276316,276316,276316,255784902829,0,50001782659301543506831
2026-07-08 14:35:00,-365428153308,365148006847063885424184,276316,276316,276316,276316,24485423032,389615106798953836606125,50001782659301543506831
2026-07-08 14:37:00,-249781127328,249586736362341389903264,276316,276316,276316,276316,0,249586736362341389903264,50001782659301543506831
2026-07-08 14:38:00,-29983425000,29959922814293534565000,276316,276316,276316,276316,16575000,29976484997803687634336,50001782659301543506831
2026-07-08 14:39:00,1000824,-1000049593778693169,276316,276316,276316,276316,1000824,0,50001782659301543506831
2026-07-08 14:41:00,5271044415,-5266962860434538889216,276316,276316,276316,276316,5271044415,0,50001782659301543506831
2026-07-08 14:44:00,704167866,-703622689335384229238,276316,276316,276316,276316,704167866,0,50001782659301543506831
2026-07-08 14:45:00,-144989375704,144875255990485398335365,276316,276316,276316,276316,0,144875255990485398335365,50001782659301543506831
2026-07-08 14:46:00,250193899369,-250000000000000000000000,276316,276316,276316,276316,250193899369,0,50001782659301543506831
2026-07-08 14:47:00,250191396574,-250000000000000000000000,276316,276316,276316,276316,250191396574,0,50001782659301543506831
2026-07-08 14:49:00,-185796362575,185652610708055390011647,276316,276316,276316,276316,0,185652610708055390011647,50001782659301543506831
2026-07-08 14:50:00,-749614880971,749020891986402992693503,276315,276315,276315,276315,10119029,749031002948022239955004,50001782659301542507232
2026-07-08 14:51:00,-98205361763,98123064065428164276416,276315,276316,276315,276316,281966366242,379862385784428164276416,50001782659301542507232
2026-07-08 14:52:00,250199233482,-250000000000000000000000,276316,276316,276316,276316,250199233482,0,50001782659301543506831
2026-07-08 14:53:00,-6850155751,6844665827737680388088,276316,276316,276316,276316,0,6844665827737680388088,50001782659301543506831
2026-07-08 14:54:00,61354767635,-61308162851051103975626,276316,276316,276316,276316,250196799132,188691837148948896024374,50001782659301543506831
2026-07-08 14:55:00,250196185361,-250000000000000000000000,276316,276316,276316,276316,250196185361,0,50001782659301543506831
2026-07-08 14:56:00,20487974337,-20474365192808969794852,276316,276316,276316,276316,255193682532,234521742759444110171084,50001782659301543506831
2026-07-08 14:57:00,12753743928,-12746193366753421800344,276316,276316,276316,276316,250193477570,237253806633246578199656,50001782659301543506831
2026-07-08 14:58:00,136196349376,-136091925664477998941187,276316,276316,276316,276316,250212321826,113927031531594519444626,50001782659301543506831
2026-07-08 14:59:00,1719295603,-1717967749807374431567,276316,276316,276316,276316,1719295603,0,50001782659301543506831
2026-07-08 15:01:00,165066647512,-164940599206799311387185,276316,276316,276316,276316,253808670045,88672447360724557163470,50001782659301543506831
2026-07-08 15:02:00,-83144785429,83080152957256951817792,276316,276316,276316,276316,0,83080152957256951817792,50001782659301543506831
2026-07-08 15:03:00,-40000000000,39968807664650756650820,276316,276316,276316,276316,0,39968807664650756650820,50001782659301543506831
2026-07-08 15:04:00,-214339703516,214171462363272130856607,276316,276316,276316,276316,827952689,214998777034040621124785,50001782659301543506831
2026-07-08 15:05:00,250193695090,-250000000000000000000000,276316,276316,276316,276316,250193695090,0,50001782659301543506831
2026-07-08 15:06:00,145509653068,-145399198540226496379942,276316,276316,276316,276316,250191192298,104600801459773503620058,50001782659301543506831
2026-07-08 15:10:00,-188571118734,188424574763402422536926,276316,276316,276316,276316,0,188424574763402422536926,50001782659301543506831
2026-07-08 15:11:00,251192994862,-251000609887600197035511,276316,276316,276316,276316,251192994862,0,50001782659301543506831
2026-07-08 15:12:00,114629549825,-114543949019514048667133,276316,276316,276316,276316,250189110267,135456050980485951332867,50001782659301543506831
2026-07-08 15:13:00,-88369679207,88299290123619659907700,276316,276316,276316,276316,251909259545,340019290123619659907700,50001782659301543506831
2026-07-08 15:14:00,250320215468,-250131269410444208446878,276316,276316,276316,276316,250320215468,0,50001782659301543506831
2026-07-08 15:15:00,-8887817841,8881051576830197933068,276316,276316,276316,276316,1164615407,10044793295867835477509,50001782659301543506831
2026-07-08 15:17:00,-11260754408,11252191849693777024997,276316,276316,276316,276316,0,11252191849693777024997,50001782659301543506831
2026-07-08 15:18:00,9594785,-9587582946454412491,276316,276316,276316,276316,9594785,0,50001782659301543506831
2026-07-08 15:19:00,-9691810812,9684437208163526009345,276316,276316,276316,276316,0,9684437208163526009345,50001782659301543506831
2026-07-08 15:20:00,217160586621,-216998719229415525621261,276316,276316,276316,276316,245183208327,28001280770584474378739,50001782659301543506831
2026-07-08 15:21:00,-66272384265,66222438163455022231691,276316,276316,276316,276316,0,66222438163455022231691,50001782659301543506831
2026-07-08 15:23:00,249632853492,-249448132389435443155623,276316,276316,276316,276316,250185138070,551867610564556844377,50001782659301543506831
2026-07-08 15:24:00,124601166643,-124511149059620056164173,276316,276316,276316,276316,250183891634,125488850940379943835827,50001782659301543506831
2026-07-08 15:25:00,72306560701,-72255656807221233731571,276316,276316,276316,276316,250183168318,177744343192778766268429,50001782659301543506831
2026-07-08 15:26:00,250180665684,-250000000000000000000000,276316,276316,276316,276316,250180665684,0,50001782659301543506831
2026-07-08 15:27:00,-31664000000,31640955946864663666043,276316,276316,276316,276316,0,31640955946864663666043,50001782659301543506831
2026-07-08 15:28:00,50506739324,-50472501128562673797251,276316,276316,276316,276316,250178479826,199527498871437326202749,50001782659301543506831
2026-07-08 15:29:00,626473901441,-626033838782740128084693,276317,276316,276316,276317,716155412631,89617103863259871915307,50001782659301544506479
2026-07-08 15:31:00,-2652367638,2650495672915657519358,276317,276317,276317,276317,1158915263,3808609737961400124313,50001782659301544506479
2026-07-08 15:32:00,-42647452732,42617501022863510815858,276317,276317,276317,276317,0,42617501022863510815858,50001782659301544506479
2026-07-08 15:34:00,-42648147152,42618122281147638015389,276317,276317,276317,276317,0,42618122281147638015389,50001782659301544506479
2026-07-08 15:35:00,-138464826923,138292592179553056021077,276316,276317,275246,276317,7431142130736,7562915208514553056021077,50001782659301543506831
2026-07-08 15:36:00,-127535475386,127443725675488363888799,276316,276316,276316,276316,82458814619,209844348293528061010133,50001782659301543506831
2026-07-08 15:37:00,-336864887,336623859830207819339,276316,276316,276316,276316,0,336623859830207819339,50001782659301543506831
2026-07-08 15:40:00,-1245795196,1244903791351257619481,276316,276316,276316,276316,0,1244903791351257619481,50001782659301543506831
2026-07-08 15:42:00,109227860438,-109151033851153224463822,276316,276316,276316,276316,109443208738,215195146846775536178,50001782659301543506831
2026-07-08 15:43:00,-35417707853,35392493020221764695253,276316,276316,276316,276316,100818193,35493240520221764695253,50001782659301543506831
2026-07-08 15:44:00,-174042750000,173918120882999122729925,276316,276316,276316,276316,0,173918120882999122729925,50001782659301543506831
2026-07-08 15:45:00,592622773076,-592209333584150317934598,276317,276316,276316,276317,597622773076,4996451678849682065402,50001782659301544506479
2026-07-08 15:46:00,133638292359,-133624903930614146139069,276317,274660,274660,276317,7931414264228,7790627729947591329883089,50001782659301544506479
2026-07-08 15:47:00,250169001352,-250000000000000000000000,276317,276317,276317,276317,250169001352,0,50001782659301544506479
2026-07-08 15:48:00,507298585,-509453353240820547049,276317,276317,276317,276317,250168991259,249490546646759179452951,50001782659301544506479
2026-07-08 15:49:00,50280609489,-50248942850522378127335,276317,276317,276317,276317,250166493844,199751057149477621872665,50001782659301544506479
2026-07-08 15:50:00,139473500593,-139381754456365895581532,276317,276317,276317,276317,250165990883,110618245543634104418468,50001782659301544506479
2026-07-08 15:51:00,-42695624965,42666856895443555616445,276317,276317,276317,276317,0,42666856895443555616445,50001782659301544506479
2026-07-08 15:52:00,138883864880,-138793052618804839745714,276317,276317,276317,276317,250165022818,111206947381195160254286,50001782659301544506479
2026-07-08 15:53:00,250163633577,-250000000000000000000000,276317,276317,276317,276317,250163633577,0,50001782659301544506479
2026-07-08 15:54:00,57091696043,-57056631944953357453575,276317,276317,276317,276317,250163062483,192943368055046642546425,50001782659301544506479
2026-07-08 15:55:00,-65039100000,64996296496610498790841,276317,276317,276317,276317,0,64996296496610498790841,50001782659301544506479
2026-07-08 15:57:00,1103054366,-1102338038760976947283,276317,276317,276317,276317,1103054366,0,50001782659301544506479
2026-07-08 15:58:00,-670012432,669570632702954802803,276317,276317,276317,276317,0,669570632702954802803,50001782659301544506479
2026-07-08 15:59:00,-398288901894,398023100120881283179216,276317,276317,276317,276317,0,398023100120881283179216,50001782659301544506479
2026-07-08 16:00:00,-2034026004,2032652308760165921539,276317,276317,276317,276317,0,2032652308760165921539,50001782659301544506479
2026-07-08 16:07:00,-26859172762,26841017718044051155058,276317,276317,276317,276317,0,26841017718044051155058,50001782659301544506479
2026-07-08 16:09:00,-182121173376,181997300983083655301367,276317,276317,276317,276317,1000667264,182997300983083655301367,50001782659301544506479
2026-07-08 16:11:00,-4546907130,4543797776273310960571,276317,276317,276317,276317,0,4543797776273310960571,50001782659301544506479
2026-07-08 16:12:00,-15000000000,14989736554403676694706,276317,276317,276317,276317,0,14989736554403676694706,50001782659301544506479
2026-07-08 16:13:00,9921923641,-9915232912387151973692,276317,276317,276317,276317,9921923641,0,50001782659301544506479
2026-07-08 16:17:00,537830351,-537467786196602461025,276317,276317,276317,276317,537830351,0,50001782659301544506479
2026-07-08 16:19:00,15376098,-15365732964179968644,276317,276317,276317,276317,15376098,0,50001782659301544506479
2026-07-08 16:20:00,-764068319,763545599269786345373,276317,276317,276317,276317,0,763545599269786345373,50001782659301544506479
2026-07-08 16:21:00,-371338871839,371082065712091020301644,276317,276317,276317,276317,295173696,371377036036868180710929,50001782659301544506479
2026-07-08 16:22:00,-73302842220,73251497727091914263128,276317,276317,276317,276317,0,73251497727091914263128,50001782659301544506479
2026-07-08 16:25:00,250171847226,-250000000000000000000000,276317,276317,276317,276317,250171847226,0,50001782659301544506479
2026-07-08 16:26:00,-713018393,710017796014079080612,276317,276317,276317,276317,250895119454,251434795154216672714000,50001782659301544506479
2026-07-08 16:27:00,134744983556,-134654637649933088040999,276317,276317,276317,276317,252854799329,118028990350066911959001,50001782659301544506479
2026-07-08 16:28:00,-19845721731,19829588668351861006765,276317,276317,276317,276317,250168628174,269829588668351861006765,50001782659301544506479
2026-07-08 16:29:00,53783413141,-53749002954424728640454,276317,276317,276317,276317,250170166969,196250997045575271359546,50001782659301544506479
2026-07-08 16:30:00,-31280581152,31256628148897070791173,276317,276317,276317,276317,250170479857,281256628148897070791173,50001782659301544506479
2026-07-08 16:31:00,108176779553,-108105255412716691754210,276317,276317,276317,276317,250168282242,141894744587283308245790,50001782659301544506479
2026-07-08 16:32:00,37469876282,-37446895118929603681329,276317,276317,276317,276317,255173453462,217554142235214680290759,50001782659301544506479
2026-07-08 16:33:00,-100884831895,100815963306879771455783,276317,276317,276317,276317,0,100815963306879771455783,50001782659301544506479
2026-07-08 16:34:00,-523510765,523152331591714821676,276317,276317,276317,276317,0,523152331591714821676,50001782659301544506479
2026-07-08 16:35:00,133810640125,-133721880098226380371331,276317,276317,276317,276317,250167534878,116278119901773619628669,50001782659301544506479
2026-07-08 16:36:00,680149868,-679694624893342631723,276317,276317,276317,276317,680149868,0,50001782659301544506479
2026-07-08 16:38:00,38105738,-38080233453378739593,276317,276317,276317,276317,38105738,0,50001782659301544506479
2026-07-08 16:39:00,-8588376476,8582540859587757030629,276317,276317,276317,276317,0,8582540859587757030629,50001782659301544506479
2026-07-08 16:40:00,-3417737692,3415414135904258401224,276317,276317,276317,276317,45570516,3460954135904258401224,50001782659301544506479
2026-07-08 16:41:00,107569836,-107502249530376100530,276317,276317,276317,276317,554033466,446160125469623899470,50001782659301544506479
2026-07-08 16:42:00,-1111490007,1110734410847935314634,276317,276317,276317,276317,0,1110734410847935314634,50001782659301544506479
2026-07-08 16:43:00,-83691508908,83634473269766788824595,276317,276317,276317,276317,0,83634473269766788824595,50001782659301544506479
2026-07-08 16:45:00,-17657018985,17644950000000000000000,276317,276317,276317,276317,0,17644950000000000000000,50001782659301544506479
2026-07-08 16:46:00,-39045244928,39018512360327660236709,276317,276317,276317,276317,0,39018512360327660236709,50001782659301544506479
2026-07-08 16:47:00,-36259370408,36234490654323697844321,276317,276317,276317,276317,0,36234490654323697844321,50001782659301544506479
2026-07-08 16:48:00,-29083572992,29063579021500730471121,276317,276317,276317,276317,0,29063579021500730471121,50001782659301544506479
2026-07-08 16:52:00,117492396,-117412730990173641274,276317,276317,276317,276317,117492396,0,50001782659301544506479
2026-07-08 16:53:00,-102289105017,102218516733208708176993,276317,276317,276317,276317,0,102218516733208708176993,50001782659301544506479
2026-07-08 16:54:00,-129918969748,129825686428575018037966,276317,276317,276317,276317,302741856760,432360341243772294190919,50001782659301544506479
2026-07-08 16:55:00,-38704051968,38677032902706182352902,276317,276317,276317,276317,0,38677032902706182352902,50001782659301544506479
2026-07-08 16:56:00,-146121910465,146019364088185770938260,276317,276317,276317,276317,0,146019364088185770938260,50001782659301544506479
2026-07-08 16:58:00,-178356200813,178229876660155685434909,276316,276317,276316,276317,0,178229876660155685434909,50001782659301543506831
2026-07-08 16:59:00,-89488790644,89424929663428407340130,276316,276316,276316,276316,0,89424929663428407340130,50001782659301543506831
2026-07-08 17:00:00,-5900849754,5896627543414765590258,276316,276316,276316,276316,0,5896627543414765590258,50001782659301543506831
2026-07-08 17:01:00,-1000114876,999399129934430397748,276316,276316,276316,276316,0,999399129934430397748,50001782659301543506831
2026-07-08 17:02:00,-110924093798,110844461453978264275127,276316,276316,276316,276316,0,110844461453978264275127,50001782659301543506831
2026-07-08 17:04:00,28195532665,-28178829495702972616947,276316,276316,276316,276317,358752474435,330321445910232835781535,50001782659301543506831
2026-07-08 17:05:00,-212157865393,212004427053509764779328,276316,276316,276316,276316,0,212004427053509764779328,50001782659301543506831
2026-07-08 17:06:00,-28803178240,28782208345439254922635,276316,276316,276316,276316,0,28782208345439254922635,50001782659301543506831
2026-07-08 17:07:00,-243081976552,242903682600379580165587,276316,276316,276316,276316,0,242903682600379580165587,50001782659301543506831
2026-07-08 17:08:00,-107906588228,107824473409868962432781,276316,276316,276316,276316,221330186430,328994420351330676726453,50001782659301543506831
2026-07-08 17:09:00,-43054542501,43022531449360229374539,276316,276316,276316,276316,0,43022531449360229374539,50001782659301543506831
2026-07-08 17:10:00,-638419974163,637921671069553154543249,276316,276316,276315,276316,1495829019102,2132569359801792982088185,50001782659301543506831
2026-07-08 17:12:00,18876454446,-18862117833000000000000,276316,276316,276316,276316,18876454446,0,50001782659301543506831
2026-07-08 17:13:00,250188672819,-250000000000000000000000,276316,276316,276316,276316,250188672819,0,50001782659301543506831
2026-07-08 17:14:00,37074378722,-37048762389521222996934,276316,276316,276316,276316,250186170103,212951237610478777003066,50001782659301543506831
2026-07-08 17:15:00,250185799226,-250000000000000000000000,276316,276316,276316,276316,250185799226,0,50001782659301543506831
2026-07-08 17:16:00,250183296553,-250000000000000000000000,276316,276316,276316,276316,250183296553,0,50001782659301543506831
2026-07-08 17:17:00,-37745865073,37715493614650911016399,276316,276316,276316,276316,250182408163,287715493614650911016399,50001782659301543506831
2026-07-08 17:18:00,-192208133475,192065324455654324649670,276316,276316,276316,276316,0,192065324455654324649670,50001782659301543506831
2026-07-08 17:19:00,220936473499,-220774946362551017102008,276316,276316,276316,276316,250183094171,29225053637448982897992,50001782659301543506831
2026-07-08 17:20:00,152674849548,-152565144557102467139079,276316,276316,276316,276316,250580545062,97833979134274084009868,50001782659301543506831
2026-07-08 17:21:00,176865613272,-176739289563582582044257,276316,276316,276316,276316,250179356859,73260710436417417955743,50001782659301543506831
2026-07-08 17:22:00,-68669881562,68620012871879827514863,276316,276316,276316,276316,0,68620012871879827514863,50001782659301543506831
2026-07-08 17:23:00,455683474613,-455363048800344917160632,276316,276316,276316,276316,697741870706,241881608309655082839368,50001782659301543506831
2026-07-08 17:24:00,237952044279,-237787306299672883223912,276317,276317,276317,276317,292980385653,54989855195564788175512,50001782659301544506479
2026-07-08 17:25:00,250096476405,-249925191990237374716632,276317,276317,276317,276317,250171336059,74808009762625283368,50001782659301544506479
2026-07-08 17:26:00,601902154408,-601500962248113710976485,276317,276317,276317,276317,681032607894,79075803427704910498417,50001782659301544506479
2026-07-08 17:27:00,250162813590,-250000000000000000000000,276317,276317,276317,276317,250162813590,0,50001782659301544506479
2026-07-08 17:28:00,418002584120,-417738072435265992467890,276317,276317,276317,276317,613811210040,195684246284734007532110,50001782659301544506479
2026-07-08 17:29:00,148803278837,-148711117721344996731449,276317,276317,276317,276317,250156130084,101288882278655003268551,50001782659301544506479
2026-07-08 17:30:00,116862067698,-116790846278535068010367,276317,276317,276317,276317,250154641648,133209153721464931989633,50001782659301544506479
2026-07-08 17:31:00,89466489733,-89412919405179001247391,276317,276317,276317,276317,250153472711,160587080594820998752609,50001782659301544506479
2026-07-08 17:32:00,136113609467,-136031418017625279226726,276317,276317,276317,276317,250152577803,113968581982374720773274,50001782659301544506479
2026-07-08 17:33:00,120414201333,-120342395435474611425016,276317,276317,276317,276317,250151216306,129657604564525388574984,50001782659301544506479
2026-07-08 17:34:00,-383971086539,383732121452941216818708,276317,276317,276317,276317,0,383732121452941216818708,50001782659301544506479
2026-07-08 17:35:00,-330121178085,329911016475916472091634,276317,276317,276317,276317,0,329911016475916472091634,50001782659301544506479
2026-07-08 17:37:00,-29979814142,29960512703186970008166,276317,276317,276317,276317,0,29960512703186970008166,50001782659301544506479
2026-07-08 17:38:00,9961086414,-9954768886839475452613,276317,276317,276317,276317,9961086414,0,50001782659301544506479
2026-07-08 17:39:00,-45810432591,45780888037423398574155,276317,276317,276317,276317,0,45780888037423398574155,50001782659301544506479
2026-07-08 17:41:00,-182610181343,182491546565981217822163,276317,276317,276317,276317,3049300391,185538908238891320689886,50001782659301544506479
2026-07-08 17:43:00,-85718120230,85661987239283869741397,276317,276317,276317,276317,0,85661987239283869741397,50001782659301544506479
2026-07-08 17:45:00,-109742895938,109668600633033411459288,276317,276317,276317,276317,200228597859,309768536604999041260352,50001782659301544506479
2026-07-08 17:46:00,34895249798,-34872558719150299496845,276317,276317,276317,276317,34895249798,0,50001782659301544506479
2026-07-08 17:48:00,250161245763,-250000000000000000000000,276317,276317,276317,276317,250161245763,0,50001782659301544506479
2026-07-08 17:49:00,-46786316594,46753382226625633275283,276317,276317,276317,276317,250158743458,296753382226625633275283,50001782659301544506479
2026-07-08 17:50:00,250159211435,-250000000000000000000000,276317,276317,276317,276317,250159211435,0,50001782659301544506479
2026-07-08 17:51:00,50784647057,-50754623484984023642953,276317,276317,276317,276317,250156709160,199245376515015976357047,50001782659301544506479
2026-07-08 17:52:00,241156769764,-241006234548636879479861,276317,276317,276317,276317,250156291186,8993765451363120520139,50001782659301544506479
2026-07-08 17:53:00,-133045914440,132961772480622800794033,276317,276317,276317,276317,0,132961772480622800794033,50001782659301544506479
2026-07-08 17:54:00,131530990796,-131450302932131421630104,276317,276317,276317,276317,250155119761,118549697067868578369896,50001782659301544506479
2026-07-08 17:55:00,-84103748604,84050636195450332906201,276317,276317,276317,276317,0,84050636195450332906201,50001782659301544506479
2026-07-08 17:56:00,50655769108,-50626245601483586481540,276317,276317,276317,276317,250156640886,199373754398516413518460,50001782659301544506479
2026-07-08 17:58:00,-18168780000,18157305875093640427619,276317,276317,276317,276317,0,18157305875093640427619,50001782659301544506479
2026-07-08 18:00:00,2139765505,-2138434879241963702730,276317,276317,276317,276317,2139765505,0,50001782659301544506479
2026-07-08 18:01:00,-29435960320,29417345154379524309002,276317,276317,276317,276317,0,29417345154379524309002,50001782659301544506479
2026-07-08 18:02:00,-244222218714,244066438366835291014265,276317,276317,276317,276317,0,244066438366835291014265,50001782659301544506479
2026-07-08 18:03:00,-67650852944,67607279410945912409227,276317,276317,276317,276317,0,67607279410945912409227,50001782659301544506479
2026-07-08 18:06:00,-244991243502,244831915680064779901711,276317,276317,276317,276317,0,244831915680064779901711,50001782659301544506479
2026-07-08 18:11:00,6192519653,-6188526812977283501142,276317,276317,276317,276317,6399389434,206734231022716498858,50001782659301544506479
2026-07-08 18:13:00,-20654825958,20641280024530160990678,276317,276317,276317,276317,874562682,21515277881904743761328,50001782659301544506479
2026-07-08 18:14:00,22686062833,-22671422000961834718524,276317,276317,276317,276317,22686062833,0,50001782659301544506479
2026-07-08 18:15:00,-86135619427,86079060361474838605849,276317,276317,276317,276317,0,86079060361474838605849,50001782659301544506479
2026-07-08 18:17:00,-159925968839,159820170735774738529324,276317,276317,276317,276317,0,159820170735774738529324,50001782659301544506479
2026-07-08 18:18:00,-266622493235,266443762031093220068581,276317,276317,276317,276317,7648942418,274087686972229046320581,50001782659301544506479
2026-07-08 18:19:00,-84624819285,84567028946042318156814,276317,276317,276317,276317,49256265875,133790304675665222497294,50001782659301544506479
2026-07-08 18:20:00,-7886804464,7881449795178899129566,276317,276317,276317,276317,6250000,7887695615296180680257,50001782659301544506479
2026-07-08 18:21:00,26312344959,-26294753296369151756735,276317,276317,276317,276317,26312344959,0,50001782659301544506479
2026-07-08 18:22:00,-4569420455,4566321794425811002291,276317,276317,276317,276317,0,4566321794425811002291,50001782659301544506479
2026-07-08 18:24:00,497453731,-497121323840727594472,276317,276317,276317,276317,497453731,0,50001782659301544506479
2026-07-08 18:26:00,195631762622,-195501804593197031281684,276317,276317,276317,276317,195631762622,0,50001782659301544506479
2026-07-08 18:28:00,-145769392501,145671246500922028633923,276317,276317,276317,276317,0,145671246500922028633923,50001782659301544506479
2026-07-08 18:32:00,-4440000000,4436996640037773939089,276317,276317,276317,276317,60000000,4496956656399371228074,50001782659301544506479
2026-07-08 18:33:00,80298316893,-80244935498504266055680,276317,276317,276317,276317,80298316893,0,50001782659301544506479
2026-07-08 18:34:00,-293189473118,292990253601471195576408,276317,276317,276317,276317,13365648097,306346877661314165569624,50001782659301544506479
2026-07-08 18:35:00,250167587604,-250000000000000000000000,276317,276317,276317,276317,250167587604,0,50001782659301544506479
2026-07-08 18:36:00,-174469196704,174350839899492477999493,276317,276317,276317,276317,0,174350839899492477999493,50001782659301544506479
2026-07-08 18:37:00,238116022393,-237957291502461583022901,276317,276317,276317,276317,250166950934,12042708497538416977099,50001782659301544506479
2026-07-08 18:38:00,-13660000000,13650811926278342144637,276317,276317,276317,276317,0,13650811926278342144637,50001782659301544506479
2026-07-08 18:39:00,103245058863,-103178298324362027926078,276317,276317,276317,276317,250166054807,146821701675637972073922,50001782659301544506479
2026-07-08 18:40:00,-81783928907,81729100343507135239476,276317,276317,276317,276317,0,81729100343507135239476,50001782659301544506479
2026-07-08 18:41:00,-6947200000,6942530228995940448017,276317,276317,276317,276317,0,6942530228995940448017,50001782659301544506479
2026-07-08 18:43:00,9310984322,-9305976097807313230023,276317,276317,276317,276317,125082532791,115694023902192686769977,50001782659301544506479
2026-07-08 18:49:00,16203236314,-16211738749648230613611,276317,276317,276317,276318,1939738236563,1922317657992137111642394,50001782659301544506479
2026-07-08 18:50:00,-147971474043,147871703457380798026498,276317,276317,276317,276317,0,147871703457380798026498,50001782659301544506479
2026-07-08 18:52:00,28789642407,-28770449985000000000000,276317,276317,276317,276317,28789642407,0,50001782659301544506479
2026-07-08 18:53:00,81385560,-81331352997708804972,276317,276317,276317,276317,81385560,0,50001782659301544506479
2026-07-08 18:54:00,-278078552208,277889009998442195236678,276317,276317,276317,276317,0,277889009998442195236678,50001782659301544506479
2026-07-08 18:57:00,-316376244320,316156379546342069841587,276317,276317,276317,276317,46123755680,362248275734074454443097,50001782659301544506479
2026-07-08 18:59:00,1967713585,-1966356299000000000000,276317,276317,276317,276317,1967713585,0,50001782659301544506479
2026-07-08 19:00:00,250171302592,-250000000000000000000000,276317,276317,276317,276317,250171302592,0,50001782659301544506479
2026-07-08 19:01:00,250168800137,-250000000000000000000000,276317,276317,276317,276317,250168800137,0,50001782659301544506479
2026-07-08 19:02:00,-50631940034,50597472255983636115962,276317,276317,276317,276317,0,50597472255983636115962,50001782659301544506479
2026-07-08 19:07:00,-141585201528,141488273134337263417644,276317,276317,276317,276317,30750000,141519002477429325583139,50001782659301544506479
2026-07-08 19:08:00,82058561,-82002972479789727744,276317,276317,276317,276317,82058561,0,50001782659301544506479
2026-07-08 19:09:00,-136959014166,136864491411321432483905,276317,276317,276317,276317,0,136864491411321432483905,50001782659301544506479
2026-07-08 19:12:00,-202189373496,202048461811388951616746,276317,276317,276317,276317,0,202048461811388951616746,50001782659301544506479
2026-07-08 19:14:00,-220138501294,219983202950289615899349,276316,276316,276316,276316,2001400603,221983202950483072126959,50001782659301543506831
2026-07-08 19:16:00,67402716,-67355551000000000000,276316,276316,276316,276316,67402716,0,50001782659301543506831
2026-07-08 19:17:00,1480382326,-1479346445253836317807,276316,276316,276316,276316,1480382326,0,50001782659301543506831
2026-07-08 19:18:00,250433644110,-250259666245240761597076,276317,276317,276317,276317,250433644110,0,50001782659301544506479
2026-07-08 19:20:00,-15123563961,15112977490399350874697,276317,276317,276317,276317,0,15112977490399350874697,50001782659301544506479
2026-07-08 19:23:00,-277280646,277086306235662963605,276317,276317,276317,276317,15761114,292836540377882798810,50001782659301544506479
2026-07-08 19:24:00,10748058,-10740639177290939118,276317,276317,276317,276317,10748058,0,50001782659301544506479
2026-07-08 19:25:00,-120139380618,120054957311763012664241,276317,276317,276317,276317,0,120054957311763012664241,50001782659301544506479
2026-07-08 19:26:00,238004263246,-237840075386515718212497,276317,276317,276317,276317,250172770973,12159924613484281787503,50001782659301544506479
2026-07-08 19:27:00,-7298762,7293684000000000000,276317,276317,276317,276317,0,7293684000000000000,50001782659301544506479
2026-07-08 19:28:00,-39491561,39464090020469873091,276317,276317,276317,276317,0,39464090020469873091,50001782659301544506479
2026-07-08 19:29:00,-1180192198,1179371223286787812477,276317,276317,276317,276317,0,1179371223286787812477,50001782659301544506479
2026-07-08 19:31:00,128577652216,-128492162366715919234101,276317,276317,276317,276317,362747144313,234007837633284080765899,50001782659301544506479
2026-07-08 19:32:00,108308214349,-108236160469897800198646,276317,276317,276317,276317,250168994600,141763839530102199801354,50001782659301544506479
2026-07-08 19:33:00,120101126491,-120020203243707864720523,276317,276317,276317,276317,120101126491,0,50001782659301544506479
2026-07-08 19:35:00,-30000000,29979558391809049064,276317,276317,276317,276317,0,29979558391809049064,50001782659301544506479
2026-07-08 19:36:00,246807175912,-246642721570046096470298,276317,276317,276317,276317,250166710131,3357278429953903529702,50001782659301544506479
2026-07-08 19:37:00,160912201245,-160807161895740730920342,276317,276317,276317,276317,250164241349,89192838104259269079658,50001782659301544506479
2026-07-08 19:38:00,50391714105,-50360749517404777016044,276317,276317,276317,276317,250163058573,199639250482595222983956,50001782659301544506479
2026-07-08 19:39:00,183385116302,-183266688819076648843800,276317,276317,276317,276317,250162127697,66733311180923351156200,50001782659301544506479
2026-07-08 19:40:00,170930242626,-170821238147207986865759,276317,276317,276317,276317,250160293981,79178761852792013134241,50001782659301544506479
2026-07-08 19:41:00,250158583553,-250000000000000000000000,276317,276317,276317,276317,250158583553,0,50001782659301544506479
2026-07-08 19:42:00,165416723767,-165314110593191227321023,276317,276317,276317,276317,253099818344,87627804147152367018626,50001782659301544506479
2026-07-08 19:43:00,263416813522,-263255136900535451933901,276317,276317,276317,276317,350215708906,86744863099464548066099,50001782659301544506479
2026-07-08 19:44:00,117419560020,-117349325078253036434954,276317,276317,276317,276317,250152005211,132650674921746963565046,50001782659301544506479
2026-07-08 19:45:00,132778948013,-132699862566163907160468,276317,276317,276317,276318,250150617302,117300137433836092839532,50001782659301544506479
2026-07-08 19:46:00,84513496210,-84464434194028856888499,276317,276317,276317,276318,250149715968,165535565805971143111501,50001782659301544506479
2026-07-08 19:47:00,298006175427,-297830070969060295807058,276318,276318,276318,276318,343457716706,45424301477939704192942,50001782659301545506178
2026-07-08 19:48:00,211807343453,-211684422500592458251729,276318,276318,276318,276318,252847450886,41016007797242593227383,50001782659301545506178
2026-07-08 19:49:00,138360211765,-138281732723133126066825,276318,276318,276318,276318,250143344401,111718267276866873933175,50001782659301545506178
2026-07-08 19:52:00,-34796128453,34775835088879155417692,276318,276318,276318,276318,0,34775835088879155417692,50001782659301545506178
2026-07-08 19:54:00,-1160784546,1160106733678072901150,276318,276318,276318,276318,0,1160106733678072901150,50001782659301545506178
2026-07-08 19:55:00,250142320113,-250000000000000000000000,276318,276318,276318,276318,250142320113,0,50001782659301545506178
2026-07-08 19:56:00,103095750255,-103039290573195499337114,276318,276318,276318,276318,250140248960,146960709426804500662886,50001782659301545506178
2026-07-08 19:57:00,96993004515,-96940422749825944670784,276318,276318,276318,276318,250139344035,153059577250174055329216,50001782659301545506178
2026-07-08 19:58:00,22838429280,-22828014155012949849488,276318,276318,276318,276318,250139322899,227171985844987050150512,50001782659301545506178
2026-07-08 19:59:00,79712288313,-79778818026010823432879,276318,274291,274291,276318,11152165157759,11062987620093989176567121,50001782659301545506178
2026-07-08 20:01:00,-53661094710,53630887399087798346450,276318,276318,276318,276318,0,53630887399087798346450,50001782659301545506178
2026-07-08 20:04:00,-294584437626,294416557985848792377513,276318,276318,276318,276318,0,294416557985848792377513,50001782659301545506178
2026-07-08 20:05:00,74251898136,-74209998186076363297541,276318,276318,276318,276318,74251898136,0,50001782659301545506178
2026-07-08 20:06:00,346198714314,-346006264861000000000000,276318,276318,276318,276318,346198714314,0,50001782659301545506178
2026-07-08 20:07:00,54618240833,-54588367615668628073790,276318,276318,276318,276318,59743292170,5122198300554849019631,50001782659301545506178
2026-07-08 20:08:00,265607538456,-265463716064881342973073,276318,276318,276318,276318,265607538456,0,50001782659301545506178
2026-07-08 20:09:00,96862785597,-96812569379307709901121,276318,276318,276318,276318,250132865196,153187430620692290098879,50001782659301545506178
2026-07-08 20:10:00,-194159202749,194053156838173975804481,276318,276318,276318,276318,0,194053156838173975804481,50001782659301545506178
2026-07-08 20:11:00,-213485121772,213366781410828562799465,276318,276318,276318,276318,0,213366781410828562799465,50001782659301545506178
2026-07-08 20:13:00,-54348034243,54317616841383021184933,276318,276318,276318,276318,0,54317616841383021184933,50001782659301545506178
2026-07-08 20:14:00,-50000000,49971961749104929880,276318,276318,276318,276318,0,49971961749104929880,50001782659301545506178
2026-07-08 20:15:00,418036743266,-417809992708647496417595,276318,276318,276318,276318,418045093266,8345317352503582405,50001782659301545506178
2026-07-08 20:16:00,-338820344150,338633711899377221741318,276318,276318,276318,276318,0,338633711899377221741318,50001782659301545506178
2026-07-08 20:17:00,-138332217452,138253443230793680501232,276318,276318,276318,276318,125848453607,264032617237379718331141,50001782659301545506178
2026-07-08 20:19:00,-17637674496,17627736002673787370691,276318,276318,276318,276318,0,17627736002673787370691,50001782659301545506178
2026-07-08 20:21:00,-119359456648,119291866040032749321203,276318,276318,276318,276318,708941936,120000415346517474148207,50001782659301545506178
2026-07-08 20:24:00,-186178245193,186071690966859840629557,276318,276318,276318,276318,0,186071690966859840629557,50001782659301545506178
2026-07-08 20:25:00,25014146745,-25000000000000000000000,276318,276318,276318,276318,25014146745,0,50001782659301545506178
2026-07-08 20:27:00,-245530948891,245388553108732294903826,276318,276318,276318,276318,0,245388553108732294903826,50001782659301545506178
2026-07-08 20:28:00,-499598522,499306323517670804988,276318,276318,276318,276318,0,499306323517670804988,50001782659301545506178
2026-07-08 20:29:00,-208100303942,207973748090502706849403,276318,276318,276318,276318,397984141913,605732252533258853940106,50001782659301545506178
2026-07-08 20:30:00,-25238912348,25222552106451874449604,276318,276318,276318,276318,137678012084,162819752938094448400582,50001782659301545506178
2026-07-08 20:31:00,-206346070800,206222608894369811493171,276318,276318,276318,276318,0,206222608894369811493171,50001782659301545506178
2026-07-08 20:32:00,277790136981,-277629121885417525396960,276318,276318,276318,276318,479978887273,202070003595582474603040,50001782659301545506178
2026-07-08 20:33:00,-218461487692,218331347699691155016717,276318,276318,276318,276318,0,218331347699691155016717,50001782659301545506178
2026-07-08 20:34:00,-1199180646268,1198432304915225191529672,276317,276318,276317,276318,819353732,1199251175175139637913527,50001782659301544506479
2026-07-08 20:35:00,438248851871,-437973085055421273636864,276317,276317,276317,276317,438248851871,0,50001782659301544506479
2026-07-08 20:36:00,247909291999,-247756717022769971523427,276317,276317,276317,276317,250153967872,2243282977230028476573,50001782659301544506479
2026-07-08 20:37:00,165275368429,-165176823005877473076265,276317,276317,276317,276317,347710293347,182323176994122526923735,50001782659301544506479
2026-07-08 20:38:00,250149834940,-250000000000000000000000,276318,276318,276318,276318,250149834940,0,50001782659301545506178
2026-07-08 20:39:00,238453854349,-238313353099999999999999,276318,276318,276318,276318,238453854349,0,50001782659301545506178
2026-07-08 20:41:00,532330829100,-532025369105000000000000,276318,276318,276318,276318,532330829100,0,50001782659301545506178
2026-07-08 20:42:00,-133894089372,133816986619787612523976,276318,276318,276318,276318,0,133816986619787612523976,50001782659301545506178
2026-07-08 20:43:00,119936157949,-119869458104744558558540,276318,276318,276318,276318,240005756508,120000998972255441441460,50001782659301545506178
2026-07-08 20:46:00,-86180363438,86130770674990844087916,276318,276318,276318,276318,0,86130770674990844087916,50001782659301545506178
2026-07-08 20:47:00,11593866897,-11587293764000000000000,276318,276318,276318,276318,11593866897,0,50001782659301545506178
2026-07-08 20:49:00,-192047050645,191935557858693392661315,276318,276318,276318,276318,0,191935557858693392661315,50001782659301545506178
2026-07-08 20:56:00,20014044844,-20002556930938670034013,276318,276318,276318,276318,20014044844,0,50001782848639892047314
2026-07-08 20:57:00,-41988840464,41964290071817213332746,276318,276318,276318,276318,1102992921,43066650348563307698680,50001782848639892047314
2026-07-08 21:01:00,-7315477262,7311194699603534513476,276318,276318,276318,276318,0,7311194699603534513476,50001782848639892047314
2026-07-08 21:04:00,-380805113759,380579232971610865584510,276318,276318,276318,276318,0,380579232971610865584510,50001782848639892047314
2026-07-08 21:05:00,50146531579,-50118955014588245573472,276318,276318,276318,276318,250146531579,199881044985411754426528,50001782848639892047314
2026-07-08 21:06:00,250146029979,-250000000000000000000000,276318,276318,276318,276318,250146029979,0,50001782848639892047314
2026-07-08 21:09:00,-9228849664,9223414247776595083760,276318,276318,276318,276318,0,9223414247776595083760,50001782848639892047314
2026-07-08 21:14:00,-263398198072,263240350021239645301993,276318,276318,276318,276318,128317308053,391481663488981282532585,50001782848639892047314
2026-07-08 21:15:00,369612990430,-369397768447846902542584,276318,276318,276318,276318,369612990430,0,50001782848639892047314
2026-07-08 21:16:00,250142557787,-250000000000000000000000,276318,276318,276318,276318,250142557787,0,50001782848639892047314
2026-07-08 21:17:00,495612007335,-495336940584000000000000,276318,276318,276318,276318,495612007335,0,50001782848639892047314
2026-07-08 21:18:00,250135098493,-250000000000000000000000,276318,276318,276318,276318,250135098493,0,50001782848639892047314
2026-07-08 21:19:00,250132596581,-250000000000000000000000,276318,276318,276318,276318,250132596581,0,50001782848639892047314
2026-07-08 21:20:00,-147670375582,147590921194569581719257,276318,276318,276318,276318,0,147590921194569581719257,50001782848639892047314
2026-07-08 21:22:00,-3509649000,3507750021710881921830,276318,276318,276318,276318,0,3507750021710881921830,50001782848639892047314
2026-07-08 21:23:00,131443663112,-131375378481027065188425,276318,276318,276318,276318,250131606829,118624621518972934811575,50001782848639892047314
2026-07-08 21:24:00,149694192802,-149616920947941819072436,276318,276318,276318,276318,250130292099,100383079052058180927564,50001782848639892047314
2026-07-08 21:25:00,-27519528148,27504930213148029657005,276318,276318,276318,276318,0,27504930213148029657005,50001782848639892047314
2026-07-08 21:26:00,-78409413925,78367655102487320297140,276318,276318,276318,276318,0,78367655102487320297140,50001782848639892047314
2026-07-08 21:27:00,-133442253975,133370621164000939779771,276318,276318,276318,276318,0,133370621164000939779771,50001782848639892047314
2026-07-08 21:28:00,-157121252392,157035996218042092883863,276318,276318,276318,276318,0,157035996218042092883863,50001782848639892047314
2026-07-08 21:29:00,107153531460,-107096352435000000000000,276318,276318,276318,276318,107153531460,0,50001782848639892047314
2026-07-08 21:31:00,85045054912,-85000000000000000000000,276318,276318,276318,276318,85045054912,0,50001782848639892047314
2026-07-08 21:32:00,100014423049,-99963307952917226268791,276318,276318,276318,276318,250130838189,150036692047082773731209,50001782848639892047314
2026-07-08 21:34:00,780167229,-779758371390039842309,276318,276318,276318,276318,780167229,0,50001782848639892047314
2026-07-08 21:36:00,30302166303,-30288501960489037088785,276318,276318,276318,276318,250130028359,219711498039510962911215,50001782848639892047314
2026-07-08 21:37:00,187607935664,-187511175379554698345329,276318,276318,276318,276318,250129526919,62488824620445301654671,50001782848639892047314
2026-07-08 21:38:00,-105691055571,105635309184244660773479,276318,276318,276318,276318,0,105635309184244660773479,50001782848639892047314
2026-07-08 21:40:00,-70591256,70553873647278109683,276318,276318,276318,276318,0,70553873647278109683,50001782848639892047314
2026-07-08 21:41:00,-274415959,274270636459500037306,276318,276318,276318,276318,0,274270636459500037306,50001782848639892047314
2026-07-08 21:43:00,-35797157688,35778174892708234412248,276318,276318,276318,276318,0,35778174892708234412248,50001782848639892047314
2026-07-08 21:44:00,140000000,-139927059221885327946,276318,276318,276318,276318,140000000,0,50001782848639892047314
2026-07-08 21:45:00,250129067662,-250000000000000000000000,276318,276318,276318,276318,250129067662,0,50001782848639892047314
2026-07-08 21:46:00,-70128482749,70091847488399198816657,276318,276318,276318,276318,0,70091847488399198816657,50001782848639892047314
2026-07-08 21:47:00,-42712142682,42689733457778661290249,276318,276318,276318,276318,0,42689733457778661290249,50001782848639892047314
2026-07-08 21:48:00,-10189107618,10183748058926534292527,276318,276318,276318,276318,300173344,10483766535464137898902,50001782848639892047314
2026-07-08 21:52:00,-48506481672,48480924234297005074010,276318,276318,276318,276318,0,48480924234297005074010,50001782848639892047314
2026-07-08 21:54:00,302000742,-301844349906438848512,276318,276318,276318,276318,302000742,0,50001782848639892047314
2026-07-08 21:56:00,455794570,-455558541674104750080,276318,276318,276318,276318,455794570,0,50001782848639892047314
2026-07-08 21:58:00,-236511304,236386464602538781160,276318,276318,276318,276318,0,236386464602538781160,50001782848639892047314
2026-07-08 21:59:00,-100000000,99947216245871424037,276318,276318,276318,276318,0,99947216245871424037,50001782848639892047314
2026-07-08 22:02:00,322290729,-322123835130530079268,276318,276318,276318,276318,322290729,0,50001782848639892047314
2026-07-08 22:06:00,-70045563136,70008493173215865117872,276318,276318,276318,276318,0,70008493173215865117872,50001782848639892047314
2026-07-08 22:07:00,-120064798656,120000801064093763076639,276318,276318,276318,276318,0,120000801064093763076639,50001782848639892047314
2026-07-08 22:08:00,-158980464918,158894837278660298739944,276318,276318,276318,276318,49898838,158944709581785783441703,50001782848639892047314
2026-07-08 22:09:00,-42680502537,42657342753862668523885,276318,276318,276318,276318,0,42657342753862668523885,50001782848639892047314
2026-07-08 22:10:00,-42680803805,42657571054280434891581,276318,276318,276318,276318,0,42657571054280434891581,50001782848639892047314
2026-07-08 22:11:00,454151849,-453908793567096062426,276318,276318,276318,276318,454151849,0,50001782848639892047314
2026-07-08 22:12:00,49889005,-49862306574752274306,276318,276318,276318,276318,49889005,0,50001782848639892047314
2026-07-08 22:14:00,-310882605168,310711189437209269296295,276318,276318,276318,276318,58039630,310769197564026452237479,50001782848639892047314
2026-07-08 22:16:00,130690960,-130619394228928643072,276318,276318,276318,276318,130690960,0,50001782848639892047314
2026-07-08 22:18:00,-119875572709,119808444223868114930143,276318,276318,276318,276318,0,119808444223868114930143,50001782848639892047314
2026-07-08 22:19:00,-142499810300,142419265478169249049086,276318,276318,276318,276318,0,142419265478169249049086,50001782848639892047314
2026-07-08 22:20:00,21864,-21852000000000000,276318,276318,276318,276318,21864,0,50001782848639892047314
2026-07-08 22:21:00,-8331941471,8327206915598534459949,276318,276318,276318,276318,0,8327206915598534459949,50001782848639892047314
2026-07-08 22:22:00,-15832637,15822954914178120133,276318,276318,276318,276318,68171508,83956395251108395461,50001782848639892047314
2026-07-08 22:25:00,-1536556554,1535683114574575585587,276318,276318,276318,276318,0,1535683114574575585587,50001782848639892047314
2026-07-08 22:27:00,129402490359,-129330556826000000000000,276318,276318,276318,276318,129402490359,0,50001782848639892047314
2026-07-08 22:30:00,-45452044841,45426400489463741357813,276318,276318,276318,276318,0,45426400489463741357813,50001782848639892047314
2026-07-08 22:33:00,-1379314091,1378534581482288673755,276318,276318,276318,276318,0,1378534581482288673755,50001782848639892047314
2026-07-08 22:36:00,565693696,-565379643221255127040,276318,276318,276318,276318,565693696,0,50001782848639892047314
2026-07-08 22:38:00,2495538173,-2494152892102305795085,276318,276318,276318,276318,2495538173,0,50001782848639892047314
2026-07-08 22:40:00,-768545545,768111267975218835397,276318,276318,276318,276318,0,768111267975218835397,50001782848639892047314
2026-07-08 22:41:00,-10378046740,10372180176092613280145,276318,276318,276318,276318,0,10372180176092613280145,50001782848639892047314
2026-07-08 22:42:00,22165622642,-22153319483000000000000,276318,276318,276318,276318,22165622642,0,50001782848639892047314
2026-07-08 22:43:00,-63835688490,63799564959714610767673,276318,276318,276318,276318,0,63799564959714610767673,50001782848639892047314
2026-07-08 22:44:00,-5000000000,4997163707633319183276,276318,276318,276318,276318,0,4997163707633319183276,50001782848639892047314
2026-07-08 22:45:00,188091803889,-187987676370448338248919,276318,276318,276318,276318,188204190437,112323629551661751081,50001782848639892047314
2026-07-08 22:46:00,-476874033232,476602514802861977092466,276318,276318,276318,276318,49897415,476652383830952455257848,50001782848639892047314
2026-07-08 22:47:00,250141056190,-250000000000000000000000,276318,276318,276318,276318,250141056190,0,50001782848639892047314
2026-07-08 22:51:00,-403552797,403323211287453718127,276318,276318,276318,276318,0,403323211287453718127,50001782848639892047314
2026-07-08 22:52:00,260884513,-260738700622841063765,276318,276318,276318,276318,260884513,0,50001782848639892047314
2026-07-08 22:55:00,1025637254,-1025064032144979965182,276318,276318,276318,276318,1025637254,0,50001782848639892047314
2026-07-08 22:57:00,-194374597054,194263256907808173638884,276318,276318,276318,276318,1184930546,195447515997177988012889,50001782848639892047314
2026-07-08 22:59:00,46985052,-46958428878917261687,276318,276318,276318,276318,46985052,0,50001782848639892047314
2026-07-08 23:00:00,230558029081,-230428643803875062536432,276318,276318,276318,276318,250140489081,19571356196124937463568,50001782848639892047314
2026-07-08 23:03:00,-647034762070,646659256529095774123325,276318,276318,276318,276318,0,646659256529095774123325,50001782848639892047314
2026-07-08 23:04:00,152801763490,-152714076222472965584188,276318,276318,276318,276318,250144654823,97285923777527034415812,50001782848639892047314
2026-07-08 23:05:00,15269431554,-15262970439015263328468,276318,276318,276318,276318,250143126427,234737029560984736671532,50001782848639892047314
2026-07-08 23:06:00,206625173748,-206507328692824281062591,276318,276318,276318,276318,250142973684,43492671307175718937409,50001782848639892047314
2026-07-08 23:07:00,-83345791778,83297453859259420030367,276318,276318,276318,276318,0,83297453859259420030367,50001782848639892047314
2026-07-08 23:09:00,-40210474148,40187054071559437984278,276318,276318,276318,276318,0,40187054071559437984278,50001782848639892047314
2026-07-08 23:10:00,-3300624124,3298698847205615209371,276318,276318,276318,276318,0,3298698847205615209371,50001782848639892047314
2026-07-08 23:11:00,96135567233,-96081010967456548233200,276318,276318,276318,276318,134268114424,38110449991761316173998,50001782848639892047314
2026-07-08 23:12:00,-10003088505,9997289408871202124543,276318,276318,276318,276318,0,9997289408871202124543,50001782848639892047314
2026-07-08 23:14:00,-32410715,32391918074627050176,276318,276318,276318,276318,0,32391918074627050176,50001782848639892047314
2026-07-08 23:15:00,-17112231,17102306630640306677,276318,276318,276318,276318,0,17102306630640306677,50001782848639892047314
2026-07-08 23:17:00,-1600000000,1599072057060242216302,276318,276318,276318,276318,0,1599072057060242216302,50001782848639892047314
2026-07-08 23:19:00,-1088066885,1087435737766487530107,276318,276318,276318,276318,4819322,1092252312715161478805,50001782848639892047314
2026-07-08 23:20:00,100174573,-100117469826436167506,276318,276318,276318,276318,100174573,0,50001782848639892047314
2026-07-08 23:21:00,-10738931255,10732699985804810922660,276318,276318,276318,276318,0,10732699985804810922660,50001782848639892047314
2026-07-08 23:24:00,1010656960,-1010080430801912400000,276318,276318,276318,276318,1010656960,0,50001782848639892047314
2026-07-08 23:26:00,5891547680,-5888187657000000000000,276318,276318,276318,276318,5891547680,0,50001782848639892047314
2026-07-08 23:27:00,142359307,-142278135043284008960,276318,276318,276318,276318,142359307,0,50001782848639892047314
2026-07-08 23:28:00,-4103760866,4101379595249821863854,276318,276318,276318,276318,0,4101379595249821863854,50001782848639892047314
2026-07-08 23:30:00,-184510308785,184402548441332168528449,276318,276318,276318,276318,0,184402548441332168528449,50001782848639892047314
2026-07-08 23:31:00,293260621,-293091198362663616155,276318,276318,276318,276318,293260621,0,50001782848639892047314
2026-07-08 23:36:00,84436100,-84387320125982716857,276318,276318,276318,276318,84436100,0,50001782848639892047314
2026-07-08 23:37:00,-138399378352,138317657470804159739559,276318,276318,276318,276318,100000,138317757413032979653737,50001782848639892047314
2026-07-08 23:38:00,300000,-299825027185879624,276318,276318,276318,276318,300000,0,50001782848639892047314
2026-07-08 23:39:00,-75464418458,75419536391456908755258,276318,276318,276318,276318,0,75419536391456908755258,50001782848639892047314
2026-07-08 23:42:00,-105253092050,105190113260395824894202,276318,276318,276318,276318,0,105190113260395824894202,50001782848639892047314
2026-07-08 23:43:00,1500886175,-1500000000000000000000,276318,276318,276318,276318,1500886175,0,50001782848639892047314
2026-07-08 23:46:00,-49879340592,49849343381995255359236,276318,276318,276318,276318,0,49849343381995255359236,50001782848639892047314
2026-07-08 23:48:00,-42686063259,42660313102387239659126,276318,276318,276318,276318,0,42660313102387239659126,50001782848639892047314
2026-07-08 23:49:00,-320250000,320056534830850789219,276318,276318,276318,276318,0,320056534830850789219,50001782848639892047314
2026-07-08 23:50:00,-127339508603,127259523342265604847797,276318,276318,276317,276318,273572318870,400670719378265604847797,50001782848639892047314
2026-07-08 23:51:00,250148640111,-250000000000000000000000,276318,276318,276318,276318,250148640111,0,50001782848639892047314
2026-07-08 23:52:00,181058075662,-180952740163802531934133,276318,276318,276318,276318,250146137996,69047259836197468065867,50001782848639892047314
2026-07-08 23:53:00,176830583377,-176729030259769182547836,276318,276318,276318,276318,250144326964,73270969740230817452164,50001782848639892047314
2026-07-08 23:54:00,-349790445,349585849896163924371,276318,276318,276318,276318,0,349585849896163924371,50001782848639892047314
2026-07-08 23:55:00,129501678206,-129428765900581455826509,276318,276318,276318,276318,250142561722,120571234099418544173491,50001782848639892047314
