timestamp,netAmount0,netAmount1,closeTick,openTick,lowestTick,highestTick,inAmount0,inAmount1,currentLiquidity
2026-08-20 00:00:00,943074741,-942608330768881565913,276319,276319,276319,276319,943074741,0,50012664707502915742887
2026-08-20 00:01:00,-124644207118,124580457231497978376303,276319,276318,276318,276319,25205942730,149773947182497978376303,50012664707502915742887
2026-08-20 00:03:00,-1104465979,1103900998295548755486,276318,276318,276318,276318,0,1103900998295548755486,50012664707522911217192
2026-08-20 00:04:00,24179674964,-24167615063143669151477,276318,276318,276318,276318,24834512956,654503640856330848523,50012664707522911217192
2026-08-20 00:05:00,-128365019532,128299147439876006323561,276318,276318,276318,276318,0,128299147439876006323561,50012664707522911217192
2026-08-20 00:07:00,-1068813224316,1068236853489218165879465,276318,276318,276318,276318,194422185233,1262552043349181898539822,50012664707522911217192
2026-08-20 00:08:00,151491730334,-151409407594580375116054,276318,276318,276318,276318,151491730334,0,50012664707522911217192
2026-08-20 00:09:00,5709156483,-5706071978519560499344,276318,276318,276318,276318,5709156483,0,50012664707522911217192
2026-08-20 00:10:00,-442338020,442093776918353093839,276318,276318,276318,276318,0,442093776918353093839,50012664707522911217192
2026-08-20 00:11:00,7019098143,-7015307572000000000000,276318,276318,276318,276318,7019098143,0,50012664707522911217192
2026-08-20 00:12:00,1599961702,-1599097939900785971309,276318,276318,276318,276318,1599961702,0,50012664707522911217192
2026-08-20 00:13:00,-269066068727,268915268090861872350539,276318,276318,276318,276318,73089020043,341964890284909030671691,50012664707522911217192
2026-08-20 00:17:00,11060202967,-11054118890565934963303,276318,276318,276318,276318,11314142804,253797089434065036697,50012664707522911217192
2026-08-20 00:18:00,208749941563,-208635970101837290510275,276318,276318,276318,276318,208749941563,0,50012664707522911217192
2026-08-20 00:19:00,5380037219,-5377235993994094112685,276318,276318,276318,276318,14810457475,9425201509841769476038,50012664707522911217192
2026-08-20 00:20:00,-142614679688,142535188948409534973162,276318,276318,276318,276318,11329746185,153858731978409534973162,50012664707522911217192
2026-08-20 00:21:00,168542730,-168450490000000000000,276318,276318,276318,276318,168542730,0,50012664707522911217192
2026-08-20 00:22:00,335147413068,-334969056733410579574307,276318,276318,276318,276318,570123421440,234848842916589420425693,50012664707522911217192
2026-08-20 00:23:00,-83021469004,82976011595566277259984,276318,276318,276318,276318,0,82976011595566277259984,50012664707522911217192
2026-08-20 00:24:00,29190152,-29174471957370584085,276318,276318,276318,276318,29190152,0,50012664707522911217192
2026-08-20 00:26:00,-101636888160,101580863264067891430993,276318,276318,276318,276318,0,101580863264067891430993,50012664707522911217192
2026-08-20 00:27:00,-2468254765,2466889064762830920496,276318,276318,276318,276318,0,2466889064762830920496,50012664707522911217192
2026-08-20 00:32:00,10686461610,-10680678651636092735690,276318,276318,276318,276318,10686461610,0,50012664707522911217192
2026-08-20 00:33:00,4571830887,-4569363762199219755095,276318,276318,276318,276318,5031927544,459842251957408802729,50012664707522911217192
2026-08-20 00:35:00,17331279986,-17321914063285095853438,276318,276318,276318,276318,17331279986,0,50012664707522911217192
2026-08-20 00:36:00,2372177102,-2370896098000000000000,276318,276318,276318,276318,2372177102,0,50012664707522911217192
2026-08-20 00:38:00,-187430297694,187326006405360158573458,276318,276318,276318,276318,11319707017,198639513857360158573458,50012664707522911217192
2026-08-20 00:40:00,99821401,-99766753884379317165,276318,276318,276318,276318,99821401,0,50012664707522911217192
2026-08-20 00:42:00,-51331957563,51303187603511739313156,276318,276318,276318,276318,0,51303187603511739313156,50012664707522911217192
2026-08-20 00:43:00,241737554403,-241605886885000000000000,276318,276318,276318,276318,241737554403,0,50012664707522911217192
2026-08-20 00:45:00,-185140156988,185037305329268355559888,276318,276318,276318,276318,0,185037305329268355559888,50012664707522911217192
2026-08-20 00:47:00,3033696204,-3032036231000000000000,276318,276318,276318,276318,3033696204,0,50012664707522911217192
2026-08-20 00:49:00,295289674,-295128118218351087689,276318,276318,276318,276318,295289674,0,50012664707522911217192
2026-08-20 00:50:00,145112091665,-145033122918960535775598,276318,276318,276318,276318,145304263844,192064733872904441490,50012664707522911217192
2026-08-20 00:51:00,-43769717610,43745453689375583535288,276318,276318,276318,276318,649587898,44394689091038803630592,50012664707522911217192
2026-08-20 00:52:00,-103955649,103896694022208057526,276318,276318,276318,276318,104407805,208247800949106959551,50012664707522911217192
2026-08-20 00:53:00,-1997978691,1996867728744311692695,276318,276318,276318,276318,157891852,2154673828320850960837,50012664707522911217192
2026-08-20 00:54:00,-123312217419,123243458770827657012800,276318,276318,276318,276318,0,123243458770827657012800,50012664707522911217192
2026-08-20 00:58:00,96712418133,-96659600000000000000000,276318,276318,276318,276318,96712418133,0,50012664707522911217192
2026-08-20 00:59:00,-15484784143,15476162075699599696495,276318,276318,276318,276318,390226126,15866175595871717917066,50012664707522911217192
2026-08-20 01:00:00,24861423,-24847878313569346087,276318,276318,276318,276318,24861423,0,50012664707522911217192
2026-08-20 01:02:00,146579430384,-146500000000000000000000,276318,276318,276318,276318,146579430384,0,50012664707522911217192
2026-08-20 01:04:00,19910731,-19900000000000000000,276318,276318,276318,276318,19910731,0,50012664707522911217192
2026-08-20 01:05:00,-20081155806,20070083888106952581801,276318,276318,276318,276318,0,20070083888106952581801,50012664707522911217192
2026-08-20 01:06:00,4097232440,-4095026303297133591980,276318,276318,276318,276318,4520379672,422913752702866408020,50012664707522911217192
2026-08-20 01:07:00,14863285173,-14855269321000000000000,276318,276318,276318,276318,14863285173,0,50012664707522911217192
2026-08-20 01:08:00,105334742,-105277967610418843960,276318,276318,276318,276318,105334742,0,50012664707522911217192
2026-08-20 01:09:00,760576352,-760167612472635050120,276318,276318,276318,276318,860722417,100090887846854248195,50012664707522911217192
2026-08-20 01:10:00,12906180356,-12899227588000000000000,276318,276318,276318,276318,12906180356,0,50012664707522911217192
2026-08-20 01:11:00,167388001225,-167298429543050438369280,276318,276318,276318,276318,167388001225,0,50012664707522911217192
2026-08-20 01:12:00,-130360857373,130289631342955486675090,276318,276318,276318,276318,86799188,130376383922314244772859,50012664707522911217192
2026-08-20 01:13:00,-432431685576,432188713420507791485643,276318,276318,276318,276318,153690559437,585793616838507791485643,50012664707522911217192
2026-08-20 01:16:00,13951656697,-13943927778000000000000,276318,276318,276318,276318,13951656697,0,50012664707522911217192
2026-08-20 01:17:00,89291829609,-89242548023573321097216,276318,276318,276318,276318,89291829609,0,50012664707522911217192
2026-08-20 01:18:00,123291369708,-123223846859490021945542,276318,276318,276318,276318,123291369708,0,50012664707522911217192
2026-08-20 01:19:00,321137950515,-320964926333996823814922,276318,276318,276318,276318,321277950515,139923786144117959702,50012664707522911217192
2026-08-20 01:21:00,-6362206736,6358742547247016891664,276318,276318,276318,276318,0,6358742547247016891664,50012664707522911217192
2026-08-20 01:22:00,-53206918811,53177884609631242095514,276318,276318,276318,276318,0,53177884609631242095514,50012664707522911217192
2026-08-20 01:24:00,-196465791064,196357602709078046471430,276318,276318,276318,276318,0,196357602709078046471430,50012664707522911217192
2026-08-20 01:25:00,-3264712661,3262901844905374544939,276318,276318,276318,276318,0,3262901844905374544939,50012664707522911217192
2026-08-20 01:26:00,-169157094731,169062681453686138395141,276318,276318,276318,276318,450339461,169512773452547186231131,50012664707522911217192
2026-08-20 01:27:00,1243987914,-1243304382000000000000,276318,276318,276318,276318,1243987914,0,50012664707522911217192
2026-08-20 01:29:00,265469084043,-265324732341132666235369,276318,276318,276318,276318,273869084043,8395282516006739338825,50012664707522911217192
2026-08-20 01:30:00,100168517070,-100114743062175084701411,276318,276318,276318,276318,100168517070,0,50012664707522911217192
2026-08-20 01:31:00,-10367249614,10361578366667927738193,276318,276318,276318,276318,0,10361578366667927738193,50012664707522911217192
2026-08-20 01:32:00,-100000000000,99945076018648176042529,276318,276318,276318,276318,0,99945076018648176042529,50012664707522911217192
2026-08-20 01:33:00,19178825257,-19168493167075510958603,276318,276318,276318,276318,19398029027,219082966231121693270,50012664707522911217192
2026-08-20 01:34:00,4968045060,-4965371572495433685927,276318,276318,276318,276318,5068197054,100096862910828684377,50012664707522911217192
2026-08-20 01:35:00,-228663054,228535326669721147455,276318,276318,276318,276318,158322627,386772732669721147455,50012664707522911217192
2026-08-20 01:37:00,107076669952,-107019260883000000000000,276318,276318,276318,276318,107076669952,0,50012664707522911217192
2026-08-20 01:38:00,-190669007736,190563447525713100793718,276318,276318,276318,276318,60696276637,251226775727713100793718,50012664707522911217192
2026-08-20 01:39:00,150803786767,-150722563729366003121815,276318,276318,276318,276318,150990658539,186769441633996878185,50012664707522911217192
2026-08-20 01:40:00,-396074566,395857673338656567688,276318,276318,276318,276318,0,395857673338656567688,50012664707522911217192
2026-08-20 01:41:00,-30243301888,30226722014927561993125,276318,276318,276318,276318,0,30226722014927561993125,50012664707522911217192
2026-08-20 01:45:00,-951105713,950583708178663809062,276318,276318,276318,276318,0,950583708178663809062,50012664707522911217192
2026-08-20 01:46:00,-442338020,442095234103348164467,276318,276318,276318,276318,0,442095234103348164467,50012664707522911217192
2026-08-20 01:48:00,-1816930362,1815933024703062615974,276318,276318,276318,276318,0,1815933024703062615974,50012664707522911217192
2026-08-20 01:49:00,-60212265660,60125125329733119052275,276318,276318,276318,276320,4503437766596,4561549935524783939446070,50012664707522911217192
2026-08-20 01:50:00,-272533627,272383362306305607381,276318,276318,276318,276318,0,272383362306305607381,50012664707522911217192
2026-08-20 01:51:00,-21001182399,20989594279239581447481,276318,276318,276318,276318,0,20989594279239581447481,50012664707522911217192
2026-08-20 01:53:00,555522069265,-555232321394657456430908,276318,276318,276318,276318,904472170445,348767588205342543569092,50012664707522911217192
2026-08-20 01:54:00,360730462190,-360546223145942990034528,276318,276318,276318,276318,362731456291,1999957490776314661405,50012664707522911217192
2026-08-20 01:55:00,-225343394180,225226180914618645458610,276318,276318,276318,276318,1122720124,226348331175561163944069,50012664707522911217192
2026-08-20 01:56:00,-99225157552,99172907683999516844938,276318,276318,276318,276318,0,99172907683999516844938,50012664707522911217192
2026-08-20 01:57:00,-245754795405,245623691300775135979324,276318,276318,276318,276318,83373172,245707020737775135979324,50012664707522911217192
2026-08-20 02:00:00,420221195,-420000000000000000000,276318,276318,276318,276318,420221195,0,50012664707522911217192
2026-08-20 02:01:00,-1132791075,1132181194857598122301,276318,276318,276318,276318,0,1132181194857598122301,50012664707522911217192
2026-08-20 02:02:00,-5547652523,5544664998976385311397,276318,276318,276318,276318,0,5544664998976385311397,50012664707522911217192
2026-08-20 02:03:00,-442338020,442099758054856478071,276318,276318,276318,276318,0,442099758054856478071,50012664707522911217192
2026-08-20 02:04:00,-14492316663,14484506195561488256385,276318,276318,276318,276318,0,14484506195561488256385,50012664707522911217192
2026-08-20 02:07:00,-4123536612,4121312745258004217276,276318,276318,276318,276318,0,4121312745258004217276,50012664707522911217192
2026-08-20 02:09:00,-3175381203,3173668223305112138399,276318,276318,276318,276318,0,3173668223305112138399,50012664707522911217192
2026-08-20 02:11:00,171701152,-171610576733817296773,276318,276318,276318,276318,171701152,0,50012664707522911217192
2026-08-20 02:12:00,583760529,-583452591116173120728,276318,276318,276318,276318,583760529,0,50012664707522911217192
2026-08-20 02:13:00,158589274,-158505619458267706681,276318,276318,276318,276318,158589274,0,50012664707522911217192
2026-08-20 02:14:00,67168880085,-67133539348732248904789,276318,276318,276318,276318,67168880085,0,50012664707522911217192
2026-08-20 02:16:00,760506929,-760107822396946620094,276318,276318,276318,276318,760506929,0,50012664707522911217192
2026-08-20 02:17:00,92638298929,-92589856114398619663438,276318,276318,276318,276318,92638298929,0,50012664707522911217192
2026-08-20 02:18:00,9485639,-9480696304279534969,276318,276318,276318,276318,9485639,0,50012664707522911217192
2026-08-20 02:21:00,100052134,-100000000000000000000,276318,276318,276318,276318,100052134,0,50012664707522911217192
2026-08-20 02:22:00,-961826397,961313202178238396440,276318,276318,276318,276318,38473501,999766656707813239005,50012664707522911217192
2026-08-20 02:23:00,74912279212,-74873353982476688713051,276318,276318,276318,276318,74912279212,0,50012664707522911217192
2026-08-20 02:24:00,500259186,-500000000000000000000,276318,276318,276318,276318,500259186,0,50012664707522911217192
2026-08-20 02:25:00,173806888,-173716840655952607952,276318,276318,276318,276318,173806888,0,50012664707522911217192
2026-08-20 02:27:00,-2571299231,2569936102042834237467,276318,276318,276318,276318,0,2569936102042834237467,50012664707522911217192
2026-08-20 02:29:00,-56013291746,55983531727806004203788,276318,276318,276318,276318,0,55983531727806004203788,50012664707522911217192
2026-08-20 02:30:00,320100654,-319934068145474086201,276318,276318,276318,276318,320100654,0,50012664707522911217192
2026-08-20 02:31:00,-57069907950,57039052237135230169639,276318,276318,276318,276318,33859999173,90881330027135230169639,50012664707522911217192
2026-08-20 02:32:00,-2255885752,2254679451392848534904,276318,276318,276318,276318,0,2254679451392848534904,50012664707522911217192
2026-08-20 02:33:00,104479860681,-104425532120015162990832,276318,276318,276318,276318,110644563579,6161412054629676829769,50012664707522911217192
2026-08-20 02:34:00,-495837518,495574418371376634642,276318,276318,276318,276318,0,495574418371376634642,50012664707522911217192
2026-08-20 02:35:00,6276662493,-6273408010294088854375,276318,276318,276318,276318,6276662493,0,50012664707522911217192
2026-08-20 02:38:00,22401972440,-22390371604247650142237,276318,276318,276318,276318,22557940099,155885076752349857763,50012664707522911217192
2026-08-20 02:39:00,45128004,-45104651568079266282,276318,276318,276318,276318,45128004,0,50012664707522911217192
2026-08-20 02:40:00,-8442447756,8437970250437568501075,276318,276318,276318,276318,500258870,8937970250437568501075,50012664707522911217192
2026-08-20 02:41:00,56880615859,-56851226557000000000000,276318,276318,276318,276318,56880615859,0,50012664707522911217192
2026-08-20 02:45:00,59863836447,-59833045395000000000000,276318,276318,276318,276318,59863836447,0,50012664707522911217192
2026-08-20 02:46:00,-11138706796,11132854833009985361384,276318,276318,276318,276318,0,11132854833009985361384,50012664707522911217192
2026-08-20 02:47:00,-74566332853,74525906470352700595193,276318,276318,276318,276318,93686193572,168164154764545000069647,50012664707522911217192
2026-08-20 02:49:00,-5720390,5717365673576178519,276318,276318,276318,276318,0,5717365673576178519,50012664707522911217192
2026-08-20 02:50:00,-52770925014,52742949005948462150980,276318,276318,276318,276318,2253539361,54995319379948462150980,50012664707522911217192
2026-08-20 02:51:00,391130241,-390927370041339281344,276318,276318,276318,276318,391130241,0,50012664707522911217192
2026-08-20 02:53:00,61848540424,-61816537663390933068616,276318,276318,276318,276318,61848540424,0,50012664707522911217192
2026-08-20 02:54:00,20001842355,-19991525359000000000000,276318,276318,276318,276318,20001842355,0,50012664707522911217192
2026-08-20 02:55:00,-188960047740,188859641880538638356887,276318,276318,276318,276318,2970716936,191828822505704705332484,50012664707522911217192
2026-08-20 02:56:00,4402964075,-4400661919000000000000,276318,276318,276318,276318,4402964075,0,50012664707522911217192
2026-08-20 02:58:00,-83417792901,83373041462953350401052,276318,276318,276318,276318,250182282,83623092573431710309935,50012664707522911217192
2026-08-20 02:59:00,-90438015939,90389186271570519800786,276318,276318,276318,276318,99065527,90488199500946226742489,50012664707522911217192
2026-08-20 03:00:00,-14050393564,14042774734383490930551,276318,276318,276318,276318,294883919,14337502279141481386292,50012664707522911217192
2026-08-20 03:01:00,-67789882696,67753028436234560527556,276318,276318,276318,276318,117024595,67869990869428878280600,50012664707522911217192
2026-08-20 03:02:00,-150575510706,150492946746108109489934,276318,276318,276318,276318,4098489294,154589226574652646860769,50012664707522911217192
2026-08-20 03:04:00,-129623199612,129551376872186281658104,276318,276318,276318,276318,5344731784,134893228358944412858972,50012664707522911217192
2026-08-20 03:05:00,5563334872,-5560307978000000000000,276318,276318,276318,276318,5563334872,0,50012664707522911217192
2026-08-20 03:06:00,2471629497,-2470285132000000000000,276318,276318,276318,276318,2471629497,0,50012664707522911217192
2026-08-20 03:07:00,413633270070,-413411749441657022714022,276318,276318,276318,276318,415598760005,1964426649842327444816,50012664707522911217192
2026-08-20 03:09:00,-203307527614,203196407350645174865405,276318,276318,276318,276318,53661074756,256828698724005453050318,50012664707522911217192
2026-08-20 03:10:00,307757926025,-307595078897839839200561,276318,276318,276318,276318,312276614333,4516265314436263468122,50012664707522911217192
2026-08-20 03:11:00,-169716502552,169625098677137897274027,276318,276318,276318,276318,224152921,169849133328320696130012,50012664707522911217192
2026-08-20 03:13:00,4484984369,-4482615178842094467137,276318,276318,276318,276318,5087081572,601771015457156392910,50012664707522911217192
2026-08-20 03:14:00,-155617197991,155532118437144654842647,276318,276318,276318,276318,24012753156,179532118437144654842647,50012664707522911217192
2026-08-20 03:15:00,-26443924028,26428381836840927025558,276318,276318,276318,276318,86499439556,112881608207840927025558,50012664707522911217192
2026-08-20 03:17:00,-27670670970,27655279416474931016292,276318,276318,276318,276318,15341599190,42988644184474931016292,50012664707522911217192
2026-08-20 03:18:00,-136612153986,136536624794309110387687,276318,276318,276318,276318,0,136536624794309110387687,50012664707522911217192
2026-08-20 03:19:00,-20385758950,20374147562691793193139,276318,276318,276318,276318,23071266670,43432843060691793193139,50012664707522911217192
2026-08-20 03:20:00,-1304882422,1304156327579653335845,276318,276318,276318,276318,0,1304156327579653335845,50012664707522911217192
2026-08-20 03:21:00,-379812564269,379598318146659874662958,276318,276318,276318,276318,849303225,380447146336462811600794,50012664707522911217192
2026-08-20 03:23:00,6117953519,-6114530344635268035460,276318,276318,276318,276318,6117953519,0,50012664707522911217192
2026-08-20 03:24:00,-75080395,75037493402110460300,276318,276318,276318,276318,0,75037493402110460300,50012664707522911217192
2026-08-20 03:25:00,-194314668755,194202399041314638149673,276318,276318,276318,276318,40300419044,234479928284713355982889,50012664707522911217192
2026-08-20 03:26:00,-88729061317,88677515067384441136996,276318,276318,276318,276318,0,88677515067384441136996,50012664707522911217192
2026-08-20 03:27:00,-55808257135,55775656971914143633695,276318,276318,276318,276318,1482083126,57256894288914143633695,50012664707522911217192
2026-08-20 03:28:00,-37044257543,37022520646054903137789,276318,276318,276318,276318,3395982642,40416556987054903137789,50012664707522911217192
2026-08-20 03:29:00,-43410609507,43384170447725369171646,276318,276318,276318,276318,78750295407,122089318381951430083380,50012664707522911217192
2026-08-20 03:30:00,-116433841464,116365089282480266794574,276318,276318,276318,276318,0,116365089282480266794574,50012664707522911217192
2026-08-20 03:33:00,-590648554136,590286737677270053295908,276317,276317,276317,276317,400005560459,990048067020599446787305,56509325629757198796114
2026-08-20 03:36:00,-94449092715,94390682547000000000000,276317,276317,276317,276317,10005073218,104389682547741705713230,56509325629757198796114
2026-08-20 03:37:00,9955785612,-9949746590301806254870,276317,276317,276317,276317,10019452227,63627238698193745130,56509325629757198796114
2026-08-20 03:41:00,28741053054,-28724152598513857028185,276317,276317,276317,276317,71763229352,42995644492486142971815,56509325629757198796114
2026-08-20 03:42:00,-90574707147,90518635730797787011783,276317,276317,276317,276317,0,90518635730797787011783,56509325629757198796114
2026-08-20 03:43:00,-70638899325,70594968087074527381009,276317,276317,276317,276317,0,70594968087074527381009,56509325629757198796114
2026-08-20 03:44:00,-91863881892,91806486639721717482309,276317,276317,276317,276317,0,91806486639721717482309,56509325629757198796114
2026-08-20 03:45:00,-303724147727,303532261010689849437353,276317,276317,276317,276317,0,303532261010689849437353,56509325629757198796114
2026-08-20 03:46:00,-319458467390,319253120454261156417056,276317,276317,276317,276317,0,319253120454261156417056,56509325629757198796114
2026-08-20 03:47:00,23865175762,-23849996784023101857974,276317,276317,276317,276317,23865175762,0,56509325629757198796114
2026-08-20 03:48:00,-90712447676,90653556741030655045868,276317,276317,276317,276317,0,90653556741030655045868,56509325629757198796114
2026-08-20 03:49:00,1194267926,-1193508917360050068654,276317,276317,276317,276317,1517973276,323494694639949931346,56509325629757198796114
2026-08-20 03:51:00,7863194531,-7858172823000000000000,276317,276317,276317,276317,7863194531,0,56509325629757198796114
2026-08-20 03:53:00,-207212355821,207076807594274521624272,276317,276317,276317,276317,0,207076807594274521624272,56509325629757198796114
2026-08-20 03:54:00,-207826732430,207689257411001707061326,276317,276317,276317,276317,0,207689257411001707061326,56509325629757198796114
2026-08-20 03:57:00,-133873501905,133784137410117312895145,276317,276317,276317,276317,0,133784137410117312895145,56509325629757198796114
2026-08-20 03:58:00,12600381915,-12592094881000000000000,276317,276317,276317,276317,12600381915,0,56509325629757198796114
2026-08-20 04:00:00,-60000000000,59959769326412722165338,276317,276317,276317,276317,0,59959769326412722165338,56509325629757198796114
2026-08-20 04:01:00,-217260623703,217106338145096387187523,276317,276317,276317,276317,629163145599,845861498494096387187523,56509325629757198796114
2026-08-20 04:02:00,-34283058522,34259750861308351796163,276317,276317,276317,276317,0,34259750861308351796163,56509325629757198796114
2026-08-20 04:04:00,-128901038890,128813032453846158699254,276317,276317,276317,276317,0,128813032453846158699254,56509325629757198796114
2026-08-20 04:05:00,-124951978414,124865890223566866008830,276317,276317,276317,276317,18113644602,142967257959816424385278,56509325629757198796114
2026-08-20 04:06:00,48826225955,-48793297807119612392454,276317,276317,276317,276317,57747022617,8914644894880387607546,56509325629757198796114
2026-08-20 04:07:00,-50000000,49965614236938970020,276317,276317,276317,276317,0,49965614236938970020,56509325629757198796114
2026-08-20 04:08:00,-141983000000,141884999627845919552472,276317,276317,276317,276317,0,141884999627845919552472,56509325629757198796114
2026-08-20 04:09:00,-95651644789,95585221707980906654006,276317,276317,276317,276317,0,95585221707980906654006,56509325629757198796114
2026-08-20 04:10:00,-45294043841,45262477581250030118206,276317,276317,276317,276317,0,45262477581250030118206,56509325629757198796114
2026-08-20 04:11:00,-110318325290,110241040822016036121096,276317,276317,276317,276317,8181516710,118416914147616243919368,56509325629757198796114
2026-08-20 04:12:00,2377640888,-2376001301541030354860,276317,276317,276317,276317,2377640888,0,56509325629757198796114
2026-08-20 04:13:00,14604071492,-14594005116107808550698,276317,276317,276317,276317,14604071492,0,56509325629757198796114
2026-08-20 04:15:00,109700168047,-109624794357843388149282,276317,276317,276317,276317,109700168047,0,56509325629757198796114
2026-08-20 04:17:00,9408717888,-9402273080692757946248,276317,276317,276317,276317,9408717888,0,56509325629757198796114
2026-08-20 04:18:00,1002090445,-1001404215000000000000,276317,276317,276317,276317,1002090445,0,56509325629757198796114
2026-08-20 04:19:00,6886993628,-6882278387000000000000,276317,276317,276317,276317,6886993628,0,56509325629757198796114
2026-08-20 04:21:00,-696523180,696038021000000000000,276317,276317,276317,276317,0,696038021000000000000,56509325629757198796114
2026-08-20 04:22:00,60531200634,-60489828049461042518084,276317,276317,276317,276317,60531200634,0,56509325629757198796114
2026-08-20 04:24:00,1013254568,-1012563119511039637417,276317,276317,276317,276317,1013254568,0,56509325629757198796114
2026-08-20 04:30:00,2234201196,-2232676697337130647552,276317,276317,276317,276317,2234201196,0,56509325629757198796114
2026-08-20 04:31:00,29705257164,-29685004659790209996179,276317,276317,276317,276317,29705257164,0,56509325629757198796114
2026-08-20 04:32:00,-324115972234,323889418050060003862921,276317,276317,276317,276317,350242620,324239418050060003890974,56509325629757198796114
2026-08-20 04:33:00,-102155275840,102082372795967642550060,276317,276317,276317,276317,60788576858,162828808402967642550060,56509325629757198796114
2026-08-20 04:34:00,20255863426,-20241765960541902262125,276317,276317,276317,276317,20255863426,0,56509325629757198796114
2026-08-20 04:36:00,93888349,-93823041232924000898,276317,276317,276317,276317,93888349,0,56509325629757198796114
2026-08-20 04:43:00,146263530567,-146162166622000000000000,276317,276317,276317,276317,146263530567,0,56509325629757198796114
2026-08-20 04:48:00,2850537,-2848569000000000000,276317,276317,276317,276317,2850537,0,56509325629757198796114
2026-08-20 04:52:00,21116844559,-21102273051346864611920,276317,276317,276317,276317,21155174861,38303377653135388080,56509325629757198796114
2026-08-20 04:53:00,1000631737,-999941628864721430645,276317,276317,276317,276317,1000631737,0,56509325629757198796114
2026-08-20 04:55:00,-949132448,948466476226908804063,276317,276317,276317,276317,0,948466476226908804063,56509325629757198796114
2026-08-20 04:57:00,-59700000,59658108826667419855,276317,276317,276317,276317,0,59658108826667419855,56509325629757198796114
2026-08-20 04:58:00,-10580136734,10572710858699754151953,276317,276317,276317,276317,0,10572710858699754151953,56509325629757198796114
2026-08-20 05:00:00,-50404083640,50368652217997887518946,276317,276317,276317,276317,0,50368652217997887518946,56509325629757198796114
2026-08-20 05:03:00,-2813704480,2811711949520249926693,276317,276317,276317,276317,1000286333,3811306256277970244718,56509325629757198796114
2026-08-20 05:04:00,22209824247,-22194475487153414687555,276317,276317,276317,276317,23087444603,877002551846585312445,56509325629757198796114
2026-08-20 05:05:00,90657992,-90595333111765466373,276317,276317,276317,276317,90657992,0,56509325629757198796114
2026-08-20 05:06:00,-9208556105,9202079613738553873964,276317,276317,276317,276317,0,9202079613738553873964,56509325629757198796114
2026-08-20 05:07:00,29774983425,-29754410191000000000000,276317,276317,276317,276317,29774983425,0,56509325629757198796114
2026-08-20 05:08:00,-8713426277,8707304428922584529387,276317,276317,276317,276317,0,8707304428922584529387,56509325629757198796114
2026-08-20 05:09:00,500345604,-500000000848210503713,276317,276317,276317,276317,500345604,0,56509325629757198796114
2026-08-20 05:10:00,28922851012,-28902888177729469220089,276317,276317,276317,276317,28922851012,0,56509325629757198796114
2026-08-20 05:11:00,-4886871400,4883440515784575875372,276317,276317,276317,276317,116087348,4999447798878503274904,56509325629757198796114
2026-08-20 05:12:00,-32970640103,32947480014885183052330,276317,276317,276317,276317,0,32947480014885183052330,56509325629757198796114
2026-08-20 05:13:00,6053431690,-6049249195000000000000,276317,276317,276317,276317,6053431690,0,56509325629757198796114
2026-08-20 05:14:00,18600425228,-18587581744919366168011,276317,276317,276317,276317,18600425228,0,56509325629757198796114
2026-08-20 05:15:00,32526463962,-32504034029000000000000,276317,276317,276317,276317,32526463962,0,56509325629757198796114
2026-08-20 05:16:00,317852252587,-317635033528000000000000,276317,276317,276317,276317,317852252587,0,56509325629757198796114
2026-08-20 05:17:00,-267802344382,267615132298577734559875,276317,276317,276317,276317,101942685797,369488906772278041534908,56509325629757198796114
2026-08-20 05:18:00,552410237,-552030601613482144698,276317,276317,276317,276317,552410237,0,56509325629757198796114
2026-08-20 05:19:00,182455538008,-182330738294000000000000,276317,276317,276317,276317,182455538008,0,56509325629757198796114
2026-08-20 05:20:00,55493446721,-55456345940216786380327,276317,276317,276317,276317,107474036785,51944538294972919454834,56509325629757198796114
2026-08-20 05:21:00,-139291382668,139194816495465219221623,276317,276317,276317,276317,0,139194816495465219221623,56509325629757198796114
2026-08-20 05:22:00,-4556464479,4553294043989432188116,276317,276317,276317,276317,0,4553294043989432188116,56509325629757198796114
2026-08-20 05:23:00,-6890635226,6885839256651222459278,276317,276317,276317,276317,0,6885839256651222459278,56509325629757198796114
2026-08-20 05:25:00,9396038786,-9389612116086970583296,276317,276317,276317,276317,9396038786,0,56509325629757198796114
2026-08-20 05:26:00,24450942514,-24434233272787368057205,276317,276317,276317,276317,24450942514,0,56509325629757198796114
2026-08-20 05:27:00,128481598627,-128394144455521087806677,276317,276317,276317,276317,128481598627,0,56509325629757198796114
2026-08-20 05:30:00,111847456252,-111771799711826278381666,276317,276317,276317,276317,111847456252,0,56509325629757198796114
2026-08-20 05:31:00,600404936,-600000000000000000000,276317,276317,276317,276317,600404936,0,56509325629757198796114
2026-08-20 05:35:00,120325492125,-120244597239356633310180,276317,276317,276317,276317,120325492125,0,56509325629757198796114
2026-08-20 05:37:00,-23517648000,23501595300249746160446,276317,276317,276317,276317,0,23501595300249746160446,56509325629757198796114
2026-08-20 05:38:00,-10252442427,10244689273101763418279,276317,276317,276317,276317,62451214254,72653907004732792565145,56509325629757198796114
2026-08-20 05:39:00,-112426940153,112349886319612849112283,276317,276317,276317,276317,200175755,112549927207995537039390,56509325629757198796114
2026-08-20 05:40:00,-45296923137,45265752741708401274233,276317,276317,276317,276317,0,45265752741708401274233,56509325629757198796114
2026-08-20 05:42:00,62401531822,-62359358328545796016046,276317,276317,276317,276317,62401531822,0,56509325629757198796114
2026-08-20 05:43:00,-243994967876,243826356930774544233005,276317,276317,276317,276317,0,243826356930774544233005,56509325629757198796114
2026-08-20 05:44:00,-377555016732,377279472110619462775513,276316,276316,276316,276316,874732495844,1251387208409505298856740,50012664707522909217845
2026-08-20 05:45:00,37147289374,-37121432562899110201333,276317,276317,276317,276317,37147289374,0,56509325629757198796114
2026-08-20 05:46:00,61967740717,-61924716275654471546531,276317,276317,276317,276317,61967740717,0,56509325629757198796114
2026-08-20 05:47:00,-644026306236,643557526095024505332308,276316,276317,276316,276317,548246254006,1191408204529992905424483,50012664707522909217845
2026-08-20 05:48:00,168743646411,-168622968593549812781586,276316,276316,276316,276316,168743646411,0,50012664707522909217845
2026-08-20 05:49:00,45592083140,-45559672928039002773910,276316,276316,276316,276316,45592083140,0,50012664707522909217845
2026-08-20 05:50:00,33304674409,-33281051475335267567610,276316,276316,276316,276316,33304674409,0,50012664707522909217845
2026-08-20 05:51:00,169241608035,-169122250008000000000000,276316,276316,276316,276316,169241608035,0,50012664707522909217845
2026-08-20 05:52:00,10676842417,-10669350919000000000000,276316,276316,276316,276316,10676842417,0,50012664707522909217845
2026-08-20 05:54:00,43443765396,-43413329666000000000000,276316,276316,276316,276316,43443765396,0,50012664707522909217845
2026-08-20 05:55:00,495690772880,-495348451194370000000000,276317,276316,276316,276317,495690772880,0,56509325629757198796114
2026-08-20 05:56:00,99911405686,-99843462556277233873058,276317,276317,276317,276317,99911405686,0,56509325629757198796114
2026-08-20 05:57:00,711517379,-711034789492215921600,276317,276317,276317,276317,711517379,0,56509325629757198796114
2026-08-20 05:58:00,293826797055,-293629037505052421234816,276317,276317,276317,276317,293826797055,0,56509325629757198796114
2026-08-20 06:01:00,573234340,-573520614339190439976,276317,276317,276317,276317,56369278334,55758144670660809560024,56500440721530678825533
2026-08-20 06:02:00,-193707574862,193575148935779455670599,276317,276317,276317,276317,6268775674,199839738797577983767244,56500440721530678825533
2026-08-20 06:04:00,-99001459144,98933301732756365760775,276317,276317,276317,276317,189796924,99122969938855589657718,56500440721530678825533
2026-08-20 06:05:00,49147886,-49114555201923212221,276317,276317,276317,276317,49147886,0,56500440721530678825533
2026-08-20 06:06:00,19016236706,-19003346624000000000000,276317,276317,276317,276317,19016236706,0,56500440721530678825533
2026-08-20 06:07:00,111473531983,-111398227267000000000000,276317,276317,276317,276317,111473531983,0,56500440721530678825533
2026-08-20 06:09:00,-61612904055,61570078751977072617618,276317,276317,276317,276317,43266518399,104807487306734072617618,56500440721530678825533
2026-08-20 06:11:00,2072220087,-2070819867554354851585,276317,276317,276317,276317,2072220087,0,56500440721530678825533
2026-08-20 06:12:00,100067435864,-100000000000000000000000,276317,276317,276317,276317,100067435864,0,56500440721530678825533
2026-08-20 06:13:00,-65660478548,65607875347998211713330,276317,276317,276316,276317,634339521452,699512447276956987516931,56500440721530678825533
2026-08-20 06:14:00,242929331696,-242766529842414773059584,276317,276317,276317,276317,242929331696,0,56500440721530678825533
2026-08-20 06:15:00,40025328183,-39998705000000000000000,276317,276317,276317,276317,40025328183,0,56500440721530678825533
2026-08-20 06:16:00,100108358932,-100042019059000000000000,276317,276317,276317,276317,100108358932,0,56500440721530678825533
2026-08-20 06:17:00,-9953775847,9947076172787049579576,276317,276317,276317,276317,0,9947076172787049579576,56500440721530678825533
2026-08-20 06:18:00,-21609831867,21595274690872632260367,276317,276317,276317,276317,0,21595274690872632260367,56500440721530678825533
2026-08-20 06:19:00,149783286276,-149684522413000000000000,276317,276317,276317,276317,149783286276,0,56500440721530678825533
2026-08-20 06:20:00,603396261,-603000000000000000000,276317,276317,276317,276317,603396261,0,56500440721530678825533
2026-08-20 06:21:00,3457499402,-3455229044000000000000,276317,276317,276317,276317,3457499402,0,56500440721530678825533
2026-08-20 06:22:00,19056962431,-19045297611551769924751,276317,276317,276317,276317,89211397400,70107665325548039279319,56500440721530678825533
2026-08-20 06:25:00,-173955483,173839296534816493537,276317,276317,276317,276317,0,173839296534816493537,56500440721530678825533
2026-08-20 06:26:00,-10000000000,9993319124600238996344,276317,276317,276317,276317,0,9993319124600238996344,56500440721530678825533
2026-08-20 06:28:00,-35341747224,35318107509203176931228,276317,276317,276317,276317,0,35318107509203176931228,56500440721530678825533
2026-08-20 06:30:00,-20088914373,20075457425202609286663,276317,276317,276317,276317,0,20075457425202609286663,56500440721530678825533
2026-08-20 06:31:00,-2077629109,2076236554504804956127,276317,276317,276317,276317,0,2076236554504804956127,56500440721530678825533
2026-08-20 06:34:00,-9936791,9930130008334299519,276317,276317,276317,276317,0,9930130008334299519,56500440721530678825533
2026-08-20 06:35:00,-498838550,498504173985338026954,276317,276317,276317,276317,0,498504173985338026954,56500440721530678825533
2026-08-20 06:36:00,-64102510599,64059469007493973003693,276317,276317,276317,276317,0,64059469007493973003693,56500440721530678825533
2026-08-20 06:37:00,-378427262,378172734374217212538,276317,276317,276317,276317,0,378172734374217212538,56500440721530678825533
2026-08-20 06:38:00,498485890792,-498160984524416864292036,276317,276317,276317,276317,498645052217,159054373157767657207,56500440721530678825533
2026-08-20 06:39:00,1499810007,-1498845705183236275675,276317,276317,276317,276317,1499810007,0,56500440721530678825533
2026-08-20 06:41:00,2735642239,-2733891602466042387192,276317,276317,276317,276317,3405761939,669680900874620813632,56500440721530678825533
2026-08-20 06:42:00,415367815,-415100809426788351700,276317,276317,276317,276317,415367815,0,56500440721530678825533
2026-08-20 06:43:00,69198480023,-69154120112842021369755,276317,276317,276317,276317,72284049468,3083555892307843894555,56500440721530678825533
2026-08-20 06:45:00,-459773787,459473846380896009516,276317,276317,276317,276317,0,459473846380896009516,56500440721530678825533
2026-08-20 06:46:00,-29457286979,29438048649496459962310,276317,276317,276317,276317,487601481,29925337884256511842984,56500440721530678825533
2026-08-20 06:47:00,-37059985323,37035745499373658648207,276317,276317,276317,276317,0,37035745499373658648207,56500440721530678825533
2026-08-20 06:48:00,11402304999,-11394978661000000000000,276317,276317,276317,276317,11402304999,0,56500440721530678825533
2026-08-20 06:49:00,89544542870,-89487167522000000000000,276317,276317,276317,276317,89544542870,0,56500440721530678825533
2026-08-20 06:50:00,37463920739,-37440000000000000000000,276317,276317,276317,276317,37463920739,0,56500440721530678825533
2026-08-20 06:51:00,-132592064672,132505591439746794876018,276317,276317,276317,276317,0,132505591439746794876018,56500440721530678825533
2026-08-20 06:53:00,-9586153064,9579877114427036275174,276317,276317,276317,276317,0,9579877114427036275174,56500440721530678825533
2026-08-20 06:54:00,154135927,-154036840004771304859,276317,276317,276317,276317,154135927,0,56500440721530678825533
2026-08-20 06:56:00,67790116543,-67746755538613154613986,276317,276317,276317,276317,79242733742,11445147192386845386014,56500440721530678825533
2026-08-20 06:57:00,20549966,-20536805196785995446,276317,276317,276317,276317,20549966,0,56500440721530678825533
2026-08-20 06:58:00,-41384205740,41357173861698149962572,276317,276317,276317,276317,21971608,41379131397924615393168,56500440721530678825533
2026-08-20 06:59:00,32505914005,-32485641637583333808910,276317,276317,276317,276317,80482243666,47945052553306076682645,56500440721530678825533
2026-08-20 07:00:00,-33336256187,33314181271135432915401,276317,276317,276317,276317,24548553784,57847015571505821805198,56500440721530678825533
2026-08-20 07:01:00,1849587,-1848400000000000000,276317,276317,276317,276317,1849587,0,56500440721530678825533
2026-08-20 07:02:00,-21615098532,21600955124814268085539,276317,276317,276317,276317,0,21600955124814268085539,56500440721530678825533
2026-08-20 07:03:00,-5520409,5516793843846724490,276317,276317,276317,276317,0,5516793843846724490,56500440721530678825533
2026-08-20 07:04:00,-37475783441,37451222751491461469124,276317,276317,276317,276317,0,37451222751491461469124,56500440721530678825533
2026-08-20 07:05:00,-5946387070,5942485390814418871920,276317,276317,276317,276317,0,5942485390814418871920,56500440721530678825533
2026-08-20 07:06:00,-223729267506,223581560614870558442073,276317,276317,276317,276317,0,223581560614870558442073,56500440721530678825533
2026-08-20 07:07:00,-252460015,252291026311113904818,276317,276317,276317,276317,109442128,361661779336258735134,56500440721530678825533
2026-08-20 07:09:00,-35022918230,34999635423592670579649,276317,276317,276317,276317,0,34999635423592670579649,56500440721530678825533
2026-08-20 07:10:00,82281151692,-82227507674635205959680,276317,276317,276317,276317,82281151692,0,56500440721530678825533
2026-08-20 07:11:00,39320911990,-39295360875116173120729,276317,276317,276317,276317,39320911990,0,56500440721530678825533
2026-08-20 07:12:00,-99665781516,99599716158943990568500,276317,276317,276317,276317,0,99599716158943990568500,56500440721530678825533
2026-08-20 07:13:00,-153790008705,153687376877588069977690,276317,276317,276317,276317,0,153687376877588069977690,56500440721530678825533
2026-08-20 07:14:00,10103772890,-10097125629378097228725,276317,276317,276317,276317,10103772890,0,56500440721530678825533
2026-08-20 07:15:00,-6004928389,6000906176527111356856,276317,276317,276317,276317,0,6000906176527111356856,56500440721530678825533
2026-08-20 07:16:00,-82640846953,82585363057416880854075,276317,276317,276317,276317,0,82585363057416880854075,56500440721530678825533
2026-08-20 07:17:00,250862915,-250697132341036778814,276317,276317,276317,276317,250862915,0,56500440721530678825533
2026-08-20 07:18:00,4543067811,-4540065907876183377953,276317,276317,276317,276317,4543067811,0,56500440721530678825533
2026-08-20 07:21:00,-805293727939,804740558993220309433029,276317,276317,276317,276317,0,804740558993220309433029,56500440721530678825533
2026-08-20 07:22:00,-233402353050,233237736920084592056316,276316,276317,276316,276317,0,233237736920084592056316,50003779799296389247264
2026-08-20 07:23:00,-1533695054,1531435197670760067937,276316,276317,276316,276317,97700288501,99163752757670760067937,50003779799296389247264
2026-08-20 07:24:00,10186116065,-10179012172000000000000,276316,276316,276316,276316,10186116065,0,50003779799296389247264
2026-08-20 07:26:00,5225930821,-5222287817000000000000,276316,276316,276316,276316,5225930821,0,50003779799296389247264
2026-08-20 07:28:00,265916,-265730695232810560,276316,276316,276316,276316,265916,0,50003779799296389247264
2026-08-20 07:29:00,-164666670954,164549382451179324083182,276316,276316,276316,276316,0,164549382451179324083182,50003779799296389247264
2026-08-20 07:30:00,-144070943523,143967436332980818029303,276316,276316,276316,276316,0,143967436332980818029303,50003779799296389247264
2026-08-20 07:32:00,-61631002759,61586454536760242319381,276316,276316,276316,276316,1368997241,62954479558699798060388,50003779799296389247264
2026-08-20 07:33:00,90514765,-90450337205383212567,276316,276316,276316,276316,90514765,0,50003779799296389247264
2026-08-20 07:34:00,42064300252,-42034394594318906605922,276316,276316,276316,276316,42064300252,0,50003779799296389247264
2026-08-20 07:35:00,134188622641,-134093730714909336529849,276316,276316,276316,276316,137285372641,3094525199141359906114,50003779799296389247264
2026-08-20 07:36:00,853241731,-852640425000000000000,276316,276316,276316,276316,853241731,0,50003779799296389247264
2026-08-20 07:37:00,5225970092,-5222287817000000000000,276316,276316,276316,276316,5225970092,0,50003779799296389247264
2026-08-20 07:38:00,29210546416,-29189984445409975135400,276316,276316,276316,276316,29210546416,0,50003779799296389247264
2026-08-20 07:39:00,186711669488,-186581043924000000000000,276317,276317,276317,276317,186711669488,0,56500440721530678825533
2026-08-20 07:40:00,261069943657,-260889460935858357692482,276317,276317,276317,276317,261069943657,0,56500440721530678825533
2026-08-20 07:41:00,3715155488,-3712604521755200216962,276317,276317,276317,276317,3715155488,0,56500440721530678825533
2026-08-20 07:44:00,14319534920,-14309707151893400000000,276317,276317,276317,276317,14319534920,0,56500440721530678825533
2026-08-20 07:46:00,200149174,-200011859784046386321,276317,276317,276317,276317,200149174,0,56500440721530678825533
2026-08-20 07:47:00,20954209730,-20939841676304911632735,276317,276317,276317,276317,20954209730,0,56500440721530678825533
2026-08-20 07:48:00,-223593542,223437626775437222874,276317,276317,276317,276317,0,223437626775437222874,56500440721530678825533
2026-08-20 07:49:00,2001590220,-2000218550332135326366,276317,276317,276317,276317,2001590220,0,56500440721530678825533
2026-08-20 07:50:00,146010028010,-145910353012602434528114,276317,276317,276317,276317,146189460397,179307277397565471886,56500440721530678825533
2026-08-20 07:51:00,-7764671827,7758192741575110911139,276317,276317,276317,276317,92080711297,99776430623575110911139,56500440721530678825533
2026-08-20 07:52:00,-120175162678,120091703088234929344925,276317,276317,276317,276317,0,120091703088234929344925,56500440721530678825533
2026-08-20 07:53:00,62220572975,-62178044233512185012125,276317,276317,276317,276317,62220572975,0,56500440721530678825533
2026-08-20 07:54:00,192311745909,-192181163272000000000000,276317,276317,276317,276317,192311745909,0,56500440721530678825533
2026-08-20 07:55:00,145923868022,-145825656144000000000000,276317,276317,276317,276317,145923868022,0,56500440721530678825533
2026-08-20 07:56:00,-221011865991,220860167491155246207467,276317,276317,276317,276317,500339370,221360167491574567887614,56500440721530678825533
2026-08-20 07:57:00,28977583723,-28958349311349841337533,276317,276317,276317,276317,62781875678,33781012973703086458966,56500440721530678825533
2026-08-20 07:58:00,32931995375,-32909711500000000000000,276317,276317,276317,276317,32931995375,0,56500440721530678825533
2026-08-20 08:00:00,-39126992483,39100043189636631647285,276317,276317,276317,276317,0,39100043189636631647285,56500440721530678825533
2026-08-20 08:01:00,-4123730000,4120886566087857338558,276317,276317,276317,276317,0,4120886566087857338558,56500440721530678825533
2026-08-20 08:02:00,-26140406,26122379344703510458,276317,276317,276317,276317,0,26122379344703510458,56500440721530678825533
2026-08-20 08:03:00,220148318107,-220000000000000000000000,276317,276317,276317,276317,220148318107,0,56500440721530678825533
2026-08-20 08:04:00,-107309664386,107236295072133816441568,276317,276317,276317,276317,0,107236295072133816441568,56500440721530678825533
2026-08-20 08:06:00,48314540060,-48282836246564972657643,276317,276317,276317,276317,115077284355,66717163753435027342357,56500440721530678825533
2026-08-20 08:07:00,9500210398,-9494594301839039965228,276317,276317,276317,276317,73344867341,63800993114160960034772,56500440721530678825533
2026-08-20 08:08:00,-175215295756,174997537224641778010926,275264,276317,275264,276317,8126604584928,8294619884349136893986595,74283962351036412
2026-08-20 08:10:00,216308139011,-216162359993703219344618,276317,276317,276317,276317,216397827983,89627741296780655382,56500440721530678825533
2026-08-20 08:11:00,-442150430,441848828545927560449,276317,276317,276317,276317,0,441848828545927560449,56500440721530678825533
2026-08-20 08:12:00,-1875410488,1874131152618803932915,276317,276317,276317,276317,0,1874131152618803932915,56500440721530678825533
2026-08-20 08:13:00,-1040115690,1039377310352031529510,276317,276317,276317,276317,2401261035,3439028821352031529510,56500440721530678825533
2026-08-20 08:14:00,76787995744,-76736783417018396233299,276317,276317,276317,276317,89283522250,12487037746865339464289,56500440721530678825533
2026-08-20 08:15:00,163641165404,-163532404880834805416789,276317,276317,276317,276317,163691165404,49966291165194583211,56500440721530678825533
2026-08-20 08:16:00,910414091147,-909826290796639483451594,276317,276317,276317,276317,910424526128,10428237440635889945,56500440721530678825533
2026-08-20 08:18:00,188926167721,-188807861726000000000000,276317,276317,276317,276317,188926167721,0,56500440721530678825533
2026-08-20 08:20:00,-20794811795,20780188860382137749877,276317,276317,276317,276317,117875255893,138581692410382137749877,56500440721530678825533
2026-08-20 08:21:00,41971207,-41945634479824082583,276317,276317,276317,276317,91971207,49968220482018006957,56500440721530678825533
2026-08-20 08:22:00,-298500000,298310275409103143534,276317,276317,276317,276317,0,298310275409103143534,56500440721530678825533
2026-08-20 08:23:00,98791625,-98730018564125796074,276317,276317,276317,276317,98791625,0,56500440721530678825533
2026-08-20 08:24:00,-9950000,9943675527653693770,276317,276317,276317,276317,0,9943675527653693770,56500440721530678825533
2026-08-20 08:26:00,-9937361,9931044481661080137,276317,276317,276317,276317,0,9931044481661080137,56500440721530678825533
2026-08-20 08:27:00,-240604204460,240450253831309995095914,276317,276317,276317,276317,0,240450253831309995095914,56500440721530678825533
2026-08-20 08:28:00,-137389138119,137300311404514172414521,276317,276317,276317,276317,0,137300311404514172414521,56500440721530678825533
2026-08-20 08:30:00,-628698637774,628283646781610248751229,276317,276317,276317,276317,0,628283646781610248751229,56500440721530678825533
2026-08-20 08:32:00,161750541283,-161644377363000000000000,276317,276317,276317,276317,161750541283,0,56500440721530678825533
2026-08-20 08:33:00,272832090908,-272655115808404351194990,276317,276317,276317,276317,272832090908,0,56500440721530678825533
2026-08-20 08:34:00,-681147932377,680693005610079544543540,276317,276317,276317,276317,647370099,681339956095598519764455,56500440721530678825533
2026-08-20 08:35:00,11948525647,-11940547482000000000000,276317,276317,276317,276317,11948525647,0,56500440721530678825533
2026-08-20 08:36:00,41809025167,-41781153951246824232435,276317,276317,276317,276317,42259469333,450138762010344294176,56500440721530678825533
2026-08-20 08:37:00,-199178304620,199042557596761413791237,276317,276317,276317,276317,0,199042557596761413791237,56500440721530678825533
2026-08-20 08:42:00,1818299568,-1817080313634750473988,276317,276317,276317,276317,2195153863,376596125012652883922,56500440721530678825533
2026-08-20 08:43:00,245310469957,-245146439858756806667597,276317,276317,276317,276317,245310469957,0,56500440721530678825533
2026-08-20 08:44:00,61623871234,-61583000048077292760083,276317,276317,276317,276317,61623871234,0,56500440721530678825533
2026-08-20 08:47:00,-191091098427,190961627785687055046088,276317,276317,276317,276317,258436051,191219890966687055046088,56500440721530678825533
2026-08-20 08:50:00,4070053641,-4067345557136457367551,276317,276317,276317,276317,5245604888,1174750802963575735947,56500440721530678825533
2026-08-20 08:52:00,19975149084,-19961851954923068324362,276317,276317,276317,276317,24511481679,4533248045076931675638,56500440721530678825533
2026-08-20 08:53:00,50073000000,-50039592873469629811137,276317,276317,276317,276317,50073000000,0,56500440721530678825533
2026-08-20 08:55:00,-602803322918,602388031765042503784616,276317,276317,276317,276317,0,602388031765042503784616,56500440721530678825533
2026-08-20 08:56:00,-1039233735518,1038484556859991668562705,276316,276317,276316,276317,134037163546,1172423784874991668562704,50003779799296389247264
2026-08-20 08:57:00,35085809127,-35060293921129303361668,276316,276316,276316,276316,35255640638,169706078870696638332,50003779799296389247264
2026-08-20 08:58:00,726940255,-726412086354840265062,276316,276316,276316,276316,726940255,0,50003779799296389247264
2026-08-20 09:00:00,-456671308549,456329866516988848573348,276316,276316,276316,276316,412152364,456741711909017881480100,50003779799296389247264
2026-08-20 09:02:00,-474507373140,474143774357567748517002,276316,276316,276316,276316,0,474143774357567748517002,50003779799296389247264
2026-08-20 09:03:00,79252632157,-79192228150000000000000,276316,276316,276316,276316,79252632157,0,50003779799296389247264
2026-08-20 09:04:00,-439187146150,438843986888259618521147,276316,276316,276316,276316,0,438843986888259618521147,50003779799296389247264
2026-08-20 09:05:00,-306636959458,306391860032376877377171,276316,276316,276316,276316,78410987282,384741378782758684569402,50003779799296389247264
2026-08-20 09:06:00,-201424658864,201262047538473886120881,276315,276316,276315,276316,15273018724,216522999389271152635688,50003779799296388247665
2026-08-20 09:07:00,-1870566062,1869050047255492002851,276315,276315,276315,276315,0,1869050047255492002851,50003779799296388247665
2026-08-20 09:09:00,100079714027,-100000000000000000000000,276316,276316,276316,276316,100079714027,0,50003779799296389247264
2026-08-20 09:10:00,420653544768,-420322867398109652482011,276316,276316,276316,276316,420653544768,0,50003779799296389247264
2026-08-20 09:11:00,103444130131,-103363895242476364194521,276316,276316,276316,276316,103444130131,0,50003779799296389247264
2026-08-20 09:12:00,194431080,-194280675250405128062,276316,276316,276316,276316,194431080,0,50003779799296389247264
2026-08-20 09:13:00,-720322248409,719745710419618877604642,276315,276316,276315,276316,26987742109,746711784708240045986018,50003779799296388247665
2026-08-20 09:14:00,41328449087,-41295323848807852130177,276315,276315,276315,276315,41328449087,0,50003779799296388247665
2026-08-20 09:15:00,-53040912578,52994437221891657748261,276315,276315,276315,276315,276394166955,329165188374891657748261,50003779799296388247665
2026-08-20 09:18:00,-418471631056,418126675070440545815365,276315,276315,276315,276315,40817327395,458910518481440545815365,50003779799296388247665
2026-08-20 09:19:00,-325440600394,325167877103034672903622,276315,276315,276315,276315,0,325167877103034672903622,50003779799296388247665
2026-08-20 09:20:00,-129574952300,129463226731522178728034,276315,276315,276315,276315,163683337587,293009146403877056016837,50003779799296388247665
2026-08-20 09:21:00,-166454779411,166312670971787778557953,276315,276315,276315,276315,10035293160,176339488843787778557953,50003779799296388247665
2026-08-20 09:24:00,-154446188448,154313242299223220516775,276315,276315,276315,276315,17650852146,171949075868223220516775,50003779799296388247665
2026-08-20 09:25:00,-108174782963,108080607312911146130928,276315,276315,276315,276315,53413749576,161448639780953045185395,50003779799296388247665
2026-08-20 09:26:00,-259524268868,259297960734598157038132,276315,276315,276315,276315,0,259297960734598157038132,50003779799296388247665
2026-08-20 09:28:00,618241614094,-617715516506382802419008,276315,276315,276315,276315,716175343085,97848361094631311879239,50003779799296388247665
2026-08-20 09:29:00,266954337865,-266731383728000000000000,276315,276315,276315,276315,266954337865,0,50003779799296388247665
2026-08-20 09:30:00,176288282564,-176142611337197958356340,276315,276315,276315,276315,176288282564,0,50003779799296388247665
2026-08-20 09:31:00,137696046177,-137583128190824078136925,276315,276315,276315,276315,137696046177,0,50003779799296388247665
2026-08-20 09:32:00,-264446895,264227589500369283100,276315,276315,276315,276315,0,264227589500369283100,50003779799296388247665
2026-08-20 09:33:00,-80260067043,80191971922973073630855,276315,276315,276315,276315,117309132180,197404576256119879161467,50003779799296388247665
2026-08-20 09:34:00,-42217343000,42182161081192232486099,276315,276315,276315,276315,0,42182161081192232486099,50003779799296388247665
2026-08-20 09:35:00,1143441763,-1142501646138042623176,276315,276315,276315,276315,1143441763,0,50003779799296388247665
2026-08-20 09:36:00,289247964,-289010158000000000000,276315,276315,276315,276315,289247964,0,50003779799296388247665
2026-08-20 09:38:00,-136076958048,135963079532208430622111,276315,276315,276315,276315,139643139,136102607105020368008263,50003779799296388247665
2026-08-20 09:39:00,32506881069,-32480000000000000000000,276315,276315,276315,276315,32506881069,0,50003779799296388247665
2026-08-20 09:40:00,2515888155,-2513809440000000000000,276315,276315,276315,276315,2515888155,0,50003779799296388247665
2026-08-20 09:41:00,-39603452776,39569491075706838383814,276315,276315,276315,276315,61363123621,100881992397070240784031,50003779799296388247665
2026-08-20 09:42:00,-148874048578,148748283765948776878805,276315,276315,276315,276315,25363530115,174090655101610834628644,50003779799296388247665
2026-08-20 09:44:00,67995153680,-67938557511463620343191,276315,276315,276315,276315,67995153680,0,50003779799296388247665
2026-08-20 09:45:00,-37977177680,37943784220532973859537,276315,276315,276315,276315,112623336403,150473784220532973859537,50003779799296388247665
2026-08-20 09:46:00,-100269238669,100184360003473720367910,276315,276315,276315,276315,0,100184360003473720367910,50003779799296388247665
2026-08-20 09:47:00,-44995241222,44956961856902212758608,276315,276315,276315,276315,5004758778,49957524557422212758608,50003779799296388247665
2026-08-20 09:48:00,-180464965200,180310864004305353259265,276315,276315,276315,276315,0,180310864004305353259265,50003779799296388247665
2026-08-20 09:49:00,513675159,-513240840384741868727,276315,276315,276315,276315,513675159,0,50003779799296388247665
2026-08-20 09:51:00,70166298061,-70107070367000000000000,276315,276315,276315,276315,70166298061,0,50003779799296388247665
2026-08-20 09:52:00,215859263629,-215678289008500841000947,276315,276315,276315,276315,215859263629,0,50003779799296388247665
2026-08-20 09:53:00,72342899264,-72282664008373630253942,276315,276315,276315,276315,72342899264,0,50003779799296388247665
2026-08-20 09:54:00,-446795441872,446414658969593560830080,276315,276315,276315,276315,5554968224,451964953021358153846701,50003779799296388247665
2026-08-20 09:56:00,3860054851,-3856777815000000000000,276315,276315,276315,276315,3860054851,0,50003779799296388247665
2026-08-20 09:57:00,52270741646,-52226424420580173101113,276315,276315,276315,276315,52270741646,0,50003779799296388247665
2026-08-20 09:58:00,447202207303,-446827512691207184760514,276315,276315,276315,276315,447202207303,0,50003779799296388247665
2026-08-20 09:59:00,393880146393,-393556745362808055063842,276315,276315,276315,276315,393880146393,0,50003779799296388247665
2026-08-20 10:00:00,687065177951,-686515887483302944101318,276316,276315,276315,276316,687065177951,0,50003779799296389247264
2026-08-20 10:01:00,56863938613,-56819565077679583494654,276316,276316,276316,276316,77104865764,20224778129090721405346,50003779799296389247264
2026-08-20 10:03:00,5995193574,-5990497190065845808381,276316,276316,276316,276316,5995193574,0,50003779799296389247264
2026-08-20 10:07:00,82794077448,-82729366862000000000000,276316,276316,276316,276316,82794077448,0,50003779799296389247264
2026-08-20 10:08:00,3021768876,-3019412287490041614291,276316,276316,276316,276316,3021768876,0,50003779799296389247264
2026-08-20 10:09:00,152631902414,-152513343851000000000000,276316,276316,276316,276316,152631902414,0,50003779799296389247264
2026-08-20 10:10:00,70040092905,-69986000000000000000000,276316,276316,276316,276316,70040092905,0,50003779799296389247264
2026-08-20 10:11:00,198044217263,-197892325596000000000000,276316,276316,276316,276316,198044217263,0,50003779799296389247264
2026-08-20 10:13:00,-93233976978,93161547649326078994593,276316,276316,276316,276316,0,93161547649326078994593,50003779799296389247264
2026-08-20 10:14:00,-99984395664,99906332338455732854673,276316,276316,276316,276316,333658640,100239733819093546066518,50003779799296389247264
2026-08-20 10:15:00,-220481720840,220308174865658306612719,276316,276316,276316,276316,100689932,220408786710675764214848,50003779799296389247264
2026-08-20 10:16:00,82303393363,-82241230644957051065840,276316,276316,276316,276316,237417406113,154992227464042948934160,50003779799296389247264
2026-08-20 10:17:00,-14482674209,14471254305654606413022,276316,276316,276316,276316,0,14471254305654606413022,50003779799296389247264
2026-08-20 10:19:00,-75875654697,75815688150495261243834,276316,276316,276316,276316,0,75815688150495261243834,50003779799296389247264
2026-08-20 10:20:00,-16749984215,16736712243791763999099,276316,276316,276316,276316,252090045,16988605526412708045560,50003779799296389247264
2026-08-20 10:21:00,201409102444,-201252758535852242189971,276316,276316,276316,276316,205559117532,4146759889355439227036,50003779799296389247264
2026-08-20 10:22:00,-32941395717,32915532667573251523145,276316,276316,276316,276316,0,32915532667573251523145,50003779799296389247264
2026-08-20 10:24:00,-1875000000,1873526590322332618394,276316,276316,276316,276316,0,1873526590322332618394,50003779799296389247264
2026-08-20 10:27:00,229973354688,-229796449301233020812258,276316,276316,276316,276316,230520079028,546299721766979187742,50003779799296389247264
2026-08-20 10:29:00,157365055637,-157245216763000000000000,276316,276316,276316,276316,157365055637,0,50003779799296389247264
2026-08-20 10:31:00,-17872408,17858638654119974537,276316,276316,276316,276316,0,17858638654119974537,50003779799296389247264
2026-08-20 10:32:00,-118147079,118056060181889397906,276316,276316,276316,276316,0,118056060181889397906,50003779799296389247264
2026-08-20 10:33:00,-85187402128,85121629897557123624896,276316,276316,276316,276316,0,85121629897557123624896,50003779799296389247264
2026-08-20 10:37:00,167882943204,-167755615493580506353871,276316,276316,276316,276316,168085236969,202138589419493646129,50003779799296389247264
2026-08-20 10:38:00,163858500000,-163735308042672825317493,276316,276316,276316,276316,163858500000,0,50003779799296389247264
2026-08-20 10:39:00,209416824692,-209262650132563376634369,276316,276316,276316,276316,351813337950,142289811875436623365631,50003779799296389247264
2026-08-20 10:40:00,-158035385372,157916016278423127752980,276316,276316,276316,276316,55738233,157971713255700857335746,50003779799296389247264
2026-08-20 10:41:00,-9991694877,9984114339586798910053,276316,276316,276316,276316,0,9984114339586798910053,50003779799296389247264
2026-08-20 10:43:00,-11496289003,11487562021549862545594,276316,276316,276316,276316,0,11487562021549862545594,50003779799296389247264
2026-08-20 10:44:00,-3553173188,3550474859302578088230,276316,276316,276316,276316,0,3550474859302578088230,50003779799296389247264
2026-08-20 10:45:00,-298947423,298720374968122273275,276316,276316,276316,276316,0,298720374968122273275,50003779799296389247264
2026-08-20 10:47:00,65672895719,-65623891028000000000000,276316,276316,276316,276316,65672895719,0,50003779799296389247264
2026-08-20 10:48:00,-5003480015,4999692516383554537852,276316,276316,276316,276316,0,4999692516383554537852,50003779799296389247264
2026-08-20 10:50:00,28492060538,-28470847846000000000000,276316,276316,276316,276316,28492060538,0,50003779799296389247264
2026-08-20 10:51:00,151009561102,-150897674093000000000000,276316,276316,276316,276316,151009561102,0,50003779799296389247264
2026-08-20 10:53:00,-201737334130,201585238091325216799566,276316,276316,276316,276316,0,201585238091325216799566,50003779799296389247264
2026-08-20 10:54:00,-10488489585,10480533121234632035467,276316,276316,276316,276316,366984336,10847243701283874554006,50003779799296389247264
2026-08-20 10:56:00,20106039416,-20091040591153236246264,276316,276316,276316,276316,20108039416,1998484846763753736,50003779799296389247264
2026-08-20 10:57:00,210553171923,-210397072098216395824463,276316,276316,276316,276316,210553171923,0,50003779799296389247264
2026-08-20 10:58:00,477642606505,-477296817909286087657034,276316,276316,276316,276316,624365071502,146615775684713912342966,50003779799296389247264
2026-08-20 11:00:00,4270686311,-4267619938000000000000,276316,276316,276316,276316,4270686311,0,50003779799296389247264
2026-08-20 11:01:00,333641005,-333401480637813211845,276316,276316,276316,276316,333641005,0,50003779799296389247264
2026-08-20 11:02:00,33415232208,-33391268872528909036505,276316,276316,276316,276316,33695300451,279864010062942987809,50003779799296389247264
2026-08-20 11:03:00,-4181376,4178328694866546981,276316,276316,276316,276316,0,4178328694866546981,50003779799296389247264
2026-08-20 11:04:00,5693630905,-5689558118914349781534,276316,276316,276316,276316,6232044400,538021319769980253401,50003779799296389247264
2026-08-20 11:05:00,231172070741,-231007539644200466251776,276316,276316,276316,276316,231172070741,0,50003779799296389247264
2026-08-20 11:06:00,251245674274,-251070784643296719291281,276316,276316,276316,276317,376918269206,125583774119703280708719,50003779799296389247264
2026-08-20 11:07:00,349733966328,-349492367737000000000000,276317,276317,276317,276317,349733966328,0,56500440721530678825533
2026-08-20 11:09:00,-26332379041,26314023304062779077670,276317,276317,276317,276317,0,26314023304062779077670,56500440721530678825533
2026-08-20 11:10:00,385448616035,-385186997680000000000000,276317,276317,276317,276317,385448616035,0,56500440721530678825533
2026-08-20 11:13:00,-2593997,2592222493025727831,276317,276317,276317,276317,0,2592222493025727831,56500440721530678825533
2026-08-20 11:15:00,-2821680,2819750142980075357,276317,276317,276317,276317,0,2819750142980075357,56500440721530678825533
2026-08-20 11:16:00,-709874077538,709371497101646974964897,276316,276316,276316,276317,681898138934,1390786538131646974964897,50003779799296389247264
2026-08-20 11:17:00,1385981077555,-1385049083351457858049443,276317,276317,276317,276317,1394751756764,8764647627542141950557,56500440721530678825533
2026-08-20 11:19:00,189389174824,-189267308390312438203874,276317,276317,276317,276317,208235303119,18833822251687561796126,56500440721530678825533
2026-08-20 11:20:00,5001774596,-4998567322570000000000,276317,276317,276317,276317,5001774596,0,56500440721530678825533
2026-08-20 11:22:00,-578324468760,577940833439485646852943,276317,276317,276317,276317,0,577940833439485646852943,56500440721530678825533
2026-08-20 11:23:00,1167324076324,-1166577388026259276721587,276317,276317,276317,276317,1293044514982,125641224916961118979224,56500440721530678825533
2026-08-20 11:24:00,-2215626186,2214225155296883855563,276317,276317,276317,276317,0,2214225155296883855563,56500440721530678825533
2026-08-20 11:25:00,148237151425,-148145751489691270093445,276317,276317,276317,276317,162908616664,14662183494308729906555,56500440721530678825533
2026-08-20 11:26:00,-27350737976,27333572074821402516045,276317,276317,276317,276317,0,27333572074821402516045,56500440721530678825533
2026-08-20 11:28:00,-9182299429,9176530492503718663622,276317,276317,276317,276317,0,9176530492503718663622,56500440721530678825533
2026-08-20 11:29:00,-2187221926,2185847326120432754535,276317,276317,276317,276317,0,2185847326120432754535,56500440721530678825533
2026-08-20 11:31:00,63880431,-63841048000000000000,276317,276317,276317,276317,63880431,0,56500440721530678825533
2026-08-20 11:32:00,-180715817,180602235010513073280,276317,276317,276317,276317,0,180602235010513073280,56500440721530678825533
2026-08-20 11:33:00,-881795156,881240922148786130361,276317,276317,276317,276317,0,881240922148786130361,56500440721530678825533
2026-08-20 11:34:00,262653108190,-262492389408473411690170,276317,276317,276317,276317,262653108190,0,56500440721530678825533
2026-08-20 11:35:00,-5838000000,5834384196099141727687,276317,276317,276317,276317,0,5834384196099141727687,56500440721530678825533
2026-08-20 11:36:00,26239405311,-26224674390772604270312,276317,276317,276317,276317,126007142919,99705759637227395729688,56500440721530678825533
2026-08-20 11:37:00,-40364323,40339355537868709790,276317,276317,276317,276317,0,40339355537868709790,56500440721530678825533
2026-08-20 11:38:00,-37083178688,37060217190375054041918,276317,276317,276317,276317,0,37060217190375054041918,56500440721530678825533
2026-08-20 11:39:00,-13349191064,13340913486350006149758,276317,276317,276317,276317,0,13340913486350006149758,56500440721530678825533
2026-08-20 11:40:00,277650185570,-277483103013752263389936,276317,276317,276317,276317,315638957321,37965604144444890266709,56500440721530678825533
2026-08-20 11:41:00,-11802000000,11794792444219712578446,276317,276317,276317,276317,0,11794792444219712578446,56500440721530678825533
2026-08-20 11:42:00,-140979110073,140892632374646655557545,276317,276317,276317,276317,0,140892632374646655557545,56500440721530678825533
2026-08-20 11:43:00,-28326596419,28309135856900703530911,276317,276317,276317,276317,0,28309135856900703530911,56500440721530678825533
2026-08-20 11:44:00,-8913753028,8908252704727516817994,276317,276317,276317,276317,0,8908252704727516817994,56500440721530678825533
2026-08-20 11:45:00,-5931000000,5927338659397277627914,276317,276317,276317,276317,0,5927338659397277627914,56500440721530678825533
2026-08-20 11:46:00,-270096238642,269928179818641337606370,276317,276317,276317,276317,333606646,270261581299279150818215,56500440721530678825533
2026-08-20 11:47:00,-2922457806,2920625333817913061450,276317,276317,276317,276317,0,2920625333817913061450,56500440721530678825533
2026-08-20 11:48:00,309668899007,-309480160091878386576902,276317,276317,276317,276317,312979876822,3308938011599629401400,56500440721530678825533
2026-08-20 11:49:00,159158497439,-159062805710527628246095,276317,276317,276317,276317,160336541737,1177325122705671753905,56500440721530678825533
2026-08-20 11:50:00,79808831052,-79761180891097134877325,276317,276318,276317,276318,80021103591,212142944902865122675,56500440721530678825533
2026-08-20 11:51:00,-86939133502,86883236369628508507412,276317,276318,276317,276318,244589857900,331328369082628508507412,56500440721530678825533
2026-08-20 11:52:00,-179213894998,179102754041294146947920,276317,276317,276317,276317,93164915732,272211651553294146947920,56500440721530678825533
2026-08-20 11:53:00,-222932872702,222794423668910127754421,276317,276317,276317,276317,0,222794423668910127754421,56500440721530678825533
2026-08-20 11:55:00,154039050,-153944627421961099451,276317,276317,276317,276317,154039050,0,56500440721530678825533
2026-08-20 11:56:00,-46872502330,46843026042010517629050,276317,276317,276317,276317,11963653523,58799348634544131000330,56500440721530678825533
2026-08-20 11:57:00,238705180,-238558829752538749848,276317,276317,276317,276317,269105713,30381482538033023228,56500440721530678825533
2026-08-20 11:58:00,28029723667,-28012509714219777649721,276317,276317,276317,276317,28029723667,0,56500440721530678825533
2026-08-20 11:59:00,206088209857,-205962497640234409682459,276317,276317,276317,276317,206088209857,0,56500440721530678825533
2026-08-20 12:00:00,-126244019393,126165675753423841057489,276317,276317,276317,276317,0,126165675753423841057489,56500440721530678825533
2026-08-20 12:01:00,-14581076770,14571991837115833365136,276317,276317,276317,276317,0,14571991837115833365136,56500440721530678825533
2026-08-20 12:02:00,57677335,-57642076027733937151,276317,276317,276317,276317,57677335,0,56500440721530678825533
2026-08-20 12:03:00,22928804878,-22914797192507108888523,276317,276317,276317,276317,22928804878,0,56500440721530678825533
2026-08-20 12:04:00,-28164984351,28147437391856269714936,276317,276317,276317,276317,0,28147437391856269714936,56500440721530678825533
2026-08-20 12:05:00,-40022572,39997616867534605411,276317,276317,276317,276317,0,39997616867534605411,56500440721530678825533
2026-08-20 12:07:00,-15074883076,15065479783307950493347,276317,276317,276317,276317,0,15065479783307950493347,56500440721530678825533
2026-08-20 12:08:00,-372792016915,372556922900770557274095,276317,276317,276317,276317,0,372556922900770557274095,56500440721530678825533
2026-08-20 12:09:00,216846540,-216710962414578587700,276317,276317,276317,276317,216846540,0,56500440721530678825533
2026-08-20 12:10:00,-459280906720,458984513216556643261601,276317,276317,276317,276317,268286968,459252628087923594902390,56500440721530678825533
2026-08-20 12:11:00,117478346001,-117406099992670102487364,276317,276317,276317,276317,356639732931,239007110349329897512636,56500440721530678825533
2026-08-20 12:13:00,-100479890230,100414175448517150293866,276317,276317,276317,276317,24555747530,124954175448517150293866,56500440721530678825533
2026-08-20 12:14:00,-5275199112,5271682659657925686698,276317,276317,276317,276317,6005404478,11273236738889619832867,56500440721530678825533
2026-08-20 12:16:00,-359307203154,359070277840526074836836,276317,276317,276317,276317,0,359070277840526074836836,56500440721530678825533
2026-08-20 12:18:00,-182859796822,182737466524705989025135,276317,276317,276317,276317,46463178,182783899327921725579476,56500440721530678825533
2026-08-20 12:20:00,21944479717,-21930000000000000000000,276317,276317,276317,276317,21944479717,0,56500440721530678825533
2026-08-20 12:21:00,-150798296477,150696642668100739476784,276317,276317,276317,276317,0,150696642668100739476784,56500440721530678825533
2026-08-20 12:22:00,25425316449,-25408640228038779076631,276317,276317,276317,276317,43317040297,17879636998337247940729,56500440721530678825533
2026-08-20 12:23:00,-273581629234,273395399804823631794480,276317,276317,276317,276317,0,273395399804823631794480,56500440721530678825533
2026-08-20 12:24:00,124301029717,-124217587818923643526250,276317,276317,276317,276317,125000000000,698494187530774505777,56500440721530678825533
2026-08-20 12:26:00,-124036046898,123951287632505791523780,276317,276317,276317,276317,2970173,123954255818380622322147,56500440721530678825533
2026-08-20 12:27:00,-475926833568,475596558160095479532692,276317,276317,276317,276317,449911624,476046166752592014104704,56500440721530678825533
2026-08-20 12:28:00,-47039318366,47006205796502893613322,276317,276317,276317,276317,2888466377,49892673100118415595643,56500440721530678825533
2026-08-20 12:32:00,114774490129,-114695294790115497231535,276317,276317,276317,276317,114774490129,0,56500440721530678825533
2026-08-20 12:33:00,2782563959,-2780649751596143086324,276317,276317,276317,276317,2782563959,0,56500440721530678825533
2026-08-20 12:35:00,1546906966,-1545842922676132176942,276317,276317,276317,276317,1546906966,0,56500440721530678825533
2026-08-20 12:36:00,-50000000000,49964964921973585782627,276317,276317,276317,276317,0,49964964921973585782627,56500440721530678825533
2026-08-20 12:38:00,-296116943202,295907616401261466753221,276316,276317,276316,276317,0,295907616401261466753221,50003779799296389247264
2026-08-20 12:39:00,-125477201758,125387480093443667867714,276316,276316,276316,276316,0,125387480093443667867714,50003779799296389247264
2026-08-20 12:40:00,-374892589674,374620693777358853787539,276316,276316,276316,276316,7006618201,381622346167358853787539,50003779799296389247264
2026-08-20 12:41:00,151006024007,-150897674093000000000000,276316,276316,276316,276316,151006024007,0,50003779799296389247264
2026-08-20 12:42:00,-67274194822,67225230029240160882282,276316,276316,276316,276316,0,67225230029240160882282,50003779799296389247264
2026-08-20 12:43:00,236936406,-236766478357594658670,276316,276316,276316,276316,236936406,0,50003779799296389247264
2026-08-20 12:44:00,-141442506671,141338910093214117094102,276316,276316,276316,276316,5069275989,146404521329056864392270,50003779799296389247264
2026-08-20 12:45:00,63043284165,-62997793775062698646232,276316,276316,276316,276316,63043284165,0,50003779799296389247264
2026-08-20 12:46:00,-257992322541,257802042595668898482487,276316,276316,276316,276316,1753742077,259554521489066133424439,50003779799296389247264
2026-08-20 12:47:00,11653161407,-11644650063129983830998,276316,276316,276316,276316,11653161407,0,50003779799296389247264
2026-08-20 12:48:00,785932262,-785358421572232930284,276316,276316,276316,276316,785932262,0,50003779799296389247264
2026-08-20 12:49:00,-40911684958,40881290291612503642464,276316,276316,276316,276316,0,40881290291612503642464,50003779799296389247264
2026-08-20 12:50:00,429842511,-429527973676151426580,276316,276316,276316,276316,429842511,0,50003779799296389247264
2026-08-20 12:51:00,-58728723,58685043774219981759,276316,276316,276316,276316,0,58685043774219981759,50003779799296389247264
2026-08-20 12:52:00,205149276188,-205000000000000000000000,276316,276316,276316,276316,205149276188,0,50003779799296389247264
2026-08-20 12:53:00,67836677033,-67787685838638388716968,276316,276316,276316,276316,67836677033,0,50003779799296389247264
2026-08-20 12:55:00,583873462,-583452591116173120728,276316,276316,276316,276316,583873462,0,50003779799296389247264
2026-08-20 12:59:00,6177151268,-6172699448000000000000,276316,276316,276316,276316,6177151268,0,50003779799296389247264
2026-08-20 13:02:00,-292733653752,292517497141601250958460,276316,276316,276316,276316,0,292517497141601250958460,50003779799296389247264
2026-08-20 13:04:00,169721127925,-169597422745036770521160,276316,276316,276316,276316,169721127925,0,50003779799296389247264
2026-08-20 13:06:00,294126355414,-293914837754981045646554,276316,276316,276316,276316,305612715780,11477886837400958984204,50003779799296389247264
2026-08-20 13:07:00,-45615276774,45582131164018948722641,276316,276316,276316,276316,0,45582131164018948722641,50003779799296389247264
2026-08-20 13:09:00,-43969396934,43937368589363582308272,276316,276316,276316,276316,0,43937368589363582308272,50003779799296389247264
2026-08-20 13:11:00,-8823298355,8816861948904139529808,276316,276316,276316,276316,120795,8816982657904139529808,50003779799296389247264
2026-08-20 13:12:00,201149701115,-201006151697195000933302,276316,276316,276316,276316,201149701115,0,50003779799296389247264
2026-08-20 13:18:00,1000196667,-999486921288464452799,276316,276316,276316,276316,1000196667,0,50003779799296389247264
2026-08-20 13:19:00,60042533343,-60000000000000000000000,276316,276316,276316,276316,60042533343,0,50003779799296389247264
2026-08-20 13:21:00,-71087220954,71035995574672774449123,276316,276316,276316,276316,0,71035995574672774449123,50003779799296389247264
2026-08-20 13:22:00,108577986703,-108501128848000000000000,276316,276316,276316,276316,108577986703,0,50003779799296389247264
2026-08-20 13:24:00,953426424910,-952770570927352736870400,276317,276316,276316,276317,953426424910,0,56500440721530678825533
2026-08-20 13:26:00,68340487848,-68299094875236419149863,276317,276317,276317,276317,433108962153,364520914318810560530429,56500440721530678825533
2026-08-20 13:27:00,-195084736845,194951313036217392807317,276317,276317,276317,276317,0,194951313036217392807317,56500440721530678825533
2026-08-20 13:28:00,239596880,-239435061556895973904,276317,276317,276317,276317,239596880,0,56500440721530678825533
2026-08-20 13:32:00,-331041588101,330812100034480553327685,276317,276317,276317,276317,250840012,331062770636844582523109,56500440721530678825533
2026-08-20 13:33:00,10631387744,-10624094096142587922207,276317,276317,276317,276317,11381281768,749369781857412077793,56500440721530678825533
2026-08-20 13:34:00,-126377158634,126288573756226248554689,276317,276317,276317,276317,250171793,126538573756226248554689,56500440721530678825533
2026-08-20 13:35:00,-918779026,918132954621719614449,276317,276317,276317,276317,0,918132954621719614449,56500440721530678825533
2026-08-20 13:36:00,-146768661544,146665000081315908154934,276317,276317,276316,276317,6083798894,152744594460815684216472,56500440721530678825533
2026-08-20 13:37:00,2913387053,-2911358326857113399163,276317,276317,276317,276317,2913387053,0,56500440721530678825533
2026-08-20 13:38:00,2202324428,-2200801212867755410259,276317,276317,276317,276317,3049896738,846972064281145460773,56500440721530678825533
2026-08-20 13:40:00,83725183813,-83667022346879190111013,276317,276317,276317,276317,84181740026,456232871694070051101,56500440721530678825533
2026-08-20 13:41:00,-36074074611,36048359906078066788596,276317,276317,276317,276317,20892145917,56926028318625310752093,56500440721530678825533
2026-08-20 13:42:00,-299700000,299488252534736518097,276317,276317,276317,276317,0,299488252534736518097,56500440721530678825533
2026-08-20 13:43:00,-60000000000,59957544144417101561926,276316,276316,276316,276316,0,59957544144417101561926,50003779799296389247264
2026-08-20 13:44:00,45189348450,-45157903098478381194550,276317,276316,276316,276317,45230849245,41471382865268990306,56500440721530678825533
2026-08-20 13:45:00,-100000000,99929294048520825898,276317,276317,276317,276317,0,99929294048520825898,56500440721530678825533
2026-08-20 13:46:00,-182937320000,182807331275098524184521,276316,276316,276316,276316,0,182807331275098524184521,50003779799296389247264
2026-08-20 13:47:00,-121707438638,121619843039428511649072,276316,276316,276316,276316,31354961362,152952806263428511649072,50003779799296389247264
2026-08-20 13:48:00,-68154676,68105668218760708835,276316,276316,276316,276316,0,68105668218760708835,50003779799296389247264
2026-08-20 13:49:00,28152389375,-28132499935524354686489,276316,276316,276316,276316,28202422196,49996899556526643033,50003779799296389247264
2026-08-20 13:50:00,-232701134,232534066080619536143,276316,276316,276316,276316,0,232534066080619536143,50003779799296389247264
2026-08-20 13:52:00,107806038096,-107732579901220062169451,276316,276316,276316,276316,309316420696,201365009551292718272969,50003779799296389247264
2026-08-20 13:53:00,-9261075189,9254464359726292516566,276316,276316,276316,276316,0,9254464359726292516566,50003779799296389247264
2026-08-20 13:54:00,25883645550,-25865488021546453374682,276316,276316,276316,276316,25883645550,0,50003779799296389247264
2026-08-20 13:55:00,75081943058,-75029424076000000000000,276316,276316,276316,276316,75081943058,0,50003779799296389247264
2026-08-20 13:56:00,-29648584085,29627516606404220495091,276316,276316,276316,276316,0,29627516606404220495091,50003779799296389247264
2026-08-20 13:59:00,10507344251,-10500000000000000000000,276316,276316,276316,276316,10507344251,0,50003779799296389247264
2026-08-20 14:01:00,149355735671,-149251800000000000000000,276317,276317,276317,276317,149355735671,0,56500440721530678825533
2026-08-20 14:05:00,807234059,-806674497797890997144,276317,276317,276317,276317,807234059,0,56500440721530678825533
2026-08-20 14:07:00,177777471194,-177654800106000000000000,276317,276317,276317,276317,177777471194,0,56500440721530678825533
2026-08-20 14:08:00,57068014559,-57028914154394894407106,276317,276317,276317,276317,60491485867,3421085846534644402983,56500440721530678825533
2026-08-20 14:15:00,-8756632828,8750517354040059685747,276317,276317,276317,276317,1000685661,9750517354040059685747,56500440721530678825533
2026-08-20 14:17:00,2293010377,-2291439358186347223551,276317,276317,276317,276317,2293010377,0,56500440721530678825533
2026-08-20 14:18:00,259750421415,-259573661047924828313734,276317,276317,276317,276317,259750421415,0,56500440721530678825533
2026-08-20 14:19:00,1282930600,-1282063569588357646376,276317,276317,276317,276317,1289806400,6871069391462666872,56500440721530678825533
2026-08-20 14:21:00,1934709490,-1933401958469730469872,276317,276317,276317,276317,1934709490,0,56500440721530678825533
2026-08-20 14:22:00,500338121,-500000000000000000000,276317,276317,276317,276317,500338121,0,56500440721530678825533
2026-08-20 14:23:00,-213115395050,212968004698636542292470,276317,276317,276317,276317,1105963355,214073212313992410706422,56500440721530678825533
2026-08-20 14:24:00,6202028242,-6197790997000000000000,276317,276317,276317,276317,6202028242,0,56500440721530678825533
2026-08-20 14:27:00,50034177,-50000000000000000000,276317,276317,276317,276317,50034177,0,56500440721530678825533
2026-08-20 14:28:00,9468895423,-9462428885000000000000,276317,276317,276317,276317,9468895423,0,56500440721530678825533
2026-08-20 14:29:00,40557659229,-40531166927996350091071,276317,276317,276317,276317,138093947419,97468833072003649908929,56500440721530678825533
2026-08-20 14:31:00,141573148346,-141477045729000000000000,276317,276317,276317,276317,141573148346,0,56500440721530678825533
2026-08-20 14:34:00,-24020618,24004083524965284134,276317,276317,276317,276317,0,24004083524965284134,56500440721530678825533
2026-08-20 14:35:00,-6491142541,6486673883514040875237,276317,276317,276317,276317,0,6486673883514040875237,56500440721530678825533
2026-08-20 14:36:00,353856598,-353617200000000000000,276317,276317,276317,276317,353856598,0,56500440721530678825533
2026-08-20 14:37:00,9683512319,-9676962750000000000000,276317,276317,276317,276317,9683512319,0,56500440721530678825533
2026-08-20 14:38:00,147381246827,-147281972886043194942070,276317,276317,276317,276317,147381246827,0,56500440721530678825533
2026-08-20 14:39:00,-306646822,306437389014330179027,276317,276317,276317,276317,0,306437389014330179027,56500440721530678825533
2026-08-20 14:41:00,13957150019,-13947788343090999647825,276317,276317,276317,276317,13957150019,0,56500440721530678825533
2026-08-20 14:43:00,162054949735,-161946756651555682966359,276317,276317,276317,276317,162054949735,0,56500440721530678825533
2026-08-20 14:45:00,2478976172,-2477328349722029428690,276317,276317,276317,276317,2479773362,796650277970571310,56500440721530678825533
2026-08-20 14:46:00,160186624788,-160080605787474914807303,276317,276317,276317,276317,160186624788,0,56500440721530678825533
2026-08-20 14:47:00,449461615,-449165417409760432504,276317,276317,276317,276317,449461615,0,56500440721530678825533
2026-08-20 14:48:00,1769470277,-1768304254312277537413,276317,276317,276317,276317,1769470277,0,56500440721530678825533
2026-08-20 14:51:00,156554622,-156451463903818568622,276317,276317,276317,276317,156554622,0,56500440721530678825533
2026-08-20 14:52:00,111902455928,-111828941401880000000000,276317,276317,276317,276317,111902455928,0,56500440721530678825533
2026-08-20 14:53:00,28942293987,-28923356220504515450752,276317,276317,276317,276317,29263301538,320793779495484549248,56500440721530678825533
2026-08-20 14:55:00,-10537433053,10530413175615706412549,276317,276317,276317,276317,49653409,10580034114005568674741,56500440721530678825533
2026-08-20 14:57:00,-50299459873,50265899878623451447693,276317,276317,276317,276317,0,50265899878623451447693,56500440721530678825533
2026-08-20 15:00:00,-1345320,1344420273328903283,276317,276317,276317,276317,0,1344420273328903283,56500440721530678825533
2026-08-20 15:01:00,100708794514,-100642908305658008671972,276317,276317,276317,276317,101510829214,801501694341991328028,56500440721530678825533
2026-08-20 15:02:00,-421318694,421038711046247122839,276317,276317,276317,276317,0,421038711046247122839,56500440721530678825533
2026-08-20 15:03:00,-9601966920,9595584332901757717452,276317,276317,276317,276317,0,9595584332901757717452,56500440721530678825533
2026-08-20 15:04:00,-391411114,391150866837582384794,276317,276317,276317,276317,0,391150866837582384794,56500440721530678825533
2026-08-20 15:05:00,-1365800484,1364892329769311057119,276317,276317,276317,276317,0,1364892329769311057119,56500440721530678825533
2026-08-20 15:06:00,218542097632,-218400243660000000000000,276317,276317,276317,276317,218542097632,0,56500440721530678825533
2026-08-20 15:10:00,161077624812,-160974151790663959576576,276317,276317,276317,276317,161077624812,0,56500440721530678825533
2026-08-20 15:14:00,-175400901130,175286079252664616952169,276317,276317,276317,276317,0,175286079252664616952169,56500440721530678825533
2026-08-20 15:15:00,1110717290,-1110000084000000000000,276317,276317,276317,276317,1110717290,0,56500440721530678825533
2026-08-20 15:16:00,87735514295,-87679000000000000000000,276317,276317,276317,276317,87735514295,0,56500440721530678825533
2026-08-20 15:18:00,147501411688,-147407013078000000000000,276317,276317,276317,276317,147501411688,0,56500440721530678825533
2026-08-20 15:20:00,8301594912,-8296304891000000000000,276317,276317,276317,276317,8301594912,0,56500440721530678825533
2026-08-20 15:22:00,-147284682645,147188700262104945189688,276317,276317,276317,276317,0,147188700262104945189688,56500440721530678825533
2026-08-20 15:24:00,-88463072397,88405054092746363244344,276317,276317,276317,276317,0,88405054092746363244344,56500440721530678825533
2026-08-20 15:25:00,62920951430,-62880411015000000000000,276317,276317,276317,276317,62920951430,0,56500440721530678825533
2026-08-20 15:29:00,-914387663,913788428676397435912,276317,276317,276317,276317,10331373,924113156840468808661,56500440721530678825533
2026-08-20 15:31:00,11206486521,-11199806409358356690806,276317,276317,276317,276317,55066490810,43831232360641643309194,56500440721530678825533
2026-08-20 15:32:00,-253686586862,253519296335936216832458,276317,276317,276317,276317,2738013869,256255528532363686463297,56500440721530678825533
2026-08-20 15:33:00,79655526788,-79603728922399130335254,276317,276317,276317,276317,80452326788,796271077600869664746,56500440721530678825533
2026-08-20 15:35:00,151589242022,-151491269213411184710177,276317,276317,276317,276317,151589242022,0,56500440721530678825533
2026-08-20 15:36:00,999406452,-998763228507412855138,276317,276317,276317,276317,999406452,0,56500440721530678825533
2026-08-20 15:37:00,34882786801,-34860358145850399298417,276317,276317,276317,276317,34882786801,0,56500440721530678825533
2026-08-20 15:38:00,129990198709,-129914980860495146301072,276317,276317,276317,276317,795692998709,665259382439774932568875,56500440721530678825533
2026-08-20 15:39:00,1007394114,-1006751658256338760055,276317,276317,276317,276317,1007394114,0,56500440721530678825533
2026-08-20 15:40:00,58875292,-58837746729783832641,276317,276317,276317,276317,58875292,0,56500440721530678825533
2026-08-20 15:41:00,183435621799,-183319259411149727205536,276317,276317,276317,276317,185376227137,1939344435084659783520,56500440721530678825533
2026-08-20 15:42:00,1102926057,-1102229875000000000000,276317,276317,276317,276317,1102926057,0,56500440721530678825533
2026-08-20 15:44:00,143839612394,-143749187487246653934429,276317,276317,276317,276317,143839612394,0,56500440721530678825533
2026-08-20 15:45:00,454761428425,-454480368815893269451586,276317,276317,276317,276317,455851745978,1089636251777335849784,56500440721530678825533
2026-08-20 15:47:00,48583388228,-48553792890000000000000,276317,276317,276317,276317,48583388228,0,56500440721530678825533
2026-08-20 15:48:00,887711850005,-887186553708715108414645,276318,276318,276318,276318,893528604325,5813297750436254301003,50003779799296391246611
2026-08-20 15:49:00,41456038,-41434746085731239846,276318,276318,276318,276318,251422189,209843034613125730138,50003779799296391246611
2026-08-20 15:50:00,178188346,-178088477322836849279,276318,276318,276318,276318,384588520,206279145454562490824,50003779799296391246611
2026-08-20 15:51:00,464438523,-464171770563693106114,276318,276318,276318,276318,464438523,0,50003779799296391246611
2026-08-20 15:53:00,499991199213,-499709025693114822557696,276318,276318,276318,276318,499991199213,0,50003779799296391246611
2026-08-20 15:54:00,-3000000000,2998300741185619314837,276318,276318,276318,276318,0,2998300741185619314837,50003779799296391246611
2026-08-20 15:56:00,-48289500,48262144676366437929,276318,276318,276318,276318,0,48262144676366437929,50003779799296391246611
2026-08-20 15:57:00,-96924220743,96869127255071616351534,276318,276318,276318,276318,0,96869127255071616351534,50003779799296391246611
2026-08-20 15:58:00,-2942476100,2940797671375309007157,276318,276318,276318,276318,0,2940797671375309007157,50003779799296391246611
2026-08-20 16:00:00,328689540617,-328508133129000000000000,276318,276318,276318,276318,328689540617,0,50003779799296391246611
2026-08-20 16:01:00,-548161889976,547844707369240225299116,276318,276318,276318,276318,472568643007,1020160100600240225299116,50003779799296391246611
2026-08-20 16:02:00,713097733100,-712703389477351369207808,276318,276318,276318,276318,713097733100,0,50003779799296391246611
2026-08-20 16:03:00,438161469314,-437929245416000000000000,276318,276318,276318,276318,438161469314,0,50003779799296391246611
2026-08-20 16:04:00,10004212601,-9999000000000000000000,276318,276318,276318,276318,10004212601,0,50003779799296391246611
2026-08-20 16:05:00,68862331,-68826465376790901013,276318,276318,276318,276318,68862331,0,50003779799296391246611
2026-08-20 16:07:00,306459734486,-306303177539607690593024,276318,276318,276318,276318,405024567445,98513380943392309406976,50003779799296391246611
2026-08-20 16:08:00,731227357287,-730866147404551437807523,276319,276319,276319,276319,731227357287,0,50003779799276395772306
2026-08-20 16:09:00,-250000000000,249875911257737842842645,276319,276319,276319,276319,0,249875911257737842842645,50003779799276395772306
2026-08-20 16:10:00,-141858525692,141787002658452291478894,276319,276319,276319,276319,0,141787002658452291478894,50003779799276395772306
2026-08-20 16:11:00,692270796534,-691937681239737842842645,276319,276319,276319,276319,692270796534,0,50003779799276395772306
2026-08-20 16:13:00,374836689293,-374664314343000000000000,276319,276319,276319,276319,374836689293,0,50003779799276395772306
2026-08-20 16:14:00,340015512730,-339864008416882140982917,276319,276319,276319,276319,340015512730,0,50003779799276395772306
2026-08-20 16:16:00,79140768180,-79106167544965892470495,276319,276319,276319,276319,79140768180,0,50003779799276395772306
2026-08-20 16:17:00,-7851709695,7848167981519751188549,276319,276319,276319,276319,2161151472,10008377237966606734476,50003779799276395772306
2026-08-20 16:18:00,281512745429,-281391607763203977641984,276319,276319,276319,276319,281512745429,0,50003779799276395772306
2026-08-20 16:19:00,-725653407939,725326007205500789081381,276319,276319,276319,276319,0,725326007205500789081381,50003779799276395772306
2026-08-20 16:20:00,654339576479,-654051267236500789081381,276319,276319,276319,276319,654339576479,0,50003779799276395772306
2026-08-20 16:21:00,-291510855969,291381030279880358232646,276319,276319,276319,276319,0,291381030279880358232646,50003779799276395772306
2026-08-20 16:22:00,-293142458911,292983057714116813895824,276319,276319,276318,276319,2119649912354,2411587502132641137235935,50003779799276395772306
2026-08-20 16:23:00,15003149302,-14996388849879470603364,276319,276319,276319,276319,15003149302,0,50003779799276395772306
2026-08-20 16:25:00,616907269,-616629482307542165866,276319,276319,276319,276319,616907269,0,50003779799276395772306
2026-08-20 16:26:00,-716507495,716176262208438232339,276319,276319,276319,276319,0,716176262208438232339,50003779799276395772306
2026-08-20 16:28:00,1587356588733,-1586692149542739295969273,276319,276319,276319,276320,1587356588733,0,50003779799276395772306
2026-08-20 16:29:00,-337713683611,337576706276978600167105,276319,276320,276319,276320,0,337576706276978600167105,50003779799276395772306
2026-08-20 16:30:00,-101992232223,101946631628452359367104,276319,276319,276319,276319,278116807629,379949413670452359367104,50003779799276395772306
2026-08-20 16:31:00,378969113009,-378822623823630174543392,276320,276319,276319,276320,704772037569,325672973153369825456608,50003779798283121149324
2026-08-20 16:32:00,-389411564188,389246723374710244444057,276319,276319,276319,276320,462444175192,851499403761710244444057,50003779799276395772306
2026-08-20 16:33:00,582856705526,-582628050858080547920628,276320,276320,276319,276320,626641643175,43767043978919452079372,50003779798283121149324
2026-08-20 16:34:00,-80528468963,80492470509316462235387,276320,276320,276320,276320,348225016509,428587044839316462235387,50003779798283121149324
2026-08-20 16:35:00,114913016148,-114880362880274632071190,276320,276320,276319,276320,1056773971576,941482743372289118653888,50003779798283121149324
2026-08-20 16:36:00,-47151747968,47133211924863408234361,276320,276320,276320,276320,0,47133211924863408234361,50003779798283121149324
2026-08-20 16:37:00,-1004402181,1004006368491304189469,276320,276320,276320,276320,0,1004006368491304189469,50003779798283121149324
2026-08-20 16:39:00,-480758942964,480564857765805104373553,276320,276320,276319,276320,0,480564857765805104373553,50003779798283121149324
2026-08-20 16:40:00,198806106222,-198727111481050412574292,276320,276319,276319,276320,198808787322,2679990949587425708,50003779798283121149324
2026-08-20 16:41:00,-891557308128,891180013372311405663917,276319,276319,276319,276319,0,891180013372311405663917,50003779799276395772306
2026-08-20 16:42:00,182957267003,-182879445555573202180802,276319,276319,276319,276319,182957267003,0,50003779799276395772306
2026-08-20 16:43:00,-200657851426,200570023135769794717244,276319,276319,276319,276319,0,200570023135769794717244,50003779799276395772306
2026-08-20 16:44:00,-4704953340,4702874663308404903420,276319,276319,276319,276319,0,4702874663308404903420,50003779799276395772306
2026-08-20 16:45:00,766723217,-766396416979197281195,276319,276319,276319,276319,1000634609,233808024934242354340,50003779799276395772306
2026-08-20 16:46:00,-233283452418,233179284001154989829279,276319,276319,276319,276319,0,233179284001154989829279,50003779799276395772306
2026-08-20 16:48:00,97276077898,-97233543456545556639812,276319,276319,276319,276319,97276077898,0,50003779799276395772306
2026-08-20 16:49:00,470149240355,-469948996920676683796480,276319,276319,276319,276319,470149240355,0,50003779799276395772306
2026-08-20 16:50:00,1968513394,-1967693550845910593279,276319,276319,276319,276319,1968513394,0,50003779799276395772306
2026-08-20 16:51:00,-12593373933,12587975231651708283689,276319,276319,276319,276319,7785878,12595757864370335566265,50003779799276395772306
2026-08-20 16:52:00,124663519399,-124611852416000000000000,276319,276319,276319,276319,124663519399,0,50003779799276395772306
2026-08-20 16:55:00,-48660410127,48639732979440181502971,276319,276319,276319,276319,0,48639732979440181502971,50003779799276395772306
2026-08-20 16:56:00,-174907034624,174831930303701852154576,276319,276319,276319,276319,0,174831930303701852154576,50003779799276395772306
2026-08-20 16:57:00,-83507048,83470897432984832786,276319,276319,276319,276319,0,83470897432984832786,50003779799276395772306
2026-08-20 16:58:00,-23500000000,23489815940242742596394,276319,276319,276319,276319,0,23489815940242742596394,50003779799276395772306
2026-08-20 16:59:00,-119738651564,119686418340317795348762,276319,276319,276319,276319,0,119686418340317795348762,50003779799276395772306
2026-08-20 17:00:00,1811913174,-1811140300393824503879,276319,276319,276319,276319,1817510548,5594918870591040863,50003779799276395772306
2026-08-20 17:01:00,-70568204197,70537157161671737171654,276319,276319,276319,276319,0,70537157161671737171654,50003779799276395772306
2026-08-20 17:02:00,374560234733,-374472053884778634762638,276319,276322,276319,276322,6196719877292,5820354643978201493717556,50003779799276395772306
2026-08-20 17:03:00,592723051662,-592485572325404767301959,276320,276319,276319,276320,686401433749,93640832931456157019833,50003779798283121149324
2026-08-20 17:04:00,-96065913176,96027042714971044268444,276320,276320,276320,276320,0,96027042714971044268444,50003779798283121149324
2026-08-20 17:05:00,158179509233,-158117599971000000000000,276320,276320,276320,276320,158179509233,0,50003779798283121149324
2026-08-20 17:08:00,-211542554600,211447733784818512250801,276319,276319,276319,276319,772220644194,983350134878361401308039,50003779799276395772306
2026-08-20 17:09:00,263689516104,-263586305346000000000000,276320,276320,276320,276320,263689516104,0,50003779798283121149324
2026-08-20 17:10:00,320009521650,-319888000000500860793250,276320,276320,276320,276320,320009521650,0,50003779798283121149324
2026-08-20 17:12:00,-114000599262,113956410145409378253028,276320,276320,276320,276320,0,113956410145409378253028,50003779798283121149324
2026-08-20 17:13:00,25880520589,-25871043153675686795421,276320,276320,276320,276320,50018900643,24128956846324313204579,50003779798283121149324
2026-08-20 17:14:00,44475175399,-44458898496327980050663,276320,276320,276320,276320,81566987721,37077361087768651195152,50003779798283121149324
2026-08-20 17:15:00,40350742654,-40335639939828068311724,276320,276320,276320,276320,40350742654,0,50003779798283121149324
2026-08-20 17:16:00,145067248,-145013069134858836892,276320,276320,276320,276320,145067248,0,50003779798283121149324
2026-08-20 17:17:00,49436506262,-49418091879353743835136,276320,276320,276320,276320,49436506262,0,50003779798283121149324
2026-08-20 17:20:00,200074326,-200000000000000000000,276320,276320,276320,276320,200074326,0,50003779798283121149324
2026-08-20 17:22:00,89384523603,-89351477887782255854230,276320,276320,276320,276320,89384523603,0,50003779798283121149324
2026-08-20 17:23:00,496129810743,-495952196330000000000000,276320,276320,276320,276320,496129810743,0,50003779798283121149324
2026-08-20 17:24:00,-33496452687,33483166499703896875876,276320,276320,276320,276320,100234276914,133682218499703896875876,50003779798283121149324
2026-08-20 17:25:00,347641002894,-347525950134637824475958,276320,276320,276320,276320,681514022789,333759220171599212776221,50003779798283121149324
2026-08-20 17:26:00,-50000000000,49982573989273090378089,276320,276320,276320,276320,0,49982573989273090378089,50003779798283121149324
2026-08-20 17:27:00,-559311814299,559104221711069728730311,276320,276320,276320,276320,487628061560,1046552041848797833649351,50003779798283121149324
2026-08-20 17:28:00,606330530848,-606119671402273090378089,276320,276320,276320,276320,606330530848,0,50003779798283121149324
2026-08-20 17:29:00,-55465758279,55425976511180592185584,276320,276320,276320,276320,1703778180521,1758595885532653669498114,50003779798283121149324
2026-08-20 17:30:00,116533117832,-116498643097288324345458,276320,276320,276320,276320,502143311346,385480053811034122203534,50003779798283121149324
2026-08-20 17:31:00,214126918995,-214056487958000000000000,276320,276320,276320,276320,214126918995,0,50003779798283121149324
2026-08-20 17:32:00,203637419132,-203572138807034122203534,276320,276320,276320,276320,203637419132,0,50003779798283121149324
2026-08-20 17:33:00,320012237119,-319913000000000000000000,276320,276320,276320,276320,320012237119,0,50003779798283121149324
2026-08-20 17:36:00,-133282113859,133237323801829489258496,276320,276320,276320,276320,196504877759,329680702678669085697332,50003779798283121149324
2026-08-20 17:37:00,-163478819695,163425803565580282805849,276320,276320,276320,276320,0,163425803565580282805849,50003779798283121149324
2026-08-20 17:38:00,214709707076,-214642872371000000000000,276320,276320,276320,276320,214709707076,0,50003779798283121149324
2026-08-20 17:39:00,380486757633,-380375688124685326069250,276320,276320,276320,276321,617334243189,236772226792314366943226,50003779798283121149324
2026-08-20 17:40:00,-85740725,85714678623975512640,276321,276321,276321,276321,0,85714678623975512640,50003779798283121149324
2026-08-20 17:41:00,-170297259350,170244947431858895212750,276320,276320,276320,276320,0,170244947431858895212750,50003779798283121149324
2026-08-20 17:42:00,-24921979518,24914214731919004633729,276320,276320,276320,276320,1000098597,25914014731919004633729,50003779798283121149324
2026-08-20 17:43:00,-248642307163,248561488927373659368771,276320,276321,276320,276321,175917824022,424427229383232554581521,50003779798283121149324
2026-08-20 17:44:00,-21623852313,21616890451193497097223,276320,276320,276320,276320,0,21616890451193497097223,50003779798283121149324
2026-08-20 17:45:00,376914977,-376797989790000000000,276320,276320,276320,276320,376914977,0,50003779798283121149324
2026-08-20 17:47:00,70353234862,-70331498001370762444800,276320,276320,276320,276320,70353234862,0,50003779798283121149324
2026-08-20 17:48:00,-33349313142,33338633888391062007715,276320,276320,276320,276320,0,33338633888391062007715,50003779798283121149324
2026-08-20 17:49:00,50387109,-50371544754086562513,276320,276320,276320,276320,50387109,0,50003779798283121149324
2026-08-20 17:50:00,128502296548,-128462933244000000000000,276320,276320,276320,276320,128502296548,0,50003779798283121149324
2026-08-20 17:51:00,-88125000000,88097019174020425605386,276320,276320,276320,276320,0,88097019174020425605386,50003779798283121149324
2026-08-20 17:53:00,-100417370116,100385107855513265946210,276320,276320,276320,276320,0,100385107855513265946210,50003779798283121149324
2026-08-20 17:54:00,416881619,-416751850797266514807,276320,276320,276320,276320,416881619,0,50003779798283121149324
2026-08-20 17:55:00,300093410,-300000000000000000000,276320,276320,276320,276320,300093410,0,50003779798283121149324
2026-08-20 17:56:00,112705272702,-112670445521280536936448,276320,276320,276320,276320,112705272702,0,50003779798283121149324
2026-08-20 17:58:00,8999948882,-8998549065864098365509,276320,276320,276320,276320,122315948882,113280177456524341938753,50003779798283121149324
2026-08-20 17:59:00,-57537228695,57518842973095729471743,276320,276320,276320,276320,0,57518842973095729471743,50003779798283121149324
2026-08-20 18:01:00,5894549827,-5892730882000000000000,276320,276320,276320,276320,5894549827,0,50012665550775594250142
2026-08-20 18:03:00,41588223172,-41575430778804602315760,276320,276320,276320,276320,41710472036,122209761710845010177,50012665550775594250142
2026-08-20 18:04:00,-9272097412,9268234834092389289275,276320,276320,276320,276320,75435190677,84680395672092389289275,50012665550775594250142
2026-08-20 18:05:00,-10005801737,10002606208697872367976,276320,276320,276320,276320,0,10002606208697872367976,50012665550775594250142
2026-08-20 18:06:00,769377276052,-769152471223871724527054,276321,276321,276321,276321,769624056448,246709080170694825821,50012665550775594250142
2026-08-20 18:07:00,393576073,-393467127983482163854,276321,276321,276321,276321,393576073,0,50012665550775594250142
2026-08-20 18:08:00,-22877947168,22871328447495555566677,276321,276321,276321,276321,95348192,22966650160498742477303,50012665550775594250142
2026-08-20 18:10:00,822288740,-822060390917880349595,276321,276321,276321,276321,822288740,0,50012665550775594250142
2026-08-20 18:13:00,-15666002,15661463863263008553,276321,276321,276321,276321,0,15661463863263008553,50012665550775594250142
2026-08-20 18:14:00,-144409260145,144367010784657882996820,276321,276321,276321,276321,0,144367010784657882996820,50012665550775594250142
2026-08-20 18:15:00,126916839,-126880864535462122823,276321,276321,276321,276321,126916839,0,50012665550775594250142
2026-08-20 18:16:00,158753426653,-158708931488000000000000,276321,276321,276321,276321,158753426653,0,50012665550775594250142
2026-08-20 18:17:00,-298263691584,298175664086405674225615,276321,276321,276321,276321,1736308416,299911491422948918947564,50012665550775594250142
2026-08-20 18:20:00,9010130176,-9007527620000000000000,276321,276321,276321,276321,9010130176,0,50012665550775594250142
2026-08-20 18:21:00,414731115,-414611399801130813127,276321,276321,276321,276321,414731115,0,50012665550775594250142
2026-08-20 18:23:00,-121729114086,121692220364285845182896,276321,276321,276321,276321,0,121692220364285845182896,50012665550775594250142
2026-08-20 18:24:00,133224106001,-133185357200285845182896,276321,276321,276321,276321,133224106001,0,50012665550775594250142
2026-08-20 18:25:00,108837132810,-108806003607000000000000,276321,276321,276321,276321,108837132810,0,50012665550775594250142
2026-08-20 18:27:00,157679429532,-157635198452955028909398,276321,276321,276321,276321,160005919451,2325801547353281179220,50012665550775594250142
2026-08-20 18:29:00,142055956586,-142016933956000000000000,276321,276321,276321,276321,142055956586,0,50012665550775594250142
2026-08-20 18:30:00,175478483600,-175431393505196550364469,276321,276321,276321,276321,175478483600,0,50012665550775594250142
2026-08-20 18:32:00,190005000356,-189955400000120558264889,276321,276321,276321,276321,190005000356,0,50012665550775594250142
2026-08-20 18:33:00,2007649701,-2007133314832491205333,276321,276321,276321,276321,2007649701,0,50012665550775594250142
2026-08-20 18:37:00,-216109109526,216050006725256214840939,276321,276321,276321,276321,0,216050006725256214840939,50012665550775594250142
2026-08-20 18:39:00,-123388254431,123353672240633258507202,276321,276321,276321,276321,0,123353672240633258507202,50012665550775594250142
2026-08-20 18:40:00,2812741777,-2811980412967471714565,276321,276321,276321,276321,2812741777,0,50012665550775594250142
2026-08-20 18:41:00,-16632643549,16627912018329272687651,276321,276321,276321,276321,2100569958,18727912018329272687651,50012665550775594250142
2026-08-20 18:43:00,-395667194354,395551976966170667906388,276321,276321,276321,276321,0,395551976966170667906388,50012665550775594250142
2026-08-20 18:44:00,556210743923,-556057234022347836068224,276321,276321,276321,276321,556210743923,0,50012665550775594250142
2026-08-20 18:45:00,-4704010113,4702707259714027120494,276321,276321,276321,276321,0,4702707259714027120494,50012665550775594250142
2026-08-20 18:46:00,-14977207,14973057268851048026,276321,276321,276321,276321,0,14973057268851048026,50012665550775594250142
2026-08-20 18:49:00,-221465114,221403753479851874162,276321,276321,276321,276321,0,221403753479851874162,50012665550775594250142
2026-08-20 18:52:00,-323705350,323615658166803989232,276321,276321,276321,276321,0,323615658166803989232,50012665550775594250142
2026-08-20 18:55:00,-469194472,469064461085268952830,276321,276321,276321,276321,0,469064461085268952830,50012665550775594250142
2026-08-20 18:56:00,-135650181461,135612224823088346514662,276321,276321,276321,276321,0,135612224823088346514662,50012665550775594250142
2026-08-20 19:00:00,-79677799,79655287064160581009,276321,276321,276321,276321,0,79655287064160581009,50012665550775594250142
2026-08-20 19:01:00,-224932890392,224868327833054447538048,276321,276321,276321,276321,144892078,225013180714175471382937,50012665550775594250142
2026-08-20 19:03:00,104972261115,-104943139344461866876442,276321,276321,276321,276321,104972261115,0,50012665550775594250142
2026-08-20 19:06:00,-159666229286,159619843850108087257884,276321,276321,276321,276321,23248004,159643085305616119255709,50012665550775594250142
2026-08-20 19:07:00,-102734677161,102704292597293395504250,276321,276321,276321,276321,0,102704292597293395504250,50012665550775594250142
2026-08-20 19:08:00,-14931588,14927140796045894088,276321,276321,276321,276321,0,14927140796045894088,50012665550775594250142
2026-08-20 19:09:00,77479107076,-77457449162192452730770,276321,276321,276321,276321,108053872860,30565773641807547269230,50012665550775594250142
2026-08-20 19:11:00,-342119085184,342015918487829389273723,276321,276321,276321,276321,0,342015918487829389273723,50012665550775594250142
2026-08-20 19:12:00,66768580104,-66748879456000000000000,276321,276321,276321,276321,66768580104,0,50012665550775594250142
2026-08-20 19:13:00,22097756630,-22091275743000000000000,276321,276321,276321,276321,22097756630,0,50012665550775594250142
2026-08-20 19:14:00,227217056333,-227151549719339107022065,276321,276321,276321,276321,227217056333,0,50012665550775594250142
2026-08-20 19:16:00,-12859240327,12855423604971678945685,276321,276321,276321,276321,852832751,13708014370396286725523,50012665550775594250142
2026-08-20 19:17:00,127149083733,-127113261861000000000000,276321,276321,276321,276321,127149083733,0,50012665550775594250142
2026-08-20 19:18:00,-42324674153,42312313970280607109347,276321,276321,276321,276321,0,42312313970280607109347,50012665550775594250142
2026-08-20 19:19:00,-3495000001,3493976145729773858163,276321,276321,276321,276321,0,3493976145729773858163,50012665550775594250142
2026-08-20 19:20:00,8683546150,-8681123229713514095561,276321,276321,276321,276321,10003546150,1319613181230875352036,50012665550775594250142
2026-08-20 19:22:00,-86278297,86253045362386015700,276321,276321,276321,276321,0,86253045362386015700,50012665550775594250142
2026-08-20 19:24:00,-349105350,349003171967668230733,276321,276321,276321,276321,0,349003171967668230733,50012665550775594250142
2026-08-20 19:25:00,194515059345,-194461396783011581265640,276321,276321,276321,276321,209520503047,15001106961424731087440,50012665550775594250142
2026-08-20 19:26:00,192734519209,-192682661227488015761408,276321,276321,276321,276321,192734519209,0,50012665550775594250142
2026-08-20 19:27:00,-36000000,35990020451926474884,276321,276321,276321,276321,0,35990020451926474884,50012665550775594250142
2026-08-20 19:28:00,-99935,99906896698243684,276321,276321,276321,276321,0,99906896698243684,50012665550775594250142
2026-08-20 19:29:00,-96501238442,96474301170997389998988,276321,276321,276321,276321,0,96474301170997389998988,50012665550775594250142
2026-08-20 19:30:00,72996741924,-72977207112088817821109,276321,276321,276321,276321,72996741924,0,50013064503670430661467
2026-08-20 19:31:00,100826825940,-100800193749974903109052,276321,276321,276321,276321,100826825940,0,50013064503670430661467
2026-08-20 19:32:00,53351992,-53338009036122420547,276321,276321,276321,276321,53351992,0,50013064503670430661467
2026-08-20 19:34:00,397206994841,-397107201492154200984739,276321,276321,276321,276321,494679611206,97445707532143842303721,50013064503670430661467
2026-08-20 19:35:00,165405421420,-165365238400000000000000,276321,276321,276321,276321,165405421420,0,50013064503670430661467
2026-08-20 19:36:00,149999894830,-149964400000000000000000,276321,276321,276321,276321,149999894830,0,50013064503670430661467
2026-08-20 19:37:00,-145794537338,145756964431866609349489,276321,276321,276321,276321,111388911443,257118954431866609349489,50013064503670430661467
2026-08-20 19:38:00,-60364187629,60348935654508405632802,276321,276321,276321,276321,0,60348935654508405632802,50013064503670430661467
2026-08-20 19:39:00,355800886347,-355717396032121444474199,276321,276321,276321,276321,359038352499,3236644038887298640329,50013064503670430661467
2026-08-20 19:40:00,-5969578893,5968147574249462145773,276321,276321,276321,276321,32492,5968180058948493255121,50013064503670430661467
2026-08-20 19:41:00,389160696587,-389075037575763400000000,276321,276321,276321,276321,389160696587,0,50013064503670430661467
2026-08-20 19:42:00,84234962158,-84217218076979859948615,276321,276321,276321,276321,84234962158,0,50013064503670430661467
2026-08-20 19:43:00,-234077514517,234022198408799944601180,276321,276321,276321,276321,208239304005,442215172094799944601180,50013064503670430661467
2026-08-20 19:44:00,-100000000,99976967701035641746,276321,276321,276321,276321,0,99976967701035641746,50013064503670430661467
2026-08-20 19:45:00,192006023329,-191964840000000000000000,276321,276321,276321,276321,192006023329,0,50013064503670430661467
2026-08-20 19:46:00,-328439053415,328363770536408362392034,276321,276321,276321,276321,0,328363770536408362392034,50013064503670430661467
2026-08-20 19:47:00,-48591900000,48580395859729476317312,276321,276321,276321,276321,0,48580395859729476317312,50013064503670430661467
2026-08-20 19:48:00,-37071496320,37062165133844734422222,276321,276321,276321,276321,40928503680,77981451432844734422222,50013064503670430661467
2026-08-20 19:49:00,545031303028,-544915097457033001736627,276321,276321,276321,276321,685994079664,140931230422880437898908,50013064503670430661467
2026-08-20 19:50:00,-221433082877,221383959906649947242889,276321,276321,276321,276321,0,221383959906649947242889,50013064503670430661467
2026-08-20 19:51:00,200042063094,-200000000000000000000000,276321,276321,276321,276321,200042063094,0,50013064503670430661467
2026-08-20 19:52:00,192887176147,-192848132470000000000000,276321,276321,276321,276321,192887176147,0,50013064503670430661467
2026-08-20 19:53:00,-71387804525,71372671301020827197622,276321,276321,276321,276321,0,71372671301020827197622,50013064503670430661467
2026-08-20 19:54:00,436540223882,-436468552650549511163867,276322,276321,276321,276322,1473877653580,1037097988047450488836133,50013064503670430661467
2026-08-20 19:56:00,126072673876,-126049918812719565923937,276322,276322,276322,276322,136071673876,9997064279280434076063,50013064503670430661467
2026-08-20 19:57:00,162442891525,-162415636548484638854368,276322,276322,276322,276322,269322574905,106860200256515361145632,50013064503670430661467
2026-08-20 19:58:00,27308037393,-27304111619730997626165,276322,276322,276322,276322,91320197478,64000272628269002373835,50013064503670430661467
2026-08-20 19:59:00,-266042025111,265991835519347603784336,276322,276322,276322,276322,0,265991835519347603784336,50013064503670430661467
2026-08-20 20:00:00,-275050745914,274995881894041568417632,276322,276322,276322,276322,0,274995881894041568417632,50013064503670430661467
2026-08-20 20:01:00,44505103201,-44496787049692029408187,276322,276322,276322,276322,63872037091,19363006268762566617199,50013064503670430661467
2026-08-20 20:02:00,221618337750,-221576948355292937631746,276322,276322,276322,276322,221618337750,0,50013064503670430661467
2026-08-20 20:03:00,98225626388,-98207909789000000000000,276322,276322,276322,276322,98225626388,0,50013064503670430661467
2026-08-20 20:04:00,81450090198,-81437977666466010381728,276322,276322,276322,276322,271966057029,190481038359866579994806,50013064503670430661467
2026-08-20 20:05:00,-91550157055,91532499565353398090197,276322,276322,276322,276322,29742835899,121269999565353398090197,50013064503670430661467
2026-08-20 20:07:00,-275785050186,275730908870246620557483,276322,276322,276322,276322,0,275730908870246620557483,50013064503670430661467
2026-08-20 20:08:00,67706370384,-67693609182554531074550,276322,276322,276322,276322,67706370384,0,50013064503670430661467
2026-08-20 20:09:00,-2645576853,2644659943048279442381,276322,276322,276322,276322,32504038543,35142591605048279442381,50013064503670430661467
2026-08-20 20:10:00,-292675707007,292615685400786440045449,276322,276321,276321,276322,0,292615685400786440045449,50013064503670430661467
2026-08-20 20:15:00,73027041621,-73012620845000000000000,276322,276322,276322,276322,73027041621,0,50013064503670430661467
2026-08-20 20:17:00,113227146562,-113205208947769801687383,276322,276322,276322,276322,113227146562,0,50013064503670430661467
2026-08-20 20:19:00,4043072534,-4042302795989438642767,276322,276322,276322,276322,4386757140,343614729010561357233,50013064503670430661467
2026-08-20 20:20:00,29999721670,-29994000000000000000000,276322,276322,276322,276322,29999721670,0,50013064503670430661467
2026-08-20 20:24:00,1719243398,-1718916587173264770145,276322,276322,276322,276322,1719243398,0,50013064503670430661467
2026-08-20 20:25:00,299374832006,-299319900268529026181522,276322,276322,276322,276322,313930213869,14552619336834581667789,50013064503670430661467
2026-08-20 20:26:00,-2318772083,2318331211278214515964,276322,276322,276322,276322,0,2318331211278214515964,50013064503670430661467
2026-08-20 20:28:00,93386646696,-93370183917346685196353,276322,276322,276322,276322,93596283696,209597129653314803647,50013064503670430661467
2026-08-20 20:29:00,26149270485,-26144722507000000000000,276322,276322,276322,276322,26149270485,0,50013064503670430661467
2026-08-20 20:30:00,1526071094,-1525806519000000000000,276322,276322,276322,276322,1526071094,0,50013064503670430661467
2026-08-20 20:34:00,10001731700,-10000000000000000000000,276322,276322,276322,276322,10001731700,0,50013064503670430661467
2026-08-20 20:35:00,-2327559498,2327128934826583333151,276322,276322,276322,276322,0,2327128934826583333151,50013064503670430661467
2026-08-20 20:37:00,-101923796174,101904729447559546513128,276322,276322,276322,276322,0,101904729447559546513128,50013064503670430661467
2026-08-20 20:38:00,-100228979638,100209824949979591976315,276322,276322,276322,276322,0,100209824949979591976315,50013064503670430661467
2026-08-20 20:39:00,-126368756907,126344031256663714755513,276322,276322,276322,276322,252310277,126596294561267691186460,50013064503670430661467
2026-08-20 20:40:00,-139845347,139817524588806134502,276322,276322,276322,276322,9104653,148920482681286027377,50013064503670430661467
2026-08-20 20:41:00,-102855889364,102835120580475646479883,276322,276322,276322,276322,14530764348,117363115729475646479883,50013064503670430661467
2026-08-20 20:43:00,1200553521,-1200325103172212910654,276322,276322,276322,276322,1200553521,0,50013064503670430661467
2026-08-20 20:46:00,-87515834368,87497982580064894259859,276322,276322,276322,276322,0,87497982580064894259859,50013064503670430661467
2026-08-20 20:48:00,-30000000000,29993810025546498184517,276322,276322,276322,276322,0,29993810025546498184517,50013064503670430661467
2026-08-20 20:50:00,-290040458,289980436869482227288,276322,276322,276322,276322,0,289980436869482227288,50013064503670430661467
2026-08-20 20:51:00,54877593,-54866895775953889876,276322,276322,276322,276322,54877593,0,50013064503670430661467
2026-08-20 20:52:00,-9999000000,9996928793105484665036,276322,276322,276322,276322,0,9996928793105484665036,50013064503670430661467
2026-08-20 20:54:00,-69961582234,69946977295804462933267,276321,276322,276321,276322,98197217,70045155331299226301522,50013064503670430661467
2026-08-20 20:56:00,-164258615558,164223559257129204590512,276321,276321,276321,276321,0,164223559257129204590512,50013064503670430661467
2026-08-20 20:58:00,-2063442627,2062995383994751598743,276321,276321,276321,276321,0,2062995383994751598743,50013064503670430661467
2026-08-20 21:00:00,-770104682130,769925879307394425718545,276321,276321,276321,276321,0,769925879307394425718545,50013064503670430661467
2026-08-20 21:01:00,275669969022,-275606546936461202462538,276321,276321,276321,276321,275669969022,0,50013064503670430661467
2026-08-20 21:03:00,-2499750000,2499158552525510328912,276321,276321,276321,276321,0,2499158552525510328912,50013064503670430661467
2026-08-20 21:05:00,4124822174,-4123895852000000000000,276321,276321,276321,276321,4124822174,0,50013064503670430661467
2026-08-20 21:06:00,162449121608,-162413180844000000000000,276321,276321,276321,276321,162449121608,0,50013064503670430661467
2026-08-20 21:07:00,-125202856078,125173438217942672447852,276321,276321,276321,276321,25729987512,150897829925037563390648,50013064503670430661467
2026-08-20 21:08:00,-376307126560,376215864071242713775703,276321,276321,276321,276321,40472094,376256326859242713775703,50013064503670430661467
2026-08-20 21:09:00,-398597181330,398493090449257296011551,276321,276321,276321,276321,104156125216,502622550577257296011551,50013064503670430661467
2026-08-20 21:10:00,133117427,-133083619328901141108,276321,276321,276321,276321,133117427,0,50013064503670430661467
2026-08-20 21:11:00,97059052,-97034402000000000000,276321,276321,276321,276321,97059052,0,50013064503670430661467
2026-08-20 21:12:00,18997325833,-18992508320000000000000,276321,276321,276321,276321,18997325833,0,50013064503670430661467
2026-08-20 21:13:00,478674916,-478553716733466189481,276321,276321,276321,276321,478674916,0,50013064503670430661467
2026-08-20 21:15:00,-323705350,323619504644473844733,276321,276321,276321,276321,0,323619504644473844733,50013064503670430661467
2026-08-20 21:16:00,-8176484,8174314653665851484,276321,276321,276321,276321,0,8174314653665851484,50013064503670430661467
2026-08-20 21:17:00,-83923648491,83901251135731970106666,276321,276321,276321,276321,0,83901251135731970106666,50013064503670430661467
2026-08-20 21:20:00,-413677504642,413562977160832436156347,276321,276321,276321,276321,1000203670,414562907661929460760675,50013064503670430661467
2026-08-20 21:21:00,259594794642,-259525247675602286711895,276321,276321,276321,276321,259594794642,0,50013064503670430661467
2026-08-20 21:22:00,674187808831,-674019772682998587569202,276321,276321,276321,276321,674187808831,0,50013064503670430661467
2026-08-20 21:23:00,-179332663994,179287588980493347100844,276321,276321,276321,276321,0,179287588980493347100844,50013064503670430661467
2026-08-20 21:24:00,38465708818,-38456393690633523526004,276321,276321,276321,276321,38465708818,0,50013064503670430661467
2026-08-20 21:25:00,122207699154,-122178496940000000000000,276321,276321,276321,276321,122207699154,0,50013064503670430661467
2026-08-20 21:29:00,47131929822,-47120826910748793342843,276321,276321,276321,276321,47131929822,0,50013064503670430661467
2026-08-20 21:31:00,-59311350000,59296651965881225339925,276321,276321,276321,276321,0,59296651965881225339925,50013064503670430661467
2026-08-20 21:34:00,10002370,-10000000276683931303,276321,276321,276321,276321,10002370,0,50013064503670430661467
2026-08-20 21:36:00,-59980000000,59964993280959152164236,276321,276321,276321,276321,0,59964993280959152164236,50013064503670430661467
2026-08-20 21:37:00,135682238623,-135650124650897874983617,276321,276321,276321,276321,135682238623,0,50013064503670430661467
2026-08-20 21:38:00,441192491,-441131013787346374561,276321,276321,276321,276321,3920746499,3478697898212653625439,50013064503670430661467
2026-08-20 21:39:00,127469917276,-127440419753784375139899,276321,276321,276321,276321,127469917276,0,50013064503670430661467
2026-08-20 21:40:00,1243385449,-1243100919595704652706,276321,276321,276321,276321,1243385449,0,50013064503670430661467
2026-08-20 21:42:00,38293930938,-38285683772917417961090,276321,276321,276321,276321,78766912877,40463305405082582038910,50013064503670430661467
2026-08-20 21:43:00,1000431799,-1000204441913439635535,276321,276321,276321,276321,1000431799,0,50013064503670430661467
2026-08-20 21:45:00,-19992000000,19987209193739618246313,276321,276321,276321,276321,0,19987209193739618246313,50013064503670430661467
2026-08-20 21:46:00,-204809887995,204759158977403961838429,276321,276321,276321,276321,60756506500,265501239441210815728684,50013064503670430661467
2026-08-20 21:47:00,13711180966,-13707945790000000000000,276321,276321,276321,276321,13711180966,0,50013064503670430661467
2026-08-20 21:49:00,379831546,-379742031932661611690,276321,276321,276321,276321,379831546,0,50013064503670430661467
2026-08-20 21:52:00,1313425827,-1313116336202986000022,276321,276321,276321,276321,1313425827,0,50013064503670430661467
2026-08-20 21:56:00,113327899,-113305499634791230331,276321,276321,276321,276321,471776411,358359760286964141444,50013064503670430661467
2026-08-20 21:57:00,164993998989,-164955669619000000000000,276321,276321,276321,276321,164993998989,0,50013064503670430661467
2026-08-20 21:58:00,265209572057,-265150242341732096575943,276321,276321,276321,276321,265209572057,0,50013064503670430661467
2026-08-20 21:59:00,156823708030,-156789948096970320249876,276321,276321,276321,276321,156823708030,0,50013064503670430661467
2026-08-20 22:02:00,49517345178,-49506889653000000000000,276321,276321,276321,276321,49517345178,0,50013064503670430661467
2026-08-20 22:03:00,993803892,-993595055000000000000,276321,276321,276321,276321,993803892,0,50013064503670430661467
2026-08-20 22:04:00,99081990910,-99061368111272639783867,276321,276321,276321,276321,99081990910,0,50013064503670430661467
2026-08-20 22:06:00,-18629108117,18624982640190538780524,276321,276321,276321,276321,4542018424,23166065102190538780524,50013064503670430661467
2026-08-20 22:07:00,31684466,-31677911099118402254,276321,276321,276321,276321,31684466,0,50013064503670430661467
2026-08-20 22:08:00,135140835105,-135113266889451482416375,276321,276321,276321,276321,137441487544,2300161077739109206009,50013064503670430661467
2026-08-20 22:09:00,2540915787,-2540403924000000000000,276321,276321,276321,276321,2540915787,0,50013064503670430661467
2026-08-20 22:10:00,11333768701,-11331488675144658419653,276321,276321,276321,276321,11333768701,0,50013064503670430661467
2026-08-20 22:11:00,5010792799,-5009786411133283657808,276321,276321,276321,276321,5010792799,0,50013064503670430661467
2026-08-20 22:12:00,10003006045,-10001000000000000000000,276321,276321,276321,276321,10003006045,0,50013064503670430661467
2026-08-20 22:14:00,110127060891,-110105239988000000000000,276322,276322,276322,276322,110127060891,0,50013064503670430661467
2026-08-20 22:18:00,-48840510633,48830307091172230226296,276321,276321,276321,276321,0,48830307091172230226296,50013064503670430661467
2026-08-20 22:21:00,156945230228,-156914784006692497957590,276322,276322,276322,276322,166944230227,9996939328307502042410,50013064503670430661467
2026-08-20 22:23:00,14002679272,-14000000000000000000000,276322,276322,276322,276322,14002679272,0,50013064503670430661467
2026-08-20 22:30:00,750296671,-750153331435079726652,276322,276322,276322,276322,750296671,0,50013064503670430661467
2026-08-20 22:31:00,-24787878402,24782833492576825096926,276322,276322,276322,276322,0,24782833492576825096926,50013064503670430661467
2026-08-20 22:33:00,56538052,-56527195933449612547,276322,276322,276322,276322,56538052,0,50013064503670430661467
2026-08-20 22:34:00,-78872697753,78856468314078428293390,276322,276322,276322,276322,1147302247,80003550284733277096800,50013064503670430661467
2026-08-20 22:35:00,-114852656,114827810937022190174,276322,276322,276322,276322,87525446,202336173873646984757,50013064503670430661467
2026-08-20 22:36:00,-19677067,19672989475766336556,276322,276322,276322,276322,0,19672989475766336556,50013064503670430661467
2026-08-20 22:38:00,-27940072,27934283143028492366,276322,276322,276322,276322,0,27934283143028492366,50013064503670430661467
2026-08-20 22:41:00,2640528869,-2640013635000000000000,276322,276322,276322,276322,2640528869,0,50013064503670430661467
2026-08-20 22:45:00,-14000000142,13997097236718320881952,276322,276322,276322,276322,0,13997097236718320881952,50013064503670430661467
2026-08-20 22:50:00,14430187481,-14427488594245857239369,276322,276322,276322,276322,24429187481,9996921907754142760631,50013064503670430661467
2026-08-20 22:51:00,514691234,-514590847488803334028,276322,276322,276322,276322,514691234,0,50013064503670430661467
2026-08-20 22:53:00,250099887,-250051110478359908885,276322,276322,276322,276322,250099887,0,50013064503670430661467
2026-08-20 22:54:00,2276143801,-2275700000000000000000,276322,276322,276322,276322,2276143801,0,50013064503670430661467
2026-08-20 22:56:00,-973340648,973138893724974566094,276322,276322,276322,276322,26659352,999793049384148793601,50013064503670430661467
2026-08-20 22:57:00,-3999902500,3999068317479477638369,276322,276322,276322,276322,500097500,4499068317479477638369,50013064503670430661467
2026-08-20 23:00:00,20003895419,-20000000000000000000000,276322,276322,276322,276322,20003895419,0,50013064503670430661467
2026-08-20 23:02:00,-464125806,464030037996888169954,276322,276322,276322,276322,0,464030037996888169954,50013064503670430661467
2026-08-20 23:05:00,-158272281623,158238737525169558782159,276321,276321,276321,276321,32006443498,190238737525169558782159,50013064503670430661467
2026-08-20 23:06:00,260867980904,-260817000219662356107442,276322,276322,276322,276322,261681825862,813675743474633479756,50013064503670430661467
2026-08-20 23:09:00,77940446,-77925618200670236538,276322,276322,276322,276322,77940446,0,50013064503670430661467
2026-08-20 23:11:00,-811212008817,811026978235853842653705,276321,276321,276321,276321,651287991183,1462161464543853842653705,50013064503670430661467
2026-08-20 23:12:00,119924711235,-119898294286521625658071,276321,276321,276321,276321,119924711235,0,50013064503670430661467
2026-08-20 23:13:00,975353170,-975140677000000000000,276321,276321,276321,276321,975353170,0,50013064503670430661467
2026-08-20 23:15:00,-37955420336,37946655583490291841007,276321,276321,276321,276321,1021328503,38967760029954442487239,50013064503670430661467
2026-08-20 23:17:00,46561462462,-46551292041028826038272,276321,276321,276321,276321,46561462462,0,50013064503670430661467
2026-08-20 23:19:00,-45601585,45591119154911841958,276321,276321,276321,276321,0,45591119154911841958,50013064503670430661467
2026-08-20 23:20:00,4886008772,-4884946536641638844688,276321,276321,276321,276321,4886008772,0,50013064503670430661467
2026-08-20 23:22:00,771398468,-771230851298851203612,276321,276321,276321,276321,771398468,0,50013064503670430661467
2026-08-20 23:23:00,104296592519,-104274150621290838979511,276321,276321,276321,276321,104439542561,142917862626482260985,50013064503670430661467
2026-08-20 23:24:00,196023455275,-195982449640000000000000,276321,276321,276321,276321,196023455275,0,50013064503670430661467
2026-08-20 23:25:00,8308077883,-8306373871000000000000,276321,276321,276321,276321,8308077883,0,50013064503670430661467
2026-08-20 23:26:00,35396763532,-35389536609174829445355,276321,276321,276321,276321,35574966826,178164679035780596988,50013064503670430661467
2026-08-20 23:27:00,329542876963,-329477978492461825829512,276322,276321,276321,276322,329542876963,0,50013064503670430661467
2026-08-20 23:28:00,404031367000,-403957723641248306685543,276322,276322,276322,276322,404031367000,0,50013064503670430661467
2026-08-20 23:29:00,281884987967,-281838693707711649377585,276322,276322,276322,276322,383598389417,101695816189825991704060,50013064503670430661467
2026-08-20 23:30:00,-4954059649,4953192576348267687817,276322,276322,276322,276322,0,4953192576348267687817,50013064503670430661467
2026-08-20 23:31:00,-13094746378,13092449262877962234710,276322,276322,276322,276322,42810789,13135253046877962234710,50013064503670430661467
2026-08-20 23:34:00,15965353435,-15962745848000000000000,276322,276322,276322,276322,15965353435,0,50013064503670430661467
2026-08-20 23:35:00,-253154139738,253085797277950584384395,276322,276321,276321,276322,1896845609420,2149531087301045760345232,50013064503670430661467
2026-08-20 23:38:00,32660160803,-32654527698982272294172,276322,276322,276322,276322,32660160803,0,50013064503670430661467
2026-08-20 23:40:00,112898986549,-112879847761593127273748,276322,276322,276322,276322,113325414689,426351681307156320487,50013064503670430661467
2026-08-20 23:41:00,111471391872,-111452990000000000000000,276322,276322,276322,276322,111471391872,0,50013064503670430661467
2026-08-20 23:43:00,-124831726859,124809588375349177724458,276322,276322,276322,276322,0,124809588375349177724458,50013064503670430661467
2026-08-20 23:45:00,-957375474663,957172468432499498866859,276321,276322,276321,276322,1042626647894,1999562484086839074232491,50013064503670430661467
2026-08-20 23:46:00,97937952828,-97917957815000000000000,276321,276321,276321,276321,97937952828,0,50013064503670430661467
2026-08-20 23:47:00,206118414618,-206077586205446617413218,276322,276321,276321,276322,206118414618,0,50013064503670430661467
2026-08-20 23:48:00,119421172415,-119398294286214083525948,276322,276322,276322,276322,119421172415,0,50013064503670430661467
2026-08-20 23:50:00,-300718445,300653751913072727847,276322,276322,276322,276322,349281555,649869220826829962819,50013064503670430661467
2026-08-20 23:51:00,592482464,-592370374105665383639,276322,276322,276322,276322,592482464,0,50013064503670430661467
2026-08-20 23:52:00,-71379106715,71364611407493035623116,276322,276322,276322,276322,2819912144,74183987699363826106307,50013064503670430661467
2026-08-20 23:53:00,29298692814,-29293083748130616968942,276322,276322,276322,276322,29298692814,0,50013064503670430661467
2026-08-20 23:54:00,-69315338744,69301181649554311731567,276322,276322,276322,276322,0,69301181649554311731567,50013064503670430661467
2026-08-20 23:55:00,-6884108312,6882691803375247257201,276322,276322,276322,276322,0,6882691803375247257201,50013064503670430661467
2026-08-20 23:56:00,45848638709,-45839790451385940504344,276322,276322,276322,276322,45848638709,0,50013064503670430661467
2026-08-20 23:57:00,323834454865,-323774351566000000000000,276322,276322,276322,276322,323834454865,0,50013064503670430661467
2026-08-20 23:59:00,155677401362,-155650000000000000000000,276322,276322,276322,276322,155677401362,0,50013064503670430661467
