timestamp,netAmount0,netAmount1,closeTick,openTick,lowestTick,highestTick,inAmount0,inAmount1,currentLiquidity
2026-06-04 00:25:00,827584017,-826758871489146058575,276314,276314,276314,276314,827584017,0,19995978089990020203507
2026-06-04 00:29:00,200031249,-199831817368822023120,276314,276314,276314,276314,200031249,0,19995978089990020203507
2026-06-04 00:30:00,-982129187,981139499611260200404,276314,254298,254298,276314,56088558,1030480702448230941662,19995978089990020203507
2026-06-04 00:38:00,1049553299,-1048506853443835721641,276314,276314,276314,276314,1049553299,0,19995978089990020203507
2026-06-04 00:44:00,-600820119,600215088050752969390,276314,276314,276314,276314,0,600215088050752969390,19995978089990020203507
2026-06-04 00:48:00,-355461954,355103983669525422008,276314,276314,276314,276314,0,355103983669525422008,19995978089990020203507
2026-06-04 00:58:00,246054283,-245808950540364292055,276314,276314,276314,276314,246054283,0,19995978089990020203507
2026-06-04 01:12:00,5008309331,-5003317010437275686763,276314,276314,276314,276314,5008309331,0,19995978089990020203507
2026-06-04 01:20:00,1501672587,-1500176197037044330823,276314,276314,276314,276314,1501672587,0,19995978089990020203507
2026-06-04 01:22:00,181270758,-181090140053700223542,276314,276314,276314,276314,181270758,0,19995978089990020203507
2026-06-04 01:23:00,2262101853,-2259848174553292551150,276314,276314,276314,276314,2262101853,0,19995978089990020203507
2026-06-04 01:24:00,684205703,-683524146236247096584,276314,276314,276314,276314,684205703,0,19995978089990020203507
2026-06-04 01:28:00,-4349653109,4345276041017940777598,276314,276314,276314,276314,0,4345276041017940777598,19995978089990020203507
2026-06-04 01:43:00,101076013817,-100975798718000000000000,276314,276314,276314,276314,101076013817,0,19995978089990020203507
2026-06-04 01:45:00,59171486494,-59113292496000000000000,276314,276314,276314,276314,59171486494,0,19995978089990020203507
2026-06-04 01:46:00,197119451,-196926173254061502186,276314,276314,276314,276314,197119451,0,19995978089990020203507
2026-06-04 01:50:00,-9388087152,9378783886575250126979,276314,276314,276314,276314,0,9378783886575250126979,19995978089990020203507
2026-06-04 01:51:00,153340366288,-153191045551941024797897,276314,276314,276314,276314,153340366288,0,19995978089990020203507
2026-06-04 01:55:00,11511114602,-11500000000000000000000,276314,276314,276314,276314,11511114602,0,19995978089990020203507
2026-06-04 01:56:00,-2731030822,2728367776923899961909,276314,276314,276314,276314,0,2728367776923899961909,19995978089990020203507
2026-06-04 01:57:00,162553899876,-162398357923324165272800,276314,276314,276314,276314,166954530237,4396411091276523911968,19995978089990020203507
2026-06-04 01:59:00,168724341747,-168565641201265926858760,276314,276314,276314,276314,168724341747,0,19995978089990020203507
2026-06-04 02:01:00,1308292529,-1307073071145348531429,276314,276314,276314,276314,1308292529,0,19995978089990020203507
2026-06-04 02:02:00,14847475392,-14833648050679116547733,276314,276314,276314,276314,14847475392,0,19995978089990020203507
2026-06-04 02:03:00,35057846636,-35026171383106915123944,276314,276314,276314,276314,123788765143,88647178622037924623818,19995978089990020203507
2026-06-04 02:04:00,226191356746,-225986421227454284101977,276314,276314,276314,276314,446388204794,219988093390653445036747,19995978089990020203507
2026-06-04 02:05:00,161118093498,-160973665617239143980983,276315,276314,276314,276315,161118093498,0,19995978000559627913068
2026-06-04 02:07:00,-3423112548,3420036793887519845655,276315,276315,276315,276315,0,3420036793887519845655,19995978000559627913068
2026-06-04 02:08:00,300262341907,-300000000000000000000000,276315,276315,276315,276315,300262341907,0,19995978000559627913068
2026-06-04 02:10:00,6413584225,-6408078855000000000000,276315,276315,276315,276315,6413584225,0,19995978000559627913068
2026-06-04 02:15:00,5307884468,-5303331329751766252513,276315,276315,276315,276315,5307884468,0,19995978000559627913068
2026-06-04 02:17:00,18170755221,-18155432982960992453568,276315,276315,276315,276315,42536447534,24344567017039007546432,19995978000559627913068
2026-06-04 02:18:00,-62554710442,62500360269593688592469,276315,276315,276315,276315,0,62500360269593688592469,19995978000559627913068
2026-06-04 02:19:00,60153295140,-60101725242596059982677,276315,276315,276315,276315,70163920754,10001891678403940017323,19995978000559627913068
2026-06-04 02:20:00,-11604839554,11594783525496075553933,276315,276315,276315,276315,0,11594783525496075553933,19995978000559627913068
2026-06-04 02:21:00,-1907032412,1905378609425101907477,276315,276315,276315,276315,0,1905378609425101907477,19995978000559627913068
2026-06-04 02:24:00,-4841480182,4837279958973925888477,276315,276315,276315,276315,0,4837279958973925888477,19995978000559627913068
2026-06-04 02:28:00,861381712,-860655235729916781066,276315,276315,276315,276315,2100370141,1237913169212519202837,19995978000559627913068
2026-06-04 02:29:00,-1004209071,1000716356863603594877,276315,276315,276315,276315,262354564552,263133693628307289255963,19995978000559627913068
2026-06-04 02:30:00,-2172606784,2170721147869754735259,276315,276315,276315,276315,0,2170721147869754735259,19995978000559627913068
2026-06-04 02:33:00,13615932446,-13604258816215697662094,276315,276315,276315,276315,13615932446,0,19995978000559627913068
2026-06-04 02:35:00,4827277013,-4823142791000000000000,276315,276315,276315,276315,4827277013,0,19995978000559627913068
2026-06-04 02:36:00,98120730267,-98037201292000000000000,276315,276315,276315,276315,98120730267,0,19995978000559627913068
2026-06-04 02:37:00,-500436264,500007687814099850223,276315,276315,276315,276315,0,500007687814099850223,19995978000559627913068
2026-06-04 02:38:00,-250216031,250001734815220118665,276315,276315,276315,276315,0,250001734815220118665,19995978000559627913068
2026-06-04 02:45:00,65072611771,-65017741776000000000000,276315,276315,276315,276315,65072611771,0,19995978000559627913068
2026-06-04 02:48:00,-30653574081,30627473044112245696097,276315,276315,276315,276315,0,30627473044112245696097,19995978000559627913068
2026-06-04 02:49:00,326476914854,-326207405379438438827014,276315,276315,276315,276315,365963783733,39454551656561561172986,19995978000559627913068
2026-06-04 02:50:00,-190637778323,190479563482336532779442,276315,276315,276315,276315,0,190479563482336532779442,19995978000559627913068
2026-06-04 02:52:00,-170955125475,170810158203066312118871,276315,276315,276315,276315,0,170810158203066312118871,19995978000559627913068
2026-06-04 02:54:00,-2859338260,2856888761667136105411,276315,276315,276315,276315,0,2856888761667136105411,19995978000559627913068
2026-06-04 03:01:00,285162446819,-284925030612662479061406,276315,276315,276315,276315,285424845235,262181068918076684256,19995978000559627913068
2026-06-04 03:03:00,6655726975,-6650282602733486587369,276315,276315,276315,276315,6655726975,0,19995978000559627913068
2026-06-04 03:04:00,-2641902616,2639715676056468638050,276315,276315,276315,276315,0,2639715676056468638050,19995978000559627913068
2026-06-04 03:05:00,-8857316707,8849979623810494741202,276315,276315,276315,276315,0,8849979623810494741202,19995978000559627913068
2026-06-04 03:07:00,-23501766429,23482260432430166965461,276315,276315,276315,276315,0,23482260432430166965461,19999234047163722890450
2026-06-04 03:08:00,-328298452,286931994545567174833,276315,276315,274126,276315,1761484296297,1760169727309190167924913,19999234047163722890450
2026-06-04 03:12:00,-71147578569,71088189785278421964480,276315,276315,276315,276315,0,71088189785278421964480,19999234047163722890450
2026-06-04 03:15:00,-6659895459,6654310387985883518531,276315,276315,276315,276315,0,6654310387985883518531,19999234047163722890450
2026-06-04 03:16:00,-1301770518,1300678319457223527817,276315,276315,276315,276315,0,1300678319457223527817,19999234047163722890450
2026-06-04 03:17:00,-309498032427,309233411438924697689927,276315,276315,276315,276315,14554652096,323775536031924697689927,19999234047163722890450
2026-06-04 03:19:00,154564311429,-154432579942000000000000,276315,276315,276315,276315,154564311429,0,19999234047163722890450
2026-06-04 03:21:00,-289410361,289160500102896069127,276315,276315,276315,276315,254250999,543196759217145137025,19999234047163722890450
2026-06-04 03:22:00,-166084157,165942223174933511498,276315,276315,276315,276315,0,165942223174933511498,19999234047163722890450
2026-06-04 03:25:00,1513480917,-1512202741329999739189,276315,276315,276315,276315,1513480917,0,19999234047163722890450
2026-06-04 03:27:00,496139052,-495720098913142257355,276315,276315,276315,276315,496139052,0,19999234047163722890450
2026-06-04 03:32:00,-5136462820,5132072939356402124219,276315,276315,276315,276315,0,5132072939356402124219,19999234047163722890450
2026-06-04 03:33:00,94209766274,-94130633982165956885257,276315,276315,276315,276315,96587359735,2375583492834043114743,19999234047163722890450
2026-06-04 03:35:00,110090964826,-109999588440000000000000,276315,276315,276315,276315,110090964826,0,19999234047163722890450
2026-06-04 03:38:00,-426856863,426500640336061943719,276315,276315,276315,276315,0,426500640336061943719,19999234047163722890450
2026-06-04 03:39:00,-63379506420,63326412797652472413881,276315,276315,276315,276315,0,63326412797652472413881,19999234047163722890450
2026-06-04 03:40:00,5683114875,-5678394485000000000000,276315,276315,276315,276315,5683114875,0,19999234047163722890450
2026-06-04 03:42:00,99083113,-99000844000000000000,276315,276315,276315,276315,99083113,0,19999234047163722890450
2026-06-04 03:45:00,735447041,-734836422831561157299,276315,276315,276315,276315,735447041,0,19999234047163722890450
2026-06-04 03:50:00,-454977065,454594771942073200794,276315,276315,276315,276315,0,454594771942073200794,19999234047163722890450
2026-06-04 03:53:00,-517421068,516986280754919854766,276315,276315,276315,276315,0,516986280754919854766,19999234047163722890450
2026-06-04 03:58:00,40899614189,-40865737584000000000000,276315,276315,276315,276315,40899614189,0,19999234047163722890450
2026-06-04 03:59:00,87687575786,-87615508433000000000000,276315,276315,276315,276315,87687575786,0,19999234047163722890450
2026-06-04 04:02:00,160028220365,-159898678488999237283476,276315,276315,276315,276315,160028220365,0,19999234047163722890450
2026-06-04 04:03:00,-100700152285,100617928298989858264345,276315,276315,276315,276315,0,100617928298989858264345,19999234047163722890450
2026-06-04 04:05:00,215622682163,-215450014386816260569911,276316,276315,276315,276316,215727620088,104851712183739430089,19999234047163723890049
2026-06-04 04:06:00,102902096164,-102821887332138386151984,276316,276316,276316,276316,158680790858,55733915518605383820752,19999234047163723890049
2026-06-04 04:07:00,797576375,-796954502546292159194,276316,276316,276316,276316,797576375,0,19999234047163723890049
2026-06-04 04:08:00,3683050494,-3680179627170042438130,276316,276316,276316,276316,3683050494,0,19999234047163723890049
2026-06-04 04:12:00,-5746398412,5741861192352746323464,276316,276316,276316,276316,0,5741861192352746323464,19999234047163723890049
2026-06-04 04:13:00,4693145914,-4689486967000000000000,276316,276316,276316,276316,4693145914,0,19999234047163723890049
2026-06-04 04:16:00,-74559476135,74500341675084939725800,276316,276316,276316,276316,0,74500341675084939725800,19999234047163723890049
2026-06-04 04:19:00,76077958909,-76018386067201362376612,276316,276316,276316,276316,76077958909,0,19999234047163723890049
2026-06-04 04:20:00,-2000000000,1998421315101619172858,276316,276316,276316,276316,0,1998421315101619172858,19999234047163723890049
2026-06-04 04:21:00,29948037854,-29926039254113413204478,276316,276316,276316,276316,160009589546,129960061557606767868173,19999234047163723890049
2026-06-04 04:22:00,-6322049450,6317075471749279620812,276316,276316,276316,276316,0,6317075471749279620812,19999234047163723890049
2026-06-04 04:27:00,119498738501,-119406590403012268503651,276316,276316,276316,276316,119498738501,0,19999234047163723890049
2026-06-04 04:29:00,-21112918,21096551948686825809,276316,276316,276316,276316,0,21096551948686825809,19999234047163723890049
2026-06-04 04:32:00,-11711274622,11702187581399693246848,276316,276316,276316,276316,221908817,11923926342302024022601,19999234047163723890049
2026-06-04 04:33:00,102972992747,-102894611490252578235757,276316,276316,276316,276316,102972992747,0,19999234047163723890049
2026-06-04 04:35:00,-4803686687,4800005755709592654864,276316,276316,276316,276316,0,4800005755709592654864,19999234047163723890049
2026-06-04 04:36:00,32661317000,-32636931510473283983851,276316,276316,276316,276316,59697305739,27015228824240474883907,19999234047163723890049
2026-06-04 04:38:00,-91110230,91040689307606126869,276316,276316,276316,276316,0,91040689307606126869,19999234047163723890049
2026-06-04 04:40:00,502553449,-502177903048280172056,276316,276316,276316,276316,802553449,299771017951719827944,19999234047163723890049
2026-06-04 04:42:00,68958680769,-68906977502677495185408,276316,276316,276316,276316,68958680769,0,19999234047163723890049
2026-06-04 04:46:00,39566166778,-39536781621657080505191,276316,276316,276316,276316,46168192206,6597043838418867748827,19999234047163723890049
2026-06-04 04:48:00,25031674580,-25013122982429820055369,276316,276316,276316,276316,25031674580,0,19999234047163723890049
2026-06-04 04:50:00,131776272237,-131679641632000000000000,276316,276316,276316,276316,131776272237,0,19999234047163723890049
2026-06-04 04:51:00,91577720670,-91511988722443593381736,276316,276316,276316,276316,131577720670,39970977688556406618264,19999234047163723890049
2026-06-04 04:52:00,-6004452620,6000082244889131462564,276316,276316,276316,276316,0,6000082244889131462564,19999234047163723890049
2026-06-04 04:53:00,-2573704762,2571830373422508840163,276316,276316,276316,276316,0,2571830373422508840163,19999234047163723890049
2026-06-04 04:54:00,-1873870482,1872505355119256865077,276316,276316,276316,276316,0,1872505355119256865077,19999234047163723890049
2026-06-04 04:55:00,96097358493,-96028763515925290958002,276316,276316,276316,276316,96097358493,0,19999234047163723890049
2026-06-04 04:56:00,229094020173,-228935088110579881773462,276317,276316,276316,276317,316725360018,87569571962420118226538,19999234047163724889697
2026-06-04 04:59:00,-348300,348057285161897651,276317,276317,276317,276317,0,348057285161897651,19999234047163724889697
2026-06-04 05:08:00,-13660470970,13650952402605009449868,276317,276317,276317,276317,0,13650952402605009449868,19999234047163724889697
2026-06-04 05:09:00,68522446844,-68475573181404416116695,276317,276317,276317,276317,68522446844,0,19999234047163724889697
2026-06-04 05:11:00,-43594090072,43563887613083281231696,276317,276317,276317,276317,0,43563887613083281231696,19999234047163724889697
2026-06-04 05:12:00,271714507719,-271532856304175279272633,276317,276317,276317,276317,350155921282,78389334328330703566253,19999234047163724889697
2026-06-04 05:13:00,112455583927,-112382236722000000000000,276317,276317,276317,276317,112455583927,0,19999234047163724889697
2026-06-04 05:17:00,24590797162,-24575014761797360157173,276317,276317,276317,276317,33413915985,8817322991476092919618,19999234047163724889697
2026-06-04 05:19:00,154477040623,-154378725000018618845242,276317,276317,276317,276317,154477040623,0,19999234047163724889697
2026-06-04 05:22:00,140731074725,-140643618970309766983640,276317,276317,276317,276317,144333398660,3600022415232219714833,19999234047163724889697
2026-06-04 05:23:00,-6819883423,6815621002817288248234,276317,276317,276317,276317,0,6815621002817288248234,19999234047163724889697
2026-06-04 05:24:00,-4973853660,4970742075859185637824,276317,276317,276317,276317,0,4970742075859185637824,19999234047163724889697
2026-06-04 05:26:00,-7135700000,7131231674249723335258,276317,276317,276317,276317,0,7131231674249723335258,19999234047163724889697
2026-06-04 05:27:00,-43539224826,43511850650734897195430,276317,276317,276317,276317,0,43511850650734897195430,19999234047163724889697
2026-06-04 05:28:00,-35721795969,35699195364638199619957,276317,276317,276317,276317,0,35699195364638199619957,19999234047163724889697
2026-06-04 05:30:00,118764808973,-118691354196682991954620,276317,276317,276317,276317,119385876949,620681316095139593531,19999234047163724889697
2026-06-04 05:31:00,6338696126,-6336191637282690701948,276317,276317,276317,276317,144087231946,137663808362717309298052,19999234047163724889697
2026-06-04 05:32:00,-223944113,223804823876638600227,276317,276317,276317,276317,0,223804823876638600227,19999234047163724889697
2026-06-04 05:33:00,-34865942987,34844195937191592885218,276317,276317,276317,276317,0,34844195937191592885218,19999234047163724889697
2026-06-04 05:37:00,76737269419,-76690333243000000000000,276317,276317,276317,276317,76737269419,0,19999234047163724889697
2026-06-04 05:41:00,-22058361767,22044709624543596024656,276317,276317,276317,276317,0,22044709624543596024656,19999234047163724889697
2026-06-04 05:42:00,-3323557380,3321496182504379906316,276317,276317,276317,276317,0,3321496182504379906316,19999234047163724889697
2026-06-04 05:44:00,-124828599,124751160684767665627,276317,276317,276317,276317,0,124751160684767665627,19999234047163724889697
2026-06-04 05:46:00,3033908623,-3032057298978899346162,276317,276317,276317,276317,3033908623,0,19999234047163724889697
2026-06-04 05:48:00,-142798816815,142709130500116274201837,276317,276317,276317,276317,12484103764,155185626004027109492458,19999234047163724889697
2026-06-04 05:49:00,270297776,-270129026127324560250,276317,276317,276317,276317,270297776,0,19999234047163724889697
2026-06-04 05:50:00,-45642834611,45613779595293968246056,276317,276317,276317,276317,0,45613779595293968246056,19999234047163724889697
2026-06-04 05:55:00,186882401,-186764880305180850097,276317,276317,276317,276317,186882401,0,19999234047163724889697
2026-06-04 05:59:00,100062423191,-100000000000000000000000,276317,276317,276317,276317,100062423191,0,19999234047163724889697
2026-06-04 06:00:00,6397304741,-6393347853000000000000,276317,276317,276317,276317,6397304741,0,19999234047163724889697
2026-06-04 06:01:00,40063158,-40038391694154197356,276317,276317,276317,276317,40063158,0,19999234047163724889697
2026-06-04 06:02:00,20136254106,-20123826116000000000000,276317,276317,276317,276317,20136254106,0,19999234047163724889697
2026-06-04 06:04:00,-142789563384,142699132518530823475096,276317,276317,276317,276317,0,142699132518530823475096,19999234047163724889697
2026-06-04 06:05:00,136594523085,-136509338460230400353763,276317,276317,276317,276317,136594523085,0,19999234047163724889697
2026-06-04 06:07:00,28967680192,-28949854622000000000000,276317,276317,276317,276317,28967680192,0,19999234047163724889697
2026-06-04 06:08:00,-30000000000,29981237819169542891042,276317,276317,276317,276317,0,29981237819169542891042,19999234047163724889697
2026-06-04 06:09:00,21109522,-21096500000000000000,276317,276317,276317,276317,21109522,0,19999234047163724889697
2026-06-04 06:11:00,197982325532,-197863240007119346560271,276318,276317,276317,276318,307385483974,109337335332630653439729,19999234047163725889396
2026-06-04 06:15:00,-111848436,111780528994917554883,276318,276318,276318,276318,0,111780528994917554883,19999234047163725889396
2026-06-04 06:32:00,938800063,-938239513912958538869,276318,276318,276318,276318,938800063,0,19999234047163725889396
2026-06-04 06:35:00,-29589764498,29571758610591883645120,276317,276317,276317,276317,0,29571758610591883645120,19999234047163724889697
2026-06-04 06:36:00,-177510285,177402002493779477908,276317,276317,276317,276317,0,177402002493779477908,19999234047163724889697
2026-06-04 06:39:00,-4906000000,4903006072441551731175,276317,276317,276317,276317,0,4903006072441551731175,19999234047163724889697
2026-06-04 06:41:00,173762279810,-173659882642968112901605,276318,276318,276318,276318,217823391765,44035074437031887098395,19999234047163725889396
2026-06-04 06:43:00,-930150000,929598245330589839253,276318,276318,276318,276318,0,929598245330589839253,19999234047163725889396
2026-06-04 06:45:00,-40340682924,40316670114883423606352,276318,276318,276318,276318,0,40316670114883423606352,19999234047163725889396
2026-06-04 06:47:00,34476310734,-34456123156000000000000,276318,276318,276318,276318,34476310734,0,19999234047163725889396
2026-06-04 06:49:00,55435848627,-55403637217000000000000,276318,276318,276318,276318,55435848627,0,19999234047163725889396
2026-06-04 06:52:00,-633384362,633011733174342613660,276318,276318,276318,276318,0,633011733174342613660,19999234047163725889396
2026-06-04 06:59:00,-51344632462,51314292379114976349006,276318,276318,276318,276318,0,51314292379114976349006,19999234047163725889396
2026-06-04 07:02:00,5896673870,-5893235008000000000000,276318,276318,276318,276318,5896673870,0,19999234047163725889396
2026-06-04 07:03:00,-109180770490,109115443191114129721423,276318,276318,276318,276318,0,109115443191114129721423,19999234047163725889396
2026-06-04 07:12:00,4251307516,-4248783988950075354572,276318,276318,276318,276318,4251307516,0,19999234047163725889396
2026-06-04 07:15:00,100059372,-100000000000000000000,276318,276318,276318,276318,100059372,0,19999234047163725889396
2026-06-04 07:18:00,-83574405,83523979048404209575,276318,276318,276318,276318,0,83523979048404209575,19999234047163725889396
2026-06-04 07:19:00,-588548752,588193622596711517675,276318,276318,276318,276318,0,588193622596711517675,19999234047163725889396
2026-06-04 07:20:00,230136568,-230000000000000000000,276318,276318,276318,276318,230136568,0,19999234047163725889396
2026-06-04 07:21:00,6996482,-6992330684820671692,276318,276318,276318,276318,6996482,0,19999234047163725889396
2026-06-04 07:24:00,23537413720,-23523474068000000000000,276318,276318,276318,276318,23537413720,0,19999234047163725889396
2026-06-04 07:25:00,4548446803,-4545759441000000000000,276318,276318,276318,276318,4548446803,0,19999234047163725889396
2026-06-04 07:26:00,-58526332,58491180688755606056,276318,276318,276318,276318,0,58491180688755606056,19999234047163725889396
2026-06-04 07:29:00,-154476632190,154382660886583656453750,276317,276317,276317,276317,0,154382660886583656453750,19999234047163724889697
2026-06-04 07:32:00,-15603572455,15593798031531488608364,276317,276317,276317,276317,14996443612,30581164380036508749965,19999234047163724889697
2026-06-04 07:34:00,1174063070,-1173349775568096849671,276317,276317,276317,276317,1174063070,0,19999234047163724889697
2026-06-04 07:36:00,-70102677993,70058945549128443830995,276317,276317,276317,276317,20012137072,90058945549128443830995,19999234047163724889697
2026-06-04 07:38:00,82957994651,-82907361647000006164480,276317,276317,276317,276317,82957994651,0,19999234047163724889697
2026-06-04 07:48:00,112642651373,-112575001172000000000000,276318,276318,276318,276318,112642651373,0,19999234047163725889396
2026-06-04 07:49:00,-9195063854,9189497164519733681363,276318,276318,276318,276318,0,9189497164519733681363,19999234047163725889396
2026-06-04 07:50:00,1001903629,-1001306679954117137990,276318,276318,276318,276318,1001903629,0,19999234047163725889396
2026-06-04 07:52:00,631658574,-631282274647500237618,276318,276318,276318,276318,631658574,0,19999234047163725889396
2026-06-04 07:53:00,34892097289,-34871372825000000000000,276318,276318,276318,276318,34892097289,0,19999234047163725889396
2026-06-04 07:54:00,199718274,-199600000000000000000,276318,276318,276318,276318,199718274,0,19999234047163725889396
2026-06-04 07:57:00,-4259163583,4256597852222596940450,276318,276318,276318,276318,0,4256597852222596940450,19999234047163725889396
2026-06-04 07:59:00,294561833,-294387273905075399459,276318,276318,276318,276318,294561833,0,19999234047163725889396
2026-06-04 08:03:00,100076605366,-100017801137374794861611,276318,276318,276318,276318,100076605366,0,19999234047163725889396
2026-06-04 08:04:00,-112781812169,112714343725637034366997,276318,276318,276318,276318,0,112714343725637034366997,19999234047163725889396
2026-06-04 08:07:00,1392002074,-1391175515901051048562,276318,276318,276318,276318,1392002074,0,19999234047163725889396
2026-06-04 08:08:00,-398750191623,398501516703854318159864,276317,276317,276317,276317,0,398501516703854318159864,19999234047163724889697
2026-06-04 08:10:00,404577199581,-404329051824797941273310,276318,276318,276318,276318,404577199581,0,19999234047163725889396
2026-06-04 08:14:00,-83047695336,82997261926072816964249,276317,276317,276317,276317,0,82997261926072816964249,19999234047163724889697
2026-06-04 08:16:00,-459416508,459129977699244318117,276317,276317,276317,276317,562122254,1020914149591328250624,19999234047163724889697
2026-06-04 08:17:00,-100711083712,100648994504304943552104,276317,276317,276317,276317,0,100648994504304943552104,19999234047163724889697
2026-06-04 08:19:00,158091365229,-157996599372812526473635,276318,276317,276317,276318,224694571391,66563083276187473526365,19999234047163725889396
2026-06-04 08:22:00,-192171978331,192053726435126947878843,276317,276317,276317,276317,0,192053726435126947878843,19999234047163724889697
2026-06-04 08:25:00,-430407129585,430126406435312110677689,276317,276317,276317,276317,203021461733,633014154834829536931513,19999234047163724889697
2026-06-04 08:28:00,3003947534,-3002000000000000000000,276317,276317,276317,276317,3003947534,0,19999234047163724889697
2026-06-04 08:30:00,8722769176,-8717249477543604375820,276317,276317,276317,276317,21769393772,13038057587820577738484,19999234047163724889697
2026-06-04 08:36:00,-107859716515,107788239493695337474702,276317,276317,276317,276317,0,107788239493695337474702,19999234047163724889697
2026-06-04 08:40:00,-193470862880,193339740526657407146280,276317,276317,276317,276317,0,193339740526657407146280,19999234047163724889697
2026-06-04 08:41:00,2985442595,-2983420678555314719248,276317,276317,276317,276317,2985442595,0,19999234047163724889697
2026-06-04 08:42:00,-731388061709,730858803723227061450819,276316,276317,276316,276317,42052390,730900827639553751506058,19999234047163723890049
2026-06-04 08:43:00,-512463363971,512060577222119150923030,276316,276316,276315,276316,11414807279,523466442004352503634711,19999234047163723890049
2026-06-04 08:44:00,-506668129841,506243704130747550691570,276315,276315,276315,276315,51953713200,558153019737134780578958,19999234047163722890450
2026-06-04 08:45:00,2075195228,-2073427447061360978793,276315,276315,276315,276315,2075195228,0,19999234047163722890450
2026-06-04 08:46:00,-291528452342,291272256312534413129690,276315,276315,276315,276315,72790140951,363998013694200670231682,19999234047163722890450
2026-06-04 08:47:00,-374389322370,374046977941404117808979,276314,276314,276314,276314,181631084632,555512232178767232079902,19999234136594115180889
2026-06-04 08:50:00,-184881577922,184708253955793949540567,276314,276314,276314,276314,0,184708253955793949540567,19999234136594115180889
2026-06-04 08:54:00,300281277,-300000000000000000000,276314,276314,276314,276314,300281277,0,19999234136594115180889
2026-06-04 08:55:00,-520486327,519993574854931016837,276314,276314,276314,276314,0,519993574854931016837,19999234136594115180889
2026-06-04 08:58:00,232575367419,-232360203534115311427137,276314,276314,276314,276314,232575367419,0,19999234136594115180889
2026-06-04 08:59:00,-256605824361,256365557471757963192031,276314,276314,276314,276314,0,256365557471757963192031,19999234136594115180889
2026-06-04 09:00:00,181435197564,-181266446612000000000000,276314,276314,276314,276314,181435197564,0,19999234136594115180889
2026-06-04 09:01:00,5270983346,-5266130000000000000000,276314,276314,276314,276314,5270983346,0,19999234136594115180889
2026-06-04 09:02:00,6998773,-6992330684820671692,276314,276314,276314,276314,6998773,0,19999234136594115180889
2026-06-04 09:03:00,84685532478,-84607937308000000000000,276314,276314,276314,276314,84685532478,0,19999234136594115180889
2026-06-04 09:06:00,-15257339437,15243259195955184099314,276314,276314,276314,276314,79421514,15322608274590431289784,19999234136594115180889
2026-06-04 09:07:00,-212016128370,211817923251713927969392,276314,276314,276314,276314,15112417580,226916401649181692660509,19999234136594115180889
2026-06-04 09:08:00,-72770745029,72701619518064820963982,276314,276314,276314,276314,11229254971,83920384328357853902020,19999234136594115180889
2026-06-04 09:09:00,107569236,-107467905878767364677,276314,276314,276314,276314,107569236,0,19999234136594115180889
2026-06-04 09:11:00,17980521,-17963583684470093562,276314,276314,276314,276314,17980521,0,19999234136594115180889
2026-06-04 09:12:00,-217781281773,217571588661371984059497,276314,276314,276314,276314,0,217571588661371984059497,19999234136594115180889
2026-06-04 09:13:00,177243623967,-177074374988697383604227,276314,276314,276314,276314,177243623967,0,19999234136594115180889
2026-06-04 09:15:00,-167945345617,167782631973367820664880,276314,276314,276314,276314,74438946553,242149630871746524021934,19999234136594115180889
2026-06-04 09:16:00,562016925,-561475822688960837988,276314,276314,276314,276314,562016925,0,19999234136594115180889
2026-06-04 09:17:00,-10052935310,10043151271400265296916,276314,276314,276314,276314,0,10043151271400265296916,19999234136594115180889
2026-06-04 09:18:00,13235880018,-13223132508773698318316,276314,276314,276314,276314,13235880018,0,19999234136594115180889
2026-06-04 09:19:00,781613457,-780861230883614378369,276314,276314,276314,276314,781613457,0,19999234136594115180889
2026-06-04 09:21:00,88579459,-88494214545577328840,276314,276314,276314,276314,88579459,0,19999234136594115180889
2026-06-04 09:23:00,21676743900,-21655906641413407835235,276314,276314,276314,276314,21676743900,0,19999234136594115180889
2026-06-04 09:25:00,16002983729,-15987630608000000000000,276314,276314,276314,276314,16002983729,0,19999234136594115180889
2026-06-04 09:26:00,108584418553,-108480919085340181918115,276314,276314,276314,276314,108584418553,0,19999234136594115180889
2026-06-04 09:27:00,510575552,-510091668377226348819,276314,276314,276314,276314,510575552,0,19999234136594115180889
2026-06-04 09:30:00,10919877431,-10909534641086546230098,276314,276314,276314,276314,10919877431,0,19999234136594115180889
2026-06-04 09:34:00,155514040420,-155368037243999999999999,276314,276314,276314,276314,155514040420,0,19999234136594115180889
2026-06-04 09:35:00,-1749747366,1748100581595237101870,276314,276314,276314,276314,0,1748100581595237101870,19999234136594115180889
2026-06-04 09:36:00,-206691864325,206495183990272711044408,276314,276314,276314,276314,0,206495183990272711044408,19999234136594115180889
2026-06-04 09:37:00,-88826651253,88737932529947431594816,276314,276314,276314,276314,288671039386,377127466893758690556062,19999234136594115180889
2026-06-04 09:39:00,200212589806,-200022234462618815727859,276314,276314,276314,276314,200212589806,0,19999234136594115180889
2026-06-04 09:41:00,297705775,-297425707470786367073,276314,276314,276314,276314,297705775,0,19999234136594115180889
2026-06-04 09:42:00,-202023059968,201828952737809313482122,276314,276314,276314,276314,0,201828952737809313482122,19999234136594115180889
2026-06-04 09:44:00,100095683060,-100000000000000000000000,276314,276314,276314,276314,100095683060,0,19999234136594115180889
2026-06-04 09:45:00,50073399336,-50025908825000000000000,276314,276314,276314,276314,50073399336,0,19999234136594115180889
2026-06-04 09:46:00,100094180611,-100000000000000000000000,276314,276314,276314,276314,100094180611,0,19999234136594115180889
2026-06-04 09:55:00,4584813647,-4580523668241042722814,276314,276314,276314,276314,4584813647,0,19999234136594115180889
2026-06-04 09:57:00,70992321419,-70926162292000000000000,276314,276314,276314,276314,70992321419,0,19999234136594115180889
2026-06-04 09:58:00,3591744044,-3588410204000000000000,276314,276314,276314,276314,3591744044,0,19999234136594115180889
2026-06-04 09:59:00,-430649342,430245366445931126500,276314,276314,276314,276314,1333499,431577628855509200537,19999234136594115180889
2026-06-04 10:00:00,7408256684,-7401384126000000000000,276314,276314,276314,276314,7408256684,0,19999234136594115180889
2026-06-04 10:03:00,87304252324,-87223801766409947526315,276314,276314,276314,276314,100092445223,12776198233590052473685,19999234136594115180889
2026-06-04 10:04:00,100091443808,-100000000000000000000000,276314,276314,276314,276314,100091443808,0,19999234136594115180889
2026-06-04 10:06:00,-50199332646,50152093934835368172694,276314,276314,276314,276314,100090442407,150152093934835368172694,19999234136594115180889
2026-06-04 10:07:00,-2641121680,2638681968189134290342,276314,276314,276314,276314,0,2638681968189134290342,19999234136594115180889
2026-06-04 10:08:00,-54998743645,54946780781248264901357,276314,276314,276314,276314,100091796233,154946780781248264901357,19999234136594115180889
2026-06-04 10:09:00,100091521307,-100000000000000000000000,276314,276314,276314,276314,100091521307,0,19999234136594115180889
2026-06-04 10:10:00,871230688,-871429739341535942991,276314,276314,276314,276314,100090519906,99128570260658464057009,19999234136594115180889
2026-06-04 10:12:00,13711662606,-13700067103645756028191,276314,276314,276314,276314,100090511185,86299932896354243971809,19999234136594115180889
2026-06-04 10:14:00,-678247680668,677600923979072827400025,276314,276314,276314,276314,121625574400,799114266992350845050713,19999234136594115180889
2026-06-04 10:15:00,63258875196,-63197356292960360237746,276314,276314,276314,276314,63258875196,0,19999234136594115180889
2026-06-04 10:18:00,100096526908,-100000000000000000000000,276314,276314,276314,276314,100096526908,0,19999234136594115180889
2026-06-04 10:19:00,94800652908,-94710208435768041704659,276314,276314,276314,276314,100095578407,5289791564231958295341,19999234136594115180889
2026-06-04 10:20:00,-174969412700,174798937288609004052280,276314,276314,276314,276314,100097329002,274798937288609004052280,19999234136594115180889
2026-06-04 10:21:00,-52398864347,52347515954021437301786,276314,276314,276314,276314,0,52347515954021437301786,19999234136594115180889
2026-06-04 10:22:00,81925967711,-81846811475513403913905,276314,276314,276314,276314,100750782440,18806488525191912576678,19999234136594115180889
2026-06-04 10:23:00,100096032088,-100000000000000000000000,276314,276314,276314,276314,100096032088,0,19999234136594115180889
2026-06-04 10:24:00,28310285613,-28284023408910478593722,276314,276314,276314,276314,100095030619,71715976591089521406278,19999234136594115180889
2026-06-04 10:25:00,-199905252630,199710035454389952986400,276314,276314,276314,276314,100094747370,299710035454389952986400,19999234136594115180889
2026-06-04 10:26:00,100096747425,-100000000000000000000000,276314,276314,276314,276314,100096747425,0,19999234136594115180889
2026-06-04 10:27:00,100095745946,-100000000000000000000000,276314,276314,276314,276314,100095745946,0,19999234136594115180889
2026-06-04 10:28:00,100094744481,-100000000000000000000000,276314,276314,276314,276314,100094744481,0,19999234136594115180889
2026-06-04 10:30:00,29329118461,-29302253558587255735243,276314,276314,276314,276314,100093771755,70697746441412744264757,19999234136594115180889
2026-06-04 10:31:00,-31936446092,31904799716183483815858,276314,276314,276314,276314,130139000136,161920387946768240502774,19999234136594115180889
2026-06-04 10:33:00,4963896980,-4959223160599371857695,276314,276314,276314,276314,4963896980,0,19999234136594115180889
2026-06-04 10:35:00,100093719442,-100000000000000000000000,276314,276314,276314,276314,100093719442,0,19999234136594115180889
2026-06-04 10:36:00,100092718007,-100000000000000000000000,276314,276314,276314,276314,100092718007,0,19999234136594115180889
2026-06-04 10:37:00,100091716588,-100000000000000000000000,276314,276314,276314,276314,100091716588,0,19999234136594115180889
2026-06-04 10:38:00,33691063990,-33661080472074602474970,276314,276314,276314,276314,100091379506,66338919527925397525030,19999234136594115180889
2026-06-04 10:39:00,46676082,-46633702432564279502,276314,276314,276314,276314,46676082,0,19999234136594115180889
2026-06-04 10:40:00,34432490174,-34401942100547753399912,276314,276314,276314,276314,100091034540,65598057899452246600088,19999234136594115180889
2026-06-04 10:41:00,27889670905,-27865204347771104862191,276315,276314,276314,276315,100090033145,72134795652228895137809,19999234047163722890450
2026-06-04 10:43:00,23027495166,-23007526896534434737425,276315,276314,276314,276315,100089754110,76992473103465565262575,19999234047163722890450
2026-06-04 10:45:00,-196475492254,196293884912005223778115,276314,276314,276314,276315,100089527119,296293884912005223778115,19999234136594115180889
2026-06-04 10:46:00,100304092005,-100212409327291149974578,276314,276314,276314,276314,100304092005,0,19999234136594115180889
2026-06-04 10:48:00,-170445380007,170287079680387876822332,276314,276314,276314,276314,20554619993,190823035824917088134953,19999234136594115180889
2026-06-04 10:51:00,261286828,-261044865031129369064,276314,276314,276314,276314,261286828,0,19999234136594115180889
2026-06-04 10:53:00,-544566839,544054176457490838696,276314,276314,276314,276314,292043045,835826776414800518116,19999234136594115180889
2026-06-04 10:54:00,-264698951096,264447583478616394276933,276314,276314,276314,276314,9005023275,273444025222489786441491,19999234136594115180889
2026-06-04 10:55:00,366049348150,-365709395491645417820015,276314,276314,276314,276315,568935371201,202700214531156743436607,19999234136594115180889
2026-06-04 10:56:00,-6000276454,5994718652980608161584,276314,276314,276314,276314,0,5994718652980608161584,19999234136594115180889
2026-06-04 10:57:00,-160092704899,159943090144016037835708,276314,276314,276314,276314,0,159943090144016037835708,19999234136594115180889
2026-06-04 10:58:00,2147639270,-2145636711679841852601,276314,276314,276314,276314,2147639270,0,19999234136594115180889
2026-06-04 11:00:00,-203378183420,203184468805264219630054,276314,276314,276314,276314,0,203184468805264219630054,19999234136594115180889
2026-06-04 11:01:00,155732269607,-155585166522523414826787,276314,276314,276314,276314,160151801762,4415277253122613579136,19999234136594115180889
2026-06-04 11:02:00,49249379679,-49203349330497094025216,276314,276314,276314,276314,49249379679,0,19999234136594115180889
2026-06-04 11:03:00,-3137435712,3134460573752511332995,276314,276314,276314,276314,1866678311,4999398047613484291208,19999234136594115180889
2026-06-04 11:06:00,86489069795,-86408792907999999999999,276314,276314,276314,276314,86489069795,0,19999234136594115180889
2026-06-04 11:07:00,22996378917,-22975160000000000000000,276314,276314,276314,276314,22996378917,0,19999234136594115180889
2026-06-04 11:08:00,13886307410,-13873519992840362516510,276314,276314,276314,276314,13886307410,0,19999234136594115180889
2026-06-04 11:09:00,199397733864,-199216238995643358511104,276314,276314,276314,276314,199397733864,0,19999234136594115180889
2026-06-04 11:10:00,-97872165701,97782599292119178872197,276314,276314,276314,276314,0,97782599292119178872197,19999234136594115180889
2026-06-04 11:12:00,108344949610,-108246938301945376000517,276314,276314,276314,276314,108344949610,0,19999234136594115180889
2026-06-04 11:13:00,-12415619264,12404323239620036760728,276314,276314,276314,276314,0,12404323239620036760728,19999234136594115180889
2026-06-04 11:16:00,14523454797,-14510430304457567752711,276314,276314,276314,276314,18792967635,4265632789929963390377,19999234136594115180889
2026-06-04 11:17:00,-55135733910,55085393949793454264429,276314,276314,276314,276314,7022278227,62101361597001486361856,19999234136594115180889
2026-06-04 11:18:00,369840266129,-369514689929614196099983,276315,276315,276315,276315,581748840061,211724853128972463831949,19999234047163722890450
2026-06-04 11:20:00,-225730461,225532365312435205521,276315,276315,276315,276315,0,225532365312435205521,19999234047163722890450
2026-06-04 11:22:00,138177378100,-138058449592000000000000,276315,276315,276315,276315,138177378100,0,19999234047163722890450
2026-06-04 11:24:00,-7673595972,7666964687961856866752,276315,276315,276315,276315,0,7666964687961856866752,19999234047163722890450
2026-06-04 11:26:00,2044949818,-2043202493460138517662,276315,276315,276315,276315,2044949818,0,19999234047163722890450
2026-06-04 11:29:00,2531911753,-2529748919000000000000,276315,276315,276315,276315,2531911753,0,19999234047163722890450
2026-06-04 11:30:00,16708478698,-16694221869000000000000,276315,276315,276315,276315,16708478698,0,19999234047163722890450
2026-06-04 11:31:00,147796860338,-147671964000000000000000,276315,276315,276315,276315,147796860338,0,19999234047163722890450
2026-06-04 11:33:00,76627340361,-76563444915000000000000,276315,276315,276315,276315,76627340361,0,19999234047163722890450
2026-06-04 11:35:00,215173116976,-214996831212000000000000,276315,276315,276315,276315,215173116976,0,19999234047163722890450
2026-06-04 11:36:00,198573073232,-198414490560000000000000,276316,276316,276316,276316,198573073232,0,19999234047163723890049
2026-06-04 11:37:00,201713601035,-201556542835000000000000,276316,276316,276316,276316,201713601035,0,19999234047163723890049
2026-06-04 11:38:00,196005468980,-195856748927266626192173,276316,276316,276316,276316,196033577624,28087310274373223745,19999234047163723890049
2026-06-04 11:40:00,940704511,-940000000000000000000,276316,276316,276316,276316,940704511,0,19999234047163723890049
2026-06-04 11:43:00,-259310302237,259110162369634658111405,276316,276316,276316,276316,0,259110162369634658111405,19999234047163723890049
2026-06-04 11:44:00,5086539630,-5082600000380405013203,276316,276316,276316,276316,5086539630,0,19999234047163723890049
2026-06-04 11:45:00,-315018277,314771215245417598616,276316,276316,276316,276316,0,314771215245417598616,19999234047163723890049
2026-06-04 11:48:00,-4137798783,4134552692139082891958,276316,276316,276316,276316,0,4134552692139082891958,19999234047163723890049
2026-06-04 11:49:00,1200930302,-1200000000000000000000,276316,276316,276316,276316,1200930302,0,19999234047163723890049
2026-06-04 11:52:00,-12836245547,12826166207800598892999,276316,276316,276316,276316,0,12826166207800598892999,19999234047163723890049
2026-06-04 11:54:00,-115679391314,115586164221908154259700,276316,276315,276315,276316,165159554815,280614389093028457814260,19999234047163723890049
2026-06-04 11:56:00,-49529692694,49490074188079496808061,276316,276316,276316,276316,0,49490074188079496808061,19999234047163723890049
2026-06-04 11:58:00,1357214243,-1356138912499731413477,276316,276316,276316,276316,1357214243,0,19999234047163723890049
2026-06-04 12:00:00,9221757699,-9214456101000000000000,276316,276316,276316,276316,9221757699,0,19999234047163723890049
2026-06-04 12:01:00,5648049853,-5643582038000000000000,276316,276316,276316,276316,5648049853,0,19999234047163723890049
2026-06-04 12:02:00,23331801174,-23313378630000000000000,276316,276316,276316,276316,23331801174,0,19999234047163723890049
2026-06-04 12:03:00,7636489802,-7630474102357818215771,276316,276316,276316,276316,7854690479,218026458642181784229,19999234047163723890049
2026-06-04 12:06:00,2097804933,-2096152793000000000000,276316,276316,276316,276316,2097804933,0,19999234047163723890049
2026-06-04 12:07:00,562282990,-561840235000000000000,276316,276316,276316,276316,562282990,0,19999234047163723890049
2026-06-04 12:10:00,21683938740,-21666888382000000000000,276316,276316,276316,276316,21683938740,0,19999234047163723890049
2026-06-04 12:11:00,155829334713,-155710262031302048113710,276316,276316,276316,276316,363629734538,207638465050717898200235,19999234047163723890049
2026-06-04 12:12:00,135171210985,-135068087061000000000000,276316,276316,276316,276316,135171210985,0,19999234047163723890049
2026-06-04 12:13:00,190141877387,-189999905000000000000000,276316,276316,276316,276316,190141877387,0,19999234047163723890049
2026-06-04 12:14:00,546709598789,-546321510571000000000000,276316,276317,276316,276317,546709598789,0,19999234047163723890049
2026-06-04 12:15:00,-93071746354,93006856165030743896811,276317,276317,276317,276317,93535546,93100326998084574253319,19999234047163724889697
2026-06-04 12:16:00,216353910546,-216206563822124286554112,276317,276317,276317,276317,216353910546,0,19999234047163724889697
2026-06-04 12:18:00,-1114628258,1113869989240764667161,276317,276317,276317,276317,0,1113869989240764667161,19999234047163724889697
2026-06-04 12:22:00,-187860566859,187730994519596452765800,276317,276317,276317,276317,0,187730994519596452765800,19999234047163724889697
2026-06-04 12:23:00,-656697493,656238367346275309936,276317,276317,276317,276317,0,656238367346275309936,19999234047163724889697
2026-06-04 12:24:00,-1270597546,1269709093898681773331,276317,276317,276317,276317,0,1269709093898681773331,19999234047163724889697
2026-06-04 12:26:00,283678256689,-283486750111354739825979,276317,276317,276317,276317,285252909741,1573552398645260174020,19999234047163724889697
2026-06-04 12:31:00,-204926742,204789241393353792955,276317,276317,276317,276317,0,204789241393353792955,19999234047163724889697
2026-06-04 12:33:00,-2609076207,2607325220845059196044,276317,276317,276317,276317,0,2607325220845059196044,19999234047163724889697
2026-06-04 12:38:00,-222672097815,222520153897028609635948,276317,276317,276317,276317,0,222520153897028609635948,19999234047163724889697
2026-06-04 12:39:00,-19882696992,19868888818266195393470,276317,276317,276317,276317,0,19868888818266195393470,19999234047163724889697
2026-06-04 12:44:00,1221760272,-1220922852210000000000,276317,276317,276317,276317,1221760272,0,19999234047163724889697
2026-06-04 12:54:00,-40789380891,40760934768509461987361,276317,276317,276317,276317,0,40760934768509461987361,19999234047163724889697
2026-06-04 12:55:00,-8685518362,8667938941632673632906,276316,276316,276315,276317,1150905468419,1158712776054132018225802,19999234047163723890049
2026-06-04 13:01:00,-19677665974,19663866463400750775166,276317,276317,276317,276317,0,19663866463400750775166,19999234047163724889697
2026-06-04 13:07:00,130098091160,-130008873898847796463211,276317,276317,276317,276317,130098091160,0,19999234047163724889697
2026-06-04 13:08:00,-315500000000,315277565270621806092357,276316,276316,276316,276316,0,315277565270621806092357,19999234047163723890049
2026-06-04 13:11:00,141496105574,-141396531761714768737074,276317,276317,276317,276317,141496105574,0,19999234047163724889697
2026-06-04 13:12:00,-315454362600,315226477438071873476334,276316,276316,276316,276316,0,315226477438071873476334,19999234047163723890049
2026-06-04 13:15:00,42267137920,-42236873794031583126019,276316,276316,276316,276316,84712762316,42414202789968416873981,19999234047163723890049
2026-06-04 13:18:00,100814671292,-100742194760704267308970,276316,276316,276316,276316,100814671292,0,19999234047163723890049
2026-06-04 13:19:00,8232720757,-8226847024999346000000,276316,276316,276316,276316,8232720757,0,19999234047163723890049
2026-06-04 13:25:00,251034125,-250855128349338764700,276316,276316,276316,276316,251034125,0,19999234047163723890049
2026-06-04 13:27:00,108508044982,-108431379752542292925607,276316,276316,276316,276316,120085042307,11568620248284667594483,19999234047163723890049
2026-06-04 13:30:00,7536385968,-7531096861640334228127,276316,276316,276316,276316,7536385968,0,19999234047163723890049
2026-06-04 13:31:00,-407486922,407197016355670425165,276316,276316,276316,276316,0,407197016355670425165,19999234047163723890049
2026-06-04 13:33:00,1100961414,-1100189181140569717535,276316,276316,276316,276316,1100961414,0,19999234047163723890049
2026-06-04 13:35:00,13727164271,-13717581033150979119478,276316,276316,276316,276316,17238074776,3508412379116534503547,19999234047163723890049
2026-06-04 13:37:00,-2423107170,2421386505554211474155,276316,276316,276316,276316,0,2421386505554211474155,19999234047163723890049
2026-06-04 13:38:00,-5938714904,5934495301846071467481,276316,276316,276316,276316,0,5934495301846071467481,19999234047163723890049
2026-06-04 13:41:00,-526958719,526584131747434471292,276316,276316,276316,276316,0,526584131747434471292,19999234047163723890049
2026-06-04 13:42:00,-42709649725,42679197460414276227928,276316,276316,276316,276316,0,42679197460414276227928,19999234047163723890049
2026-06-04 13:46:00,8005641953,-8000000000000000000000,276316,276316,276316,276316,8005641953,0,19999234047163723890049
2026-06-04 13:51:00,-59600000000,59557247902074456466465,276316,276316,276316,276316,0,59557247902074456466465,19999234047163723890049
2026-06-04 13:52:00,-47160000294,47125920142032462414545,276316,276316,276316,276316,0,47125920142032462414545,19999234047163723890049
2026-06-04 13:54:00,-2210105180,2208502598175521785282,276316,276316,276316,276316,0,2208502598175521785282,19999234047163723890049
2026-06-04 13:55:00,12772321191,-12763194155555615979732,276316,276316,276316,276316,12772321191,0,19999234047163723890049
2026-06-04 13:57:00,1099488446,-1098703518967835615303,276316,276316,276316,276316,1099488446,0,19999234047163723890049
2026-06-04 14:08:00,-1143630163,1142802291076458479616,276316,276316,276316,276316,0,1142802291076458479616,19999234047163723890049
2026-06-04 14:11:00,50007480565,-49971902059000000000000,276316,276316,276316,276316,50007480565,0,19999234047163723890049
2026-06-04 14:12:00,3047888827,-3045728442000000000000,276316,276316,276316,276316,3047888827,0,19999234047163723890049
2026-06-04 14:17:00,255479500592,-255301712306000000000000,276317,276317,276317,276317,255479500592,0,19999234047163724889697
2026-06-04 14:20:00,100011770943,-99943948605952862350139,276317,276317,276317,276317,100011770943,0,19999234047163724889697
2026-06-04 14:21:00,68942341904,-68896170936675403938868,276317,276317,276317,276317,68942341904,0,19999234047163724889697
2026-06-04 14:22:00,630640238,-630220088242000000000,276317,276317,276317,276317,630640238,0,19999234047163724889697
2026-06-04 14:23:00,607715502861,-607330342968179590571962,276318,276317,276317,276318,732776478503,124984785011959270694934,19999234047163725889396
2026-06-04 14:24:00,-8934557078,8929054090054226148777,276317,276317,276317,276317,0,8929054090054226148777,19999234047163724889697
2026-06-04 14:26:00,-24030600,24015787430666989109,276317,276317,276317,276317,0,24015787430666989109,19999234047163724889697
2026-06-04 14:29:00,-197514546897,197390855470427785934334,276317,276317,276317,276317,44789603,197435617042621558153876,19999234047163724889697
2026-06-04 14:34:00,1031367176,-1030721480000000000000,276317,276317,276317,276317,1031367176,0,19999234047163724889697
2026-06-04 14:36:00,-1207784381188,1206934190955242325981327,276316,276315,276315,276316,917935887774,2124156118646869135641266,19999234047163723890049
2026-06-04 14:37:00,141132025458,-141027642000000000000000,276316,276316,276316,276316,141132025458,0,19999234047163723890049
2026-06-04 14:38:00,30067821083,-30045839556863223398400,276316,276316,276316,276316,30067821083,0,19999234047163723890049
2026-06-04 14:39:00,464322469150,-463996112794754812790394,276317,276316,276316,276317,627188330277,162752792718068626996574,19999234047163724889697
2026-06-04 14:40:00,56721621345,-56684203262228210806528,276317,276317,276317,276317,174019455604,117217878693136490501296,19999234047163724889697
2026-06-04 14:41:00,-18739185537,18726284265083654611259,276317,276317,276317,276317,45105817,18771359522829521891488,19999234047163724889697
2026-06-04 14:43:00,-259800108649,259617637075157480864179,276316,276316,276316,276316,0,259617637075157480864179,19999234047163723890049
2026-06-04 14:44:00,14807625922,-14797192501078786024599,276316,276316,276316,276316,14807625922,0,19999234047163723890049
2026-06-04 14:45:00,3631146664,-3628591511000000000000,276316,276316,276316,276316,3631146664,0,19999234047163723890049
2026-06-04 14:46:00,3518131077,-3515656706000000000000,276316,276316,276316,276316,3518131077,0,19999234047163723890049
2026-06-04 14:47:00,46953241841,-46920337068354364682240,276316,276316,276316,276316,46953241841,0,19999234047163723890049
2026-06-04 14:48:00,113084566718,-113006221171212337978851,276317,276317,276317,276317,113084566718,0,19999234047163724889697
2026-06-04 14:51:00,2531947459,-2530207935824846319130,276317,276317,276317,276317,2531947459,0,19999234047163724889697
2026-06-04 14:52:00,-163595725113,163480379000909267681545,276316,276316,276316,276316,0,163480379000909267681545,19999234047163723890049
2026-06-04 14:53:00,-137033189300,136934513902504459441954,276316,276316,276316,276316,0,136934513902504459441954,19999234047163723890049
2026-06-04 14:54:00,48356853087,-48322301136691798091776,276316,276316,276316,276316,48356853087,0,19999234047163723890049
2026-06-04 14:56:00,92610719,-93103820719239101229,276316,276316,276316,276316,56037605700,55904440896303730802336,19999234047163723890049
2026-06-04 14:57:00,170382506170,-170262627552859999999999,276317,276316,276316,276317,170382506170,0,19999234047163724889697
2026-06-04 14:58:00,90027526726,-89965355706000000000000,276317,276317,276317,276317,90027526726,0,19999234047163724889697
2026-06-04 14:59:00,26219954672,-26202000000000000000000,276317,276317,276317,276317,26219954672,0,19999234047163724889697
2026-06-04 15:01:00,86990104789,-86931029184126709783787,276317,276317,276317,276317,87070161103,80000797529772785573,19999234047163724889697
2026-06-04 15:02:00,-3332352767,3330070335585469135805,276317,276317,276317,276317,0,3330070335585469135805,19999234047163724889697
2026-06-04 15:03:00,-24032436356,24015942948887319497360,276317,276317,276317,276317,0,24015942948887319497360,19999234047163724889697
2026-06-04 15:05:00,-278979994696,278784308899857906808443,276316,276316,276316,276316,0,278784308899857906808443,19999234047163723890049
2026-06-04 15:06:00,-637203814051,636727688159595436758864,276316,276316,276316,276316,1107481891,637834337805595436758864,19999234047163723890049
2026-06-04 15:08:00,113028422394,-112942138572999999999999,276316,276316,276316,276316,113028422394,0,19999234047163723890049
2026-06-04 15:09:00,1337545813,-1336532396000000000000,276316,276316,276316,276316,1337545813,0,19999234047163723890049
2026-06-04 15:10:00,5477001243,-5472853350000000000000,276316,276316,276316,276316,5477001243,0,19999234047163723890049
2026-06-04 15:11:00,366680776246,-366410297115550277193990,276316,276316,276316,276316,407028988881,40318798877821761012297,19999234047163723890049
2026-06-04 15:12:00,-68064298396,68014347137603722105540,276316,276316,276316,276316,436299729,68450329568500382667261,19999234047163723890049
2026-06-04 15:16:00,470330701679,-469999714000973974916682,276317,276316,276316,276317,470330701679,0,19999234047163724889697
2026-06-04 15:17:00,-56561199872,56521999594610385774053,276317,276317,276317,276317,0,56521999594610385774053,19999234047163724889697
2026-06-04 15:21:00,298408440,-298203769068312510664,276317,276317,276317,276317,298408440,0,19999234047163724889697
2026-06-04 15:23:00,405971814,-405693381983474881768,276317,276317,276317,276317,405971814,0,19999234047163724889697
2026-06-04 15:24:00,-447556542602,447235121305124393472575,276316,276316,276316,276316,0,447235121305124393472575,19999234047163723890049
2026-06-04 15:25:00,-10000000001,9992589771286164877294,276316,276316,276316,276316,0,9992589771286164877294,19999234047163723890049
2026-06-04 15:26:00,-118990279878,118901338759237116293659,276316,276316,276316,276316,0,118901338759237116293659,19999234047163723890049
2026-06-04 15:27:00,60307558443,-60262906500000000000000,276316,276316,276316,276316,60307558443,0,19999234047163723890049
2026-06-04 15:28:00,-2488834183,2486973757364499639341,276316,276316,276316,276316,0,2486973757364499639341,19999234047163723890049
2026-06-04 15:30:00,1011305196474,-1010615226837289249594349,276317,276318,276317,276318,1504116491137,492504773162710750405651,19999234047163724889697
2026-06-04 15:31:00,-142654634526,142561376950311751130640,276317,276317,276317,276317,0,142561376950311751130640,19999234047163724889697
2026-06-04 15:34:00,-86615516346,86557901236384269106975,276317,276317,276317,276317,0,86557901236384269106975,19999234047163724889697
2026-06-04 15:35:00,280193564389,-280016043766618398753192,276317,276317,276317,276317,615367853674,334964881669981673258584,19999234047163724889697
2026-06-04 15:37:00,-1997854080,1996572224968323348961,276317,276317,276317,276317,0,1996572224968323348961,19999234047163724889697
2026-06-04 15:38:00,-223993800000,223847553425279802152865,276317,276317,276317,276317,0,223847553425279802152865,19999234047163724889697
2026-06-04 15:41:00,-180707150258,180585512619735069207996,276317,276317,276317,276317,0,180585512619735069207996,19999234047163724889697
2026-06-04 15:42:00,350436095,-350200555130028586584,276317,276317,276317,276317,350436095,0,19999234047163724889697
2026-06-04 15:43:00,3031066009,-3029029233000000000000,276317,276317,276317,276317,3031066009,0,19999234047163724889697
2026-06-04 15:44:00,816429647,-815881191000000000000,276317,276317,276317,276317,816429647,0,19999234047163724889697
2026-06-04 15:47:00,100066718044,-100000000000000000000000,276317,276317,276317,276317,100066718044,0,19999234047163724889697
2026-06-04 15:49:00,100065717014,-100000000000000000000000,276317,276317,276317,276317,100065717014,0,19999234047163724889697
2026-06-04 15:50:00,-51146655650,51111679528602895668308,276317,276317,276317,276317,100064721322,151111679528602895668308,19999234047163724889697
2026-06-04 15:51:00,100065227641,-100000000000000000000000,276317,276317,276317,276317,100065227641,0,19999234047163724889697
2026-06-04 15:52:00,44908867,-44879817973354653866,276317,276317,276317,276317,44908867,0,19999234047163724889697
2026-06-04 15:53:00,8908840420,-8903992684591074376747,276317,276317,276317,276317,100064245759,91096007315408925623253,19999234047163724889697
2026-06-04 15:54:00,100064137061,-100000000000000000000000,276317,276317,276317,276317,100064137061,0,19999234047163724889697
2026-06-04 15:55:00,-41825227158,41797119902750078378629,276317,276317,276317,276317,100331208801,142065021201108651787463,19999234047163724889697
2026-06-04 15:56:00,24621667404,-24606690323667178933722,276317,276317,276317,276317,100063554460,75393309676332821066278,19999234047163724889697
2026-06-04 15:57:00,12464184456,-12457119499021315448735,276317,276317,276317,276317,100064184456,87542880500978684551265,19999234047163724889697
2026-06-04 15:59:00,-106053537192,105983419386750242251519,276317,276317,276317,276317,100065205980,205983419386750242251519,19999234047163724889697
2026-06-04 16:00:00,50486890312,-50454846579864301471412,276317,276317,276317,276317,100064740312,49545153420135698528588,19999234047163724889697
2026-06-04 16:01:00,-156139960036,156036939366796980894953,276317,276317,276317,276317,283077492,156319835131202885892667,19999234047163724889697
2026-06-04 16:02:00,100065301255,-100000000000000000000000,276317,276317,276317,276317,100065301255,0,19999234047163724889697
2026-06-04 16:03:00,-135343395608,135252481308488512406932,276317,276317,276317,276317,100064443905,235252481308488512406932,19999234047163724889697
2026-06-04 16:04:00,-43997180702,43967557384318146771373,276317,276317,276317,276317,0,43967557384318146771373,19999234047163724889697
2026-06-04 16:06:00,-63324869090,63281892956908621980310,276317,276317,276317,276317,0,63281892956908621980310,19999234047163724889697
2026-06-04 16:07:00,3457322139,-3455000000000000000000,276317,276317,276317,276317,3457322139,0,19999234047163724889697
2026-06-04 16:10:00,-7126337400,7121475240444821705523,276317,276317,276317,276317,317482402,7438744462914085364161,19999234047163724889697
2026-06-04 16:11:00,972027807,-971374460049045563718,276317,276317,276317,276317,972027807,0,19999234047163724889697
2026-06-04 16:12:00,-2641491909,2639689814751299950308,276317,276317,276317,276317,0,2639689814751299950308,19999234047163724889697
2026-06-04 16:13:00,583654570877,-583279158881000000000000,276317,276317,276317,276317,583654570877,0,19999234047163724889697
2026-06-04 16:14:00,-305129499061,304933432971611118528877,276317,276317,276317,276317,100064995894,404933432971611118528877,19999234047163724889697
2026-06-04 16:15:00,-95316598038,95253756468619386225869,276317,276317,276317,276317,0,95253756468619386225869,19999234047163724889697
2026-06-04 16:16:00,101294849095,-101229108647911027645093,276317,276317,276317,276317,101294849095,0,19999234047163724889697
2026-06-04 16:17:00,-233947489230,233790768975037532279343,276317,276317,276317,276317,100063935083,333790768975037532279343,19999234047163724889697
2026-06-04 16:19:00,-79632420687,79577168375797306350857,276317,276317,276317,276317,100066275374,179577168375797306350857,19999234047163724889697
2026-06-04 16:20:00,88059076198,-88000000000787086786431,276317,276317,276317,276317,88059076198,0,19999234047163724889697
2026-06-04 16:24:00,-33659511003,33635674936345382208790,276317,276317,276317,276317,101067791965,134636618358245027804427,19999234047163724889697
2026-06-04 16:25:00,100066527779,-100000000000000000000000,276317,276317,276317,276317,100066527779,0,19999234047163724889697
2026-06-04 16:26:00,-58833786131,58793204571495397100866,276317,276317,276317,276317,100067116329,158793204571495397100866,19999234047163724889697
2026-06-04 16:27:00,-179190796452,179067111930238887943830,276317,276317,276317,276317,100067433804,279067111930238887943830,19999234047163724889697
2026-06-04 16:28:00,100319755159,-100251677669920853219912,276317,276317,276317,276317,100319755159,0,19999234047163724889697
2026-06-04 16:29:00,16683399893,-16673009234261705118497,276317,276317,276317,276317,100066904277,83326990765738294881503,19999234047163724889697
2026-06-04 16:30:00,-65920066091,65874895993625787802902,276317,276317,276317,276317,79933909,65954775666181639645010,19999234047163724889697
2026-06-04 16:31:00,-27453367748,27434428295005542738560,276317,276317,276317,276317,0,27434428295005542738560,19999234047163724889697
2026-06-04 16:32:00,-9331661830,9325206982343286875137,276317,276317,276317,276317,0,9325206982343286875137,19999234047163724889697
2026-06-04 16:33:00,55668208963,-55630831293882351994455,276317,276317,276317,276317,100068208963,44369168706117648005545,19999234047163724889697
2026-06-04 16:34:00,-321655133652,321429111110394689479094,276316,276317,276316,276317,0,321429111110394689479094,19999234047163723890049
2026-06-04 16:35:00,100070425652,-100000000000000000000000,276316,276316,276316,276316,100070425652,0,19999234047163723890049
2026-06-04 16:36:00,-54552381982,54498509192618455763818,276316,276316,276315,276316,1507106119067,1560429862964536645421930,19999234047163723890049
2026-06-04 16:37:00,-63600000000,63554374567670084454918,276316,276316,276316,276316,0,63554374567670084454918,19999234047163723890049
2026-06-04 16:38:00,93066877325,-93001249892002041473715,276316,276316,276316,276316,100070606460,6998750107997958526285,19999234047163723890049
2026-06-04 16:39:00,-230033624276,229866367415839433935776,276316,276317,276316,276317,100069675435,329866367415839433935776,19999234047163723890049
2026-06-04 16:40:00,100071976641,-100000000000000000000000,276316,276316,276316,276316,100071976641,0,19999234047163723890049
2026-06-04 16:43:00,-342541023348,342287079898860263784141,276316,276316,276316,276316,0,342287079898860263784141,19999234047163723890049
2026-06-04 16:45:00,100074402276,-100000000000000000000000,276316,276316,276316,276316,100074402276,0,19999234047163723890049
2026-06-04 16:47:00,1997474878,-1995999999999999999999,276316,276316,276316,276316,1997474878,0,19999234047163723890049
2026-06-04 16:48:00,-74400000000,74344052667404196509559,276316,276316,276316,276316,0,74344052667404196509559,19999234047163723890049
2026-06-04 16:53:00,101575229702,-101500000000511132110532,276316,276316,276316,276316,101575229702,0,19999234047163723890049
2026-06-04 16:54:00,-179171188812,179035956168796591526906,276316,276316,276316,276316,4828811188,183861127901988041678528,19999234047163723890049
2026-06-04 16:58:00,35772551337,-35745662252442803884032,276316,276316,276316,276316,35772551337,0,19999234047163723890049
2026-06-04 16:59:00,5014292577,-5010533708644287260858,276316,276316,276316,276316,5014292577,0,19999234047163723890049
2026-06-04 17:01:00,58254740,-58211085940109572065,276316,276316,276316,276316,58254740,0,19999234047163723890049
2026-06-04 17:03:00,-216125072390,215958621202486537744231,276316,276316,276316,276316,0,215958621202486537744231,19999234047163723890049
2026-06-04 17:05:00,-456646390662,456278326222359888785142,276315,276316,276315,276316,103055665854,559249309022370360480082,19999234047163722890450
2026-06-04 17:15:00,100081223591,-100000000000000000000000,276315,276315,276315,276315,100081223591,0,19999234047163722890450
2026-06-04 17:16:00,100080222344,-100000000000000000000000,276316,276316,276316,276316,100080222344,0,19999234047163723890049
2026-06-04 17:17:00,58386610808,-58340687922622913986437,276316,276316,276316,276316,100079221112,41659312077377086013563,19999234047163723890049
2026-06-04 17:19:00,-135945244316,135835343719101870516731,276315,276316,276315,276316,12060480094,147886294250465235256859,19999234047163722890450
2026-06-04 17:21:00,-204763024641,204594187945664599297046,276315,276315,276315,276315,0,204594187945664599297046,19999234047163722890450
2026-06-04 17:22:00,100082045534,-100000000000000000000000,276315,276315,276315,276315,100082045534,0,19999234047163722890450
2026-06-04 17:23:00,16193435494,-16181092622633776527806,276315,276315,276315,276315,100081044275,83818907377366223472194,19999234047163722890450
2026-06-04 17:24:00,-8033002490,8025386833893916809279,276315,276315,276315,276315,100080882266,108025386833893916809279,19999234047163722890450
2026-06-04 17:25:00,15179381232,-15167885513201612665531,276315,276315,276315,276315,100080962625,84832114486798387334469,19999234047163722890450
2026-06-04 17:26:00,-41651698633,41616355764258909571531,276315,276315,276315,276315,100080810761,141616355764258909571531,19999234047163722890450
2026-06-04 17:27:00,100081227453,-100000000000000000000000,276315,276315,276315,276315,100081227453,0,19999234047163722890450
2026-06-04 17:29:00,-825423153,823749073662576186297,276316,276315,276315,276316,100080226205,100823749073662576186297,19999234047163723890049
2026-06-04 17:30:00,8655924101,-8649858621753961060911,276315,276316,276315,276316,100080234457,91350141378246038939089,19999234047163722890450
2026-06-04 17:31:00,32982756276,-32956967387391060575991,276316,276315,276315,276316,106585322812,73543032612608939424009,19999234047163723890049
2026-06-04 17:33:00,-548841621368,548379626646771585087338,276315,276315,276315,276315,100086310025,648379626646771585087338,19999234047163722890450
2026-06-04 17:34:00,-108755116587,108659765551913483008596,276315,276315,276315,276315,43210199562,151832355930913483008596,19999234047163722890450
2026-06-04 17:36:00,3291363593,-3288506508606622875784,276315,276315,276315,276315,3291363593,0,19999234047163722890450
2026-06-04 17:38:00,100263365107,-100176849443208787431607,276315,276315,276315,276315,100263365107,0,19999234047163722890450
2026-06-04 17:40:00,23360004600,-23339991835192362803905,276315,276315,276315,276315,23360004600,0,19999234047163722890450
2026-06-04 17:42:00,100085127015,-100000000000000000000000,276315,276315,276315,276315,100085127015,0,19999234047163722890450
2026-06-04 17:43:00,608871776,-608356964996439074904,276315,276315,276315,276315,608871776,0,19999234047163722890450
2026-06-04 17:46:00,100084119618,-100000000000000000000000,276315,276315,276315,276315,100084119618,0,19999234047163722890450
2026-06-04 17:48:00,115409858742,-115314100000000000000000,276315,276315,276315,276315,115409858742,0,19999234047163722890450
2026-06-04 17:49:00,16774918278,-16761943578310256398800,276315,276315,276315,276315,100161001671,83317029382757850399392,19999234047163722890450
2026-06-04 17:50:00,91012996408,-90939404347366679077032,276315,276315,276315,276315,174401483096,83319570395270147452462,19999234047163722890450
2026-06-04 17:51:00,879627086,-878911814116192029702,276315,276315,276315,276315,879627086,0,19999234047163722890450
2026-06-04 17:52:00,-215992560,215814773724598649976,276315,276315,276315,276315,0,215814773724598649976,19999234047163722890450
2026-06-04 17:53:00,-268029341252,267804132366998701426543,276315,276315,276315,276315,100080878719,367804132366998701426543,19999234047163722890450
2026-06-04 17:54:00,100083560178,-100000000000000000000000,276315,276315,276315,276315,100083560178,0,19999234047163722890450
2026-06-04 17:55:00,100082558896,-100000000000000000000000,276315,276315,276315,276315,100082558896,0,19999234047163722890450
2026-06-04 17:56:00,100081557629,-100000000000000000000000,276315,276315,276315,276315,100081557629,0,19999234047163722890450
2026-06-04 17:57:00,-398012893848,397678649828751450810443,276315,276315,276315,276315,0,397678649828751450810443,19999234047163722890450
2026-06-04 17:58:00,17620538970,-17606406834334380684587,276315,276315,276315,276315,100084538251,82393593165665619315413,19999234047163722890450
2026-06-04 17:59:00,14373868718,-14362547717670211435582,276315,276315,276315,276315,100084361962,85637452282329788564418,19999234047163722890450
2026-06-04 18:00:00,58388975207,-58340137492975129704007,276315,276315,276315,276315,100084218154,41659862507024870295993,19999234047163722890450
2026-06-04 18:01:00,-131104182655,130990803070215866070745,276315,276315,276315,276315,100083633999,230990803070215866070745,19999234047163722890450
2026-06-04 18:02:00,-597719745613,597184220907519500497865,276314,276314,276314,276314,142026090440,739079573545899082564515,19999234136594115180889
2026-06-04 18:03:00,208847070241,-208658481481696390997141,276315,276314,276314,276315,208847070241,0,19999234047163722890450
2026-06-04 18:04:00,18747156657,-18730818753228896862229,276315,276315,276315,276315,56551566573,37770431246771103137771,19999234047163722890450
2026-06-04 18:06:00,81641858441,-81569657313387316682571,276315,276315,276315,276315,100088648558,18430342686612683317429,19999234047163722890450
2026-06-04 18:07:00,749784535,-749122845331728117429,276315,276315,276315,276315,749784535,0,19999234047163722890450
2026-06-04 18:11:00,100087824252,-100000000000000000000000,276315,276315,276315,276315,100087824252,0,19999234047163722890450
2026-06-04 18:12:00,-29704452244,29677192044344776871375,276315,276315,276315,276315,100387107218,129977213471033647604171,19999234047163722890450
2026-06-04 18:13:00,731576798,-730936373733550687361,276315,276315,276315,276315,731576798,0,19999234047163722890450
2026-06-04 18:14:00,-1084897478,1083936895349563724818,276315,276315,276315,276315,0,1083936895349563724818,19999234047163722890450
2026-06-04 18:15:00,3752534549,-3749250000000000000000,276315,276315,276315,276315,3752534549,0,19999234047163722890450
2026-06-04 18:17:00,100094403493,-100007311088282624264688,276315,276315,276315,276315,100094403493,0,19999234047163722890450
2026-06-04 18:20:00,100086084666,-100000000000000000000000,276315,276315,276315,276315,100086084666,0,19999234047163722890450
2026-06-04 18:21:00,-10011763822,10003097643163483494818,276315,276315,276315,276315,0,10003097643163483494818,19999234047163722890450
2026-06-04 18:22:00,26793771806,-26771601580614788713953,276315,276315,276315,276315,100085183509,73228398419385211286047,19999234047163722890450
2026-06-04 18:23:00,33041140401,-33013666418327863867122,276315,276315,276315,276315,100084915446,66986333581672136132878,19999234047163722890450
2026-06-04 18:24:00,100084584881,-100000000000000000000000,276315,276315,276315,276315,100084584881,0,19999234047163722890450
2026-06-04 18:25:00,-1001631171,1000779605897925082153,276315,276315,276315,276315,0,1000779605897925082153,19999234047163722890450
2026-06-04 18:26:00,935590821,-935795396520844747348,276315,276315,276315,276315,100083593604,99064204603479155252652,19999234047163722890450
2026-06-04 18:27:00,71699477578,-71639780137270751734739,276315,276315,276315,276315,100083584239,28360219862729248265261,19999234047163722890450
2026-06-04 18:28:00,-144285387212,144161718931970886855300,276315,276315,276315,276315,100082866923,244161718931970886855300,19999234047163722890450
2026-06-04 18:29:00,-234334650,234133732278999383402,276315,276315,276315,276315,0,234133732278999383402,19999234047163722890450
2026-06-04 18:30:00,-80158417313,80088368078405811438126,276315,276315,276315,276315,100084312756,180088368078405811438126,19999234047163722890450
2026-06-04 18:31:00,-60055798860,60003645709083817536022,276315,276315,276315,276315,0,60003645709083817536022,19999234047163722890450
2026-06-04 18:32:00,709561204,-708950000000000000000,276315,276315,276315,276315,709561204,0,19999234047163722890450
2026-06-04 18:33:00,-187548091212,187382916652944030010968,276315,276315,276315,276315,0,187382916652944030010968,19999234047163722890450
2026-06-04 18:34:00,-126709186962,126595603205071734905344,276315,276315,276315,276315,194709181,126790138561032316205548,19999234047163722890450
2026-06-04 18:36:00,100088873993,-100000021523913441867055,276315,276315,276315,276315,100088873993,0,19999234047163722890450
2026-06-04 18:37:00,99934492610,-99846776895980627687641,276315,276315,276315,276315,100087851090,153223104019372312359,19999234047163722890450
2026-06-04 18:38:00,100086851278,-100000000000000000000000,276315,276315,276315,276315,100086851278,0,19999234047163722890450
2026-06-04 18:39:00,23529575070,-23510067220202625211038,276315,276315,276315,276315,100085849946,76489932779797374788962,19999234047163722890450
2026-06-04 18:40:00,64342079563,-64287282792189650439250,276315,276315,276315,276315,100085614539,35712717207810349560750,19999234047163722890450
2026-06-04 18:41:00,9764494250,-9757062716033814105082,276315,276315,276315,276315,100084970822,90242937283966185894918,19999234047163722890450
2026-06-04 18:42:00,31684873128,-31658579180007831373470,276315,276315,276315,276315,100084873128,68341420819992168626530,19999234047163722890450
2026-06-04 18:43:00,86281202020,-86208386051742203627163,276315,276315,276315,276315,100084556132,13791613948257796372837,19999234047163722890450
2026-06-04 18:45:00,-9301641843,9292719792269914067148,276315,276315,276315,276315,100083692930,109292719792269914067148,19999234047163722890450
2026-06-04 18:46:00,91101875842,-91025658022454465349160,276315,276315,276315,276315,100083875842,8974341977545534650840,19999234047163722890450
2026-06-04 18:47:00,-130363118420,130252317135111286133512,276315,276315,276315,276315,5014495195,135262568422320484094728,19999234047163722890450
2026-06-04 18:48:00,-213966480636,213781024316245968467760,276315,276315,276315,276315,0,213781024316245968467760,19999234047163722890450
2026-06-04 18:54:00,100086319396,-100000000000000000000000,276315,276315,276315,276315,100086319396,0,19999234047163722890450
2026-06-04 18:56:00,98083581420,-97999979930260156501104,276315,276315,276315,276315,100085318073,2000020069739843498896,19999234047163722890450
2026-06-04 18:57:00,-4912308972,4907094744844670730102,276315,276315,276315,276315,100084336791,104907094744844670730102,19999234047163722890450
2026-06-04 18:58:00,-44955366654,44915687856756333721923,276315,276315,276315,276315,100084385931,144915687856756333721923,19999234047163722890450
2026-06-04 18:59:00,104673955176,-104585253573000000000000,276315,276315,276315,276315,104673955176,0,19999234047163722890450
2026-06-04 19:00:00,80248970713,-80181906316203213360812,276315,276315,276315,276315,100083986907,19818093683796786639188,19999234047163722890450
2026-06-04 19:01:00,-7444332225,7438045265853077788426,276315,276315,276315,276315,0,7438045265853077788426,19999234047163722890450
2026-06-04 19:02:00,83786228,-84715438366961537368,276315,276315,276315,276315,100084060541,99915284561633038462632,19999234047163722890450
2026-06-04 19:03:00,100083059251,-100000000000000000000000,276315,276315,276315,276315,100083059251,0,19999234047163722890450
2026-06-04 19:04:00,-288891233445,288645871300147533455437,276315,276315,276315,276315,0,288645871300147533455437,19999234047163722890450
2026-06-04 19:05:00,101591269034,-101505050000796786639188,276315,276315,276315,276315,101591269034,0,19999234047163722890450
2026-06-04 19:06:00,-105970617406,105879567439461790180594,276315,276315,276315,276315,3229382594,109106190987039497721711,19999234047163722890450
2026-06-04 19:09:00,100084991978,-100000000000000000000000,276315,276315,276315,276315,100084991978,0,19999234047163722890450
2026-06-04 19:10:00,100083990674,-100000000000000000000000,276315,276315,276315,276315,100083990674,0,19999234047163722890450
2026-06-04 19:11:00,-359210657118,358900969557879037446973,276315,276315,276315,276315,0,358900969557879037446973,19999234047163722890450
2026-06-04 19:12:00,61885222507,-61831950338216720262305,276315,276315,276315,276315,100086583108,38168049661783279737695,19999234047163722890450
2026-06-04 19:13:00,34691104639,-34661848551965471737049,276315,276315,276315,276315,100091104639,65343257709305168634940,19999234047163722890450
2026-06-04 19:14:00,100085616894,-100000000000000000000000,276315,276315,276315,276315,100085616894,0,19999234047163722890450
2026-06-04 19:15:00,6718012591,-6713234462109160960341,276315,276315,276315,276315,100084615581,93286765537890839039659,19999234047163722890450
2026-06-04 19:16:00,-159842621708,159703919710415520932500,276315,276315,276315,276315,0,159703919710415520932500,19999234047163722890450
2026-06-04 19:17:00,-81748342052,81675419446454322637420,276315,276315,276315,276315,100086147515,181675419446454322637420,19999234047163722890450
2026-06-04 19:18:00,-10224557614,10214515036323318131293,276315,276315,276315,276315,100088069006,110214515036323318131293,19999234047163722890450
2026-06-04 19:19:00,100087067656,-100000000000000000000000,276315,276315,276315,276315,100087067656,0,19999234047163722890450
2026-06-04 19:20:00,-309870600000,309594695564854434127224,276315,276315,276315,276315,0,309594695564854434127224,19999234047163722890450
2026-06-04 19:21:00,100089166464,-100000000000000000000000,276315,276315,276315,276315,100089166464,0,19999234047163722890450
2026-06-04 19:22:00,100088165098,-100000000000000000000000,276315,276315,276315,276315,100088165098,0,19999234047163722890450
2026-06-04 19:23:00,47887685989,-47846378353823322321376,276315,276315,276315,276315,100087685989,52153621646176677678624,19999234047163722890450
2026-06-04 19:24:00,62354025529,-62300320101264549943996,276315,276315,276315,276315,104051582172,41661147535335086996457,19999234047163722890450
2026-06-04 19:25:00,-37925714095,37891462674372702993291,276315,276315,276315,276315,100086988215,137891462674372702993291,19999234047163722890450
2026-06-04 19:26:00,-11592512600,11581320183374810829329,276315,276315,276315,276315,100087557555,111581320183374810829329,19999234047163722890450
2026-06-04 19:27:00,-313082409722,312802011781003370245240,276314,276315,276314,276315,5252286910,318049731568765756501868,19999234136594115180889
2026-06-04 19:28:00,100089688496,-100000000000000000000000,276315,276315,276315,276315,100089688496,0,19999234047163722890450
2026-06-04 19:29:00,100088687123,-100000000000000000000000,276315,276315,276315,276315,100088687123,0,19999234047163722890450
2026-06-04 19:30:00,-102000000000,101908590464405354961756,276315,276315,276315,276315,0,101908590464405354961756,19999234047163722890450
2026-06-04 19:31:00,100088706240,-100000000000000000000000,276315,276315,276315,276315,100088706240,0,19999234047163722890450
2026-06-04 19:32:00,-11198638759,11187651497800820134878,276315,276315,276315,276315,100087704881,111187651497800820134878,19999234047163722890450
2026-06-04 19:33:00,-121021471220,120911741798482752010454,276315,276315,276315,276315,100087816914,220911741798482752010454,19999234047163722890450
2026-06-04 19:34:00,-212412524372,212217149830724777518046,276314,276315,276314,276315,100089027690,312217149830724777518046,19999234136594115180889
2026-06-04 19:35:00,100091152821,-100000000000000000000000,276314,276314,276314,276314,100091152821,0,19999234136594115180889
2026-06-04 19:36:00,-7601986723,7594022768826653411798,276315,276314,276314,276315,100090151425,107594022768826653411798,19999234047163722890450
2026-06-04 19:37:00,34468602675,-34438073240627973843755,276314,276315,276314,276315,100090227476,65561926759372026156245,19999234136594115180889
2026-06-04 19:38:00,11990034927,-11980095106940140667363,276315,276314,276314,276315,100089882621,88019904893059859332637,19999234047163722890450
2026-06-04 19:39:00,23290531025,-23270321562019569462898,276314,276314,276314,276314,100090531025,76729678437980430537102,19999234136594115180889
2026-06-04 19:40:00,40032531675,-39997202734616197225308,276315,276314,276314,276315,100090130499,60002797265383802774692,19999234047163722890450
2026-06-04 19:41:00,-70745478713,70680169724728854219945,276315,276314,276314,276315,100090096386,170680169724728854219945,19999234047163722890450
2026-06-04 19:42:00,35929931438,-35898207985009879672334,276315,276314,276314,276315,100089836903,64101792014990120327666,19999234047163722890450
2026-06-04 19:43:00,-149060534950,148922934922926032988232,276314,276314,276314,276314,100091970148,248922934922926032988232,19999234136594115180889
2026-06-04 19:44:00,-38707541337,38670706586525918912717,276314,276314,276314,276314,100092357411,138670706586525918912717,19999234136594115180889
2026-06-04 19:45:00,3074921457,-3072100000000000000000,276314,276314,276314,276314,3074921457,0,19999234136594115180889
2026-06-04 19:46:00,58391839793,-58338856996814079567417,276314,276314,276314,276314,100091325233,41661143003185920432583,19999234136594115180889
2026-06-04 19:47:00,16691286265,-16676917878203313205458,276314,276314,276314,276314,100090741028,83323082121796686794542,19999234136594115180889
2026-06-04 19:48:00,-130122316925,130001770713454355904469,276314,276314,276314,276314,1180552,130002950191465720297190,19999234136594115180889
2026-06-04 19:49:00,100091875881,-100000000000000000000000,276314,276314,276314,276314,100091875881,0,19999234136594115180889
2026-06-04 19:50:00,28418227562,-28393040463584000066293,276314,276314,276314,276314,100090874474,71606959536415999933707,19999234136594115180889
2026-06-04 19:51:00,-44217777023,44175995925584028435029,276314,276314,276314,276314,100092015657,144175995925584028435029,19999234136594115180889
2026-06-04 19:53:00,-13908967465,13895099162238600756314,276314,276314,276314,276314,100091032535,113895099162238600756314,19999234136594115180889
2026-06-04 19:54:00,-20021626009,20002068473199292172979,276314,276314,276314,276314,100091171687,120002068473199292172979,19999234136594115180889
2026-06-04 19:55:00,100091371995,-100000000000000000000000,276314,276314,276314,276314,100091371995,0,19999234136594115180889
2026-06-04 19:56:00,17747588504,-17732314092189776133594,276314,276314,276314,276314,100090370596,82267685907810223866406,19999234136594115180889
2026-06-04 19:57:00,18072038790,-18056499186082050086094,276315,276314,276314,276315,100090193030,81943500813917949913906,19999234047163722890450
2026-06-04 19:58:00,-10800213269,10789332795518778168799,276314,276315,276314,276315,100090012218,110789332795518778168799,19999234136594115180889
2026-06-04 19:59:00,100090120266,-100000000000000000000000,276315,276315,276315,276315,100090120266,0,19999234047163722890450
2026-06-04 20:01:00,241541703,-242323013070416706975,276315,276315,276315,276315,100089118887,99757676986929583293025,19999234047163722890450
2026-06-04 20:02:00,31041399063,-31014345841907419263870,276315,276315,276315,276315,100320464975,69216796240934057503150,19999234047163722890450
2026-06-04 20:03:00,-16571456131,16555490658082161316709,276315,276315,276315,276315,100089231100,116555490658082161316709,19999234047163722890450
2026-06-04 20:04:00,100088971687,-100000000000000000000000,276315,276315,276315,276315,100088971687,0,19999234047163722890450
2026-06-04 20:05:00,-63880170373,63822862898058885060632,276315,276315,276315,276315,0,63822862898058885060632,19999234047163722890450
2026-06-04 20:06:00,58386738576,-58335343291458077150455,276315,276315,276315,276315,100088609424,41664656708541922849545,19999234047163722890450
2026-06-04 20:07:00,-3422486862,3418423128172685006869,276315,276315,276315,276315,100272944857,103603179108048838242423,19999234047163722890450
2026-06-04 20:08:00,657500746,-656919000000000000000,276315,276315,276315,276315,657500746,0,19999234047163722890450
2026-06-04 20:09:00,-5006077377,5001596968201104149858,276315,276315,276315,276315,0,5001596968201104149858,19999234047163722890450
2026-06-04 20:11:00,71604143979,-71541296840347382809213,276315,276315,276315,276315,100088387996,28458703159652617190787,19999234047163722890450
2026-06-04 20:13:00,-415807465,414438177990106576887,276315,276315,276315,276315,100088380046,100414438177990106576887,19999234047163722890450
2026-06-04 20:14:00,80624964442,-80554691263436843811025,276315,276315,276315,276315,100888337961,20245358010230683039221,19999234047163722890450
2026-06-04 20:15:00,-50000000000,49955871062955218659828,276315,276315,276315,276315,0,49955871062955218659828,19999234047163722890450
2026-06-04 20:16:00,100087084401,-100000000000000000000000,276315,276315,276315,276315,100087084401,0,19999234047163722890450
2026-06-04 20:17:00,100086083066,-100000000000000000000000,276315,276315,276315,276315,100086083066,0,19999234047163722890450
2026-06-04 20:18:00,23583416559,-23564001035560092334807,276315,276315,276315,276315,95914889998,72269332297773240987101,19999234047163722890450
2026-06-04 20:19:00,-74475000000,74410471338209742759884,276315,276315,276315,276315,0,74410471338209742759884,19999234047163722890450
2026-06-04 20:21:00,34572888207,-34543209164000000000000,276315,276315,276315,276315,34572888207,0,19999234047163722890450
2026-06-04 20:22:00,205916849367,-205742565736699163903957,276315,276315,276315,276315,207157905605,1240006197786139977047,19999234047163722890450
2026-06-04 20:23:00,-8587621592,8580342660036963410432,276315,276315,276315,276315,886295850,9465897468137480089556,19999234047163722890450
2026-06-04 20:24:00,22691400324,-22673206304823767977227,276315,276315,276315,276315,100083270815,77326793695176232022773,19999234047163722890450
2026-06-04 20:25:00,-11492030667,11481316309005074300105,276315,276315,276315,276315,100083742315,111481316309005074300105,19999234047163722890450
2026-06-04 20:26:00,10887023164,-10878667121321415503980,276315,276315,276315,276315,84793367404,73843555100900806717896,19999234047163722890450
2026-06-04 20:27:00,78164801281,-78099853848000000000000,276315,276315,276315,276315,78164801281,0,19999234047163722890450
2026-06-04 20:28:00,424313,-840624475325377901,276315,276315,276315,276315,41701066617,41665826042191341288715,19999234047163722890450
2026-06-04 20:29:00,41881928876,-41847380110379310712696,276315,276315,276315,276315,41881928876,0,19999234047163722890450
2026-06-04 20:30:00,-6915276,6909516471353075232,276315,276315,276315,276315,0,6909516471353075232,19999234047163722890450
2026-06-04 20:32:00,22079921311,-22062557286917047635598,276315,276315,276315,276315,100081928938,77937442713082952364402,19999234047163722890450
2026-06-04 20:33:00,-982041650,981224413258133678044,276315,276315,276315,276315,150141816,1131243022579493896430,19999234047163722890450
2026-06-04 20:34:00,52820989180,-52777777777777777777592,276315,276315,276315,276315,52820989180,0,19999234047163722890450
2026-06-04 20:35:00,16618344289,-16605196413858093539574,276315,276315,276315,276315,55600739937,38950359141697462015914,19999234047163722890450
2026-06-04 20:36:00,28521242690,-28498237101176073897331,276315,276315,276315,276315,44899977817,16365256337923214782986,19999234047163722890450
2026-06-04 20:37:00,41700395759,-41666666666666666666616,276315,276315,276315,276315,41700395759,0,19999234047163722890450
2026-06-04 20:38:00,424427,-840746323949597394,276315,276315,276315,276315,41700221931,41665825920342717069222,19999234047163722890450
2026-06-04 20:39:00,-2309438430,2307551922656584581388,276315,276315,276315,276315,0,2307551922656584581388,19999234047163722890450
2026-06-04 20:40:00,-1201575047,1200593307887285173020,276315,276315,276315,276315,0,1200593307887285173020,19999234047163722890450
2026-06-04 20:41:00,-55851553914,55805761632723692835716,276315,276315,276315,276315,0,55805761632723692835716,19999234047163722890450
2026-06-04 20:42:00,100080834481,-100000000000000000000000,276315,276315,276315,276315,100080834481,0,19999234047163722890450
2026-06-04 20:43:00,52820036755,-52777777777777777777592,276315,276315,276315,276315,52820036755,0,19999234047163722890450
2026-06-04 20:45:00,48422658340,-48384164618378585753564,276316,276316,276316,276316,48649787118,226946492732525357488,19999234047163723890049
2026-06-04 20:46:00,164741080694,-164612598941902483585579,276316,276316,276316,276316,238148789355,73349758167240055131979,19999234047163723890049
2026-06-04 20:47:00,215179440,-215012436717297168681,276316,276316,276316,276316,215179440,0,19999234047163723890049
2026-06-04 20:48:00,41698942556,-41666666666666666666616,276316,276316,276316,276316,41698942556,0,19999234047163723890049
2026-06-04 20:49:00,76447609908,-76388888888888888888796,276316,276316,276316,276316,76447609908,0,19999234047163723890049
2026-06-04 20:50:00,265369,-681829167387711741,276316,276316,276316,276316,41698450073,41665984837499278954875,19999234047163723890049
2026-06-04 20:51:00,-6988873017,6983111905117938740116,276316,276316,276316,276316,34748720463,41705334127340160962296,19999234047163723890049
2026-06-04 20:52:00,-12308606949,12299060293353494398490,276316,276316,276316,276316,0,12299060293353494398490,19999234047163723890049
2026-06-04 20:53:00,34748787495,-34722222222222222222180,276316,276316,276316,276316,34748787495,0,19999234047163723890049
2026-06-04 20:54:00,55597808925,-55555555555555555555488,276316,276316,276316,276316,55597808925,0,19999234047163723890049
2026-06-04 20:55:00,-49765907440,49727603430084555521341,276316,276316,276316,276316,0,49727603430084555521341,19999234047163723890049
2026-06-04 20:56:00,55597776510,-55555555555555555555488,276316,276316,276316,276316,55597776510,0,19999234047163723890049
2026-06-04 20:58:00,-40512580982,40481441431267666576395,276316,276316,276316,276316,0,40481441431267666576395,19999234047163723890049
2026-06-04 20:59:00,55597692668,-55555555555555555555488,276316,276316,276316,276316,55597692668,0,19999234047163723890049
2026-06-04 21:00:00,-46875185706,46839211347385080275806,276316,276316,276316,276316,0,46839211347385080275806,19999234047163723890049
2026-06-04 21:01:00,97295674547,-97222222222222222222104,276316,276316,276316,276316,97295674547,0,19999234047163723890049
2026-06-04 21:03:00,28354646328,-28333759902235749921303,276316,276316,276316,276316,62546933427,34166240097764250078621,19999234047163723890049
2026-06-04 21:04:00,-73286357380,73229829892065409966508,276316,276316,276316,276316,76445967448,149618718780954298855304,19999234047163723890049
2026-06-04 21:05:00,-250268037,250076688180053035025,276316,276316,276316,276316,0,250076688180053035025,19999234047163723890049
2026-06-04 21:06:00,61667353816,-61621010000000000000000,276316,276316,276316,276316,61667353816,0,19999234047163723890049
2026-06-04 21:08:00,649855459,-649369107832984511153,276316,276316,276316,276316,649855459,0,19999234047163723890049
2026-06-04 21:09:00,100074392275,-100000000000000000000000,276316,276316,276316,276316,100074392275,0,19999234047163723890049
2026-06-04 21:10:00,100009727682,-99936383558792068710094,276316,276316,276316,276316,100073391768,63616441207931289906,19999234047163723890049
2026-06-04 21:11:00,-69002338428,68951151100225528060974,276316,276316,276316,276316,0,68951151100225528060974,19999234047163723890049
2026-06-04 21:12:00,24538246362,-24520627788784570159211,276316,276316,276316,276316,63935694969,39368261100104318729357,19999234047163723890049
2026-06-04 21:13:00,8677213650,-8671257954739313085576,276316,276316,276316,276316,48646836650,39939853156371798025476,19999234047163723890049
2026-06-04 21:15:00,1696745,-2112152594106628516,276316,276316,276316,276316,41697100265,41664554514072560038100,19999234047163723890049
2026-06-04 21:16:00,13839376057,-13829673075394512908466,276316,276316,276316,276316,55596095052,41725882480161042647022,19999234047163723890049
2026-06-04 21:17:00,38646581396,-38618521764710684681361,276316,276316,276316,276316,48646581396,9992589346400426429691,19999234047163723890049
2026-06-04 21:18:00,-266389252354,266189039815821527970053,276316,276316,276316,276316,41814195710,307971648614121368586018,19999234047163723890049
2026-06-04 21:20:00,48158625991,-48122462836955260166347,276316,276316,276316,276316,48158625991,0,19999234047163723890049
2026-06-04 21:21:00,3437788017,-3435215382516690737121,276316,276316,276316,276316,3437788017,0,19999234047163723890049
2026-06-04 21:22:00,69496198106,-69444444444444444444360,276316,276316,276316,276316,69496198106,0,19999234047163723890049
2026-06-04 21:23:00,41697487116,-41666666666666666666616,276316,276316,276316,276316,41697487116,0,19999234047163723890049
2026-06-04 21:24:00,41146910643,-41116672907005802978478,276316,276316,276316,276316,41697315601,549993759660863688138,19999234047163723890049
2026-06-04 21:25:00,-125533683,125440417415952491209,276316,276316,276316,276316,0,125440417415952491209,19999234047163723890049
2026-06-04 21:26:00,29447806228,-29426269300578769528921,276316,276316,276316,276316,29841139300,393040834657240492841,19999234047163723890049
2026-06-04 21:27:00,62608330319,-62563031407166728896104,276316,276316,276316,276316,83699816193,21075881383686935997720,19999234047163723890049
2026-06-04 21:30:00,86918870971,-86856491993551551845499,276316,276316,276316,276316,102204646729,15274704052505897903876,19999234047163723890049
2026-06-04 21:31:00,-13992548883,13982393417661322159670,276316,276316,276316,276316,0,13982393417661322159670,19999234047163723890049
2026-06-04 21:32:00,100071199090,-100000000000000000000000,276316,276316,276316,276316,100071199090,0,19999234047163723890049
2026-06-04 21:33:00,30131556073,-30111012798111980991957,276317,276316,276316,276317,100070197993,69888987201888019008043,19999234047163724889697
2026-06-04 21:34:00,-60006181098,59962785934216277117533,276316,276316,276316,276316,40306455154,100240563711994054894897,19999234047163723890049
2026-06-04 21:36:00,54932370779,-54893555241996693147596,276316,276316,276316,276316,55594844061,662000313558862407892,19999234047163723890049
2026-06-04 21:37:00,10568854091,-10561870817056647277137,276316,276316,276316,276316,55744116802,45143139324121111443465,19999234047163723890049
2026-06-04 21:38:00,-29526000000,29504906787803194482620,276316,276316,276316,276316,0,29504906787803194482620,19999234047163723890049
2026-06-04 21:39:00,-61449491694,61404827176397596686421,276316,276316,276316,276316,48645330502,110015938287508707797473,19999234047163723890049
2026-06-04 21:41:00,-53984138232,53945015700661530689753,276316,276316,276316,276316,0,53945015700661530689753,19999234047163723890049
2026-06-04 21:42:00,100071291723,-100000000000000000000000,276316,276316,276316,276316,100071291723,0,19999234047163723890049
2026-06-04 21:43:00,59605656113,-59563669467163596157015,276316,276316,276316,276316,59764322698,158552755058626065013,19999234047163723890049
2026-06-04 21:44:00,-55704743489,55664957389907954757420,276316,276316,276316,276316,0,55664957389907954757420,19999234047163723890049
2026-06-04 21:45:00,-48631136434,48596149094821038477678,276316,276316,276316,276316,0,48596149094821038477678,19999234047163723890049
2026-06-04 21:46:00,97084961807,-97016321882179663099654,276316,276316,276316,276316,97291008887,205900340042559122450,19999234047163723890049
2026-06-04 21:47:00,-31144502287,31121787430768257507977,276316,276316,276316,276316,48645538618,79732898541879368619029,19999234047163723890049
2026-06-04 21:50:00,58312811076,-58272270645621322089565,276317,276316,276316,276317,100070078432,41727729354378677910435,19999234047163724889697
2026-06-04 21:52:00,791980,-1180309449348549225,276317,276316,276316,276317,38916033708,38887708579439540339495,19999234047163724889697
2026-06-04 21:53:00,48645018474,-48611111111111111111052,276317,276317,276317,276317,48645018474,0,19999234047163724889697
2026-06-04 21:54:00,-20831488132,20816371924561630530976,276317,276317,276317,276317,41695541840,62483038591228297197592,19999234047163724889697
2026-06-04 21:55:00,34746369294,-34722222222222222222180,276317,276317,276317,276317,34746369294,0,19999234047163724889697
2026-06-04 21:56:00,-10706175822,10698224738242320564388,276317,276317,276317,276317,41695485512,52364891404908987231004,19999234047163724889697
2026-06-04 21:57:00,-45612949,45580821704161585845,276317,276317,276317,276317,0,45580821704161585845,19999234047163724889697
2026-06-04 21:58:00,-62948678957,62903730624307269142839,276316,276317,276316,276317,41695528653,104570397290973935809455,19999234047163723890049
2026-06-04 21:59:00,44332391121,-44301506450116193438566,276317,276316,276316,276317,51889182854,7551438383122431210542,19999234047163724889697
2026-06-04 22:00:00,34886063523,-34861838782715529256435,276317,276317,276317,276317,34927932735,41839789676213588966,19999234047163724889697
2026-06-04 22:01:00,353719,-700692770280284188,276317,276317,276317,276317,34746229431,34721521529451941937992,19999234047163724889697
2026-06-04 22:02:00,-31793550730,31770604676919858651751,276317,276317,276317,276317,55593929935,87326160232475414207239,19999234047163724889697
2026-06-04 22:03:00,-2954006924,2951921446973915061657,276317,276317,276317,276317,0,2951921446973915061657,19999234047163724889697
2026-06-04 22:05:00,-28567660062,28546752380044950451781,276316,276316,276316,276316,69493260792,97991196824489394896141,19999234047163723890049
2026-06-04 22:06:00,48644995302,-48611111111111111111052,276317,276317,276317,276317,48644995302,0,19999234047163724889697
2026-06-04 22:07:00,-3743712580,3741075841913443817989,276317,276317,276317,276317,0,3741075841913443817989,19999234047163724889697
2026-06-04 22:08:00,-3691062666,3687975529241035889281,276317,276317,276317,276317,48644776949,52299086640352147000333,19999234047163724889697
2026-06-04 22:09:00,55552339824,-55513892535766637278028,276317,276317,276317,276317,55594032232,41663019788918277460,19999234047163724889697
2026-06-04 22:10:00,-7428189848,7422436876616021231707,276317,276317,276317,276317,55594073514,62977992432171576787195,19999234047163724889697
2026-06-04 22:11:00,715838141,-715345669466073670535,276317,276317,276317,276317,863410704,147469257427769211738,19999234047163724889697
2026-06-04 22:12:00,34703363899,-34679896019626094783366,276317,276317,276317,276317,76441341117,41708992869262794105430,19999234047163724889697
2026-06-04 22:13:00,-23689183,23672681413336842036,276317,276317,276317,276317,0,23672681413336842036,19999234047163724889697
2026-06-04 22:14:00,-3658151741,3655243860939648525574,276317,276317,276317,276317,35947048250,39577540364189495883286,19999234047163724889697
2026-06-04 22:16:00,-11621777081,11612976805940972647523,276317,276317,276317,276317,69491937377,81057421250385417091883,19999234047163724889697
2026-06-04 22:17:00,28616961112,-28597581519978722865651,276317,276317,276317,276317,55593802668,26957974035576832689837,19999234047163724889697
2026-06-04 22:18:00,868092314,-867914134897409712412,276317,276317,276317,276317,42556451482,41659468237327246019680,19999234047163724889697
2026-06-04 22:19:00,-182093738598,181962327046374692615708,276316,276316,276316,276316,318353965916,500087331908524410974262,19999234047163723890049
2026-06-04 22:20:00,-107122647205,107045664043581885985998,276316,276316,276316,276316,0,107045664043581885985998,19999234047163723890049
2026-06-04 22:21:00,153859750,-153749895617320657294,276316,276316,276316,276316,153859750,0,19999234047163723890049
2026-06-04 22:22:00,50320221732,-50284938285847296276851,276316,276316,276316,276316,102165350876,51807460041152703723149,19999234047163723890049
2026-06-04 22:23:00,3686129,-3685090470561007787,276316,276316,276316,276316,161202930,157403554639893427438,19999234047163723890049
2026-06-04 22:24:00,80524315487,-80467551712759500737135,276316,276316,276316,276316,80612382647,88003842796054818201,19999234047163723890049
2026-06-04 22:25:00,-4634315297,4630602980972470815957,276316,276317,276316,276317,41695805081,46297269647639137482573,19999234047163723890049
2026-06-04 22:26:00,10566782191,-10559687524872356837269,276316,276317,276316,276317,41695824397,31106979141794309829347,19999234047163723890049
2026-06-04 22:27:00,40694522013,-40666115418452727645163,276317,276316,276316,276317,41695784525,1000551248213939021453,19999234047163724889697
2026-06-04 22:28:00,424295,-840661301926758399,276317,276317,276317,276317,41695610727,41665826005364739908217,19999234047163724889697
2026-06-04 22:29:00,-87269453045,87207438508752531886056,276316,276316,276316,276316,0,87207438508752531886056,19999234047163723890049
2026-06-04 22:30:00,8102626399,-8097254750045687702487,276316,276316,276316,276316,41849219179,33722408651321243258000,19999234047163723890049
2026-06-04 22:31:00,-17414033,17401594661111161426,276316,276316,276316,276316,0,17401594661111161426,19999234047163723890049
2026-06-04 22:32:00,69493138082,-69444444444444444444360,276317,276317,276317,276317,69493138082,0,19999234047163724889697
2026-06-04 22:33:00,21702670980,-21687901525454303409159,276316,276317,276316,276317,55594351225,33867654030101252146329,19999234047163723890049
2026-06-04 22:34:00,-31666283609,31643421070880461667024,276317,276316,276316,276317,48644803866,80254532181991572778076,19999234047163724889697
2026-06-04 22:36:00,-60815157295,60771902401064429920318,276316,276316,276316,276316,0,60771902401064429920318,19999234047163723890049
2026-06-04 22:37:00,34746633851,-34722222222222222222180,276316,276316,276316,276316,34746633851,0,19999234047163723890049
2026-06-04 22:38:00,-3318175692,3315052634598822491327,276316,276316,276316,276317,76442169629,79703941523487711380123,19999234047163723890049
2026-06-04 22:39:00,17219432599,-17207549035405675592742,276316,276316,276316,276316,34746585562,17514673186816546629438,19999234047163723890049
2026-06-04 22:40:00,28732115283,-28712120325668759360786,276317,276317,276317,276317,34746464868,6010101896553462861394,19999234047163724889697
2026-06-04 22:41:00,-85253218110,85192271395102412686052,276316,276316,276316,276316,34746781890,119914493617324634908232,19999234047163723890049
2026-06-04 22:42:00,47654046699,-47620569979900558709470,276316,276316,276316,276316,48645296699,990541131210552401582,19999234047163723890049
2026-06-04 22:43:00,8592579810,-8586827279487085928329,276316,276316,276316,276316,34746586513,26135394942735136293851,19999234047163723890049
2026-06-04 22:44:00,34746465818,-34722222222222222222180,276317,276317,276317,276317,34746465818,0,19999234047163724889697
2026-06-04 22:45:00,34746345125,-34722222222222222222180,276317,276317,276317,276317,34746345125,0,19999234047163724889697
2026-06-04 22:46:00,5462861748,-5459374721347989375086,276317,276317,276317,276317,34946487874,29462870611876840829718,19999234047163724889697
2026-06-04 22:47:00,-41312015863,41282923671793626914973,276317,276317,276317,276317,719259211,42001682178825820446877,19999234047163724889697
2026-06-04 22:48:00,-7695329806,7689407092266242336463,276317,276317,276316,276317,48645117152,56300518203377353447515,19999234047163724889697
2026-06-04 22:49:00,758914447,-758794693493236867302,276317,276317,276317,276317,41695636337,40907871973173429799314,19999234047163724889697
2026-06-04 22:50:00,-4407101204,4403567148323275343399,276317,276317,276317,276317,41848565464,46223059594115630357019,19999234047163724889697
2026-06-04 22:51:00,502289739,-502351184800397151704,276317,276317,276317,276317,41695651542,41164315481866269514912,19999234047163724889697
2026-06-04 22:52:00,-83686316771,83626133129919800020348,276316,276316,276316,276316,65309270918,148889112308079428488246,19999234047163723890049
2026-06-04 22:53:00,41695998271,-41666666666666666666616,276316,276316,276316,276316,41695998271,0,19999234047163723890049
2026-06-04 22:55:00,39248928724,-39221501686108263958721,276317,276317,276316,276317,41695824471,2445164980558402707895,19999234047163724889697
2026-06-04 22:56:00,34746396128,-34722222222222222222180,276317,276317,276317,276317,34746396128,0,19999234047163724889697
2026-06-04 22:57:00,-17945819485,17932753205143699775453,276317,276317,276317,276317,41695516838,59599419871810366442069,19999234047163724889697
2026-06-04 22:58:00,1494866319,-1494228058462843506918,276317,276317,276317,276317,41695590841,40172438608203823159698,19999234047163724889697
2026-06-04 22:59:00,35275648869,-35251236311522265210268,276317,276317,276317,276317,41695611369,6415430355144401456348,19999234047163724889697
2026-06-04 23:00:00,-927929451,926930685220611293986,276317,276317,276317,276317,34746213270,35649152907442833516166,19999234047163724889697
2026-06-04 23:02:00,7934333455,-7929191661446084822145,276317,276317,276317,276317,42679486223,34720815245207611615542,19999234047163724889697
2026-06-04 23:03:00,-53863528260,53825603404937631193979,276317,276317,276317,276317,0,53825603404937631193979,19999234047163724889697
2026-06-04 23:04:00,-907723947,907082342613883765173,276317,276317,276317,276317,0,907082342613883765173,19999234047163724889697
2026-06-04 23:05:00,16674119611,-16662833134612069470866,276316,276316,276316,276317,48645048017,31948277976499041640186,19999234047163723890049
2026-06-04 23:06:00,17104865132,-17093822870767977676840,276317,276317,276317,276317,100628876142,83465600487972982405177,19999234047163724889697
2026-06-04 23:08:00,-6627720859,6622458855448132008966,276317,276317,276317,276317,59763490575,66344681077670354230994,19999234047163724889697
2026-06-04 23:09:00,-890775115425,890107323662462739847680,276316,276316,276316,276316,91239509605,981274963702556437801470,19999234047163723890049
2026-06-04 23:12:00,100077875638,-100000000000000000000000,276316,276316,276316,276316,100077875638,0,19999234047163723890049
2026-06-04 23:13:00,100076874441,-100000000000000000000000,276316,276316,276316,276316,100076874441,0,19999234047163723890049
2026-06-04 23:14:00,7006231170,-7000886777649309586353,276316,276316,276316,276316,7006231170,0,19999234047163723890049
2026-06-04 23:15:00,13666437774,-13656459931131906676933,276316,276316,276316,276316,56987732870,43287984513312537767199,19999234047163723890049
2026-06-04 23:16:00,41698316022,-41666666666666666666616,276316,276316,276316,276316,41698316022,0,19999234047163723890049
2026-06-04 23:17:00,41698142208,-41666666666666666666616,276316,276316,276316,276316,41698142208,0,19999234047163723890049
2026-06-04 23:18:00,1003242923,-1002487772784123778657,276316,276316,276316,276316,1003242923,0,19999234047163723890049
2026-06-04 23:19:00,-23702135628,23683614413411539444487,276316,276316,276316,276316,41697964212,65350281080078206111103,19999234047163723890049
2026-06-04 23:20:00,-34462673005,34435624058032074291499,276316,276316,276316,276316,62547029336,96935624058032074291423,19999234047163723890049
2026-06-04 23:21:00,-1949284871,1947786728627061709302,276316,276316,276316,276316,0,1947786728627061709302,19999234047163723890049
2026-06-04 23:22:00,20591415484,-20576801408739550393469,276316,276316,276316,276316,119338813879,98672042477302267374733,19999234047163723890049
2026-06-04 23:23:00,100075217479,-100000000000000000000000,276316,276316,276316,276316,100075217479,0,19999234047163723890049
2026-06-04 23:24:00,41445302443,-41414444711888888888720,276316,276316,276316,276316,41445302443,0,19999234047163723890049
2026-06-04 23:25:00,41697539043,-41666666666666666666616,276316,276316,276316,276316,41697539043,0,19999234047163723890049
2026-06-04 23:26:00,34747816431,-34722222222222222222180,276316,276316,276316,276316,34747816431,0,19999234047163723890049
2026-06-04 23:27:00,11701525075,-11693163520233328694516,276316,276316,276316,276316,34747775784,23029058701988893527664,19999234047163723890049
2026-06-04 23:28:00,26062429088,-26043498134248796592008,276316,276316,276316,276316,41697171616,15623168532417870074608,19999234047163723890049
2026-06-04 23:30:00,34747564552,-34722222222222222222180,276316,276316,276316,276316,34747564552,0,19999234047163723890049
2026-06-04 23:31:00,41696918140,-41666666666666666666616,276316,276316,276316,276316,41696918140,0,19999234047163723890049
2026-06-04 23:32:00,-35517934630,35491197103111191289986,276316,276316,276316,276316,62545664461,97991197103111191289910,19999234047163723890049
2026-06-04 23:33:00,176820,-523912028984218703,276316,276316,276316,276316,34747422388,34721698310193238003477,19999234047163723890049
2026-06-04 23:35:00,-170046282266,169919102934108312424364,276316,276316,276316,276316,41696892380,211585769600774979090980,19999234047163723890049
2026-06-04 23:36:00,34748013058,-34722222222222222222180,276316,276316,276316,276316,34748013058,0,19999234047163723890049
2026-06-04 23:37:00,34747892357,-34722222222222222222180,276316,276316,276316,276316,34747892357,0,19999234047163723890049
2026-06-04 23:38:00,41630544675,-41599949436803049139054,276316,276316,276316,276316,41697311781,66717229863617527562,19999234047163723890049
2026-06-04 23:39:00,41697137973,-41666666666666666666616,276316,276316,276316,276316,41697137973,0,19999234047163723890049
2026-06-04 23:40:00,18434628310,-18421444721393060298930,276316,276316,276316,276316,41716103074,23264249969080727043542,19999234047163723890049
2026-06-04 23:41:00,1696796,-2112211246114494527,276316,276316,276316,276316,41696887324,41664554455420552172089,19999234047163723890049
2026-06-04 23:42:00,34747418166,-34722222222222222222180,276316,276316,276316,276316,34747418166,0,19999234047163723890049
2026-06-04 23:43:00,-203492725585,203341073801495692137481,276316,276316,276316,276316,34748125021,238063296023717914359661,19999234047163723890049
2026-06-04 23:44:00,12961294799,-12951663759049535520768,276316,276316,276316,276316,12961294799,0,19999234047163723890049
2026-06-04 23:45:00,34719553611,-34693837812937089632258,276316,276316,276316,276316,34747959394,28384409285132589922,19999234047163723890049
2026-06-04 23:46:00,48646940374,-48611111111111111111052,276316,276316,276316,276316,48646940374,0,19999234047163723890049
2026-06-04 23:47:00,34714080873,-34688658259501338778540,276316,276316,276316,276316,34747669712,33563962720883443640,19999234047163723890049
2026-06-04 23:48:00,29287857660,-29266556801704098814323,276316,276316,276316,276316,34747568094,5455665420518123407857,19999234047163723890049
2026-06-04 23:49:00,48646392557,-48611111111111111111052,276316,276316,276316,276316,48646392557,0,19999234047163723890049
2026-06-04 23:51:00,-50236791643,50199503525242252799099,276316,276316,276316,276316,34747278788,84921725747464475021279,19999234047163723890049
2026-06-04 23:52:00,55595866733,-55555555555555555555488,276316,276316,276316,276316,55595866733,0,19999234047163723890049
2026-06-04 23:53:00,-51675876123,51637553747703279211813,276316,276316,276316,276316,34747259800,86359775969925501433993,19999234047163723890049
2026-06-04 23:54:00,34747439299,-34722222222222222222180,276316,276316,276316,276316,34747439299,0,19999234047163723890049
2026-06-04 23:55:00,-55350862389,55309666165132371962717,276316,276316,276316,276316,41696775306,96976332831799038629333,19999234047163723890049
2026-06-04 23:56:00,34747510866,-34722222222222222222180,276316,276316,276316,276316,34747510866,0,19999234047163723890049
2026-06-04 23:57:00,43346559850,-43315182043029777483216,276316,276316,276316,276316,43346559850,0,19999234047163723890049
2026-06-04 23:58:00,-101723695648,101648399345713802064353,276316,276316,276316,276316,34747713644,136370621567936024286533,19999234047163723890049
2026-06-04 23:59:00,34747592943,-34722222222222222222180,276316,276316,276316,276316,34747592943,0,19999234047163723890049
