timestamp,netAmount0,netAmount1,closeTick,openTick,lowestTick,highestTick,inAmount0,inAmount1,currentLiquidity
2026-07-13 00:01:00,87021121171,-86985155787425008677027,276319,276319,276319,276319,87021121171,0,50008671472824772723250
2026-07-13 00:02:00,-6805196423,6802325470260355156424,276319,276319,276319,276319,128368730,6930641370443091915264,50008671472824772723250
2026-07-13 00:03:00,-6286839636,6284186906407672170741,276319,276319,276319,276319,0,6284186906407672170741,50008671472824772723250
2026-07-13 00:04:00,-22772050947,22762294296145740790162,276319,276319,276319,276319,13482890913,36239613287145740790163,50008671472824772723250
2026-07-13 00:05:00,-930587857,930194214826311831233,276319,276319,276319,276319,0,930194214826311831233,50008671472824772723250
2026-07-13 00:07:00,-7816107753,7812771430772664689406,276319,276319,276319,276319,2872307134,10683891165196516818311,50008671472824772723250
2026-07-13 00:08:00,5149636291,-5147508277171550611660,276319,276319,276319,276319,5149636291,0,50008671472824772723250
2026-07-13 00:10:00,-2171758423,2170839394841213606144,276319,276319,276319,276319,0,2170839394841213606144,50008671472824772723250
2026-07-13 00:11:00,42348008869,-42330595650776391850341,276319,276319,276319,276319,47347967504,4997842716223608149659,50008671472824772723250
2026-07-13 00:12:00,-23031951087,23022231985145477765585,276319,276319,276319,276319,0,23022231985145477765585,50008671472824772723250
2026-07-13 00:14:00,70454874161,-70425914402537806771549,276319,276319,276319,276319,70454874161,0,50008671472824772723250
2026-07-13 00:15:00,105396890,-105353716509268418784,276319,276319,276319,276319,105396890,0,50008671472824772723250
2026-07-13 00:16:00,154313101,-154249890585059602025,276319,276319,276319,276319,154313101,0,50008671472824772723250
2026-07-13 00:18:00,-3412372115,3410937492714451180176,276319,276319,276319,276319,250000000,3660835088599617058232,50010841358466982041367
2026-07-13 00:19:00,24900000,-24889797042290380604,276319,276319,276319,276319,24900000,0,50010841358466982041367
2026-07-13 00:20:00,500000,-499795121584920377,276319,276319,276319,276319,500000,0,50010841358466982041367
2026-07-13 00:22:00,1816637613,-1815893300000000000000,276319,276319,276319,276319,1816637613,0,50010841358466982041367
2026-07-13 00:23:00,-429626508,429445992507646420899,276319,276319,276319,276319,20557175,449994745738448581082,50010841358466982041367
2026-07-13 00:24:00,120203342,-120154094914443771225,276319,276319,276319,276319,120203342,0,50010841358466982041367
2026-07-13 00:25:00,3436887355,-3435479510917147412896,276319,276319,276319,276319,3436887355,0,50010841358466982041367
2026-07-13 00:26:00,-553611205467,553368350690567075567905,276319,276319,276319,276319,446188794533,999360554170567075567905,50010841358466982041367
2026-07-13 00:27:00,-227418693281,227316170794810340579985,276319,276319,276319,276319,104311822345,331582192280019890058176,50010841358466982041367
2026-07-13 00:30:00,86443469,-86405367783759190981,276319,276319,276319,276319,86443469,0,50010841358466982041367
2026-07-13 00:32:00,80088952,-80053651535193792016,276319,276319,276319,276319,80088952,0,50010841358466982041367
2026-07-13 00:33:00,181226779178,-181147556730827025639485,276319,276319,276319,276319,181226779178,0,50010841358466982041367
2026-07-13 00:35:00,12603723299,-12598262458087309509614,276319,276319,276319,276319,12603723299,0,50010841358466982041367
2026-07-13 00:36:00,3439072003,-3437583052000000000000,276319,276319,276319,276319,3439072003,0,50010841358466982041367
2026-07-13 00:38:00,-11308804839,11303793856100588227763,276319,276319,276319,276319,0,11303793856100588227763,50010841358466982041367
2026-07-13 00:39:00,195632414,-195547640600625234118,276319,276319,276319,276319,195632414,0,50010841358466982041367
2026-07-13 00:40:00,9867768995,-9863494971891903579543,276319,276319,276319,276319,9867768995,0,50010841358466982041367
2026-07-13 00:41:00,451005150,-450809900478188434037,276319,276319,276319,276319,451005150,0,50010841358466982041367
2026-07-13 00:42:00,-211832625000,211737905496812987959091,276319,276319,276319,276319,0,211737905496812987959091,50010841358466982041367
2026-07-13 00:43:00,-225131226815,225024424773231796725924,276319,276319,276319,276319,417234393738,642067610283694958256156,50010841358466982041367
2026-07-13 00:44:00,89477338781,-89437221707815624600683,276319,276319,276319,276319,91631243463,2152912989184375399317,50010841358466982041367
2026-07-13 00:46:00,147019879218,-146954622406000000000000,276319,276319,276319,276319,147019879218,0,50010841358466982041367
2026-07-13 00:48:00,91614009824,-91573782534000000000000,276319,276319,276319,276319,91614009824,0,50010841358466982041367
2026-07-13 00:53:00,-228088662,227986645393778169023,276319,276319,276319,276319,0,227986645393778169023,50010841358466982041367
2026-07-13 00:55:00,-59475000,59448397954332347291,276319,276319,276319,276319,0,59448397954332347291,50010841358466982041367
2026-07-13 00:56:00,-10125209602,10120678831527177569315,276319,276319,276319,276319,0,10120678831527177569315,50010841358466982041367
2026-07-13 00:58:00,100015046,-99971272156614229055,276319,276319,276319,276319,100015046,0,50010841358466982041367
2026-07-13 01:00:00,2985036116,-2983729813508310909305,276319,276319,276319,276319,2985036116,0,50010841358466982041367
2026-07-13 01:01:00,3093806156,-3092452629581316115700,276319,276319,276319,276319,3093806156,0,50010841358466982041367
2026-07-13 01:02:00,-465152444,464944316497316296032,276319,276319,276319,276319,0,464944316497316296032,50010841358466982041367
2026-07-13 01:03:00,8110197293,-8106656267351978600709,276319,276319,276319,276319,8658978768,548535917648021399292,50010841358466982041367
2026-07-13 01:05:00,-6784015059,6780902118095740730059,276319,276319,276319,276319,7875965811,14653421746095740730059,50010841358466982041367
2026-07-13 01:09:00,221436497,-221339642345550173645,276319,276319,276319,276319,221436497,0,50010841358466982041367
2026-07-13 01:10:00,312611902570,-312477196868969819366988,276319,276319,276319,276319,320115299751,7500135133030180633012,50010841358466982041367
2026-07-13 01:12:00,-16495489474,16488310267476845981727,276319,276319,276319,276319,0,16488310267476845981727,50010841358466982041367
2026-07-13 01:14:00,-236551712108,236447558285351908577460,276319,276319,276319,276319,510241017,236957582172176823936454,50010841358466982041367
2026-07-13 01:16:00,-125211319,125155597988615160989,276319,276319,276319,276319,0,125155597988615160989,50010841358466982041367
2026-07-13 01:17:00,16252486751,-16245421952000000000000,276319,276319,276319,276319,16252486751,0,50010841358466982041367
2026-07-13 01:23:00,4717352119,-4715303509000000000000,276319,276319,276319,276319,4717352119,0,50010841358466982041367
2026-07-13 01:24:00,512715193,-512492589869792279020,276319,276319,276319,276319,512715193,0,50010841358466982041367
2026-07-13 01:25:00,4427670308,-4425748399000000000000,276319,276319,276319,276319,4427670308,0,50010841358466982041367
2026-07-13 01:26:00,4635135371,-4633124247054820708257,276319,276319,276319,276319,4635135371,0,50010841358466982041367
2026-07-13 01:27:00,-6792850556,6789835034056829630357,276319,276319,276319,276319,0,6789835034056829630357,50010841358466982041367
2026-07-13 01:31:00,-1487878364,1487217609695016161219,276319,276319,276319,276319,0,1487217609695016161219,50010841358466982041367
2026-07-13 01:32:00,-6998818731,6995709429357779741527,276319,276319,276319,276319,0,6995709429357779741527,50010841358466982041367
2026-07-13 01:36:00,-314638319684,314496084028677139038722,276319,276319,276319,276319,43219781879,357696510230677139038722,50010841358466982041367
2026-07-13 01:37:00,259148085324,-259033611080565279708463,276319,276319,276319,276319,260913085324,1764199530434720291537,50010841358466982041367
2026-07-13 01:38:00,-7110000000,7106823534304243685768,276319,276319,276319,276319,0,7106823534304243685768,50010841358466982041367
2026-07-13 01:39:00,-120000000,119946371428059227702,276319,276319,276319,276319,0,119946371428059227702,50010841358466982041367
2026-07-13 01:40:00,-118891483976,118836760286571810680306,276319,276319,276319,276319,130835988689,249614723884571810680306,50010841358466982041367
2026-07-13 01:42:00,77647761322,-77613587657390296123707,276319,276319,276319,276319,77647761322,0,50010841358466982041367
2026-07-13 01:43:00,-19214906250,19206279921871790919733,276319,276319,276319,276319,0,19206279921871790919733,50010841358466982041367
2026-07-13 01:44:00,-3636556,3634921000000000000,276319,276319,276319,276319,0,3634921000000000000,50010841358466982041367
2026-07-13 01:45:00,-53232885,53208963839634968765,276319,276319,276319,276319,0,53208963839634968765,50010841358466982041367
2026-07-13 01:47:00,-16333381681,16325161177669117021602,276319,276319,276319,276319,87655211224,103941833106669117021602,50010841358466982041367
2026-07-13 01:50:00,-84000000,83962201680214033632,276319,276319,276319,276319,0,83962201680214033632,50010841358466982041367
2026-07-13 01:51:00,-120000000,119946001911143478896,276319,276319,276319,276319,0,119946001911143478896,50010841358466982041367
2026-07-13 01:52:00,-2824205,2822933000000000000,276319,276319,276319,276319,0,2822933000000000000,50010841358466982041367
2026-07-13 01:53:00,-285778601221,285642447922393555982690,276319,276319,276319,276319,592756594092,878124443850889927932258,50010841358466982041367
2026-07-13 01:54:00,121461854977,-121407320455009945576130,276319,276319,276319,276319,121461854977,0,50010841358466982041367
2026-07-13 01:56:00,1760786230,-1760000000000000000000,276319,276319,276319,276319,1760786230,0,50010841358466982041367
2026-07-13 01:57:00,78245849,-78210913892449869630,276319,276319,276319,276319,78245849,0,50010841358466982041367
2026-07-13 01:58:00,-98000000,97955264796715583493,276319,276319,276319,276319,0,97955264796715583493,50010841358466982041367
2026-07-13 01:59:00,-112000000,111948873583414375010,276319,276319,276319,276319,0,111948873583414375010,50010841358466982041367
2026-07-13 02:01:00,-98,3783751462,276319,276319,276319,276319,9602292,9598005633783751462,50010841358466982041367
2026-07-13 02:02:00,23420903241,-23410456943000000000000,276319,276319,276319,276319,23420903241,0,50010841358466982041367
2026-07-13 02:05:00,113295451445,-113245228401247788204032,276319,276319,276319,276319,113295451445,0,50010841358466982041367
2026-07-13 02:06:00,-79847942893,79811157078582582090087,276319,276319,276319,276319,64533623344,144316031710243641491140,50010841358466982041367
2026-07-13 02:08:00,6867677250,-6864627435239817110809,276319,276319,276319,276319,6867677250,0,50010841358466982041367
2026-07-13 02:09:00,1469716636,-1469064206000000000000,276319,276319,276319,276319,1469716636,0,50010841358466982041367
2026-07-13 02:10:00,-21180272796,21167910931556847557507,276319,276319,276319,276319,274078146501,295122921960460107369213,50010841358466982041367
2026-07-13 02:11:00,13289203640,-13283297021976381456384,276319,276319,276319,276319,13289203640,0,50010841358466982041367
2026-07-13 02:12:00,1500666554,-1500000000000000000000,276319,276319,276319,276319,1500666554,0,50010841358466982041367
2026-07-13 02:13:00,100044233843,-100000000000000000000000,276319,276319,276319,276319,100044233843,0,50010841358466982041367
2026-07-13 02:14:00,9974390,-9970000000000000000,276319,276319,276319,276319,9974390,0,50010841358466982041367
2026-07-13 02:15:00,-10517481356,10512744817450389504504,276319,276319,276319,276319,0,10512744817450389504504,50010841358466982041367
2026-07-13 02:16:00,63482282418,-63454394961000000000000,276319,276319,276319,276319,63482282418,0,50010841358466982041367
2026-07-13 02:17:00,-3338838201,3337342103810694132624,276319,276319,276319,276319,0,3337342103810694132624,50010841358466982041367
2026-07-13 02:18:00,5887238893,-5884661032762861824691,276319,276319,276319,276319,5987238893,99955184237138175309,50010841358466982041367
2026-07-13 02:20:00,52022727960,-52000000000000000000000,276319,276319,276319,276319,52022727960,0,50010841358466982041367
2026-07-13 02:23:00,86156285049,-86118882563000000000000,276319,276319,276319,276319,86158908106,2621895000000000000,50010841358466982041367
2026-07-13 02:24:00,-9911590551,9907202757546326891330,276319,276319,276319,276319,96102603,10003263806528027797631,50010841358466982041367
2026-07-13 02:27:00,71604115768,-71573228067000000000000,276319,276319,276319,276319,71604115768,0,50010841358466982041367
2026-07-13 02:32:00,-4935400836,4933229104936929665617,276319,276319,276319,276319,0,4933229104936929665617,50010841358466982041367
2026-07-13 02:34:00,268672817,-268557253383127483747,276319,276319,276319,276319,268672817,0,50010841358466982041367
2026-07-13 02:35:00,66053144406,-66024820592000000000000,276319,276319,276319,276319,66053144406,0,50010841358466982041367
2026-07-13 02:36:00,74735729976,-74703894293506025761518,276319,276319,276319,276319,74835316980,99543435493974238482,50010841358466982041367
2026-07-13 02:37:00,25548047689,-25537290191107544687725,276319,276319,276319,276319,33002938130,7451650235892455312275,50010841358466982041367
2026-07-13 02:38:00,1682521806,-1681809356000000000000,276319,276319,276319,276319,1682521806,0,50010841358466982041367
2026-07-13 02:39:00,34876062603,-34861330554434932733727,276319,276319,276319,276319,35922530747,1046014582910035301746,50010841358466982041367
2026-07-13 02:40:00,68499405082,-68470591104000000000000,276319,276319,276319,276319,68499405082,0,50010841358466982041367
2026-07-13 02:41:00,20431789068,-20423414464768440474672,276319,276319,276319,276319,38802563454,18362910060231559525328,50010841358466982041367
2026-07-13 02:42:00,56885915800,-56862363165216411610867,276319,276319,276319,276319,75613108392,18719161803783588389133,50010841358466982041367
2026-07-13 02:43:00,-753633388,753312190410472546739,276319,276319,276319,276319,0,753312190410472546739,50010841358466982041367
2026-07-13 02:45:00,70127620,-70098431961920485711,276319,276319,276319,276319,70127620,0,50010841358466982041367
2026-07-13 02:46:00,292721413,-292599580419653393935,276319,276319,276319,276319,292721413,0,50010841358466982041367
2026-07-13 02:47:00,90092877,-90055380732999836361,276319,276319,276319,276319,90092877,0,50010841358466982041367
2026-07-13 02:50:00,-69712501,69682789375618597882,276319,276319,276319,276319,0,69682789375618597882,50010841358466982041367
2026-07-13 02:52:00,84081806,-84046811548868963106,276319,276319,276319,276319,84081806,0,50010841358466982041367
2026-07-13 02:54:00,-41242240000,41224628814586623586563,276319,276319,276319,276319,0,41224628814586623586563,50010841358466982041367
2026-07-13 02:56:00,66925541908,-66897667503925874866832,276319,276319,276319,276319,66994723973,69152465802614809700,50010841358466982041367
2026-07-13 02:57:00,48036942562,-48017045095000000000000,276319,276319,276319,276319,48036942562,0,50010841358466982041367
2026-07-13 02:58:00,149921505360,-149860000075302053770277,276319,276319,276319,276319,150011619468,90075966819881610585,50010841358466982041367
2026-07-13 03:00:00,47965994548,-47946506143875908249719,276319,276319,276319,276319,47990814301,24809443124091750281,50010841358466982041367
2026-07-13 03:02:00,-19221323,19213338737049740400,276319,276319,276319,276319,0,19213338737049740400,50010841358466982041367
2026-07-13 03:03:00,-107396226,107350777503631212526,276319,276319,276319,276319,84101259,191417946259357797515,50010841358466982041367
2026-07-13 03:04:00,438452041,-438274919512400423443,276319,276319,276319,276319,498452041,59975080487599576557,50010841358466982041367
2026-07-13 03:05:00,3201699,-3200402214362213705,276319,276319,276319,276319,3201699,0,50010841358466982041367
2026-07-13 03:06:00,6397692794,-6395136194627209362251,276319,276319,276319,276319,9975240579,3576061679372790637749,50010841358466982041367
2026-07-13 03:07:00,9084855672,-9081185383936509364613,276319,276319,276319,276319,9895748196,810556247137540398589,50010841358466982041367
2026-07-13 03:08:00,-16002108656,15995297629190732583826,276319,276319,276319,276319,16978164776,32966574529197740274563,50010841358466982041367
2026-07-13 03:09:00,-60776133447,60750816447358074139802,276319,276319,276319,276319,0,60750816447358074139802,50010841358466982041367
2026-07-13 03:11:00,23002116820,-22992747588069219956797,276319,276319,276319,276319,23002116820,0,50010841358466982041367
2026-07-13 03:12:00,-9955030497,9950878694441293904159,276319,276319,276319,276319,0,9950878694441293904159,50010841358466982041367
2026-07-13 03:13:00,1250754443,-1250292056927492967391,276319,276319,276319,276319,5948802664,4696088614005677727997,50010841358466982041367
2026-07-13 03:14:00,10000000,-9995927915097516334,276319,276319,276319,276319,10000000,0,50010841358466982041367
2026-07-13 03:15:00,-17190999990,17183821926102991716825,276319,276319,276319,276319,0,17183821926102991716825,50010841358466982041367
2026-07-13 03:16:00,-11503547913,11498738036306875034547,276319,276319,276319,276319,0,11498738036306875034547,50010841358466982041367
2026-07-13 03:17:00,-8904096678,8900369655939465886807,276319,276319,276319,276319,39845621,8940198991939465886807,50010841358466982041367
2026-07-13 03:18:00,235721857,-235625516000000000000,276319,276319,276319,276319,235721857,0,50010841358466982041367
2026-07-13 03:22:00,-916262713,915878334671959033698,276319,276319,276319,276319,72351108,988199873315821651965,50010841358466982041367
2026-07-13 03:25:00,154065435,-154002463888308465769,276319,276319,276319,276319,154065435,0,50010841358466982041367
2026-07-13 03:26:00,-465993457,465798328162659370766,276319,276319,276319,276319,0,465798328162659370766,50010841358466982041367
2026-07-13 03:27:00,-10902405007,10897837286506348443086,276319,276319,276319,276319,0,10897837286506348443086,50010841358466982041367
2026-07-13 03:29:00,-43811879933,43793476412590860823502,276319,276319,276319,276319,0,43793476412590860823502,50010841358466982041367
2026-07-13 03:30:00,-64022741948,63994604514237237940176,276319,276319,276319,276319,110668076531,174617254357237237940176,50010841358466982041367
2026-07-13 03:31:00,-66862336344,66833931347538263538518,276319,276319,276319,276319,0,66833931347538263538518,50010841358466982041367
2026-07-13 03:32:00,-77248487856,77215448074057992626896,276319,276319,276319,276319,0,77215448074057992626896,50010841358466982041367
2026-07-13 03:33:00,-186297187098,186216513131342722528315,276319,276319,276319,276319,1210190163,187426186960199731924085,50010841358466982041367
2026-07-13 03:34:00,21678837495,-21669596505154779633980,276319,276319,276319,276319,21678837495,0,50010841358466982041367
2026-07-13 03:35:00,-141806107407,141743902158907321653646,276319,276319,276319,276319,0,141743902158907321653646,50010841358466982041367
2026-07-13 03:36:00,20480698,-20471861000000000000,276319,276319,276319,276319,20480698,0,50010841358466982041367
2026-07-13 03:37:00,193235364,-193151984207956527597,276319,276319,276319,276319,193235364,0,50010841358466982041367
2026-07-13 03:40:00,-69877265659,69846318031413064749116,276319,276319,276319,276319,0,69846318031413064749116,50010841358466982041367
2026-07-13 03:41:00,-87042958356,87004135357662042393422,276319,276319,276319,276319,0,87004135357662042393422,50010841358466982041367
2026-07-13 03:43:00,40776118736,-40758301610863559712481,276319,276319,276319,276319,40776118736,0,50010841358466982041367
2026-07-13 03:44:00,-43815633046,43796047178719343240262,276319,276319,276319,276319,0,43796047178719343240262,50010841358466982041367
2026-07-13 03:50:00,-83771373246,83733713337440931056553,276319,276319,276319,276319,0,83733713337440931056553,50010841358466982041367
2026-07-13 03:51:00,197810792,-197723512208618060984,276319,276319,276319,276319,197810792,0,50010841358466982041367
2026-07-13 03:53:00,-43769596346,43749807794893818091647,276319,276319,276319,276319,47146953,43796933945848911429733,50010841358466982041367
2026-07-13 03:54:00,-194548366661,194459485582246876520709,276319,276319,276319,276319,0,194459485582246876520709,50010841358466982041367
2026-07-13 03:55:00,83163323492,-83126194774364571471166,276319,276319,276319,276319,105072152170,21898805225828382867555,50010841358466982041367
2026-07-13 03:56:00,-31634977386,31619609093825228040086,276319,276319,276319,276319,87814136319,119394609093825228040086,50010841358466982041367
2026-07-13 03:58:00,160794777219,-160723146663386913680196,276319,276319,276319,276319,160794777219,0,50010841358466982041367
2026-07-13 03:59:00,-139564883730,139501374809070113722350,276319,276319,276319,276319,0,139501374809070113722350,50010841358466982041367
2026-07-13 04:00:00,-39474707373,39456603206899549543385,276319,276319,276319,276319,0,39456603206899549543385,50010841358466982041367
2026-07-13 04:01:00,7761754587,-7758699601553504713436,276319,276319,276319,276319,50991195759,43209631636446495286564,50010841358466982041367
2026-07-13 04:03:00,5898605438,-5895957012028667632136,276319,276319,276319,276319,5898605438,0,50010841358466982041367
2026-07-13 04:04:00,69189282204,-69158320568899549543385,276319,276319,276319,276319,69189282204,0,50010841358466982041367
2026-07-13 04:05:00,-54232920611,54208125947259938878159,276319,276319,276319,276319,0,54208125947259938878159,50010841358466982041367
2026-07-13 04:08:00,-130867437206,130807122095909099462741,276319,276319,276319,276319,0,130807122095909099462741,50010841358466982041367
2026-07-13 04:10:00,-354802740947,354635773776322308466878,276319,276319,276319,276319,0,354635773776322308466878,50010841358466982041367
2026-07-13 04:13:00,-236626005682,236511260898000000000000,276319,276319,276319,276319,59453438356,295936260898568517060053,50010841358466982041367
2026-07-13 04:14:00,-577645971329,577357911450605498808715,276318,276319,276318,276319,0,577357911450605498808715,50010841358486977515672
2026-07-13 04:15:00,-60599919200,60568926497054105099745,276318,276318,276318,276318,0,60568926497054105099745,50010841358486977515672
2026-07-13 04:18:00,750000,-749623014558129640,276318,276318,276318,276318,750000,0,50010841358486977515672
2026-07-13 04:19:00,-789491276,789086536466816168315,276318,276318,276318,276318,0,789086536466816168315,50010841358486977515672
2026-07-13 04:21:00,89035668591,-88991070642444012456487,276318,276318,276318,276318,89035668591,0,50010841358486977515672
2026-07-13 04:25:00,-277155335,277014229081180161104,276318,276318,276318,276318,0,277014229081180161104,50010841358486977515672
2026-07-13 04:28:00,-304692237,304535502308012068080,276318,276318,276318,276318,160619374,465074703584480638763,50010841358486977515672
2026-07-13 04:29:00,-86045145856,86001188981033490680925,276318,276318,276318,276318,0,86001188981033490680925,50010841358486977515672
2026-07-13 04:31:00,3926112,-3924138805049140702,276318,276318,276318,276318,3926112,0,50010841358486977515672
2026-07-13 04:37:00,3594449239,-3592642991000000000000,276318,276318,276318,276318,3594449239,0,50010841358486977515672
2026-07-13 04:39:00,21878619642,-21867636541000000000000,276318,276318,276318,276318,21878619642,0,50010841358486977515672
2026-07-13 04:41:00,30598922693,-30583594070177080147968,276318,276318,276318,276318,30598922693,0,50010841358486977515672
2026-07-13 04:42:00,21405165331,-21394464590139062484992,276318,276318,276318,276318,21405165331,0,50010841358486977515672
2026-07-13 04:43:00,16314877594,-16306734286166216957640,276318,276318,276318,276318,16357977594,43078068994243010872,50010841358486977515672
2026-07-13 04:48:00,86701438949,-86658339494000000000000,276319,276319,276319,276319,86701438949,0,50010841358466982041367
2026-07-13 04:50:00,21650859361,-21640143549636494229504,276319,276319,276319,276319,21650859361,0,50010841358466982041367
2026-07-13 04:51:00,16751065320,-16742787451445554708480,276319,276319,276319,276319,16751065320,0,50010841358466982041367
2026-07-13 04:52:00,97406969169,-97359055778651432817349,276319,276319,276319,276319,97406969169,0,50010841358466982041367
2026-07-13 04:54:00,37176702,-37158487759396763204,276319,276319,276319,276319,37176702,0,50010841358466982041367
2026-07-13 04:58:00,1100935127,-1100395758487450419200,276319,276319,276319,276319,1100935127,0,50010841358466982041367
2026-07-13 04:59:00,30570803123,-30555845253157119078968,276319,276319,276319,276319,30570803123,0,50010841358466982041367
2026-07-13 05:00:00,2241692515,-2240597156631700159150,276319,276319,276319,276319,2241692515,0,50010841358466982041367
2026-07-13 05:04:00,-29309450500,29294820205261755963685,276319,276319,276319,276319,0,29294820205261755963685,50010841358466982041367
2026-07-13 05:05:00,100007278824,-99958499400000000000000,276319,276319,276319,276319,100007278824,0,50010841358466982041367
2026-07-13 05:09:00,100007379793,-99959000000000000000000,276319,276319,276319,276319,100007379793,0,50010841358466982041367
2026-07-13 05:11:00,-2412608136,2411421596649976441867,276319,276319,276319,276319,0,2411421596649976441867,50010841358466982041367
2026-07-13 05:15:00,-377670899799,377482290316506287692774,276319,276319,276319,276319,0,377482290316506287692774,50010841358466982041367
2026-07-13 05:16:00,-1927166088,1926145568548371469863,276319,276319,276319,276319,4349360600,6273344029381877193274,50010841358466982041367
2026-07-13 05:17:00,90001191422,-89956620000000000000000,276319,276319,276319,276319,90001191422,0,50010841358466982041367
2026-07-13 05:18:00,1274110068,-1273493192685552991326,276319,276319,276319,276319,2452616648,1177913258314447008674,50010841358466982041367
2026-07-13 05:20:00,-36018202001,36000031402270341239760,276319,276319,276319,276319,1393818385,37393160057270341239760,50010841358466982041367
2026-07-13 05:21:00,-2998500000,2996986127202044700376,276319,276319,276319,276319,0,2996986127202044700376,50010841358466982041367
2026-07-13 05:22:00,943839544,-943372417000000000000,276319,276319,276319,276319,943839544,0,50010841358466982041367
2026-07-13 05:29:00,129193038,-129129102122965746530,276319,276319,276319,276319,129193038,0,50010841358466982041367
2026-07-13 05:30:00,15007422651,-15000000000000000000000,276319,276319,276319,276319,15007422651,0,50010841358466982041367
2026-07-13 05:31:00,294144611,-293999218004377202236,276319,276319,276319,276319,294144611,0,50010841358466982041367
2026-07-13 05:32:00,8357828021,-8353789580915687843876,276319,276319,276319,276319,17495245401,9132814263084312156124,50010841358466982041367
2026-07-13 05:33:00,-68721117067,68686354846850387505827,276319,276319,276319,276319,3600053202,72284619646850387505827,50010841358466982041367
2026-07-13 05:35:00,-87887032491,87842346302287426688325,276318,276318,276318,276318,0,87842346302287426688325,50010841358486977515672
2026-07-13 05:36:00,-33700523355,33683064468596799764799,276318,276318,276318,276318,24209554206,57880464468596799764799,50010841358486977515672
2026-07-13 05:37:00,9255357235,-9250716848060421225333,276318,276318,276318,276318,9255357235,0,50010841358486977515672
2026-07-13 05:38:00,37266844,-37248166326305137309,276318,276318,276318,276318,37266844,0,50010841358486977515672
2026-07-13 05:39:00,833458753,-833041048697485825913,276318,276318,276318,276318,833458753,0,50010841358486977515672
2026-07-13 05:41:00,57057378,-57028783567356093509,276318,276318,276318,276318,57057378,0,50010841358486977515672
2026-07-13 05:43:00,193488993054,-193392773870000000000000,276319,276318,276318,276319,193488993054,0,50010841358466982041367
2026-07-13 05:49:00,3472379981,-3470666884259176842410,276319,276319,276319,276319,3472379981,0,50010841358466982041367
2026-07-13 05:52:00,-2654970576,2653634253936573101258,276319,276319,276319,276319,0,2653634253936573101258,50010841358466982041367
2026-07-13 05:53:00,37853873981,-37835226077000000000000,276319,276319,276319,276319,37858650302,4773923000000000000,50010841358466982041367
2026-07-13 05:54:00,-17276264479,17267496793584114274227,276319,276319,276319,276319,9134838908,26397844183350435637752,50010841358466982041367
2026-07-13 05:55:00,-4455716,4453476000000000000,276319,276319,276319,276319,0,4453476000000000000,50010841358466982041367
2026-07-13 05:57:00,12456129924,-12449997584038671276280,276319,276319,276319,276319,12456129924,0,50010841358466982041367
2026-07-13 05:58:00,2960894384,-2959437603000000000000,276319,276319,276319,276319,2960894384,0,50010841358466982041367
2026-07-13 06:00:00,12569282756,-12563102478000000000000,276319,276319,276319,276319,12569282756,0,50010841358466982041367
2026-07-13 06:02:00,384277677,-384088828550707445201,276319,276319,276319,276319,384277677,0,50010841358466982041367
2026-07-13 06:08:00,81522012019,-81482082410055264110391,276319,276319,276319,276319,81522012019,0,50010841358466982041367
2026-07-13 06:09:00,695457,-695118462734987707,276319,276319,276319,276319,695457,0,50010841358466982041367
2026-07-13 06:14:00,1033054628642,-1032571643787574406420058,276319,276319,276319,276319,1033054628642,0,50010841358466982041367
2026-07-13 06:15:00,-156537404099,156465395026138237740224,276319,276319,276319,276319,0,156465395026138237740224,50010841358466982041367
2026-07-13 06:16:00,-61374637,61346211000000000000,276319,276319,276319,276319,0,61346211000000000000,50010841358466982041367
2026-07-13 06:17:00,-101999864100,101952415761801678772361,276319,276319,276319,276319,0,101952415761801678772361,50010841358466982041367
2026-07-13 06:18:00,-3386746100,3385153966091946916126,276319,276319,276319,276319,955811598,4340528459218082648166,50010841358466982041367
2026-07-13 06:19:00,7537970038,-7534523620000000000000,276319,276319,276319,276319,7537970038,0,50010841358466982041367
2026-07-13 06:20:00,-42899673764,42879595432656749729316,276319,276319,276319,276319,515317102,43394676116919013814518,50010841358466982041367
2026-07-13 06:22:00,-82728957588,82690029734157522708437,276319,276319,276319,276319,1049347216,83738893806157522708437,50010841358466982041367
2026-07-13 06:23:00,-94974148168,94929133190063114577000,276319,276319,276319,276319,0,94929133190063114577000,50010841358466982041367
2026-07-13 06:24:00,-39188185120,39169459654763359225408,276319,276319,276319,276319,4637518768,43804810234763359225408,50010841358466982041367
2026-07-13 06:26:00,-138082783041,138016476558552531452789,276319,276319,276319,276319,0,138016476558552531452789,50010841358466982041367
2026-07-13 06:27:00,11871175799,-11865569757120746076528,276319,276319,276319,276319,12441704198,570252853879253923472,50010841358466982041367
2026-07-13 06:32:00,1529324248,-1528601714999999999998,276319,276319,276319,276319,1529324248,0,50010841358466982041367
2026-07-13 06:33:00,-69698845462,69665124470249048292778,276319,276319,276319,276319,0,69665124470249048292778,50010841358466982041367
2026-07-13 06:34:00,-120899838800,120840885830930035468369,276319,276319,276319,276319,0,120840885830930035468369,50010841358466982041367
2026-07-13 06:35:00,19230275363,-19221051475164438225599,276319,276319,276319,276319,19230275363,0,50010841358466982041367
2026-07-13 06:37:00,-173527293015,173441785809546708134344,276319,276319,276319,276319,463593010,173905156638022010656955,50010841358466982041367
2026-07-13 06:38:00,3629881077,-3628116476393500522246,276319,276319,276319,276319,3629881077,0,50010841358466982041367
2026-07-13 06:39:00,-277841513311,277700965137655069942080,276319,276318,276318,276319,118170765481,395812729840789069942080,50010841358466982041367
2026-07-13 06:40:00,25200732224,-25188216050000000000000,276319,276319,276319,276319,25200732224,0,50010841358466982041367
2026-07-13 06:42:00,-140653169836,140581580433288367848246,276318,276318,276318,276318,243039439,140824497920567907961965,50010841358486977515672
2026-07-13 06:43:00,191186202167,-191090999800000000000000,276319,276319,276319,276319,191186202167,0,50010841358466982041367
2026-07-13 06:44:00,-641251335,640928051196842059700,276319,276319,276319,276319,0,640928051196842059700,50010841358466982041367
2026-07-13 06:45:00,4102026736,-4100000008000000000000,276319,276319,276319,276319,4102026736,0,50010841358466982041367
2026-07-13 06:47:00,19884227,-19874404240939119287,276319,276319,276319,276319,19884227,0,50010841358466982041367
2026-07-13 06:48:00,-125604559177,125539243726881150003214,276318,276319,276318,276319,169735612655,295191583045347611996629,50010841358486977515672
2026-07-13 06:49:00,14201052389,-14194131779429112597289,276318,276318,276318,276318,30401030789,16191727182570887402711,50010841358486977515672
2026-07-13 06:50:00,19434679648,-19425000000657298661667,276318,276318,276318,276318,19434679648,0,50010841358486977515672
2026-07-13 06:51:00,-112714379064,112656903820536088401243,276318,276318,276318,276318,0,112656903820536088401243,50010841358486977515672
2026-07-13 06:52:00,-327174538,327006966285939451258,276318,276318,276318,276318,0,327006966285939451258,50010841358486977515672
2026-07-13 06:55:00,9157413461,-9152816380000000000000,276318,276318,276318,276318,9157413461,0,50010841358486977515672
2026-07-13 06:56:00,20991008463,-20980483484000000000000,276318,276318,276318,276318,20991008463,0,50010841358486977515672
2026-07-13 06:57:00,84743869493,-84701557596000000000000,276318,276318,276318,276318,84743869493,0,50010841358486977515672
2026-07-13 06:59:00,2400220640,-2399026410473042297496,276318,276318,276318,276318,2400220640,0,50010841358486977515672
2026-07-13 07:00:00,775520731118,-775155529703557877414147,276319,276319,276319,276319,1636395954663,860476552946366896622801,50010841358466982041367
2026-07-13 07:01:00,-410163052393,409964245764167506350675,276319,276319,276319,276319,0,409964245764167506350675,50010841358466982041367
2026-07-13 07:02:00,30396004,-30381325734249832915,276319,276319,276319,276319,30396004,0,50010841358466982041367
2026-07-13 07:03:00,-24978000000,24965675765170039537607,276319,276319,276319,276319,22000000,24987665141367436802914,50010841358466982041367
2026-07-13 07:05:00,-42330853,42309945670007290517,276319,276319,276319,276319,0,42309945670007290517,50010841358466982041367
2026-07-13 07:07:00,14556330613,-14549291033000000000000,276319,276319,276319,276319,14556330613,0,50010841358466982041367
2026-07-13 07:12:00,63029014941,-62998631217200103712275,276319,276319,276319,276319,63029014941,0,50010841358466982041367
2026-07-13 07:13:00,-32133130089,32116603711195302100363,276319,276319,276319,276319,73532058759,105613105802195302100363,50010841358466982041367
2026-07-13 07:14:00,-139203729619,139133506850056992322443,276319,276319,276319,276319,133698050368,272766802620783120839820,50010841358466982041367
2026-07-13 07:16:00,-208973921718,208869054972444982330075,276319,276319,276319,276319,0,208869054972444982330075,50010841358466982041367
2026-07-13 07:18:00,17606228625,-17597502169077090578285,276319,276319,276319,276319,17606228625,0,50010841358466982041367
2026-07-13 07:20:00,30895527311,-30880244009107233767348,276319,276319,276319,276319,30895527311,0,50010841358466982041367
2026-07-13 07:21:00,-165083213,165000000000000000000,276319,276319,276319,276319,0,165000000000000000000,50010841358466982041367
2026-07-13 07:22:00,-5778353402,5775440090901897052750,276319,276319,276319,276319,0,5775440090901897052750,50010841358466982041367
2026-07-13 07:23:00,11683587986,-11677872132121148655195,276319,276319,276319,276319,17344442170,5657999513878851344805,50010841358466982041367
2026-07-13 07:25:00,-943530274397,943036570297085193429283,276318,276318,276318,276318,54274946329,997282608797172842701091,50010841358486977515672
2026-07-13 07:29:00,202472552728,-202366067030576923353437,276318,276318,276318,276318,234114423484,31625011785618284797603,50010841358486977515672
2026-07-13 07:31:00,-46257998828,46233280283311746229343,276318,276318,276318,276318,2067232,46235346430019910154176,50010841358486977515672
2026-07-13 07:32:00,-32387792903,32370435201760296520656,276318,276318,276318,276318,0,32370435201760296520656,50010841358486977515672
2026-07-13 07:33:00,-100000000000,99946142152052511504258,276318,276318,276318,276318,0,99946142152052511504258,50010841358486977515672
2026-07-13 07:34:00,-1342846948,1341121002653703973849,276318,276318,276318,276318,100052886227,101341121002653703973849,50010841358486977515672
2026-07-13 07:35:00,43548143984,-43525073688000000000000,276318,276318,276318,276318,43548143984,0,50010841358486977515672
2026-07-13 07:37:00,10005289749,-10000000000000000000000,276318,276318,276318,276318,10005289749,0,50010841358486977515672
2026-07-13 07:38:00,29973732,-29957891913104167454,276318,276318,276318,276318,29973732,0,50010841358486977515672
2026-07-13 07:39:00,-47963237241,47937353606612036660765,276318,276318,276318,276318,1000530712,48937353606612036660765,50010841358486977515672
2026-07-13 07:43:00,990901656,-990376091000000000000,276318,276318,276318,276318,990901656,0,50010841358486977515672
2026-07-13 07:44:00,2576981789,-2575615165000000000000,276318,276318,276318,276318,2576981789,0,50010841358486977515672
2026-07-13 07:48:00,2644253927,-2642851903000000000000,276318,276318,276318,276318,2644253927,0,50010841358486977515672
2026-07-13 07:49:00,-1250987207,1250311445865433369789,276318,276318,276318,276318,0,1250311445865433369789,50010841358486977515672
2026-07-13 07:52:00,-83811609922,83766193940268744436737,276318,276318,276318,276318,0,83766193940268744436737,50010841358486977515672
2026-07-13 07:53:00,-46628263361,46602874837998314416084,276318,276318,276318,276318,0,46602874837998314416084,50010841358486977515672
2026-07-13 07:54:00,-237447592973,237316957988080304326323,276318,276318,276318,276318,0,237316957988080304326323,50010841358486977515672
2026-07-13 08:00:00,75140832402,-75100000000000000000000,276318,276318,276318,276318,75140832402,0,50010841358486977515672
2026-07-13 08:01:00,2416502,-2415193889336015931,276318,276318,276318,276318,2500000,83451334859119138,50010841358486977515672
2026-07-13 08:02:00,-99462092471,99406995842116299415183,276318,276318,276318,276318,537507529,99944209949003379114072,50010841358486977515672
2026-07-13 08:03:00,6350759479,-6347293504000000000000,276318,276318,276318,276318,6350759479,0,50010841358486977515672
2026-07-13 08:05:00,-291203905267,291038719986919292865062,276318,276318,276318,276318,169174615352,460118974997163251628582,50010841358486977515672
2026-07-13 08:06:00,33042391611,-33023999999000000000000,276318,276318,276318,276318,33042391611,0,50010841358486977515672
2026-07-13 08:08:00,41422994684,-41400000000000000000000,276318,276318,276318,276318,41422994684,0,50010841358486977515672
2026-07-13 08:11:00,26566867632,-26552155951735331946496,276318,276318,276318,276318,26566867632,0,50010841358486977515672
2026-07-13 08:12:00,22234223294,-22221932538984684900352,276318,276318,276318,276318,22234223294,0,50010841358486977515672
2026-07-13 08:13:00,72664749599,-72624719353000000000000,276318,276318,276318,276318,72664749599,0,50010841358486977515672
2026-07-13 08:15:00,73226649229,-73186522879000000000000,276318,276318,276318,276318,73226649229,0,50010841358486977515672
2026-07-13 08:17:00,102258273260,-102202596837000000000000,276318,276318,276318,276318,102258273260,0,50010841358486977515672
2026-07-13 08:19:00,88067546674,-88019931541000000000000,276318,276318,276318,276318,88067546674,0,50010841358486977515672
2026-07-13 08:20:00,529965552099,-529687093338673216200382,276318,276318,276318,276318,683202234574,153156284939326783799617,50010841358486977515672
2026-07-13 08:22:00,-91583529317,91535030899327593455447,276318,276318,276318,276318,0,91535030899327593455447,50010841358486977515672
2026-07-13 08:24:00,-141010812345,140935484215882197166962,276318,276318,276318,276318,0,140935484215882197166962,50010841358486977515672
2026-07-13 08:25:00,-100293470994,100239410583498533576390,276318,276318,276318,276318,0,100239410583498533576390,50010841358486977515672
2026-07-13 08:27:00,28342136941,-28327102427503965429634,276318,276318,276318,276318,28342136941,0,50010841358486977515672
2026-07-13 08:28:00,-28000000000,27984867317939014940366,276318,276318,276318,276318,0,27984867317939014940366,50010841358486977515672
2026-07-13 08:31:00,-228922841760,228797926843141813102038,276318,276318,276318,276318,1781114045,230578078729141813102038,50010841358486977515672
2026-07-13 08:32:00,-87599883200,87551535953720148064911,276318,276318,276318,276318,0,87551535953720148064911,50010841358486977515672
2026-07-13 08:35:00,-66093581533,66056900878826601693100,276318,276318,276318,276318,0,66056900878826601693100,50010841358486977515672
2026-07-13 08:38:00,-449312009418,449058023334400275045291,276318,276318,276318,276318,0,449058023334400275045291,50010841358486977515672
2026-07-13 08:39:00,-377350472512,377130026836054138748220,276318,276318,276318,276318,90627668113,467705026836054138748220,50010841358486977515672
2026-07-13 08:40:00,-723197288419,722760396036973377509859,276317,276318,276317,276318,24070073263,746816371378645258483153,50010841358486976515973
2026-07-13 08:41:00,93739502426,-93682662483000150000010,276317,276317,276317,276317,93739502426,0,50010841358486976515973
2026-07-13 08:42:00,-254139379810,253981811822927217123216,276317,276317,276317,276317,11374266686,265349084822927217123216,50010841358486976515973
2026-07-13 08:43:00,-239915635034,239764625277084481338759,276317,276317,276317,276317,0,239764625277084481338759,50010841358486976515973
2026-07-13 08:44:00,-30299602628,30279087639205155835544,276317,276317,276317,276317,128079623122,158279087640449386076485,50010841358486976515973
2026-07-13 08:45:00,1341656406,-1340817318908156802974,276317,276317,276317,276317,1341656406,0,50010841358486976515973
2026-07-13 08:46:00,24990616268,-24975000000539356258059,276317,276317,276317,276317,24990616268,0,50010841358486976515973
2026-07-13 08:48:00,-259056728362,258891031636233347284192,276317,276317,276317,276317,1575649704,260465683470338741472050,50010841358486976515973
2026-07-13 08:49:00,-123206983823,123127245366688066505779,276317,276317,276317,276317,0,123127245366688066505779,50010841358486976515973
2026-07-13 08:50:00,204485238428,-204355272976000000000000,276317,276317,276317,276317,204485238428,0,50010841358486976515973
2026-07-13 08:51:00,-573278233216,572903920136666224640972,276317,276317,276317,276317,0,572903920136666224640972,50010841358486976515973
2026-07-13 08:52:00,307168157145,-306969033331234260656481,276317,276317,276317,276317,307168157145,0,50010841358486976515973
2026-07-13 08:55:00,-63230470019,63189156665456576543438,276317,276317,276317,276317,0,63189156665456576543438,50010841358486976515973
2026-07-13 08:56:00,76700789,-76651344413532342548,276317,276317,276317,276317,76700789,0,50010841358486976515973
2026-07-13 08:57:00,-229883703163,229732033954845980890751,276317,276317,276317,276317,12318121072,242042127375214431854782,50010841358486976515973
2026-07-13 08:59:00,-258416436385,258243443796542977685858,276317,276317,276317,276317,11631269708,269866985868749034970159,50010841358486976515973
2026-07-13 09:00:00,-232099130674,231941473069529055455934,276317,276317,276317,276317,11300769326,243234629627250911451838,50010841358486976515973
2026-07-13 09:01:00,-408522405,408243209000000000000,276317,276317,276317,276317,0,408243209000000000000,50010841358486976515973
2026-07-13 09:02:00,-153876946604,153771307786349867196021,276317,276317,276317,276317,105071405,153876307786349867196021,50010841358486976515973
2026-07-13 09:04:00,220954584282,-220805401283000000000000,276317,276317,276317,276317,220954584282,0,50010841358486976515973
2026-07-13 09:06:00,58859111324,-58819700114000000000000,276317,276317,276317,276317,58859111324,0,50010841358486976515973
2026-07-13 09:07:00,-216768488232,216620493212737528825458,276317,276317,276317,276317,0,216620493212737528825458,50010841358486976515973
2026-07-13 09:09:00,2222506793,-2221002100000105000010,276317,276317,276317,276317,2222506793,0,50010841358486976515973
2026-07-13 09:10:00,3530119146,-3527729572000000000000,276317,276317,276317,276317,3530119146,0,50010841358486976515973
2026-07-13 09:11:00,94113690648,-94050167664700995650399,276317,276317,276317,276317,94113690648,0,50010841358486976515973
2026-07-13 09:13:00,29984626144,-29964462048578551920457,276317,276317,276317,276317,29984626144,0,50010841358486976515973
2026-07-13 09:14:00,492098127,-491767500000000000000,276317,276317,276317,276317,492098127,0,50010841358486976515973
2026-07-13 09:15:00,-99710289790,99640697528078857417905,276317,276317,276317,276317,140657410910,240204001199078857417905,50010841358486976515973
2026-07-13 09:16:00,45597744468,-45568377257593305037077,276317,276317,276317,276317,186524375530,140829581340485552380828,50010841358486976515973
2026-07-13 09:17:00,-2780192703,2778290847969902742983,276317,276317,276317,276317,0,2778290847969902742983,50010841358486976515973
2026-07-13 09:18:00,41614779802,-41586760400000000000000,276317,276317,276317,276317,41614779802,0,50010841358486976515973
2026-07-13 09:19:00,-458529407340,458212218778337036457465,276317,276317,276317,276317,5810756704,464018979338490017691435,50010841358486976515973
2026-07-13 09:21:00,72614932411,-72564875985490017691435,276317,276317,276317,276317,72614932411,0,50010841358486976515973
2026-07-13 09:26:00,49151395709,-49117633203000000000000,276317,276317,276317,276317,49151395709,0,50010841358486976515973
2026-07-13 09:28:00,3206786328,-3204586914031771626212,276317,276317,276317,276317,3206786328,0,50010841358486976515973
2026-07-13 09:29:00,92836651955,-92774212951815946027667,276317,276317,276317,276317,198516480078,105606073903184053972333,50010841358486976515973
2026-07-13 09:31:00,-230000000000,229839764296628345716541,276317,276317,276317,276317,0,229839764296628345716541,50010841358486976515973
2026-07-13 09:32:00,127098598607,-127011060808000000000000,276317,276317,276317,276317,127098598607,0,50010841358486976515973
2026-07-13 09:34:00,38389130755,-38362817554117310290195,276317,276317,276317,276317,38389130755,0,50010841358486976515973
2026-07-13 09:35:00,10026639787,-10019776888919647848817,276317,276317,276317,276317,10026639787,0,50010841358486976515973
2026-07-13 09:36:00,-5880000,5875917154324076113,276317,276317,276317,276317,0,5875917154324076113,50010841358486976515973
2026-07-13 09:37:00,815353398,-814795493000000000000,276317,276317,276317,276317,815353398,0,50010841358486976515973
2026-07-13 09:38:00,204457536229,-204318489463263176430330,276317,276317,276317,276317,205958550492,1499984522736823569670,50010841358486976515973
2026-07-13 09:40:00,-138963027266,138867285134582671469774,276317,276317,276317,276317,1957739314,140823689943582671469774,50010841358486976515973
2026-07-13 09:41:00,50011323703,-49977285076000000000000,276317,276317,276317,276317,50011323703,0,50010841358486976515973
2026-07-13 09:42:00,1629908211,-1628800547000000000000,276317,276317,276317,276317,1629908211,0,50010841358486976515973
2026-07-13 09:43:00,177278312232,-177158469768397996345151,276317,276317,276317,276317,177278312232,0,50010841358486976515973
2026-07-13 09:44:00,97128436161,-97063308463729030761745,276317,276317,276317,276317,97128436161,0,50010841358486976515973
2026-07-13 09:47:00,-10000000000,9993212154169260841145,276317,276317,276317,276317,0,9993212154169260841145,50010841358486976515973
2026-07-13 09:48:00,-25030334993,25013327272456490710940,276317,276317,276317,276317,0,25013327272456490710940,50010841358486976515973
2026-07-13 09:50:00,-427303048000,427008841428497550206087,276317,276317,276317,276317,0,427008841428497550206087,50010841358486976515973
2026-07-13 09:53:00,120061592190,-119979417919160822324681,276317,276317,276317,276317,122817564390,2754050983839177675319,50010841358486976515973
2026-07-13 09:54:00,65431414382,-65386858308000000000000,276317,276317,276317,276317,65431414382,0,50010841358486976515973
2026-07-13 09:55:00,64994850787,-64950761326000000000000,276317,276317,276317,276317,64994850787,0,50010841358486976515973
2026-07-13 09:57:00,50857871178,-50823489276000000000000,276317,276317,276317,276317,50857871178,0,50010841358486976515973
2026-07-13 10:02:00,79667425031,-79613774465216553909380,276317,276317,276317,276317,79667425031,0,50010841358486976515973
2026-07-13 10:04:00,-52152750753,52117136927909411043663,276317,276317,276317,276317,0,52117136927909411043663,50010841358486976515973
2026-07-13 10:06:00,-221874269479,221721542548854183107677,276317,276317,276317,276317,0,221721542548854183107677,50010841358486976515973
2026-07-13 10:07:00,-196873062071,196735869613237381584979,276317,276317,276317,276317,2837490667,199571400399237381584979,50010841358486976515973
2026-07-13 10:09:00,4124733241,-4121884823046860515009,276317,276317,276317,276317,4124733241,0,50010841358486976515973
2026-07-13 10:10:00,4651090511,-4647879421133122961408,276317,276317,276317,276317,4651090511,0,50010841358486976515973
2026-07-13 10:11:00,-77515858812,77461454798806853773966,276317,276317,276317,276317,0,77461454798806853773966,50010841358486976515973
2026-07-13 10:12:00,24838602759,-24821392022000000000000,276317,276317,276317,276317,24838602759,0,50010841358486976515973
2026-07-13 10:16:00,1601118677,-1600010103055193949248,276317,276317,276317,276317,1601118677,0,50010841358486976515973
2026-07-13 10:17:00,22550000,-22534387682609233569,276317,276317,276317,276317,22550000,0,50010841358486976515973
2026-07-13 10:19:00,-49315112220,49280427920647787138844,276317,276317,276317,276317,0,49280427920647787138844,50010841358486976515973
2026-07-13 10:24:00,-36994617919,36968535088586509708532,276317,276317,276317,276317,0,36968535088586509708532,50010841358486976515973
2026-07-13 10:25:00,2968763471,-2966698012000000000000,276317,276317,276317,276317,2968763471,0,50010841358486976515973
2026-07-13 10:26:00,135796601435,-135702500000000000000000,276317,276317,276317,276317,135796601435,0,50010841358486976515973
2026-07-13 10:27:00,-90828673832,90764907241766610551777,276317,276317,276317,276317,0,90764907241766610551777,50010841358486976515973
2026-07-13 10:28:00,10646065327,-10638688550003595576687,276317,276317,276317,276317,11446065327,799436892996404423313,50010841358486976515973
2026-07-13 10:29:00,1044772776,-1044048800621227496181,276317,276317,276317,276317,1094772776,49964830013197695326,50010841358486976515973
2026-07-13 10:32:00,4022717993,-4019928933348038004121,276317,276317,276317,276317,4022717993,0,50010841358486976515973
2026-07-13 10:36:00,10007147550,-10000212126325546595658,276317,276317,276317,276317,10007147550,0,50010841358486976515973
2026-07-13 10:37:00,-23116359411,23100101629211967575169,276317,276317,276317,276317,0,23100101629211967575169,50010841358486976515973
2026-07-13 10:38:00,7399290179,-7394230191542763049127,276317,276317,276317,276317,14637099179,7232718477457236950873,50010841358486976515973
2026-07-13 10:40:00,-63409461519,63364774670271883324535,276317,276317,276317,276317,0,63364774670271883324535,50010841358486976515973
2026-07-13 10:41:00,10836191643,-10828651909776810624167,276317,276317,276317,276317,10836191643,0,50010841358486976515973
2026-07-13 10:42:00,5833135280,-5829078575979770086125,276317,276317,276317,276317,5833135280,0,50010841358486976515973
2026-07-13 10:44:00,501220887,-500872372753467999534,276317,276317,276317,276317,501220887,0,50010841358486976515973
2026-07-13 10:46:00,1607466033,-1606358353493662846560,276317,276317,276317,276317,2605657591,997487602157581034311,50010841358486976515973
2026-07-13 10:47:00,48852158329,-48818241141748877032036,276317,276317,276317,276317,48852158329,0,50010841358486976515973
2026-07-13 10:50:00,41401791502,-41373121613000000000000,276317,276317,276317,276317,41401791502,0,50010841358486976515973
2026-07-13 10:53:00,-36899950972,36874033088549242349745,276317,276317,276317,276317,0,36874033088549242349745,50010841358486976515973
2026-07-13 10:55:00,-105821563423,105746934523644595158507,276317,276317,276317,276317,0,105746934523644595158507,50010841358486976515973
2026-07-13 10:56:00,89846473141,-89783979579000000000000,276317,276317,276317,276317,89846473141,0,50010841358486976515973
2026-07-13 10:57:00,1956836599,-1955479092000000000000,276317,276317,276317,276317,1956836599,0,50010841358486976515973
2026-07-13 11:01:00,11121621475,-11113909026000000000000,276317,276317,276317,276317,11121621475,0,50010841358486976515973
2026-07-13 11:02:00,7164379065,-7159416517354633926138,276317,276317,276317,276317,7472337766,307742223384881555974,50010841358486976515973
2026-07-13 11:03:00,-464741966351,464410962221634227740356,276316,276317,276316,276317,0,464410962221634227740356,50010841358486975516325
2026-07-13 11:04:00,-202799376944,202652232395938315151706,276316,276316,276316,276316,29991339,202682202395938315151706,50010841358486975516325
2026-07-13 11:05:00,-2726387013,2724397648175798981901,276316,276316,276316,276316,0,2724397648175798981901,50010841358486975516325
2026-07-13 11:06:00,58100419256,-58058669928905033188096,276316,276316,276316,276316,58100419256,0,50010841358486975516325
2026-07-13 11:07:00,6383707989,-6379129059000000000000,276316,276316,276316,276316,6383707989,0,50010841358486975516325
2026-07-13 11:09:00,7903519802,-7897852991000000000000,276316,276316,276316,276316,7903519802,0,50010841358486975516325
2026-07-13 11:11:00,8219549733,-8213658975644595158507,276316,276316,276316,276316,8219549733,0,50010841358486975516325
2026-07-13 11:12:00,-44376473289,44344138025801476193390,276316,276316,276316,276316,5623526711,49963624810801476193390,50010841358486975516325
2026-07-13 11:15:00,-78153898798,78096859045707332026161,276316,276316,276316,276316,0,78096859045707332026161,50010841358486975516325
2026-07-13 11:16:00,3814057298,-3811306101000000000000,276316,276316,276316,276316,3814057298,0,50010841358486975516325
2026-07-13 11:18:00,10147316743,-10140000000000000000000,276316,276316,276316,276316,10147316743,0,50010841358486975516325
2026-07-13 11:23:00,220655118534,-220497031941000000000000,276316,276316,276316,276316,220655118534,0,50010841358486975516325
2026-07-13 11:24:00,-636009742,635550516475814045611,276316,276316,276316,276316,0,635550516475814045611,50010841358486975516325
2026-07-13 11:26:00,-9886000000,9878859833311106859782,276316,276316,276316,276316,0,9878859833311106859782,50010841358486975516325
2026-07-13 11:28:00,62803805074,-62759138979000000000000,276316,276316,276316,276316,62803805074,0,50010841358486975516325
2026-07-13 11:29:00,50000000,-49964502749327525331,276316,276316,276316,276316,50000000,0,50010841358486975516325
2026-07-13 11:30:00,2050013705,-2048558394000000000000,276316,276316,276316,276316,2050013705,0,50010841358486975516325
2026-07-13 11:31:00,2401212625,-2399508210865572528874,276316,276316,276316,276316,2401212625,0,50010841358486975516325
2026-07-13 11:33:00,-159721164277,159605693966027645542837,276316,276316,276316,276316,0,159605693966027645542837,50010841358486975516325
2026-07-13 11:34:00,-60242957271,60199114984113044251598,276316,276316,276316,276316,2501646079,62698963373742017018808,50010841358486975516325
2026-07-13 11:35:00,72551973043,-72499945719090507571635,276316,276316,276316,276316,72551973043,0,50010841358486975516325
2026-07-13 11:36:00,-16338000000,16326139033639479648705,276316,276316,276316,276316,0,16326139033639479648705,50010841358486975516325
2026-07-13 11:37:00,34106708954,-34082431348336116009201,276316,276316,276316,276316,47121709292,13005568651663883990799,50010841358486975516325
2026-07-13 11:39:00,43920561742,-43889280419758124139143,276316,276316,276316,276316,52020550942,8094115899241875860857,50010841358486975516325
2026-07-13 11:40:00,951101079,-950422781162827067521,276316,276316,276316,276316,951101079,0,50010841358486975516325
2026-07-13 11:43:00,135896546400,-135800000300521164707119,276316,276316,276316,276316,135896546400,0,50010841358486975516325
2026-07-13 11:46:00,140852032891,-140752744839000000000000,276316,276316,276316,276316,140852032891,0,50010841358486975516325
2026-07-13 11:47:00,48653302790,-48619190741630120361984,276316,276316,276316,276316,48653302790,0,50010841358486975516325
2026-07-13 11:48:00,166820328193,-166704084281226238455808,276317,276317,276316,276317,166820328193,0,50010841358486976515973
2026-07-13 11:49:00,81902994085,-81846329266000000000000,276317,276317,276317,276317,81902994085,0,50010841358486976515973
2026-07-13 11:51:00,85975673830,-85916479625324135071744,276317,276317,276317,276317,85975673830,0,50010841358486976515973
2026-07-13 11:52:00,-104355677479,104282747501187397481706,276317,276317,276317,276317,0,104282747501187397481706,50010841358486976515973
2026-07-13 11:53:00,-2881769135,2879749009707086306361,276317,276317,276317,276317,0,2879749009707086306361,50010841358486976515973
2026-07-13 11:55:00,129888319000,-129798894567000000000000,276317,276317,276317,276317,129888319000,0,50010841358486976515973
2026-07-13 11:56:00,419261381592,-418977331018264079820815,276317,276317,276317,276317,419261381592,0,50010841358486976515973
2026-07-13 11:59:00,808650797,-808109719730000000000,276317,276317,276317,276317,808650797,0,50010841358486976515973
2026-07-13 12:01:00,8910330,-8904368143032263602,276317,276317,276317,276317,8910330,0,50010841358486976515973
2026-07-13 12:02:00,6767560908,-6763033684000000000000,276317,276317,276317,276317,6767560908,0,50010841358486976515973
2026-07-13 12:04:00,516646639,-516301099304172215198,276317,276317,276317,276317,516646639,0,50010841358486976515973
2026-07-13 12:08:00,9992210692,-9985529858578089370983,276317,276317,276317,276317,9992210692,0,50010841358486976515973
2026-07-13 12:09:00,173256450821,-173141245041000000000000,276317,276317,276317,276317,173256450821,0,50010841358486976515973
2026-07-13 12:10:00,229614706,-229462862285151039128,276317,276317,276317,276317,233700000,4082550287340525107,50010841358486976515973
2026-07-13 12:11:00,-700000000,699529963356771340424,276317,276317,276317,276317,0,699529963356771340424,50010841358486976515973
2026-07-13 12:12:00,96603631831,-96539914800000000000000,276317,276317,276317,276317,96603631831,0,50010841358486976515973
2026-07-13 12:13:00,-9090000000,9083929543087824347303,276317,276317,276317,276317,0,9083929543087824347303,50010841358486976515973
2026-07-13 12:14:00,-3330000000,3327775343087786393434,276317,276317,276317,276317,0,3327775343087786393434,50010841358486976515973
2026-07-13 12:16:00,21909243104,-21894833382000000000000,276317,276317,276317,276317,21909243104,0,50010841358486976515973
2026-07-13 12:19:00,18709122110,-18696832289817203935871,276317,276317,276317,276317,18709122110,0,50010841358486976515973
2026-07-13 12:20:00,-8201789501,8196321591528772722428,276317,276317,276317,276317,0,8196321591528772722428,50010841358486976515973
2026-07-13 12:21:00,-107355428012,107283363270304640457156,276317,276317,276317,276317,24615627213,131882704197071045843396,50010841358486976515973
2026-07-13 12:22:00,14620715211,-14611053256712138183578,276317,276317,276317,276317,14620715211,0,50010841358486976515973
2026-07-13 12:23:00,-10499720070,10492677370250364703770,276317,276317,276317,276317,0,10492677370250364703770,50010841358486976515973
2026-07-13 12:24:00,98636985931,-98571984437000000000000,276317,276317,276317,276317,98636985931,0,50010841358486976515973
2026-07-13 12:25:00,-54845302754,54808631556697794337004,276317,276317,276317,276317,2820227746,57627000000000000000000,50010841358486976515973
2026-07-13 12:26:00,20142178678,-20128908697000000000000,276317,276317,276317,276317,20142178678,0,50010841358486976515973
2026-07-13 12:27:00,389913752872,-389660170268248852659541,276317,276317,276317,276317,400397148289,10476478358751147340459,50010841358486976515973
2026-07-13 12:28:00,22667789962,-22653228571000000000000,276317,276317,276317,276317,22667789962,0,50010841358486976515973
2026-07-13 12:29:00,4263500157,-4260763653000000000000,276317,276317,276317,276317,4263500157,0,50010841358486976515973
2026-07-13 12:30:00,273142131114,-272969614617329646272526,276317,276317,276317,276317,401687541634,128463304796475686961640,50010841358486976515973
2026-07-13 12:31:00,84259885,-84206730484933675899,276317,276317,276317,276317,84259885,0,50010841358486976515973
2026-07-13 12:33:00,-306912294085,306713726360800531272123,276317,276317,276317,276317,537705915,307251093074372933324283,50010841358486976515973
2026-07-13 12:34:00,8160954235,-8155906200289452147383,276317,276317,276317,276317,28072350648,19898406718710547852617,50010841358486976515973
2026-07-13 12:35:00,3941077474,-3938544543509281467622,276317,276317,276317,276317,3941077474,0,50010841358486976515973
2026-07-13 12:36:00,54884092918,-54848883389594820144901,276317,276317,276317,276317,54884092918,0,50010841358486976515973
2026-07-13 12:37:00,104420568,-104353694624767505147,276317,276317,276317,276317,104420568,0,50010841358486976515973
2026-07-13 12:40:00,37451623472,-37427666549000000000000,276317,276317,276317,276317,37451623472,0,50010841358486976515973
2026-07-13 12:42:00,33587913772,-33566476039000000000000,276317,276317,276317,276317,33587913772,0,50010841358486976515973
2026-07-13 12:44:00,-1976349329,1975069405384722595171,276317,276317,276317,276317,0,1975069405384722595171,50010841358486976515973
2026-07-13 12:46:00,-488835000,488513405831450731933,276317,276317,276317,276317,499318412,987513405831450731933,50010841358486976515973
2026-07-13 12:47:00,-1771559189,1770411725287909377688,276317,276317,276317,276317,0,1770411725287909377688,50010841358486976515973
2026-07-13 12:48:00,-160000000,159896359602660000548,276317,276317,276317,276317,0,159896359602660000548,50010841358486976515973
2026-07-13 12:49:00,49784757983,-49753112229687077385101,276317,276317,276317,276317,55344757983,5556410154985759980175,50010841358486976515973
2026-07-13 12:50:00,6075704302,-6071843870313440649528,276317,276317,276317,276317,6235704302,159896716686559350472,50010841358486976515973
2026-07-13 12:51:00,-160000000,159896715663775040112,276317,276317,276317,276317,0,159896715663775040112,50010841358486976515973
2026-07-13 12:52:00,-2450848132,2449237675743115538301,276317,276317,276317,276317,2825648706,5273090142743115538301,50010841358486976515973
2026-07-13 12:53:00,-211792676700,211655041317903308867975,276317,276317,276317,276317,0,211655041317903308867975,50010841358486976515973
2026-07-13 12:56:00,182409731133,-182292906385913039684779,276317,276317,276317,276317,182409731133,0,50010841358486976515973
2026-07-13 13:00:00,263066057174,-262899916932000000000000,276317,276317,276317,276317,263066057174,0,50010841358486976515973
2026-07-13 13:01:00,121501443215,-121425642000000000000000,276317,276317,276317,276317,121501443215,0,50010841358486976515973
2026-07-13 13:03:00,-254058897408,253897185701810778183943,276317,276317,276317,276317,0,253897185701810778183943,50010841358486976515973
2026-07-13 13:05:00,929580867,-928993766880090028546,276317,276317,276317,276317,929580867,0,50010841358486976515973
2026-07-13 13:15:00,-26540728910,26523508343087221266413,276317,276317,276317,276317,17938314278,44450483065598295419292,50010841358486976515973
2026-07-13 13:16:00,-2874311810,2872464579856552230088,276317,276317,276317,276317,0,2872464579856552230088,50010841358486976515973
2026-07-13 13:18:00,-42768467579,42740942635570122502354,276317,276317,276317,276317,0,42740942635570122502354,50010841358486976515973
2026-07-13 13:20:00,610190510,-609804368483219299981,276317,276317,276317,276317,708163662,97910014380571383648,50010841358486976515973
2026-07-13 13:22:00,-53592178008,53557585283871319774985,276317,276317,276317,276317,0,53557585283871319774985,50010841358486976515973
2026-07-13 13:24:00,-1924316029,1923071785367812760919,276317,276317,276317,276317,0,1923071785367812760919,50010841358486976515973
2026-07-13 13:26:00,-357180828646,356947316903224334017826,276317,276317,276317,276317,0,356947316903224334017826,50010841358486976515973
2026-07-13 13:27:00,118661081493,-118585306927517812799557,276317,276317,276317,276317,236861735573,118123374911482187200443,50010841358486976515973
2026-07-13 13:29:00,84429412964,-84375000105000000000000,276317,276317,276317,276317,84429412964,0,50010841358486976515973
2026-07-13 13:30:00,-960408735,959781775698468041768,276317,276317,276317,276317,0,959781775698468041768,50010841358486976515973
2026-07-13 13:31:00,-51713207862,51679394876112667483691,276317,276317,276317,276317,0,51679394876112667483691,50010841358486976515973
2026-07-13 13:32:00,-1971539612,1970248394642965400915,276317,276317,276317,276317,0,1970248394642965400915,50010841358486976515973
2026-07-13 13:36:00,258391498109,-258226176021000000000000,276317,276317,276317,276317,258391498109,0,50010841358486976515973
2026-07-13 13:39:00,-69517331424,69472420934264135938658,276317,276317,276317,276317,0,69472420934264135938658,50010841358486976515973
2026-07-13 13:40:00,-374234452555,373989367379994462249450,276317,276317,276317,276317,0,373989367379994462249450,50010841358486976515973
2026-07-13 13:41:00,119963864966,-119885890468273828785157,276317,276317,276317,276317,119963864966,0,50010841358486976515973
2026-07-13 13:42:00,184934,-184814239183038226,276317,276317,276317,276317,184934,0,50010841358486976515973
2026-07-13 13:43:00,-148947747053,148849297420905606832298,276317,276317,276317,276317,6139605275,154984889480594634966684,50010841358486976515973
2026-07-13 13:44:00,43771202541,-43742634688996055785505,276317,276317,276317,276317,43771202541,0,50010841358486976515973
2026-07-13 13:46:00,54928650378,-54892908770000000000000,276317,276317,276317,276317,54928650378,0,50010841358486976515973
2026-07-13 13:51:00,-24757383246,24741041335138574077676,276317,276317,276317,276317,0,24741041335138574077676,50010841358486976515973
2026-07-13 13:55:00,-121799721,121719262624877350508,276317,276317,276317,276317,0,121719262624877350508,50010841358486976515973
2026-07-13 13:56:00,-5000000000,4996696591968836883733,276317,276317,276317,276317,0,4996696591968836883733,50010841358486976515973
2026-07-13 13:57:00,-1116871583,1116133549377050800398,276317,276317,276317,276317,0,1116133549377050800398,50010841358486976515973
2026-07-13 13:58:00,-199534178,199402319481922538501,276317,276317,276317,276317,0,199402319481922538501,50010841358486976515973
2026-07-13 13:59:00,-1500000000,1499008703937838953262,276317,276317,276317,276317,0,1499008703937838953262,50010841358486976515973
2026-07-13 14:00:00,-449254347927,448953406753476465568922,276317,276317,276317,276317,0,448953406753476465568922,50010841358486976515973
2026-07-13 14:01:00,200657632247,-200524226899000000000000,276317,276317,276317,276317,200657632247,0,50010841358486976515973
2026-07-13 14:02:00,-109019264771,108942166964291721119006,276317,276317,276317,276317,372994222033,481691064560291721119006,50010841358486976515973
2026-07-13 14:03:00,-277187450658,276998189183313308188159,276317,276317,276317,276317,57538977533,334498189183313308188159,50010841358486976515973
2026-07-13 14:04:00,-133455610437,133361602331454798009955,276317,276317,276317,276317,206920637664,340140349053454798009955,50010841358486976515973
2026-07-13 14:05:00,54597153502,-54560000000000000000000,276317,276317,276317,276317,54597153502,0,50010841358486976515973
2026-07-13 14:07:00,-2324600194,2322930932592671687940,276317,276317,276317,276317,6660631678,8979037785187256824844,50010841358486976515973
2026-07-13 14:08:00,843357476,-842784424834280638824,276317,276317,276317,276317,843357476,0,50010841358486976515973
2026-07-13 14:09:00,-1600500315,1599396775475718489843,276317,276317,276317,276317,0,1599396775475718489843,50010841358486976515973
2026-07-13 14:10:00,-17925442332,17911975818444875728944,276317,276317,276317,276317,110074557668,127911975992444875728944,50010841358486976515973
2026-07-13 14:11:00,127994498520,-127907757358444875728944,276317,276317,276317,276317,127994498520,0,50010841358486976515973
2026-07-13 14:12:00,-41776526131,41747862026081960194927,276317,276317,276317,276317,685488397,42432886471206780604318,50010841358486976515973
2026-07-13 14:13:00,10085878456,-10079054298000000000000,276317,276317,276317,276317,10085878456,0,50010841358486976515973
2026-07-13 14:14:00,-199625004674,199487186665375805345738,276317,276317,276317,276317,0,199487186665375805345738,50010841358486976515973
2026-07-13 14:15:00,1487893238,-1486875000000000000000,276317,276317,276317,276317,1487893238,0,50010841358486976515973
2026-07-13 14:16:00,1863275005,-1862000000000000000000,276317,276317,276317,276317,1863275005,0,50010841358486976515973
2026-07-13 14:17:00,-8038187673,8032587490161967653981,276317,276317,276317,276317,1848740402,9880062306403927678415,50010841358486976515973
2026-07-13 14:21:00,190350366983,-190220785540708468405268,276317,276317,276317,276317,190570366983,219848336942818492136,50010841358486976515973
2026-07-13 14:22:00,-500602111,500258214020900549597,276317,276317,276317,276317,0,500258214020900549597,50010841358486976515973
2026-07-13 14:23:00,-34897769714,34873770479676244573173,276317,276317,276317,276317,102230286,34975931415350315954995,50010841358486976515973
2026-07-13 14:24:00,-159664629727,159554212137258780067291,276317,276317,276317,276317,20970273,159575168051202431408816,50010841358486976515973
2026-07-13 14:26:00,-14399980900,14389972407938942304914,276317,276317,276317,276317,0,14389972407938942304914,50010841358486976515973
2026-07-13 14:27:00,27626706490,-27607788336359568673524,276317,276317,276317,276317,27626706490,0,50010841358486976515973
2026-07-13 14:28:00,-170611653262,170492629971656100610437,276317,276317,276317,276317,0,170492629971656100610437,50010841358486976515973
2026-07-13 14:29:00,8382326541,-8377704825707009082875,276317,276317,276317,276317,125405485912,116940848515292990917125,50010841358486976515973
2026-07-13 14:32:00,98305020540,-98241831215300799588860,276317,276317,276317,276317,550374096496,451758168784699200411140,50010841358486976515973
2026-07-13 14:33:00,-473303565903,472969306301363815761416,276316,276316,276316,276316,0,472969306301363815761416,50010841358486975516325
2026-07-13 14:34:00,-367810169073,367543526313076957082281,276316,276316,276316,276316,70649994615,438142526313076957082281,50010841358486975516325
2026-07-13 14:35:00,178553397180,-178425407499000000000000,276316,276316,276316,276316,178553397180,0,50010841358486975516325
2026-07-13 14:36:00,-127875183044,127782311855788213315990,276316,276316,276316,276316,6004233984,133782264051107084228636,50010841358486975516325
2026-07-13 14:37:00,22500000,-22483836988478674778,276316,276316,276316,276316,22500000,0,50010841358486975516325
2026-07-13 14:38:00,201075,-200931214172662015,276316,276316,276316,276316,201075,0,50010841358486975516325
2026-07-13 14:41:00,396370589,-396085858041883430659,276316,276316,276316,276316,396370589,0,50010841358486975516325
2026-07-13 14:42:00,70989189198,-70938311007175085241229,276316,276316,276316,276316,72541143952,1550828863824914758771,50010841358486975516325
2026-07-13 14:43:00,169908699228,-169787705530000000000000,276316,276316,276316,276316,169908699228,0,50010841358486975516325
2026-07-13 14:46:00,1269817116036,-1268957811128615909238369,276317,276317,276317,276317,2113063872965,842697689133384090761631,50010841358486976515973
2026-07-13 14:47:00,-251045544090,250875513681052519628407,276317,276317,276317,276317,107879290107,358683164155466865151902,50010841358486976515973
2026-07-13 14:48:00,-97878867399,97812313229990840366361,276317,276317,276317,276317,0,97812313229990840366361,50010841358486976515973
2026-07-13 14:50:00,-253640161661,253465914354419659841524,276317,276317,276317,276317,0,253465914354419659841524,50010841358486976515973
2026-07-13 14:51:00,-60750836410,60708719908032358049295,276317,276317,276317,276317,0,60708719908032358049295,50010841358486976515973
2026-07-13 14:52:00,-40046919936,40019076128771937774438,276317,276317,276317,276317,0,40019076128771937774438,50010841358486976515973
2026-07-13 14:57:00,11027633296,-11020069816877262445237,276317,276317,276317,276317,11027633296,0,50010841358486976515973
2026-07-13 14:58:00,45030834700,-45000000000000000000000,276317,276317,276317,276317,45030834700,0,50010841358486976515973
2026-07-13 14:59:00,-4000000000,3997224320344464171873,276317,276317,276317,276317,0,3997224320344464171873,50010841358486976515973
2026-07-13 15:01:00,-3517810949,3515369340726224509831,276317,276317,276317,276317,0,3515369340726224509831,50010841358486976515973
2026-07-13 15:02:00,-26265690217,26247414915144192336213,276317,276317,276317,276317,2946512107,29191907909178671923774,50010841358486976515973
2026-07-13 15:03:00,-75124225,75071998924929429316,276317,276317,276317,276317,0,75071998924929429316,50010841358486976515973
2026-07-13 15:04:00,-150685930249,150580720946547170780649,276317,276317,276317,276317,0,150580720946547170780649,50010841358486976515973
2026-07-13 15:05:00,251788713208,-251616422171894067268764,276317,276317,276317,276317,300205727992,48383598015757475860749,50010841358486976515973
2026-07-13 15:11:00,200135524301,-200000000000000000000000,276317,276317,276317,276317,200135524301,0,50010841358486976515973
2026-07-13 15:13:00,53872747,-53836482675257047733,276317,276317,276317,276317,53872747,0,50010841358486976515973
2026-07-13 15:14:00,-85690410345,85631723755383561196051,276317,276317,276317,276317,0,85631723755383561196051,50010841358486976515973
2026-07-13 15:15:00,-5803418276,5798355257957842817125,276317,276317,276317,276317,107856861724,113582474904957842817125,50010841358486976515973
2026-07-13 15:17:00,1417239172,-1416280000000000000000,276317,276317,276317,276317,1417239172,0,50010841358486976515973
2026-07-13 15:18:00,84772237070,-84715010050954102657512,276317,276317,276317,276317,84772237070,0,50010841358486976515973
2026-07-13 15:19:00,684470238,-684009343000000000000,276317,276317,276317,276317,684470238,0,50010841358486976515973
2026-07-13 15:22:00,246197618353,-246033052646547170780649,276317,276317,276317,276317,246197618353,0,50010841358486976515973
2026-07-13 15:23:00,1173553318168,-1172802163948000000000000,276317,276317,276317,276317,1173553318168,0,50010841358486976515973
2026-07-13 15:24:00,262194067966,-262033766007116282706751,276317,276317,276317,276317,262194067966,0,50010841358486976515973
2026-07-13 15:25:00,-41674075904,41648364033030103591735,276317,276317,276317,276317,0,41648364033030103591735,50010841358486976515973
2026-07-13 15:26:00,-98221463552,98160588846733349001440,276317,276317,276317,276317,0,98160588846733349001440,50010841358486976515973
2026-07-13 15:27:00,-77239441920,77191300501594045340956,276317,276317,276317,276317,0,77191300501594045340956,50010841358486976515973
2026-07-13 15:29:00,-201899730800,201772765876802289540918,276317,276317,276317,276317,0,201772765876802289540918,50010841358486976515973
2026-07-13 15:31:00,-50444037,50412110912325223035,276317,276317,276317,276317,0,50412110912325223035,50010841358486976515973
2026-07-13 15:34:00,-175514110100,175402414174707189735716,276317,276317,276317,276317,0,175402414174707189735716,50010841358486976515973
2026-07-13 15:35:00,198179638008,-198056157429988667191200,276317,276317,276317,276317,255139297857,56923146607011332808800,50010841358486976515973
2026-07-13 15:37:00,-150281761056,150183639663715844192511,276317,276317,276317,276317,269670803736,419683639663715844192511,50010841358486976515973
2026-07-13 15:38:00,-329181881,328971865000000000000,276317,276317,276317,276317,0,328971865000000000000,50010841358486976515973
2026-07-13 15:41:00,45666844028,-45638209777000000000000,276317,276317,276317,276317,45974862776,307822229000000000000,50010841358486976515973
2026-07-13 15:42:00,-50742214354,50709882047853203270587,276317,276317,276317,276317,0,50709882047853203270587,50010841358486976515973
2026-07-13 15:43:00,124582930688,-124504976819499442040442,276317,276317,276317,276317,124582930688,0,50010841358486976515973
2026-07-13 15:46:00,80605341,-80555106129461283853,276317,276317,276317,276317,80605341,0,50010841358486976515973
2026-07-13 15:47:00,-108899854800,108830660279241418130356,276317,276317,276317,276317,0,108830660279241418130356,50010841358486976515973
2026-07-13 15:48:00,3001883735,-3000000000000000000000,276317,276317,276317,276317,3001883735,0,50010841358486976515973
2026-07-13 15:50:00,160865370555,-160765051602188620509320,276317,276317,276317,276317,170902248990,10030478399811379490680,50010841358486976515973
2026-07-13 15:52:00,-174620433875,174509624153430491663794,276317,276317,276317,276317,1086152030,175595094049226033615922,50010841358486976515973
2026-07-13 15:53:00,397976376023,-397729608089000000000000,276317,276317,276317,276317,397981379137,5000000000000000000,50010841358486976515973
2026-07-13 15:54:00,-519299587145,518971139435619194091202,276317,276317,276317,276317,410306889,519381186656952482025058,50010841358486976515973
2026-07-13 15:55:00,60515691892,-60477467429000000000000,276317,276317,276317,276317,60515691892,0,50010841358486976515973
2026-07-13 15:56:00,-66161951123,66119491560777662488572,276317,276317,276317,276317,0,66119491560777662488572,50010841358486976515973
2026-07-13 15:57:00,240476281177,-240325432441469748623375,276317,276317,276317,276317,264166094241,23674567558530251376625,50010841358486976515973
2026-07-13 15:58:00,520769443,-520444763315684638194,276317,276317,276317,276317,520769443,0,50010841358486976515973
2026-07-13 16:00:00,-10006340,10000000000000000000,276317,276317,276317,276317,0,10000000000000000000,50010841358486976515973
2026-07-13 16:03:00,-113099849200,113027951086210535252662,276317,276317,276317,276317,0,113027951086210535252662,50010841358486976515973
2026-07-13 16:07:00,-430927860285,430649234199356084292975,276317,276317,276317,276317,0,430649234199356084292975,50010841358486976515973
2026-07-13 16:08:00,-76451751023,76401540160799321131549,276317,276317,276317,276317,439315417,76840570791799321131549,50010841358486976515973
2026-07-13 16:10:00,28439420489,-28421001030000000000000,276317,276317,276317,276317,28439420489,0,50010841358486976515973
2026-07-13 16:11:00,-98735038478,98669965054363132259927,276317,276317,276317,276317,0,98669965054363132259927,50010841358486976515973
2026-07-13 16:12:00,-65791160766,65747583479352556908078,276317,276317,276317,276317,0,65747583479352556908078,50010841358486976515973
2026-07-13 16:13:00,-527077582362,526722226321287503136424,276317,276317,276317,276317,0,526722226321287503136424,50010841358486976515973
2026-07-13 16:14:00,-467288950027,466964621957033802348431,276317,276317,276317,276317,0,466964621957033802348431,50010841358486976515973
2026-07-13 16:15:00,-208455154797,208307657640708103962238,276316,276317,276316,276317,243010502,208550499639708103962238,50010841358486975516325
2026-07-13 16:20:00,8815960919,-8809776032000000000000,276316,276316,276316,276316,8815960919,0,50010841358486975516325
2026-07-13 16:21:00,-72724350231,72672510486368625633422,276316,276316,276316,276316,0,72672510486368625633422,50010841358486975516325
2026-07-13 16:22:00,93779371311,-93713499592000000000000,276316,276316,276316,276316,93779371311,0,50010841358486975516325
2026-07-13 16:25:00,105550618953,-105476899228000000000000,276317,276317,276317,276317,105550618953,0,50010841358486976515973
2026-07-13 16:27:00,58078438706,-58038064805716651482679,276317,276317,276317,276317,58078438706,0,50010841358486976515973
2026-07-13 16:28:00,768712049,-768178574000000000000,276317,276317,276317,276317,768712049,0,50010841358486976515973
2026-07-13 16:31:00,480948171,-480614412758980493312,276317,276317,276317,276317,480948171,0,50010841358486976515973
2026-07-13 16:32:00,-180744930865,180617040778582013841469,276316,276317,276316,276317,312108015,180928932208457348878397,50010841358486975516325
2026-07-13 16:33:00,68047620608,-68000000000000000000000,276316,276316,276316,276316,68047620608,0,50010841358486975516325
2026-07-13 16:34:00,587718711,-587308224246760107956,276316,276316,276316,276316,587718711,0,50010841358486975516325
2026-07-13 16:35:00,704650325,-704158186245870763518,276316,276316,276316,276316,704650325,0,50010841358486975516325
2026-07-13 16:36:00,2763592865,-2761662919124186661752,276316,276316,276316,276316,2763592865,0,50010841358486975516325
2026-07-13 16:39:00,325332820,-325105645488606156311,276316,276316,276316,276316,325332820,0,50010841358486975516325
2026-07-13 16:40:00,-209234643942,209085574501780867224645,276316,276316,276316,276316,0,209085574501780867224645,50010841358486975516325
2026-07-13 16:43:00,-227448181410,227284151833278492160477,276316,276316,276316,276316,0,227284151833278492160477,50010841358486975516325
2026-07-13 16:44:00,-319135099001,318901462811407324601739,276316,276316,276316,276316,33648431,318935086730840425808683,50010841358486975516325
2026-07-13 16:45:00,37249234926,-37222755357886951610943,276316,276316,276316,276316,100070574608,62774869494113048389057,50010841358486975516325
2026-07-13 16:48:00,-18473891761,18460015862299541283802,276316,276316,276316,276316,25443353095,43884840423590124495834,50010841358486975516325
2026-07-13 16:49:00,94144316690,-94075982805000000000000,276316,276316,276316,276316,94144316690,0,50010841358486975516325
2026-07-13 16:50:00,-143414448575,143308378737458941894656,276316,276316,276316,276316,39968617889,183247800000000000000000,50010841358486975516325
2026-07-13 16:51:00,116465356395,-116380643663000000000000,276316,276316,276316,276316,116465356395,0,50010841358486975516325
2026-07-13 16:52:00,99576759,-99504563111799878754,276316,276316,276316,276316,99576759,0,50010841358486975516325
2026-07-13 16:56:00,19425269191,-19411192748765963854381,276316,276316,276316,276316,19425269191,0,50010841358486975516325
2026-07-13 16:57:00,1103675990,-1102876668297087059943,276316,276316,276316,276316,1103675990,0,50010841358486975516325
2026-07-13 17:06:00,100200000,-100127433968891349052,276316,276316,276316,276316,100200000,0,50010841358486975516325
2026-07-13 17:07:00,-990727415,990000000000000000000,276316,276316,276316,276316,0,990000000000000000000,50010841358486975516325
2026-07-13 17:10:00,-718123200,717595912960780087961,276316,276316,276316,276316,0,717595912960780087961,50010841358486975516325
2026-07-13 17:18:00,96748593417,-96678993199047130887176,276316,276316,276316,276316,125340546207,28570942222952869112824,50010841358486975516325
2026-07-13 17:19:00,-30637307609,30614911186667121857691,276316,276316,276316,276316,0,30614911186667121857691,50010841358486975516325
2026-07-13 17:20:00,50254738072,-50218522832000000000000,276316,276316,276316,276316,50254738072,0,50010841358486975516325
2026-07-13 17:21:00,-285677963501,285467896392754235143142,276316,276316,276316,276316,0,285467896392754235143142,50010841358486975516325
2026-07-13 17:22:00,-216312516227,216151286643942217949404,276316,276316,276316,276316,368000,216151654371738979882814,50010841358486975516325
2026-07-13 17:23:00,5233178011,-5229307667485163654749,276316,276316,276316,276316,5233178011,0,50010841358486975516325
2026-07-13 17:24:00,-241011277076,240829485712252640182432,276316,276316,276316,276316,138589775,240967971669774515353269,50010841358486975516325
2026-07-13 17:26:00,64827273,-64778711097538716265,276316,276316,276316,276316,64827273,0,50010841358486975516325
2026-07-13 17:29:00,2956102678,-2953888441000000000000,276316,276316,276316,276316,2956102678,0,50010841358486975516325
2026-07-13 17:30:00,68136799657,-68085859250000000000000,276316,276316,276316,276316,68136799657,0,50010841358486975516325
2026-07-13 17:31:00,3041185284,-3038915958504371840447,276316,276316,276316,276316,3041185284,0,50010841358486975516325
2026-07-13 17:32:00,170112828672,-169986479157000000000000,276316,276316,276316,276316,170112828672,0,50010841358486975516325
2026-07-13 17:33:00,-21773804,21757488000000000000,276316,276316,276316,276316,0,21757488000000000000,50010841358486975516325
2026-07-13 17:34:00,-71813487325,71759447560096731619915,276316,276316,276316,276316,12447624638,84197830336282046952881,50010841358486975516325
2026-07-13 17:35:00,-78824857048,78765429479285022247587,276316,276316,276316,276316,1111332274,79875936934583574617609,50010841358486975516325
2026-07-13 17:36:00,4387669701,-4384399693193032799935,276316,276316,276316,276316,4387669701,0,50010841358486975516325
2026-07-13 17:37:00,9257909830,-9251012688160473313655,276316,276316,276316,276316,9257909830,0,50010841358486975516325
2026-07-13 17:39:00,308959672,-308729557000000000000,276316,276316,276316,276316,308959672,0,50010841358486975516325
2026-07-13 17:40:00,4003448609,-4000467150304814006358,276316,276316,276316,276316,4003448609,0,50010841358486975516325
2026-07-13 17:41:00,72858331591,-72804184189198267489403,276316,276316,276316,276316,72858331591,0,50010841358486975516325
2026-07-13 17:42:00,-5023443456,5019666703878077120889,276316,276316,276316,276316,0,5019666703878077120889,50010841358486975516325
2026-07-13 17:43:00,102500000,-102423952080452477949,276316,276316,276316,276316,102500000,0,50010841358486975516325
2026-07-13 17:45:00,1520826287,-1519697988618950499062,276316,276316,276316,276316,1520826287,0,50010841358486975516325
2026-07-13 17:46:00,-8558282101,8551846001422085886621,276316,276316,276316,276316,0,8551846001422085886621,50001182788386846723150
2026-07-13 17:48:00,-12252978784,12243759061959440987423,276316,276316,276316,276316,0,12243759061959440987423,50001182788386846723150
2026-07-13 17:49:00,36761892800,-36734616755000000000000,276316,276316,276316,276316,36761892800,0,50001182788386846723150
2026-07-13 17:50:00,179453706317,-179321333042000000000000,276316,276316,276316,276316,179453706317,0,50001182788386846723150
2026-07-13 17:51:00,81324681990,-81265116855292478866965,276316,276316,276316,276316,81324681990,0,50001182788386846723150
2026-07-13 17:52:00,7414871260,-7409453485965612961911,276316,276316,276316,276316,7414871260,0,50001182788386846723150
2026-07-13 17:53:00,4866061185,-4862506927438820851901,276316,276316,276316,276316,4866061185,0,50001182788386846723150
2026-07-13 17:54:00,-231761220357,231588546414405779075340,276316,276316,276316,276316,2496954490,234083663957850597655642,50001182788386846723150
2026-07-13 17:55:00,-983087052494,982330850089774504521574,276316,276316,276316,276316,0,982330850089774504521574,50001182788386846723150
2026-07-13 17:56:00,-339442531069,339172409615444102381392,276316,276316,276316,276316,5049416190,344217830046444102381392,50001182788386846723150
2026-07-13 17:57:00,541973898909,-541550571113966343632399,276316,276316,276316,276316,569519448039,27524057857559927457541,50001182788386846723150
2026-07-13 17:58:00,489518281271,-489145763921028834123024,276316,276316,276316,276316,489518281271,0,50001182788386846723150
2026-07-13 17:59:00,112891626555,-112807075988208982664081,276316,276316,276316,276316,112891626555,0,50001182788386846723150
2026-07-13 18:00:00,-186664342885,186522340282406187788705,276316,276316,276316,276316,5941960620,192459862087406187788705,50001182788386846723150
2026-07-13 18:01:00,19996969569,-19985716360998597292789,276316,276316,276316,276316,402248244715,381962402743990625376019,50001182788386846723150
2026-07-13 18:03:00,-334850439480,334592549709358507914491,276316,276316,276316,276316,4202881880,338792208738358507914491,50001182788386846723150
2026-07-13 18:06:00,-237115169194,236929872144820087295739,276316,276316,276316,276316,0,236929872144820087295739,50001182788386846723150
2026-07-13 18:07:00,3002579530,-3000249082362633243298,276316,276316,276316,276316,3002579530,0,50001182788386846723150
2026-07-13 18:11:00,18013984366,-18000010398000000000000,276316,276316,276316,276316,18013984366,0,50001182788386846723150
2026-07-13 18:13:00,97845575,-97769708975300318295,276316,276316,276316,276316,97845575,0,50001182788386846723150
2026-07-13 18:14:00,-29973934178,29950375979972331922954,276316,276316,276316,276316,0,29950375979972331922954,50001182788386846723150
2026-07-13 18:15:00,-1754747168,1753366901245535095795,276316,276316,276316,276316,0,1753366901245535095795,50001182788386846723150
2026-07-13 18:16:00,-98656844064,98579043694467292681520,276316,276316,276316,276316,0,98579043694467292681520,50001182788386846723150
2026-07-13 18:18:00,488015479365,-487639304533552001217433,276316,276316,276316,276316,488015479365,0,50001182788386846723150
2026-07-13 18:19:00,359755782,-359481983075967451291,276316,276316,276316,276316,359755782,0,50001182788386846723150
2026-07-13 18:20:00,-139601771468,139493696153162388043766,276316,276316,276316,276316,4542354966,144032594516162388043766,50001182788386846723150
2026-07-13 18:24:00,2942482278,-2940226627000000000000,276316,276316,276316,276316,2942482278,0,50001182788386846723150
2026-07-13 18:27:00,117512567581,-117422767430712375557190,276316,276316,276316,276316,117512567581,0,50001182788386846723150
2026-07-13 18:30:00,-560000000000,559561516448108267014500,276316,276316,276316,276316,0,559561516448108267014500,50001182788386846723150
2026-07-13 18:31:00,1415588072,-1414478007000000000000,276316,276316,276316,276316,1415588072,0,50001182788386846723150
2026-07-13 18:32:00,50037920909,-49998733982000000000000,276316,276316,276316,276316,50037920909,0,50001182788386846723150
2026-07-13 18:33:00,37913278153,-37883653188679649668244,276316,276316,276316,276316,37913278153,0,50001182788386846723150
2026-07-13 18:34:00,-5850350531,5845694433245585867053,276316,276316,276316,276316,3001789736,8845140000000000000000,50001182788386846723150
2026-07-13 18:35:00,5277347773,-5273227439000000000000,276316,276316,276316,276316,5277347773,0,50001182788386846723150
2026-07-13 18:36:00,11126332038,-11117648705573307150383,276316,276316,276316,276316,11126332038,0,50001182788386846723150
2026-07-13 18:37:00,139753723494,-139645086573762336499402,276316,276316,276316,276316,140753723494,999215402543668733286,50001182788386846723150
2026-07-13 18:38:00,692293711,-691757452482264660466,276316,276316,276316,276316,692293711,0,50001182788386846723150
2026-07-13 18:39:00,-418712329960,418380310393875112109974,276316,276316,276316,276316,0,418380310393875112109974,50001182788386846723150
2026-07-13 18:41:00,7978165132,-7971853075752248215909,276316,276316,276316,276316,7978165132,0,50001182788386846723150
2026-07-13 18:42:00,-88223888208,88153065467960506917529,276316,276316,276316,276316,0,88153065467960506917529,50001182788386846723150
2026-07-13 18:45:00,63997575845,-63946809553000000000000,276316,276316,276316,276316,63997575845,0,50001182788386846723150
2026-07-13 18:48:00,-568528987822,568066589832581673175454,276315,276316,276315,276316,0,568066589832581673175454,50001182788386845723551
2026-07-13 18:51:00,259818785,-259607116000000000000,276315,276315,276315,276315,259818785,0,50001182788386845723551
2026-07-13 18:52:00,-174062761235,173911099077515306408051,276315,276315,276315,276315,751896349932,925178770826638999870682,50001182788386845723551
2026-07-13 18:55:00,360249256529,-359955856832000000000000,276315,276315,276315,276315,360249256529,0,50001182788386845723551
2026-07-13 18:56:00,26140293397,-26119283384286549910532,276315,276315,276315,276315,33927364507,7780716615713450089468,50001182788386845723551
2026-07-13 18:59:00,-469960329653,469571842547581139518677,276315,276315,276315,276315,50039670347,519570181664581139518677,50001182788386845723551
2026-07-13 19:00:00,150118410467,-149995017464000000000000,276315,276315,276315,276315,150118410467,0,50001182788386845723551
2026-07-13 19:01:00,50039893038,-49998961756000000000000,276315,276315,276315,276315,50039893038,0,50001182788386845723551
2026-07-13 19:04:00,1117828339207,-1116956193490667418904710,276316,276316,276316,276316,2732082932415,1613043806509332581095290,50001182788386846723150
2026-07-13 19:06:00,-802627714786,801986945156754659408323,276315,276316,276315,276316,0,801986945156754659408323,50001182788386845723551
2026-07-13 19:07:00,-14947836,14935662627463725699,276315,276315,276315,276315,0,14935662627463725699,50001182788386845723551
2026-07-13 19:08:00,-405654607418,405320966212719736089736,276315,276315,276315,276315,0,405320966212719736089736,50001182788386845723551
2026-07-13 19:15:00,-66081535602,66026531998251611777872,276315,276315,276315,276315,3047420925,69071452435251611777872,50001182788386845723551
2026-07-13 19:16:00,140559953817,-140444635706000000000000,276315,276315,276315,276315,140559953817,0,50001182788386845723551
2026-07-13 19:18:00,-65000000000,64946121378428812156055,276315,276315,276315,276315,0,64946121378428812156055,50001182788386845723551
2026-07-13 19:23:00,43000000,-42964731073731324847,276315,276315,276315,276315,43000000,0,50001182788386845723551
2026-07-13 19:24:00,-23100000000,23080811755982273552224,276315,276315,276315,276315,0,23080811755982273552224,50001182788386845723551
2026-07-13 19:26:00,-26823187633,26800879938303455305386,276315,276315,276315,276315,0,26800879938303455305386,50001182788386845723551
2026-07-13 19:27:00,-75085097897,75022500000439943733694,276315,276315,276315,276315,0,75022500000439943733694,50001182788386845723551
2026-07-13 19:31:00,336135312956,-335860190748358497683108,276315,276315,276315,276315,336135312956,0,50001182788386845723551
2026-07-13 19:32:00,-9788477,9780433122161143193,276315,276315,276315,276315,0,9780433122161143193,50001182788386845723551
2026-07-13 19:37:00,-338523540699,338243065030756572075650,276315,276315,276315,276315,0,338243065030756572075650,50001182788386845723551
2026-07-13 19:39:00,-222290213782,222103550400349090454346,276315,276315,276315,276315,0,222103550400349090454346,50001182788386845723551
2026-07-13 19:41:00,-113991085201,113894398999405592808875,276315,276315,276315,276315,19915619174,133793412950405592808875,50001182788386845723551
2026-07-13 19:42:00,1060254318,-1059365073000000000000,276315,276315,276315,276315,1060254318,0,50001182788386845723551
2026-07-13 19:43:00,61045674350,-60994550502238217821782,276315,276315,276315,276315,61045674350,0,50001182788386845723551
2026-07-13 19:46:00,30042369436,-30017264549000000000000,276315,276315,276315,276315,30042369436,0,50001182788386845723551
2026-07-13 19:52:00,146455775,-146333478000000000000,276315,276315,276315,276315,146455775,0,50001182788386845723551
2026-07-13 19:58:00,4145756171,-4142294629000000000000,276315,276315,276315,276315,4145756171,0,50001182788386845723551
2026-07-13 20:01:00,575391494,-574911120000000000000,276315,276315,276315,276315,575391494,0,50001182788386845723551
2026-07-13 20:02:00,6312352691,-6307083589000000000000,276315,276315,276315,276315,6312352691,0,50001182788386845723551
2026-07-13 20:05:00,-181086609050,180933009333307197774144,276315,276315,276315,276315,0,180933009333307197774144,50001182788386845723551
2026-07-13 20:08:00,33484365298,-33456199322000000000000,276315,276315,276315,276315,33484365298,0,50001182788386845723551
2026-07-13 20:09:00,949455988,-948657989233832533297,276315,276315,276315,276315,949455988,0,50001182788386845723551
2026-07-13 20:11:00,5537319305,-5532666016000000000000,276315,276315,276315,276315,5537319305,0,50001182788386845723551
2026-07-13 20:12:00,115142792024,-115046309261030460433611,276315,276315,276315,276315,115142792024,0,50001182788386845723551
2026-07-13 20:13:00,179877544780,-179727878164000000000000,276315,276315,276315,276315,179877544780,0,50001182788386845723551
2026-07-13 20:14:00,244099082121,-243898047372931224674304,276315,276315,276315,276315,244099082121,0,50001182788386845723551
2026-07-13 20:15:00,-133910448250,133799119223541532993999,276315,276315,276315,276315,0,133799119223541532993999,50001182788386845723551
2026-07-13 20:16:00,171779717792,-171640686726194797419945,276315,276315,276315,276315,365436042661,193496885047805202580055,50001182788386845723551
2026-07-13 20:18:00,-88500027,88426820000000000000,276315,276315,276315,276315,0,88426820000000000000,50001182788386845723551
2026-07-13 20:20:00,521072036498,-520652143692603637411196,276316,276316,276316,276316,571127349458,50015000000071774744277,50001182788386846723150
2026-07-13 20:22:00,-90092615,90019966489302380783,276316,276316,276316,276316,0,90019966489302380783,50001182788386846723150
2026-07-13 20:23:00,-175621990000,175479757295697524522011,276315,276315,276315,276315,0,175479757295697524522011,50001182788386845723551
2026-07-13 20:24:00,-35145975313,35116203639270916015665,276315,276315,276315,276315,116062366868,151085595552142918469169,50001182788386845723551
2026-07-13 20:27:00,1904914056,-1903381054000000000000,276315,276315,276315,276315,1904914056,0,50001182788386845723551
2026-07-13 20:31:00,-277986191264,277758167921972025476292,276315,276315,276315,276315,0,277758167921972025476292,50001182788386845723551
2026-07-13 20:32:00,-136707660162,136594390755374552959978,276315,276315,276315,276315,0,136594390755374552959978,50001182788386845723551
2026-07-13 20:33:00,704761991,-704183187000000000000,276315,276315,276315,276315,704761991,0,50001182788386845723551
2026-07-13 20:35:00,-165384665396,165244862545747978854471,276315,276315,276315,276315,178123197799,343220470176122531814449,50001182788386845723551
2026-07-13 20:38:00,213416064454,-213240293532000000000000,276315,276315,276315,276315,213416064454,0,50001182788386845723551
2026-07-13 20:42:00,-192102762510,191942707713115423299317,276315,276315,276315,276315,0,191942707713115423299317,50001182788386845723551
2026-07-13 20:45:00,124302619031,-124200127130723554496512,276315,276315,276315,276315,124302619031,0,50001182788386845723551
2026-07-13 20:46:00,155203213904,-155076109884113289057445,276315,276315,276315,276315,155203213904,0,50001182788386845723551
2026-07-13 20:47:00,356325633181,-356037460379000000000000,276315,276315,276315,276315,356325633181,0,50001182788386845723551
2026-07-13 20:52:00,-2652365900,2650213076150333274681,276315,276315,276315,276315,0,2650213076150333274681,50001182788386845723551
2026-07-13 20:54:00,541808912975,-541380397364792418085363,276316,276316,276316,276316,541897782672,88798748207581914637,50001182788386846723150
2026-07-13 20:57:00,1103755468,-1102894479216138327498,276316,276316,276316,276316,1103755468,0,50001182788386846723150
2026-07-13 20:59:00,112581434355,-112494141237787855200784,276316,276316,276316,276316,139689576955,27086711819212144799216,50001182788386846723150
2026-07-13 21:00:00,-762146531,761547832590373656582,276316,276316,276316,276316,0,761547832590373656582,50001182788386846723150
2026-07-13 21:02:00,12049205776,-12039863733483234791492,276316,276316,276316,276316,12049205776,0,50001182788386846723150
2026-07-13 21:03:00,-126259878546,126153429528010444246109,276316,276315,276315,276316,701251906132,826848446331010444246109,50001182788386846723150
2026-07-13 21:04:00,-109541915301,109454301029274185222607,276316,276316,276316,276316,82395957250,191785589167274185222607,50001182788386846723150
2026-07-13 21:05:00,19498575736,-19483286616840041716499,276316,276316,276316,276316,19498575736,0,50001182788386846723150
2026-07-13 21:06:00,163262735009,-163135314340000000000000,276316,276316,276316,276316,163262735009,0,50001182788386846723150
2026-07-13 21:07:00,480329208502,-479960504289000000000000,276316,276316,276316,276316,480329208502,0,50001182788386846723150
2026-07-13 21:09:00,348916320388,-348654269670000000000000,276316,276316,276316,276316,348916320388,0,50001182788386846723150
2026-07-13 21:10:00,289131731276,-288919941362055975871326,276316,276316,276316,276316,456724526405,167468916593944024128674,50001182788386846723150
2026-07-13 21:11:00,-270808093740,270605550450410588859429,276316,276316,276316,276316,0,270605550450410588859429,50001182788386846723150
2026-07-13 21:15:00,4953681775,-4950000000150333274681,276316,276316,276316,276316,4953681775,0,50001182788386846723150
2026-07-13 21:16:00,5038806701,-5035103707717341810089,276316,276316,276316,276316,9146212589,4104312129089570537055,50001182788386846723150
2026-07-13 21:18:00,90249489309,-90183060255140447944951,276316,276316,276316,276316,136102027040,45818221199017081647475,50001182788386846723150
2026-07-13 21:20:00,-38883576758,38854410052341271567069,276316,276316,276316,276316,0,38854410052341271567069,50001182788386846723150
2026-07-13 21:27:00,120088684127,-120000000000000000000000,276316,276316,276316,276316,120088684127,0,50001182788386846723150
2026-07-13 21:28:00,-156590379874,156473060732376439007910,276316,276316,276316,276316,0,156473060732376439007910,50001182788386846723150
2026-07-13 21:31:00,-960475380,959746235122228398329,276316,276316,276316,276316,652726067,1611987762375458025296,50001182788386846723150
2026-07-13 21:32:00,-40742076432,40711389871279186268233,276316,276316,276316,276316,0,40711389871279186268233,50001182788386846723150
2026-07-13 21:33:00,26084479,-26065071842013141474,276316,276316,276316,276316,26084479,0,50001182788386846723150
2026-07-13 21:34:00,-1940769730,1939306306988668603174,276316,276316,276316,276316,0,1939306306988668603174,50001182788386846723150
2026-07-13 21:35:00,-199999600000,199847984979455019964574,276316,276316,276316,276316,0,199847984979455019964574,50001182788386846723150
2026-07-13 21:38:00,1285683690,-1284716786939263451136,276316,276316,276316,276316,1285683690,0,50001182788386846723150
2026-07-13 21:40:00,-70158823,70105360228713665056,276316,276316,276316,276316,0,70105360228713665056,50001182788386846723150
2026-07-13 21:43:00,-52500000000,52459938711710475179334,276316,276316,276316,276316,0,52459938711710475179334,50001182788386846723150
2026-07-13 21:44:00,-20153296095,20135960282212900361403,276316,276316,276316,276316,192960043299,212951230727212900361403,50001182788386846723150
2026-07-13 21:47:00,-1523084683,1521919588892176194159,276316,276316,276316,276316,0,1521919588892176194159,50001182788386846723150
2026-07-13 21:50:00,-158852427,158730905728444436580,276316,276316,276316,276316,0,158730905728444436580,50001182788386846723150
2026-07-13 21:54:00,2711141165,-2709094398688465056961,276316,276316,276316,276316,2711141165,0,50001182788386846723150
2026-07-13 22:00:00,-9828382723,9820863211153332886487,276316,276316,276316,276316,0,9820863211153332886487,50001182788386846723150
2026-07-13 22:01:00,-336805927,336548064883850335006,276316,276316,276316,276316,10971281,347511059352546668994,50001182788386846723150
2026-07-13 22:05:00,20693637001,-20678015679881728440473,276316,276316,276316,276316,20693637001,0,50001182788386846723150
2026-07-13 22:08:00,-5575211450,5570948777965685215176,276316,276316,276316,276316,0,5570948777965685215176,50001182788386846723150
2026-07-13 22:09:00,-881655640,880981433096069470141,276316,276316,276316,276316,0,880981433096069470141,50001182788386846723150
2026-07-13 22:10:00,-87750192148,87682933798981370723881,276316,276316,276316,276316,0,87682933798981370723881,50001182788386846723150
2026-07-13 22:12:00,-250434373023,250240729420780044832008,276316,276316,276316,276316,0,250240729420780044832008,50001182788386846723150
2026-07-13 22:13:00,-67693709032,67640906096510081075293,276316,276316,276316,276316,2989556130,70628165678472036083755,50001182788386846723150
2026-07-13 22:17:00,-390000000,389695431075774429647,276316,276316,276316,276316,0,389695431075774429647,50001182788386846723150
2026-07-13 22:22:00,-277849326342,277630794571975212071927,276316,276316,276316,276316,214962688,277845591438823450766089,50001182788386846723150
2026-07-13 22:24:00,114471127,-114381604403360793746,276316,276316,276316,276316,114471127,0,50001182788386846723150
2026-07-13 22:27:00,-140000000,139889112643423878735,276316,276316,276316,276316,0,139889112643423878735,50001182788386846723150
2026-07-13 22:29:00,-34094087893,34067060268041826480024,276316,276316,276316,276316,0,34067060268041826480024,50001182788386846723150
2026-07-13 22:30:00,808863023,-808230052308489039265,276316,276316,276316,276316,878863023,69944462706401833453,50001182788386846723150
2026-07-13 22:31:00,129582613,-129481099649763607746,276316,276316,276316,276316,129582613,0,50001182788386846723150
2026-07-13 22:32:00,-67848231402,67794288518286508432697,276316,276316,276316,276316,2151768598,69944371539902576128394,50001182788386846723150
2026-07-13 22:33:00,-55053617257,55009727903684002527126,276316,276316,276316,276316,114382743,55124020731094735116052,50001182788386846723150
2026-07-13 22:35:00,-55282500000,55238307482362674022456,276316,276316,276316,276316,0,55238307482362674022456,50001182788386846723150
2026-07-13 22:36:00,-90000000000,89927793322610102767519,276316,276316,276316,276316,0,89927793322610102767519,50001182788386846723150
2026-07-13 22:37:00,-50750645454,50709785704475961704023,276316,276316,276316,276316,0,50709785704475961704023,50001182788386846723150
2026-07-13 22:38:00,203615814867,-203454538448243477016734,276316,276316,276316,276316,203615814867,0,50001182788386846723150
2026-07-13 22:40:00,-32445008090,32419094823372263813746,276316,276316,276316,276316,154281433,32573254683943350944887,50001182788386846723150
2026-07-13 22:42:00,-23391835,23373138245885618095,276316,276316,276316,276316,0,23373138245885618095,50001182788386846723150
2026-07-13 22:45:00,-793510007244,792861038912325502197245,276315,276316,276315,276316,215255174332,1007938564690602357046781,50001182788386845723551
2026-07-13 22:46:00,-744779021196,744147937492848651016174,276315,276315,276315,276315,110486010341,854540432567315831581644,50001182788386845723551
2026-07-13 22:47:00,-120406571490,120302631853151176648177,276315,276315,276315,276315,1162203079,121463840576143638143354,50001182788386845723551
2026-07-13 22:48:00,-196112130798,195941618273009940733975,276315,276315,276315,276315,0,195941618273009940733975,50001182788386845723551
2026-07-13 22:49:00,-388939475334,388596751914544662357022,276315,276315,276315,276315,948859625,389544792321810531260445,50001182788386845723551
2026-07-13 22:50:00,-1602212680535,1600736647700540745256509,276314,276314,276314,276315,52723516349,1653411541281907744157434,50001182877817238013990
2026-07-13 22:51:00,-1318089425626,1316798631901700868493665,276314,276314,276314,276314,6906042348,1323698163317158151898987,50001182877817238013990
2026-07-13 22:52:00,62161809338,-62100000000000000000000,276314,276314,276314,276314,62161809338,0,50001182877817238013990
2026-07-13 22:53:00,-100252496802,100151734130310624532315,276314,276314,276314,276314,84578014,100236227812603864307192,50001182877817238013990
2026-07-13 22:55:00,29830276,-29800533163571284548,276314,276314,276314,276314,29830276,0,50001182877817238013990
2026-07-13 22:56:00,58103593,-58045658483947349373,276314,276314,276314,276314,58103593,0,50001182877817238013990
2026-07-13 22:57:00,1104004150,-1102903384783527784378,276314,276314,276314,276314,1104004150,0,50001182877817238013990
2026-07-13 22:58:00,-1290755594,1289455724669654289855,276314,276314,276314,276314,0,1289455724669654289855,50001182877817238013990
2026-07-13 23:00:00,2050000,-2047955952513692802,276314,276314,276314,276314,2050000,0,50001182877817238013990
2026-07-13 23:03:00,120311517,-120191555300949356289,276314,276314,276314,276314,120311517,0,50001182877817238013990
2026-07-13 23:05:00,-100999002,100897277479972317495,276314,276314,276314,276314,1000998,101897277479972317495,50001182877817238013990
2026-07-13 23:06:00,-24971677,24945624546626269390,276292,276313,276292,276313,75219577,100007697083178520018,74451108421957371
2026-07-13 23:15:00,10000000,-9989881349888983598,276314,276314,276314,276314,10000000,0,50001182877817238013990
2026-07-13 23:17:00,120204074,-120084219353434650525,276314,276314,276314,276314,120204074,0,50001182877817238013990
2026-07-13 23:20:00,-18017334,17998687209233617327,276314,276314,276314,276314,50155446,68104124374265908906,50001182877817238013990
2026-07-13 23:21:00,-99290522,99190527554515573411,276314,276314,276314,276314,0,99190527554515573411,50001182877817238013990
2026-07-13 23:22:00,126245260,-126119381839411189753,276314,276314,276314,276314,126245260,0,50001182877817238013990
2026-07-13 23:23:00,11075297,-11065347248138341802,276314,276314,276314,276314,120285395,109100112930691362498,50001182877817238013990
2026-07-13 23:25:00,-123642162,123517643292982596722,276314,276314,276314,276314,0,123517643292982596722,50001182877817238013990
2026-07-13 23:27:00,102201302,-102099398393101999546,276314,276314,276314,276314,102201302,0,50001182877817238013990
2026-07-13 23:28:00,24372382,-24350222432903670384,276314,276314,276314,276314,238513577,213925535748168847582,50001182877817238013990
2026-07-13 23:29:00,22635439,-22613485405512812761,276314,276314,276314,276314,84202782,61505339703372945561,50001182877817238013990
2026-07-13 23:33:00,96500000,-96403781049304246323,276314,276314,276314,276314,96500000,0,50001182877817238013990
2026-07-13 23:37:00,60156065,-60096084622475571592,276314,276314,276314,276314,60156065,0,50001182877817238013990
2026-07-13 23:45:00,-343575028,343226216568933008710,276310,276310,276310,276310,0,343226216568933008710,74451136553897239
2026-07-13 23:46:00,7706661,-7696786200938374716,276312,276312,276312,276312,7706661,0,74451136553897239
2026-07-13 23:48:00,121760656,-121638641429225891128,276314,276312,276312,276314,121760656,0,50001182877817238013990
2026-07-13 23:50:00,-64476971,64412036718591984334,276314,276314,276314,276314,0,64412036718591984334,50001182877817238013990
2026-07-13 23:59:00,120242753,-120122860058193423510,276314,276314,276314,276314,120242753,0,50001182877817238013990
