timestamp,netAmount0,netAmount1,closeTick,openTick,lowestTick,highestTick,inAmount0,inAmount1,currentLiquidity
2026-06-05 00:00:00,41696952209,-41666666666666666666616,276316,276316,276316,276316,41696952209,0,19999234047163723890049
2026-06-05 00:01:00,34747327406,-34722222222222222222180,276316,276316,276316,276316,34747327406,0,19999234047163723890049
2026-06-05 00:02:00,34647101544,-34622189865710532457508,276316,276316,276316,276316,34747207055,100032356511689764672,19999234047163723890049
2026-06-05 00:03:00,-16446348250,16434373260542483092914,276316,276316,276316,276316,0,16434373260542483092914,19999234047163723890049
2026-06-05 00:04:00,-69160305856,69109305604759414272277,276316,276316,276316,276316,34747143485,103831527826981636494457,19999234047163723890049
2026-06-05 00:05:00,48638578998,-48603392345563774932312,276316,276316,276316,276316,48646303448,7718765547336178740,19999234047163723890049
2026-06-05 00:07:00,-3218840900,3216487421167417445484,276316,276316,276316,276316,0,3216487421167417445484,19999234047163723890049
2026-06-05 00:08:00,32360440662,-32337827209655524898694,276316,276316,276316,276316,100071683980,67662172790344475101306,19999234047163723890049
2026-06-05 00:09:00,49813304842,-49777688248007547230058,276316,276316,276316,276316,52815580734,3000089529770230547534,19999234047163723890049
2026-06-05 00:10:00,-232853915189,232682828328409472398751,276316,276316,276316,276316,0,232682828328409472398751,19999234047163723890049
2026-06-05 00:11:00,34747749346,-34722222222222222222180,276316,276316,276316,276316,34747749346,0,19999234047163723890049
2026-06-05 00:12:00,48646646309,-48611111111111111111052,276316,276316,276316,276316,48646646309,0,19999234047163723890049
2026-06-05 00:13:00,25528738699,-25510487684065871376738,276316,276316,276316,276316,55803749676,30252621065395709029747,19999234047163723890049
2026-06-05 00:15:00,-66358452930,66309077927583802267315,276316,276316,276316,276316,34943572157,101227359657504490665936,19999234047163723890049
2026-06-05 00:16:00,55596104450,-55555555555555555555488,276316,276316,276316,276316,55596104450,0,19999234047163723890049
2026-06-05 00:17:00,34747408372,-34722222222222222222180,276316,276316,276316,276316,34747408372,0,19999234047163723890049
2026-06-05 00:18:00,181185686,-181054672480017400017,276316,276316,276316,276316,181185686,0,19999234047163723890049
2026-06-05 00:19:00,-67839255,67372857500209742203,276316,276316,276316,276316,41696729969,41734039524166876408819,19999234047163723890049
2026-06-05 00:20:00,-4076886750,4073341675761990510876,276316,276316,276316,276316,55595601712,59628897231317546066364,19999234047163723890049
2026-06-05 00:21:00,-149590662209,149479404855256897582673,276316,276316,276316,276316,41696747244,191146071521923564249289,19999234047163723890049
2026-06-05 00:22:00,34747821055,-34722222222222222222180,276316,276316,276316,276316,34747821055,0,19999234047163723890049
2026-06-05 00:23:00,34721814411,-34696355472976722388788,276316,276316,276316,276316,34747700355,25866749245499833392,19999234047163723890049
2026-06-05 00:24:00,34747579745,-34722222222222222222180,276316,276316,276316,276316,34747579745,0,19999234047163723890049
2026-06-05 00:25:00,37444648877,-37417458150222222222180,276316,276316,276316,276316,37444648877,0,19999234047163723890049
2026-06-05 00:26:00,353489,-700451611448280820,276316,276316,276316,276316,34747328977,34721521770610773941360,19999234047163723890049
2026-06-05 00:27:00,41896930852,-41866673101102849942944,276316,276316,276316,276316,41896930852,0,19999234047163723890049
2026-06-05 00:28:00,-187694109232,187555315116394141752189,276316,276316,276316,276316,0,187555315116394141752189,19999234047163723890049
2026-06-05 00:29:00,55457070979,-55416251429966726332998,276316,276316,276316,276316,55596478727,139304125588829222490,19999234047163723890049
2026-06-05 00:30:00,34461664094,-34436455119419905229062,276316,276316,276316,276316,34747643771,285767102802316993118,19999234047163723890049
2026-06-05 00:31:00,16282385327,-16270768515475205875087,276316,276316,276316,276316,41697013202,25395898151191460791529,19999234047163723890049
2026-06-05 00:33:00,-100589081661,100514317853789366410056,276316,276316,276316,276316,0,100514317853789366410056,19999234047163723890049
2026-06-05 00:34:00,100073383086,-100000000000000000000000,276316,276316,276316,276316,100073383086,0,19999234047163723890049
2026-06-05 00:37:00,-15201264104,15189224112462339951570,276316,276316,276316,276316,80613941648,95744779668017895506906,19999234047163723890049
2026-06-05 00:38:00,-399414992,399117456511088107495,276316,276316,276316,276316,203882940,602851602445983912009,19999234047163723890049
2026-06-05 00:39:00,-5893956547,5889594173129585848505,276316,276316,276316,276316,1787247,5891380115448226374038,19999234047163723890049
2026-06-05 00:40:00,15281698104,-15271394674076178699986,276316,276316,276316,276316,100072596982,84728605325923821300014,19999234047163723890049
2026-06-05 00:41:00,73664535253,-73611111111111111110900,276316,276316,276316,276316,73664535253,0,19999234047163723890049
2026-06-05 00:43:00,-52422428329,52383941493273409447473,276316,276316,276316,276316,0,52383941493273409447473,19999234047163723890049
2026-06-05 00:44:00,16542935210,-16531760279281062834827,276316,276316,276316,276316,100072231594,83468239720718937165173,19999234047163723890049
2026-06-05 00:45:00,38564948815,-38537061618790983807221,276316,276316,276316,276316,38917034922,351827270097905081499,19999234047163723890049
2026-06-05 00:46:00,-67339002182,67289184762187838260710,276316,276316,276316,276316,34747573832,102011406984410060482890,19999234047163723890049
2026-06-05 00:47:00,34747458576,-34722222222222222222180,276316,276316,276316,276316,34747458576,0,19999234047163723890049
2026-06-05 00:48:00,-61252328659,61206801984962732598402,276316,276316,276316,276316,34747671341,95929024207184954820582,19999234047163723890049
2026-06-05 00:49:00,34747550641,-34722222222222222222180,276316,276316,276316,276316,34747550641,0,19999234047163723890049
2026-06-05 00:50:00,-108268740000,108188340548959609003536,276316,276316,276316,276316,0,108188340548959609003536,19999234047163723890049
2026-06-05 00:51:00,34740803137,-34715224550055641055046,276316,276316,276316,276316,34747806024,6997672166581167134,19999234047163723890049
2026-06-05 00:52:00,55596238620,-55555555555555555555488,276316,276316,276316,276316,55596238620,0,19999234047163723890049
2026-06-05 00:53:00,-65252507772,65203727905718601008826,276316,276316,276316,276316,34747492228,99925950127940823231006,19999234047163723890049
2026-06-05 00:54:00,41697248182,-41666666666666666666616,276316,276316,276316,276316,41697248182,0,19999234047163723890049
2026-06-05 00:55:00,34747574048,-34722222222222222222180,276316,276316,276316,276316,34747574048,0,19999234047163723890049
2026-06-05 00:56:00,-8184058632,8177669397619388926991,276316,276316,276316,276316,34747521143,42899891619841611149171,19999234047163723890049
2026-06-05 00:57:00,-140286286525,140181261000538795017632,276316,276316,276316,276316,41696963647,181847927667205461684248,19999234047163723890049
2026-06-05 00:58:00,41697548404,-41666666666666666666616,276316,276316,276316,276316,41697548404,0,19999234047163723890049
2026-06-05 00:59:00,-12281569689,12272367238406297223114,276316,276316,276316,276316,188301369,12460529543364094390295,19999234047163723890049
2026-06-05 01:00:00,819170281,-818564328059800387246,276316,276316,276316,276316,819170281,0,19999234047163723890049
2026-06-05 01:02:00,100073521697,-100000000000000000000000,276316,276316,276316,276316,100073521697,0,19999234047163723890049
2026-06-05 01:03:00,-59322233677,59277512300995342147639,276316,276316,276316,276316,66715126451,125944178967662008814103,19999234047163723890049
2026-06-05 01:04:00,-10005049499,9997584764233117132658,276316,276316,276316,276316,0,9997584764233117132658,19999234047163723890049
2026-06-05 01:06:00,100073214106,-100000000000000000000000,276316,276316,276316,276316,100073214106,0,19999234047163723890049
2026-06-05 01:07:00,-112891119860,112807327751015814941968,276316,276316,276316,276316,0,112807327751015814941968,19999234047163723890049
2026-06-05 01:08:00,-50000000000,49962481300015712236207,276316,276316,276316,276316,0,49962481300015712236207,19999234047163723890049
2026-06-05 01:09:00,88401892112,-88336610553369161467601,276316,276316,276316,276316,88401892112,0,19999234047163723890049
2026-06-05 01:11:00,-1639154878,1637935145723929557117,276316,276316,276316,276316,0,1637935145723929557117,19999234047163723890049
2026-06-05 01:12:00,39503661370,-39475340515804901821245,276316,276316,276316,276316,100073580491,60524659484195098178755,19999234047163723890049
2026-06-05 01:13:00,-17467513446,17454039958476741618441,276316,276316,276316,276316,52816579395,70231817736254519396033,19999234047163723890049
2026-06-05 01:14:00,-43339210706,43306959064640572157227,276316,276316,276316,276316,0,43306959064640572157227,19999234047163723890049
2026-06-05 01:15:00,16767611668,-16755667054360115525258,276316,276316,276316,276316,55596338964,38799888501195440030230,19999234047163723890049
2026-06-05 01:16:00,-59353500044,59308709409227442060527,276316,276316,276316,276316,41697213963,100975376075894108727143,19999234047163723890049
2026-06-05 01:17:00,-923226083,922533078782665555521,276316,276316,276316,276316,0,922533078782665555521,19999234047163723890049
2026-06-05 01:18:00,48647025075,-48611111111111111111052,276316,276316,276316,276316,48647025075,0,19999234047163723890049
2026-06-05 01:19:00,-2500000000,2498135140333322050106,276316,276316,276316,276316,0,2498135140333322050106,19999234047163723890049
2026-06-05 01:20:00,423696,-1256710411337264970,276316,276316,276316,276316,83394370576,83332076622921996068262,19999234047163723890049
2026-06-05 01:21:00,-14267291738,14256151082006957600353,276316,276316,276316,276316,48646800655,62867262193118068711405,19999234047163723890049
2026-06-05 01:22:00,48646870036,-48611111111111111111052,276316,276316,276316,276316,48646870036,0,19999234047163723890049
2026-06-05 01:24:00,-94199267708,94128521680097505646310,276316,276316,276316,276316,34747619471,128850743902319727868490,19999234047163723890049
2026-06-05 01:25:00,-1751678836,1750361342507240505820,276316,276316,276316,276316,0,1750361342507240505820,19999234047163723890049
2026-06-05 01:26:00,62546228074,-62499999999999999999924,276316,276316,276316,276316,62546228074,0,19999234047163723890049
2026-06-05 01:27:00,54430536871,-54390636788928091409328,276316,276316,276316,276316,55596318871,1164918766627464146160,19999234047163723890049
2026-06-05 01:28:00,31648593402,-31625553794471953599816,276316,276316,276316,276316,34747546433,3096668427750268622364,19999234047163723890049
2026-06-05 01:29:00,-108000000000,107919781199561459214090,276316,276316,276316,276316,0,107919781199561459214090,19999234047163723890049
2026-06-05 01:30:00,-9999776881,9992290445130376232220,276316,276316,276316,276316,0,9992290445130376232220,19999234047163723890049
2026-06-05 01:31:00,40520915179,-40491057216940988755486,276316,276316,276316,276316,41697406078,1175609449725677911130,19999234047163723890049
2026-06-05 01:32:00,100073065450,-100000000000000000000000,276316,276316,276316,276316,100073065450,0,19999234047163723890049
2026-06-05 01:33:00,-165053341262,164930189010411709999621,276316,276316,276316,276316,45866891746,210763522343745043332777,19999234047163723890049
2026-06-05 01:34:00,34747931341,-34722222222222222222180,276316,276316,276316,276316,34747931341,0,19999234047163723890049
2026-06-05 01:35:00,48646901100,-48611111111111111111052,276316,276316,276316,276316,48646901100,0,19999234047163723890049
2026-06-05 01:36:00,-70851991528,70798731246017918249139,276316,276316,276316,276316,34748008472,105520953468240140471319,19999234047163723890049
2026-06-05 01:37:00,491298922,-490935197843081213218,276316,276316,276316,276316,491298922,0,19999234047163723890049
2026-06-05 01:38:00,-149260085568,149146982890605628466828,276316,276316,276316,276316,0,149146982890605628466828,19999234047163723890049
2026-06-05 01:39:00,4681305611,-4677835462912690698515,276316,276316,276316,276316,11102423487,6416208282951051832295,19999234047163723890049
2026-06-05 01:40:00,64611074330,-64562844194618503629786,276316,276316,276316,276316,97295182998,32659378027603718592318,19999234047163723890049
2026-06-05 01:41:00,36811504480,-36784144519508897518397,276316,276316,276316,276316,48647453136,11826966591602213592655,19999234047163723890049
2026-06-05 01:43:00,20984330376,-20969211791628654004162,276316,276316,276316,276316,69495951236,48475232652815790440198,19999234047163723890049
2026-06-05 01:44:00,-3551591352,3548918094397473533458,276316,276316,276316,276316,0,3548918094397473533458,19999234047163723890049
2026-06-05 01:46:00,297022409,-297771013258548066063,276316,276316,276316,276316,97294026989,96924451208963674156041,19999234047163723890049
2026-06-05 01:47:00,48647130335,-48611111111111111111052,276316,276316,276316,276316,48647130335,0,19999234047163723890049
2026-06-05 01:48:00,6880291355,-6875633502710675188083,276316,276316,276316,276316,48646893760,41735477608400435922969,19999234047163723890049
2026-06-05 01:49:00,34747781497,-34722222222222222222180,276316,276316,276316,276316,34747781497,0,19999234047163723890049
2026-06-05 01:50:00,-112841549970,112756979883659164742111,276316,276316,276316,276316,0,112756979883659164742111,19999234047163723890049
2026-06-05 01:52:00,80393904941,-80334522738648562416534,276316,276316,276316,276316,100074065197,19665477261351437583466,19999234047163723890049
2026-06-05 01:53:00,-123629233649,123536111324735848327991,276316,276316,276316,276316,0,123536111324735848327991,19999234047163723890049
2026-06-05 01:54:00,45867602395,-45833333333333333333156,276316,276316,276316,276316,45867602395,0,19999234047163723890049
2026-06-05 01:55:00,-70527408248,70473437386955384189756,276316,276316,276316,276316,48647227268,119084548498066495300808,19999234047163723890049
2026-06-05 01:56:00,41697931838,-41666666666666666666616,276316,276316,276316,276316,41697931838,0,19999234047163723890049
2026-06-05 01:57:00,-95615815045,95542909239071818663239,276316,276316,276316,276316,0,95542909239071818663239,19999234047163723890049
2026-06-05 01:58:00,-49666567545,49628337055996554089244,276316,276316,276316,276316,0,49628337055996554089244,19999234047163723890049
2026-06-05 02:00:00,88331053238,-88264232024215962496449,276316,276316,276316,276316,100117269935,11777222181784083055158,19999234047163723890049
2026-06-05 02:01:00,59767072786,-59722222222222222222028,276316,276316,276316,276316,59767072786,0,19999234047163723890049
2026-06-05 02:02:00,-60136187940,60090458365436887200755,276316,276316,276316,276316,0,60090458365436887200755,19999234047163723890049
2026-06-05 02:03:00,12722761253,-12713681311017950910544,276316,276316,276316,276316,62547241781,49786318688982049089380,19999234047163723890049
2026-06-05 02:04:00,-60802133136,60755051614939616361492,276316,276316,276316,276316,55597866864,116310607170495171916980,19999234047163723890049
2026-06-05 02:05:00,44577998925,-44544337704669853801138,276316,276316,276316,276316,48647899818,4066773406441257309914,19999234047163723890049
2026-06-05 02:06:00,-70118525441,70064724288433499042873,276316,276316,276316,276316,0,70064724288433499042873,19999234047163723890049
2026-06-05 02:07:00,-120098397984,120005106885395338246384,276316,276316,276316,276316,0,120005106885395338246384,19999234047163723890049
2026-06-05 02:09:00,23641902405,-23624423744076936130662,276316,276316,276316,276316,100076838645,76375576255923063869338,19999234047163723890049
2026-06-05 02:10:00,59768091130,-59722222222222222222028,276316,276316,276316,276316,59768091130,0,19999234047163723890049
2026-06-05 02:12:00,85618707714,-85553621501944118710306,276316,276316,276316,276316,85618707714,0,19999234047163723890049
2026-06-05 02:13:00,-201620845296,201464393014891144066312,276316,276316,276316,276316,0,201464393014891144066312,19999234047163723890049
2026-06-05 02:14:00,-99756720482,99677810473366497985851,276316,276316,276316,276316,0,99677810473366497985851,19999234047163723890049
2026-06-05 02:15:00,83398538419,-83333333333333333333232,276316,276316,276316,276316,83398538419,0,19999234047163723890049
2026-06-05 02:17:00,69591710235,-69537831748538423342815,276316,276316,276316,276316,69591710235,0,19999234047163723890049
2026-06-05 02:19:00,83449225973,-83385257604435478647277,276316,276316,276316,276316,83537287912,87993920584588158479,19999234047163723890049
2026-06-05 02:20:00,-14839876343,14828403179674987114535,276316,276316,276316,276316,0,14828403179674987114535,19999234047163723890049
2026-06-05 02:26:00,-177640926686,177501201453656562612056,276316,276316,276316,276316,67843955994,245291899142656562612055,19999234047163723890049
2026-06-05 02:30:00,53727943720,-53686092870674987114535,276316,276316,276316,276316,53727943720,0,19999234047163723890049
2026-06-05 02:33:00,-50000000000,49960562695325524872367,276316,276316,276316,276316,0,49960562695325524872367,19999234047163723890049
2026-06-05 02:35:00,86992327,-86924364642999472950,276316,276316,276316,276316,86992327,0,19999234047163723890049
2026-06-05 02:38:00,-3530132114,3527338328850757222124,276316,276316,276316,276316,0,3527338328850757222124,19999234047163723890049
2026-06-05 02:39:00,18863367394,-18848641652000000000000,276316,276316,276316,276316,18863367394,0,19999234047163723890049
2026-06-05 02:40:00,1317537415,-1316510204000000000000,276316,276316,276316,276316,1317537415,0,19999234047163723890049
2026-06-05 02:43:00,4343044754,-4339659950966264933104,276316,276316,276316,276316,4343044754,0,19999234047163723890049
2026-06-05 02:44:00,101849008726,-101770188782874326316722,276316,276316,276316,276316,103566657784,1716311217451198555645,19999234047163723890049
2026-06-05 02:49:00,-11264349403,11255568540609910809908,276316,276316,276316,276316,0,11255568540609910809908,19999234047163723890049
2026-06-05 02:52:00,-15278923562,15266992976741356675940,276316,276316,276316,276316,0,15266992976741356675940,19999234047163723890049
2026-06-05 02:54:00,-1000000358,999218691252260562274,276316,276316,276316,276316,0,999218691252260562274,19999234047163723890049
2026-06-05 02:57:00,-16016586779,16004053554210733519361,276316,276316,276316,276316,0,16004053554210733519361,19999234047163723890049
2026-06-05 02:58:00,-129780150167,129677637623955552894549,276316,276316,276316,276316,1260047143,130936710423728557663825,19999234047163723890049
2026-06-05 03:00:00,934507611,-933772864489576977553,276316,276316,276316,276316,934507611,0,19999234047163723890049
2026-06-05 03:01:00,-89569317643,89497586636939507136071,276316,276316,276316,276316,1660293151,91156574615184816480191,19999234047163723890049
2026-06-05 03:02:00,2344782019,-2342917865161536436044,276316,276316,276316,276316,2344782019,0,19999234047163723890049
2026-06-05 03:03:00,-13277044,13266355720773924522,276316,276316,276316,276316,0,13266355720773924522,19999234047163723890049
2026-06-05 03:04:00,2789288226,-2787071390947012952695,276316,276316,276316,276316,2789288226,0,19999234047163723890049
2026-06-05 03:05:00,24370436145,-24351100376600138109801,276316,276316,276316,276316,24370436145,0,19999234047163723890049
2026-06-05 03:08:00,2347168962,-2345309826436292319644,276316,276316,276316,276316,2347168962,0,19999234047163723890049
2026-06-05 03:13:00,1596258146,-1594994102858861589007,276316,276316,276316,276316,1596258146,0,19999234047163723890049
2026-06-05 03:17:00,-179024952,178881408761885213423,276316,276316,276316,276316,0,178881408761885213423,19999234047163723890049
2026-06-05 03:18:00,-29349267278,29325471507301297307533,276316,276316,276316,276316,22039544002,51347588466301297307533,19999234047163723890049
2026-06-05 03:24:00,2272145517,-2270339989645121078215,276316,276316,276316,276316,2272145517,0,19999234047163723890049
2026-06-05 03:25:00,-85446546,85377801896000190485,276316,276316,276316,276316,0,85377801896000190485,19999234047163723890049
2026-06-05 03:26:00,222111597,-221948863789184041155,276316,276316,276316,276316,1596942948,1373725172470778843563,19999234047163723890049
2026-06-05 03:27:00,508565376,-508161329673251878142,276316,276316,276316,276316,508565376,0,19999234047163723890049
2026-06-05 03:29:00,73815697443,-73757326105000000000000,276316,276316,276316,276316,73815697443,0,19999234047163723890049
2026-06-05 03:30:00,76067163611,-76007581283977496752128,276316,276316,276316,276316,76067163611,0,19999234047163723890049
2026-06-05 03:32:00,2299281428,-2297489432720768639826,276316,276316,276316,276316,2299281428,0,19999234047163723890049
2026-06-05 03:33:00,-2163812491,2162104468827172462048,276316,276316,276316,276316,0,2162104468827172462048,19999234047163723890049
2026-06-05 03:34:00,10745864487,-10737494141000000000000,276316,276316,276316,276316,10745864487,0,19999234047163723890049
2026-06-05 03:36:00,-192547776,192395970755315968682,276316,276316,276316,276316,0,192395970755315968682,19999234047163723890049
2026-06-05 03:38:00,59698453590,-59652161170000000000000,276316,276316,276316,276316,59698453590,0,19999234047163723890049
2026-06-05 03:39:00,229897707742,-229722761600000000000000,276316,276316,276316,276316,229897707742,0,19999234047163723890049
2026-06-05 03:40:00,-359963,356129907081436843,276316,276316,276316,276316,356040632,356129907081436843103,19999234047163723890049
2026-06-05 03:41:00,152351672,-152237487328491372948,276316,276316,276316,276316,152351672,0,19999234047163723890049
2026-06-05 03:43:00,2204502574,-2202850595000000000000,276316,276316,276316,276316,2204502574,0,19999234047163723890049
2026-06-05 03:46:00,12268352830,-12259168208000000000000,276316,276316,276316,276316,12268352830,0,19999234047163723890049
2026-06-05 03:47:00,11024804683,-11016563862000000000000,276316,276316,276316,276316,11024804683,0,19999234047163723890049
2026-06-05 03:49:00,-219140841975,218972570996417116750541,276316,276316,276316,276316,0,218972570996417116750541,19999234047163723890049
2026-06-05 03:52:00,-3475319040,3472611817746537983281,276316,276316,276316,276316,0,3472611817746537983281,19999234047163723890049
2026-06-05 03:53:00,107009007605,-106927271780000000000000,276316,276316,276316,276316,107009007605,0,19999234047163723890049
2026-06-05 03:56:00,-2433275058,2431404862319298556672,276316,276316,276316,276316,0,2431404862319298556672,19999234047163723890049
2026-06-05 03:57:00,-74588311719,74530677779055094590398,276316,276316,276316,276316,1910166120,76439394799895517612845,19999234047163723890049
2026-06-05 03:58:00,-48811920491,48773893620093660699498,276316,276316,276316,276316,2187039509,50959257722619258313772,19999234047163723890049
2026-06-05 03:59:00,64477191623,-64427684331000000000000,276316,276316,276316,276316,64477191623,0,19999234047163723890049
2026-06-05 04:00:00,-5256051459,5251953176932231293355,276316,276316,276316,276316,2559109211,7809105891167194330336,19999234047163723890049
2026-06-05 04:04:00,72709680311,-72654618483704918786732,276316,276316,276316,276316,103390358004,30657166220295081213268,19999234047163723890049
2026-06-05 04:05:00,-15443881717,15432011055131367892724,276316,276316,276316,276316,0,15432011055131367892724,19999234047163723890049
2026-06-05 04:07:00,-302091478,301859042718524459262,276316,276316,276316,276316,0,301859042718524459262,19999234047163723890049
2026-06-05 04:17:00,309097159,-308862423636873008965,276316,276316,276316,276316,309097159,0,19999234047163723890049
2026-06-05 04:21:00,850645953,-850000000167194330336,276316,276316,276316,276316,850645953,0,19999234047163723890049
2026-06-05 04:23:00,-124570753013,124474143513364839778581,276316,276316,276316,276316,0,124474143513364839778581,19999234047163723890049
2026-06-05 04:25:00,1974149396,-1972626005000000000000,276316,276316,276316,276316,1974149396,0,19999234047163723890049
2026-06-05 04:28:00,8582182739,-8575564653000000000000,276316,276316,276316,276316,8582182739,0,19999234047163723890049
2026-06-05 04:29:00,1894604152,-1893144133650339931118,276316,276316,276316,276316,1894604152,0,19999234047163723890049
2026-06-05 04:36:00,-41965009741,41932147384631855455589,276316,276316,276316,276316,2001542037,43932147384631855455589,19999234047163723890049
2026-06-05 04:38:00,10642382315,-10634143143000000000000,276316,276316,276316,276316,10642382315,0,19999234047163723890049
2026-06-05 04:42:00,236384625,-236201748907383093082,276316,276316,276316,276316,236384625,0,19999234047163723890049
2026-06-05 04:46:00,86064431073,-85998219001750454534144,276316,276316,276316,276316,86064431073,0,19999234047163723890049
2026-06-05 04:50:00,139376350759,-139270693467000000000000,276316,276316,276316,276316,139376350759,0,19999234047163723890049
2026-06-05 04:51:00,175994640426,-175863995997000000000000,276316,276316,276316,276316,175994640426,0,19999234047163723890049
2026-06-05 04:52:00,-33423259889,33398353135323490060660,276316,276316,276316,276316,0,33398353135323490060660,19999234047163723890049
2026-06-05 04:54:00,1551142868,-1550000000000000000000,276316,276316,276316,276316,1551142868,0,19999234047163723890049
2026-06-05 04:55:00,-178655399,178521993514413122877,276316,276316,276316,276316,0,178521993514413122877,19999234047163723890049
2026-06-05 04:57:00,180269346,-180136538107620241898,276316,276316,276316,276316,180269346,0,19999234047163723890049
2026-06-05 04:59:00,-20138887422,20123829323416053578577,276316,276316,276316,276316,0,20123829323416053578577,19999234047163723890049
2026-06-05 05:04:00,-270031159,269828977281983158019,276316,276316,276316,276316,0,269828977281983158019,19999234047163723890049
2026-06-05 05:14:00,1974853995,-1973395262000000000000,276316,276316,276316,276316,1974853995,0,19999234047163723890049
2026-06-05 05:15:00,3559612985,-3556984647736874491869,276316,276316,276316,276316,3559612985,0,19999234047163723890049
2026-06-05 05:32:00,-7421199872,7415644636784748057003,276316,276316,276316,276316,0,7415644636784748057003,19999234047163723890049
2026-06-05 05:36:00,-133406782861,133305981143962601652223,276316,276316,276316,276316,0,133305981143962601652223,19999234047163723890049
2026-06-05 05:37:00,216900293,-216737128574802681514,276316,276316,276316,276316,216900293,0,19999234047163723890049
2026-06-05 05:38:00,661880544,-661382669602476935178,276316,276316,276316,276316,661880544,0,19999234047163723890049
2026-06-05 05:40:00,29964571043,-29942101768525999824266,276316,276316,276316,276316,32427629641,2461181020353349048736,19999234047163723890049
2026-06-05 05:41:00,427010959,-426691057477856255880,276316,276316,276316,276316,427010959,0,19999234047163723890049
2026-06-05 05:43:00,1910147813,-1908717020840000000000,276316,276316,276316,276316,1910147813,0,19999234047163723890049
2026-06-05 05:44:00,-32427581902,32402909744390395631515,276316,276316,276316,276316,888617910,33290859203734301135479,19999234047163723890049
2026-06-05 05:45:00,2407509033,-2405698414000000000000,276316,276316,276316,276316,2407509033,0,19999234047163723890049
2026-06-05 05:46:00,-247578139965,247386418901136260210265,276316,276316,276316,276316,1910115537,249295050704226260210265,19999234047163723890049
2026-06-05 05:47:00,-4231673231,4228343388271040124443,276316,276316,276316,276316,0,4228343388271040124443,19999234047163723890049
2026-06-05 05:48:00,20783431141,-20767321942522181189330,276316,276316,276316,276316,22797216795,2012200491785771942923,19999234047163723890049
2026-06-05 05:49:00,154697224513,-154578525000884925319672,276316,276316,276316,276316,154697224513,0,19999234047163723890049
2026-06-05 05:50:00,1910082473,-1908631803090000000000,276316,276316,276316,276316,1910082473,0,19999234047163723890049
2026-06-05 05:51:00,-90487747,90416959041780946834,276316,276316,276316,276316,116756267,207084564619133438591,19999234047163723890049
2026-06-05 05:52:00,1055130820,-1054329615707960437314,276316,276316,276316,276316,1055130820,0,19999234047163723890049
2026-06-05 05:53:00,-1355966846,1354923634331690159165,276316,276316,276316,276316,0,1354923634331690159165,19999234047163723890049
2026-06-05 05:57:00,6728244978,-6723137648000000000000,276316,276316,276316,276316,6728244978,0,19999234047163723890049
2026-06-05 05:58:00,2805968192,-2803839552000000000000,276316,276316,276316,276316,2805968192,0,19999234047163723890049
2026-06-05 06:01:00,49723619845,-49686029368835381262686,276316,276316,276316,276316,49723619845,0,19999234047163723890049
2026-06-05 06:03:00,-93338313216,93266614545235286824496,276316,276316,276316,276316,0,93266614545235286824496,19999234047163723890049
2026-06-05 06:04:00,-197162912,197010538283946751659,276316,276316,276316,276316,0,197010538283946751659,19999234047163723890049
2026-06-05 06:05:00,294959971678,-294742431228489598625432,276316,276316,276316,276316,607585928387,312379465539956793549296,19999234047163723890049
2026-06-05 06:08:00,-25472161317,25453164478005206030299,276316,276316,276316,276316,2904437666,28355472497545192736789,19999234047163723890049
2026-06-05 06:09:00,472742237,-472394344227773550931,276316,276316,276316,276316,472742237,0,19999234047163723890049
2026-06-05 06:10:00,-711514970,710984243872209707452,276316,276316,276316,276316,0,710984243872209707452,19999234047163723890049
2026-06-05 06:14:00,5003681220,-5000000000000000000000,276316,276316,276316,276316,5003681220,0,19999234047163723890049
2026-06-05 06:15:00,-156073711818,155956100809711302360832,276316,276316,276316,276316,5003678717,160956100809711302360832,19999234047163723890049
2026-06-05 06:16:00,-108311001351,108227981313571244346041,276316,276316,276316,276316,562217721,108789770686596003554975,19999234047163723890049
2026-06-05 06:21:00,1465866789,-1464754547291394774447,276316,276316,276316,276316,1910045287,443835731638605225553,19999234047163723890049
2026-06-05 06:22:00,596085812,-595631782406279695687,276316,276316,276316,276316,596085812,0,19999234047163723890049
2026-06-05 06:23:00,284716762412,-284504083634118347986167,276316,276316,276316,276316,297599046274,12872717934056105209126,19999234047163723890049
2026-06-05 06:28:00,-384721172,384435236371136313272,276316,276316,276316,276316,0,384435236371136313272,19999234047163723890049
2026-06-05 06:29:00,89931966238,-89866441120854107110773,276316,276316,276316,276316,91320513787,1387515419466460109633,19999234047163723890049
2026-06-05 06:31:00,205608083607,-205461279362000000000000,276316,276316,276316,276316,205608083607,0,19999234047163723890049
2026-06-05 06:46:00,299766245898,-299559779711637690253312,276317,276317,276317,276317,299766245898,0,19999234047163724889697
2026-06-05 06:47:00,-1000691217,1000006916748861083165,276317,276317,276317,276317,0,1000006916748861083165,19999234047163724889697
2026-06-05 06:48:00,300346084076,-300148191780108083468325,276317,276317,276317,276317,300346084076,0,19999234047163724889697
2026-06-05 06:53:00,-10000000000,9993456291564757207681,276317,276317,276317,276317,0,9993456291564757207681,19999234047163724889697
2026-06-05 06:54:00,-359294958,359059659404302407526,276317,276317,276317,276317,0,359059659404302407526,19999234047163724889697
2026-06-05 06:55:00,-2027058441,2025730700764771501257,276317,276317,276317,276317,0,2025730700764771501257,19999234047163724889697
2026-06-05 06:57:00,-98631711000,98566610551867514254194,276317,276317,276317,276317,0,98566610551867514254194,19999234047163724889697
2026-06-05 06:58:00,-11918168485,11910236252946199251743,276317,276317,276317,276317,0,11910236252946199251743,19999234047163724889697
2026-06-05 07:02:00,384623724,-384371357246351967450,276317,276317,276317,276317,384623724,0,19999234047163724889697
2026-06-05 07:03:00,-14887569346,14877641444493336866881,276317,276317,276317,276317,0,14877641444493336866881,19999234047163724889697
2026-06-05 07:04:00,21608186408,-21594000000000000000000,276317,276317,276317,276317,21608186408,0,19999234047163724889697
2026-06-05 07:05:00,-95835885021,95771259056731747882036,276317,276317,276317,276317,39409157766,135154131195738057255629,19999234047163724889697
2026-06-05 07:07:00,997942705,-997279098916167550926,276317,276317,276317,276317,997942705,0,19999234047163724889697
2026-06-05 07:08:00,266309990379,-266136457000000000000000,276317,276317,276317,276317,266309990379,0,19999234047163724889697
2026-06-05 07:10:00,63027433148,-62987400000000000000000,276317,276317,276317,276317,63027433148,0,19999234047163724889697
2026-06-05 07:15:00,-124609000000,124528223460112546422879,276317,276317,276317,276317,0,124528223460112546422879,19999234047163724889697
2026-06-05 07:16:00,12916977961,-12908661677735687347819,276317,276317,276317,276317,12916977961,0,19999234047163724889697
2026-06-05 07:17:00,-2422816269,2420599668315719924481,276317,276317,276317,276317,63419540686,65799133874315719924481,19999234047163724889697
2026-06-05 07:18:00,-36372924,36349157142749987179,276317,276317,276317,276317,0,36349157142749987179,19999234047163724889697
2026-06-05 07:19:00,-325010509,324798134480848352638,276317,276317,276317,276317,0,324798134480848352638,19999234047163724889697
2026-06-05 07:20:00,39798980313,-39773450437000000000000,276317,276317,276317,276317,39798980313,0,19999234047163724889697
2026-06-05 07:22:00,-338047707,337828146631010551873,276317,276317,276317,276317,0,337828146631010551873,19999234047163724889697
2026-06-05 07:24:00,-30334126230,30314377951044338721807,276317,276317,276317,276317,0,30314377951044338721807,19999234047163724889697
2026-06-05 07:29:00,650745204,-650327089416230610641,276317,276317,276317,276317,650745204,0,22435358855904855370778
2026-06-05 07:33:00,474202198677,-473908407745696786306226,276318,276317,276317,276318,560781518200,86526834693303234472782,19999234047163725889396
2026-06-05 07:35:00,318693477347,-318507150016237784678699,276318,276317,276317,276318,318723423545,29927923036209659605,19999234047163725889396
2026-06-05 07:38:00,-559661015,559337094128525089810,276318,276318,276318,276318,0,559337094128525089810,19999234047163725889396
2026-06-05 07:42:00,-3277238224,3275340798763048403270,276318,276318,276318,276318,0,3275340798763048403270,19999234047163725889396
2026-06-05 07:44:00,69272487710,-69234607310418898863366,276318,276318,276318,276318,199906256296,130559870852081101136634,19999234047163725889396
2026-06-05 07:45:00,-13369981990,13362322586440908083154,276318,276318,276318,276318,0,13362322586440908083154,19999234047163725889396
2026-06-05 07:47:00,-71496000,71454992797024441873,276318,276318,276318,276318,0,71454992797024441873,19999234047163725889396
2026-06-05 07:48:00,-2840155104,2838525711623925467363,276318,276318,276318,276318,0,2838525711623925467363,19999234047163725889396
2026-06-05 07:49:00,-443836856,443582154230115190631,276318,276318,276318,276318,0,443582154230115190631,19999234047163725889396
2026-06-05 07:50:00,-7008277139,7004252747669461284184,276318,276318,276318,276318,0,7004252747669461284184,19999234047163725889396
2026-06-05 07:51:00,11390673120,-11384248544836230755138,276318,276318,276318,276318,11390673120,0,19999234047163725889396
2026-06-05 08:01:00,-90860000000,90807484266219677682832,276318,276318,276318,276318,0,90807484266219677682832,19999234047163725889396
2026-06-05 08:03:00,-2500000000,2498543376767736341192,276318,276318,276318,276318,0,2498543376767736341192,19999234047163725889396
2026-06-05 08:05:00,4002291632,-4000000000117981758150,276318,276318,276318,276318,4002291632,0,19999234047163725889396
2026-06-05 08:06:00,-168217396327,168118017182276152101137,276318,276318,276318,276318,0,168118017182276152101137,19999234047163725889396
2026-06-05 08:11:00,54809860457,-54777717246574954339583,276318,276318,276318,276318,54809860457,0,19999234047163725889396
2026-06-05 08:13:00,161887471516,-161794535181326668222705,276318,276318,276318,276318,186893629699,24991747610192032487467,19999234047163725889396
2026-06-05 08:14:00,-258186819,258037704913131403041,276318,276318,276318,276318,0,258037704913131403041,19999234047163725889396
2026-06-05 08:15:00,420229628416,-419999944798000000000000,276318,276318,276318,276318,420229628416,0,19999234047163725889396
2026-06-05 08:16:00,-7495900677,7491883316541145829079,276318,276318,276318,276318,0,7491883316541145829079,19999234047163725889396
2026-06-05 08:20:00,-2649019644,2647598582381074547465,276318,276318,276318,276318,0,2647598582381074547465,19999234047163725889396
2026-06-05 08:24:00,-9992994529,9987627497483493635279,276318,276318,276318,276318,0,9987627497483493635279,19999234047163725889396
2026-06-05 08:25:00,207609138,-207499609465747531372,276318,276318,276318,276318,207609138,0,19999234047163725889396
2026-06-05 08:26:00,-1610313809,1609448042074657973226,276318,276318,276318,276318,0,1609448042074657973226,19999234047163725889396
2026-06-05 08:27:00,-157434925,157350267213751974487,276318,276318,276318,276318,0,157350267213751974487,19999234047163725889396
2026-06-05 08:28:00,-9460898579,9455806654408653002031,276318,276318,276318,276318,0,9455806654408653002031,19999234047163725889396
2026-06-05 08:30:00,-2030936775,2029838554917240095026,276318,276318,276318,276318,399063225,2428690809682710544432,19999234047163725889396
2026-06-05 08:32:00,-204971783546,204859218692602806697213,276318,276318,276318,276318,1005139259,205863825392271022941102,19999234047163725889396
2026-06-05 08:34:00,3542875710,-3540929990564039094909,276318,276318,276318,276318,3542875710,0,19999234047163725889396
2026-06-05 08:36:00,-9692412872,9686987023391987603840,276318,276318,276318,276318,300164790,9986987023391987603840,19999234047163725889396
2026-06-05 08:37:00,-993667600,993111117674812534195,276318,276318,276318,276318,0,993111117674812534195,19999234047163725889396
2026-06-05 08:38:00,-9915000000,9909441918910748766715,276318,276318,276318,276318,0,9909441918910748766715,19999234047163725889396
2026-06-05 08:39:00,216616678,-216497309522272907561,276318,276318,276318,276318,216616678,0,19999234047163725889396
2026-06-05 08:40:00,250218937390,-250084181729000000000000,276318,276318,276318,276318,250218937390,0,19999234047163725889396
2026-06-05 08:41:00,-200545855,200438351246015732241,276318,276318,276318,276318,0,200438351246015732241,19999234047163725889396
2026-06-05 08:45:00,-8003960000,7999666161103969197704,276318,276318,276318,276318,0,7999666161103969197704,19999234047163725889396
2026-06-05 08:46:00,941258540,-940762663904708259235,276318,276318,276318,276318,941258540,0,19999234047163725889396
2026-06-05 08:47:00,-18012000000,18002315487421341073946,276318,276318,276318,276318,0,18002315487421341073946,19999234047163725889396
2026-06-05 08:49:00,-217234735859,217115382061598031597468,276318,276318,276318,276318,0,217115382061598031597468,19999234047163725889396
2026-06-05 08:50:00,-4950871113,4948096032108859043522,276318,276318,276318,276318,0,4948096032108859043522,19999234047163725889396
2026-06-05 08:51:00,15608584669,-15600000000000000000000,276318,276318,276318,276318,15608584669,0,19999234047163725889396
2026-06-05 08:52:00,2661327955,-2659866663846365971397,276318,276318,276318,276318,2661327955,0,19999234047163725889396
2026-06-05 08:53:00,192921111051,-192817166184767574252539,276318,276318,276318,276318,202914687629,9987985724232425747461,19999234047163725889396
2026-06-05 08:54:00,172315491602,-172227322677091237599580,276318,276319,276318,276319,334253015943,161854230326212386649764,19999234047163725889396
2026-06-05 08:55:00,-18117680000,18108198020413428341290,276318,276318,276318,276318,0,18108198020413428341290,19999234047163725889396
2026-06-05 08:56:00,-8106217231,8101964179653871463857,276318,276318,276318,276318,0,8101964179653871463857,19999234047163725889396
2026-06-05 08:59:00,-3407037183,3405247537863460800721,276318,276318,276318,276318,12974182,3418215037887095110152,19999234047163725889396
2026-06-05 09:00:00,-2346551826,2345310424558757853431,276318,276318,276318,276318,822613729,3167500199688936527811,19999234047163725889396
2026-06-05 09:01:00,-5485830424,5482945319275440709337,276318,276318,276318,276318,0,5482945319275440709337,19999234047163725889396
2026-06-05 09:02:00,-4529248541,4526857681908429273297,276318,276318,276318,276318,657559474,5184077746854590224509,19999234047163725889396
2026-06-05 09:04:00,-18000000000,17990504185525445853037,276318,276318,276318,276318,0,17990504185525445853037,19999234047163725889396
2026-06-05 09:06:00,-463629483277,463373505668707148881739,276318,276318,276318,276318,23602609959,486962757597473692704587,19999234047163725889396
2026-06-05 09:10:00,-180866308,180762349023791391657,276318,276318,276318,276318,0,180762349023791391657,19999234047163725889396
2026-06-05 09:11:00,230127214257,-229999885000327890489344,276318,276318,276318,276318,230127214257,0,20002778158276406957047
2026-06-05 09:12:00,-89389196288,89339469685164628479983,276318,276318,276318,276318,262492818,89601820287685864951792,20002778158276406957047
2026-06-05 09:14:00,-98831096,98775677212913701735,276318,276318,276318,276318,0,98775677212913701735,20002778158276406957047
2026-06-05 09:17:00,30779625148,-30762720768000000000000,276318,276318,276318,276318,30779625148,0,20002778158276406957047
2026-06-05 09:19:00,-107469920000,107409410989170694105251,276318,276318,276318,276318,0,107409410989170694105251,20002778158276406957047
2026-06-05 09:20:00,-40000000000,39977184069867988059604,276318,276318,276318,276318,0,39977184069867988059604,20002778158276406957047
2026-06-05 09:21:00,-272000166294,271840778960469464966325,276318,276318,276318,276318,0,271840778960469464966325,20002778158276406957047
2026-06-05 09:23:00,100201127814,-100142553290651762235291,276318,276318,276318,276318,100201127814,0,20002778158276406957047
2026-06-05 09:25:00,-39408800000,39385488625613359758663,276318,276318,276318,276318,0,39385488625613359758663,20002778158276406957047
2026-06-05 09:27:00,-9992267408,9986332054054560144415,276318,276318,276318,276318,0,9986332054054560144415,20002778158276406957047
2026-06-05 09:29:00,-161351023290,161253806267665891928290,276317,276318,276317,276318,0,161253806267665891928290,22438902967017536438429
2026-06-05 09:30:00,-256487509625,256328054851922195376990,276317,276317,276317,276317,0,256328054851922195376990,22438902967017536438429
2026-06-05 09:31:00,97734439840,-97673965603000000000000,276317,276317,276317,276317,97734439840,0,22438902967017536438429
2026-06-05 09:33:00,984862660,-984257595000000000000,276317,276317,276317,276317,984862660,0,22438902967017536438429
2026-06-05 09:34:00,168567664577,-168465375000000000000000,276317,276317,276317,276317,168567664577,0,22438902967017536438429
2026-06-05 09:35:00,62535790437,-62498495528000000000000,276318,276318,276318,276318,62535790437,0,20002778158276406957047
2026-06-05 09:36:00,203230472001,-203113321151409286794869,276318,276318,276318,276318,339422967662,136110875013017200501131,20002778158276406957047
2026-06-05 09:37:00,72592755871,-72551959236474634188564,276318,276318,276318,276318,126125836067,53502402648525365811436,20002778158276406957047
2026-06-05 09:38:00,103189397800,-103131551576007160889344,276318,276318,276318,276318,103189397800,0,20002778158276406957047
2026-06-05 09:39:00,20297269203,-20286016098000000000000,276318,276318,276318,276318,20297269203,0,20002778158276406957047
2026-06-05 09:40:00,256000892429,-255862495000000000000000,276318,276318,276318,276318,256000892429,0,20002778158276406957047
2026-06-05 09:41:00,-100000000000,99945718493082169864087,276318,276318,276318,276318,0,99945718493082169864087,20002778158276406957047
2026-06-05 09:42:00,135797732967,-135725620000000000000000,276318,276318,276318,276318,135797732967,0,20002778158276406957047
2026-06-05 09:44:00,167316217429,-167230833481255489281553,276318,276318,276318,276318,260653658226,93289571329528310718447,20002778158276406957047
2026-06-05 09:45:00,231457690000,-231342893998003122601984,276319,276319,276319,276319,231457690000,0,20002778158256411482742
2026-06-05 09:46:00,50023628386,-49999521600000000000000,276319,276319,276319,276319,50023628386,0,20002778158256411482742
2026-06-05 09:49:00,93252994835,-93208722947750682951680,276319,276319,276319,276319,93252994835,0,20002778158256411482742
2026-06-05 09:51:00,-73099000000,73063639185974695989134,276319,276319,276319,276319,0,73063639185974695989134,20002778158256411482742
2026-06-05 09:52:00,-9995520322,9990643609205802382342,276319,276319,276319,276319,0,9990643609205802382342,20002778158256411482742
2026-06-05 09:56:00,-97555895,97508248065148376879,276319,276319,276319,276319,0,97508248065148376879,20002778158256411482742
2026-06-05 09:57:00,43653897930,-43633108945705377988608,276319,276319,276319,276319,43653897930,0,20002778158256411482742
2026-06-05 10:01:00,-195071831,194977406421202295683,276319,276319,276319,276319,0,194977406421202295683,20002778158256411482742
2026-06-05 10:03:00,-3590235091,3588496568665387471997,276319,276319,276319,276319,0,3588496568665387471997,20002778158256411482742
2026-06-05 10:04:00,-30747473,30732578138491472642,276319,276319,276319,276319,0,30732578138491472642,20002778158256411482742
2026-06-05 10:07:00,-258859580,258734178726961818346,276319,276319,276319,276319,0,258734178726961818346,20002778158256411482742
2026-06-05 10:09:00,-995045,994562931197870221,276319,276319,276319,276319,0,994562931197870221,20002778158256411482742
2026-06-05 10:10:00,-175090744383,175003392525050339733013,276319,276318,276318,276319,99910567265,274864310817157363465940,20002778158256411482742
2026-06-05 10:11:00,53729196527,-53702909037000000000000,276319,276319,276319,276319,53729196527,0,20002778158256411482742
2026-06-05 10:12:00,16715237625,-16707118369000000000000,276319,276319,276319,276319,16715237625,0,20002778158256411482742
2026-06-05 10:13:00,200842621388,-200747247000000000000000,276319,276319,276319,276319,200842621388,0,20002778158256411482742
2026-06-05 10:14:00,-166808882,166729673297309373847,276319,276319,276319,276319,0,166729673297309373847,20002778158256411482742
2026-06-05 10:15:00,-19836496622,19827057610678069412762,276319,276319,276319,276319,0,19827057610678069412762,20002778158256411482742
2026-06-05 10:18:00,-7708699313,7705017829427739525962,276319,276319,276319,276319,276419856,7981308426119324899797,20002778158256411482742
2026-06-05 10:20:00,920733515,-920303017272233288356,276319,276319,276319,276319,920733515,0,20002778158256411482742
2026-06-05 10:22:00,-22290398730,22279730021205889477531,276319,276319,276319,276319,0,22279730021205889477531,20002778158256411482742
2026-06-05 10:24:00,-613432800,613138493995434741981,276319,276319,276319,276319,0,613138493995434741981,20002778158256411482742
2026-06-05 10:26:00,-46583803307,46561344071065934773921,276319,276319,276319,276319,0,46561344071065934773921,20002778158256411482742
2026-06-05 10:28:00,-287273553,287134377832199324013,276319,276319,276319,276319,0,287134377832199324013,20002778158256411482742
2026-06-05 10:29:00,-200080437019,199981501940178429624449,276319,276319,276319,276319,0,199981501940178429624449,20002778158256411482742
2026-06-05 10:30:00,-85123947,85081003639249624202,276319,276319,276319,276319,0,85081003639249624202,20002778158256411482742
2026-06-05 10:31:00,279910116352,-279776037640056701778538,276319,276319,276319,276319,321789606400,41859621523223918085526,20002778158256411482742
2026-06-05 10:32:00,296718420,-296580000000000000000,276319,276319,276319,276319,296718420,0,20002778158256411482742
2026-06-05 10:33:00,1535538367,-1534822174000000000000,276319,276319,276319,276319,1535538367,0,20002778158256411482742
2026-06-05 10:41:00,11434363715,-11429038001000000000000,276319,276319,276319,276319,11434363715,0,20002778158256411482742
2026-06-05 10:42:00,-3708876258,3707113156680054124023,276319,276319,276319,276319,0,3707113156680054124023,20002778158256411482742
2026-06-05 10:43:00,-20061844860,20052284170239715586811,276319,276319,276319,276319,0,20052284170239715586811,20002778158256411482742
2026-06-05 10:45:00,-48248616260,48225458206849027145896,276319,276319,276319,276319,0,48225458206849027145896,20002778158256411482742
2026-06-05 10:48:00,1054877810,-1054379553971208468304,276319,276319,276319,276319,1054877810,0,20002778158256411482742
2026-06-05 10:51:00,838283580,-837887708045767859542,276319,276319,276319,276319,838283580,0,20002778158256411482742
2026-06-05 10:55:00,-114444681804,114388842886183043460219,276319,276319,276319,276319,0,114388842886183043460219,20002778158256411482742
2026-06-05 10:56:00,-93569233963,93522608096126377518454,276319,276319,276319,276319,0,93522608096126377518454,20002778158256411482742
2026-06-05 10:58:00,-9191654759,9187019243423823202567,276319,276319,276319,276319,810142714,9996761794797512031135,20002778158256411482742
2026-06-05 10:59:00,4482778105,-4480565060419963706056,276319,276319,276319,276319,4482778105,0,20002778158256411482742
2026-06-05 11:05:00,-30485674346,30469585164556317571686,276319,276318,276318,276319,69514325654,99949155634556317571686,20002778158256411482742
2026-06-05 11:06:00,34698097,-34680870158590175272,276319,276319,276319,276319,34698097,0,20002778158256411482742
2026-06-05 11:08:00,-9994232778,9989165803793546210769,276319,276319,276319,276319,0,9989165803793546210769,20002778158256411482742
2026-06-05 11:11:00,68420475297,-68386670383000000000000,276319,276319,276319,276319,68420475297,0,20002778158256411482742
2026-06-05 11:12:00,-9996063359,9991053807125561182207,276319,276319,276319,276319,0,9991053807125561182207,20002778158256411482742
2026-06-05 11:15:00,113828087289,-113772770223000000000000,276319,276319,276319,276319,113828087289,0,20002778158256411482742
2026-06-05 11:18:00,-154727134558,154650079131560810425758,276319,276319,276319,276319,0,154650079131560810425758,20002778158256411482742
2026-06-05 11:20:00,-159303437322,159221600836132456009028,276318,276318,276318,276318,296562678,159518011771518526780994,20002778158276406957047
2026-06-05 11:22:00,5002687882,-5000129462914881505880,276318,276318,276318,276318,5002687882,0,20002778158276406957047
2026-06-05 11:23:00,1847087803,-1846143818048238140600,276318,276318,276318,276318,1847087803,0,20002778158276406957047
2026-06-05 11:24:00,-4849577514,4847049857502935079347,276318,276318,276318,276318,0,4847049857502935079347,20002778158276406957047
2026-06-05 11:31:00,-9998903583,9993684620734312325549,276318,276318,276318,276318,0,9993684620734312325549,20002778158276406957047
2026-06-05 11:32:00,-9997666116,9992437812740624909461,276318,276318,276318,276318,0,9992437812740624909461,20002778158276406957047
2026-06-05 11:37:00,2001027241,-2000000000000000000000,276318,276318,276318,276318,2001027241,0,20002778158276406957047
2026-06-05 11:38:00,-9010785962,9006057129523705327657,276318,276318,276318,276318,987042042,9992592614240558443901,20002778158276406957047
2026-06-05 11:39:00,118243174311,-118183177077172151226953,276318,276318,276318,276318,128239128421,9990709718561239994603,20002778158276406957047
2026-06-05 11:40:00,9604988,-9600163885678050723,276318,276318,276318,276318,9604988,0,20002778158276406957047
2026-06-05 11:41:00,-8990982000,8986371543783995715205,276318,276318,276318,276318,0,8986371543783995715205,20002778158276406957047
2026-06-05 11:42:00,-524773536,524504189516535089083,276318,276318,276318,276318,0,524504189516535089083,20002778158276406957047
2026-06-05 11:44:00,-9995991062,9990855245414052692352,276318,276318,276318,276318,0,9990855245414052692352,20002778158276406957047
2026-06-05 11:45:00,-55336122455,55307510843573524049468,276318,276318,276318,276318,0,55307510843573524049468,20002778158276406957047
2026-06-05 11:46:00,10005095803,-10000000000000000000000,276318,276318,276318,276318,10005095803,0,20002778158276406957047
2026-06-05 11:47:00,-6651809141,6648355865290837462672,276318,276318,276318,276318,0,6648355865290837462672,20002778158276406957047
2026-06-05 11:48:00,600305829,-600000000000000000000,276318,276318,276318,276318,600305829,0,20002778158276406957047
2026-06-05 11:49:00,-31336109775,31319784104076762333262,276318,276318,276318,276318,0,31319784104076762333262,20002778158276406957047
2026-06-05 11:51:00,-8429252386,8424773259043764129590,276318,276318,276318,276318,7089716854,15510849437390617547487,20002778158276406957047
2026-06-05 11:52:00,-5003300696,5000680750590227968887,276318,276318,276318,276318,0,5000680750590227968887,20002778158276406957047
2026-06-05 11:53:00,806394210,-805983652277428677057,276318,276318,276318,276318,1187906765,381312720722571322943,20002778158276406957047
2026-06-05 11:54:00,-560368923,560075378815073053252,276318,276318,276318,276318,0,560075378815073053252,20002778158276406957047
2026-06-05 11:56:00,70035698,-69999709573285571522,276318,276318,276318,276318,70035698,0,20002778158276406957047
2026-06-05 11:57:00,-1604205501,1603293724870946575784,276318,276318,276318,276318,7130022042,8729651212060887398520,20002778158276406957047
2026-06-05 12:00:00,5921566691,-5918524597000000000000,276318,276318,276318,276318,5921566691,0,20002778158276406957047
2026-06-05 12:01:00,-29407362084,29391926179381067689719,276318,276318,276318,276318,0,29391926179381067689719,20002778158276406957047
2026-06-05 12:03:00,-4899247187,4896667178691364666607,276318,276318,276318,276318,0,4896667178691364666607,20002778158276406957047
2026-06-05 12:04:00,25910649811,-25897291093472535998646,276318,276318,276318,276318,25910649811,0,20002778158276406957047
2026-06-05 12:05:00,25245267979,-25232316824359445604290,276318,276318,276318,276318,25245267979,0,20002778158276406957047
2026-06-05 12:06:00,-2428188621,2426876605219250558773,276318,276318,276318,276318,4484378585,6908961305219250558773,20002778158276406957047
2026-06-05 12:07:00,1909567785,-1908590278920000000000,276318,276318,276318,276318,1909567785,0,20002778158276406957047
2026-06-05 12:09:00,1909567420,-1908590278920000000000,276318,276318,276318,276318,1909567420,0,20002778158276406957047
2026-06-05 12:11:00,1908353453,-1907377296930000000000,276318,276318,276318,276318,1908353453,0,20002778158276406957047
2026-06-05 12:13:00,78010164431,-77970572287930000000000,276318,276318,276318,276318,78010164431,0,20002778158276406957047
2026-06-05 12:14:00,1908338208,-1907377296930000000000,276318,276318,276318,276318,1908338208,0,20002778158276406957047
2026-06-05 12:16:00,1908337844,-1907377296930000000000,276318,276318,276318,276318,1908337844,0,20002778158276406957047
2026-06-05 12:17:00,67096592711,-67063051441000000000000,276319,276319,276319,276319,67096592711,0,20002778158256411482742
2026-06-05 12:19:00,-20480456085,20470053297761773170519,276318,276319,276318,276319,769543915,21239215131917791342234,20002778158276406957047
2026-06-05 12:20:00,120623210224,-120563795595000000000000,276319,276319,276319,276319,120623210224,0,20002778158256411482742
2026-06-05 12:22:00,-289154990944,289007239160319867891977,276318,276319,276318,276319,0,289007239160319867891977,20002778158276406957047
2026-06-05 12:24:00,23287666555,-23275690543610202145575,276318,276318,276318,276318,23287666555,0,20002778158276406957047
2026-06-05 12:25:00,-9819752016,9814600477799863362137,276318,276318,276318,276318,1005491041,10819574647880088379037,20002778158276406957047
2026-06-05 12:27:00,-497500000,497239258943950197791,276318,276318,276318,276318,0,497239258943950197791,20002778158276406957047
2026-06-05 12:30:00,-17438108571,17428819815438267448678,276318,276318,276318,276318,13385729027,30807675766438267448678,20002778158276406957047
2026-06-05 12:31:00,33747713537,-33730360870545506300000,276318,276318,276318,276318,33747713537,0,20002778158276406957047
2026-06-05 12:33:00,-1105887282,1105299378168549724300,276318,276318,276318,276318,1002507708,2107293349032634142904,20002778158276406957047
2026-06-05 12:34:00,-9921770453,9916579612400022313563,276318,276318,276318,276318,73037512,9989579612400022313563,20002778158276406957047
2026-06-05 12:38:00,-8991510568,8986788584103948915330,276318,276318,276318,276318,1000513817,9986788584103948915330,20002778158276406957047
2026-06-05 12:40:00,-68398523761,68362415233932430551778,276318,276318,276318,276318,0,68362415233932430551778,20002778158276406957047
2026-06-05 12:41:00,-9997236064,9991919233890680064999,276318,276318,276318,276318,0,9991919233890680064999,20002778158276406957047
2026-06-05 12:42:00,326901301,-326730555403315107243,276318,276318,276318,276318,326901301,0,20002778158276406957047
2026-06-05 12:44:00,23289246961,-23277110037625534073583,276318,276318,276318,276318,23289246961,0,20002778158276406957047
2026-06-05 12:45:00,189605830842,-189509036406000005939200,276318,276318,276318,276318,189605830842,0,20002778158276406957047
2026-06-05 12:48:00,16008007719,-16000000000940575646364,276318,276318,276318,276318,16008007719,0,20002778158276406957047
2026-06-05 12:49:00,250523468356,-250401484174000000000000,276319,276319,276319,276319,250523468356,0,20002778158256411482742
2026-06-05 12:50:00,-99249656798,99201088457751454518662,276319,276319,276319,276319,0,99201088457751454518662,20002778158256411482742
2026-06-05 12:51:00,1068517445,-1068000000000000000000,276319,276319,276319,276319,1068517445,0,20002778158256411482742
2026-06-05 12:53:00,43701238202,-43680172969186283225088,276319,276319,276319,276319,43701238202,0,20002778158256411482742
2026-06-05 12:54:00,354444732104,-354280929782614671477785,276319,276319,276319,276319,354444732104,0,20002778158256411482742
2026-06-05 12:55:00,-189999924000,189911779643299357354667,276319,276319,276319,276319,0,189911779643299357354667,20002778158256411482742
2026-06-05 12:57:00,-141398267724,141330309480670264208343,276319,276319,276319,276319,2010241000,143339619108670264208343,20002778158256411482742
2026-06-05 12:59:00,1393188301,-1392523092492395282854,276319,276319,276319,276319,1393188301,0,20002778158256411482742
2026-06-05 13:00:00,67073530003,-67041733645306493392599,276319,276319,276319,276319,67073530003,0,20002778158256411482742
2026-06-05 13:01:00,-11607353,11601772413973777451,276319,276319,276319,276319,0,11601772413973777451,20002778158256411482742
2026-06-05 13:04:00,-9930000,9925226315291550105,276319,276319,276319,276319,0,9925226315291550105,20002778158256411482742
2026-06-05 13:06:00,2291169736,-2290091537000000000000,276319,276319,276319,276319,2291169736,0,20002778158256411482742
2026-06-05 13:07:00,-995000000,994521882939578459435,276319,276319,276319,276319,0,994521882939578459435,20002778158256411482742
2026-06-05 13:08:00,-17957520804,17948874859505766608281,276319,276319,276319,276319,0,17948874859505766608281,20002778158256411482742
2026-06-05 13:10:00,5931551045,-5928750926000000000000,276319,276319,276319,276319,5931551045,0,20002778158256411482742
2026-06-05 13:11:00,-3637955247,3635913441163024590344,276319,276319,276319,276319,28862044753,32484289678241246111063,20002778158256411482742
2026-06-05 13:12:00,84359448531,-84319974659542376824020,276319,276319,276319,276319,84359448531,0,20002778158256411482742
2026-06-05 13:13:00,110050426464,-110000000000000000000000,276319,276319,276319,276319,110050426464,0,20002778158256411482742
2026-06-05 13:14:00,100044791675,-100000000000000000000000,276319,276319,276319,276319,100044791675,0,20002778158256411482742
2026-06-05 13:19:00,10004849023,-10000424696914484446675,276319,276319,276319,276319,10004849023,0,20002778158256411482742
2026-06-05 13:20:00,-17718429440,17710410093866584067516,276319,276319,276319,276319,0,17710410093866584067516,20002778158256411482742
2026-06-05 13:23:00,-3200458421,3198998627719993723470,276319,276319,276319,276319,792553291,3991200146393427748163,20002778158256411482742
2026-06-05 13:25:00,-234000000000,233891074327399851694614,276319,276319,276319,276319,0,233891074327399851694614,20002778158256411482742
2026-06-05 13:26:00,-3923341143,3921468216399119517581,276319,276319,276319,276319,0,3921468216399119517581,20002778158256411482742
2026-06-05 13:30:00,-2428361244,2427191900694620983671,276319,276319,276319,276319,932369472,3359125458694620983671,20002778158256411482742
2026-06-05 13:31:00,900383775,-899962594793844274777,276319,276319,276319,276319,900383775,0,20002778158256411482742
2026-06-05 13:32:00,-50440773,50416674052471447450,276319,276319,276319,276319,0,50416674052471447450,20002778158256411482742
2026-06-05 13:33:00,49478561617,-49455540876012042937836,276319,276319,276319,276319,49478561617,0,20002778158256411482742
2026-06-05 13:34:00,65883137062,-65852863515584641368064,276319,276319,276319,276319,65883137062,0,20002778158256411482742
2026-06-05 13:36:00,159502036128,-159430540343000000000000,276319,276319,276319,276319,159502036128,0,20002778158256411482742
2026-06-05 13:45:00,33123190688,-33108662187000000000000,276319,276319,276319,276319,33123190688,0,20002778158256411482742
2026-06-05 13:47:00,-3738292330,3736620760398510215950,276319,276319,276319,276319,0,3736620760398510215950,20002778158256411482742
2026-06-05 13:50:00,10004370300,-10000000000000000000000,276319,276319,276319,276319,10004370300,0,20002778158256411482742
2026-06-05 13:52:00,237673644386,-237572760261855584359212,276319,276319,276319,276319,237673644386,0,20002778158256411482742
2026-06-05 13:53:00,16225883810,-16219202319888259755404,276319,276319,276319,276319,16225883810,0,20002778158256411482742
2026-06-05 13:54:00,-834397817,834046529994689803474,276319,276319,276319,276319,0,834046529994689803474,20002778158256411482742
2026-06-05 13:55:00,3512627704,-3511184446735068242959,276319,276319,276319,276319,3512627704,0,20002778158256411482742
2026-06-05 13:58:00,-218396951219,218302649662975222012990,276319,276319,276319,276319,3956931066,222257956395080299841759,20002778158256411482742
2026-06-05 14:01:00,1303828858,-1303265006688662689749,276319,276319,276319,276319,1303828858,0,20002778158256411482742
2026-06-05 14:03:00,-527898780459,527651321310281273025420,276319,276319,276319,276319,0,527651321310281273025420,20002778158256411482742
2026-06-05 14:04:00,71462546100,-71428131907834479972195,276319,276319,276319,276319,71462546100,0,20002778158256411482742
2026-06-05 14:06:00,-592477161002,592167052948938742500957,276318,276319,276318,276319,344856099796,936832008846076736663620,20002778158276406957047
2026-06-05 14:07:00,905095823319,-904650534839265609814016,276319,276318,276318,276319,905095823319,0,20002778158256411482742
2026-06-05 14:08:00,-73232366555,73198649096111911274283,276319,276319,276319,276319,0,73198649096111911274283,20002778158256411482742
2026-06-05 14:12:00,376418274862,-376254429480000000000000,276319,276319,276319,276319,376418274862,0,20002778158256411482742
2026-06-05 14:14:00,-967401633,966989022849407116390,276319,276319,276319,276319,0,966989022849407116390,20002778158256411482742
2026-06-05 14:21:00,497548598738,-497355716591736454151137,276320,276320,276320,276320,698712376059,201089991893263545848863,20003311187002283739650
2026-06-05 14:24:00,167539094888,-167479036075468926888150,276320,276320,276320,276320,167539094888,0,20003311187002283739650
2026-06-05 14:26:00,2590249896,-2589343370988703388983,276320,276320,276320,276320,2590249896,0,20003311187002283739650
2026-06-05 14:29:00,73209737995,-73184393624745768314947,276320,276320,276320,276320,73209737995,0,20003311187002283739650
2026-06-05 14:30:00,-152291067784,152231272850815010663466,276320,276321,276320,276321,495107660969,647181592850815010663466,20003311187002283739650
2026-06-05 14:31:00,-519930207286,519725499146977958980237,276319,276319,276319,276319,0,519725499146977958980237,20002778158256411482742
2026-06-05 14:32:00,369033782008,-368890523911040810874122,276320,276320,276320,276320,482278970270,113202476088959189125878,20003311187002283739650
2026-06-05 14:33:00,607821210291,-607613057412843340973500,276320,276320,276320,276320,607821210291,0,20003311187002283739650
2026-06-05 14:35:00,-939984515836,939637114676998188232370,276319,276320,276319,276320,50015484164,989637114676998188232370,20002778158256411482742
2026-06-05 14:37:00,-3441154270,3439722108778571652893,276319,276319,276319,276319,0,3439722108778571652893,20002778158256411482742
2026-06-05 14:40:00,1061790778,-1061359364118708996195,276319,276319,276319,276319,1061790778,0,20002778158256411482742
2026-06-05 14:41:00,105422173909,-105379900782000000000000,276320,276320,276320,276320,105422173909,0,20003311187002283739650
2026-06-05 14:42:00,-44365795072,44341396607389238573327,276319,276320,276319,276320,630255130601,674366968094264016892415,20002778158256411482742
2026-06-05 14:43:00,223844726147,-223760515539140956001573,276320,276320,276320,276320,509798610706,285847081964807346876659,20003311187002283739650
2026-06-05 14:44:00,-152854256003,152793814376508004614765,276320,276320,276320,276320,0,152793814376508004614765,20003311187002283739650
2026-06-05 14:46:00,220385304222,-220301106070999999999999,276320,276320,276320,276320,220385304222,0,20003311187002283739650
2026-06-05 14:48:00,127060672825,-127014335052999999999999,276320,276320,276320,276320,127060672825,0,20003311187002283739650
2026-06-05 14:49:00,-755149366524,754842725224598259692309,276319,276320,276319,276320,0,754842725224598259692309,20002778158256411482742
2026-06-05 14:50:00,95124236092,-95083423312167605108736,276319,276319,276319,276319,95124236092,0,20002778158256411482742
2026-06-05 14:51:00,688351435590,-688083045308000000000000,276320,276319,276319,276320,688351435590,0,20003311187002283739650
2026-06-05 14:52:00,329759995273,-329648195461000000000000,276320,276320,276320,276320,329759995273,0,20003311187002283739650
2026-06-05 14:53:00,-96213612,96181614417706652546,276320,276320,276320,276320,0,96181614417706652546,20003311187002283739650
2026-06-05 14:54:00,-800000000000,799701971995824467020162,276319,276319,276319,276319,0,799701971995824467020162,20002778158256411482742
2026-06-05 14:55:00,302488020211,-302370837492000000000000,276320,276320,276320,276320,302488020211,0,20003311187002283739650
2026-06-05 15:00:00,75131232972,-75103845082075624316632,276320,276320,276320,276320,105158421760,30015980497924375683368,20003311187002283739650
2026-06-05 15:02:00,-30076801716,30065484585099685055371,276320,276320,276320,276320,0,30065484585099685055371,20003311187002283739650
2026-06-05 15:07:00,-402039659289,401879702193222217463060,276319,276320,276319,276320,0,401879702193222217463060,20002778158256411482742
2026-06-05 15:08:00,-414213854681,414030319834774675833665,276319,276319,276319,276319,184286145319,598231960735774675833665,20002778158256411482742
2026-06-05 15:09:00,224907587761,-224809054176000000000000,276319,276319,276319,276319,224907587761,0,20002778158256411482742
2026-06-05 15:10:00,-282222014968,282093732461992842226671,276319,276319,276319,276319,101046743428,383093982461992842226671,20002778158256411482742
2026-06-05 15:11:00,758735529939,-758419013567116318789443,276320,276319,276319,276320,758735529939,0,20003311187002283739650
2026-06-05 15:13:00,-18558055,18550831028142074871,276320,276320,276320,276320,0,18550831028142074871,20003311187002283739650
2026-06-05 15:14:00,-236211107,236119157375515061564,276320,276320,276320,276320,0,236119157375515061564,20003311187002283739650
2026-06-05 15:15:00,230163431020,-230083453643252690861582,276320,276320,276320,276320,697553219929,467229307153965997413450,20003311187002283739650
2026-06-05 15:17:00,25042689236,-25033798350898102105426,276320,276320,276320,276320,25042689236,0,20003311187002283739650
2026-06-05 15:21:00,114890129683,-114851941279455830627762,276320,276320,276320,276320,294717202552,179765336770608455365215,20003311187002283739650
2026-06-05 15:24:00,1902002372,-1901351504090000000000,276320,276320,276320,276320,1902002372,0,20003311187002283739650
2026-06-05 15:25:00,236095686500,-236017701781000000000000,276320,276320,276320,276320,236095686500,0,20003311187002283739650
2026-06-05 15:27:00,501447992,-501288287870374408352,276320,276320,276320,276320,501447992,0,20003311187002283739650
2026-06-05 15:31:00,-279057015059,278961465126819235697647,276320,276320,276320,276320,0,278961465126819235697647,20003311187002283739650
2026-06-05 15:32:00,12004150433,-12000000000000000000000,276320,276320,276320,276320,12004150433,0,20003311187002283739650
2026-06-05 15:35:00,612012023244,-611822026467248281081022,276321,276321,276321,276321,864437191372,252351337773911692651330,20003311187002283739650
2026-06-05 15:36:00,-13975958567,13971840084146477181126,276321,276321,276321,276321,0,13971840084146477181126,20003311187002283739650
2026-06-05 15:38:00,173381347592,-173335575447051225675144,276321,276321,276321,276321,394045053689,220604735737339164550451,20003311187002283739650
2026-06-05 15:39:00,-129491499141,129454655632700010397998,276321,276321,276321,276321,0,129454655632700010397998,20003311187002283739650
2026-06-05 15:40:00,103273252061,-103248182706303518697876,276321,276321,276321,276321,445090898963,341727546251696481302124,20003311187002283739650
2026-06-05 15:43:00,-141623565682,141582056671572436023816,276321,276321,276321,276321,75692744939,217253893305572436023816,20003311187002283739650
2026-06-05 15:44:00,-1313171303,1312784057446653689689,276321,276321,276321,276321,0,1312784057446653689689,20003311187002283739650
2026-06-05 15:46:00,-1100338373,1100013757582831738724,276321,276321,276321,276321,0,1100013757582831738724,20003311187002283739650
2026-06-05 15:47:00,-40011815142,39999928901429670706805,276321,276321,276321,276321,0,39999928901429670706805,20003311187002283739650
2026-06-05 15:48:00,-220102504203,220034257938146578194042,276320,276320,276320,276320,0,220034257938146578194042,20003311187002283739650
2026-06-05 15:50:00,1260405998,-1260014007552970446614,276320,276320,276320,276320,1260405998,0,20003311187002283739650
2026-06-05 15:53:00,39534284775,-39522070041234661029455,276320,276320,276320,276320,39534284775,0,20003311187002283739650
2026-06-05 15:55:00,300087624082,-300000000000000000000000,276321,276321,276321,276321,300087624082,0,20003311187002283739650
2026-06-05 15:57:00,-1019374888,1019082278628071028690,276321,276321,276321,276321,0,1019082278628071028690,20003311187002283739650
2026-06-05 16:01:00,-92408121222,92381142583297252965562,276321,276321,276321,276321,2169073611,94549615376107868961978,20003311187002283739650
2026-06-05 16:03:00,-96309994803,96280954503741029145593,276321,276321,276321,276321,3690005251,99969866973417258646730,20003311187002283739650
2026-06-05 16:04:00,272937659797,-272860603169519664720572,276321,276321,276321,276321,272937659797,0,20003311187002283739650
2026-06-05 16:05:00,-3603145560,3602140780744899973657,276321,276321,276321,276321,0,3602140780744899973657,20003311187002283739650
2026-06-05 16:06:00,-183713184553,183660234397578474292914,276321,276321,276321,276321,0,183660234397578474292914,20003311187002283739650
2026-06-05 16:07:00,-11724191132,11720697465976501574852,276321,276321,276321,276321,0,11720697465976501574852,20003311187002283739650
2026-06-05 16:09:00,54253551827,-54240046181374842401101,276321,276321,276321,276321,254667181625,200356508683001121812919,20003311187002283739650
2026-06-05 16:11:00,-5199546171,5198000994606533420425,276321,276321,276321,276321,1957608872,7155055752669286259690,20003311187002283739650
2026-06-05 16:12:00,-151169579164,151124043114868646339807,276320,276320,276320,276320,0,151124043114868646339807,20003311187002283739650
2026-06-05 16:13:00,142042438,-142000000000000000000,276320,276320,276320,276320,142042438,0,20003311187002283739650
2026-06-05 16:14:00,202367136806,-202308762152254183275841,276321,276320,276320,276321,206337578508,3969214981954459697855,20003311187002283739650
2026-06-05 16:15:00,199424232097,-199370671234000000000000,276321,276321,276321,276321,199424232097,0,20003311187002283739650
2026-06-05 16:18:00,-517335980193,517182552866074905686989,276320,276321,276320,276321,109252485008,626407380354074905686989,20003311187002283739650
2026-06-05 16:19:00,-239993532390,239913781798258455104471,276320,276320,276320,276320,0,239913781798258455104471,20003311187002283739650
2026-06-05 16:21:00,79018203646,-78992100000000000000000,276320,276320,276320,276320,79018203646,0,20003311187002283739650
2026-06-05 16:25:00,358128534845,-358018049861378730098688,276320,276321,276320,276321,358128534845,0,20003311187002283739650
2026-06-05 16:26:00,-540946895511,540769660663750405772606,276320,276320,276320,276320,0,540769660663750405772606,20003311187002283739650
2026-06-05 16:27:00,45013877951,-44998464226000000000000,276320,276320,276320,276320,45013877951,0,20003311187002283739650
2026-06-05 16:31:00,-214626026862,214548569877542607267350,276320,276320,276320,276320,0,214548569877542607267350,20003311187002283739650
2026-06-05 16:34:00,420143112247,-420000000000000000000000,276320,276320,276320,276320,420143112247,0,20003311187002283739650
2026-06-05 16:44:00,466616592,-466467456800071668682,276320,276320,276320,276320,466616592,0,20003311187002283739650
2026-06-05 16:46:00,-161156719170,161101810202682309795751,276320,276320,276320,276320,49668312104,210754372196153089886457,20003311187002283739650
2026-06-05 16:47:00,-54915880204,54896745693401073452513,276320,276320,276320,276320,0,54896745693401073452513,20003311187002283739650
2026-06-05 16:48:00,-7948387393,7945592945551301736526,276320,276320,276320,276320,0,7945592945551301736526,20003311187002283739650
2026-06-05 16:53:00,2500854916,-2500000000000000000000,276320,276320,276320,276320,2500854916,0,20003311187002283739650
2026-06-05 16:54:00,-126885029093,126839556490772333719432,276320,276320,276320,276320,4001418920,130839556490867790695992,20003311187002283739650
2026-06-05 16:58:00,5417384794,-5415466316081195632499,276320,276320,276320,276320,5417384794,0,20003311187002283739650
2026-06-05 17:01:00,200068296805,-199999500000853021376463,276320,276320,276320,276320,200068296805,0,20003311187002283739650
2026-06-05 17:02:00,-150308149216,150255334415705780192190,276320,276320,276320,276320,0,150255334415705780192190,20003311187002283739650
2026-06-05 17:03:00,-109133143775,109093382231983962890325,276320,276320,276320,276320,0,109093382231983962890325,20003311187002283739650
2026-06-05 17:05:00,-26048450250,26038783826237724112165,276320,276320,276320,276320,0,26038783826237724112165,20003311187002283739650
2026-06-05 17:14:00,30010875,-30000000000000000000,276320,276320,276320,276320,30010875,0,20003311187002283739650
2026-06-05 17:16:00,173477363858,-173416000000000000000000,276320,276320,276320,276320,173477363858,0,20003311187002283739650
2026-06-05 17:17:00,600041823,-599834790572010783337,276320,276320,276320,276320,600041823,0,20003311187002283739650
2026-06-05 17:18:00,2000540341,-1999850354033784652648,276320,276320,276320,276320,2000540341,0,20003311187002283739650
2026-06-05 17:20:00,-7036934007,7034434848468319727758,276320,276320,276320,276320,0,7034434848468319727758,20003311187002283739650
2026-06-05 17:21:00,-690000000000,689730917241297793997213,276319,276319,276319,276319,0,689730917241297793997213,20002778158256411482742
2026-06-05 17:22:00,4864031847,-4862017117000000000000,276319,276319,276319,276319,4864031847,0,20002778158256411482742
2026-06-05 17:23:00,310462538237,-310338832723000000000000,276320,276319,276319,276320,310462538237,0,20003311187002283739650
2026-06-05 17:26:00,-44267636997,44248109891556851031180,276320,276319,276319,276320,203546426074,247713618720672975011532,20003311187002283739650
2026-06-05 17:27:00,-207537555308,207452935520554365445704,276319,276319,276319,276319,0,207452935520554365445704,20002778158256411482742
2026-06-05 17:29:00,306275501723,-306155195739904740777787,276320,276320,276320,276320,306275501723,0,20003311187002283739650
2026-06-05 17:32:00,148347016926,-148292975264252717901331,276320,276320,276320,276320,234370766437,85990045839122817573678,20003311187002283739650
2026-06-05 17:33:00,-746753282758,746447126932703982749526,276319,276319,276319,276320,0,746447126932703982749526,20002778158256411482742
2026-06-05 17:35:00,331597124,-331452124137653307437,276319,276319,276319,276319,331597124,0,20002778158256411482742
2026-06-05 17:42:00,6360038984,-6357260000000000000000,276319,276319,276319,276319,6360038984,0,20002778158256411482742
2026-06-05 17:43:00,255108135600,-255000000000000000000000,276319,276319,276319,276319,255108135600,0,20002778158256411482742
2026-06-05 17:44:00,-32060860434,32047307233080623771279,276319,276319,276319,276319,0,32047307233080623771279,20002778158256411482742
2026-06-05 17:45:00,3426512011,-3425092858940884437635,276319,276319,276319,276319,3426512011,0,20002778158256411482742
2026-06-05 17:46:00,-32111679323,32098012679639485370047,276319,276319,276319,276319,0,32098012679639485370047,20002778158256411482742
2026-06-05 17:48:00,-50404344859,50382685111136842696370,276319,276319,276319,276319,0,50382685111136842696370,20002778158256411482742
2026-06-05 17:49:00,-29121551638,29108921824922968292426,276319,276319,276319,276319,0,29108921824922968292426,20002778158256411482742
2026-06-05 17:51:00,240099198529,-240000000000000000000000,276319,276319,276319,276319,240099198529,0,20002778158256411482742
2026-06-05 17:52:00,-194656143742,194574216505571293819276,276319,276319,276319,276319,0,194574216505571293819276,20002778158256411482742
2026-06-05 17:53:00,-8224767500,8221222477029790293558,276319,276319,276319,276319,0,8221222477029790293558,20002778158256411482742
2026-06-05 17:54:00,5066044223,-5063910507000000000000,276319,276319,276319,276319,5066044223,0,20002778158256411482742
2026-06-05 17:56:00,1149793970,-1149310057500000000000,276319,276319,276319,276319,1149793970,0,20002778158256411482742
2026-06-05 17:58:00,20768896432,-20760178182000000000000,276319,276319,276319,276319,20768896432,0,20002778158256411482742
2026-06-05 18:01:00,118888942062,-118839872154029068919226,276319,276319,276319,276319,119596364775,707127845970931080774,20002778158256411482742
2026-06-05 18:02:00,92030197243,-91993257353505858435566,276319,276320,276319,276320,100040202018,8006742646494141564434,20002778158256411482742
2026-06-05 18:03:00,100039281679,-100000000000000000000000,276320,276320,276320,276320,100039281679,0,20003311187002283739650
2026-06-05 18:04:00,-135244150760,135189455660261730913458,276319,276319,276319,276319,0,135189455660261730913458,20002778158256411482742
2026-06-05 18:05:00,-78978421776,78944440826093517013608,276319,276320,276319,276320,119587649337,198484440826093517013608,20002778158256411482742
2026-06-05 18:06:00,118591809720,-118544000000000000000000,276320,276319,276319,276320,118591809720,0,20003311187002283739650
2026-06-05 18:07:00,-50012375459,49989582568893157370771,276319,276319,276319,276319,230302424319,280196725283580862426003,20002778158256411482742
2026-06-05 18:08:00,-332756965447,332614266509021504394381,276319,276319,276319,276319,0,332614266509021504394381,20002778158256411482742
2026-06-05 18:09:00,32580140427,-32567205919853525399434,276319,276319,276319,276319,152637739226,120003397479905971146570,20002778158256411482742
2026-06-05 18:10:00,115549155093,-115499880436427407197595,276319,276319,276319,276319,115549155093,0,20002778158256411482742
2026-06-05 18:11:00,10042484110,-10039164235871215947244,276319,276319,276319,276319,100042484110,89960835764128784052756,20002778158256411482742
2026-06-05 18:12:00,4910716225,-4909607500863161146799,276319,276319,276319,276319,100042434995,95090392499136838853201,20002778158256411482742
2026-06-05 18:13:00,7296433787,-7294305051962034213797,276319,276319,276319,276319,100041512593,92705694948037965786203,20002778158256411482742
2026-06-05 18:14:00,-37805357731,37789089058711226595557,276319,276319,276319,276319,0,37789089058711226595557,20002778158256411482742
2026-06-05 18:15:00,26389901701,-26379803040553618189924,276319,276319,276319,276319,127322116128,100888080953775444411158,20002778158256411482742
2026-06-05 18:16:00,-11068125132,11063326298838189907953,276319,276319,276319,276319,3809280854,14871003906285629893803,20002778158256411482742
2026-06-05 18:18:00,42470879711,-42453102792939524849664,276319,276319,276319,276319,42470879711,0,20002778158256411482742
2026-06-05 18:19:00,-208809402246,208717160732302364905204,276319,276319,276319,276319,101870257807,310542403159661640646483,20002778158256411482742
2026-06-05 18:21:00,-19904208617,19894284462546517344406,276319,276319,276319,276319,100154590159,120004375713567211168424,20002778158256411482742
2026-06-05 18:23:00,-68339127154,68307189463454675887857,276319,276319,276319,276319,100045132865,168307189463454675887857,20002778158256411482742
2026-06-05 18:24:00,362556225,-362394485765807687247,276319,276319,276319,276319,362556225,0,20002778158256411482742
2026-06-05 18:25:00,-31533268483,31518836918765721495410,276319,276319,276319,276319,0,31518836918765721495410,20002778158256411482742
2026-06-05 18:27:00,-39580199650,39561877300854595777241,276319,276319,276319,276319,6742712520,46301531778742695546789,20002778158256411482742
2026-06-05 18:29:00,673648600509,-673367927837513514518825,276320,276320,276320,276320,868727750314,195003823324486485481175,20003311187002283739650
2026-06-05 18:30:00,-57996393677,57973266041385207990671,276320,276320,276320,276320,0,57973266041385207990671,20003311187002283739650
2026-06-05 18:31:00,561027672408,-560827297939774647402937,276320,276319,276319,276320,925353059341,364183942595413858858916,20003311187002283739650
2026-06-05 18:34:00,-349999860000,349872775037417477512894,276320,276320,276320,276320,0,349872775037417477512894,20003311187002283739650
2026-06-05 18:35:00,-41895973635,41879940856292038834155,276320,276320,276320,276320,0,41879940856292038834155,20003311187002283739650
2026-06-05 18:37:00,2654344437,-2653350000000000000000,276320,276320,276320,276320,2654344437,0,20003311187002283739650
2026-06-05 18:38:00,-317134187865,317005575582644723199350,276320,276320,276319,276320,164722794638,481660156280521959005850,20003311187002283739650
2026-06-05 18:39:00,500181610328,-499990935364904968261641,276320,276320,276320,276320,500181610328,0,20003311187002283739650
2026-06-05 18:40:00,-838153154822,837811110303194321748900,276319,276320,276319,276320,0,837811110303194321748900,20002778158256411482742
2026-06-05 18:41:00,-146280263167,146213292712409535379295,276319,276319,276319,276319,8003005733,154212780546051147693244,20002778158256411482742
2026-06-05 18:43:00,-49593427499,49570264315381858239916,276319,276319,276319,276319,0,49570264315381858239916,20002778158256411482742
2026-06-05 18:44:00,-13763929915,13757439746860373141083,276319,276319,276319,276319,1800736795,15557348623882748165972,20002778158256411482742
2026-06-05 18:45:00,-42590010000,42569863133768416508958,276319,276319,276319,276319,0,42569863133768416508958,20002778158256411482742
2026-06-05 18:46:00,-2340369424,2339257077511732305081,276319,276319,276319,276319,0,2339257077511732305081,20002778158256411482742
2026-06-05 18:47:00,100861781781,-100815348107000000000000,276319,276319,276319,276319,100861781781,0,20002778158256411482742
2026-06-05 18:48:00,10004550376,-10000000000000000000000,276319,276319,276319,276319,10004550376,0,20002778158256411482742
2026-06-05 18:51:00,2527147841,-2526000000000000000000,276319,276319,276319,276319,2527147841,0,20002778158256411482742
2026-06-05 18:52:00,160225564060,-160155242212832370932246,276319,276319,276319,276319,275329947698,115053471390981054002945,20002778158256411482742
2026-06-05 18:53:00,507205634581,-506996296597708375899000,276320,276319,276319,276320,507205634581,0,20003311187002283739650
2026-06-05 18:54:00,327237160206,-327115743849561388239790,276320,276320,276320,276320,327313492907,76303033884327761436,20003311187002283739650
2026-06-05 18:55:00,-156783239627,156724835224000512868445,276320,276320,276320,276320,0,156724835224000512868445,20003311187002283739650
2026-06-05 18:57:00,-14993066047,14987352197746671182787,276320,276320,276320,276320,0,14987352197746671182787,20003311187002283739650
2026-06-05 19:04:00,-17551596149,17544878706710283240631,276320,276320,276320,276320,0,17544878706710283240631,20003311187002283739650
2026-06-05 19:07:00,2125815236,-2125021244345514376195,276320,276320,276320,276320,2125815236,0,20003311187002283739650
2026-06-05 19:08:00,303254052,-303142782743273487304,276320,276320,276320,276320,499186390,195857217256726512696,20003311187002283739650
2026-06-05 19:09:00,429383655256,-429232551121463497072144,276320,276320,276320,276320,429383655256,0,20003311187002283739650
2026-06-05 19:12:00,-480601287,480437653001153273982,276320,276320,276320,276320,0,480437653001153273982,20003311187002283739650
2026-06-05 19:13:00,-15000000000,14994881263622208137733,276320,276320,276320,276320,0,14994881263622208137733,20003311187002283739650
2026-06-05 19:15:00,-342081923540,341959085088723451090898,276320,276320,276320,276320,0,341959085088723451090898,20003311187002283739650
2026-06-05 19:16:00,5720086934,-5717993951445535031291,276320,276320,276320,276320,5720086934,0,20003311187002283739650
2026-06-05 19:17:00,484924793327,-484759247163000000000000,276320,276320,276320,276320,484924793327,0,20003311187002283739650
2026-06-05 19:19:00,-207342959563,207272978782614256180692,276320,276320,276320,276320,0,207272978782614256180692,20003311187002283739650
2026-06-05 19:21:00,18693442827,-18687144227628872613529,276320,276320,276320,276320,18693442827,0,20003311187002283739650
2026-06-05 19:24:00,-50078676187,50061223444757847879946,276320,276320,276320,276320,0,50061223444757847879946,20003311187002283739650
2026-06-05 19:26:00,-660000000000,659746570119759719890402,276319,276319,276319,276319,0,659746570119759719890402,20002778158256411482742
2026-06-05 19:28:00,-146916243173,146853906620008614675620,276319,276319,276319,276319,0,146853906620008614675620,20002778158256411482742
2026-06-05 19:30:00,1814688733,-1813923744935161715299,276319,276319,276319,276319,1814688733,0,20002778158256411482742
2026-06-05 19:31:00,2053518084,-2052652813578441232840,276319,276319,276319,276319,2053518084,0,20002778158256411482742
2026-06-05 19:32:00,58811151885,-58786550038282144806367,276319,276319,276319,276319,58811151885,0,20002778158256411482742
2026-06-05 19:33:00,350139140938,-349999825000854550120819,276320,276320,276320,276320,350139140938,0,20003311187002283739650
2026-06-05 19:34:00,-1991066083,1990288592594779495208,276320,276320,276320,276320,0,1990288592594779495208,20003311187002283739650
2026-06-05 19:38:00,234153641480,-234067263770000000000000,276320,276320,276320,276320,234153641480,0,20003311187002283739650
2026-06-05 19:39:00,72166147212,-72140777372859631895995,276320,276320,276320,276320,86897312933,14725745735598062589141,20003311187002283739650
2026-06-05 19:40:00,-1500000000,1499459919241641568474,276320,276320,276320,276320,0,1499459919241641568474,20003311187002283739650
2026-06-05 19:42:00,-70667100978,70641402205960006394758,276320,276320,276320,276320,0,70641402205960006394758,20003311187002283739650
2026-06-05 19:43:00,-1330438701,1329950087362540663942,276320,276320,276320,276320,0,1329950087362540663942,20003311187002283739650
2026-06-05 19:46:00,-4690994699,4689270486357711998291,276320,276320,276320,276320,0,4689270486357711998291,20003311187002283739650
2026-06-05 19:49:00,-27132731298,27122715307952685732762,276320,276320,276320,276320,0,27122715307952685732762,20003311187002283739650
2026-06-05 19:53:00,974608442,-974257136934766936153,276320,276320,276320,276320,974608442,0,20003311187002283739650
2026-06-05 19:54:00,460155034471,-459999770000000000000000,276320,276320,276320,276320,460155034471,0,20003311187002283739650
2026-06-05 19:56:00,-93560499553,93529709072518234605273,276320,276320,276320,276320,0,93529709072518234605273,20003311187002283739650
2026-06-05 20:05:00,238650493976,-238576070744000000000000,276320,276320,276320,276320,238650493976,0,20003311187002283739650
2026-06-05 20:07:00,-3783510671,3782337360997913248565,276320,276320,276320,276320,0,3782337360997913248565,20003311187002283739650
2026-06-05 20:09:00,-4468387255,4466999714921043410801,276320,276320,276320,276320,0,4466999714921043410801,20003311187002283739650
2026-06-05 20:10:00,-1029342984,1029023065579431185662,276320,276320,276320,276320,0,1029023065579431185662,20003311187002283739650
2026-06-05 20:12:00,7055319575,-7053199450541983823899,276320,276320,276320,276320,7055319575,0,20003311187002283739650
2026-06-05 20:13:00,-360213694726,360092071373555401222802,276320,276320,276320,276320,342266185428,702242785377555401222802,20003311187002283739650
2026-06-05 20:14:00,330705635943,-330599972789869766050428,276320,276320,276320,276320,334441235943,3734306254130268798340,20003311187002283739650
2026-06-05 20:15:00,-19994005390,19987725424197771118248,276320,276320,276320,276320,0,19987725424197771118248,20003311187002283739650
2026-06-05 20:16:00,283166767080,-283084381171000000000000,276321,276321,276321,276321,283166767080,0,20003311187002283739650
2026-06-05 20:17:00,-39943818984,39932283681221171499057,276321,276321,276321,276321,0,39932283681221171499057,20003311187002283739650
2026-06-05 20:19:00,19240483978,-19235100000000000000000,276321,276321,276321,276321,19240483978,0,20003311187002283739650
2026-06-05 20:20:00,-4173680321,4172473835442654716080,276321,276321,276321,276321,0,4172473835442654716080,20003311187002283739650
2026-06-05 20:21:00,181355723098,-181306904337504170700429,276321,276321,276321,276321,200054245310,18693095662495829299571,20003311187002283739650
2026-06-05 20:22:00,-5735233211,5733676438710439651896,276321,276321,276321,276321,0,5733676438710439651896,20003311187002283739650
2026-06-05 20:23:00,-1020903823,1020626363759580691098,276321,276321,276321,276321,0,1020626363759580691098,20003311187002283739650
2026-06-05 20:24:00,-25000000000,24993173053397385111670,276321,276321,276321,276321,0,24993173053397385111670,20003311187002283739650
2026-06-05 20:25:00,-3047895546,3047058960791338735025,276321,276321,276321,276321,0,3047058960791338735025,20003311187002283739650
2026-06-05 20:26:00,-903120000000,902831218771493851840450,276320,276320,276320,276320,0,902831218771493851840450,20003311187002283739650
2026-06-05 20:27:00,562182673964,-561998953452441004187300,276320,276320,276320,276320,562182673964,0,20003311187002283739650
2026-06-05 20:28:00,586070758938,-585913395394318549070112,276321,276320,276320,276321,639721511186,53634046186681450929888,20003311187002283739650
2026-06-05 20:29:00,-15161400978,15157597144748105580279,276321,276321,276321,276321,0,15157597144748105580279,20003311187002283739650
2026-06-05 20:30:00,-10063172953,10060635526081399669551,276321,276321,276321,276321,0,10060635526081399669551,20003311187002283739650
2026-06-05 20:34:00,-9216195958,9213813215427478604418,276321,276321,276321,276321,5001212319,14213813215427478604418,20003311187002283739650
2026-06-05 20:37:00,-1766965701,1766517488651723034630,276321,276321,276321,276321,0,1766517488651723034630,20003311187002283739650
2026-06-05 20:42:00,71916020257,-71898748982845834788864,276321,276321,276321,276321,71916020257,0,20003311187002283739650
2026-06-05 20:46:00,200240687235,-200195321080000000000000,276321,276321,276321,276321,200240687235,0,20003311187002283739650
2026-06-05 20:47:00,-2166297633,2165306645153010515896,276321,276321,276321,276321,50008835791,52163233148865784980628,20003311187002283739650
2026-06-05 20:48:00,94268091910,-94248159265897319323692,276321,276321,276321,276321,100021181386,5751840734102680676308,20003311187002283739650
2026-06-05 20:49:00,7586837052,-7586190977595232430911,276321,276321,276321,276321,100020313660,92413809022404767569089,20003311187002283739650
2026-06-05 20:51:00,30040204373,-30034743215602137592645,276321,276322,276321,276322,100020162903,69965256784397862407355,20003311187002283739650
2026-06-05 20:52:00,-4163106193,4162216160418978850331,276321,276321,276321,276321,0,4162216160418978850331,20003311187002283739650
2026-06-05 20:53:00,4093874227,-4093998979907402631158,276321,276322,276321,276322,100019904148,95906001020092597368842,20003311187002283739650
2026-06-05 20:54:00,26674614575,-26670068724296873854836,276321,276321,276321,276322,111622201135,84929931275703126145164,20003311187002283739650
2026-06-05 20:55:00,18800736668,-18797788824311104132467,276321,276322,276321,276322,100019668691,81202211175688895867533,20003311187002283739650
2026-06-05 20:56:00,-35149456119,35142046598950320500620,276321,276321,276321,276321,0,35142046598950320500620,20003311187002283739650
2026-06-05 20:57:00,60707790558,-60696070873862218958714,276322,276322,276322,276322,100019759948,39303929126137781041286,20003914557151818580376
2026-06-05 20:58:00,-11135118581,11131813106444781272988,276322,276322,276322,276322,100019152929,111131813106444781272988,20003914557151818580376
2026-06-05 20:59:00,-24768688429,24762515736628542928107,276321,276321,276321,276321,100020512042,124762515736628542928107,20003311187002283739650
2026-06-05 21:00:00,24780595252,-24776497286880866358696,276322,276321,276321,276322,107740466740,82942928875901637732057,20003914557151818580376
2026-06-05 21:01:00,101488201627,-101468662020119707458049,276322,276322,276322,276322,101488201627,0,20003914557151818580376
2026-06-05 21:03:00,-5121000224,5119987735204503340876,276322,276322,276322,276322,0,5119987735204503340876,20003914557151818580376
2026-06-05 21:04:00,91047606614,-91030996307917386551956,276322,276322,276322,276322,100018300567,8969003692082613448044,20003914557151818580376
2026-06-05 21:06:00,-69289822933,69275496340571454728399,276322,276322,276322,276322,100017390194,169275496340571454728399,20003914557151818580376
2026-06-05 21:07:00,55431170808,-55421472144899848084561,276322,276322,276322,276322,100105374881,44665803997385825117103,20003914557151818580376
2026-06-05 21:08:00,99028596179,-99011245735981607582310,276322,276322,276322,276322,100017538642,988754264018392417690,20003914557151818580376
2026-06-05 21:09:00,12317240566,-12316026665084114210992,276322,276322,276322,276322,100016538585,87683973334915885789008,20003914557151818580376
2026-06-05 21:10:00,-27548186336,27542213866076254180349,276322,276322,276322,276322,100016415423,127542213866076254180349,20003914557151818580376
2026-06-05 21:11:00,-52605372875,52595666833217897437002,276322,276322,276322,276322,0,52595666833217897437002,20003914557151818580376
2026-06-05 21:12:00,495712797,-495625000000000000000,276322,276322,276322,276322,495712797,0,20003914557151818580376
2026-06-05 21:13:00,90811586374,-90796008928701681931429,276322,276322,276322,276322,100017303943,9203991071298318068571,20003914557151818580376
2026-06-05 21:15:00,15058108177,-15056439024852530811714,276322,276322,276322,276322,100016303889,84943560975147469188286,20003914557151818580376
2026-06-05 21:16:00,15056158442,-15054512295029068742325,276322,276322,276322,276322,100016153322,84945487704970931257675,20003914557151818580376
2026-06-05 21:17:00,15054370519,-15052747342797275957545,276322,276322,276322,276322,100016002775,84947252657202724042455,20003914557151818580376
2026-06-05 21:19:00,15052597462,-15050997244053332608324,276322,276322,276322,276322,100015852246,84949002755946667391676,20003914557151818580376
2026-06-05 21:20:00,-5784272409,5782259870741255816454,276322,276322,276322,276322,101619301568,107385515434680159727355,20003914557151818580376
2026-06-05 21:21:00,-28184275395,28179371996405390073720,276322,276322,276322,276322,0,28179371996405390073720,20003914557151818580376
2026-06-05 21:22:00,16172774489,-16170951097282433573911,276322,276322,276322,276322,100016041371,83829048902717566426089,20003914557151818580376
2026-06-05 21:23:00,-24641028537,24636716360998288341388,276322,276322,276322,276322,0,24636716360998288341388,20003914557151818580376
2026-06-05 21:24:00,889631573,-890474827295494675725,276322,276322,276322,276322,100016126038,99109525172704505324275,20003914557151818580376
2026-06-05 21:25:00,57297750404,-57288821920910235325938,276322,276322,276322,276322,100016119497,42711178079089764674062,20003914557151818580376
2026-06-05 21:26:00,-1716099272,1714806679389192796761,276322,276322,276322,276322,100015589223,101714806679389192796761,20003914557151818580376
2026-06-05 21:27:00,100015561383,-100000000000000000000000,276322,276322,276322,276322,100015561383,0,20003914557151818580376
2026-06-05 21:28:00,-114870735057,114851628557018938915738,276322,276322,276322,276322,0,114851628557018938915738,20003914557151818580376
2026-06-05 21:29:00,22061318870,-22058547069940795184385,276322,276322,276322,276322,100015709910,77941452930059204815615,20003914557151818580376
2026-06-05 21:30:00,6054406228,-6054379616877452973546,276322,276322,276322,276322,100015489321,93945620383122547026454,20003914557151818580376
2026-06-05 21:31:00,15048564395,-15047028576274935586105,276322,276322,276322,276322,100015428779,84952971423725064413895,20003914557151818580376
2026-06-05 21:32:00,-11489707337,11487773262723145088619,276322,276322,276322,276322,0,11487773262723145088619,20003914557151818580376
2026-06-05 21:33:00,7856101755,-7855777899908540040343,276322,276322,276322,276322,100015393191,92144222100091459959657,20003914557151818580376
2026-06-05 21:34:00,47416284291,-47409438292494614342889,276322,276322,276322,276322,101341685832,53916190274738767766578,20003914557151818580376
2026-06-05 21:35:00,15046866642,-15045419591339254260204,276322,276322,276322,276322,100014840530,84954580408660745739796,20003914557151818580376
2026-06-05 21:37:00,-3222604559,3221082380426052200397,276322,276322,276322,276322,100014690076,103221082380426052200397,20003914557151818580376
2026-06-05 21:38:00,-1050706286,1050535807534204465338,276322,276322,276322,276322,0,1050535807534204465338,20003914557151818580376
2026-06-05 21:39:00,-112631229584,112610815201977339381929,276322,276322,276322,276322,150018230225,262606897015039178154712,20003914557151818580376
2026-06-05 21:40:00,100015858955,-100000000000000000000000,276322,276322,276322,276322,100015858955,0,20003914557151818580376
2026-06-05 21:41:00,94218285677,-94204318596634429745488,276322,276322,276322,276322,100014916882,5795681403365570254512,20003914557151818580376
2026-06-05 21:42:00,-67146586200,67136010455841645845475,276322,276322,276322,276322,0,67136010455841645845475,20003914557151818580376
2026-06-05 21:43:00,18039982187,-18038096604872224648450,276322,276322,276322,276322,100018085436,81965400072503333844095,20003914557151818580376
2026-06-05 21:44:00,12914982543,-12913936685763431422570,276322,276322,276322,276322,100014429122,87086063314236568577430,20003914557151818580376
2026-06-05 21:45:00,-24280653898,24275793826719489532212,276322,276322,276322,276322,100014278720,124275793826719489532212,20003914557151818580376
2026-06-05 21:47:00,-36688597808,36681653360519678937765,276322,276322,276322,276322,100014521488,136681653360519678937765,20003914557151818580376
2026-06-05 21:48:00,57781223469,-57772924942181892419045,276322,276322,276322,276322,100268424749,42480573939534637002742,20003914557151818580376
2026-06-05 21:49:00,55890912437,-55883233183826188176944,276322,276322,276322,276322,100014310581,44116766816173811823056,20003914557151818580376
2026-06-05 21:50:00,-66126136348,66114833862080004023127,276322,276322,276322,276322,100013751744,166114833862080004023127,20003914557151818580376
2026-06-05 21:51:00,99619218471,-99604864496030110940191,276322,276322,276322,276322,100014416861,395135503969889059809,20003914557151818580376
2026-06-05 21:52:00,-48706463451,48699080425144966993967,276322,276322,276322,276322,0,48699080425144966993967,20003914557151818580376
2026-06-05 21:53:00,2679256752,-2679844457459410699681,276322,276322,276322,276322,100013903847,97320155542540589300319,20003914557151818580376
2026-06-05 21:54:00,57526125373,-57518446210161335360304,276322,276322,276322,276322,100013877053,42481553789838664639696,20003914557151818580376
2026-06-05 21:56:00,-63366120899,63355542152721419235492,276322,276322,276322,276322,100013301867,163355542152721419235492,20003914557151818580376
2026-06-05 21:57:00,100013935435,-100000000000000000000000,276322,276322,276322,276322,100013935435,0,20003914557151818580376
2026-06-05 21:58:00,100012935431,-100000000000000000000000,276322,276322,276322,276322,100012935431,0,20003914557151818580376
2026-06-05 21:59:00,57012437012,-57006360267301018472379,276322,276322,276322,276322,141988431528,84965424232698981527621,20003914557151818580376
2026-06-05 22:02:00,-3600549899,3600086081250378153687,276322,276322,276322,276322,0,3600086081250378153687,20003914557151818580376
2026-06-05 22:03:00,39173612471,-39169091033314904693426,276322,276322,276322,276322,45525303908,6350898966717411364443,20003914557151818580376
2026-06-05 22:04:00,48856238543,-48850749393690188208512,276322,276322,276322,276322,50267238543,1410823408925504808576,20003914557151818580376
2026-06-05 22:06:00,-41110224492,41105198619830271615447,276322,276322,276322,276322,0,41105198619830271615447,20003914557151818580376
2026-06-05 22:07:00,-346604015531,346554925476496260919687,276322,276322,276322,276322,0,346554925476496260919687,20003914557151818580376
2026-06-05 22:08:00,385779231858,-385730533097450548177496,276322,276323,276322,276323,518500662391,132706332354970238990824,20003914557151818580376
2026-06-05 22:09:00,87535765916,-87526610292146724983704,276322,276322,276322,276322,100010540550,12473389707853275016296,20003914557151818580376
2026-06-05 22:10:00,72651195249,-72644348165451394055542,276323,276323,276323,276323,100009665325,27355651834548605944458,20003914557151818580376
2026-06-05 22:11:00,-97988490233,97976782367799667044430,276322,276322,276322,276322,100010918606,197976782367799667044430,20003914557151818580376
2026-06-05 22:12:00,57520805560,-57515403530848342008010,276323,276322,276322,276323,100009918648,42484596469151657991990,20003914557151818580376
2026-06-05 22:14:00,-355242200600,355195332501388607356962,276322,276322,276322,276322,204403609506,559569476817057527112596,20003914557151818580376
2026-06-05 22:15:00,175297308067,-175275367292952170953077,276322,276322,276322,276322,175496264927,198931711255453852234,20003914557151818580376
2026-06-05 22:16:00,89578920459,-89568893375606526008820,276322,276322,276322,276322,89578920459,0,20003914557151818580376
2026-06-05 22:17:00,50457364403,-50452072206957933146742,276322,276322,276322,276322,50719458136,262064273042066853258,20003914557151818580376
2026-06-05 22:18:00,100009742523,-100000000000000000000000,276323,276323,276323,276323,100009742523,0,20003914557151818580376
2026-06-05 22:21:00,-20819829167,20816675222328586094029,276323,276323,276323,276323,100008742582,120816675222328586094029,20003914557151818580376
2026-06-05 22:22:00,100008950742,-100000000000000000000000,276323,276323,276323,276323,100008950742,0,20003914557151818580376
2026-06-05 22:24:00,100007950813,-100000000000000000000000,276323,276323,276323,276323,100007950813,0,20003914557151818580376
2026-06-05 22:25:00,-5583489618,5582016244396965384997,276323,276323,276323,276323,100007156984,105582016244396965384997,20003914557151818580376
2026-06-05 22:26:00,24837304835,-24836223000774218381847,276323,276323,276323,276323,100007758296,75163776999225781618153,20003914557151818580376
2026-06-05 22:27:00,15026442225,-15026212663640288967909,276323,276323,276323,276323,100006758385,84973787336359711032091,20003914557151818580376
2026-06-05 22:28:00,-27466885106,27463620520377238303280,276323,276323,276323,276323,100006608142,127463620520377238303280,20003914557151818580376
2026-06-05 22:29:00,-213361782,213343895355645416117,276323,276323,276323,276323,0,213343895355645416117,20003914557151818580376
2026-06-05 22:30:00,63352439886,-63348328889144241103552,276323,276323,276323,276323,100007251376,36651671110855758896448,20003914557151818580376
2026-06-05 22:31:00,1144616646,-1145527990409862872931,276323,276323,276323,276323,100006251473,98854472009590137127069,20003914557151818580376
2026-06-05 22:32:00,15020608791,-15020457554620968066582,276323,276323,276323,276323,100006240023,84979542445379031933418,20003914557151818580376
2026-06-05 22:33:00,-6038632681,6038172568452123115523,276323,276323,276323,276323,0,6038172568452123115523,20003914557151818580376
2026-06-05 22:34:00,9070489061,-9070799309794337902302,276323,276323,276323,276323,100006150215,90929200690205662097698,20003914557151818580376
2026-06-05 22:35:00,57512386561,-57509204548133078160798,276323,276323,276323,276323,100006059521,42490795451866921839202,20003914557151818580376
2026-06-05 22:36:00,-3407367144,3407128592354768359504,276323,276323,276323,276323,0,3407128592354768359504,20003914557151818580376
2026-06-05 22:37:00,15017621219,-15017578539480619280328,276323,276323,276323,276323,100005518563,84982421460519380719672,20003914557151818580376
2026-06-05 22:38:00,300017600,-300000000000000000000,276323,276323,276323,276323,300017600,0,20003914557151818580376
2026-06-05 22:42:00,-32506695332,32503410950671206028956,276323,276323,276323,276323,100005372926,132503410950671206028956,20003914557151818580376
2026-06-05 22:43:00,14112167721,-14112163021266840504654,276323,276323,276323,276323,100005690412,85887836978733159495346,20003914557151818580376
2026-06-05 22:44:00,100005549311,-100000000000000000000000,276323,276323,276323,276323,100005549311,0,20003914557151818580376
2026-06-05 22:45:00,-59602862122,59599079133876020111080,276323,276323,276323,276323,0,59599079133876020111080,20003914557151818580376
2026-06-05 22:46:00,1684117941,-1684023015169551482029,276323,276323,276323,276323,1684117941,0,20003914557151818580376
2026-06-05 22:49:00,100005128514,-100000000000000000000000,276323,276323,276323,276323,100005128514,0,20003914557151818580376
2026-06-05 22:50:00,57509029592,-57506958120497503502563,276323,276323,276323,276323,100004128643,42493041879502496497437,20003914557151818580376
2026-06-05 22:52:00,-8495436270,8493933305280649174569,276323,276323,276323,276323,107009290844,115499298217216551850246,20003914557151818580376
2026-06-05 22:54:00,26240104711,-26239790830724366209312,276323,276323,276323,276323,100003638589,73760209169275633790688,20003914557151818580376
2026-06-05 22:55:00,100003376233,-100000000000000000000000,276323,276323,276323,276323,100003376233,0,20003914557151818580376
2026-06-05 22:56:00,-87270231023,87266467552672359812837,276323,276323,276323,276323,0,87266467552672359812837,20003914557151818580376
2026-06-05 22:57:00,-14694740456,14693031860807298291072,276323,276323,276323,276323,100003248921,114693031860807298291072,20003914557151818580376
2026-06-05 22:58:00,-89579164157,89573377641879776615580,276323,276323,276323,276323,100003395835,189573377641879776615580,20003914557151818580376
2026-06-05 23:01:00,100004291453,-100000000000000000000000,276323,276323,276323,276323,100004291453,0,20003914557151818580376
2026-06-05 23:02:00,39795276,-39793767463430607052,276323,276323,276323,276323,39795276,0,20003914557151818580376
2026-06-05 23:04:00,-951134738,951089124164097196583,276323,276323,276323,276323,0,951089124164097196583,20003914557151818580376
2026-06-05 23:10:00,-119000000,118994286758803010277,276323,276323,276323,276323,0,118994286758803010277,20003914557151818580376
2026-06-05 23:12:00,112372940831,-112369300000000000000000,276323,276323,276323,276323,112372940831,0,20003914557151818580376
2026-06-05 23:14:00,-1538044293,1537987601673406056667,276323,276323,276323,276323,0,1537987601673406056667,20003914557151818580376
2026-06-05 23:17:00,-76284430280,76281321766793450771486,276323,276323,276323,276323,0,76281321766793450771486,20003914557151818580376
2026-06-05 23:23:00,102848261979,-102845236038000000000000,276323,276323,276323,276323,102848261979,0,20003914557151818580376
2026-06-05 23:29:00,27824355881,-27823719000000000000000,276323,276323,276323,276323,27824355881,0,20003914557151818580376
2026-06-05 23:32:00,-6026670,6026479302249906300,276323,276323,276323,276323,0,6026479302249906300,20003914557151818580376
2026-06-05 23:36:00,2506007098,-2505953613560087067639,276323,276323,276323,276323,2513680210,7672871597041295454,20003914557151818580376
2026-06-05 23:38:00,-4918128965,4917974072518186371523,276323,276323,276323,276323,0,4917974072518186371523,20003914557151818580376
2026-06-05 23:39:00,102526259,-102524106835834701928,276323,276323,276323,276323,110048413,7521914937825656406,20003914557151818580376
2026-06-05 23:42:00,12118743369,-12118487372037015054843,276323,276323,276323,276323,12118743369,0,20003914557151818580376
2026-06-05 23:45:00,-100000000000,99996448311600249153247,276323,276323,276323,276323,0,99996448311600249153247,20003914557151818580376
2026-06-05 23:50:00,187477289072,-187473325000000000000000,276323,276323,276323,276323,187477289072,0,20003914557151818580376
2026-06-05 23:52:00,-8000214363,8000036978910374614196,276323,276323,276323,276323,0,8000036978910374614196,20003914557151818580376
2026-06-05 23:53:00,-20998653057,20998157028034604252512,276323,276323,276323,276323,0,20998157028034604252512,20003914557151818580376
2026-06-05 23:56:00,8155160568,-8155065295477710617237,276323,276323,276323,276323,10260420888,2105210317209880782763,20003914557151818580376
2026-06-05 23:57:00,-100000000000,99997114493083128689722,276323,276323,276323,276323,0,99997114493083128689722,20003914557151818580376
2026-06-05 23:58:00,-2034959020,2034835405327467356690,276323,276323,276323,276323,5451728472,7486435316963575249743,20003914557151818580376
2026-06-05 23:59:00,10000235582,-10000000000000000000000,276323,276323,276323,276323,10000235582,0,20003914557151818580376
