timestamp,netAmount0,netAmount1,closeTick,openTick,lowestTick,highestTick,inAmount0,inAmount1,currentLiquidity
2026-07-22 00:01:00,2021138983,-2020056964720667414240,276318,276318,276318,276318,2021138983,0,50008487849829591555092
2026-07-22 00:06:00,-250097903,249961521564479613074,276318,276318,276318,276318,0,249961521564479613074,50008487849829591555092
2026-07-22 00:07:00,-761185359,760770261443352748025,276318,276318,276318,276318,0,760770261443352748025,50008487849829591555092
2026-07-22 00:08:00,-1279341365,1278643647865449924152,276318,276318,276318,276318,0,1278643647865449924152,50008487849829591555092
2026-07-22 00:10:00,72480143,-72441337448828642570,276318,276318,276318,276318,72480143,0,50008487849829591555092
2026-07-22 00:12:00,-995000000,994457313395899255392,276318,276318,276318,276318,0,994457313395899255392,50008487849829591555092
2026-07-22 00:13:00,-995000000,994457273834109220513,276318,276318,276318,276318,0,994457273834109220513,50008487849829591555092
2026-07-22 00:18:00,119158660,-119094865281630582512,276318,276318,276318,276318,120209234,1050000000000000000,50008487849829591555092
2026-07-22 00:19:00,-42798929650,42775547580816781799902,276318,276318,276318,276318,0,42775547580816781799902,50008487849829591555092
2026-07-22 00:20:00,12962998,-12957107212231022070,276318,276318,276318,276318,120170627,107148966065999946561,50008487849829591555092
2026-07-22 00:21:00,-8281961307,8277428222898271438589,276318,276318,276318,276318,0,8277428222898271438589,50008487849829591555092
2026-07-22 00:22:00,-100370335,100315380964334378541,276318,276318,276318,276318,0,100315380964334378541,50008487849829591555092
2026-07-22 00:23:00,120179213,-120114615387149171910,276318,276318,276318,276318,120179213,0,50008487849829591555092
2026-07-22 00:26:00,-62659219712,62624833612436290558102,276318,276318,276318,276318,120154907,62744923634087298417385,50008487849829591555092
2026-07-22 00:27:00,120163057,-120098167682078834231,276318,276318,276318,276318,120163057,0,50008487849829591555092
2026-07-22 00:29:00,-781000000,780570431936454670180,276318,276318,276318,276318,0,780570431936454670180,50008487849829591555092
2026-07-22 00:30:00,-19259583138,19248982209973808528454,276318,276318,276318,276318,0,19248982209973808528454,50008487849829591555092
2026-07-22 00:31:00,-760778095,760357838524358436017,276318,276318,276318,276318,120188899,880481738585024116958,50008487849829591555092
2026-07-22 00:32:00,-3999490346,3997286951595419908773,276318,276318,276318,276318,0,3997286951595419908773,50008487849829591555092
2026-07-22 00:33:00,-102740651,102684040540879751271,276318,276318,276318,276318,0,102684040540879751271,50008487849829591555092
2026-07-22 00:34:00,-1043411474,1042835328568378197861,276318,276318,276318,276318,120174554,1162944867453379368646,50008487849829591555092
2026-07-22 00:35:00,51233170,-51206340618701890753,276318,276318,276318,276318,140143252,88861088419720657743,50008487849829591555092
2026-07-22 00:36:00,-64070252355,64034863614400407298045,276318,276318,276318,276318,130176427,64164969276341701353060,50008487849829591555092
2026-07-22 00:37:00,-85701198474,85653607322053933529013,276318,276318,276318,276318,0,85653607322053933529013,50008487849829591555092
2026-07-22 00:39:00,-257437641,257294239103735079117,276318,276318,276318,276318,0,257294239103735079117,50008487849829591555092
2026-07-22 00:43:00,134953722,-134879897000000000000,276318,276318,276318,276318,134953722,0,50008487849829591555092
2026-07-22 00:47:00,-120404132503,120336760816966011551798,276318,276318,276318,276318,1307863751,121643902792396511735001,50008487849829591555092
2026-07-22 00:49:00,950345459,-949821030877532128337,276318,276318,276318,276318,950345459,0,50008487849829591555092
2026-07-22 00:50:00,-85604224248,85555984920271038166355,276318,276318,276318,276318,0,85555984920271038166355,50008487849829591555092
2026-07-22 00:52:00,2119647,-2118470965239821739,276318,276318,276318,276318,2119647,0,50008487849829591555092
2026-07-22 00:53:00,-200098000000,199984099446314150079836,276318,276318,276318,276318,0,199984099446314150079836,50008487849829591555092
2026-07-22 00:55:00,-300173,300000000000000000,276318,276318,276318,276318,0,300000000000000000,50008487849829591555092
2026-07-22 00:56:00,-452435543663,452172108089491116056345,276318,276318,276318,276318,0,452172108089491116056345,50008487849829591555092
2026-07-22 00:57:00,-16778955004,16769027979433303193610,276318,276318,276318,276318,0,16769027979433303193610,50008487849829591555092
2026-07-22 00:58:00,-29369425,29351853646426675780,276318,276318,276318,276318,18441326,47782447482119907845,50008487849829591555092
2026-07-22 01:01:00,-983336108,982753980126884986074,276318,276318,276318,276318,0,982753980126884986074,50008487849829591555092
2026-07-22 01:02:00,-164106833288,164009142167002142128115,276318,276318,276318,276318,0,164009142167002142128115,50008487849829591555092
2026-07-22 01:04:00,-45143526444,45116464237805866518536,276318,276318,276318,276318,0,45116464237805866518536,50008487849829591555092
2026-07-22 01:07:00,-85622376570,85570824806787029612392,276318,276318,276318,276318,0,85570824806787029612392,50008487849829591555092
2026-07-22 01:09:00,-34554077907,34533190527340685035942,276318,276318,276318,276318,0,34533190527340685035942,50008487849829591555092
2026-07-22 01:11:00,-40671486813,40646840434391813138785,276318,276318,276318,276318,0,40646840434391813138785,50008487849829591555092
2026-07-22 01:12:00,-561393725,561053065408926451916,276318,276318,276318,276318,0,561053065408926451916,50008487849829591555092
2026-07-22 01:13:00,-146422546,146333692316675209881,276318,276318,276318,276318,0,146333692316675209881,50008487849829591555092
2026-07-22 01:15:00,-35273427242,35251997497933653251833,276317,276317,276317,276317,0,35251997497933653251833,50008487849829590555393
2026-07-22 01:17:00,50029880013,-50000000000000000000000,276318,276318,276318,276318,50029880013,0,50008487849829591555092
2026-07-22 01:18:00,10102243919,-10096222567439845612879,276318,276318,276318,276318,10103084374,839945026387901249,50008487849829591555092
2026-07-22 01:19:00,126178447,-126103265784863041570,276318,276318,276318,276318,126178447,0,50008487849829591555092
2026-07-22 01:23:00,120202728,-120131108222409502615,276318,276318,276318,276318,120202728,0,50008487849829591555092
2026-07-22 01:24:00,29952390063,-29934561445000000000000,276318,276318,276318,276318,29952390063,0,50008487849829591555092
2026-07-22 01:25:00,-59000000000,58964257430038199736725,276318,276318,276318,276318,0,58964257430038199736725,50008487849829591555092
2026-07-22 01:26:00,-13496838658,13488642637883556219914,276317,276317,276317,276317,0,13488642637883556219914,50008487849829590555393
2026-07-22 01:28:00,1610169420,-1609207346821792534769,276317,276317,276317,276317,1610169420,0,50008487849829590555393
2026-07-22 01:42:00,-100487255,100426212252352117004,276317,276317,276317,276317,0,100426212252352117004,50008487849829590555393
2026-07-22 01:44:00,53166369835,-53134661000000000000000,276318,276318,276318,276318,53166369835,0,50008487849829591555092
2026-07-22 01:46:00,-15005875818,14996433630131651395947,276318,276318,276318,276318,35424961459,50400258683115219180399,50008487849829591555092
2026-07-22 01:47:00,54928674198,-54896000000000000000000,276318,276318,276318,276318,54928674198,0,50008487849829591555092
2026-07-22 01:49:00,-6480754822,6476836013545362025443,276318,276318,276318,276318,525245178,7001769333226337199624,50008487849829591555092
2026-07-22 01:56:00,-21406419747,21393481042272771481522,276318,276318,276318,276318,0,21393481042272771481522,50008487849829591555092
2026-07-22 01:57:00,-85626171102,85574232889712047154016,276317,276318,276317,276318,0,85574232889712047154016,50008487849829590555393
2026-07-22 02:00:00,120160700,-120088810147144085125,276317,276317,276317,276317,120160700,0,50008487849829590555393
2026-07-22 02:02:00,1026272255,-1025658277000000000000,276317,276317,276317,276317,1026272255,0,50008487849829590555393
2026-07-22 02:05:00,90954247211,-90900000000000000000000,276318,276318,276318,276318,90954247211,0,50008487849829591555092
2026-07-22 02:07:00,120149062,-120077621197320642762,276318,276318,276318,276318,120149062,0,50008487849829591555092
2026-07-22 02:09:00,51136063,-51105657866478532028,276318,276318,276318,276318,51136063,0,50008487849829591555092
2026-07-22 02:16:00,-18684240,18672943051815048440,276318,276318,276318,276318,0,18672943051815048440,50008487849829591555092
2026-07-22 02:17:00,-110493700,110426895412767402849,276318,276318,276318,276318,0,110426895412767402849,50008487849829591555092
2026-07-22 02:18:00,120180160,-120108701266040216196,276318,276318,276318,276318,120180160,0,50008487849829591555092
2026-07-22 02:25:00,6656105808,-6652148977000000000000,276318,276318,276318,276318,6656105808,0,50008487849829591555092
2026-07-22 02:30:00,50029684310,-50000000000000000000000,276318,276318,276318,276318,50029684310,0,50008487849829591555092
2026-07-22 02:31:00,-9043264160,9037806699502537592729,276318,276318,276318,276318,881468984,9918753226466093421151,50008487849829591555092
2026-07-22 02:35:00,-15093251541,15084149582087099805557,276318,276318,276318,276318,85804911,15169903637567216470857,50008487849829591555092
2026-07-22 02:36:00,-1230926887,1230184246925016350234,276318,276318,276318,276318,0,1230184246925016350234,50008487849829591555092
2026-07-22 02:38:00,-2000000000,1998793235938682662330,276318,276318,276318,276318,0,1998793235938682662330,50008487849829591555092
2026-07-22 02:40:00,-14959027,14950000000000000000,276318,276318,276318,276318,0,14950000000000000000,50008487849829591555092
2026-07-22 02:43:00,-15000000000,14990944166068747553490,276318,276318,276318,276318,0,14990944166068747553490,50008487849829591555092
2026-07-22 02:47:00,-20012089,20000000000000000000,276318,276318,276318,276318,0,20000000000000000000,50008487849829591555092
2026-07-22 02:50:00,-38908961534,38885429390830252793882,276318,276318,276318,276318,0,38885429390830252793882,50008487849829591555092
2026-07-22 02:51:00,-540292850,539965654483838787232,276318,276318,276318,276318,0,539965654483838787232,50008487849829591555092
2026-07-22 02:52:00,96109810,-96052567623222159060,276318,276318,276318,276318,96109810,0,50008487849829591555092
2026-07-22 02:54:00,-614600000,614227793664810999414,276318,276318,276318,276318,0,614227793664810999414,50008487849829591555092
2026-07-22 03:04:00,-42820930264,42794960430740755645801,276318,276318,276318,276318,0,42794960430740755645801,50008487849829591555092
2026-07-22 03:05:00,-9977714841,9971653077541130966457,276317,276317,276317,276317,0,9971653077541130966457,50008487849829590555393
2026-07-22 03:06:00,-453026444,452751121550924485609,276317,276317,276317,276317,0,452751121550924485609,50008487849829590555393
2026-07-22 03:09:00,-144603615,144515731117561571467,276317,276317,276317,276317,0,144515731117561571467,50008487849829590555393
2026-07-22 03:10:00,445535667072,-445273737805558332033665,276318,276318,276318,276318,488357685194,42796639703968053582485,50008487849829591555092
2026-07-22 03:11:00,-106834494825,106771237454458709801499,276318,276318,276318,276318,224216048,106995322701436492489275,50008487849829591555092
2026-07-22 03:12:00,-10706150274,10699786178767968616335,276318,276318,276318,276318,0,10699786178767968616335,50008487849829591555092
2026-07-22 03:13:00,-162831133963,162733777130129962866650,276318,276318,276318,276318,0,162733777130129962866650,50008487849829591555092
2026-07-22 03:15:00,-42825504503,42799723149441198195042,276318,276318,276318,276318,0,42799723149441198195042,50008487849829591555092
2026-07-22 03:16:00,-478839565155,478546308812740734906134,276317,276317,276317,276317,0,478546308812740734906134,50008487849829590555393
2026-07-22 03:18:00,-89971529877,89915406079864602302385,276317,276317,276317,276317,0,89915406079864602302385,50008487849829590555393
2026-07-22 03:21:00,-221059295764,220920026472804498201887,276317,276317,276317,276317,0,220920026472804498201887,50008487849829590555393
2026-07-22 03:22:00,53033059311,-53000000000000000000000,276317,276317,276317,276317,53033059311,0,50008487849829590555393
2026-07-22 03:23:00,-21415777044,21402226556571491134674,276317,276317,276317,276317,0,21402226556571491134674,50008487849829590555393
2026-07-22 03:24:00,-43720543960,43692823599100117957467,276317,276317,276317,276317,0,43692823599100117957467,50008487849829590555393
2026-07-22 03:25:00,-42832012108,42804781045801271798655,276317,276317,276317,276317,0,42804781045801271798655,50008487849829590555393
2026-07-22 03:28:00,-42704370646,42677146480606210591796,276317,276317,276317,276317,128043726,42805109971606210591796,50008487849829590555393
2026-07-22 03:31:00,-5003195,5000000000000000000,276317,276317,276317,276317,0,5000000000000000000,50008487849829590555393
2026-07-22 03:32:00,-19334068741,19321719827043058516695,276317,276317,276317,276317,0,19321719827043058516695,50008487849829590555393
2026-07-22 03:35:00,-42832979121,42805567961701238951258,276317,276317,276317,276317,0,42805567961701238951258,50008487849829590555393
2026-07-22 03:37:00,-7812845540,7807837768502831747097,276317,276317,276317,276317,0,7807837768502831747097,50008487849829590555393
2026-07-22 03:38:00,-2601669,2600000000000000000,276317,276317,276317,276317,0,2600000000000000000,50008487849829590555393
2026-07-22 03:39:00,-57076454237,57039470428511677787072,276317,276317,276317,276317,32593645763,89612449850008083850173,50008487849829590555393
2026-07-22 03:42:00,-81149458,81097245000000000000,276317,276317,276317,276317,0,81097245000000000000,50008487849829590555393
2026-07-22 03:55:00,11487369972,-11480096364536367327673,276317,276317,276317,276317,11487369972,0,50008487849829590555393
2026-07-22 04:01:00,71740342,-71694933847673327884,276317,276317,276317,276317,71740342,0,50008487849829590555393
2026-07-22 04:02:00,47390794,-47360798816869573628,276317,276317,276317,276317,47390794,0,50008487849829590555393
2026-07-22 04:06:00,-181121088,181004473984790155635,276317,276317,276317,276317,16178286,197172520575732826706,50008487849829590555393
2026-07-22 04:07:00,-209037222602,208901949248914201301506,276317,276317,276317,276317,0,208901949248914201301506,50008487849829590555393
2026-07-22 04:08:00,20015578148,-20002750000699389810141,276317,276317,276317,276317,20015578148,0,50008487849829590555393
2026-07-22 04:10:00,8526459816,-8521000000000000000000,276317,276317,276317,276317,8526459816,0,50008487849829590555393
2026-07-22 04:18:00,487993128,-487680736000000000000,276317,276317,276317,276317,487993128,0,50008487849829590555393
2026-07-22 04:20:00,5502521460,-5498999636000000000000,276317,276317,276317,276317,5502521460,0,50008487849829590555393
2026-07-22 04:22:00,35213563685,-35191054300000000000000,276317,276317,276317,276317,35213563685,0,50008487849829590555393
2026-07-22 04:23:00,-125112837,125031698704400099177,276317,276317,276317,276317,0,125031698704400099177,50008487849829590555393
2026-07-22 04:24:00,700434289,-699987053091194222940,276317,276317,276317,276317,700434289,0,50008487849829590555393
2026-07-22 04:30:00,24457548821,-24441944666000000000000,276317,276317,276317,276317,24457548821,0,50008487849829590555393
2026-07-22 04:34:00,435131401,-434854000000000000000,276317,276317,276317,276317,435131401,0,50008487849829590555393
2026-07-22 04:40:00,56301543744,-56265714622000000000000,276317,276317,276317,276317,56301543744,0,50008487849829590555393
2026-07-22 04:43:00,2644338187,-2642658499620455317504,276317,276317,276317,276317,2644338187,0,50008487849829590555393
2026-07-22 04:48:00,-286870938,286685863148307335395,276317,276317,276317,276317,0,286685863148307335395,50008487849829590555393
2026-07-22 04:49:00,38071701823,-38047549154000000000000,276317,276317,276317,276317,38071701823,0,50008487849829590555393
2026-07-22 04:51:00,-55038000000,55002515235891500256486,276317,276317,276317,276317,0,55002515235891500256486,50008487849829590555393
2026-07-22 04:52:00,18080721721,-18069231843000000000000,276317,276317,276317,276317,18080721721,0,50008487849829590555393
2026-07-22 04:57:00,-28349762997,28331416448870811190487,276317,276317,276317,276317,4182477619,32511238061912619722840,50008487849829590555393
2026-07-22 04:58:00,222773299,-222631562000000000000,276317,276317,276317,276317,222773299,0,50008487849829590555393
2026-07-22 04:59:00,89555976,-89498998000000000000,276317,276317,276317,276317,89555976,0,50008487849829590555393
2026-07-22 05:00:00,103558636078,-103493284614665061156009,276317,276317,276317,276317,135778738864,32199260467862638801699,50008487849829590555393
2026-07-22 05:01:00,214320161071,-214185607346977719887145,276317,276317,276317,276317,214320161071,0,50008487849829590555393
2026-07-22 05:03:00,111797623698,-111728163685000000000000,276317,276317,276317,276317,111797623698,0,50008487849829590555393
2026-07-22 05:04:00,1274587275,-1273798252194242898041,276317,276317,276317,276317,1274587275,0,50008487849829590555393
2026-07-22 05:05:00,-10500000,10493394885647010102,276317,276317,276317,276317,0,10493394885647010102,50008487849829590555393
2026-07-22 05:10:00,65965492723,-65924745873000000000000,276317,276317,276317,276317,65965492723,0,50008487849829590555393
2026-07-22 05:15:00,195279605129,-195160000264000000000000,276317,276317,276317,276317,195279605129,0,50005479980755089887121
2026-07-22 05:16:00,1599040626,-1598067536069173805062,276317,276317,276317,276317,1599040626,0,50005479980755089887121
2026-07-22 05:17:00,400203158,-399959632685826764463,276317,276317,276317,276317,400203158,0,50005479980755089887121
2026-07-22 05:18:00,10989884622,-10983199706295689880217,276317,276317,276317,276317,10989884622,0,50005479980755089887121
2026-07-22 05:20:00,140236964,-140151692621473472164,276317,276317,276317,276317,140236964,0,50005479980755089887121
2026-07-22 05:24:00,312500600,-312310585324636903816,276317,276317,276317,276317,312500600,0,50005479980755089887121
2026-07-22 05:28:00,385197150,-384962937461304983552,276317,276317,276317,276317,385197150,0,50005479980755089887121
2026-07-22 05:29:00,26028509,-26012683159786716962,276317,276317,276317,276317,26028509,0,50005479980755089887121
2026-07-22 05:33:00,-50033674940,50002703170891303053174,276317,276317,276317,276317,0,50002703170891303053174,50005479980755089887121
2026-07-22 05:36:00,11818074996,-11810868475000000000000,276317,276317,276317,276317,11818074996,0,50005479980755089887121
2026-07-22 05:38:00,1463474911,-1462582921154780173843,276317,276317,276317,276317,1466374356,2897648000000000000,50005479980755089887121
2026-07-22 05:40:00,-99585256460,99523366510503048173968,276317,276317,276317,276317,0,99523366510503048173968,50005479980755089887121
2026-07-22 05:41:00,42833532266,-42807291716000000000000,276317,276317,276317,276317,42833532266,0,50005479980755089887121
2026-07-22 05:43:00,90280000,-90224771270536395266,276317,276317,276317,276317,90280000,0,50005479980755089887121
2026-07-22 05:44:00,85667582615,-85615321448000000000000,276317,276317,276317,276317,85667582615,0,50005479980755089887121
2026-07-22 05:46:00,-1560948946,1559981314369082389422,276317,276317,276317,276317,240430910,1800265955549531309942,50005479980755089887121
2026-07-22 05:47:00,97666840,-97607420526512900322,276317,276317,276317,276317,97666840,0,50005479980755089887121
2026-07-22 05:49:00,26544749093,-26528613534888453462015,276317,276317,276317,276317,26544749093,0,50005479980755089887121
2026-07-22 05:51:00,-107387684068,107321160445264239619731,276317,276317,276317,276317,0,107321160445264239619731,50005479980755089887121
2026-07-22 05:53:00,42834472132,-42808310231000000000000,276317,276317,276317,276317,42834472132,0,50005479980755089887121
2026-07-22 05:54:00,-32067944058,32047927607778430529049,276317,276317,276317,276317,11687698278,43728497793743005174708,50005479980755089887121
2026-07-22 05:56:00,550276369,-549940050000000000001,276317,276317,276317,276317,550276369,0,50005479980755089887121
2026-07-22 05:57:00,1104134178,-1103459387736596545536,276317,276317,276317,276317,1104134178,0,50005479980755089887121
2026-07-22 05:58:00,-147383502087,147291506488418281382155,276317,276317,276317,276317,1866610527,149156965803612272380559,50005479980755089887121
2026-07-22 05:59:00,98146582,-98086024457705434816,276317,276317,276317,276317,98146582,0,50005479980755089887121
2026-07-22 06:00:00,380981424943,-380749254692000000000000,276317,276317,276317,276317,380981424943,0,50005479980755089887121
2026-07-22 06:01:00,79416099238,-79368433545000000000000,276317,276317,276317,276317,79416099238,0,50005479980755089887121
2026-07-22 06:02:00,367224974554,-367007844016546581876980,276318,276317,276317,276318,367377567408,152500000000000000000,50005479980755090886820
2026-07-22 06:03:00,-1800000,1798930916948385933,276318,276318,276318,276318,0,1798930916948385933,50005479980755090886820
2026-07-22 06:04:00,-154283462755,154190832809104140564944,276318,276318,276318,276318,52030328548,206190832809104140564944,50005479980755090886820
2026-07-22 06:05:00,-21254659390,21241895438395908457884,276318,276318,276318,276318,0,21241895438395908457884,50005479980755090886820
2026-07-22 06:06:00,-172805990419,172701546113205818943309,276317,276317,276317,276317,0,172701546113205818943309,50005479980755089887121
2026-07-22 06:08:00,9499989680,-9494311914608959125631,276317,276317,276317,276317,9509995762,10000000000000000000,50005479980755089887121
2026-07-22 06:14:00,128505051299,-128428601901000000000000,276318,276318,276318,276318,128505051299,0,50005479980755090886820
2026-07-22 06:16:00,12006385942,-11999276887575138981243,276318,276318,276318,276318,12006385942,0,50005479980755090886820
2026-07-22 06:18:00,-3850000,3847682087883415037,276318,276318,276318,276318,0,3847682087883415037,50005479980755090886820
2026-07-22 06:22:00,68399306,-68358906622642743287,276318,276318,276318,276318,76649306,8245033925369977569,50005479980755090886820
2026-07-22 06:23:00,300145845468,-299970000000000000000000,276318,276318,276318,276318,300145845468,0,50005479980755090886820
2026-07-22 06:27:00,322218465,-322031623471503378700,276318,276318,276318,276318,322218465,0,50005479980755090886820
2026-07-22 06:29:00,68646855,-68607050070955483856,276318,276318,276318,276318,68646855,0,50005479980755090886820
2026-07-22 06:30:00,227209847,-227078099910582597737,276318,276318,276318,276318,227209847,0,50005479980755090886820
2026-07-22 06:31:00,850000000,-849507146139259086023,276318,276318,276318,276318,850000000,0,50005479980755090886820
2026-07-22 06:32:00,40023205,-40000000000000000000,276318,276318,276318,276318,40023205,0,50005479980755090886820
2026-07-22 06:34:00,-19950000000,19938225464754952845994,276318,276318,276318,276318,0,19938225464754952845994,50005479980755090886820
2026-07-22 06:35:00,29975094585,-29957828727504221030296,276318,276318,276318,276318,41975094585,11992930040495778969704,50005479980755090886820
2026-07-22 06:36:00,5986621316,-5983153331134588634507,276318,276318,276318,276318,5986621316,0,50005479980755090886820
2026-07-22 06:37:00,9985781265,-9980000000000000000000,276318,276318,276318,276318,10005793059,20000000000000000000,50005479980755090886820
2026-07-22 06:39:00,139856511874,-139775957851118478657650,276318,276318,276318,276318,139856511874,0,50005479980755090886820
2026-07-22 06:40:00,-9005253,9000000000000000000,276318,276318,276318,276318,0,9000000000000000000,50005479980755090886820
2026-07-22 06:41:00,-500293,500000000000000000,276318,276318,276318,276318,0,500000000000000000,50005479980755090886820
2026-07-22 06:45:00,300140235091,-299970000000000000000000,276318,276318,276318,276318,300140235091,0,50005479980755090886820
2026-07-22 06:47:00,880653950,-880159753129960368388,276318,276318,276318,276318,880653950,0,50005479980755090886820
2026-07-22 06:48:00,109249714121,-109188646807030773067971,276318,276318,276318,276318,109249714121,0,50005479980755090886820
2026-07-22 06:52:00,137114555565,-137038589602672035218075,276318,276318,276318,276318,137314661698,199993813327964781925,50005479980755090886820
2026-07-22 06:53:00,90049483694,-90000000748000000000000,276318,276318,276318,276318,90049483694,0,50005479980755090886820
2026-07-22 06:54:00,-26519262326,26504458385684298123992,276318,276318,276318,276318,0,26504458385684298123992,50005479980755090886820
2026-07-22 06:55:00,-112639734830,112576542362216835745286,276318,276318,276318,276318,0,112576542362216835745286,50005479980755090886820
2026-07-22 06:57:00,82545533919,-82500000083000000000000,276318,276318,276318,276318,82545533919,0,50005479980755090886820
2026-07-22 06:58:00,-50032917376,50004850627281308788938,276318,276318,276318,276318,0,50004850627281308788938,50005479980755090886820
2026-07-22 06:59:00,-2978874203,2977200000000000000000,276318,276318,276318,276318,0,2977200000000000000000,50005479980755090886820
2026-07-22 07:00:00,-873218520,872727681348833002661,276318,276318,276318,276318,0,872727681348833002661,50005479980755090886820
2026-07-22 07:01:00,-87385495980,87336222327607414394111,276318,276318,276318,276318,0,87336222327607414394111,50005479980755090886820
2026-07-22 07:05:00,22774367061,-22761723600684298123992,276318,276318,276318,276318,22774367061,0,50005479980755090886820
2026-07-22 07:07:00,-47261973367,47235239838787637031889,276318,276318,276318,276318,0,47235239838787637031889,50005479980755090886820
2026-07-22 07:09:00,-1000568,1000000000000000000,276318,276318,276318,276318,0,1000000000000000000,50005479980755090886820
2026-07-22 07:12:00,-42836232144,42811924900276758617606,276318,276318,276318,276318,0,42811924900276758617606,50005479980755090886820
2026-07-22 07:13:00,-50032000000,50003516710344242360236,276318,276318,276318,276318,0,50003516710344242360236,50005479980755090886820
2026-07-22 07:16:00,10005604207,-10000000000000000000000,276318,276318,276318,276318,10005604207,0,50005479980755090886820
2026-07-22 07:21:00,-43040865218,43016299157724748825557,276318,276318,276318,276318,0,43016299157724748825557,50005479980755090886820
2026-07-22 07:22:00,-42940070261,42915487961470360983838,276318,276318,276318,276318,0,42915487961470360983838,50005479980755090886820
2026-07-22 07:25:00,-64257239671,64220316105253842478715,276318,276318,276318,276318,0,64220316105253842478715,50005479980755090886820
2026-07-22 07:26:00,88792530631,-88742439524000000000000,276318,276318,276318,276318,88792530631,0,50005479980755090886820
2026-07-22 07:27:00,41823068405,-41799583636000000000000,276318,276318,276318,276318,41823068405,0,50005479980755090886820
2026-07-22 07:28:00,-180297113,180194218907769126852,276318,276318,276318,276318,0,180194218907769126852,50005479980755090886820
2026-07-22 07:29:00,-8004572,8000000000000000000,276318,276318,276318,276318,0,8000000000000000000,50005479980755090886820
2026-07-22 07:31:00,17133687505,-17124514681996907929649,276318,276318,276318,276318,59972233033,42814163872003092070351,50005479980755090886820
2026-07-22 07:32:00,-107098223926,107036947878825885073748,276318,276318,276318,276318,0,107036947878825885073748,50005479980755090886820
2026-07-22 07:33:00,-42839938213,42815299081093647300371,276318,276318,276318,276318,0,42815299081093647300371,50005479980755090886820
2026-07-22 07:34:00,-85009031997,84959482301442795167837,276318,276318,276318,276318,44036131875,128970501140442795167837,50005479980755090886820
2026-07-22 07:37:00,-129999600616,129923941577906053489971,276318,276318,276318,276318,0,129923941577906053489971,50005479980755090886820
2026-07-22 07:39:00,45738930136,-45712691658671592800686,276318,276318,276318,276318,45858930136,119930068477290291776,50005479980755090886820
2026-07-22 07:40:00,-44637187274,44611134514695224502818,276318,276318,276318,276318,0,44611134514695224502818,50005479980755090886820
2026-07-22 07:43:00,-72544042,72501636156971924334,276318,276318,276318,276318,0,72501636156971924334,50005479980755090886820
2026-07-22 07:44:00,-100195000000,100136230363502942045349,276318,276318,276318,276318,0,100136230363502942045349,50005479980755090886820
2026-07-22 07:47:00,-316500000,316313720000167107193,276318,276318,276318,276318,0,316313720000167107193,50005479980755090886820
2026-07-22 07:48:00,-14952292,14943491329309876989,276318,276318,276318,276318,0,14943491329309876989,50005479980755090886820
2026-07-22 07:49:00,1287276052,-1286532000839918060362,276318,276318,276318,276318,1357276052,69958800160081939638,50005479980755090886820
2026-07-22 07:50:00,-87176319711,87124863182443568197186,276318,276318,276318,276318,0,87124863182443568197186,50005479980755090886820
2026-07-22 07:51:00,-1000428,999834749451475127,276318,276318,276318,276318,0,999834749451475127,50005479980755090886820
2026-07-22 07:52:00,-546429068012,546099616388115645399914,276317,276317,276317,276317,0,546099616388115645399914,50005479980755089887121
2026-07-22 07:54:00,-120000000,119926339527992069962,276317,276317,276317,276317,0,119926339527992069962,50005479980755089887121
2026-07-22 07:57:00,-14959183,14950000000000000000,276317,276317,276317,276317,0,14950000000000000000,50005479980755089887121
2026-07-22 08:03:00,-13396000000,13387773410500906572066,276317,276317,276317,276317,0,13387773410500906572066,50005479980755089887121
2026-07-22 08:04:00,-19859999999,19847790620370860188261,276317,276317,276317,276317,0,19847790620370860188261,50005479980755089887121
2026-07-22 08:05:00,17956476822,-17945616450000000000000,276317,276317,276317,276317,17956476822,0,50005479980755089887121
2026-07-22 08:06:00,-25119600992,25104153604967737623483,276317,276317,276317,276317,0,25104153604967737623483,50005479980755089887121
2026-07-22 08:07:00,-753154662,752691117372778817158,276317,276317,276317,276317,0,752691117372778817158,50005479980755089887121
2026-07-22 08:08:00,-2511514578,2509968650877056202006,276317,276317,276317,276317,0,2509968650877056202006,50005479980755089887121
2026-07-22 08:09:00,29868794727,-29850724253000000000000,276317,276317,276317,276317,29868794727,0,50005479980755089887121
2026-07-22 08:10:00,2219456065,-2218114780000000000000,276317,276317,276317,276317,2224457642,4998503000000000000,50005479980755089887121
2026-07-22 08:11:00,-28315714256,28298188008866060904637,276317,276317,276317,276317,11585285744,39876456863866060904637,50005479980755089887121
2026-07-22 08:13:00,-124769145301,124692046971830906036636,276317,276317,276317,276317,0,124692046971830906036636,50005479980755089887121
2026-07-22 08:14:00,-21185095845,21171943206137321438065,276317,276317,276317,276317,0,21171943206137321438065,50005479980755089887121
2026-07-22 08:15:00,1000611627,-1000000000000000000000,276317,276317,276317,276317,1000611627,0,50005479980755089887121
2026-07-22 08:16:00,779574864,-779098374681897308342,276317,276317,276317,276317,779574864,0,50005479980755089887121
2026-07-22 08:17:00,-24648671264,24633346266206349022152,276317,276317,276317,276317,120217499,24753490170235966739568,50005479980755089887121
2026-07-22 08:20:00,476374657,-476083031767984101407,276317,276317,276317,276317,476374657,0,50005479980755089887121
2026-07-22 08:23:00,-120000000,119925340284340449535,276317,276317,276317,276317,0,119925340284340449535,50005479980755089887121
2026-07-22 08:24:00,46235900693,-46207639042056759419428,276317,276317,276317,276317,46235900693,0,50005479980755089887121
2026-07-22 08:27:00,-174129600898,174020979177658477141481,276317,276317,276317,276317,0,174020979177658477141481,50005479980755089887121
2026-07-22 08:29:00,61488734728,-61450854300000000000000,276317,276317,276317,276317,61488734728,0,50005479980755089887121
2026-07-22 08:35:00,202536810775,-202413105403244998658779,276317,276317,276317,276317,202536810775,0,50005479980755089887121
2026-07-22 08:37:00,-1600989,1600000000000000000,276317,276317,276317,276317,0,1600000000000000000,50005479980755089887121
2026-07-22 08:39:00,-102000000,101937093628811940421,276317,276317,276317,276317,0,101937093628811940421,50005479980755089887121
2026-07-22 08:40:00,15275078,-15265810223108366075,276317,276317,276317,276317,15275078,0,50005479980755089887121
2026-07-22 08:43:00,-1040641819,1040000000000000000000,276317,276317,276317,276317,0,1040000000000000000000,50005479980755089887121
2026-07-22 08:45:00,38609514360,-38586116731121980244447,276317,276317,276317,276317,38609514360,0,50005479980755089887121
2026-07-22 08:47:00,105466302775,-105403199042364187704602,276317,276317,276317,276317,156094302775,50596800957635812295398,50005479980755089887121
2026-07-22 08:48:00,-200190687706,200067567489069824387905,276317,276317,276317,276317,0,200067567489069824387905,50005479980755089887121
2026-07-22 08:50:00,90133931833,-90079200739734472867168,276317,276317,276317,276317,90133931833,0,50005479980755089887121
2026-07-22 08:52:00,10079097,-10072994927129655530,276317,276317,276317,276317,10079097,0,50005479980755089887121
2026-07-22 08:54:00,150210489390,-150120000000000000000000,276317,276317,276317,276317,150210489390,0,50005479980755089887121
2026-07-22 08:55:00,-32727352864,32707387085803764667712,276317,276317,276317,276317,0,32707387085803764667712,50005479980755089887121
2026-07-22 08:57:00,15009016,-15000000000000000000,276317,276317,276317,276317,15009016,0,50005479980755089887121
2026-07-22 08:58:00,98132076,-98073126749179775240,276317,276317,276317,276317,98132076,0,50005479980755089887121
2026-07-22 09:01:00,-55038000000,55004327040243632181074,276317,276317,276317,276317,0,55004327040243632181074,50005479980755089887121
2026-07-22 09:05:00,-20012267,20000000000000000000,276317,276317,276317,276317,0,20000000000000000000,50005479980755089887121
2026-07-22 09:08:00,103230026473,-103168000000000000000000,276317,276317,276317,276317,103230026473,0,50005479980755089887121
2026-07-22 09:11:00,-407504570,407256481453594253297,276317,276317,276317,276317,0,407256481453594253297,50005479980755089887121
2026-07-22 09:13:00,-16779762593,16769541369757063697531,276317,276317,276317,276317,0,16769541369757063697531,50005479980755089887121
2026-07-22 09:19:00,-15093558548,15084351944284264287051,276317,276317,276317,276317,290173972,15374351944284264287051,50005479980755089887121
2026-07-22 09:20:00,-99999600000,99938392623183050023892,276317,276317,276317,276317,0,99938392623183050023892,50005479980755089887121
2026-07-22 09:21:00,275173664,-275007439137680060726,276317,276317,276317,276317,275173664,0,50005479980755089887121
2026-07-22 09:22:00,505306189468,-505006926735720103522243,276318,276318,276318,276318,592921535013,87563466248062009923161,50005479980755090886820
2026-07-22 09:23:00,-42786514545,42761067582150495993104,276318,276318,276318,276318,70041015,42831067582150495993104,50005479980755090886820
2026-07-22 09:24:00,-42856912231,42831350766322506373901,276318,276318,276318,276318,0,42831350766322506373901,50005479980755090886820
2026-07-22 09:25:00,58402575058,-58368344199943646998047,276318,276318,276318,276318,58482185903,79563478922158653921,50005479980755090886820
2026-07-22 09:26:00,-194869937739,194753208207282926681703,276318,276318,276318,276318,3103162103,197854555259986108078069,50005479980755090886820
2026-07-22 09:27:00,96318043,-96260950399387976459,276318,276318,276318,276318,96318043,0,50005479980755090886820
2026-07-22 09:29:00,-23671355856,23657076917409084537540,276318,276318,276318,276318,0,23657076917409084537540,50005479980755090886820
2026-07-22 09:30:00,-24882658797,24867466812279973184747,276318,276318,276318,276318,15832394856,40690467066274876021042,50005479980755090886820
2026-07-22 09:31:00,-85719106323,85667126615812982704497,276317,276318,276317,276318,0,85667126615812982704497,50005479980755089887121
2026-07-22 09:33:00,92510261841,-92455101112394620521144,276318,276318,276318,276318,92510261841,0,50005479980755090886820
2026-07-22 09:34:00,-119157093110,119084788650907150301235,276317,276318,276317,276318,83051548,119167790724857663787984,50005479980755089887121
2026-07-22 09:35:00,-362176882241,361953633070119296205278,276317,276317,276317,276317,0,361953633070119296205278,50005479980755089887121
2026-07-22 09:36:00,-349120969790,348900583979022910281381,276317,276317,276317,276317,22318561306,371205236468427688302245,50005479980755089887121
2026-07-22 09:37:00,-720173805307,719703135252963145394060,276317,276317,276317,276317,112959504996,832588241264841378342796,50005479980755089887121
2026-07-22 09:38:00,-168605119550,168490424637546022493477,276317,276317,276317,276317,177463999028,345836550201032557546210,50005479980755089887121
2026-07-22 09:39:00,-149044945451,148943169523616465901559,276317,276317,276317,276317,100955054549,249830512037493920266231,50005479980755089887121
2026-07-22 09:40:00,385297631648,-385045304986316024275392,276317,276317,276317,276317,635297631648,249829001618936276909632,50005479980755089887121
2026-07-22 09:41:00,-217746730282,217600949263648839601417,276317,276317,276317,276317,32253269718,249832834455002796729777,50005479980755089887121
2026-07-22 09:42:00,-250644947602,250475166940114128863339,276317,276317,276317,276317,0,250475166940114128863339,50005479980755089887121
2026-07-22 09:43:00,42863018557,-42834234633000000000000,276317,276317,276317,276317,42863018557,0,50005479980755089887121
2026-07-22 09:46:00,-112794731717,112716330453001601934390,276317,276317,276317,276317,137206068829,249829383962197439795450,50005479980755089887121
2026-07-22 09:47:00,86742140391,-86683723870000000000000,276317,276317,276317,276317,86742140391,0,50005479980755089887121
2026-07-22 09:48:00,4065990739,-4063259874000000000000,276317,276317,276317,276317,4065990739,0,50005479980755089887121
2026-07-22 09:49:00,208020278,-207880582000000000000,276317,276317,276317,276317,208020278,0,50005479980755089887121
2026-07-22 09:50:00,-133779011737,133686317049592881605686,276317,276317,276317,276317,116220988263,249828366444270327950390,50005479980755089887121
2026-07-22 09:51:00,56675520444,-56637221422000000000000,276317,276317,276317,276317,56675520444,0,50005479980755089887121
2026-07-22 09:52:00,85776194878,-85718474903000000000000,276317,276317,276317,276317,85776194878,0,50005479980755089887121
2026-07-22 09:53:00,50160602250,-50126984716436726992637,276317,276317,276317,276317,50160602250,0,50005479980755089887121
2026-07-22 09:54:00,-194840403974,194706760862231419737381,276317,276317,276317,276317,55159596026,249828954122150699128101,50005479980755089887121
2026-07-22 09:55:00,-70876733177,70826152344793135440475,276317,276317,276317,276317,179123266823,249827007949660565369435,50005479980755089887121
2026-07-22 09:56:00,-57810147595,57768282478281729226622,276317,276317,276317,276317,192189852405,249826300007680105494398,50005479980755089887121
2026-07-22 09:57:00,44075850770,-44045824460792725133301,276317,276317,276317,276317,44075850770,0,50005479980755089887121
2026-07-22 09:58:00,267254707160,-267074304306379454437511,276317,276317,276317,276317,267254707160,0,50005479980755089887121
2026-07-22 10:00:00,-221269898455,221118241333101517020754,276317,276317,276317,276317,28730101545,249829119306101517020754,50005479980755089887121
2026-07-22 10:01:00,-120909471921,120824641616553806220325,276317,276317,276317,276317,129090528079,249826622167524998660455,50005479980755089887121
2026-07-22 10:02:00,-130538156771,130446114011920443824305,276317,276317,276317,276317,119481857211,249845414476578026346673,50005479980755089887121
2026-07-22 10:03:00,59610060479,-59571584026485936852346,276317,276317,276317,276317,309610060479,249825017741648391073818,50005479980755089887121
2026-07-22 10:04:00,45848406,-45816946000000000000,276317,276317,276317,276317,45848406,0,50005479980755089887121
2026-07-22 10:05:00,12034066693,-12025811971000000000000,276317,276317,276317,276317,12034066693,0,50005479980755089887121
2026-07-22 10:06:00,5316039869,-5312395194000000000000,276317,276317,276317,276317,5316039869,0,50005479980755089887121
2026-07-22 10:08:00,1751710455,-1750509732000000000000,276317,276317,276317,276317,1751710455,0,50005479980755089887121
2026-07-22 10:09:00,11603880906,-11595930025000000000000,276317,276317,276317,276317,11603880906,0,50005479980755089887121
2026-07-22 10:11:00,125741643944,-125655831825000000000000,276317,276317,276317,276317,125741643944,0,50005479980755089887121
2026-07-22 10:12:00,-55023247002,54984723705139788152090,276317,276317,276317,276317,50101873195,105052370546139788152090,50005479980755089887121
2026-07-22 10:13:00,48478232666,-48445210950127698747392,276317,276317,276317,276317,48478232666,0,50005479980755089887121
2026-07-22 10:15:00,283026200379,-282835286966329470353408,276317,276317,276317,276317,283026200379,0,50005479980755089887121
2026-07-22 10:16:00,-120960766686,120877066737739979401914,276317,276317,276317,276317,129039233314,249829030829739979401914,50005479980755089887121
2026-07-22 10:19:00,19129433190,-19116552581000000000000,276317,276317,276317,276317,19129433190,0,50005479980755089887121
2026-07-22 10:20:00,534379083,-534019475000000000000,276317,276317,276317,276317,534379083,0,50005479980755089887121
2026-07-22 10:21:00,312168122788,-311960000311000000000000,276317,276317,276317,276317,312168122788,0,50005479980755089887121
2026-07-22 10:23:00,363529122654,-363291665102000000000000,276317,276317,276317,276317,363529122654,0,50005479980755089887121
2026-07-22 10:27:00,-45080000000,45050389997120655333895,276317,276317,276317,276317,0,45050389997120655333895,50005479980755089887121
2026-07-22 10:28:00,199645150277,-199516629602876407682424,276317,276317,276317,276317,199751855762,106636152123592317576,50005479980755089887121
2026-07-22 10:29:00,-250000000000,249836312401673307867940,276317,276317,276317,276317,0,249836312401673307867940,50005479980755089887121
2026-07-22 10:32:00,58170975527,-58133450937263329837161,276317,276317,276317,276317,78632271277,20447788217951045252013,50005479980755089887121
2026-07-22 10:35:00,-55038000000,55001756367136830214800,276317,276317,276317,276317,0,55001756367136830214800,50005479980755089887121
2026-07-22 10:36:00,-182000000,181879948550228091666,276317,276317,276317,276317,0,181879948550228091666,50005479980755089887121
2026-07-22 10:39:00,107774782161,-107705000108000000000000,276317,276317,276317,276317,107774782161,0,50005479980755089887121
2026-07-22 10:41:00,-493458774,493135394676904218283,276317,276317,276317,276317,0,493135394676904218283,50005479980755089887121
2026-07-22 10:42:00,7104583913,-7100000000884805889678,276317,276317,276317,276317,7104583913,0,50005479980755089887121
2026-07-22 10:43:00,-14959800,14950000000000000000,276317,276317,276317,276317,0,14950000000000000000,50005479980755089887121
2026-07-22 10:44:00,-666997722,666560791475193332644,276317,276317,276317,276317,0,666560791475193332644,50005479980755089887121
2026-07-22 10:49:00,173186847517,-173075725594589061680052,276317,276317,276317,276317,173186847517,0,50005479980755089887121
2026-07-22 10:50:00,-250000000000,249836710402346137587881,276317,276317,276317,276317,0,249836710402346137587881,50005479980755089887121
2026-07-22 10:51:00,2036850234,-2035530315071248044653,276317,276317,276317,276317,2057012834,20149331388102586821,50005479980755089887121
2026-07-22 10:52:00,50921613609,-50888664234000000000000,276317,276317,276317,276317,50921613609,0,50005479980755089887121
2026-07-22 10:55:00,2650712903,-2649000568000000000000,276317,276317,276317,276317,2650712903,0,50005479980755089887121
2026-07-22 10:58:00,-46618167888,46587545208215920933627,276317,276317,276317,276317,96153495,46683636415161532543735,50005479980755089887121
2026-07-22 11:00:00,-41879805578,41852221065945062391137,276317,276317,276317,276317,120194422,41972337424895364620342,50005479980755089887121
2026-07-22 11:01:00,-57579766536,57541728343625379000169,276317,276317,276317,276317,0,57541728343625379000169,50005479980755089887121
2026-07-22 11:03:00,-1192646189,1191856905131380629847,276317,276317,276317,276317,0,1191856905131380629847,50005479980755089887121
2026-07-22 11:04:00,1733015570,-1731886014000000000000,276317,276317,276317,276317,1733015570,0,50005479980755089887121
2026-07-22 11:05:00,-206223257982,206085940932297639846569,276317,276317,276317,276317,0,206085940932297639846569,50005479980755089887121
2026-07-22 11:07:00,227417268067,-227268207620795915605436,276317,276317,276317,276317,227417268067,0,50005479980755089887121
2026-07-22 11:08:00,-250000000000,249833526584332200801438,276317,276317,276317,276317,0,249833526584332200801438,50005479980755089887121
2026-07-22 11:09:00,27808337210,-27789974276000000000000,276317,276317,276317,276317,27808337210,0,50005479980755089887121
2026-07-22 11:14:00,30019806,-30000000000000000000,276317,276317,276317,276317,30019806,0,50005479980755089887121
2026-07-22 11:15:00,19166358,-19153713000000000000,276317,276317,276317,276317,19166358,0,50005479980755089887121
2026-07-22 11:16:00,-23419960,23404272984901444273,276317,276317,276317,276317,0,23404272984901444273,50005479980755089887121
2026-07-22 11:17:00,17467987288,-17456468310000000000000,276317,276317,276317,276317,17467987288,0,50005479980755089887121
2026-07-22 11:18:00,1195599312,-1194811340000000000000,276317,276317,276317,276317,1195599312,0,50005479980755089887121
2026-07-22 11:19:00,145333643910,-145238285654714920214528,276317,276317,276317,276317,145333643910,0,50005479980755089887121
2026-07-22 11:21:00,-193289355916,193159847587973584062676,276317,276317,276317,276317,56830644084,249952864954258006083796,50005479980755089887121
2026-07-22 11:22:00,11743371182,-11735612122000000000000,276317,276317,276317,276317,11743371182,0,50005479980755089887121
2026-07-22 11:25:00,169551232,-169439247000000000000,276317,276317,276317,276317,169551232,0,50005479980755089887121
2026-07-22 11:27:00,2113605840,-2112209943000000000000,276317,276317,276317,276317,2113605840,0,50005479980755089887121
2026-07-22 11:28:00,60401053070,-60361237553489937494320,276317,276317,276317,276317,60401053070,0,50005479980755089887121
2026-07-22 11:29:00,1002384651,-1001725123000000000000,276317,276317,276317,276317,1002384651,0,50005479980755089887121
2026-07-22 11:30:00,8570207631,-8564570424000000000000,276317,276317,276317,276317,8570207631,0,50005479980755089887121
2026-07-22 11:31:00,14380563212,-14371110735000000000000,276317,276317,276317,276317,14380563212,0,50005479980755089887121
2026-07-22 11:32:00,-4600000000,4596931306234467302395,276317,276317,276317,276317,0,4596931306234467302395,50005479980755089887121
2026-07-22 11:33:00,50181588484,-50148659161000000000000,276317,276317,276317,276317,50181588484,0,50005479980755089887121
2026-07-22 11:35:00,23555267,-23539834000000000000,276317,276317,276317,276317,23555267,0,50005479980755089887121
2026-07-22 11:36:00,-120000000,119920176521896477579,276317,276317,276317,276317,0,119920176521896477579,50005479980755089887121
2026-07-22 11:37:00,-231550097530,231394815365143853238187,276317,276317,276317,276317,18449902470,249832636175143853238187,50005479980755089887121
2026-07-22 11:38:00,49945004077,-49911867637000000000000,276317,276317,276317,276317,49945004077,0,50005479980755089887121
2026-07-22 11:39:00,54215143853,-54179287167000000000000,276317,276317,276317,276317,54215143853,0,50005479980755089887121
2026-07-22 11:40:00,21702888358,-21688567469000000000000,276317,276317,276317,276317,21702888358,0,50005479980755089887121
2026-07-22 11:41:00,231255484611,-231104056815027929132648,276317,276317,276317,276317,231255484611,0,50005479980755089887121
2026-07-22 11:43:00,-56040000000,56002940728154333331253,276317,276317,276317,276317,0,56002940728154333331253,50005479980755089887121
2026-07-22 11:45:00,-246132069452,245967278070168276871053,276317,276317,276317,276317,53867930548,299799476025654644412301,50005479980755089887121
2026-07-22 11:46:00,-167393483272,167279567002357935942419,276317,276317,276317,276317,82606516728,249830687848357935942418,50005479980755089887121
2026-07-22 11:47:00,-45791177498,45758005318719158444124,276317,276317,276317,276317,204208822502,249830308590719158444123,50005479980755089887121
2026-07-22 11:49:00,11849407010,-11841461486000000000000,276317,276317,276317,276317,11849407010,0,50005479980755089887121
2026-07-22 11:51:00,-156920750281,156812575243983352276787,276317,276317,276317,276317,93079249719,249828691640983352276786,50005479980755089887121
2026-07-22 11:53:00,500338511,-500000000000000000000,276317,276317,276317,276317,500338511,0,50005479980755089887121
2026-07-22 11:54:00,28477313722,-28460561754251950155417,276317,276317,276317,276317,278477313722,249827185703412340117770,50005479980755089887121
2026-07-22 11:55:00,100067387182,-100000000000000000000000,276317,276317,276317,276317,100067387182,0,50005479980755089887121
2026-07-22 11:57:00,2501657302,-2499977767868151416608,276317,276317,276317,276317,2501657302,0,50005479980755089887121
2026-07-22 11:58:00,-228342726216,228185895476347884342360,276317,276317,276317,276317,21657273784,249828423365842844400645,50005479980755089887121
2026-07-22 11:59:00,351576758772,-351340000400000000000000,276317,276317,276317,276317,351576758772,0,50005479980755089887121
2026-07-22 12:00:00,-232477108186,232318608573917113622681,276317,276317,276317,276317,17522891814,249829654322943096233306,50005479980755089887121
2026-07-22 12:01:00,425012962,-424725791886108832719,276317,276317,276317,276317,425012962,0,50005479980755089887121
2026-07-22 12:02:00,10008788,-10002025628698620398,276317,276317,276317,276317,10008788,0,50005479980755089887121
2026-07-22 12:03:00,23870786739,-23854669437000000000000,276317,276317,276317,276317,23870786739,0,50005479980755089887121
2026-07-22 12:04:00,101319324611,-101251168273886108832720,276317,276317,276317,276317,101319324611,0,50005479980755089887121
2026-07-22 12:05:00,106711339995,-106640000000000000000000,276317,276317,276317,276317,106711339995,0,50005479980755089887121
2026-07-22 12:09:00,112093762799,-112019314467332722972457,276317,276317,276317,276317,112093762799,0,50005479980755089887121
2026-07-22 12:11:00,41071934512,-41044781802405621503064,276317,276317,276317,276317,41071934512,0,50005479980755089887121
2026-07-22 12:12:00,183017821051,-182897647078388352258490,276317,276317,276317,276317,183017821051,0,50005479980755089887121
2026-07-22 12:14:00,-173985605023,173868894866653967669628,276317,276317,276317,276317,76014394977,249833770307443999476645,50005479980755089887121
2026-07-22 12:15:00,-181657324315,181534287456134497613652,276317,276317,276317,276317,68342675685,249831273099134497613652,50005479980755089887121
2026-07-22 12:16:00,6851649948,-6847079616000000000000,276317,276317,276317,276317,6851649948,0,50005479980755089887121
2026-07-22 12:19:00,12734412473,-12725923079527403094016,276317,276317,276317,276317,12734412473,0,50005479980755089887121
2026-07-22 12:21:00,66583240877,-66538958677000000000000,276317,276317,276317,276317,66583240877,0,50005479980755089887121
2026-07-22 12:22:00,-211455170046,211311426238060908706546,276317,276317,276317,276317,38745168179,250030520552028680420082,50005479980755089887121
2026-07-22 12:23:00,-1500000000,1498976689434510166308,276317,276317,276317,276317,0,1498976689434510166308,50005479980755089887121
2026-07-22 12:24:00,65395913779,-65352037221353413567268,276317,276317,276317,276317,65395913779,0,50005479980755089887121
2026-07-22 12:26:00,-74570200,74518674439741776774,276317,276317,276317,276317,84433202,158895337411083144079,50005479980755089887121
2026-07-22 12:28:00,208513324,-208375297114203830418,276317,276317,276317,276317,368513324,159891259151993627516,50005479980755089887121
2026-07-22 12:31:00,2054850688,-2053474794000000000000,276317,276317,276317,276317,2054850688,0,50005479980755089887121
2026-07-22 12:32:00,24554327725,-24537899582567809310003,276317,276317,276317,276317,24554327725,0,50005479980755089887121
2026-07-22 12:33:00,7157750787,-7152966409000000000000,276317,276317,276317,276317,7157750787,0,50005479980755089887121
2026-07-22 12:34:00,24751239402,-24734711175999641793018,276317,276317,276317,276317,24771252958,20000000000000000000,50005479980755089887121
2026-07-22 12:35:00,-152023487717,151919563447334347156706,276317,276317,276317,276317,50033336602,201919563447334347156706,50005479980755089887121
2026-07-22 12:36:00,20016136695,-20002666604000000000000,276317,276317,276317,276317,20016136695,0,50005479980755089887121
2026-07-22 12:38:00,54603085306,-54566420924566777096585,276317,276317,276317,276317,54603085306,0,50005479980755089887121
2026-07-22 12:39:00,20013416,-20000000000000000000,276317,276317,276317,276317,20013416,0,50005479980755089887121
2026-07-22 12:40:00,137013800754,-136922324581792950565788,276317,276317,276317,276317,137013800754,0,50005479980755089887121
2026-07-22 12:43:00,118867465437,-118788712165153876662028,276317,276317,276317,276317,118867465437,0,50005479980755089887121
2026-07-22 12:44:00,-15960698,15950000000000000000,276317,276317,276317,276317,0,15950000000000000000,50005479980755089887121
2026-07-22 12:45:00,22028929303,-22014396468542080436423,276317,276317,276317,276317,22028929303,0,50005479980755089887121
2026-07-22 12:47:00,739982294,-739494453327992290433,276317,276317,276317,276317,739982294,0,50005479980755089887121
2026-07-22 12:49:00,-17606722309,17594533000287676566311,276317,276317,276317,276317,40026447450,57594533000287676566311,50005479980755089887121
2026-07-22 12:51:00,-4001643844,3998962649619950608963,276317,276317,276317,276317,0,3998962649619950608963,50005479980755089887121
2026-07-22 12:52:00,38235807532,-38210596916000000000000,276317,276317,276317,276317,38235807532,0,50005479980755089887121
2026-07-22 12:53:00,-103666779373,103597255633269116490817,276317,276317,276317,276317,0,103597255633269116490817,50005479980755089887121
2026-07-22 12:54:00,199575539838,-199444208321294498551887,276317,276317,276317,276317,213208465211,13623866690705501448113,50005479980755089887121
2026-07-22 12:55:00,54117909463,-54082534290134488612621,276317,276317,276317,276317,54117909463,0,50005479980755089887121
2026-07-22 12:57:00,-158890390454,158784597279108246312913,276317,276317,276317,276317,1109609546,159893475672296161934373,50005479980755089887121
2026-07-22 12:59:00,-85761671584,85704126942612605173492,276317,276317,276317,276317,2922328416,88624529902612605173492,50005479980755089887121
2026-07-22 13:03:00,33248246207,-33226245897000000000000,276317,276317,276317,276317,33248246207,0,50005479980755089887121
2026-07-22 13:04:00,49511679939,-49479000000803276602284,276317,276317,276317,276317,49511679939,0,50005479980755089887121
2026-07-22 13:06:00,65234329294,-65191421242000000000000,276317,276317,276317,276317,65234329294,0,50005479980755089887121
2026-07-22 13:08:00,11156000000,-11148679137069838218661,276317,276317,276317,276317,11156000000,0,50005479980755089887121
2026-07-22 13:12:00,-105000000000,104929850055339085571200,276317,276317,276317,276317,0,104929850055339085571200,50005479980755089887121
2026-07-22 13:18:00,-102387148534,102318320019132894191228,276317,276317,276317,276317,0,102318320019132894191228,50005479980755089887121
2026-07-22 13:20:00,119738992948,-119659737972000000000000,276317,276317,276317,276317,119738992948,0,50005479980755089887121
2026-07-22 13:22:00,10024574,-10017963589406252791,276317,276317,276317,276317,10024574,0,50005479980755089887121
2026-07-22 13:23:00,115052418352,-114976805127000000000000,276317,276317,276317,276317,115052418352,0,50005479980755089887121
2026-07-22 13:24:00,-1000667,1000000000000000000,276317,276317,276317,276317,0,1000000000000000000,50005479980755089887121
2026-07-22 13:25:00,195494177,-195366147789473228536,276317,276317,276317,276317,195494177,0,50005479980755089887121
2026-07-22 13:28:00,-60004600299,59964631675661403284464,276317,276317,276317,276317,0,59964631675661403284464,50005479980755089887121
2026-07-22 13:29:00,2776592654,-2774767760000000000000,276317,276317,276317,276317,2776592654,0,50005479980755089887121
2026-07-22 13:30:00,192501743,-192375235000000000000,276317,276317,276317,276317,192501743,0,50005479980755089887121
2026-07-22 13:34:00,-330324114,330103484296100949730,276317,276317,276317,276317,24410936,354498377598765919019,50005479980755089887121
2026-07-22 13:35:00,-66259971749,66215676065415973444896,276317,276317,276317,276317,24803750,66240463514588397433968,50005479980755089887121
2026-07-22 13:36:00,48111791854,-48080092012000000000000,276317,276317,276317,276317,48111791854,0,50005479980755089887121
2026-07-22 13:40:00,13015282546,-13007099242855236436519,276317,276317,276317,276317,50669775604,37629314879144763563481,50005479980755089887121
2026-07-22 13:41:00,10262435288,-10255694854643437105579,276317,276317,276317,276317,10658887354,396187518588526747851,50005479980755089887121
2026-07-22 13:42:00,-204621940,204485459330887377621,276317,276317,276317,276317,0,204485459330887377621,50005479980755089887121
2026-07-22 13:43:00,-306703616,306499045651951952347,276317,276317,276317,276317,0,306499045651951952347,50005479980755089887121
2026-07-22 13:44:00,-137500000000,137407909602140301969114,276317,276317,276317,276317,0,137407909602140301969114,50005479980755089887121
2026-07-22 13:45:00,101096211904,-101029441288487642925143,276317,276317,276317,276317,101259816368,163494439259379883736,50005479980755089887121
2026-07-22 13:46:00,19408789338,-19396794365873780142676,276317,276317,276317,276317,97206394886,77745481889375936515641,50005479980755089887121
2026-07-22 13:48:00,45968349,-45938116995252207052,276317,276317,276317,276317,45968349,0,50005479980755089887121
2026-07-22 13:50:00,14799705582,-14789976411000000000000,276317,276317,276317,276317,14799705582,0,50005479980755089887121
2026-07-22 13:51:00,102004665268,-101937846506000000000000,276317,276317,276317,276317,102004865403,200000000000000000,50005479980755089887121
2026-07-22 13:52:00,120250744,-120172219070556623077,276317,276317,276317,276317,120250744,0,50005479980755089887121
2026-07-22 13:53:00,337500000,-337279610280440289311,276317,276317,276317,276317,337500000,0,50005479980755089887121
2026-07-22 13:54:00,150902715711,-150804631200000000000000,276317,276317,276317,276317,150902715711,0,50005479980755089887121
2026-07-22 13:56:00,-650444249,650016921000000000000,276317,276317,276317,276317,0,650016921000000000000,50005479980755089887121
2026-07-22 13:57:00,1104540123,-1103825514850962309417,276317,276317,276317,276317,1104540123,0,50005479980755089887121
2026-07-22 13:59:00,-571029192,570654049490519682429,276317,276317,276317,276317,0,570654049490519682429,50005479980755089887121
2026-07-22 14:00:00,120206455,-120128685271006443988,276317,276317,276317,276317,120206455,0,50005479980755089887121
2026-07-22 14:01:00,99380902398,-99316809521961093452113,276317,276317,276317,276317,100009503341,628190478038906547887,50005479980755089887121
2026-07-22 14:02:00,175830354,-175717340597603982098,276317,276317,276317,276317,180178466,4345272484722736907,50005479980755089887121
2026-07-22 14:03:00,-1509758208,1508772311691111982003,276317,276317,276317,276317,0,1508772311691111982003,50005479980755089887121
2026-07-22 14:05:00,-166152676,166044169862855722456,276317,276317,276317,276317,0,166044169862855722456,50005479980755089887121
2026-07-22 14:06:00,-525192582,524849598023344785765,276317,276317,276317,276317,0,524849598023344785765,50005479980755089887121
2026-07-22 14:07:00,216747139,-216607755945436134311,276317,276317,276317,276317,216747139,0,50005479980755089887121
2026-07-22 14:10:00,1087222938,-1086523800000000000000,276317,276317,276317,276317,1087222938,0,50005479980755089887121
2026-07-22 14:14:00,5721177031,-5717498809058297025505,276317,276317,276317,276317,5721177031,0,50005479980755089887121
2026-07-22 14:15:00,107311750713,-107243002980207656601855,276317,276317,276317,276317,107524856574,212967660976849296120,50005479980755089887121
2026-07-22 14:16:00,286931348144,-286749784003708997108659,276317,276317,276317,276317,286931348144,0,50005479980755089887121
2026-07-22 14:17:00,15202450902,-15193566526314452098072,276317,276317,276317,276317,79607627165,64364064705203675568459,50005479980755089887121
2026-07-22 14:18:00,100884526,-100821328989738885414,276317,276317,276317,276317,100884526,0,50005479980755089887121
2026-07-22 14:19:00,6103822903,-6100000000000000000000,276317,276317,276317,276317,6103822903,0,50005479980755089887121
2026-07-22 14:20:00,6042806928,-6039023706927998375531,276317,276317,276317,276317,6042806928,0,50005479980755089887121
2026-07-22 14:21:00,-74999520000,74951712175456652068368,276317,276317,276317,276317,0,74951712175456652068368,50005479980755089887121
2026-07-22 14:22:00,261463220,-261298776000000000000,276317,276317,276317,276317,261463220,0,50005479980755089887121
2026-07-22 14:23:00,85755044128,-85701256620000000000000,276317,276317,276317,276317,85755044128,0,50005479980755089887121
2026-07-22 14:24:00,43593152216,-43565922258261176523795,276317,276317,276317,276317,43593152216,0,50005479980755089887121
2026-07-22 14:26:00,353733649832,-353515502223826549819229,276317,276317,276317,276317,353733649832,0,50005479980755089887121
2026-07-22 14:27:00,-72886097885,72840829574941243757293,276317,276317,276317,276317,0,72840829574941243757293,50005479980755089887121
2026-07-22 14:28:00,457973581,-457693056604708393976,276317,276317,276317,276317,457973581,0,50005479980755089887121
2026-07-22 14:29:00,153503998719,-153410444168000000000000,276317,276317,276317,276317,153503998719,0,50005479980755089887121
2026-07-22 14:30:00,-2721861830,2720183961022189759368,276317,276317,276317,276317,0,2720183961022189759368,50005479980755089887121
2026-07-22 14:32:00,90260968,-90206225248915731149,276317,276317,276317,276317,90260968,0,50005479980755089887121
2026-07-22 14:33:00,58528272,-58492775478235296068,276317,276317,276317,276317,58528272,0,50005479980755089887121
2026-07-22 14:36:00,58213393,-58178087495117928436,276317,276317,276317,276317,58213393,0,50005479980755089887121
2026-07-22 14:37:00,-108935486,108868328075290750048,276317,276317,276317,276317,0,108868328075290750048,50005479980755089887121
2026-07-22 14:38:00,86939597107,-86887019437000000000000,276317,276317,276317,276317,86939597107,0,50005479980755089887121
2026-07-22 14:39:00,119721932,-119649737914985400544,276317,276317,276317,276317,119721932,0,50005479980755089887121
2026-07-22 14:41:00,-24096341665,24081557126703714510780,276317,276317,276317,276317,156488113,24237950723854665885628,50005479980755089887121
2026-07-22 14:42:00,-145163227,145074099669299266557,276317,276317,276317,276317,0,145074099669299266557,50005479980755089887121
2026-07-22 14:43:00,348537124,-348326616385287893023,276317,276317,276317,276317,348537124,0,50005479980755089887121
2026-07-22 14:44:00,37341218,-37318665253370739068,276317,276317,276317,276317,37341218,0,50005479980755089887121
2026-07-22 14:45:00,369390566698,-369170191234335749577501,276318,276318,276318,276318,369390566698,0,50005479980755090886820
2026-07-22 14:46:00,99776932577,-99718639823920505564401,276318,276318,276318,276318,129600753929,29805932976079494435599,50005479980755090886820
2026-07-22 14:47:00,52885538062,-52854644031962233723982,276318,276318,276318,276318,52885538062,0,50005479980755090886820
2026-07-22 14:48:00,248108180746,-247964737757139758339871,276318,276318,276318,276318,248279704262,171423479472034441236,50005479980755090886820
2026-07-22 14:49:00,671563472034,-671191287544897302047037,276318,276318,276318,276318,1045974584887,374205607006801129047213,50005479980755090886820
2026-07-22 14:50:00,-89737404777,89687318107284450664520,276318,276318,276318,276318,0,89687318107284450664520,50005479980755090886820
2026-07-22 14:51:00,588553733307,-588236982257703859171655,276318,276318,276318,276318,588553733307,0,50005479980755090886820
2026-07-22 14:52:00,-19494473015,19484008198761058720704,276318,276318,276318,276318,0,19484008198761058720704,50005479980755090886820
2026-07-22 14:54:00,364689608301,-364500000000000000000000,276318,276318,276318,276318,364689608301,0,50005479980755090886820
2026-07-22 14:55:00,777038624347,-776652430360379818665350,276319,276318,276318,276319,784411218915,7368971508713195298877,50005479980735095412515
2026-07-22 14:56:00,154138127639,-154064373390000000000000,276319,276319,276319,276319,154138127639,0,50005479980735095412515
2026-07-22 14:57:00,-10882728022,10876851410737166473269,276319,276319,276319,276319,59194680304,70043293948737166473269,50005479980735095412515
2026-07-22 14:58:00,-262959776192,262830133074998115301281,276319,276319,276319,276319,50402064423,313208209367331313393100,50005479980735095412515
2026-07-22 14:59:00,-280000000,279861019335621092858,276319,276319,276319,276319,0,279861019335621092858,50005479980735095412515
2026-07-22 15:01:00,-39454627325,39435005223129381531908,276319,276319,276319,276319,709711617,40144370529319773585125,50005479980735095412515
2026-07-22 15:02:00,-139471907680,139402070053882421503532,276319,276319,276319,276319,0,139402070053882421503532,50005479980735095412515
2026-07-22 15:03:00,-608629960227,608314239782303757715872,276318,276319,276318,276319,186437001717,794658786491303757715872,50005479980755090886820
2026-07-22 15:04:00,-487904155844,487641864043089049336792,276318,276318,276318,276318,0,487641864043089049336792,50005479980755090886820
2026-07-22 15:05:00,-238497179600,238365504513891775295667,276318,276318,276318,276318,0,238365504513891775295667,50005479980755090886820
2026-07-22 15:06:00,500259380,-499985806350000000000,276318,276318,276318,276318,500259380,0,50005479980755090886820
2026-07-22 15:07:00,211281842006,-211167193600000000000000,276318,276318,276318,276318,211281842006,0,50005479980755090886820
2026-07-22 15:11:00,290561,-290405000000000000,276318,276318,276318,276318,290561,0,50005479980755090886820
2026-07-22 15:13:00,688504436542,-688143210489000000000000,276318,276318,276318,276318,688504436542,0,50005479980755090886820
2026-07-22 15:14:00,33067784,-33050890503116069470,276318,276318,276318,276318,33067784,0,50005479980755090886820
2026-07-22 15:15:00,171941867982,-171854616938409515506041,276318,276318,276318,276318,172169367982,227383061590484493959,50005479980755090886820
2026-07-22 15:17:00,187038326222,-186944753780000000000000,276318,276319,276318,276319,187038326222,0,50005479980755090886820
2026-07-22 15:18:00,-323249850,323086107429615115546,276319,276319,276319,276319,0,323086107429615115546,50005479980735095412515
2026-07-22 15:19:00,119399445411,-119341279218942763361141,276319,276319,276319,276319,203235288687,83793611585057236638859,50005479980735095412515
2026-07-22 15:20:00,-1052810797,1052282490949302044541,276319,276319,276319,276319,0,1052282490949302044541,50005479980735095412515
2026-07-22 15:23:00,46601627099,-46578750400000000000000,276319,276319,276319,276319,46601627099,0,50005479980735095412515
2026-07-22 15:24:00,96045875104,-95999000048000000000000,276319,276319,276319,276319,96045875104,0,50005479980735095412515
2026-07-22 15:25:00,221018795810,-220912328264000000000000,276319,276319,276319,276319,221018795810,0,50005479980735095412515
2026-07-22 15:27:00,-1000000000,999512688870130247346,276319,276319,276319,276319,0,999512688870130247346,50005479980735095412515
2026-07-22 15:28:00,547598591824,-547343195737000000000000,276319,276319,276319,276319,547598591824,0,50005479980735095412515
2026-07-22 15:30:00,17525956152,-17517980099000000000000,276319,276319,276319,276319,17525956152,0,50005479980735095412515
2026-07-22 15:33:00,128770262093,-128712035286099134986107,276319,276319,276319,276319,128770262093,0,50005479980735095412515
2026-07-22 15:37:00,95886825,-95843756272572553185,276319,276319,276319,276319,100044980,4156243727427446815,50005479980735095412515
2026-07-22 15:38:00,165177228862,-165103510640000000000000,276319,276319,276319,276319,165177228862,0,50005479980735095412515
2026-07-22 15:39:00,10737723520,-10732969048343513277227,276319,276319,276319,276319,10737723520,0,50005479980735095412515
2026-07-22 15:44:00,3441234771,-3439712029264856525673,276319,276319,276319,276319,3441234771,0,50005479980735095412515
2026-07-22 15:46:00,41200505642,-41182311224000000000000,276319,276319,276319,276319,41200505642,0,50005479980735095412515
2026-07-22 15:47:00,305132636680,-305000000000000000000000,276319,276319,276319,276319,305132636680,0,50005479980735095412515
2026-07-22 15:48:00,221433179905,-221339660682145495921167,276319,276319,276319,276319,261881413120,40430883994750447236530,50005479980735095412515
2026-07-22 15:55:00,250103727575,-250000000000000000000000,276319,276319,276319,276319,250103727575,0,50005479980735095412515
2026-07-22 15:56:00,27755280609,-27746146115927904662003,276319,276319,276319,276319,250101655223,222253853884072095337997,50005479980735095412515
2026-07-22 15:57:00,87370195712,-87335324224644692602647,276319,276319,276319,276319,155204275839,67806011856355307397353,50005479980735095412515
2026-07-22 15:58:00,19500308604,-19494720955503814411134,276319,276320,276319,276320,250100074951,230505279044496185588866,50005479980735095412515
2026-07-22 16:00:00,-7924627505,7921342644057504860766,276319,276319,276319,276319,0,7921342644057504860766,50005479980735095412515
2026-07-22 16:01:00,-519631416,519415933554872815514,276319,276319,276319,276319,0,519415933554872815514,50005479980735095412515
2026-07-22 16:02:00,-7653174882,7650000000000000000000,276319,276319,276319,276319,0,7650000000000000000000,50005479980735095412515
2026-07-22 16:03:00,-4625905636,4623985465059269975837,276319,276319,276319,276319,0,4623985465059269975837,50005479980735095412515
2026-07-22 16:05:00,-95310894733,95271141737163957740741,276319,276319,276319,276319,0,95271141737163957740741,50005479980735095412515
2026-07-22 16:07:00,-21443973321,21434979268068291552170,276319,276319,276319,276319,0,21434979268068291552170,50005479980735095412515
2026-07-22 16:08:00,-88557719995,88519581733928701250993,276319,276319,276319,276319,80094009311,168580617820928701250993,50005479980735095412515
2026-07-22 16:09:00,-42889981343,42871785423644228969058,276319,276319,276319,276319,0,42871785423644228969058,50005479980735095412515
2026-07-22 16:14:00,-32167343396,32153648265064152234110,276319,276319,276319,276319,0,32153648265064152234110,50005479980735095412515
2026-07-22 16:16:00,250102891092,-250000000000000000000000,276319,276319,276319,276319,250102891092,0,50005479980735095412515
2026-07-22 16:17:00,-3190000000,3188671504419813855469,276319,276319,276319,276319,0,3188671504419813855469,50005479980735095412515
2026-07-22 16:18:00,435077182661,-434904096420000000000000,276319,276320,276319,276320,435077182661,0,50005479980735095412515
2026-07-22 16:19:00,85473618200,-85441540348978723292205,276320,276320,276320,276320,189192407140,103677178126652404722599,50006013008487693046441
2026-07-22 16:20:00,331287064595,-331161475069652404722599,276320,276320,276320,276320,331287064595,0,50006013008487693046441
2026-07-22 16:21:00,250091902806,-250000000000000000000000,276320,276320,276320,276320,250091902806,0,50006013008487693046441
2026-07-22 16:22:00,-303757798952,303642812959876772482410,276320,276320,276320,276320,0,303642812959876772482410,50006013008487693046441
2026-07-22 16:23:00,250092439480,-250000000000000000000000,276320,276320,276320,276320,250092439480,0,50006013008487693046441
2026-07-22 16:26:00,250089938419,-250000000000000000000000,276320,276320,276320,276320,250089938419,0,50006013008487693046441
2026-07-22 16:27:00,-80029786599,80000477950220007844989,276320,276320,276320,276320,0,80000477950220007844989,50006013008487693046441
2026-07-22 16:28:00,-50324849781,50303788612054385936798,276320,276320,276320,276320,250091242029,300303788612054385936798,50006013008487693046441
2026-07-22 16:29:00,-92535008733,92500615107334511602786,276320,276320,276320,276320,0,92500615107334511602786,50006013008487693046441
2026-07-22 16:31:00,-6646906454,6644422738989587783488,276320,276320,276320,276320,0,6644422738989587783488,50006013008487693046441
2026-07-22 16:32:00,105319621834,-105282975316369838088236,276320,276320,276320,276320,250089732851,144717024683630161911764,50006013008487693046441
2026-07-22 16:33:00,130039278237,-129994055321528110307208,276320,276320,276320,276320,250088679594,120005944678471889692792,50006013008487693046441
2026-07-22 16:34:00,190087979158,-190021935312321375408657,276320,276320,276320,276320,250087979158,59978064687678624591343,50006013008487693046441
2026-07-22 16:35:00,-185027491990,184958291626174823387806,276320,276320,276320,276320,250089829522,434958291626174823387806,50006013008487693046441
2026-07-22 16:36:00,-100009930000,99973307781843941570019,276320,276320,276320,276320,0,99973307781843941570019,50006013008487693046441
2026-07-22 16:38:00,-51983580025,51961886462676044961374,276320,276320,276320,276320,250090341474,301961886462676044961374,50006013008487693046441
2026-07-22 16:39:00,-120048842713,120004105082064650027675,276320,276320,276320,276320,0,120004105082064650027675,50006013008487693046441
2026-07-22 16:40:00,250090049033,-250000000000000000000000,276320,276320,276320,276320,250090049033,0,50006013008487693046441
2026-07-22 16:43:00,-39472499303,39458019428616037204688,276320,276320,276320,276320,3874375978,43331020040340964985324,50006013008487693046441
2026-07-22 16:44:00,-406506959492,406354614176400284204505,276320,276320,276320,276320,0,406354614176400284204505,50006013008487693046441
2026-07-22 16:46:00,-2326917613,2323526560167829795356,276320,276320,276320,276320,250092008200,252323526560167829795356,50006013008487693046441
2026-07-22 16:47:00,74786159,-74758265435247074268,276320,276320,276320,276320,74786159,0,50006013008487693046441
2026-07-22 16:48:00,-4125495,4123914639760097521,276320,276320,276320,276320,0,4123914639760097521,50006013008487693046441
2026-07-22 16:49:00,-994530000,994149033329725398184,276320,276320,276320,276320,6000000,1000146795419013982291,50006013008487693046441
2026-07-22 16:50:00,-38105578478,38088454216595570155915,276320,276320,276320,276320,250093622583,288088454216595570155915,50006013008487693046441
2026-07-22 16:51:00,-205283000000,205203217353793427349612,276320,276320,276320,276320,0,205203217353793427349612,50006013008487693046441
2026-07-22 16:52:00,145203396696,-145150939459954560207684,276320,276320,276320,276320,415157954723,269849060540045439792316,50006013008487693046441
2026-07-22 16:53:00,104639224871,-104600000000000000000000,276320,276320,276320,276320,104639224871,0,50006013008487693046441
2026-07-22 16:54:00,130529316475,-130481000000000000000000,276320,276320,276320,276320,130529316475,0,50006013008487693046441
2026-07-22 16:55:00,98778115265,-98742006276657162774425,276320,276320,276320,276320,98960115265,181931286053300000760,50006013008487693046441
2026-07-22 17:00:00,79770381198,-79741843305836849058066,276320,276320,276320,276320,113732199345,33949261455163150941934,50006013008487693046441
2026-07-22 17:02:00,-150362030000,150305882770431353709202,276320,276320,276320,276320,0,150305882770431353709202,50006013008487693046441
2026-07-22 17:03:00,-13565070,13559963674435967022,276320,276320,276320,276320,0,13559963674435967022,50006013008487693046441
2026-07-22 17:04:00,250090388807,-250000000000000000000000,276320,276320,276320,276320,250090388807,0,50006013008487693046441
2026-07-22 17:05:00,-150099967677,150044517379969144176101,276320,276320,276320,276320,0,150044517379969144176101,50006013008487693046441
2026-07-22 17:07:00,155914241192,-155859161086913654986980,276320,276320,276320,276320,250089388844,94140838913086345013020,50006013008487693046441
2026-07-22 17:08:00,23392332758,-23386277649206631689396,276320,276320,276320,276320,250087829619,226613722350793368310604,50006013008487693046441
2026-07-22 17:09:00,179327425388,-179265067903874077062292,276320,276320,276320,276320,250087595674,70734932096125922937708,50006013008487693046441
2026-07-22 17:11:00,-7638857718,7636121178071700975726,276320,276320,276320,276320,0,7636121178071700975726,50006013008487693046441
2026-07-22 17:12:00,-116634515915,116592443158468872186141,276320,276320,276320,276320,0,116592443158468872186141,50006013008487693046441
2026-07-22 17:14:00,-76241373542,76213577617408507378290,276320,276320,276320,276320,0,76213577617408507378290,50006013008487693046441
2026-07-22 17:15:00,-18103672754,18097038415283423246653,276320,276320,276320,276320,0,18097038415283423246653,50006013008487693046441
2026-07-22 17:16:00,-289800000000,289692013665812287459640,276320,276320,276320,276320,200000000,289891941037812995289087,50012399829900041029969
2026-07-22 17:17:00,250090886511,-250000000000000000000000,276320,276320,276320,276320,250090886511,0,50012399829900041029969
2026-07-22 17:18:00,250149259650,-250060852648404842525250,276320,276320,276320,276320,250149259650,0,50012399829900041029969
2026-07-22 17:19:00,85357684646,-85329736819920027049583,276320,276320,276320,276320,250085884503,164670263180079972950417,50012399829900041029969
2026-07-22 17:21:00,101244434,-101209694056785768806,276320,276320,276320,276320,120185124,18933965699745174729,50012399829900041029969
2026-07-22 17:25:00,120159513,-120118058753029099427,276320,276320,276320,276320,120159513,0,50012399829900041029969
2026-07-22 17:27:00,-364901509723,364769310961565738101927,276320,276320,276320,276320,0,364769310961565738101927,50012399829900041029969
2026-07-22 17:29:00,250088677475,-250000000000000000000000,276320,276320,276320,276320,250088677475,0,50012399829900041029969
2026-07-22 17:32:00,80318172848,-80291920733829209345017,276320,276320,276320,276320,250086426768,169708079266170790654983,50012399829900041029969
2026-07-22 17:33:00,-10686672547,10682861827008195865919,276320,276320,276320,276320,0,10682861827008195865919,50012399829900041029969
2026-07-22 17:34:00,1100475426,-1100093802679529023438,276320,276320,276320,276320,1100475426,0,50012399829900041029969
2026-07-22 17:35:00,-117120050,117078266088885524699,276320,276320,276320,276320,0,117078266088885524699,50012399829900041029969
2026-07-22 17:36:00,-150369910000,150315812117809951359580,276320,276320,276320,276320,0,150315812117809951359580,50012399829900041029969
2026-07-22 17:37:00,250953675329,-250866404000000000000000,276320,276320,276320,276320,250953675329,0,50012399829900041029969
2026-07-22 17:38:00,134288592417,-134244083835027301603391,276320,276320,276320,276320,250084464932,115755916164972698396609,50012399829900041029969
2026-07-22 17:39:00,64672385923,-64652504088270001847058,276320,276320,276320,276320,250083910334,185347495911729998152942,50012399829900041029969
2026-07-22 17:40:00,-136861911056,136814348418255776448391,276320,276320,276320,276320,0,136814348418255776448391,50012399829900041029969
2026-07-22 17:43:00,-25949503675,25940401196114930436931,276320,276320,276320,276320,0,25940401196114930436931,50012399829900041029969
2026-07-22 17:44:00,-4595034919,4593420281954380138601,276320,276320,276320,276320,0,4593420281954380138601,50012399829900041029969
2026-07-22 17:45:00,-33010823065,32999198683599514202650,276320,276320,276320,276320,0,32999198683599514202650,50012399829900041029969
2026-07-22 17:48:00,-125033686016,124989261936368465304797,276320,276320,276320,276320,0,124989261936368465304797,50012399829900041029969
2026-07-22 17:49:00,50746663109,-50731057639749420918066,276320,276320,276320,276320,250087222791,199268942360250579081934,50012399829900041029969
2026-07-22 17:50:00,175031179833,-174972021705158976351425,276320,276320,276320,276320,250085222259,75027978294841023648575,50012399829900041029969
2026-07-22 17:51:00,-16968786341,16962862357741763080148,276320,276320,276320,276320,0,16962862357741763080148,50012399829900041029969
2026-07-22 17:54:00,-19245213110,19238480474165897509452,276320,276320,276320,276320,0,19238480474165897509452,50012399829900041029969
2026-07-22 17:56:00,-91581071722,91548830690772610950902,276320,276320,276320,276320,0,91548830690772610950902,50012399829900041029969
2026-07-22 17:57:00,-70000554832,69975685162484949201396,276320,276320,276320,276320,0,69975685162484949201396,50012399829900041029969
2026-07-22 18:00:00,209049794188,-208978194051753135734464,276320,276320,276320,276320,209049794188,0,50012399829900041029969
2026-07-22 18:03:00,-150381010000,150328177111746260860533,276320,276320,276320,276320,0,150328177111746260860533,50012399829900041029969
2026-07-22 18:04:00,1208866037,-1208449810821777827691,276320,276320,276320,276320,1208866037,0,50012399829900041029969
2026-07-22 18:08:00,-24418109820,24409446962868312967613,276320,276320,276320,276320,0,24409446962868312967613,50012399829900041029969
2026-07-22 18:09:00,120207485,-120165982421077340525,276320,276320,276320,276320,120207485,0,50012399829900041029969
2026-07-22 18:10:00,120168561,-120127072898489947822,276320,276320,276320,276320,120168561,0,50012399829900041029969
2026-07-22 18:13:00,-3195852705,3194717172941910511198,276320,276320,276320,276320,0,3194717172941910511198,50012399829900041029969
2026-07-22 18:14:00,-110990497304,110950807549073886334324,276320,276320,276320,276320,0,110950807549073886334324,50012399829900041029969
2026-07-22 18:16:00,1851331424,-1850683864652056357424,276320,276320,276320,276320,1851331424,0,50012399829900041029969
2026-07-22 18:19:00,-89401612603,89369291536399942626967,276320,276320,276320,276320,0,89369291536399942626967,50012399829900041029969
2026-07-22 18:20:00,-1192169399,1191736238487518407082,276320,276320,276320,276320,0,1191736238487518407082,50012399829900041029969
2026-07-22 18:25:00,-232941918,232857274637050231681,276320,276320,276320,276320,0,232857274637050231681,50012399829900041029969
2026-07-22 18:28:00,-19155188505,19148220747210909990130,276320,276320,276320,276320,0,19148220747210909990130,50012399829900041029969
2026-07-22 18:29:00,120134026,-120091482685616489396,276320,276320,276320,276320,120134026,0,50012399829900041029969
2026-07-22 18:30:00,-131138301120,131090205925834185677476,276320,276320,276320,276320,0,131090205925834185677476,50012399829900041029969
2026-07-22 18:31:00,124848951210,-124804394997000000000000,276320,276320,276320,276320,124848951210,0,50012399829900041029969
2026-07-22 18:33:00,1069032584,-1068653757183179892761,276320,276320,276320,276320,1069032584,0,50012399829900041029969
2026-07-22 18:36:00,-42903395748,42887727555476859826377,276320,276320,276320,276320,0,42887727555476859826377,50012399829900041029969
2026-07-22 18:38:00,-58755241959,58733659423744370742836,276320,276320,276320,276320,593246564,59326693748061477349794,50012399829900041029969
2026-07-22 18:39:00,-431764945421,431602153838836421394195,276320,276320,276320,276320,280208450,431882261381727828031369,50012399829900041029969
2026-07-22 18:40:00,-51000835021,50981114098182432018235,276320,276320,276320,276320,0,50981114098182432018235,50012399829900041029969
2026-07-22 18:42:00,-200837621974,200758951671691745847932,276320,276320,276320,276320,0,200758951671691745847932,50012399829900041029969
2026-07-22 18:45:00,-130500000000,130448017654623014304329,276320,276320,276320,276320,0,130448017654623014304329,50012399829900041029969
2026-07-22 18:46:00,-69379224190,69351311100240888254742,276320,276320,276320,276320,0,69351311100240888254742,50012399829900041029969
2026-07-22 18:47:00,36570074,-36555676108931205487,276320,276320,276320,276320,36570074,0,50012399829900041029969
2026-07-22 18:48:00,-85000000000,84965540165894222054897,276320,276320,276320,276320,0,84965540165894222054897,50012399829900041029969
2026-07-22 18:50:00,84917967295,-84884389422000000000000,276320,276320,276320,276320,84917967295,0,50012399829900041029969
2026-07-22 18:52:00,28150000,-28138916840216580593,276320,276320,276320,276320,28150000,0,50012399829900041029969
2026-07-22 18:53:00,1047341220,-1046928887257297192238,276320,276320,276320,276320,1047341220,0,50012399829900041029969
2026-07-22 18:55:00,-197287418210,197207001110949706325031,276319,276319,276319,276319,0,197207001110949706325031,50011866802147443396043
2026-07-22 18:56:00,-885999504740,885618977112286203413994,276319,276319,276319,276319,20287401393,905897757648387378447850,50011866802147443396043
2026-07-22 18:57:00,1104330316,-1103847782843636383548,276319,276319,276319,276319,1104330316,0,50011866802147443396043
2026-07-22 19:00:00,-52809842528,52786183781416978988711,276319,276319,276319,276319,120157151,52906288433510287803723,50011866802147443396043
2026-07-22 19:01:00,-166507342590,166431940708244733981823,276319,276319,276319,276319,8092424610,174520757298244733981823,50011866802147443396043
2026-07-22 19:04:00,-40766358457,40747748612435672728360,276319,276319,276319,276319,0,40747748612435672728360,50011866802147443396043
2026-07-22 19:07:00,128935096,-128877571975629835633,276319,276319,276319,276319,143854977,14913057524443736561,50011866802147443396043
2026-07-22 19:08:00,30013407416,-30000000000000000000000,276319,276319,276319,276319,30013407416,0,50011866802147443396043
2026-07-22 19:09:00,149957515999,-149891067112094064248139,276319,276319,276319,276319,149957515999,0,50011866802147443396043
2026-07-22 19:13:00,49906865481,-49884950159628356907624,276319,276319,276319,276319,49906865481,0,50011866802147443396043
2026-07-22 19:15:00,221402592181,-221306569200000000000000,276319,276319,276319,276319,221402592181,0,50011866802147443396043
2026-07-22 19:16:00,2180932131,-2179995998211386492399,276319,276319,276319,276319,2180932131,0,50011866802147443396043
2026-07-22 19:21:00,185229437,-185149939170637312233,276319,276319,276319,276319,185229437,0,50011866802147443396043
2026-07-22 19:22:00,6587129031,-6584302806000000000000,276319,276319,276319,276319,6587129031,0,50011866802147443396043
2026-07-22 19:31:00,-171899770800,171823730643228484141409,276319,276319,276319,276319,0,171823730643228484141409,50011866802147443396043
2026-07-22 19:33:00,-140834178699,140771000384792306125118,276319,276319,276319,276319,0,140771000384792306125118,50011866802147443396043
2026-07-22 19:35:00,-113556348800,113504830117514446785716,276319,276319,276319,276319,0,113504830117514446785716,50011866802147443396043
2026-07-22 19:36:00,-76488000000,76453008175214186198550,276319,276319,276319,276319,0,76453008175214186198550,50011866802147443396043
2026-07-22 19:37:00,-119246846641,119191827063794259831350,276319,276319,276319,276319,0,119191827063794259831350,50011866802147443396043
2026-07-22 19:38:00,82037092278,-82000000000000000000000,276319,276319,276319,276319,82037092278,0,50011866802147443396043
2026-07-22 19:39:00,-75977617871,75942515093306633727285,276319,276319,276319,276319,0,75942515093306633727285,50011866802147443396043
2026-07-22 19:42:00,149955676975,-149888115789414697431883,276319,276319,276319,276319,149955676975,0,50011866802147443396043
2026-07-22 19:43:00,-144444068213,144377562355523598702781,276319,276319,276319,276319,0,144377562355523598702781,50011866802147443396043
2026-07-22 19:44:00,-85839778671,85799860791602064328082,276319,276319,276319,276319,0,85799860791602064328082,50011866802147443396043
2026-07-22 19:46:00,-158100000000,158025708502595331799907,276319,276319,276319,276319,0,158025708502595331799907,50011866802147443396043
2026-07-22 19:48:00,19869677,-19860476443375713359,276319,276319,276319,276319,19869677,0,50011866802147443396043
2026-07-22 19:53:00,-42921089521,42900748453608270589102,276319,276319,276319,276319,0,42900748453608270589102,50011866802147443396043
2026-07-22 19:54:00,-42921595567,42901180640343733248973,276319,276319,276319,276319,0,42901180640343733248973,50011866802147443396043
2026-07-22 19:56:00,39880921839,-39862349357000000000000,276319,276319,276319,276319,39880921839,0,50011866802147443396043
2026-07-22 19:57:00,-84739980852,84699583579326707412790,276319,276319,276319,276319,1104367531,85803435818793873394017,50011866802147443396043
2026-07-22 19:58:00,-33833226240,33817021502303925667461,276319,276319,276319,276319,0,33817021502303925667461,50011866802147443396043
2026-07-22 19:59:00,9398322132,-9393910069000000000000,276319,276319,276319,276319,9398322132,0,50011866802147443396043
2026-07-22 20:00:00,38699868694,-38681738149000000000000,276319,276319,276319,276319,38699868694,0,50011866802147443396043
2026-07-22 20:02:00,50343656,-50320109873961964048,276319,276319,276319,276319,50343656,0,50011866802147443396043
2026-07-22 20:03:00,233121221201,-233013272600244015123891,276319,276319,276319,276319,233121221201,0,50011866802147443396043
2026-07-22 20:04:00,204300919645,-204208102167000000000000,276319,276319,276319,276319,204300919645,0,50011866802147443396043
2026-07-22 20:07:00,135012018590,-134951595658677388143040,276319,276319,276319,276319,135012018590,0,50011866802147443396043
2026-07-22 20:08:00,46781584283,-46760817710000000000000,276319,276319,276319,276319,46781584283,0,50011866802147443396043
2026-07-22 20:09:00,140061651130,-140000000000000000000000,276319,276319,276319,276319,140061651130,0,50011866802147443396043
2026-07-22 20:10:00,11462294978,-11457284309099731519638,276319,276319,276319,276319,11462294978,0,50011866802147443396043
2026-07-22 20:11:00,64015570115,-63987682666000000000000,276319,276319,276319,276319,64015570115,0,50011866802147443396043
2026-07-22 20:12:00,175075432623,-175000000000000000000000,276319,276319,276319,276319,175075432623,0,50011866802147443396043
2026-07-22 20:14:00,350147188785,-350000000000951604506067,276319,276319,276319,276319,350147188785,0,50011866802147443396043
2026-07-22 20:18:00,-42924125674,42905916430996425686957,276319,276319,276319,276319,0,42905916430996425686957,50011866802147443396043
2026-07-22 20:19:00,-102256287015,102212611272329936640243,276319,276319,276319,276319,0,102212611272329936640243,50011866802147443396043
2026-07-22 20:21:00,-13227304119,13221623943825386869027,276319,276319,276319,276319,0,13221623943825386869027,50011866802147443396043
2026-07-22 20:22:00,-42924794638,42906313365750346993740,276319,276319,276319,276319,0,42906313365750346993740,50011866802147443396043
2026-07-22 20:23:00,-85850706940,85813523000761656235394,276319,276319,276319,276319,0,85813523000761656235394,50011866802147443396043
2026-07-22 20:26:00,-258961348247,258847401800160963055698,276319,276319,276319,276319,0,258847401800160963055698,50011866802147443396043
2026-07-22 20:27:00,75897549826,-75864634906000000000000,276319,276319,276319,276319,75897549826,0,50011866802147443396043
2026-07-22 20:29:00,-122209314361,122154980503412633847184,276319,276319,276319,276319,0,122154980503412633847184,50011866802147443396043
2026-07-22 20:32:00,31272327229,-31258679417648796397722,276319,276319,276319,276319,31272327229,0,50011866802147443396043
2026-07-22 20:33:00,-48383395062,48361779505027603429845,276319,276319,276319,276319,0,48361779505027603429845,50011866802147443396043
2026-07-22 20:35:00,-100748940000,100703629613310134837250,276319,276319,276319,276319,0,100703629613310134837250,50011866802147443396043
2026-07-22 20:37:00,-42928797420,42909367565668991203915,276319,276319,276319,276319,0,42909367565668991203915,50011866802147443396043
2026-07-22 20:43:00,159075000,-159004455708945471154,276319,276319,276319,276319,159075000,0,50011866802147443396043
2026-07-22 20:44:00,88917263582,-88877990100000000000000,276319,276319,276319,276319,88917263582,0,50011866802147443396043
2026-07-22 20:46:00,2760854032,-2759639660662770648024,276319,276319,276319,276319,2760854032,0,50011866802147443396043
2026-07-22 20:47:00,99672337,-99628502000000000000,276319,276319,276319,276319,99672337,0,50011866802147443396043
2026-07-22 20:48:00,207973520965,-207882919614000000000000,276319,276319,276319,276319,207973520965,0,50011866802147443396043
2026-07-22 20:50:00,-2900000000,2898719543507264181273,276319,276319,276319,276319,0,2898719543507264181273,50011866802147443396043
2026-07-22 20:55:00,99996958777,-99954000000000000000000,276319,276319,276319,276319,99996958777,0,50011866802147443396043
2026-07-22 20:58:00,112198058,-112150082080308232546,276319,276319,276319,276319,112198058,0,50011866802147443396043
2026-07-22 20:59:00,112168623,-112120661124389130349,276319,276319,276319,276319,112168623,0,50011866802147443396043
2026-07-22 21:03:00,-319898956212,319756925948138896304852,276319,276319,276319,276319,101043788,319857925239967426582189,50011866802147443396043
2026-07-22 21:04:00,-358448230756,358284227740926784514876,276319,276319,276319,276319,0,358284227740926784514876,50011866802147443396043
2026-07-22 21:05:00,-40784701496,40765715672271669108542,276319,276319,276319,276319,0,40765715672271669108542,50011866802147443396043
2026-07-22 21:08:00,36217412540,-36200911554000000000000,276319,276319,276319,276319,36217412540,0,50011866802147443396043
2026-07-22 21:11:00,108463009902,-108413906719000000000000,276319,276319,276319,276319,108463009902,0,50011866802147443396043
2026-07-22 21:13:00,6009426,-6006719343699781205,276319,276319,276319,276319,6009426,0,50011866802147443396043
2026-07-22 21:16:00,-2781460622,2780179475576809435684,276319,276319,276319,276319,0,2780179475576809435684,50011866802147443396043
2026-07-22 21:17:00,-83718009219,83679303857321388000423,276319,276319,276319,276319,0,83679303857321388000423,50011866802147443396043
2026-07-22 21:18:00,-42933026792,42913068909327404519690,276319,276319,276319,276319,0,42913068909327404519690,50011866802147443396043
2026-07-22 21:19:00,75061733279,-75027638483238250486076,276319,276319,276319,276319,75061733279,0,50011866802147443396043
2026-07-22 21:21:00,150000000,-149932091917368490289,276319,276319,276319,276319,150000000,0,50011866802147443396043
2026-07-22 21:23:00,-85868285317,85828405614077482077466,276319,276319,276319,276319,0,85828405614077482077466,50011866802147443396043
2026-07-22 21:24:00,54617896,-54592983000000000000,276319,276319,276319,276319,54617896,0,50011866802147443396043
2026-07-22 21:29:00,-895625892805,895192354532665659382218,276319,276319,276319,276319,2156923312,897348216680271149685194,50011866802147443396043
2026-07-22 21:30:00,109654572863,-109600869891617000255596,276319,276319,276319,276319,109654572863,0,50011866802147443396043
2026-07-22 21:36:00,57259610674,-57231765481192687028648,276319,276319,276319,276319,57915125025,655188246889894503512,50011866802147443396043
2026-07-22 21:38:00,24778748756,-24766736699000000000000,276319,276319,276319,276319,24778748756,0,50011866802147443396043
2026-07-22 21:40:00,40140462127,-40121055201492427628544,276319,276319,276319,276319,40140462127,0,50011866802147443396043
2026-07-22 21:41:00,28459791,-28446055000000000000,276319,276319,276319,276319,28459791,0,50011866802147443396043
2026-07-22 21:44:00,6621349808,-6618154743000000000000,276319,276319,276319,276319,6621349808,0,50011866802147443396043
2026-07-22 21:47:00,1993215221,-1992269242901654696216,276319,276319,276319,276319,3542315221,1548337170373888646442,50011866802147443396043
2026-07-22 21:48:00,-77659395208,77621041167758322565588,276319,276319,276319,276319,1986992,77623027195969368565588,50011866802147443396043
2026-07-22 21:49:00,13390837087,-13384340337849714868224,276319,276319,276319,276319,13390837087,0,50011866802147443396043
2026-07-22 21:52:00,-831382298435,830955725268759796184669,276318,276319,276318,276319,131977571496,962869649361759796184669,50011866802167438870348
2026-07-22 21:53:00,14489656778,-14482153617761105635195,276318,276318,276318,276318,14489656778,0,50011866802167438870348
2026-07-22 21:54:00,-60868826433,60836642022826033584404,276318,276318,276318,276318,0,60836642022826033584404,50011866802167438870348
2026-07-22 21:55:00,61239388697,-61207620882000000000000,276318,276318,276318,276318,61239388697,0,50011866802167438870348
2026-07-22 21:56:00,69162448987,-69126751294000000000000,276318,276318,276318,276318,69162448987,0,50011866802167438870348
2026-07-22 21:57:00,1104429645,-1103861152768204140866,276318,276318,276318,276318,1104429645,0,50011866802167438870348
2026-07-22 21:58:00,108308507347,-108252993526000000000000,276318,276318,276318,276318,108308507347,0,50011866802167438870348
2026-07-22 21:59:00,2229459565,-2228321774000000000000,276318,276318,276318,276318,2229459565,0,50011866802167438870348
2026-07-22 22:00:00,71028810557,-70992665381000000000000,276318,276318,276318,276318,71028810557,0,50011866802167438870348
2026-07-22 22:05:00,-4375541658,4373276773756295397586,276318,276318,276318,276318,34910494,4408169546557735874721,50011866802167438870348
2026-07-22 22:06:00,74807802748,-74769939413000000000000,276318,276318,276318,276318,74807802748,0,50011866802167438870348
2026-07-22 22:07:00,-6471060515,6467729399388223136746,276318,276318,276318,276318,0,6467729399388223136746,50011866802167438870348
2026-07-22 22:08:00,39235227176,-39215447853000000000000,276318,276318,276318,276318,39235227176,0,50011866802167438870348
2026-07-22 22:09:00,17732560,-17723635449281335849,276318,276318,276318,276318,17732560,0,50011866802167438870348
2026-07-22 22:12:00,527185258,-526919912000000000000,276318,276318,276318,276318,527185258,0,50011866802167438870348
2026-07-22 22:13:00,-1090775107,1089489376593448352351,276318,276318,276318,276318,72616733616,73669565317593448352351,50011866802167438870348
2026-07-22 22:14:00,-151700720,151621560650165801602,276318,276318,276318,276318,128299280,279856260650165801602,50011866802167438870348
2026-07-22 22:15:00,1680339629022,-1679555251395598942840179,276319,276319,276319,276319,2183634595777,503075452634401057159821,50011866802147443396043
2026-07-22 22:16:00,-109811744701,109762504553475449720844,276319,276319,276319,276319,0,109762504553475449720844,50011866802147443396043
2026-07-22 22:18:00,-429663083,429469472730366194200,276319,276319,276319,276319,0,429469472730366194200,50011866802147443396043
2026-07-22 22:21:00,-373541122,373372794125480030548,276319,276319,276319,276319,0,373372794125480030548,50011866802147443396043
2026-07-22 22:23:00,29863706,-29850547157912001774,276319,276319,276319,276319,29863706,0,50011866802147443396043
2026-07-22 22:29:00,4365032536,-4363109532922324702012,276319,276319,276319,276319,4365032536,0,50011866802147443396043
2026-07-22 22:34:00,38957192940,-38940064173000000000000,276319,276319,276319,276319,38957192940,0,50011866802147443396043
2026-07-22 22:40:00,-9000000000,8995958291199648843099,276319,276319,276319,276319,0,8995958291199648843099,50011866802147443396043
2026-07-22 22:45:00,12461961,-12456487624760446940,276319,276319,276319,276319,12461961,0,50011866802147443396043
2026-07-22 22:49:00,-21472090406,21462434682473168756400,276319,276319,276319,276319,0,21462434682473168756400,50011866802147443396043
2026-07-22 22:53:00,-3000600000,2999249201447847914244,276319,276319,276319,276319,0,2999249201447847914244,50011866802147443396043
2026-07-22 22:54:00,-10000000,9995497636942631516,276319,276319,276319,276319,0,9995497636942631516,50011866802147443396043
2026-07-22 22:56:00,-13285997,13280014585849589451,276319,276319,276319,276319,0,13280014585849589451,50011866802147443396043
2026-07-22 22:57:00,622725112,-622450971000000000000,276319,276319,276319,276319,622725112,0,50011866802147443396043
2026-07-22 23:12:00,120179616,-120126711557634526259,276319,276319,276319,276319,120179616,0,50011866802147443396043
2026-07-22 23:14:00,1169806242,-1169291307867259604649,276319,276319,276319,276319,1169806242,0,50011866802147443396043
2026-07-22 23:15:00,9117253097,-9113241662888320933639,276319,276319,276319,276319,9117253097,0,50011866802147443396043
2026-07-22 23:16:00,55024373048,-55000233791968720569985,276319,276319,276319,276319,55024373048,0,50011866802147443396043
2026-07-22 23:20:00,-212926733,212831426305218770950,276319,276319,276319,276319,0,212831426305218770950,50011866802147443396043
2026-07-22 23:21:00,114517202,-114467088920202628456,276319,276319,276319,276319,114517202,0,50011866802147443396043
2026-07-22 23:25:00,-39364949596,39346892661436150388874,276319,276319,276319,276319,40635050404,79964193935436150388874,50011866802147443396043
2026-07-22 23:26:00,-70000000000,69968459885258415501577,276319,276319,276319,276319,0,69968459885258415501577,50011866802147443396043
2026-07-22 23:28:00,-90051996473,90011112206627134456096,276319,276319,276319,276319,2127585676,92137749793334645062363,50011866802147443396043
2026-07-22 23:29:00,14216093471,-14209763173778923192320,276319,276319,276319,276319,14216093471,0,50011866802147443396043
2026-07-22 23:34:00,-32220000000,32205319078359489064253,276319,276319,276319,276319,0,32205319078359489064253,50011866802147443396043
2026-07-22 23:35:00,120259834,-120206163413299191161,276319,276319,276319,276319,120259834,0,50011866802147443396043
2026-07-22 23:37:00,55024377501,-54999881185919097779436,276319,276319,276319,276319,55024377501,0,50011866802147443396043
2026-07-22 23:43:00,209990922,-209897668482064625961,276319,276319,276319,276319,209990922,0,50011866802147443396043
2026-07-22 23:48:00,61313763204,-61286609964116777857193,276319,276319,276319,276319,61313763204,0,50011866802147443396043
2026-07-22 23:57:00,1104357761,-1103870066141214737174,276319,276319,276319,276319,1104357761,0,50011866802147443396043
2026-07-22 23:58:00,5053713446,-5051482297951068610245,276319,276319,276319,276319,5053713446,0,50011866802147443396043
