timestamp,netAmount0,netAmount1,closeTick,openTick,lowestTick,highestTick,inAmount0,inAmount1,currentLiquidity
2026-08-22 00:00:00,-11153285987,11150613246465364533963,276322,276322,276322,276322,76954318609,88093879568258121902686,50013114401792019380347
2026-08-22 00:01:00,-7924520278,7923274274175003165275,276322,276322,276322,276322,0,7923274274175003165275,50013114401792019380347
2026-08-22 00:02:00,-116104558458,116086015027103711810746,276322,276322,276322,276322,0,116086015027103711810746,50013114401792019380347
2026-08-22 00:04:00,-117293411026,117274126710476800389571,276322,276322,276322,276322,313874843,117587953126042672035038,50013114401792019380347
2026-08-22 00:05:00,54019850,-54011492044522240871,276322,276322,276322,276322,54019850,0,50013114401792019380347
2026-08-22 00:06:00,94276796626,-94262387495000000000000,276322,276322,276322,276322,94276796626,0,50013114401792019380347
2026-08-22 00:07:00,567570621,-567484951043867427025,276322,276322,276322,276322,567570621,0,50013114401792019380347
2026-08-22 00:08:00,-3106212037,3105705750024295534687,276322,276322,276322,276322,0,3105705750024295534687,50013114401792019380347
2026-08-22 00:09:00,-1985509370,1985184651867432142429,276322,276322,276322,276322,74367715,2059541128026295970073,50013114401792019380347
2026-08-22 00:11:00,37394663382,-37389043394720024440123,276322,276322,276322,276322,37702663382,307949753139367079349,50013114401792019380347
2026-08-22 00:12:00,68999804790,-68989731467369315096603,276322,276322,276322,276322,82053386011,13051510681195470069787,50013114401792019380347
2026-08-22 00:13:00,-108769077572,108751427755129758250193,276322,276322,276322,276322,11014921325,119764733623194898573986,50013114401792019380347
2026-08-22 00:14:00,-2000400080,2000073478293937698553,276322,276322,276322,276322,0,2000073478293937698553,50013114401792019380347
2026-08-22 00:15:00,-23500493574,23496560732565240599054,276322,276322,276322,276322,6999761387,30495261006566980191999,50013114401792019380347
2026-08-22 00:16:00,-115649279,115630283532782375216,276322,276322,276322,276322,0,115630283532782375216,50013114401792019380347
2026-08-22 00:18:00,-8955000,8953528851400900374,276322,276322,276322,276322,0,8953528851400900374,50013114401792019380347
2026-08-22 00:19:00,-9394266231,9392721435678210939121,276322,276322,276322,276322,0,9392721435678210939121,50013114401792019380347
2026-08-22 00:21:00,-116887672,116868428071854215339,276322,276322,276322,276322,0,116868428071854215339,50013114401792019380347
2026-08-22 00:22:00,-1889000000,1888688937590955684231,276322,276322,276322,276322,0,1888688937590955684231,50013114401792019380347
2026-08-22 00:23:00,-2436172949,2435771571804186843757,276322,276322,276322,276322,0,2435771571804186843757,50013114401792019380347
2026-08-22 00:24:00,8477092,-8476684675302342440,276322,276322,276322,276322,82390135,73900861087947648345,50013114401792019380347
2026-08-22 00:25:00,-69122913756,69111426427252574117324,276322,276322,276322,276322,0,69111426427252574117324,50013114401792019380347
2026-08-22 00:26:00,-88782598,88767720351291979340,276322,276322,276322,276322,0,88767720351291979340,50013114401792019380347
2026-08-22 00:27:00,-199312863903,199278670493355021597241,276322,276322,276322,276322,0,199278670493355021597241,50013114401792019380347
2026-08-22 00:28:00,-25041678052,25037269684199851730931,276322,276322,276322,276322,0,25037269684199851730931,50013114401792019380347
2026-08-22 00:31:00,1000369026,-1000204441913439635535,276322,276322,276322,276322,1000369026,0,50013114401792019380347
2026-08-22 00:32:00,389633710,-389569617182610224257,276322,276322,276322,276322,389633710,0,50013114401792019380347
2026-08-22 00:34:00,-91827068717,91810529952076347131783,276322,276322,276322,276322,13668875036,105477160355076347131783,50013114401792019380347
2026-08-22 00:35:00,70268265944,-70256548379000000000000,276322,276322,276322,276322,70268265944,0,50013114401792019380347
2026-08-22 00:37:00,7216329485,-7215137305591862525952,276322,276322,276322,276322,7216329485,0,50013114401792019380347
2026-08-22 00:38:00,-1726610968,1726305195090619003659,276322,276322,276322,276322,0,1726305195090619003659,50013114401792019380347
2026-08-22 00:39:00,142977930,-142954320401302912433,276322,276322,276322,276322,142977930,0,50013114401792019380347
2026-08-22 00:41:00,-15551448039,15548688686127456007943,276322,276322,276322,276322,0,15548688686127456007943,50013114401792019380347
2026-08-22 00:42:00,30854829,-30849715806314334617,276322,276322,276322,276322,30854829,0,50013114401792019380347
2026-08-22 00:43:00,-150085127233,150057989360476885397540,276322,276322,276322,276322,913909860,150971747761477647524204,50013114401792019380347
2026-08-22 00:44:00,-14121891803,14119293009364131465897,276322,276322,276322,276322,0,14119293009364131465897,50013114401792019380347
2026-08-22 00:45:00,100726011370,-100709265934523832181354,276322,276322,276322,276322,134721619451,33989319312408627612677,50013114401792019380347
2026-08-22 00:46:00,94563333222,-94547718515399489690935,276322,276322,276322,276322,104562333221,9997237167264579730949,50013114401792019380347
2026-08-22 00:48:00,33098920830,-33093497869027780758100,276322,276322,276322,276322,33098920830,0,50013114401792019380347
2026-08-22 00:49:00,-111669328379,111649517166331943954290,276322,276322,276322,276322,0,111649517166331943954290,50013114401792019380347
2026-08-22 00:50:00,20642473698,-20639114120186246172367,276322,276322,276322,276322,28350927147,7707073391938144066040,50013114401792019380347
2026-08-22 00:51:00,9069247593,-9068862821386898636679,276322,276322,276322,276322,102960439034,93874225924613101363321,50013114401792019380347
2026-08-22 00:52:00,1582859833,-1582596407000000000000,276322,276322,276322,276322,1582859833,0,50013114401792019380347
2026-08-22 00:53:00,162759279038,-162732726623000000000000,276322,276322,276322,276322,162759279038,0,50013114401792019380347
2026-08-22 00:54:00,583545884,-583452591116173120728,276322,276322,276322,276322,583545884,0,50013114401792019380347
2026-08-22 00:55:00,97480721914,-97465337355444940635758,276322,276322,276322,276322,98229159997,748311507954044101010,50013114401792019380347
2026-08-22 00:56:00,92076327719,-92062137652677739886492,276322,276322,276322,276322,92171791924,95448170135660966563,50013114401792019380347
2026-08-22 00:58:00,-141106906,141083723924812275856,276322,276322,276322,276322,0,141083723924812275856,50013114401792019380347
2026-08-22 00:59:00,-30000000000,29995053381268077466973,276322,276322,276322,276322,0,29995053381268077466973,50013114401792019380347
2026-08-22 01:00:00,-4796421287,4795627081361006372750,276322,276322,276322,276322,0,4795627081361006372750,50013114401792019380347
2026-08-22 01:02:00,-87432839384,87418200808994069859888,276322,276322,276322,276322,0,87418200808994069859888,50013114401792019380347
2026-08-22 01:04:00,52897362364,-52889636853438995456099,276322,276322,276322,276322,97300987996,44396074268561004543901,50013114401792019380347
2026-08-22 01:05:00,-134651984,134629488666263334513,276322,276322,276322,276322,0,134629488666263334513,50013114401792019380347
2026-08-22 01:06:00,-549874252,549782380564215395303,276322,276322,276322,276322,0,549782380564215395303,50013114401792019380347
2026-08-22 01:08:00,-16379861109,16376907347055758608642,276322,276322,276322,276322,17631138891,34005294088055758608642,50013114401792019380347
2026-08-22 01:09:00,10075468222,-10073901063000000000000,276322,276322,276322,276322,10075468222,0,50013114401792019380347
2026-08-22 01:10:00,15330854395,-15328477587416077565952,276322,276322,276322,276322,15330854395,0,50013114401792019380347
2026-08-22 01:11:00,13874862262,-13872719284000000000000,276322,276322,276322,276322,13874862262,0,50013114401792019380347
2026-08-22 01:12:00,9461841294,-9460384323000000000000,276322,276322,276322,276322,9461841294,0,50013114401792019380347
2026-08-22 01:14:00,-9998999999,9997340237048038243444,276322,276322,276322,276322,0,9997340237048038243444,50013114401792019380347
2026-08-22 01:15:00,11344113557,-11342366929000000000000,276322,276322,276322,276322,11344113557,0,50013114401792019380347
2026-08-22 01:16:00,15131409646,-15129087905000000000000,276322,276322,276322,276322,15131409646,0,50013114401792019380347
2026-08-22 01:17:00,26160572147,-26156579701913439635535,276322,276322,276322,276322,26160572147,0,50013114401792019380347
2026-08-22 01:19:00,3336824984,-3336317709400000000000,276322,276322,276322,276322,3336824984,0,50013114401792019380347
2026-08-22 01:20:00,-1060645931,1060472010301370495424,276322,276322,276322,276322,0,1060472010301370495424,50013114401792019380347
2026-08-22 01:21:00,-4975163939,4974347530770483201113,276322,276322,276322,276322,0,4974347530770483201113,50013114401792019380347
2026-08-22 01:22:00,-3150000000,3149482583626584039878,276322,276322,276322,276322,0,3149482583626584039878,50013114401792019380347
2026-08-22 01:23:00,-235781827,235742288217271555256,276322,276322,276322,276322,66032946,301765176220192040060,50013114401792019380347
2026-08-22 01:24:00,47038393702,-47031272413000000000000,276322,276322,276322,276322,47038393702,0,50013114401792019380347
2026-08-22 01:27:00,-1993339008,1993015107744558752972,276322,276322,276322,276322,0,1993015107744558752972,50013114401792019380347
2026-08-22 01:30:00,-75100303188,75087984340967501356825,276322,276322,276322,276322,0,75087984340967501356825,50013114401792019380347
2026-08-22 01:31:00,-393425568,393360438488809598538,276322,276322,276322,276322,0,393360438488809598538,50013114401792019380347
2026-08-22 01:33:00,-45184998102,45177476962853936017200,276322,276322,276322,276322,0,45177476962853936017200,50013114401792019380347
2026-08-22 01:34:00,140478401079,-140456971231502574800896,276322,276322,276322,276322,140478401079,0,50013114401792019380347
2026-08-22 01:36:00,128768074895,-128749124705449119355832,276322,276322,276322,276322,128784074895,15997494550880644168,50013114401792019380347
2026-08-22 01:37:00,-110037908831,110020435851193908356685,276322,276322,276322,276322,0,110020435851193908356685,50013114401792019380347
2026-08-22 01:39:00,123610091802,-123591980328123576594099,276322,276322,276322,276322,123610091802,0,50013114401792019380347
2026-08-22 01:40:00,129516691200,-129498369652607771673588,276322,276322,276322,276322,129516691200,0,50013114401792019380347
2026-08-22 01:41:00,62055976752,-62047435909427237354085,276322,276322,276322,276322,62055976752,0,50013114401792019380347
2026-08-22 01:42:00,-81793804216,81781533170003143086233,276322,276322,276322,276322,0,81781533170003143086233,50013114401792019380347
2026-08-22 01:47:00,99996652370,-99982886636653866123264,276322,276322,276322,276322,99996652370,0,50013114401792019380347
2026-08-22 01:48:00,192025313589,-192000000000000000000000,276322,276322,276322,276322,192025313589,0,50013114401792019380347
2026-08-22 01:50:00,-20062322101,20059503178755382883164,276322,276322,276322,276322,206066308,20265542947527861309746,50013114401792019380347
2026-08-22 01:51:00,-1971952,1971674208352003346,276322,276322,276322,276322,0,1971674208352003346,50013114401792019380347
2026-08-22 01:52:00,-3999402287,3998838906352807895693,276322,276322,276322,276322,0,3998838906352807895693,50013114401792019380347
2026-08-22 01:53:00,-4349364,4348750070406182217,276322,276322,276322,276322,0,4348750070406182217,50013114401792019380347
2026-08-22 01:54:00,-108139042948,108123567392247489864696,276322,276322,276322,276322,0,108123567392247489864696,50013114401792019380347
2026-08-22 01:56:00,194542833906,-194519111617434842516435,276322,276322,276322,276322,315233897806,120673239962565157483565,50013114401792019380347
2026-08-22 01:58:00,-495479372,495411241717400298465,276322,276322,276322,276322,0,495411241717400298465,50013114401792019380347
2026-08-22 02:00:00,-2616252663,2615891614411742817906,276322,276322,276322,276322,95547077,2711426689387005088089,50013114401792019380347
2026-08-22 02:02:00,343787452271,-343749087368388915428571,276322,276322,276322,276322,548652476564,204838854371611084571429,50013114401792019380347
2026-08-22 02:03:00,-87318606690,87307626046294087208285,276322,276322,276322,276322,1000319862,88307830488207526843820,50013114401792019380347
2026-08-22 02:05:00,146899070237,-146882554874000000000000,276322,276322,276322,276322,146899070237,0,50013114401792019380347
2026-08-22 02:06:00,-14392857,14391107785892904384,276322,276322,276322,276322,0,14391107785892904384,50013114401792019380347
2026-08-22 02:07:00,-103439525112,103426744436226784230290,276322,276322,276322,276322,0,103426744436226784230290,50013114401792019380347
2026-08-22 02:08:00,66973145237,-66965625000000000000000,276322,276322,276322,276322,66973145237,0,50013114401792019380347
2026-08-22 02:09:00,272694669050,-272671917319041026757272,276322,276323,276322,276323,774138541857,501388151728958973242728,50013114401792019380347
2026-08-22 02:10:00,-71351614452,71341981678180135617376,276322,276322,276322,276322,128053388162,199382374530180135617376,50013114401792019380347
2026-08-22 02:11:00,-165711341652,165691752996250913201659,276322,276322,276322,276322,0,165691752996250913201659,50013114401792019380347
2026-08-22 02:12:00,-111332607744,111318830566624174839782,276322,276322,276322,276322,0,111318830566624174839782,50013114401792019380347
2026-08-22 02:13:00,-175236613376,175213924320791787321344,276322,276322,276322,276322,0,175213924320791787321344,50013114401792019380347
2026-08-22 02:14:00,-2487886498,2487555534946052075933,276322,276322,276322,276322,0,2487555534946052075933,50013114401792019380347
2026-08-22 02:15:00,289816214322,-289784160862302436717583,276322,276322,276322,276322,403043497093,113213782877697563282417,50013114401792019380347
2026-08-22 02:16:00,-99998951680,99986602720419791346882,276322,276322,276322,276322,0,99986602720419791346882,50013114401792019380347
2026-08-22 02:17:00,-44903644705,44897969439697060001525,276322,276322,276322,276322,0,44897969439697060001525,50013114401792019380347
2026-08-22 02:18:00,-3524532,3523945765692852817,276322,276322,276322,276322,11374460,14897094967029830511,50013114401792019380347
2026-08-22 02:20:00,-160199839800,160178935648931802067086,276322,276322,276322,276322,0,160178935648931802067086,50013114401792019380347
2026-08-22 02:21:00,113050767661,-113037265786946052075933,276322,276322,276322,276322,113050767661,0,50013114401792019380347
2026-08-22 02:25:00,10052531622,-10051355768000000000000,276322,276322,276322,276322,10052531622,0,50013114401792019380347
2026-08-22 02:26:00,-24611792119,24608610781802805759016,276322,276322,276322,276322,0,24608610781802805759016,50013114401792019380347
2026-08-22 02:27:00,-6236361273,6235551310547641036893,276322,276322,276322,276322,0,6235551310547641036893,50013114401792019380347
2026-08-22 02:28:00,-29993917253,29990000000000000000000,276322,276322,276322,276322,0,29990000000000000000000,50013114401792019380347
2026-08-22 02:29:00,92218107967,-92207285336000000000000,276322,276322,276322,276322,92218107967,0,50013114401792019380347
2026-08-22 02:30:00,-281246840000,281209395797268167108011,276322,276322,276322,276322,0,281209395797268167108011,50013114401792019380347
2026-08-22 02:32:00,3026,-3025769724195037,276322,276322,276322,276322,3026,0,50013114401792019380347
2026-08-22 02:33:00,-57649665642,57641599807796665576540,276322,276322,276322,276322,0,57641599807796665576540,50013114401792019380347
2026-08-22 02:35:00,15690304009,-15688283859288940346418,276322,276322,276322,276322,15690304009,0,50013114401792019380347
2026-08-22 02:36:00,43885128231,-43879530219067432664879,276322,276322,276322,276322,43885128231,0,50013114401792019380347
2026-08-22 02:37:00,11002817860,-11001607097249653305646,276322,276322,276322,276322,26061986582,15057077405102234142088,50013114401792019380347
2026-08-22 02:39:00,-2107085992,2106794615354730931536,276322,276322,276322,276322,0,2106794615354730931536,50013114401792019380347
2026-08-22 02:43:00,-56613797644,56605902407817136018630,276322,276322,276322,276322,0,56605902407817136018630,50013114401792019380347
2026-08-22 02:44:00,224126226729,-224098412653209596859506,276322,276322,276322,276322,224323692979,197438871588777234617,50013114401792019380347
2026-08-22 02:45:00,-218150927536,218121261270796218088190,276322,276322,276322,276322,0,218121261270796218088190,50013114401792019380347
2026-08-22 02:46:00,10466108,-10464765000000000000,276322,276322,276322,276322,10466108,0,50013114401792019380347
2026-08-22 02:48:00,-513084416691,513007142647963112044233,276322,276322,276322,276322,0,513007142647963112044233,50013114401792019380347
2026-08-22 02:49:00,-426424313786,426352082809323454875854,276322,276322,276322,276322,0,426352082809323454875854,50013114401792019380347
2026-08-22 02:50:00,70050651202,-70039126937000000000000,276322,276322,276322,276322,70050651202,0,50013114401792019380347
2026-08-22 02:51:00,99836361891,-99820276525000000000000,276322,276322,276322,276322,99836361891,0,50013114401792019380347
2026-08-22 02:52:00,-5390337,5389413948985083163,276322,276322,276322,276322,0,5389413948985083163,50013114401792019380347
2026-08-22 02:53:00,-126719524,126697838768742166602,276322,276322,276322,276322,0,126697838768742166602,50013114401792019380347
2026-08-22 02:55:00,-31820201,31814669351894461494,276322,276322,276322,276322,7098853,38912393463787062980,50013114401792019380347
2026-08-22 02:57:00,-388000000,387933600024781729518,276322,276322,276322,276322,0,387933600024781729518,50013114401792019380347
2026-08-22 02:58:00,398952836972,-398892527846824303685869,276322,276322,276322,276322,398952836972,0,50013114401792019380347
2026-08-22 02:59:00,-128196655681,128176432107494260077471,276322,276322,276322,276322,0,128176432107494260077471,50013114401792019380347
2026-08-22 03:00:00,-11204836145,11203037309347443231721,276322,276322,276322,276322,0,11203037309347443231721,50013114401792019380347
2026-08-22 03:02:00,-25128049,25124009047415233238,276322,276322,276322,276322,0,25124009047415233238,50013114401792019380347
2026-08-22 03:03:00,-30004841754,30000000000000000000000,276322,276322,276322,276322,0,30000000000000000000000,50013114401792019380347
2026-08-22 03:04:00,-158005548425,157979457918445892568285,276322,276322,276322,276322,0,157979457918445892568285,50013114401792019380347
2026-08-22 03:05:00,23003584522,-23000000000000000000000,276322,276322,276322,276322,23003584522,0,50013114401792019380347
2026-08-22 03:06:00,-60778855,60768682480148961269,276322,276322,276322,276322,0,60768682480148961269,50013114401792019380347
2026-08-22 03:09:00,718589,-718478000000000000,276322,276322,276322,276322,718589,0,50013114401792019380347
2026-08-22 03:13:00,283161981,-283117988703253619467,276322,276322,276322,276322,283161981,0,50013114401792019380347
2026-08-22 03:15:00,-202528733,202494837383766426180,276322,276322,276322,276322,0,202494837383766426180,50013114401792019380347
2026-08-22 03:17:00,-194069889,194037407746690659149,276322,276322,276322,276322,0,194037407746690659149,50013114401792019380347
2026-08-22 03:20:00,375802821422,-375747750426840826467189,276322,276322,276322,276322,417053123118,41244011914436990341192,50013114401792019380347
2026-08-22 03:22:00,-25832961109,25829006043519705565684,276322,276322,276322,276322,516639488,26345572491095725280089,50013114401792019380347
2026-08-22 03:23:00,-14853349,14851069940064983795,276322,276322,276322,276322,0,14851069940064983795,50013114401792019380347
2026-08-22 03:25:00,11038986067,-11037429746678304106747,276322,276322,276322,276322,11200395542,161384789469662272994,50013114401792019380347
2026-08-22 03:26:00,-684464569,684359879349145627067,276322,276322,276322,276322,0,684359879349145627067,50013114401792019380347
2026-08-22 03:30:00,-53779834880,53771550654914290017739,276322,276322,276322,276322,0,53771550654914290017739,50013114401792019380347
2026-08-22 03:31:00,-29994670599,29990000000000000000000,276322,276322,276322,276322,0,29990000000000000000000,50013114401792019380347
2026-08-22 03:33:00,-1097089633,1096918117175870483474,276322,276322,276322,276322,0,1096918117175870483474,50013114401792019380347
2026-08-22 03:37:00,498090567959,-498025559025447487288231,276322,276322,276322,276322,659412060193,161300001198552512711769,50013114401792019380347
2026-08-22 03:38:00,-292937924318,292896239380293736893122,276322,276322,276322,276322,0,292896239380293736893122,50013114401792019380347
2026-08-22 03:39:00,5038176,-5037490776525736772,276322,276322,276322,276322,5038176,0,50013114401792019380347
2026-08-22 03:40:00,-2779000000,2778588122055810599149,276322,276322,276322,276322,0,2778588122055810599149,50013114401792019380347
2026-08-22 03:41:00,-45627275510,45620468901142281050246,276322,276322,276322,276322,0,45620468901142281050246,50013114401792019380347
2026-08-22 03:42:00,-20000000000,19996990191950686852473,276322,276322,276322,276322,0,19996990191950686852473,50013114401792019380347
2026-08-22 03:43:00,250287268,-250252506693994935756,276322,276322,276322,276322,250287268,0,50013114401792019380347
2026-08-22 03:44:00,-61285582,61276334857619405920,276322,276322,276322,276322,0,61276334857619405920,50013114401792019380347
2026-08-22 03:45:00,-45627821490,45620895425866229372527,276322,276322,276322,276322,0,45620895425866229372527,50013114401792019380347
2026-08-22 03:46:00,-91257087995,91242985935390712760320,276322,276322,276322,276322,0,91242985935390712760320,50013114401792019380347
2026-08-22 03:49:00,8925043447,-8923756646000000000000,276322,276322,276322,276322,8925043447,0,50013114401792019380347
2026-08-22 03:51:00,586450595,-586366153700472386654,276322,276322,276322,276322,586450595,0,50013114401792019380347
2026-08-22 03:52:00,878199605,-878074276535712145829,276322,276322,276322,276322,969381930,91168105293104988984,50013114401792019380347
2026-08-22 03:53:00,34727542,-34722543359527210103,276322,276322,276322,276322,34727542,0,50013114401792019380347
2026-08-22 03:54:00,-105594688,105575878022326979151,276322,276322,276322,276322,195169388,300717173058916529864,50013114401792019380347
2026-08-22 03:55:00,-137301759025,137279970957878339107797,276322,276322,276322,276322,0,137279970957878339107797,50013114401792019380347
2026-08-22 04:00:00,39959188,-39953216827021557396,276322,276322,276322,276322,39959188,0,50013114401792019380347
2026-08-22 04:03:00,282534638,-282492420266578306661,276322,276322,276322,276322,282534638,0,50013114401792019380347
2026-08-22 04:04:00,17579061951,-17576441447000000000000,276322,276322,276322,276322,17579061951,0,50013114401792019380347
2026-08-22 04:05:00,-391788485985,391722450767039199433050,276322,276322,276322,276322,0,391722450767039199433050,50013114401792019380347
2026-08-22 04:08:00,-19810677,19807182652826752450,276322,276322,276322,276322,0,19807182652826752450,50013114401792019380347
2026-08-22 04:09:00,-67998298063,67986212055889927141812,276322,276322,276322,276322,0,67986212055889927141812,50013114401792019380347
2026-08-22 04:13:00,6679875722,-6678760399984133790019,276322,276322,276322,276322,6679875722,0,50013114401792019380347
2026-08-22 04:14:00,-127153595270,127130532946321364154524,276322,276322,276322,276322,0,127130532946321364154524,50013114401792019380347
2026-08-22 04:15:00,3131887704,-3131349474000000000000,276322,276322,276322,276322,3131887704,0,50013114401792019380347
2026-08-22 04:16:00,-1419523862,1419259202076613974363,276322,276322,276322,276322,310352396,1729558263076613974363,50013114401792019380347
2026-08-22 04:18:00,34411336546,-34405446660000000000000,276322,276322,276322,276322,34411336546,0,50013114401792019380347
2026-08-22 04:19:00,-99735461941,99717061075205539484429,276322,276322,276322,276322,264470198,99981486190070525090027,50013114401792019380347
2026-08-22 04:21:00,-2046738643,2046356925829846448241,276322,276322,276322,276322,0,2046356925829846448241,50013114401792019380347
2026-08-22 04:22:00,204037771,-204002158625917730241,276322,276322,276322,276322,204037771,0,50013114401792019380347
2026-08-22 04:23:00,55075789730,-55067425959467041075852,276322,276322,276322,276322,154110405723,99016556960532958924148,50013114401792019380347
2026-08-22 04:24:00,-17411119,17407909063620795343,276322,276322,276322,276322,0,17407909063620795343,50013114401792019380347
2026-08-22 04:26:00,-464124283955,464034425600474766892289,276322,276322,276322,276322,0,464034425600474766892289,50013114401792019380347
2026-08-22 04:28:00,-18319937,18316219060371750258,276322,276322,276322,276322,0,18316219060371750258,50013114401792019380347
2026-08-22 04:31:00,-299510090135,299447530515390484316643,276321,276321,276321,276321,0,299447530515390484316643,50013114401792019380347
2026-08-22 04:32:00,-255483068956,255426871235502818809035,276321,276321,276321,276321,0,255426871235502818809035,50013114401792019380347
2026-08-22 04:33:00,-255623599,255566063434298340842,276321,276321,276321,276321,0,255566063434298340842,50013114401792019380347
2026-08-22 04:35:00,2283525345,-2283038863000000000000,276321,276321,276321,276321,2283525345,0,50013114401792019380347
2026-08-22 04:36:00,10002128400,-10000000000000000000000,276321,276321,276321,276321,10002128400,0,50013114401792019380347
2026-08-22 04:37:00,-253905570762,253847256970907112579874,276321,276321,276321,276321,0,253847256970907112579874,50013114401792019380347
2026-08-22 04:38:00,433646695710,-433553861868000000000000,276321,276321,276321,276321,433646695710,0,50013114401792019380347
2026-08-22 04:39:00,-10014998751,10012819417872384339676,276321,276321,276321,276321,0,10012819417872384339676,50013114401792019380347
2026-08-22 04:40:00,-100201142680,100179117472386868740800,276321,276321,276321,276321,0,100179117472386868740800,50013114401792019380347
2026-08-22 04:41:00,-36058157285,36050133135878118995542,276321,276321,276321,276321,0,36050133135878118995542,50013114401792019380347
2026-08-22 04:42:00,-505610780,505497894807409231974,276321,276321,276321,276321,0,505497894807409231974,50013114401792019380347
2026-08-22 04:43:00,-62160003,62146124142522604873,276321,276321,276321,276321,0,62146124142522604873,50013114401792019380347
2026-08-22 04:45:00,150926182166,-150894749868853949623068,276321,276321,276321,276321,150926195302,13132146050376932,50013114401792019380347
2026-08-22 04:46:00,-50478197,50467230760958867449,276321,276321,276321,276321,0,50467230760958867449,50013114401792019380347
2026-08-22 04:47:00,8062024698,-8060371284031148736063,276321,276321,276321,276321,8062024698,0,50013114401792019380347
2026-08-22 04:51:00,131386901,-131359977272283878597,276321,276321,276321,276321,131386901,0,50013114401792019380347
2026-08-22 04:54:00,308351329,-308288143577420329501,276321,276321,276321,276321,308351329,0,50013114401792019380347
2026-08-22 04:55:00,2443257228,-2442756704632887335568,276321,276321,276321,276321,2443257228,0,50013114401792019380347
2026-08-22 04:56:00,156712924109,-156681318571452315137502,276321,276321,276321,276321,156712924109,0,50013114401792019380347
2026-08-22 04:59:00,-30000000000,29993665719486278945986,276321,276321,276321,276321,0,29993665719486278945986,50013114401792019380347
2026-08-22 05:00:00,99999557596,-99979783093560654430208,276322,276322,276322,276322,99999557596,0,50013114401792019380347
2026-08-22 05:02:00,-1256594844,1256333761154280283649,276322,276322,276322,276322,0,1256333761154280283649,50013114401792019380347
2026-08-22 05:03:00,127368127764,-127343513705713276162797,276322,276322,276322,276322,127368127764,0,50013114401792019380347
2026-08-22 05:04:00,92070661371,-92053272449578851642627,276322,276322,276322,276322,92070661371,0,50013114401792019380347
2026-08-22 05:05:00,89783351822,-89766721265000000000000,276322,276322,276322,276322,89783351822,0,50013114401792019380347
2026-08-22 05:07:00,10414096369,-10412188226255062134230,276322,276322,276322,276322,10414096369,0,50013114401792019380347
2026-08-22 05:09:00,94352966718,-94338251311077026108542,276322,276322,276322,276322,292305990626,197915949755922973891458,50013114401792019380347
2026-08-22 05:10:00,85044571986,-85029777940797282764091,276322,276322,276322,276322,110493820523,25444469421999357223462,50013114401792019380347
2026-08-22 05:11:00,-47017573345,47008370176352779637631,276322,276322,276322,276322,27253494523,74257006187046508353978,50013114401792019380347
2026-08-22 05:12:00,2007021309,-2006664688834026513381,276322,276322,276322,276322,2007021309,0,50013114401792019380347
2026-08-22 05:13:00,-120926425,120903491295265692503,276322,276322,276322,276322,0,120903491295265692503,50013114401792019380347
2026-08-22 05:15:00,137008028228,-136984063841671457381386,276322,276322,276322,276322,137008028228,0,50013114401792019380347
2026-08-22 05:16:00,76755209990,-76746013777132807475986,276322,276322,276322,276322,401915998282,325098789518867192524014,50013114401792019380347
2026-08-22 05:17:00,-5245030123,5244079682516936476777,276322,276322,276322,276322,0,5244079682516936476777,50013114401792019380347
2026-08-22 05:19:00,-1261386930688,1261126421410351033166629,276321,276322,276321,276322,0,1261126421410351033166629,50013114401792019380347
2026-08-22 05:22:00,2690872409,-2690281257658866830216,276321,276321,276321,276321,2690872409,0,50013114401792019380347
2026-08-22 05:23:00,7604487836,-7602818788126075077789,276321,276321,276321,276321,7604487836,0,50013114401792019380347
2026-08-22 05:27:00,-352835174721,352751065959545406074987,276321,276321,276321,276321,0,352751065959545406074987,50013114401792019380347
2026-08-22 05:29:00,2887673917,-2887000000000000000000,276321,276321,276321,276321,2887673917,0,50013114401792019380347
2026-08-22 05:31:00,1561495580,-1561131303513200126532,276321,276321,276321,276321,1561495580,0,50013114401792019380347
2026-08-22 05:34:00,410354850,-410259135790868239694,276321,276321,276321,276321,410354850,0,50013114401792019380347
2026-08-22 05:37:00,-256585302000,256521061711119091325914,276321,276321,276321,276321,0,256521061711119091325914,50013114401792019380347
2026-08-22 05:40:00,401174056418,-401079588321223637333313,276321,276321,276321,276321,401174056418,0,50013114401792019380347
2026-08-22 05:42:00,-222176762001,222122573420342733233837,276321,276321,276321,276321,0,222122573420342733233837,50013114401792019380347
2026-08-22 05:43:00,300113129114,-300044000000000000000000,276321,276321,276321,276321,300113129114,0,50013114401792019380347
2026-08-22 05:46:00,53935972,-53923872095682108312,276321,276321,276321,276321,53935972,0,50013114401792019380347
2026-08-22 05:47:00,-400000000,399905460793882323245,276321,276321,276321,276321,0,399905460793882323245,50013114401792019380347
2026-08-22 05:48:00,11474167568,-11471598262858875804416,276321,276321,276321,276321,11673580920,199366218141124195584,50013114401792019380347
2026-08-22 05:49:00,420022498393,-419931982439837284435301,276321,276321,276321,276321,420090532003,68017560162715564699,50013114401792019380347
2026-08-22 05:50:00,594981174,-594857955181410093121,276321,276321,276321,276321,594981174,0,50013114401792019380347
2026-08-22 05:51:00,-900893457,900696069943460828472,276321,276321,276321,276321,0,900696069943460828472,50013114401792019380347
2026-08-22 05:53:00,55011333527,-55000000000545406074987,276321,276321,276321,276321,55011333527,0,50013114401792019380347
2026-08-22 05:54:00,-107343240855,107319712269101512104497,276321,276321,276321,276321,1118511076,108437994085863291800624,50013114401792019380347
2026-08-22 05:55:00,297021109,-296958970801088498411,276321,276321,276321,276321,297021109,0,50013114401792019380347
2026-08-22 05:57:00,175086809052,-175050793718308820009780,276321,276321,276321,276321,175113555227,26740445473799166021,50013114401792019380347
2026-08-22 05:59:00,98163107247,-98143452123670403192145,276321,276321,276321,276321,98249685625,86560172329596807855,50013114401792019380347
2026-08-22 06:00:00,-65750710163,65736723025897753605485,276321,276321,276321,276321,6249289837,71984756561897753605485,50013114401792019380347
2026-08-22 06:01:00,270412865978,-270360000000000000000000,276322,276322,276322,276322,270412865978,0,50013114401792019380347
2026-08-22 06:02:00,-4988382031,4987373412782088313195,276322,276322,276322,276322,0,4987373412782088313195,50013114401792019380347
2026-08-22 06:03:00,27106227332,-27101083836000000000000,276322,276322,276322,276322,27106227332,0,50013114401792019380347
2026-08-22 06:05:00,960809191,-960627414705137267259,276322,276322,276322,276322,960809191,0,50013114401792019380347
2026-08-22 06:06:00,5102442248,-5101477524706506367019,276322,276322,276322,276322,5102442248,0,50013114401792019380347
2026-08-22 06:07:00,-184045726025,184007008954845181268844,276322,276322,276321,276322,87760813217,271750438421845181268844,50013114401792019380347
2026-08-22 06:08:00,150942855574,-150913676871000000000000,276322,276322,276322,276322,150942855574,0,50013114401792019380347
2026-08-22 06:09:00,516689328,-516591012029202369823,276322,276322,276322,276322,516689328,0,50013114401792019380347
2026-08-22 06:12:00,39880614,-39873026521636144914,276322,276322,276322,276322,39880614,0,50013114401792019380347
2026-08-22 06:14:00,129854374329,-129830003974000000000000,276322,276322,276322,276322,129854374329,0,50013114401792019380347
2026-08-22 06:15:00,23790098088,-23785706359000000000000,276322,276322,276322,276322,23790098088,0,50013114401792019380347
2026-08-22 06:16:00,500194315,-500102220956719817767,276322,276322,276322,276322,500194315,0,50013114401792019380347
2026-08-22 06:17:00,-14900447041,14897520543043968373493,276322,276322,276322,276322,0,14897520543043968373493,50013114401792019380347
2026-08-22 06:18:00,-1059759,1059549902800723518,276322,276322,276322,276322,0,1059549902800723518,50013114401792019380347
2026-08-22 06:19:00,-56887739170,56876478427621595723604,276322,276322,276322,276322,513923272,57390305602382750198094,50013114401792019380347
2026-08-22 06:20:00,-64338331472,64325446980225230886583,276322,276322,276322,276322,0,64325446980225230886583,50013114401792019380347
2026-08-22 06:21:00,-4010669701,4009839411091093632436,276322,276322,276322,276322,1802484755,5811982562808933726758,50013114401792019380347
2026-08-22 06:22:00,-3613972165,3613241184954262284574,276322,276322,276322,276322,146027835,3759241317754981016653,50013114401792019380347
2026-08-22 06:23:00,188559977551,-188524889269446244491264,276322,276322,276322,276322,188559977551,0,50013114401792019380347
2026-08-22 06:24:00,-306650057,306590468576620724100,276322,276322,276322,276322,0,306590468576620724100,50013114401792019380347
2026-08-22 06:26:00,-48858541,48849045599029979641,276322,276322,276322,276322,0,48849045599029979641,50013114401792019380347
2026-08-22 06:27:00,101378015,-101359532381191521672,276322,276322,276322,276322,101378015,0,50013114401792019380347
2026-08-22 06:29:00,2574716052,-2574246746000000000000,276322,276322,276322,276322,2574716052,0,50013114401792019380347
2026-08-22 06:30:00,216169136384,-216130679351311606760308,276322,276322,276322,276322,216169136384,0,50013114401792019380347
2026-08-22 06:31:00,151028445126,-151002685346197461806708,276322,276322,276322,276322,151028445126,0,50013114401792019380347
2026-08-22 06:32:00,27782882467,-27779492896151730641372,276322,276322,276322,276322,131953846696,104152044313267469200673,50013114401792019380347
2026-08-22 06:33:00,559208014793,-559121195431148583443245,276322,276322,276322,276322,559208014793,0,50013114401792019380347
2026-08-22 06:36:00,150057353626,-150036184168000000000000,276322,276322,276322,276322,150057353626,0,50013114401792019380347
2026-08-22 06:37:00,-72655120,72644216154011885958,276322,276322,276322,276322,0,72644216154011885958,50013114401792019380347
2026-08-22 06:39:00,-175773837,175747456367416381715,276322,276322,276322,276322,0,175747456367416381715,50013114401792019380347
2026-08-22 06:40:00,-211559334491,211526688050997358204279,276322,276322,276322,276322,0,211526688050997358204279,50013114401792019380347
2026-08-22 06:41:00,353952363192,-353902997952000000000000,276322,276322,276322,276322,353952363192,0,50013114401792019380347
2026-08-22 06:42:00,125273495542,-125257223947000000000000,276322,276322,276322,276322,125273495542,0,50013114401792019380347
2026-08-22 06:44:00,27765919345,-27762613813974474812844,276322,276322,276322,276322,45768007763,17999605701025525187156,50013114401792019380347
2026-08-22 06:45:00,-100030571004,100016539492422684219906,276322,276322,276322,276322,0,100016539492422684219906,50013114401792019380347
2026-08-22 06:46:00,-143184634334,143163853345529117356442,276322,276322,276322,276322,0,143163853345529117356442,50013114401792019380347
2026-08-22 06:48:00,326417137,-326374898340265149356,276322,276322,276322,276322,505687203,179243533634736798804,50013114401792019380347
2026-08-22 06:50:00,-210848033,210816829179252438127,276322,276322,276322,276322,0,210816829179252438127,50013114401792019380347
2026-08-22 06:52:00,-40091109513,40085144223546397366199,276322,276322,276322,276322,0,40085144223546397366199,50013114401792019380347
2026-08-22 06:54:00,-199585590,199555731761688047138,276322,276322,276322,276322,0,199555731761688047138,50013114401792019380347
2026-08-22 06:55:00,-10236854,10235321957854093778,276322,276322,276322,276322,0,10235321957854093778,50013114401792019380347
2026-08-22 06:58:00,83464105561,-83454053555654573527300,276322,276322,276322,276322,191295337753,107815169107705426472700,50013114401792019380347
2026-08-22 06:59:00,358582493943,-358537231230945916536631,276322,276322,276322,276322,384662480724,26076559656905317316809,50013114401792019380347
2026-08-22 07:00:00,-17741879,17739537766857912770,276322,276322,276322,276322,0,17739537766857912770,50013114401792019380347
2026-08-22 07:01:00,-83016409917,83005319451305881338051,276322,276322,276322,276322,26326351,83031642558484074053773,50013114401792019380347
2026-08-22 07:02:00,243112069471,-243083287236182237303717,276322,276322,276322,276322,243112069471,0,50013114401792019380347
2026-08-22 07:03:00,-84512866,84502256092451715779,276322,276322,276322,276322,0,84502256092451715779,50013114401792019380347
2026-08-22 07:04:00,-377850953742,377800666983576411673429,276322,276322,276322,276322,0,377800666983576411673429,50013114401792019380347
2026-08-22 07:05:00,100401400,-100388485009727269463,276322,276322,276322,276322,100401400,0,50013114401792019380347
2026-08-22 07:06:00,-5624861952,5624070030678167764871,276322,276322,276322,276322,19277286,5643344832586081188844,50013114401792019380347
2026-08-22 07:07:00,80030184824,-80020000000000000000000,276322,276322,276322,276322,80030184824,0,50013114401792019380347
2026-08-22 07:09:00,25612479659,-25609274248000000000000,276322,276322,276322,276322,25612479659,0,50013114401792019380347
2026-08-22 07:10:00,100528368839,-100516041175395670001314,276322,276322,276322,276322,100528368839,0,50013114401792019380347
2026-08-22 07:11:00,-86489882360,86478261664219019106604,276322,276322,276322,276322,89769643,86568020169258761775977,50013114401792019380347
2026-08-22 07:13:00,2013490565,-2013240820184351269363,276322,276322,276322,276322,2013490565,0,50013114401792019380347
2026-08-22 07:14:00,1031257897,-1031130047414935143701,276322,276322,276322,276322,1031257897,0,50013114401792019380347
2026-08-22 07:16:00,-305596994,305555444638274873727,276322,276322,276322,276322,0,305555444638274873727,50013114401792019380347
2026-08-22 07:18:00,-8288765563,8287637198601980152493,276322,276322,276322,276322,0,8287637198601980152493,50013114401792019380347
2026-08-22 07:19:00,180451644858,-180429865872980282623104,276322,276322,276322,276322,180451644858,0,50013114401792019380347
2026-08-22 07:22:00,-11645091,11643587688429997619,276322,276322,276322,276322,0,11643587688429997619,50013114401792019380347
2026-08-22 07:24:00,-32696693252,32692435542763217585598,276322,276322,276322,276322,1312162923,34004444300582225168995,50013114401792019380347
2026-08-22 07:28:00,2500141674,-2499845802733619260302,276322,276322,276322,276322,2500141674,0,50013114401792019380347
2026-08-22 07:30:00,-397643480,397591666556107385557,276322,276322,276322,276322,0,397591666556107385557,50013114401792019380347
2026-08-22 07:31:00,22745998648,-22743344960670728410996,276322,276322,276322,276322,24996032460,2249740516329271589004,50013114401792019380347
2026-08-22 07:32:00,12710632545,-12709143963195236597331,276322,276322,276322,276322,12743566545,32929754804763402669,50013114401792019380347
2026-08-22 07:33:00,48835909897,-48830249138000000000000,276322,276322,276322,276322,48835909897,0,50013114401792019380347
2026-08-22 07:34:00,-98274961444,98262293724502047378359,276322,276322,276322,276322,0,98262293724502047378359,50013114401792019380347
2026-08-22 07:36:00,4130277980,-4129787368390292550325,276322,276322,276322,276322,4130277980,0,50013114401792019380347
2026-08-22 07:38:00,238535975,-238507661715101997522,276322,276322,276322,276322,238535975,0,50013114401792019380347
2026-08-22 07:41:00,51251223902,-51245193296083017183218,276322,276322,276322,276322,51251223902,0,50013114401792019380347
2026-08-22 07:42:00,200014957,-199991628429148131054,276322,276322,276322,276322,200014957,0,50013114401792019380347
2026-08-22 07:43:00,11936429562,-11935040205674166268044,276322,276322,276322,276322,11936429562,0,50013114401792019380347
2026-08-22 07:46:00,7011657199,-7010879510835176744796,276322,276322,276322,276322,9994178000,2982139585164823255204,50013114401792019380347
2026-08-22 07:47:00,-88025703375,88014292101232375678751,276322,276322,276322,276322,0,88014292101232375678751,50013114401792019380347
2026-08-22 07:48:00,299653582,-299617806392477993687,276322,276322,276322,276322,299653582,0,50013114401792019380347
2026-08-22 07:51:00,122515672,-122501046326215190488,276322,276322,276322,276322,122515672,0,50013114401792019380347
2026-08-22 07:53:00,-69938104614,69928818467782755417617,276322,276322,276322,276322,0,69928818467782755417617,50013114401792019380347
2026-08-22 07:56:00,2375793802,-2375503650684759126287,276322,276322,276322,276322,2375793802,0,50013114401792019380347
2026-08-22 07:59:00,-93338883103,93326161993621525702952,276322,276322,276322,276322,2674632018,96000457366050815939196,50013114401792019380347
2026-08-22 08:00:00,44753417,-44747787285546295625,276322,276322,276322,276322,44753417,0,50013114401792019380347
2026-08-22 08:01:00,372076530,-372029722000000000000,276322,276322,276322,276322,372076530,0,50013114401792019380347
2026-08-22 08:02:00,257865760,-257833323000000000000,276322,276322,276322,276322,257865760,0,50013114401792019380347
2026-08-22 08:04:00,91951610150,-91940212939508747658159,276322,276322,276322,276322,91951610150,0,50013114401792019380347
2026-08-22 08:06:00,-278576331153,278537420412869921532501,276322,276322,276322,276322,0,278537420412869921532501,50013114401792019380347
2026-08-22 08:08:00,-199170114154,199140334473087589117721,276322,276322,276322,276322,4836512949,203976163988712589117721,50013114401792019380347
2026-08-22 08:09:00,-100473011709,100457416553053998911351,276322,276322,276322,276322,0,100457416553053998911351,50013114401792019380347
2026-08-22 08:12:00,6842296864,-6842381218421484702454,276322,276322,276322,276322,96614637098,89758064603578515297546,50013114401792019380347
2026-08-22 08:13:00,98821786486,-98807657093000000000000,276322,276322,276322,276322,98821786486,0,50013114401792019380347
2026-08-22 08:14:00,-97068057886,97053017994209641148198,276322,276322,276322,276322,0,97053017994209641148198,50013114401792019380347
2026-08-22 08:15:00,15219773943,-15217573474759298561909,276322,276322,276322,276322,15219773943,0,50013114401792019380347
2026-08-22 08:17:00,100014229629,-100000000000000000000000,276322,276322,276322,276322,100014229629,0,50013114401792019380347
2026-08-22 08:18:00,230283292425,-230252089050028739721350,276322,276322,276322,276322,233608660708,3324867224083576821626,50013114401792019380347
2026-08-22 08:20:00,672434653,-672346527000000000000,276322,276322,276322,276322,672434653,0,50013114401792019380347
2026-08-22 08:21:00,11136635738,-11135182791059788305410,276322,276322,276322,276322,11465681921,328999263672205462984,50013114401792019380347
2026-08-22 08:22:00,6610450843,-6609853276778249764175,276322,276322,276322,276322,28685730774,22072147661221750235825,50013114401792019380347
2026-08-22 08:23:00,6706681197,-6705807993000000000000,276322,276322,276322,276322,6706681197,0,50013114401792019380347
2026-08-22 08:25:00,-5076393859,5075672172854911416471,276322,276322,276322,276322,0,5075672172854911416471,50013114401792019380347
2026-08-22 08:27:00,514061077,-513994117248643439070,276322,276322,276322,276322,514061077,0,50013114401792019380347
2026-08-22 08:29:00,-1433725270,1433510240296297530378,276322,276322,276322,276322,920641686,2354031945296297530378,50013114401792019380347
2026-08-22 08:30:00,-198770985,198742697080484476516,276322,276322,276322,276322,0,198742697080484476516,50013114401792019380347
2026-08-22 08:31:00,576304488,-576229396367942559600,276322,276322,276322,276322,576304488,0,50013114401792019380347
2026-08-22 08:33:00,1000334755,-1000204441913439635535,276322,276322,276322,276322,1000334755,0,50013114401792019380347
2026-08-22 08:34:00,221247743,-221278880545743145081,276322,276322,276322,276322,5217961114,4996003140335119938848,50013114401792019380347
2026-08-22 08:36:00,-219362352683,219330188582780528690193,276322,276322,276322,276322,18122005,219348308227980572179441,50013114401792019380347
2026-08-22 08:37:00,-49434793405,49427245959655787868761,276322,276322,276322,276322,2789206964,52216065282297326571537,50013114401792019380347
2026-08-22 08:38:00,6432506163,-6431600086197816612604,276322,276322,276322,276322,6432506163,0,50013114401792019380347
2026-08-22 08:40:00,584822595225,-584747130013953703277249,276322,276322,276322,276322,584822595225,0,50013114401792019380347
2026-08-22 08:41:00,-102175323551,102161856213664915016503,276322,276322,276322,276322,3548385373,105709810442949072218736,50013114401792019380347
2026-08-22 08:42:00,-44230415582,44223803118214097165893,276322,276322,276322,276322,55973701307,100190768568443248233414,50013114401792019380347
2026-08-22 08:44:00,-2981874968,2981471637829548197962,276322,276322,276322,276322,0,2981471637829548197962,50013114401792019380347
2026-08-22 08:45:00,84885683,-84875489239936615429,276322,276322,276322,276322,107618403,22729643203178305577,50013114401792019380347
2026-08-22 08:47:00,-5554359284,5553607071524584885129,276322,276322,276322,276322,0,5553607071524584885129,50013114401792019380347
2026-08-22 08:51:00,-98161865118,98148366070565294772495,276322,276322,276322,276322,144245451,98292593702565294772495,50013114401792019380347
2026-08-22 08:53:00,-8761801576,8760578094776989481006,276322,276322,276322,276322,0,8760578094776989481006,50013114401792019380347
2026-08-22 08:54:00,-27109069848,27105264949040471410999,276322,276322,276322,276322,0,27105264949040471410999,50013114401792019380347
2026-08-22 08:55:00,-229497745418,229464356264149939784512,276322,276322,276322,276322,59589352,229523937388586103791876,50013114401792019380347
2026-08-22 08:56:00,-244977746,244940980234486387130,276322,276322,276322,276322,0,244940980234486387130,50013114401792019380347
2026-08-22 08:59:00,-22444679846,22441301224831038002970,276322,276322,276322,276322,0,22441301224831038002970,50013114401792019380347
2026-08-22 09:00:00,-229461625,229426979674618352474,276322,276322,276322,276322,0,229426979674618352474,50013114401792019380347
2026-08-22 09:01:00,10763838436,-10762344681000000000000,276322,276322,276322,276322,10763838436,0,50013114401792019380347
2026-08-22 09:02:00,93128545509,-93115814976000000000000,276322,276322,276322,276322,93128545509,0,50013114401792019380347
2026-08-22 09:03:00,22657202787,-22654158025290112445743,276322,276322,276322,276322,22657202787,0,50013114401792019380347
2026-08-22 09:04:00,8917936775,-8916748573886631159035,276322,276322,276322,276322,9300902955,382910297380753462952,50013114401792019380347
2026-08-22 09:05:00,-114729512075,114712540574479350720271,276322,276322,276322,276322,573141576,115285602960293459471404,50013114401792019380347
2026-08-22 09:07:00,7805828654,-7804751408418980926978,276322,276322,276322,276322,7805828654,0,50013114401792019380347
2026-08-22 09:08:00,44022019,-44015951139709680407,276322,276322,276322,276322,44022019,0,50013114401792019380347
2026-08-22 09:09:00,244489590,-244455889537017396376,276322,276322,276322,276322,244489590,0,50013114401792019380347
2026-08-22 09:10:00,348743519077,-348697880355000000000000,276322,276322,276322,276322,348743519077,0,50013114401792019380347
2026-08-22 09:11:00,588449370383,-588383394677705751474751,276322,276322,276322,276322,589075189517,625736592557842513676,50013114401792019380347
2026-08-22 09:13:00,-98000872637,97989668723117565810025,276322,276322,276322,276322,0,97989668723117565810025,50013114401792019380347
2026-08-22 09:14:00,150904387454,-150889105631000000000000,276322,276322,276322,276322,150904387454,0,50013114401792019380347
2026-08-22 09:16:00,-160298,160280288904878068,276322,276322,276322,276322,0,160280288904878068,50013114401792019380347
2026-08-22 09:18:00,114893419937,-114882395397000000000000,276323,276323,276323,276323,114893419937,0,50013114401792019380347
2026-08-22 09:19:00,-7533134372,7532329311972552326303,276323,276323,276323,276323,666865628,8199132273248178749993,50013114401792019380347
2026-08-22 09:20:00,-220000000,219976688359842315216,276323,276323,276323,276323,0,219976688359842315216,50013114401792019380347
2026-08-22 09:21:00,-257640721828,257612093562899710294325,276322,276322,276322,276322,0,257612093562899710294325,50013114401792019380347
2026-08-22 09:22:00,136190873529,-136177043865000000000000,276322,276322,276322,276322,136190873529,0,50013114401792019380347
2026-08-22 09:23:00,-7941040121,7940158815394723732320,276322,276322,276322,276322,0,7940158815394723732320,50013114401792019380347
2026-08-22 09:26:00,-1000087680,999976509999984836003,276322,276322,276322,276322,0,999976509999984836003,50013114401792019380347
2026-08-22 09:28:00,145296888731,-145282900092351937385293,276323,276323,276323,276323,145296888731,0,50013114401792019380347
2026-08-22 09:29:00,-54492714919,54486913638066568063439,276323,276323,276323,276323,0,54486913638066568063439,50013114401792019380347
2026-08-22 09:30:00,-15635929182,15634242663436972476672,276323,276323,276323,276323,0,15634242663436972476672,50013114401792019380347
2026-08-22 09:32:00,-30546418711,30543095719362455652214,276322,276322,276322,276322,0,30543095719362455652214,50013114401792019380347
2026-08-22 09:33:00,-599556228,599490631317820897144,276322,276322,276322,276322,0,599490631317820897144,50013114401792019380347
2026-08-22 09:34:00,-20000000000,19997803611329601451817,276322,276322,276322,276322,0,19997803611329601451817,50013114401792019380347
2026-08-22 09:36:00,-97708563,97696610744264968544,276322,276322,276322,276322,98495657,196182593744264968544,50013114401792019380347
2026-08-22 09:37:00,168690271825,-168675487127925920571695,276323,276323,276323,276323,270025065368,101324512872074079428305,50013114401792019380347
2026-08-22 09:39:00,53569095041,-53565465014897143536376,276323,276323,276323,276323,154667998992,101088863280321683389510,50013114401792019380347
2026-08-22 09:40:00,382772244,-382738051700229921842,276323,276323,276323,276323,382772244,0,50013114401792019380347
2026-08-22 09:42:00,200058757,-200040888382687927107,276323,276323,276323,276323,200058757,0,50013114401792019380347
2026-08-22 09:44:00,-151161525425,151145753968821907278567,276323,276323,276323,276323,0,151145753968821907278567,50013114401792019380347
2026-08-22 09:45:00,6409616,-6409005556924678144,276323,276323,276323,276323,6409616,0,50013114401792019380347
2026-08-22 09:47:00,89415887,-89407360894786507847,276323,276323,276323,276323,89415887,0,50013114401792019380347
2026-08-22 09:49:00,-148175811066,148159457624528874116224,276322,276322,276322,276322,612986956,148772382490736997484485,50013114401792019380347
2026-08-22 09:52:00,9338401,-9337456155619396891,276322,276322,276322,276322,9338401,0,50013114401792019380347
2026-08-22 09:53:00,319119053735,-319095917845989543577334,276323,276322,276322,276323,914849122632,595674203101817456313948,50013114401792019380347
2026-08-22 09:54:00,-257232640749,257205461475275807137679,276322,276323,276322,276323,0,257205461475275807137679,50013114401792019380347
2026-08-22 09:55:00,-163742214832,163723535748222055420023,276322,276322,276322,276322,0,163723535748222055420023,50013114401792019380347
2026-08-22 09:56:00,-154452068360,154433466578744111812485,276322,276322,276322,276322,0,154433466578744111812485,50013114401792019380347
2026-08-22 09:57:00,-160799839200,160779459518072689762122,276322,276322,276322,276322,0,160779459518072689762122,50013114401792019380347
2026-08-22 09:59:00,-25680592,25677253775761902483,276322,276322,276322,276322,0,25677253775761902483,50013114401792019380347
2026-08-22 10:01:00,163607493955,-163588730511696664007955,276322,276322,276322,276322,163607493955,0,50013114401792019380347
2026-08-22 10:02:00,-23737454473,23734513683040905155794,276322,276322,276322,276322,0,23734513683040905155794,50013114401792019380347
2026-08-22 10:03:00,-716433623,716344514720960024498,276322,276322,276322,276322,0,716344514720960024498,50013114401792019380347
2026-08-22 10:04:00,-84647605322,84636929515020045953972,276322,276322,276322,276322,261518744,84898418867020045953972,50013114401792019380347
2026-08-22 10:05:00,1001096468035,-1001000599441913439635535,276323,276323,276323,276323,1001096468035,0,50013114401792019380347
2026-08-22 10:06:00,-420508799960,420468365734995374992454,276323,276323,276323,276323,0,420468365734995374992454,50013114401792019380347
2026-08-22 10:07:00,-240821487156,240783147144503374671524,276322,276323,276322,276323,1000072575811,1240783148144503374671524,50013114401792019380347
2026-08-22 10:08:00,70007056176,-70000000000107196957234,276322,276322,276322,276322,70007056176,0,50013114401792019380347
2026-08-22 10:11:00,5984988413,-5984394266186912740835,276322,276322,276322,276322,5984988413,0,50013114401792019380347
2026-08-22 10:12:00,9182182405,-9181273645163608918128,276322,276322,276322,276322,9182182405,0,50013114401792019380347
2026-08-22 10:13:00,-483840773553,483781577410019905016879,276322,276322,276322,276322,76159226447,559931691095953503401585,50013114401792019380347
2026-08-22 10:14:00,12607497581,-12606011415839872664407,276322,276322,276322,276322,12607497581,0,50013114401792019380347
2026-08-22 10:15:00,84108794411,-84099042327999999999999,276322,276322,276322,276322,84108794411,0,50013114401792019380347
2026-08-22 10:16:00,8278565242,-8277620665169610471639,276322,276322,276322,276322,8278565242,0,50013114401792019380347
2026-08-22 10:17:00,9174311289,-9173267709485562741042,276322,276322,276322,276322,9174311289,0,50013114401792019380347
2026-08-22 10:18:00,3832933522,-3832501978260700067080,276322,276322,276322,276322,4120903384,287933748551738569159,50013114401792019380347
2026-08-22 10:19:00,-136620494,136603359477268738460,276322,276322,276322,276322,0,136603359477268738460,50013114401792019380347
2026-08-22 10:20:00,-20723300000,20720692347377082470523,276322,276322,276322,276322,0,20720692347377082470523,50013114401792019380347
2026-08-22 10:21:00,-161291727698,161270845169345932147780,276322,276322,276322,276322,0,161270845169345932147780,50013114401792019380347
2026-08-22 10:22:00,1012639083,-1012516882387485025190,276322,276322,276322,276322,1012639083,0,50013114401792019380347
2026-08-22 10:23:00,21538844078,-21536254564000000000000,276322,276322,276322,276322,21538844078,0,50013114401792019380347
2026-08-22 10:25:00,10587767342,-10586501546321977363581,276322,276322,276322,276322,10614408301,26637459039059493736,50013114401792019380347
2026-08-22 10:26:00,7954541129,-7953596448868992168636,276322,276322,276322,276322,8254541129,299960686231348709595,50013114401792019380347
2026-08-22 10:27:00,-1340452826,1340167096045104777894,276322,276322,276322,276322,9169825782,10508902860808283409114,50013114401792019380347
2026-08-22 10:29:00,6382813385,-6382068385959619391100,276322,276322,276322,276322,7584794346,1201823709213551019479,50013114401792019380347
2026-08-22 10:30:00,2713556201,-2713238881981206995534,276322,276322,276322,276322,3133898167,420287012321106535729,50013114401792019380347
2026-08-22 10:31:00,181235923,-181214403496799534874,276322,276322,276322,276322,181235923,0,50013114401792019380347
2026-08-22 10:35:00,23546333991,-23543549277000000000000,276322,276322,276322,276322,23546333991,0,50013114401792019380347
2026-08-22 10:37:00,-205530462,205503783897851160027,276322,276322,276322,276322,0,205503783897851160027,50013114401792019380347
2026-08-22 10:39:00,10980924768,-10979633596000000000000,276322,276322,276322,276322,10980924768,0,50013114401792019380347
2026-08-22 10:41:00,-41759741598,41754304599638660219082,276322,276322,276322,276322,0,41754304599638660219082,50013114401792019380347
2026-08-22 10:45:00,-105327769,105313967444695018583,276322,276322,276322,276322,0,105313967444695018583,50013114401792019380347
2026-08-22 10:49:00,-85993875006,85982458443848147512196,276322,276322,276322,276322,35503471,86017957688702961865644,50013114401792019380347
2026-08-22 10:51:00,-1276846405,1276666893206284608381,276322,276322,276322,276322,647970895,1924558437261615195777,50013114401792019380347
2026-08-22 10:52:00,49691088,-49685000000000000000,276322,276322,276322,276322,49691088,0,50013114401792019380347
2026-08-22 10:55:00,-214714439206,214684633487487489654102,276322,276322,276322,276322,0,214684633487487489654102,50013114401792019380347
2026-08-22 10:56:00,3613235165,-3612761697000000000000,276322,276322,276322,276322,3613235165,0,50013114401792019380347
2026-08-22 10:59:00,3691329706,-3690846544192499351552,276322,276322,276322,276322,3691329706,0,50013114401792019380347
2026-08-22 11:00:00,14007536156,-14005707650000000000000,276322,276322,276322,276322,14007536156,0,50013114401792019380347
2026-08-22 11:01:00,-126961308707,126940249408932690840545,276322,276322,276322,276322,223038691293,349947761664187230103589,50013114401792019380347
2026-08-22 11:02:00,-3032665515,3031135513561144387879,276322,276322,276322,276322,90263190819,93282153488561144387879,50013114401792019380347
2026-08-22 11:03:00,227779744630,-227749928003358387768195,276322,276322,276322,276322,227779744630,0,50013114401792019380347
2026-08-22 11:04:00,98431476592,-98419233695000000000000,276322,276322,276322,276322,98431476592,0,50013114401792019380347
2026-08-22 11:07:00,-137016895,136998477195831465843,276322,276322,276322,276322,0,136998477195831465843,50013114401792019380347
2026-08-22 11:08:00,81009916,-81000000000000000000,276322,276322,276322,276322,81009916,0,50013114401792019380347
2026-08-22 11:12:00,63392549039,-63384869216162209774308,276322,276322,276322,276322,63392549039,0,50013114401792019380347
2026-08-22 11:14:00,28895049025,-28891601783478359908883,276322,276322,276322,276322,28895049025,0,50013114401792019380347
2026-08-22 11:15:00,132001862103,-131986538579000000000000,276322,276322,276322,276322,132001862103,0,50013114401792019380347
2026-08-22 11:16:00,66441720138,-66434282355183489060702,276322,276322,276322,276322,67405454432,963613378816510939298,50013114401792019380347
2026-08-22 11:19:00,29176048,-29172816281625216061,276322,276322,276322,276322,29176048,0,50013114401792019380347
2026-08-22 11:26:00,29684432,-29681144000000000000,276322,276322,276322,276322,29684432,0,50013114401792019380347
2026-08-22 11:30:00,-7424939135,7424020311860750864746,276322,276322,276322,276322,503151487,7927115902130586438964,50013114401792019380347
2026-08-22 11:34:00,38563226761,-38558973478450571115598,276322,276322,276322,276322,38627744961,64510357549428884402,50013114401792019380347
2026-08-22 11:36:00,-15623053989,15621144246440719422194,276322,276322,276322,276322,501097336,16122186372862521165804,50013114401792019380347
2026-08-22 11:37:00,500157317,-500102220956719817767,276322,276322,276322,276322,500157317,0,50013114401792019380347
2026-08-22 11:39:00,-416947173,416896236329629667188,276322,276322,276322,276322,229416,417125628044616061574,50013114401792019380347
2026-08-22 11:40:00,139157081,-139141751693448681966,276322,276322,276322,276322,139157081,0,50013114401792019380347
2026-08-22 11:41:00,-208644716,208619227519201855515,276322,276322,276322,276322,0,208619227519201855515,50013114401792019380347
2026-08-22 11:44:00,-374816459,374770559395295547040,276322,276322,276322,276322,8739718,383509315136903234826,50013114401792019380347
2026-08-22 11:46:00,-558861230,558792939897980469289,276322,276322,276322,276322,0,558792939897980469289,50013114401792019380347
2026-08-22 11:48:00,-1477867100,1477686455761945118398,276322,276322,276322,276322,0,1477686455761945118398,50013114401792019380347
2026-08-22 11:49:00,6836900968,-6836148043230585884893,276322,276322,276322,276322,6836900968,0,50013114401792019380347
2026-08-22 11:51:00,-513753815,513691137074543950208,276322,276322,276322,276322,0,513691137074543950208,50013114401792019380347
2026-08-22 11:52:00,10412208,-10411062970825893440,276322,276322,276322,276322,10412208,0,50013114401792019380347
2026-08-22 11:57:00,-1992208300,1991965152868340945039,276322,276322,276322,276322,0,1991965152868340945039,50013114401792019380347
2026-08-22 11:58:00,-226982781,226955067879386095307,276322,276322,276322,276322,0,226955067879386095307,50013114401792019380347
2026-08-22 12:00:00,141279870749,-141264715017211845102506,276322,276322,276322,276322,141279870749,0,50013114401792019380347
2026-08-22 12:02:00,-61919771082,61912483947751780439046,276322,276322,276322,276322,0,61912483947751780439046,50013114401792019380347
2026-08-22 12:03:00,-216910577360,216883837311961987715470,276322,276322,276322,276322,289190185,217172996577445222530416,50013114401792019380347
2026-08-22 12:06:00,419508491,-419460000000000000000,276322,276322,276322,276322,419508491,0,50013114401792019380347
2026-08-22 12:07:00,9421053710,-9419974251936215696580,276322,276322,276322,276322,10060202102,639067098063784303420,50013114401792019380347
2026-08-22 12:08:00,28996789547,-28993470630835121273433,276322,276322,276322,276322,29400924607,404084122164878726567,50013114401792019380347
2026-08-22 12:09:00,9959838678,-9958704786000000000000,276322,276322,276322,276322,9959838678,0,50013114401792019380347
2026-08-22 12:10:00,102493756894,-102482328153428818302475,276322,276322,276322,276322,103277455390,783603241571181697525,50013114401792019380347
2026-08-22 12:11:00,131678563258,-131664485335755008317016,276322,276322,276322,276322,131741759902,63189294545836820612,50013114401792019380347
2026-08-22 12:12:00,-417176589,417128073912329662463,276322,276322,276322,276322,0,417128073912329662463,50013114401792019380347
2026-08-22 12:14:00,-15005004577,15003254993361299868206,276322,276322,276322,276322,0,15003254993361299868206,50013114401792019380347
2026-08-22 12:16:00,-10051606780,10050429727905608075146,276322,276322,276322,276322,0,10050429727905608075146,50013114401792019380347
2026-08-22 12:18:00,-175209680283,175188514176038251467317,276322,276322,276322,276322,0,175188514176038251467317,50013114401792019380347
2026-08-22 12:19:00,-487818202,487751446368107902620,276322,276322,276322,276322,509239938,996934178113279383185,50013114401792019380347
2026-08-22 12:21:00,-177010314277,176987680823670019092776,276322,276322,276322,276322,0,176987680823670019092776,50013114401792019380347
2026-08-22 12:23:00,14136706642,-14135022641000000000000,276322,276322,276322,276322,14136706642,0,50013114401792019380347
2026-08-22 12:24:00,-9887651,9886323908269075507,276322,276322,276322,276322,2751517,12637514143108501857,50013114401792019380347
2026-08-22 12:25:00,99994107623,-99982424173267130515456,276322,276322,276322,276322,99994107623,0,50013114401792019380347
2026-08-22 12:26:00,828851425954,-828769975866508196168826,276323,276322,276322,276323,829107248224,255798066668188474246,50013114401792019380347
2026-08-22 12:29:00,-222357134653,222335311120628535101368,276323,276323,276323,276323,0,222335311120628535101368,50013114401792019380347
2026-08-22 12:30:00,-81838671709,81830141852425042221608,276323,276323,276323,276323,0,81830141852425042221608,50013114401792019380347
2026-08-22 12:31:00,139547861122,-139535277366741152739226,276323,276323,276323,276323,150013631751,10464722633258847260774,50013114401792019380347
2026-08-22 12:32:00,56254903212,-56250000000549120557500,276323,276323,276323,276323,56254903212,0,50013114401792019380347
2026-08-22 12:33:00,-255025783551,254999481236499736328880,276323,276323,276323,276323,55816964,255055292829728256245417,50013114401792019380347
2026-08-22 12:34:00,70043143387,-70036501019000000000000,276323,276323,276323,276323,70043143387,0,50013114401792019380347
2026-08-22 12:39:00,29666794,-29664022211718233572,276323,276323,276323,276323,29666794,0,50013114401792019380347
2026-08-22 12:40:00,86748881,-86740776777503278862,276323,276323,276323,276323,86748881,0,50013114401792019380347
2026-08-22 12:43:00,581528660,-581474336419475330715,276323,276323,276323,276323,581528660,0,50013114401792019380347
2026-08-22 12:44:00,50237628995,-50232987039000000000000,276323,276323,276323,276323,50237628995,0,50013114401792019380347
2026-08-22 12:45:00,-111868050000,111856233273927518036283,276323,276323,276323,276323,0,111856233273927518036283,50013114401792019380347
2026-08-22 12:46:00,24920711943,-24918338477003979433116,276323,276323,276323,276323,25189812501,269071528996020566884,50013114401792019380347
2026-08-22 12:47:00,-43986795042,43981743026499824473009,276323,276323,276322,276323,26037919202,70017153864104226238236,50013114401792019380347
2026-08-22 12:48:00,45155724678,-45151402007000000000000,276323,276323,276323,276323,45155724678,0,50013114401792019380347
2026-08-22 12:49:00,229154924,-229133196149804463077,276323,276323,276323,276323,229154924,0,50013114401792019380347
2026-08-22 12:50:00,-71965320127,71957528647554635268426,276322,276323,276322,276323,80517448,72038038461554635268426,50013114401792019380347
2026-08-22 12:51:00,79821276941,-79813606290000000000000,276323,276323,276323,276323,79821276941,0,50013114401792019380347
2026-08-22 12:52:00,158446355114,-158431883511000000000000,276323,276323,276323,276323,158446355114,0,50013114401792019380347
2026-08-22 12:53:00,-514423878,514367771038352293057,276323,276323,276323,276323,381097951,895432111568633927185,50013114401792019380347
2026-08-22 12:54:00,69672004134,-69665956993535711263920,276323,276323,276323,276323,69672004134,0,50013114401792019380347
2026-08-22 12:55:00,68769383903,-68763605440000000000000,276323,276323,276323,276323,68769383903,0,50013114401792019380347
2026-08-22 12:56:00,901708750,-901634238752339935010,276323,276323,276323,276323,901708750,0,50013114401792019380347
2026-08-22 13:00:00,85567042863,-85560360092884061357218,276323,276323,276323,276323,105572042863,20003183676115938642782,50013114401792019380347
2026-08-22 13:01:00,-69046911187,69040517119648479701136,276323,276323,276323,276323,177521568,69218024150635425391900,50013114401792019380347
2026-08-22 13:03:00,95449223563,-95441620051385070844092,276323,276323,276323,276323,98525090570,3075577826449211461518,50013114401792019380347
2026-08-22 13:04:00,15458972,-15457764872670762017,276323,276323,276323,276323,15458972,0,50013114401792019380347
2026-08-22 13:05:00,47003572009,-46999943410828547297226,276323,276323,276323,276323,47003572009,0,50013114401792019380347
2026-08-22 13:06:00,-122143353918,122132275562505462520914,276323,276323,276323,276323,0,122132275562505462520914,50013114401792019380347
2026-08-22 13:07:00,2100110785,-2099940465864728195765,276323,276323,276323,276323,2100110785,0,50013114401792019380347
2026-08-22 13:09:00,1428528873,-1428473103816434891582,276323,276323,276323,276323,6427528873,4998534355826882489719,50013114401792019380347
2026-08-22 13:10:00,-216240402,216220290062917644247,276323,276323,276323,276323,0,216220290062917644247,50013114401792019380347
2026-08-22 13:11:00,17222404550,-17221015292000000000000,276323,276323,276323,276323,17222404550,0,50013114401792019380347
2026-08-22 13:12:00,97996438508,-97988759288150863837054,276323,276323,276323,276323,97996438508,0,50013114401792019380347
2026-08-22 13:20:00,187512774856,-187499151261445292623774,276323,276323,276323,276323,187512774856,0,50013114401792019380347
2026-08-22 13:24:00,-71943651079,71937727035935671350902,276323,276323,276323,276323,0,71937727035935671350902,50013114401792019380347
2026-08-22 13:25:00,101699107500,-101692016913702860276421,276323,276323,276323,276323,101932732436,233605361297139723579,50013114401792019380347
2026-08-22 13:27:00,-150791985756,150779509506280205576957,276323,276323,276323,276323,110004295,150889506353250466648034,50013114401792019380347
2026-08-22 13:32:00,-240000000,239979420276216999423,276323,276323,276323,276323,0,239979420276216999423,50013114401792019380347
2026-08-22 13:33:00,-5596049528,5595569019571569476094,276323,276323,276323,276323,0,5595569019571569476094,50013114401792019380347
2026-08-22 13:34:00,233092176,-233074933666427361027,276323,276323,276323,276323,233092176,0,50013114401792019380347
2026-08-22 13:37:00,29730591,-29728392000000000000,276323,276323,276323,276323,29730591,0,50013114401792019380347
2026-08-22 13:38:00,-100504905946,100496063906331781819471,276323,276323,276323,276323,0,100496063906331781819471,50013114401792019380347
2026-08-22 13:39:00,107874235503,-107866057308808747213885,276323,276323,276323,276323,108031415144,157165495696715307029,50013114401792019380347
2026-08-22 13:42:00,-322866032,322838277881573307151,276323,276323,276323,276323,7500552,330338277881573307151,50013114401792019380347
2026-08-22 13:43:00,52019308957,-52015529961158478131098,276323,276323,276323,276323,52019308957,0,50013114401792019380347
2026-08-22 13:44:00,-115076649299,115066691657579067636185,276323,276323,276323,276323,5991457311,121057691657923721801460,50013114401792019380347
2026-08-22 13:45:00,177732773071,-177719860070000000000000,276323,276323,276323,276323,177732773071,0,50013114401792019380347
2026-08-22 13:46:00,-3167588,3167330114537776571,276323,276323,276323,276323,0,3167330114537776571,50013114401792019380347
2026-08-22 13:47:00,-36846693,36843703787692684533,276323,276323,276323,276323,0,36843703787692684533,50013114401792019380347
2026-08-22 13:48:00,-201900584,201884208161496635408,276323,276323,276323,276323,0,201884208161496635408,50013114401792019380347
2026-08-22 13:50:00,-171952287228,171937749141337293680283,276323,276323,276323,276323,0,171937749141337293680283,50013114401792019380347
2026-08-22 13:53:00,178887852,-178874380716400502619,276323,276323,276323,276323,188837852,9949124283599497381,50013114401792019380347
2026-08-22 13:54:00,2460377860,-2460191045000000000000,276323,276323,276323,276323,2460377860,0,50013114401792019380347
2026-08-22 13:55:00,95898038121,-95890945207000000000000,276323,276323,276323,276323,95898038121,0,50013114401792019380347
2026-08-22 13:57:00,42702076,-42699000000000000000,276323,276323,276323,276323,42702076,0,50013114401792019380347
2026-08-22 13:59:00,6941184146,-6940685038000000000000,276323,276323,276323,276323,6941184146,0,50013114401792019380347
2026-08-22 14:00:00,91060024,-91053489423921925755,276323,276323,276323,276323,91060024,0,50013114401792019380347
2026-08-22 14:02:00,12160198,-12159325628445935735,276323,276323,276323,276323,12160198,0,50013114401792019380347
2026-08-22 14:03:00,72126064026,-72120992087427470407527,276323,276323,276323,276323,72126064026,0,50013114401792019380347
2026-08-22 14:05:00,172348079055,-172336801840547818694662,276323,276323,276323,276323,172348079055,0,50013114401792019380347
2026-08-22 14:06:00,-45909425353,45905986544799188363820,276323,276323,276323,276323,0,45905986544799188363820,50013114401792019380347
2026-08-22 14:07:00,-187638691651,187622287265146082918068,276323,276323,276323,276323,122788611251,310401839130494252708281,50013114401792019380347
2026-08-22 14:08:00,1160333273,-1160250539313264581154,276323,276323,276323,276323,1160333273,0,50013114401792019380347
2026-08-22 14:09:00,-35050360290,35046448731295785512680,276323,276323,276323,276323,80678054670,115718882873696218653784,50013114401792019380347
2026-08-22 14:10:00,1130747063,-1130664906245295915423,276323,276323,276323,276323,1130747063,0,50013114401792019380347
2026-08-22 14:11:00,2105498558,-2105345713508910624316,276323,276323,276323,276323,2105498558,0,50013114401792019380347
2026-08-22 14:12:00,245761431312,-245744808561929016967168,276323,276323,276323,276323,245761431312,0,50013114401792019380347
2026-08-22 14:13:00,10161319,-10160682629238785023,276323,276323,276323,276323,10161319,0,50013114401792019380347
2026-08-22 14:15:00,99114653,-99108436366569944160,276323,276323,276323,276323,99114653,0,50013114401792019380347
2026-08-22 14:16:00,-1568778962,1568661694633551886848,276323,276323,276323,276323,0,1568661694633551886848,50013114401792019380347
2026-08-22 14:17:00,63019738,-63015781854446220418,276323,276323,276323,276323,63019738,0,50013114401792019380347
2026-08-22 14:18:00,1917932741,-1917812408051291897948,276323,276323,276323,276323,1917932741,0,50013114401792019380347
2026-08-22 14:19:00,902086539,-902029992266283544504,276323,276323,276323,276323,902086539,0,50013114401792019380347
2026-08-22 14:21:00,638638670,-638598657583874552004,276323,276323,276323,276323,638638670,0,50013114401792019380347
2026-08-22 14:23:00,500051422,-500020102868749904291,276323,276323,276323,276323,500051422,0,50013114401792019380347
2026-08-22 14:28:00,-123981896976,123972337999751693054149,276323,276323,276323,276323,0,123972337999751693054149,50013114401792019380347
2026-08-22 14:30:00,442264639,-442234755022482705946,276323,276323,276323,276323,442264639,0,50013114401792019380347
2026-08-22 14:34:00,-437675682,437640855407647440707,276323,276323,276323,276323,0,437640855407647440707,50013114401792019380347
2026-08-22 14:35:00,-521951810,521910268239083769556,276323,276323,276323,276323,0,521910268239083769556,50013114401792019380347
2026-08-22 14:37:00,-100144833539,100136661592553685602125,276323,276323,276323,276323,0,100136661592553685602125,50013114401792019380347
2026-08-22 14:38:00,-8643562,8642839228831521921,276323,276323,276323,276323,0,8642839228831521921,50013114401792019380347
2026-08-22 14:41:00,-163489852934,163474710136202474091881,276323,276323,276323,276323,78344913916,241814136907662872081267,50013114401792019380347
2026-08-22 14:44:00,-57045573418,57040365501081916835486,276323,276323,276323,276323,60579093,57100939723065371249734,50013114401792019380347
2026-08-22 14:45:00,21756392,-21754642847649464385,276323,276323,276323,276323,21756392,0,50013114401792019380347
2026-08-22 14:47:00,311451014,-311425968871057100322,276323,276323,276323,276323,311451014,0,50013114401792019380347
2026-08-22 14:48:00,98631351,-98623420743135476063,276323,276323,276323,276323,98631351,0,50013114401792019380347
2026-08-22 14:49:00,286062493,-286039494005962509821,276323,276323,276323,276323,286062493,0,50013114401792019380347
2026-08-22 14:51:00,-2369260672,2369040087756371935018,276323,276323,276323,276323,130739328,2499768900928370193900,50013114401792019380347
2026-08-22 14:52:00,222460190014,-222443274023141863946125,276323,276323,276323,276323,222471527836,11336873106529300524,50013114401792019380347
2026-08-22 14:54:00,-80000000,79993312453796657534,276323,276323,276323,276323,0,79993312453796657534,50013114401792019380347
2026-08-22 14:55:00,1398393117,-1398293037260715700848,276323,276323,276323,276323,1398393117,0,50013114401792019380347
2026-08-22 14:56:00,-30927023992,30924421225032447900640,276323,276323,276323,276323,0,30924421225032447900640,50013114401792019380347
2026-08-22 14:58:00,-20000000000,19998296470953111170223,276323,276323,276323,276323,0,19998296470953111170223,50013114401792019380347
2026-08-22 14:59:00,15422890526,-15421760509000000000000,276323,276323,276323,276323,15422890526,0,50013114401792019380347
2026-08-22 15:02:00,-93025989632,93017913170950467798331,276323,276323,276323,276323,0,93017913170950467798331,50013114401792019380347
2026-08-22 15:04:00,-6853208521,6852599844339373586483,276323,276323,276323,276323,0,6852599844339373586483,50013114401792019380347
2026-08-22 15:05:00,-129391254599,129379341193711101038165,276323,276323,276323,276323,5744562136,135123461923130158448974,50013114401792019380347
2026-08-22 15:06:00,-99998836736,99989224253708871478984,276323,276323,276323,276323,0,99989224253708871478984,50013114401792019380347
2026-08-22 15:08:00,241887768,-241866937302908167957,276323,276323,276323,276323,241887768,0,50013114401792019380347
2026-08-22 15:09:00,518238528,-518193905216414610488,276323,276323,276323,276323,518238528,0,50013114401792019380347
2026-08-22 15:10:00,7166902917,-7166286904640459756573,276323,276323,276323,276323,7166902917,0,50013114401792019380347
2026-08-22 15:11:00,7231295803,-7230676337000000000000,276323,276323,276323,276323,7231295803,0,50013114401792019380347
2026-08-22 15:13:00,3133379901,-3133112131358950543025,276323,276323,276323,276323,3133379901,0,50013114401792019380347
2026-08-22 15:14:00,19601571375,-19599905185000000000000,276323,276323,276323,276323,19601571375,0,50013114401792019380347
2026-08-22 15:15:00,3000708413,-3000454702938434187660,276323,276323,276323,276323,3000708413,0,50013114401792019380347
2026-08-22 15:16:00,-351292685,351258785061211510119,276323,276323,276323,276323,0,351258785061211510119,50013114401792019380347
2026-08-22 15:17:00,-118450884,118437700201321865766,276323,276323,276323,276323,145858101,264283475982413993597,50013114401792019380347
2026-08-22 15:18:00,348418291,-348388850935483200440,276323,276323,276323,276323,348418291,0,50013114401792019380347
2026-08-22 15:19:00,50258450,-50254800968866646626,276323,276323,276323,276323,100008450,49745199031133353374,50013114401792019380347
2026-08-22 15:20:00,149036146,-149023925818939948163,276323,276323,276323,276323,179943143,30904014181060051837,50013114401792019380347
2026-08-22 15:21:00,-26939431703,26936136860650958042948,276323,276323,276323,276323,56757578672,83688794665127126285033,50013114401792019380347
2026-08-22 15:23:00,1003201524,-1003115705572957404958,276323,276323,276323,276323,1003201524,0,50013114401792019380347
2026-08-22 15:28:00,200017105,-200000000000000000000,276323,276323,276323,276323,200017105,0,50013114401792019380347
2026-08-22 15:29:00,-267006052,266980012279729886745,276323,276323,276323,276323,0,266980012279729886745,50013114401792019380347
2026-08-22 15:36:00,-16933567,16931915123156630657,276323,276323,276323,276323,0,16931915123156630657,50013114401792019380347
2026-08-22 15:38:00,-19182962,19181090229202570292,276323,276323,276323,276323,0,19181090229202570292,50013114401792019380347
2026-08-22 15:45:00,74192454,-74186109370325771776,276323,276323,276323,276323,74192454,0,50013114401792019380347
2026-08-22 15:47:00,171402375820,-171388303791110126029019,276323,276323,276323,276323,171402375820,0,50013114401792019380347
2026-08-22 15:48:00,229217185,-229199153678577856722,276323,276323,276323,276323,229217185,0,50013114401792019380347
2026-08-22 15:50:00,3800419004,-3800120339769190996851,276323,276323,276323,276323,3800419004,0,50013114401792019380347
2026-08-22 15:52:00,205791500,-205775344069498726538,276323,276323,276323,276323,205791500,0,50013114401792019380347
2026-08-22 15:53:00,-72746397653,72739708135159816631365,276323,276323,276323,276323,0,72739708135159816631365,50013114401792019380347
2026-08-22 15:54:00,-278745004470,278717413276592776008740,276323,276323,276323,276323,0,278717413276592776008740,50013114401792019380347
2026-08-22 15:55:00,450872366,-450830639248199044294,276323,276323,276323,276323,450872366,0,50013114401792019380347
2026-08-22 15:56:00,139375210529,-139362701195366923361163,276323,276323,276323,276323,139375210529,0,50013114401792019380347
2026-08-22 15:58:00,1427833995,-1427709862621604137716,276323,276323,276323,276323,1427833995,0,50013114401792019380347
2026-08-22 16:01:00,35779457306,-35777744008942295126939,276323,276323,276323,276323,150013272858,114222255991649047604084,50013114401792019380347
2026-08-22 16:02:00,-259585566739,259557102170254089207348,276323,276323,276323,276323,151148540857,410693163212403137526542,50013114401792019380347
2026-08-22 16:10:00,2413220,-2412989642244766190,276323,276323,276323,276323,2413220,0,50013114401792019380347
2026-08-22 16:12:00,54976177083,-54970993678007680294199,276323,276323,276323,276323,57148914815,2172508257447986376792,50013114401792019380347
2026-08-22 16:13:00,100044938539,-100035768457000000000000,276323,276323,276323,276323,100044938539,0,50013114401792019380347
2026-08-22 16:16:00,-111200678847,111189127151846560322357,276323,276323,276323,276323,0,111189127151846560322357,50013114401792019380347
2026-08-22 16:17:00,-3264789981,3264374446262969251254,276323,276323,276323,276323,5743210019,9007042587724322729013,50013114401792019380347
2026-08-22 16:19:00,-152999847000,152983125063440693710194,276322,276322,276322,276322,0,152983125063440693710194,50013114401792019380347
2026-08-22 16:22:00,968612112,-968514927000000000000,276322,276322,276322,276322,968612112,0,50013114401792019380347
2026-08-22 16:23:00,-24358597174,24355849506332054271714,276322,276322,276322,276322,0,24355849506332054271714,50013114401792019380347
2026-08-22 16:24:00,-12981401,12979930252269695910,276322,276322,276322,276322,0,12979930252269695910,50013114401792019380347
2026-08-22 16:25:00,-91379990728,91369471519445012690732,276322,276322,276322,276322,0,91369471519445012690732,50013114401792019380347
2026-08-22 16:26:00,-182086027388,182063835184529060689938,276322,276322,276322,276322,19662593092,201724213945422927022098,50013114401792019380347
2026-08-22 16:27:00,6750522414,-6749765759356725408692,276322,276322,276322,276322,6750522414,0,50013114401792019380347
2026-08-22 16:28:00,-102956523960,102943550378638318063670,276322,276322,276322,276322,0,102943550378638318063670,50013114401792019380347
2026-08-22 16:29:00,-375034229415,374983387645804257462210,276322,276322,276322,276322,0,374983387645804257462210,50013114401792019380347
2026-08-22 16:30:00,80034639057,-80024277415514486047027,276322,276322,276322,276322,80034639057,0,50013114401792019380347
2026-08-22 16:33:00,-45693231397,45686798869222410817538,276322,276322,276322,276322,0,45686798869222410817538,50013114401792019380347
2026-08-22 16:34:00,-72103985777,72093655353969934584951,276322,276322,276322,276322,841181277,72934725098126768421860,50013114401792019380347
2026-08-22 16:35:00,148900272,-148880533000000000000,276322,276322,276322,276322,148900272,0,50013114401792019380347
2026-08-22 16:38:00,-24201500000,24197989562365901495378,276322,276322,276322,276322,0,24197989562365901495378,50013114401792019380347
2026-08-22 16:39:00,133027285915,-133009875765000000000000,276322,276322,276322,276322,133027285915,0,50013114401792019380347
2026-08-22 16:41:00,-97112313465,97098479400941157353940,276322,276322,276322,276322,2406277191,99504448182509024607871,50013114401792019380347
2026-08-22 16:42:00,-45694813929,45688187644907193790780,276322,276322,276322,276322,0,45688187644907193790780,50013114401792019380347
2026-08-22 16:43:00,-41745546,41739453712039917797,276322,276322,276322,276322,0,41739453712039917797,50013114401792019380347
2026-08-22 16:44:00,-45695040716,45688330841280763592749,276322,276322,276322,276322,0,45688330841280763592749,50013114401792019380347
2026-08-22 16:47:00,-233759949753,233724318502315926913758,276322,276322,276322,276322,0,233724318502315926913758,50013114401792019380347
2026-08-22 16:48:00,17069688922,-17068866953999897882508,276322,276322,276322,276322,154509730395,137418921110869327908980,50013114401792019380347
2026-08-22 16:50:00,-60418221188,60408697775840450646937,276322,276322,276322,276322,0,60408697775840450646937,50013114401792019380347
2026-08-22 16:54:00,1005612458,-1005464821262639146078,276322,276322,276322,276322,1005612458,0,50013114401792019380347
2026-08-22 16:59:00,500175638,-500102220956719817767,276322,276322,276322,276322,500175638,0,50013114401792019380347
2026-08-22 17:00:00,73156694710,-73146064183473445543805,276322,276322,276322,276322,73156694710,0,50013114401792019380347
2026-08-22 17:01:00,19245893042,-19243131938000000000000,276322,276322,276322,276322,19245893042,0,50013114401792019380347
2026-08-22 17:03:00,25840674,-25836977015978378301,276322,276322,276322,276322,25840674,0,50013114401792019380347
2026-08-22 17:05:00,715996,-775885107855684582,276322,276322,276322,276322,5000715996,4999224114892144315418,50013114401792019380347
2026-08-22 17:06:00,86339536903,-86327332566000000000000,276322,276322,276322,276322,86339536903,0,50013114401792019380347
2026-08-22 17:10:00,1360189882,-1360000000000000000000,276322,276322,276322,276322,1360189882,0,50013114401792019380347
2026-08-22 17:11:00,-29396920691,29392447701611457567781,276322,276322,276322,276322,0,29392447701611457567781,50013114401792019380347
2026-08-22 17:12:00,377334010567,-377283747926395994974599,276322,276322,276322,276322,377334010567,0,50013114401792019380347
2026-08-22 17:14:00,-1400283,1400089638914888916,276322,276322,276322,276322,0,1400089638914888916,50013114401792019380347
2026-08-22 17:15:00,-318975900000,318929955850156760690593,276322,276322,276322,276322,0,318929955850156760690593,50013114401792019380347
2026-08-22 17:17:00,1283353714,-1283176113000000000000,276322,276322,276322,276322,1283353714,0,50013114401792019380347
2026-08-22 17:26:00,225405314,-225374128000000000000,276322,276322,276322,276322,225405314,0,50013114401792019380347
2026-08-22 17:27:00,67878541,-67869149899590909620,276322,276322,276322,276322,67878541,0,50013114401792019380347
2026-08-22 17:29:00,500780990553,-500716720058222502911641,276322,276322,276322,276322,500780990553,0,50013114401792019380347
2026-08-22 17:31:00,-8763464,8762321454659271813,276322,276322,276322,276322,0,8762321454659271813,50013114401792019380347
2026-08-22 17:33:00,-174838676891,174815273968404894250188,276322,276322,276322,276322,449998073,175265218797668586554651,50013114401792019380347
2026-08-22 17:34:00,-186746993927,186720652927337887595952,276322,276322,276322,276322,0,186720652927337887595952,50013114401792019380347
2026-08-22 17:35:00,7259645366,-7258682437000000000000,276322,276322,276322,276322,7259645366,0,50013114401792019380347
2026-08-22 17:36:00,-2078906,2078605082525054946,276322,276322,276322,276322,0,2078605082525054946,50013114401792019380347
2026-08-22 17:38:00,-45700802970,45694157691133202065805,276322,276322,276322,276322,0,45694157691133202065805,50013114401792019380347
2026-08-22 17:39:00,-45701159804,45694430970361521100858,276322,276322,276322,276322,0,45694430970361521100858,50013114401792019380347
2026-08-22 17:41:00,35986006132,-35981132499000000000000,276322,276322,276322,276322,35986006132,0,50013114401792019380347
2026-08-22 17:44:00,2811666,-2811287405787244957,276322,276322,276322,276322,2811666,0,50013114401792019380347
2026-08-22 17:45:00,-6374535334,6373591309589441226453,276322,276322,276322,276322,666892978,7040394270865067650143,50013114401792019380347
2026-08-22 17:46:00,100349343722,-100336001204524728891292,276322,276322,276322,276322,100349343722,0,50013114401792019380347
2026-08-22 17:47:00,461544622040,-461488439176064989766704,276322,276322,276322,276322,461544622040,0,50013114401792019380347
2026-08-22 17:48:00,141370647043,-141355146774410153274599,276322,276322,276322,276322,141749479692,378787628589846725401,50013114401792019380347
2026-08-22 17:49:00,2692201373880,-2692071315970641985654391,276324,276322,276322,276324,3750141951820,1057928684029358014345609,50015458417414800416755
2026-08-22 17:50:00,-1670043492370,1669969028730716989152792,276323,276323,276323,276323,0,1669969028730716989152792,50013114401792019380347
2026-08-22 17:51:00,-6822631593,6822095879625737025684,276323,276323,276323,276323,231076484,7053157054101704538152,50013114401792019380347
2026-08-22 17:52:00,-349998435,349971045212067805060,276323,276323,276323,276323,0,349971045212067805060,50013114401792019380347
2026-08-22 17:56:00,53968001540,-53964483597000000000000,276323,276323,276323,276323,53968001540,0,50013114401792019380347
2026-08-22 17:57:00,160869511133,-160867385318726275508192,276323,276323,276323,276323,800038491058,639132614681273724491808,50013114401792019380347
2026-08-22 18:00:00,446377864994,-446360374484001403226543,276323,276323,276323,276323,802244779111,355850993756115243931948,50013114401792019380347
2026-08-22 18:01:00,203515164455,-203507960561962898029057,276323,276323,276323,276323,209597500161,6082019751734373123583,50013114401792019380347
2026-08-22 18:02:00,45410216577,-45408821878783794417163,276323,276323,276323,276323,45658628475,248401045257476225200,50013114401792019380347
2026-08-22 18:04:00,-180913241764,180905006815916954243437,276323,276323,276323,276323,467220047,181372209523074835541992,50013114401792019380347
2026-08-22 18:05:00,-1563186637,1563102694644470252675,276323,276323,276323,276323,594406855,2157487501531222292962,50013114401792019380347
2026-08-22 18:06:00,199427937,-199420526416567915578,276323,276323,276323,276323,199427937,0,50013114401792019380347
2026-08-22 18:08:00,425699650957,-425691947022543859524266,276323,276323,276323,276323,800016931857,374308052977456140475734,50013114401792019380347
2026-08-22 18:09:00,-220188548988,220180503496113858024970,276323,276323,276323,276323,0,220180503496113858024970,50013114401792019380347
2026-08-22 18:10:00,377369419255,-377374816335333252294147,276323,276323,276323,276324,1500010455129,1122625183664666747705853,50013114401792019380347
2026-08-22 18:11:00,-64275031350,64263686065882116378238,276323,276323,276323,276324,800101580591,864363686065882116378238,50013114401792019380347
2026-08-22 18:12:00,-49995000000,49993529112719727636491,276323,276323,276323,276323,0,49993529112719727636491,50013114401792019380347
2026-08-22 18:13:00,400194437,-400187068431861669852,276323,276323,276323,276323,400194437,0,50013114401792019380347
2026-08-22 18:14:00,-58423380106,58421535540237953070059,276323,276323,276323,276323,0,58421535540237953070059,50013114401792019380347
2026-08-22 18:15:00,-502590913928,502569408543976211989742,276323,276323,276323,276323,0,502569408543976211989742,50013114401792019380347
2026-08-22 18:16:00,-101570604648,101565031651102649832299,276323,276323,276323,276323,0,101565031651102649832299,50013114401792019380347
2026-08-22 18:17:00,2000089723,-2000000000000000000000,276323,276323,276323,276323,2000089723,0,50013114401792019380347
2026-08-22 18:18:00,-46050862095,46048203134689658223378,276323,276323,276323,276323,0,46048203134689658223378,50013114401792019380347
2026-08-22 18:19:00,-219294034724,219280209411994390121917,276323,276323,276323,276323,0,219280209411994390121917,50013114401792019380347
2026-08-22 18:22:00,21750227585,-21749032867709997019134,276323,276323,276323,276323,21869478019,119242392290002980866,50013114401792019380347
2026-08-22 18:23:00,-24314587,24312968515600493545,276323,276323,276323,276323,0,24312968515600493545,50013114401792019380347
2026-08-22 18:24:00,982371583708,-982339382588933784854436,276323,276323,276323,276323,1157640040795,175264290265659799117626,50013114401792019380347
2026-08-22 18:25:00,540169339876,-540168838970204773336566,276324,276323,276323,276324,700005406747,159831196029795226663434,50015458417414800416755
2026-08-22 18:26:00,-361204415114,361199755704915518573692,276323,276323,276323,276323,0,361199755704915518573692,50013114401792019380347
2026-08-22 18:27:00,-45196851889,45195057568071888850451,276323,276323,276323,276323,70337622687,115532206525071888850451,50013114401792019380347
2026-08-22 18:28:00,-105889067685,105886521465434624585250,276323,276323,276323,276323,0,105886521465434624585250,50013114401792019380347
2026-08-22 18:29:00,300004247,-300000000000000000000,276323,276323,276323,276323,300004247,0,50013114401792019380347
2026-08-22 18:31:00,450098364,-450091998861047835990,276323,276323,276323,276323,450098364,0,50013114401792019380347
2026-08-22 18:32:00,-100202586937,100199767568168816403548,276323,276323,276323,276323,0,100199767568168816403548,50013114401792019380347
2026-08-22 18:33:00,-414424977357,414409052672479580052731,276323,276323,276323,276323,0,414409052672479580052731,50013114401792019380347
2026-08-22 18:35:00,70042790520,-70040457269000000000000,276323,276323,276323,276323,70042790520,0,50013114401792019380347
2026-08-22 18:36:00,113683028450,-113679659063621191061897,276323,276323,276323,276323,113683028450,0,50013114401792019380347
2026-08-22 18:39:00,49026334,-49025041005663028660,276323,276323,276323,276323,52998334,3971843473473796020,50013114401792019380347
2026-08-22 18:42:00,-156763428467,156755077132402927375115,276323,276323,276323,276323,140779206543,297530827717402927375115,50013114401792019380347
2026-08-22 18:43:00,-60318043365,60315218215067021587994,276323,276323,276323,276323,0,60315218215067021587994,50013114401792019380347
2026-08-22 18:46:00,137247673,-137242727255856606716,276323,276323,276323,276323,137247673,0,50013114401792019380347
2026-08-22 18:48:00,152392559501,-152388481358845270408628,276323,276323,276323,276323,231522585836,79126832472154729591372,50013114401792019380347
2026-08-22 18:53:00,107636938282,-107633946771674650358319,276323,276323,276323,276323,107636938282,0,50013114401792019380347
2026-08-22 18:54:00,-4752296032,4752113700864863631379,276323,276323,276323,276323,250057520,5002164811343223540262,50013114401792019380347
2026-08-22 18:56:00,-3637670903,3637533023601694985311,276323,276323,276323,276323,0,3637533023601694985311,50013114401792019380347
2026-08-22 18:57:00,16010372,-16009956785886802802,276323,276323,276323,276323,16010372,0,50013114401792019380347
2026-08-22 18:59:00,584992877911,-584985291553273061820725,276323,276323,276323,276323,648886516194,63892788192023979409781,50013114401792019380347
2026-08-22 19:01:00,-7984000,7983883477741978715,276323,276323,276323,276323,0,7983883477741978715,50013114401792019380347
2026-08-22 19:04:00,-1000254186,1000239579207117591626,276323,276323,276323,276323,0,1000239579207117591626,50013114401792019380347
2026-08-22 19:05:00,671668563,-671666926455598107455,276323,276323,276323,276323,681275201,9606497425624577376,50013114401792019380347
2026-08-22 19:06:00,-62404138381,62403149682782728366280,276323,276323,276323,276323,0,62403149682782728366280,50013114401792019380347
2026-08-22 19:08:00,94966456,-94965972720750124803,276323,276323,276323,276323,94966456,0,50013114401792019380347
2026-08-22 19:09:00,-72029998,72028766271377521532,276323,276323,276323,276323,0,72028766271377521532,50013114401792019380347
2026-08-22 19:11:00,-143216754,143214305276954983461,276323,276323,276323,276323,0,143214305276954983461,50013114401792019380347
2026-08-22 19:15:00,-34715034,34714439777882383768,276323,276323,276323,276323,0,34714439777882383768,50013114401792019380347
2026-08-22 19:17:00,750157144,-750153331435079726650,276323,276323,276323,276323,750157144,0,50013114401792019380347
2026-08-22 19:20:00,182965347,-182964421177778558829,276323,276323,276323,276323,182965347,0,50013114401792019380347
2026-08-22 19:23:00,-354314032,354307983750457542733,276323,276323,276323,276323,0,354307983750457542733,50013114401792019380347
2026-08-22 19:27:00,-107942886939,107940810929206427393281,276323,276323,276323,276323,0,107940810929206427393281,50013114401792019380347
2026-08-22 19:29:00,-59999857686,59998502267111577069886,276323,276323,276323,276323,142314,59998644580520494708023,50013114401792019380347
2026-08-22 19:31:00,262886886060,-262885168393782728366280,276323,276323,276323,276323,262886886060,0,50013114401792019380347
2026-08-22 19:32:00,-4209933540,4209877287806691694784,276323,276323,276323,276323,0,4209877287806691694784,50013114401792019380347
2026-08-22 19:33:00,16195050,-16195026675495148032,276323,276323,276323,276323,16195050,0,50013114401792019380347
2026-08-22 19:35:00,-25329762596,25329409203345753426720,276323,276323,276323,276323,0,25329409203345753426720,50013114401792019380347
2026-08-22 19:39:00,-200000000000,199996308610730531582836,276323,276323,276323,276323,0,199996308610730531582836,50013114401792019380347
2026-08-22 19:40:00,616799180,-616792739179954441912,276323,276323,276323,276323,616799180,0,50013114401792019380347
2026-08-22 19:41:00,1499913718,-1499898117423166395665,276323,276323,276323,276323,1499913718,0,50013114401792019380347
2026-08-22 19:42:00,20568431603,-20568226741000000000000,276323,276323,276323,276323,20568431603,0,50013114401792019380347
2026-08-22 19:43:00,3360031858,-3360000000000000000000,276323,276323,276323,276323,3360031858,0,50013114401792019380347
2026-08-22 19:44:00,-158659124,158655725883066663403,276323,276323,276323,276323,0,158655725883066663403,50013114401792019380347
2026-08-22 19:45:00,-37924000,37923187160093630236,276323,276323,276323,276323,0,37923187160093630236,50013114401792019380347
2026-08-22 19:51:00,-62316357,62315021871709347722,276323,276323,276323,276323,0,62315021871709347722,50013114401792019380347
2026-08-22 19:52:00,-5000000000,4999892377064033349364,276323,276323,276323,276323,0,4999892377064033349364,50013114401792019380347
2026-08-22 19:54:00,8208207,-8208128514023674653,276323,276323,276323,276323,8208207,0,50013114401792019380347
2026-08-22 19:56:00,287802873657,-287801796942589308362286,276323,276323,276323,276323,290890529754,3087613277410691637714,50013114401792019380347
2026-08-22 19:58:00,45957481646,-45957610489597226456218,276324,276324,276324,276324,45957481646,0,50015458417414800416755
2026-08-22 19:59:00,50338631480,-50338869525725352904815,276324,276324,276324,276324,50338631480,0,50015458417414800416755
2026-08-22 20:00:00,43423515838,-43423802588000000000000,276324,276324,276324,276324,43423515838,0,50015458417414800416755
2026-08-22 20:02:00,38852768822,-38853089303000000000000,276324,276324,276324,276324,38852768822,0,50015458417414800416755
2026-08-22 20:03:00,157879582303,-157881505603000000000000,276324,276324,276324,276324,157879582303,0,50015458417414800416755
2026-08-22 20:05:00,-196774581820,196774464604056058996104,276324,276324,276324,276324,0,196774464604056058996104,50015458417414800416755
2026-08-22 20:06:00,-5035000000,5034976684934814208095,276324,276324,276324,276324,0,5034976684934814208095,50015458417414800416755
2026-08-22 20:07:00,-13113434857,13113369375306397394229,276324,276324,276324,276324,0,13113369375306397394229,50015458417414800416755
2026-08-22 20:09:00,74791413043,-74792029309012836429344,276324,276324,276324,276324,74791413043,0,50015458417414800416755
2026-08-22 20:10:00,238256441139,-238259895596000000000000,276324,276324,276324,276324,238256441139,0,50015458417414800416755
2026-08-22 20:11:00,56191732620,-56192878275640408275681,276324,276324,276324,276324,56201732620,10000074359591724319,50015458417414800416755
2026-08-22 20:12:00,-349998435,350001760842207760533,276324,276324,276324,276324,0,350001760842207760533,50015458417414800416755
2026-08-22 20:16:00,-24420000000,24420219956396469458759,276324,276324,276324,276324,0,24420219956396469458759,50015458417414800416755
2026-08-22 20:19:00,-49995000000,49995375930885538539300,276324,276324,276324,276324,0,49995375930885538539300,50015458417414800416755
2026-08-22 20:20:00,299994442,-300000000000000000000,276324,276324,276324,276324,299994442,0,50015458417414800416755
2026-08-22 20:21:00,112384514096,-112388952532661332447728,276324,276324,276324,276324,287647047401,175265079886338667552272,50015458417414800416755
2026-08-22 20:23:00,-24093740983,24093995030244072171145,276324,276324,276324,276324,0,24093995030244072171145,50015458417414800416755
2026-08-22 20:26:00,416742652,-416751850797266514807,276324,276324,276324,276324,416742652,0,50015458417414800416755
2026-08-22 20:39:00,29479967550,-29480635824289129581140,276324,276324,276324,276324,29479967550,0,50015458417414800416755
2026-08-22 20:40:00,-158972825379,158974109787579761986136,276324,276324,276324,276324,0,158974109787579761986136,50015458417414800416755
2026-08-22 20:42:00,205747631182,-205753444955601942665328,276324,276324,276324,276324,329912200014,124166507167423439005194,50015458417414800416755
2026-08-22 20:45:00,159954641396,-159959172422000000000000,276324,276324,276324,276324,159954641396,0,50015458417414800416755
2026-08-22 20:47:00,-176968148006,176970975729413945062956,276324,276324,276324,276324,114410898,177085389425215165219987,50015458417414800416755
2026-08-22 20:48:00,444428856,-444439725742644021752,276324,276324,276324,276324,444428856,0,50015458417414800416755
2026-08-22 20:49:00,-2299242866,2299271421939209009423,276324,276324,276324,276324,0,2299271421939209009423,50015458417414800416755
2026-08-22 20:52:00,38048242258,-38049198600933709982437,276324,276324,276324,276324,38048242258,0,50015458417414800416755
2026-08-22 20:55:00,467246203,-467258307608122300302,276324,276324,276324,276324,467246203,0,50015458417414800416755
2026-08-22 20:57:00,-10735201,10734459043617726209,276324,276324,276324,276324,74242523,84978906367660520044,50015458417414800416755
2026-08-22 21:01:00,-10234732115,10234870284956385207426,276324,276324,276324,276324,178181035,10413055938170953079931,50015458417414800416755
2026-08-22 21:02:00,-4652722405,4652778489927881578043,276324,276324,276324,276324,526045803,5178837606831234513872,50015458417414800416755
2026-08-22 21:04:00,-361965531,361970348976618673361,276324,276324,276324,276324,0,361970348976618673361,50015458417414800416755
2026-08-22 21:05:00,640417174,-640433387939233568182,276324,276324,276324,276324,640417174,0,50015458417414800416755
2026-08-22 21:07:00,6499106882,-6499272348483131930292,276324,276324,276324,276324,6499106882,0,50015458417414800416755
2026-08-22 21:09:00,3925562816,-3925682464391282617269,276324,276324,276324,276324,5499308678,1573767544344792204024,50015458417414800416755
2026-08-22 21:10:00,-135118096174,135119586804336152651824,276324,276324,276324,276324,143844991,135263434722075353099161,50015458417414800416755
2026-08-22 21:12:00,1073954451,-1073976323028669551828,276324,276324,276324,276324,1073954451,0,50015458417414800416755
2026-08-22 21:15:00,-55968687133,55969086983365050029394,276324,276324,276324,276324,573628173,56542725561053885779512,50015458417414800416755
2026-08-22 21:17:00,2373401875,-2373445061000000000000,276324,276324,276324,276324,2373401875,0,50015458417414800416755
2026-08-22 21:18:00,-175000000,175001091923244265639,276324,276324,276324,276324,0,175001091923244265639,50015458417414800416755
2026-08-22 21:19:00,33561584904,-33562260709834069984474,276324,276324,276324,276324,36998684904,3437126259328072279405,50015458417414800416755
2026-08-22 21:20:00,-144652109460,144652785860010586157809,276324,276324,276324,276324,119434048,144772221556059295983945,50015458417414800416755
2026-08-22 21:21:00,1198249084,-1198265642307933945024,276324,276324,276324,276324,1198249084,0,50015458417414800416755
2026-08-22 21:23:00,23894172594,-23894514750000000000000,276324,276324,276324,276324,23894172594,0,50015458417414800416755
2026-08-22 21:24:00,-231195934891,231195510557836724678023,276324,276324,276324,276324,194672826,231390185150469881824391,50015458417414800416755
2026-08-22 21:25:00,-276501356612,276497513840946435770052,276323,276323,276323,276323,44280243388,320777474280070513815243,50013114401792019380347
2026-08-22 21:26:00,29133143396,-29133000000336473626608,276323,276323,276323,276323,29133143396,0,50013114401792019380347
2026-08-22 21:27:00,250714610074,-250714779559617064990998,276324,276324,276324,276324,250770725672,56115240850937758810,50015458417414800416755
2026-08-22 21:28:00,480694869,-480697607882181149545,276324,276324,276324,276324,480694869,0,50015458417414800416755
2026-08-22 21:32:00,231598779,-231600101672207388460,276324,276324,276324,276324,231598779,0,50015458417414800416755
2026-08-22 21:34:00,1151619817,-1151626425412294687900,276324,276324,276324,276324,1151619817,0,50015458417414800416755
2026-08-22 21:35:00,2565185091,-2565200000000000000000,276324,276324,276324,276324,2565185091,0,50015458417414800416755
2026-08-22 21:36:00,440598937,-440601524938613137166,276324,276324,276324,276324,440598937,0,50015458417414800416755
2026-08-22 21:37:00,-176860131422,176858423771715716707135,276323,276323,276323,276323,1986210,176860409980006788625055,50013114401792019380347
2026-08-22 21:38:00,765067095,-765066195923563250976,276323,276323,276323,276323,765067095,0,50013114401792019380347
2026-08-22 21:40:00,28866257267,-28866286308305362363305,276323,276323,276323,276323,32690257267,3823954379560908682445,50013114401792019380347
2026-08-22 21:41:00,-48026119579,48025496835563796018724,276323,276323,276323,276323,0,48025496835563796018724,50013114401792019380347
2026-08-22 21:42:00,-22284986244,22284658977761586030923,276323,276323,276323,276323,581073186,22865731051222617298416,50013114401792019380347
2026-08-22 21:44:00,116550870616,-116550813762453121245083,276323,276323,276323,276323,116550870616,0,50013114401792019380347
2026-08-22 21:45:00,-152723610631,152721592999298027225716,276323,276323,276323,276323,0,152721592999298027225716,50013114401792019380347
2026-08-22 21:46:00,-125594228313,125591870187031658890472,276323,276323,276323,276323,0,125591870187031658890472,50013114401792019380347
2026-08-22 21:50:00,8528823,-8528744392106123978,276323,276323,276323,276323,8528823,0,50013114401792019380347
2026-08-22 21:51:00,-42602037808,42601094668984296937673,276323,276323,276323,276323,0,42601094668984296937673,50013114401792019380347
2026-08-22 21:52:00,-57512754071,57511365366649204595322,276323,276323,276323,276323,28555962,57539920950259942513274,50013114401792019380347
2026-08-22 21:54:00,1371729807,-1371711615204968485707,276323,276323,276323,276323,1371729807,0,50013114401792019380347
2026-08-22 21:55:00,402274788,-402269467886893518874,276323,276323,276323,276323,402274788,0,50013114401792019380347
2026-08-22 21:56:00,261936395,-261932934598516011265,276323,276323,276323,276323,261936395,0,50013114401792019380347
2026-08-22 21:59:00,59522694,-59521908244551549834,276323,276323,276323,276323,59522694,0,50013114401792019380347
2026-08-22 22:05:00,34501324264,-34500892429984296937673,276323,276323,276323,276323,34501324264,0,50013114401792019380347
2026-08-22 22:07:00,2112024889,-2112000000000000000000,276323,276323,276323,276323,2112024889,0,50013114401792019380347
2026-08-22 22:08:00,91947793,-91947301167357548538,276323,276323,276323,276323,140806745,48857791300404243245,50013114401792019380347
2026-08-22 22:09:00,-46374858491,46373626625673867664749,276323,276323,276323,276323,7333517647,53707043513673867664749,50013114401792019380347
2026-08-22 22:10:00,-41161240831,41160153524394762234060,276323,276323,276323,276323,0,41160153524394762234060,50013114401792019380347
2026-08-22 22:11:00,-4137160466,4137046866815248232548,276323,276323,276323,276323,47072668,4184118810078408339556,50013114401792019380347
2026-08-22 22:12:00,-277150461316,277141330465152057223967,276323,276323,276323,276323,0,277141330465152057223967,50013114401792019380347
2026-08-22 22:13:00,106624572,-106621748756360298995,276323,276323,276323,276323,106624572,0,50013114401792019380347
2026-08-22 22:14:00,1737427,-1737381814261271798,276323,276323,276323,276323,1737427,0,50013114401792019380347
2026-08-22 22:15:00,1376028673,-1375995544701270886946,276323,276323,276323,276323,1648860058,272820884298729113054,50013114401792019380347
2026-08-22 22:17:00,4499668511,-4499550000327635625561,276323,276323,276323,276323,4499668511,0,50013114401792019380347
2026-08-22 22:18:00,50422654,-50421331211481736155,276323,276323,276323,276323,50422654,0,50013114401792019380347
2026-08-22 22:20:00,170591986531,-170588091072569552686453,276323,276323,276323,276323,170591986531,0,50013114401792019380347
2026-08-22 22:21:00,-496624807176,496604252969978812938561,276323,276323,276323,276323,1433539639,498037764268802167971556,50013114401792019380347
2026-08-22 22:22:00,-896118587074,896056460342827003266253,276323,276323,276323,276323,9740132912,905796102615216578164897,50013114401792019380347
2026-08-22 22:24:00,288625824204,-288605809611071495030213,276323,276323,276323,276323,288625824204,0,50013114401792019380347
2026-08-22 22:25:00,194727725,-194715346351459141386,276323,276323,276323,276323,194727725,0,50013114401792019380347
2026-08-22 22:26:00,93758202948,-93752424656230249793046,276323,276323,276323,276323,94242852420,484612844447730780121,50013114401792019380347
2026-08-22 22:27:00,162454651755,-162445461808000000000000,276323,276323,276323,276323,162454651755,0,50013114401792019380347
2026-08-22 22:31:00,-34573749540,34571467260819630920740,276323,276323,276323,276323,0,34571467260819630920740,50013114401792019380347
2026-08-22 22:32:00,-505434037597,505395216217124605102328,276323,276323,276323,276323,0,505395216217124605102328,50013114401792019380347
2026-08-22 22:33:00,-347211508761,347177987193417983473471,276323,276323,276323,276323,77864896059,425037171317036525822269,50013114401792019380347
2026-08-22 22:34:00,86334849800,-86327332566000000000000,276323,276323,276323,276323,86334849800,0,50013114401792019380347
2026-08-22 22:36:00,174364963583,-174352679182617265924798,276323,276323,276323,276323,340120216253,165738568186335135302978,50013114401792019380347
2026-08-22 22:37:00,153322886609,-153312437987143030788162,276323,276323,276323,276323,244807253123,91476827081856969211838,50013114401792019380347
2026-08-22 22:38:00,245050378739,-245034581198439289066555,276323,276323,276323,276323,303793240093,58737890364560710933445,50013114401792019380347
2026-08-22 22:39:00,-44471521553,44468171424173734532639,276323,276323,276323,276323,0,44468171424173734532639,50013114401792019380347
2026-08-22 22:40:00,188621246864,-188609844558000000000000,276323,276323,276323,276323,188621246864,0,50013114401792019380347
2026-08-22 22:41:00,-39077068624,39074354319206028058662,276323,276323,276323,276323,0,39074354319206028058662,50013114401792019380347
2026-08-22 22:42:00,-510380930384,510339872665728712944562,276323,276323,276323,276323,0,510339872665728712944562,50013114401792019380347
2026-08-22 22:43:00,250070777,-250051110478359908883,276323,276323,276323,276323,250070777,0,50013114401792019380347
2026-08-22 22:44:00,-40616452250,40612737838722109929456,276323,276323,276323,276323,0,40612737838722109929456,50013114401792019380347
2026-08-22 22:46:00,-60259300260,60253666875352253595599,276323,276323,276323,276323,91145779,60344805119020819679339,50013114401792019380347
2026-08-22 22:48:00,-91494427622,91485598279363487886418,276323,276323,276323,276323,0,91485598279363487886418,50013114401792019380347
2026-08-22 22:53:00,178431396,-178415993220691406133,276323,276323,276323,276323,178431396,0,50013114401792019380347
2026-08-22 22:54:00,-280629071006,280599904203047831117852,276322,276322,276322,276322,0,280599904203047831117852,50013114401792019380347
2026-08-22 22:56:00,-152343788577,152326636279104630486123,276322,276322,276322,276322,0,152326636279104630486123,50013114401792019380347
2026-08-22 22:59:00,-27833549398,27830315378756619699937,276322,276322,276322,276322,0,27830315378756619699937,50013114401792019380347
2026-08-22 23:01:00,92337894,-92328222734155961914,276322,276322,276322,276322,92337894,0,50013114401792019380347
2026-08-22 23:06:00,-89992898153,89982230108292472664492,276322,276322,276322,276322,0,89982230108292472664492,50013114401792019380347
2026-08-22 23:07:00,-639888702882,639803511847003806337854,276322,276322,276322,276322,0,639803511847003806337854,50013114401792019380347
2026-08-22 23:08:00,10000101007,-9998763718258078722334,276322,276322,276322,276322,10000101007,0,50013114401792019380347
2026-08-22 23:09:00,1000392492,-1000258932316964364188,276322,276322,276322,276322,1000392492,0,50013114401792019380347
2026-08-22 23:14:00,290083988,-290045268205157885971,276322,276322,276322,276322,290083988,0,50013114401792019380347
2026-08-22 23:17:00,66614473,-66605582557219410832,276322,276322,276322,276322,66614473,0,50013114401792019380347
2026-08-22 23:18:00,-99234703,99220266359028038509,276322,276322,276322,276322,0,99220266359028038509,50013114401792019380347
2026-08-22 23:20:00,137849002,-137833483152073578133,276322,276322,276322,276322,377849002,239965088286236042876,50013114401792019380347
2026-08-22 23:21:00,100012598,-99999249916764457934,276322,276322,276322,276322,100012598,0,50013114401792019380347
2026-08-22 23:27:00,9432016008,-9430758915000000000000,276322,276322,276322,276322,9432016008,0,50013114401792019380347
2026-08-22 23:29:00,200067514,-200040888382687927107,276322,276322,276322,276322,200067514,0,50013114401792019380347
2026-08-22 23:31:00,-332119726836,332068137675398229267782,276322,276322,276322,276322,100002485588,432055786868658039690566,50013114401792019380347
2026-08-22 23:32:00,137350427850,-137330702199863133249460,276322,276322,276322,276322,137350427850,0,50013114401792019380347
2026-08-22 23:34:00,86337346472,-86325333159000000000000,276322,276322,276322,276322,86337346472,0,50013114401792019380347
2026-08-22 23:36:00,-86339627068,86326577505658137439308,276322,276322,276322,276322,0,86326577505658137439308,50013114401792019380347
2026-08-22 23:37:00,4677000189,-4676341778717758749282,276322,276322,276322,276322,4677000189,0,50013114401792019380347
2026-08-22 23:47:00,-25859900000,25855938311701829981554,276322,276322,276322,276322,0,25855938311701829981554,50013114401792019380347
2026-08-22 23:48:00,6000249616,-5999400000000000000000,276322,276322,276322,276322,6000249616,0,50013114401792019380347
2026-08-22 23:55:00,-51404636,51396746040585999375,276322,276322,276322,276322,0,51396746040585999375,50013114401792019380347
2026-08-22 23:57:00,-117738623748,117720158454199731158179,276322,276322,276322,276322,9833731845,127552450810817835961023,50013114401792019380347
2026-08-22 23:58:00,67327577071,-67317825326000000000000,276322,276322,276322,276322,67327577071,0,50013114401792019380347
2026-08-22 23:59:00,800614870,-800500000000000000000,276322,276322,276322,276322,800614870,0,50013114401792019380347
