timestamp,netAmount0,netAmount1,closeTick,openTick,lowestTick,highestTick,inAmount0,inAmount1,currentLiquidity
2026-08-23 00:01:00,119598469,-119582478227353553911,276322,276322,276322,276322,216733716,97120146758565147683,50013114401792019380347
2026-08-23 00:03:00,183160193,-183133918866042553492,276322,276322,276322,276322,183160193,0,50013114401792019380347
2026-08-23 00:04:00,-89136849,89122992471158921922,276322,276322,276322,276322,0,89122992471158921922,50013114401792019380347
2026-08-23 00:05:00,3888765556,-3888208000000000000000,276322,276322,276322,276322,3888765556,0,50013114401792019380347
2026-08-23 00:07:00,392216200,-392160000000000000000,276322,276322,276322,276322,392216200,0,50013114401792019380347
2026-08-23 00:10:00,54446372665,-54438630703000000000000,276322,276322,276322,276322,54446372665,0,50013114401792019380347
2026-08-23 00:15:00,400016389,-399959948847916291700,276322,276322,276322,276322,400016389,0,50013114401792019380347
2026-08-23 00:24:00,20919806621,-20916863799000000000000,276322,276322,276322,276322,20919806621,0,50013114401792019380347
2026-08-23 00:26:00,-223770139,223736068221542451656,276322,276322,276322,276322,0,223736068221542451656,50013114401792019380347
2026-08-23 00:30:00,-64010001526,64000173411651252405074,276322,276322,276322,276322,0,64000173411651252405074,50013114401792019380347
2026-08-23 00:34:00,-29373929,29369380559397324073,276322,276322,276322,276322,0,29369380559397324073,50013114401792019380347
2026-08-23 00:35:00,2368118713,-2367781978054841608295,276322,276322,276322,276322,2482502415,114366003392526496775,50013114401792019380347
2026-08-23 00:36:00,399646120,-399589082862927263477,276322,276322,276322,276322,399646120,0,50013114401792019380347
2026-08-23 00:39:00,50017360,-50010222095671981778,276322,276322,276322,276322,50017360,0,50013114401792019380347
2026-08-23 00:44:00,892138448,-892011147364978213709,276322,276322,276322,276322,892138448,0,50013114401792019380347
2026-08-23 00:45:00,-85782469,85756488406839793179,276322,276322,276322,276322,1059342256,1144947627510377448816,50013114401792019380347
2026-08-23 00:48:00,232288253,-232255112363545956655,276322,276322,276322,276322,232288253,0,50013114401792019380347
2026-08-23 00:49:00,-22926227787,22922671352277995720287,276322,276322,276322,276322,0,22922671352277995720287,50013114401792019380347
2026-08-23 00:50:00,-32636055835,32630956913309329329256,276322,276322,276322,276322,0,32630956913309329329256,50013114401792019380347
2026-08-23 00:53:00,-51207672,51199637313352988903,276322,276322,276322,276322,0,51199637313352988903,50013114401792019380347
2026-08-23 00:56:00,-759458101,759338937636445847548,276322,276322,276322,276322,0,759338937636445847548,50013114401792019380347
2026-08-23 01:00:00,244061858372,-244027750765393623001785,276322,276322,276322,276322,250035045637,5972249234606376998215,50013114401792019380347
2026-08-23 01:01:00,173505934792,-173484007546703730849270,276322,276322,276322,276322,250416005490,76899404156029754344353,50013114401792019380347
2026-08-23 01:02:00,-165113869462,165090171221761240509403,276322,276322,276322,276322,0,165090171221761240509403,50013114401792019380347
2026-08-23 01:05:00,55444004,-55436528692646523067,276322,276322,276322,276322,55444004,0,50013114401792019380347
2026-08-23 01:06:00,-5000000000,4999265374682527178308,276322,276322,276322,276322,0,4999265374682527178308,50013114401792019380347
2026-08-23 01:08:00,-29183633868,29179326118191219423129,276322,276322,276322,276322,0,29179326118191219423129,50013114401792019380347
2026-08-23 01:11:00,-12800000000,12798099869856614147632,276322,276322,276322,276322,0,12798099869856614147632,50013114401792019380347
2026-08-23 01:12:00,138099879833,-138081382112651252405074,276322,276322,276322,276322,138099879833,0,50013114401792019380347
2026-08-23 01:13:00,195747835086,-195722922135813321244672,276322,276322,276322,276322,195747835086,0,50013114401792019380347
2026-08-23 01:15:00,141204698055,-141187797229049740334209,276322,276322,276322,276322,151141595978,9935610977950259665791,50013114401792019380347
2026-08-23 01:16:00,102294497088,-102282665012144808707471,276322,276322,276322,276322,102294497088,0,50013114401792019380347
2026-08-23 01:19:00,-19148243548,19145811137259916297344,276322,276322,276322,276322,1639296452,20784920021634398891379,50013114401792019380347
2026-08-23 01:20:00,-22849548408,22846650107400812043989,276322,276322,276322,276322,0,22846650107400812043989,50013114401792019380347
2026-08-23 01:21:00,-21910605116,21907806305409357379103,276322,276322,276322,276322,0,21907806305409357379103,50013114401792019380347
2026-08-23 01:22:00,-2756750540,2756392962394364967569,276322,276322,276322,276322,339689460,3096042940030420668967,50013114401792019380347
2026-08-23 01:23:00,252037755091,-252009728408202152684635,276322,276322,276322,276322,253052755091,1014869769327366564286,50013114401792019380347
2026-08-23 01:25:00,250025305475,-250000000000000000000000,276323,276323,276323,276323,250025305475,0,50013114401792019380347
2026-08-23 01:26:00,6222904335,-6222317129106261446921,276323,276323,276323,276323,7118404335,895403080091194160509,50013114401792019380347
2026-08-23 01:28:00,-19461883926,19459775185521764659984,276322,276322,276322,276322,0,19459775185521764659984,50013114401792019380347
2026-08-23 01:30:00,-4444357525,4443873842760964279988,276322,276322,276322,276322,0,4443873842760964279988,50013114401792019380347
2026-08-23 01:32:00,-4243675000,4243212421920310566650,276322,276322,276322,276322,0,4243212421920310566650,50013114401792019380347
2026-08-23 01:33:00,-40200773219,40196355456858361791764,276322,276322,276322,276322,0,40196355456858361791764,50013114401792019380347
2026-08-23 01:34:00,-28102546457,28099419824372568823929,276322,276322,276322,276322,0,28099419824372568823929,50013114401792019380347
2026-08-23 01:35:00,-8995725066,8994717547367652960353,276322,276322,276322,276322,0,8994717547367652960353,50013114401792019380347
2026-08-23 01:36:00,-381736310,381693483567138010547,276322,276322,276322,276322,0,381693483567138010547,50013114401792019380347
2026-08-23 01:37:00,-9770819109,9769720963932327335660,276322,276322,276322,276322,0,9769720963932327335660,50013114401792019380347
2026-08-23 01:38:00,-2552719278,2552431748396901573218,276322,276322,276322,276322,0,2552431748396901573218,50013114401792019380347
2026-08-23 01:39:00,-2040745000,2040514950052125267229,276322,276322,276322,276322,0,2040514950052125267229,50013114401792019380347
2026-08-23 01:40:00,192652627,-192633214929894404470,276322,276322,276322,276322,192652627,0,50013114401792019380347
2026-08-23 01:42:00,4875123441,-4874632687341263650816,276322,276322,276322,276322,4875123441,0,50013114401792019380347
2026-08-23 01:47:00,366778512,-366741628701594533029,276322,276322,276322,276322,366778512,0,50013114401792019380347
2026-08-23 01:48:00,9297817000,-9296883807215806075458,276322,276322,276322,276322,9297817000,0,50013114401792019380347
2026-08-23 01:50:00,-500000001,499943905047619133658,276322,276322,276322,276322,0,499943905047619133658,50013114401792019380347
2026-08-23 01:51:00,-1388852394,1388696525452647390664,276322,276322,276322,276322,0,1388696525452647390664,50013114401792019380347
2026-08-23 01:52:00,-33612529529,33608733752975738569137,276322,276322,276322,276322,0,33608733752975738569137,50013114401792019380347
2026-08-23 01:53:00,-9950000000,9948867707306662133436,276322,276322,276322,276322,0,9948867707306662133436,50013114401792019380347
2026-08-23 01:54:00,-557440585,557364384438097299186,276322,276322,276322,276322,1054010365,1611267196938756493090,50013114401792019380347
2026-08-23 01:55:00,-250491250,250462687815694113988,276322,276322,276322,276322,0,250462687815694113988,50013114401792019380347
2026-08-23 01:56:00,9499879080,-9498911605412833353811,276322,276322,276322,276322,9499879080,0,50013114401792019380347
2026-08-23 01:58:00,5887677674,-5887427862163846075682,276322,276322,276322,276322,34889146635,28998156138795613236751,50013114401792019380347
2026-08-23 01:59:00,-166306364,166286249995125048027,276322,276322,276322,276322,104264689,270540365482596925983,50013114401792019380347
2026-08-23 02:00:00,-7556521513,7555663303275609656961,276322,276322,276322,276322,0,7555663303275609656961,50013114401792019380347
2026-08-23 02:01:00,-773115000,773027066775733694023,276322,276322,276322,276322,0,773027066775733694023,50013114401792019380347
2026-08-23 02:03:00,773221092,-773142425612979498090,276322,276322,276322,276322,773221092,0,50013114401792019380347
2026-08-23 02:04:00,424270291,-424227136631092063009,276322,276322,276322,276322,424270291,0,50013114401792019380347
2026-08-23 02:05:00,136030415,-136016580121664302358,276322,276322,276322,276322,136030415,0,50013114401792019380347
2026-08-23 02:09:00,-7371988983,7371149695884627840836,276322,276322,276322,276322,0,7371149695884627840836,50013114401792019380347
2026-08-23 02:10:00,101056224887,-101047617149620131302846,276322,276323,276322,276323,225692738684,124623116700975362736853,50013114401792019380347
2026-08-23 02:11:00,-44542478129,44537535796083020658684,276322,276322,276322,276322,417486885,44954981039171295004752,50013114401792019380347
2026-08-23 02:12:00,-5174000000,5173421344144486548911,276322,276322,276322,276322,0,5173421344144486548911,50013114401792019380347
2026-08-23 02:15:00,-2134883869,2134628586157269685608,276322,276322,276322,276322,1350607919,3485101557279549275255,50013114401792019380347
2026-08-23 02:16:00,-1480135637,1479963701512844868101,276322,276322,276322,276322,506238888,1986151956085362470957,50013114401792019380347
2026-08-23 02:17:00,358903927,-358868008131532420349,276322,276322,276322,276322,358903927,0,50013114401792019380347
2026-08-23 02:18:00,5323503529,-5323091339568705784397,276322,276322,276322,276322,15323503529,9998877272957739756437,50013114401792019380347
2026-08-23 02:19:00,71893391,-71886212510706988435,276322,276322,276322,276322,71893391,0,50013114401792019380347
2026-08-23 02:21:00,3891948766,-3891560427779701854027,276322,276322,276322,276322,3891948766,0,50013114401792019380347
2026-08-23 02:23:00,-16779195989,16777316099208552061238,276322,276322,276322,276322,0,16777316099208552061238,50013114401792019380347
2026-08-23 02:25:00,-10584200468,10583008856397166602215,276322,276322,276322,276322,0,10583008856397166602215,50013114401792019380347
2026-08-23 02:27:00,-15658537214,15656766098795373209461,276322,276322,276322,276322,0,15656766098795373209461,50013114401792019380347
2026-08-23 02:28:00,-20528573628,20526236818333752259803,276322,276322,276322,276322,0,20526236818333752259803,50013114401792019380347
2026-08-23 02:29:00,-6216615093,6215901375796780398262,276322,276322,276322,276322,228596533,6444474478574079837941,50013114401792019380347
2026-08-23 02:31:00,-36407833493,36403638626471824283000,276322,276322,276322,276322,0,36403638626471824283000,50013114401792019380347
2026-08-23 02:32:00,19522557141,-19520660343451741717166,276322,276322,276322,276322,29932882725,10409116375549466650430,50013114401792019380347
2026-08-23 02:33:00,-4669215584,4668675389464426499381,276322,276322,276322,276322,168531770,4837189772667227966236,50013114401792019380347
2026-08-23 02:35:00,-261901048165,261869465930163039887698,276322,276322,276322,276322,0,261869465930163039887698,50013114401792019380347
2026-08-23 02:39:00,-974602500,974479852154910644055,276322,276322,276322,276322,0,974479852154910644055,50013114401792019380347
2026-08-23 02:41:00,8008788652,-8007878018084382403683,276322,276322,276322,276322,8008788652,0,50013114401792019380347
2026-08-23 02:42:00,1093806212,-1093682040896006263495,276322,276322,276322,276322,1093806212,0,50013114401792019380347
2026-08-23 02:43:00,-57174073091,57166765313828246068152,276322,276322,276322,276322,5594955189,62761081080012922806860,50013114401792019380347
2026-08-23 02:44:00,-70797207321,70788060143433544811812,276322,276322,276322,276322,12847386,70800906041825200715076,50013114401792019380347
2026-08-23 02:45:00,-114943730821,114928432044797553346455,276322,276322,276322,276322,1767682598,116695905028127102895425,50013114401792019380347
2026-08-23 02:46:00,316004614,-315965680951636021659,276322,276322,276322,276322,316004614,0,50013114401792019380347
2026-08-23 02:47:00,210276402,-210250497456857849992,276322,276322,276322,276322,210276402,0,50013114401792019380347
2026-08-23 02:49:00,-189797760,189772100270187187834,276322,276322,276322,276322,0,189772100270187187834,50013114401792019380347
2026-08-23 02:50:00,-773115000,773010464306855942099,276322,276322,276322,276322,0,773010464306855942099,50013114401792019380347
2026-08-23 02:52:00,583564968,-583495265518794512824,276322,276322,276322,276322,767189412,183599617411299442996,50013114401792019380347
2026-08-23 02:53:00,-1828836543,1828589206650820615653,276322,276322,276322,276322,0,1828589206650820615653,50013114401792019380347
2026-08-23 02:56:00,2964737042,-2964371725000000000000,276322,276322,276322,276322,2964737042,0,50013114401792019380347
2026-08-23 02:58:00,-131052848,131027107923544053353,276322,276322,276322,276322,668934188,799878896923544053353,50013114401792019380347
2026-08-23 03:01:00,99957960610,-99945863958284655532222,276322,276322,276322,276322,101216044293,1257916263101507163043,50013114401792019380347
2026-08-23 03:02:00,-3001237157,3000843307974645123696,276322,276322,276322,276322,0,3000843307974645123696,50013114401792019380347
2026-08-23 03:03:00,-147377362,147349586314489264101,276322,276322,276322,276322,702133704,849399543287387858599,50013114401792019380347
2026-08-23 03:04:00,256595693,-256565084066098719364,276322,276322,276322,276322,256595693,0,50013114401792019380347
2026-08-23 03:05:00,1009612654,-1009492242046248879461,276322,276322,276322,276322,1009612654,0,50013114401792019380347
2026-08-23 03:06:00,-230892169,230860795917649837822,276322,276322,276322,276322,88943351,319793540487055933182,50013114401792019380347
2026-08-23 03:07:00,2019133526,-2018892816672807922046,276322,276322,276322,276322,2019133526,0,50013114401792019380347
2026-08-23 03:12:00,-195913200,195887500294384857956,276322,276322,276322,276322,0,195887500294384857956,50013114401792019380347
2026-08-23 03:13:00,36864910,-36860517092236984320,276322,276322,276322,276322,36864910,0,50013114401792019380347
2026-08-23 03:15:00,18282964431,-18280792145296579667163,276322,276322,276322,276322,18282964431,0,50013114401792019380347
2026-08-23 03:19:00,168273458,-168259509699911741074,276322,276322,276322,276322,666881944,498543451575714682616,50013114401792019380347
2026-08-23 03:20:00,9138552756,-9137472032793769938943,276322,276322,276322,276322,9138552756,0,50013114401792019380347
2026-08-23 03:21:00,17358851040,-17356807380346866076538,276322,276322,276322,276322,17358851040,0,50013114401792019380347
2026-08-23 03:22:00,-996000000,995871115998915528891,276322,276322,276322,276322,0,995871115998915528891,50013114401792019380347
2026-08-23 03:23:00,-1579656000,1579451508574653846708,276322,276322,276322,276322,0,1579451508574653846708,50013114401792019380347
2026-08-23 03:24:00,10552357188,-10551119659210577488495,276322,276322,276322,276322,10552357188,0,50013114401792019380347
2026-08-23 03:25:00,10095950909,-10094771074257849371992,276322,276322,276322,276322,10095950909,0,50013114401792019380347
2026-08-23 03:26:00,985759469,-985644489410959836449,276322,276322,276322,276322,985759469,0,50013114401792019380347
2026-08-23 03:27:00,6391549275,-6390804702460932287222,276322,276322,276322,276322,6391549275,0,50013114401792019380347
2026-08-23 03:29:00,-202230470742,202203676342691083792832,276322,276322,276322,276322,1474203579,203677696412348238991405,50013114401792019380347
2026-08-23 03:30:00,58688347605,-58681112628000000000000,276322,276322,276322,276322,58688347605,0,50013114401792019380347
2026-08-23 03:31:00,-700890702,700796699854752698370,276322,276322,276322,276322,0,700796699854752698370,50013114401792019380347
2026-08-23 03:33:00,1479095573,-1478914971000000000000,276322,276322,276322,276322,1479095573,0,50013114401792019380347
2026-08-23 03:34:00,5197082049,-5196448163000000000000,276322,276322,276322,276322,5197082049,0,50013114401792019380347
2026-08-23 03:35:00,-99570600,99557270279365770372,276322,276322,276322,276322,0,99557270279365770372,50013114401792019380347
2026-08-23 03:36:00,552903828,-552836452000000000000,276322,276322,276322,276322,552903828,0,50013114401792019380347
2026-08-23 03:37:00,-99412300,99398993322752851947,276322,276322,276322,276322,0,99398993322752851947,50013114401792019380347
2026-08-23 03:38:00,-141601932,141582977774654785626,276322,276322,276322,276322,0,141582977774654785626,50013114401792019380347
2026-08-23 03:40:00,-2175875424,2175584074094399602201,276322,276322,276322,276322,0,2175584074094399602201,50013114401792019380347
2026-08-23 03:43:00,-206414993205,206386493664652000146954,276322,276322,276322,276322,0,206386493664652000146954,50013114401792019380347
2026-08-23 03:44:00,113233748762,-113219262379000000000000,276322,276322,276322,276322,113233748762,0,50013114401792019380347
2026-08-23 03:45:00,65642125862,-65633966682401420275762,276322,276322,276322,276322,65968232137,326062238137171360243,50013114401792019380347
2026-08-23 03:46:00,90288567183,-90277623188982629480497,276322,276322,276322,276322,90506908383,218311712471740799269,50013114401792019380347
2026-08-23 03:47:00,-16089620,16086146602201829371,276322,276322,276322,276322,113199054,129271680482970710768,50013114401792019380347
2026-08-23 03:52:00,-4965000,4964347217014715341,276322,276322,276322,276322,0,4964347217014715341,50013114401792019380347
2026-08-23 03:53:00,140049121718,-140032786884000000000000,276322,276322,276322,276322,140049121718,0,50013114401792019380347
2026-08-23 03:56:00,-309623781,309584817221175718218,276322,276322,276322,276322,0,309584817221175718218,50013114401792019380347
2026-08-23 03:57:00,-985514180,985390134984953373421,276322,276322,276322,276322,0,985390134984953373421,50013114401792019380347
2026-08-23 03:58:00,-75843908434,75834245650100414760227,276322,276322,276322,276322,1679747,75835925201184782586652,50013114401792019380347
2026-08-23 04:00:00,12009733,-12008329438785111892,276322,276322,276322,276322,12009733,0,50013114401792019380347
2026-08-23 04:01:00,8567904,-8566902934205072041,276322,276322,276322,276322,8567904,0,50013114401792019380347
2026-08-23 04:02:00,671253377,-671174904586152236581,276322,276322,276322,276322,671253377,0,50013114401792019380347
2026-08-23 04:05:00,583520793,-583452591116173120730,276322,276322,276322,276322,583520793,0,50013114401792019380347
2026-08-23 04:10:00,42301123657,-42296215701000000000000,276322,276322,276322,276322,42301123657,0,50013114401792019380347
2026-08-23 04:11:00,9114341724,-9113293607649381607646,276322,276322,276322,276322,9114341724,0,50013114401792019380347
2026-08-23 04:12:00,9112634458,-9111589858777318771200,276322,276322,276322,276322,9112634458,0,50013114401792019380347
2026-08-23 04:13:00,-19459880,19457419080227244707,276322,276322,276322,276322,0,19457419080227244707,50013114401792019380347
2026-08-23 04:14:00,-73733299917,73723867716144107247701,276322,276322,276322,276322,0,73723867716144107247701,50013114401792019380347
2026-08-23 04:15:00,-47301729,47295608054179635716,276322,276322,276322,276322,0,47295608054179635716,50013114401792019380347
2026-08-23 04:18:00,34926692564,-34922616539000000000000,276322,276322,276322,276322,34926692564,0,50013114401792019380347
2026-08-23 04:21:00,24101461,-24098665825461073178,276322,276322,276322,276322,24101461,0,50013114401792019380347
2026-08-23 04:24:00,-123244965554,123228886342387949991363,276322,276322,276322,276322,0,123228886342387949991363,50013114401792019380347
2026-08-23 04:25:00,69305967,-69297586471415852372,276322,276322,276322,276322,69305967,0,50013114401792019380347
2026-08-23 04:30:00,228999942,-228972251484386154704,276322,276322,276322,276322,228999942,0,50013114401792019380347
2026-08-23 04:32:00,195890744931,-195867825185993514218113,276322,276322,276322,276322,195890744931,0,50013114401792019380347
2026-08-23 04:34:00,826243,-826149909681134585,276322,276322,276322,276322,826243,0,50013114401792019380347
2026-08-23 04:35:00,10197552568,-10196401442298482913979,276322,276322,276322,276322,10197552568,0,50013114401792019380347
2026-08-23 04:40:00,69207666695,-69199964208000000000000,276322,276322,276322,276322,69207666695,0,50013114401792019380347
2026-08-23 04:41:00,99061887,-99051000000000000000,276322,276322,276322,276322,99061887,0,50013114401792019380347
2026-08-23 04:45:00,-135471275675,135454393972267104435239,276322,276322,276322,276322,0,135454393972267104435239,50013114401792019380347
2026-08-23 04:46:00,111602021414,-111589399988117124251648,276322,276322,276322,276322,111602021414,0,50013114401792019380347
2026-08-23 04:47:00,-111354141,111330469334884738625,276322,276322,276322,276322,832592289,943830469334884738625,50013114401792019380347
2026-08-23 04:48:00,55870122519,-55863990795496901086842,276322,276322,276322,276322,55870122519,0,50013114401792019380347
2026-08-23 04:49:00,229371515389,-229347649922751363417929,276322,276322,276322,276322,229371515389,0,50013114401792019380347
2026-08-23 04:50:00,6540152615,-6539508170556190125430,276322,276322,276322,276322,6972982657,432781896983287013985,50013114401792019380347
2026-08-23 04:51:00,-209323933814,209299781254425686633347,276322,276322,276322,276322,0,209299781254425686633347,50013114401792019380347
2026-08-23 04:52:00,183826623655,-183807527058592449791597,276322,276322,276322,276322,183993373249,166730881349466208319,50013114401792019380347
2026-08-23 04:53:00,688663035,-688594027118418436165,276322,276322,276322,276322,688663035,0,50013114401792019380347
2026-08-23 04:54:00,-357270154090,357227519928504879633807,276322,276322,276322,276322,0,357227519928504879633807,50013114401792019380347
2026-08-23 04:55:00,10623767089,-10622553172027085934531,276322,276322,276322,276322,10623767089,0,50013114401792019380347
2026-08-23 04:56:00,-3435962071,3435528729814112410513,276322,276322,276322,276322,0,3435528729814112410513,50013114401792019380347
2026-08-23 04:57:00,335887174,-335848822046882060480,276322,276322,276322,276322,335887174,0,50013114401792019380347
2026-08-23 04:58:00,477057587,-477003123927284259384,276322,276322,276322,276322,477057587,0,50013114401792019380347
2026-08-23 04:59:00,852981573,-852884213939581546298,276322,276322,276322,276322,852981573,0,50013114401792019380347
2026-08-23 05:00:00,15878935080,-15877127974000000000000,276322,276322,276322,276322,15878935080,0,50013114401792019380347
2026-08-23 05:01:00,-11184783642,11183377600971057288284,276322,276322,276322,276322,0,11183377600971057288284,50013114401792019380347
2026-08-23 05:02:00,359069573387,-359031291717419903304358,276322,276322,276322,276322,363355511644,4285398145580096695642,50013114401792019380347
2026-08-23 05:03:00,-15000000000,14998321844804986677920,276322,276322,276322,276322,0,14998321844804986677920,50013114401792019380347
2026-08-23 05:04:00,-25786064826,25783153434472905334002,276322,276322,276322,276322,458088540,26241196051189038336501,50013114401792019380347
2026-08-23 05:06:00,15276870,-15275324444968550395,276322,276322,276322,276322,15276870,0,50013114401792019380347
2026-08-23 05:07:00,4926815926,-4926317776000000000000,276322,276322,276322,276322,4926815926,0,50013114401792019380347
2026-08-23 05:08:00,-3016558634,3016163549045939396250,276322,276322,276322,276322,4500454193,7516163549362578648136,50013114401792019380347
2026-08-23 05:09:00,-5713005271,5712357144638358411027,276322,276322,276322,276322,96285125,5808632510900363827109,50013114401792019380347
2026-08-23 05:10:00,-17729628205,17725988637184035260842,276322,276322,276322,276322,135303081690,153014894037184035260842,50013114401792019380347
2026-08-23 05:15:00,151190007599,-151175032704517344260981,276323,276323,276323,276323,151190007599,0,50013114401792019380347
2026-08-23 05:16:00,125207432,-125195410404721559310,276323,276323,276323,276323,125207432,0,50013114401792019380347
2026-08-23 05:17:00,297781343,-297752752652188867150,276323,276323,276323,276323,297781343,0,50013114401792019380347
2026-08-23 05:18:00,-149112350,149096244169256100646,276323,276323,276323,276323,0,149096244169256100646,50013114401792019380347
2026-08-23 05:19:00,58403438,-58398658299032532268,276323,276323,276323,276323,127369237,68958349904934137863,50013114401792019380347
2026-08-23 05:20:00,942819149,-942728646741949274419,276323,276323,276323,276323,942819149,0,50013114401792019380347
2026-08-23 05:21:00,-142312518,142297145301227338288,276323,276323,276323,276323,426113,142723218228532829837,50013114401792019380347
2026-08-23 05:22:00,24771351995,-24768988232812659185328,276323,276323,276323,276323,24896319321,124953956187340814672,50013114401792019380347
2026-08-23 05:25:00,143070396719,-143057215884000000000000,276323,276323,276323,276323,143070396719,0,50013114401792019380347
2026-08-23 05:27:00,8863955860,-8863166162906966181813,276323,276323,276323,276323,8863955860,0,50013114401792019380347
2026-08-23 05:29:00,-1663651429,1663483489277360612950,276323,276323,276323,276323,0,1663483489277360612950,50013114401792019380347
2026-08-23 05:31:00,-23921468092,23919041084408731699520,276323,276323,276323,276323,0,23919041084408731699520,50013114401792019380347
2026-08-23 05:32:00,117204488842,-117194224690899688443627,276323,276323,276323,276323,117387576027,183069380100311556373,50013114401792019380347
2026-08-23 05:33:00,79914093516,-79907408490000000000000,276323,276323,276323,276323,79914093516,0,50013114401792019380347
2026-08-23 05:34:00,204490694,-204473915447504788517,276323,276323,276323,276323,204490694,0,50013114401792019380347
2026-08-23 05:36:00,-3216684510,3216381785564219664317,276323,276323,276323,276323,0,3216381785564219664317,50013114401792019380347
2026-08-23 05:37:00,-23436571122,23434349014620926375486,276323,276323,276323,276323,333428878,23767750495258739587331,50013114401792019380347
2026-08-23 05:38:00,38985926,-38982686651863459724,276323,276323,276323,276323,38985926,0,50013114401792019380347
2026-08-23 05:40:00,-163163314,163147794994178155544,276323,276323,276323,276323,0,163147794994178155544,50013114401792019380347
2026-08-23 05:41:00,-42751547782,42747444866155405011991,276323,276323,276323,276323,0,42747444866155405011991,50013114401792019380347
2026-08-23 05:43:00,30706388149,-30703802273016588423790,276323,276323,276323,276323,30706388149,0,50013114401792019380347
2026-08-23 05:44:00,-108236162,108225661141523026162,276323,276323,276323,276323,12663838,120888441362498163360,50013114401792019380347
2026-08-23 05:45:00,127135778150,-127125472308132736866540,276323,276323,276323,276323,127135778150,0,50013114401792019380347
2026-08-23 05:46:00,119712141506,-119703028224000000000000,276323,276323,276323,276323,119712141506,0,50013114401792019380347
2026-08-23 05:48:00,37304553921,-37301831156000000000000,276323,276323,276323,276323,37304553921,0,50013114401792019380347
2026-08-23 05:49:00,17337655,-17336402994091211230,276323,276323,276323,276323,17337655,0,50013114401792019380347
2026-08-23 05:51:00,57022796127,-57018741752000000000000,276323,276323,276323,276323,57022796127,0,50013114401792019380347
2026-08-23 05:54:00,587085737142,-587053510379366880731801,276323,276323,276323,276323,750041226335,162946489620633119268199,50013114401792019380347
2026-08-23 05:56:00,482153002488,-482145948572955276812291,276323,276323,276323,276324,1374788432139,892616364746044723187709,50013114401792019380347
2026-08-23 05:57:00,-27368137143,27367049131555434303047,276323,276323,276323,276323,5095748,27372144735856148294607,50013114401792019380347
2026-08-23 05:58:00,-3767909413,3767757283414507662420,276323,276323,276323,276323,0,3767757283414507662420,50013114401792019380347
2026-08-23 05:59:00,-15000000000,14999388747659779146398,276323,276323,276323,276323,0,14999388747659779146398,50013114401792019380347
2026-08-23 06:00:00,1211159855,-1211124700547293375531,276323,276323,276323,276323,1211159855,0,50013114401792019380347
2026-08-23 06:01:00,222035745,-222030926528553505781,276323,276323,276323,276323,357035745,134994464415944890307,50013114401792019380347
2026-08-23 06:02:00,-73587349640,73584196347554928194587,276323,276323,276323,276323,2373175476,75957295922288749900827,50013114401792019380347
2026-08-23 06:03:00,-15000000,14999340966392804252,276323,276323,276323,276323,0,14999340966392804252,50013114401792019380347
2026-08-23 06:04:00,-8292621,8292256410811359276,276323,276323,276323,276323,0,8292256410811359276,50013114401792019380347
2026-08-23 06:05:00,99778532769,-99775545232807555962647,276323,276323,276323,276323,99778532769,0,50013114401792019380347
2026-08-23 06:08:00,17672761,-17672464607948317601,276323,276323,276323,276323,34056761,16383344834518899853,50013114401792019380347
2026-08-23 06:09:00,26037363,-26036636124126115112,276323,276323,276323,276323,26037363,0,50013114401792019380347
2026-08-23 06:10:00,-98157114368,98153000887488802067814,276323,276323,276323,276323,0,98153000887488802067814,50013114401792019380347
2026-08-23 06:11:00,-484227857530,484201926711851787602535,276323,276323,276323,276323,0,484201926711851787602535,50013114401792019380347
2026-08-23 06:12:00,-4224169935,4223902474477703671274,276323,276323,276323,276323,0,4223902474477703671274,50013114401792019380347
2026-08-23 06:14:00,151585237658,-151577905344624529061154,276323,276323,276323,276323,151585237658,0,50013114401792019380347
2026-08-23 06:15:00,-41901100127,41898661850036386654388,276323,276323,276323,276323,48361888,41947021546203638699160,50013114401792019380347
2026-08-23 06:16:00,-71525733,71521510954556217430,276323,276323,276323,276323,0,71521510954556217430,50013114401792019380347
2026-08-23 06:18:00,-485862516,485821962841551191081,276323,276323,276323,276323,989468245,1475243704841551191081,50013114401792019380347
2026-08-23 06:20:00,424590740,-424572540249765354174,276323,276323,276323,276323,571889791,147290354210795016053,50013114401792019380347
2026-08-23 06:21:00,-3869748018,3869503503053322800734,276323,276323,276323,276323,1318306608,5187747895053322800734,50013114401792019380347
2026-08-23 06:22:00,250062906,-250051110478359908885,276323,276323,276323,276323,250062906,0,50013114401792019380347
2026-08-23 06:24:00,-735565380,735521847749382847549,276323,276323,276323,276323,0,735521847749382847549,50013114401792019380347
2026-08-23 06:29:00,-2556538152,2556386687436829749734,276323,276323,276323,276323,0,2556386687436829749734,50013114401792019380347
2026-08-23 06:30:00,-871283673,871231993214168244920,276323,276323,276323,276323,0,871231993214168244920,50013114401792019380347
2026-08-23 06:31:00,-30974146460,30972283318142237837820,276323,276323,276323,276323,517712981,31489971452118346023359,50013114401792019380347
2026-08-23 06:32:00,-1328608415,1328527904363825100372,276323,276323,276323,276323,0,1328527904363825100372,50013114401792019380347
2026-08-23 06:33:00,-44272339639,44269616517515493815468,276323,276323,276323,276323,0,44269616517515493815468,50013114401792019380347
2026-08-23 06:34:00,-77391994995,77387046488405315863861,276323,276323,276323,276323,0,77387046488405315863861,50013114401792019380347
2026-08-23 06:35:00,3101648834,-3101486863103061453653,276323,276323,276323,276323,3413252234,311583033896938546347,50013114401792019380347
2026-08-23 06:37:00,42377539737,-42375314176000000000000,276323,276323,276323,276323,42377539737,0,50013114401792019380347
2026-08-23 06:38:00,249596141,-249583246000000000000,276323,276323,276323,276323,249596141,0,50013114401792019380347
2026-08-23 06:39:00,-6296285,6295738233992547941,276323,276323,276323,276323,12066513,18361628201976810220,50013114401792019380347
2026-08-23 06:40:00,483425005,-483400036605952902783,276323,276323,276323,276323,483425005,0,50013114401792019380347
2026-08-23 06:41:00,10100506572,-10099987010000000000000,276323,276323,276323,276323,10100506572,0,50013114401792019380347
2026-08-23 06:42:00,1053590742,-1053541930833296047826,276323,276323,276323,276323,1482666042,429048162494863351897,50013114401792019380347
2026-08-23 06:43:00,12140030,-12139408797135183685,276323,276323,276323,276323,12140030,0,50013114401792019380347
2026-08-23 06:44:00,1701129442,-1701042412000000000000,276323,276323,276323,276323,1701129442,0,50013114401792019380347
2026-08-23 06:46:00,-161323493639,161312789502663220601773,276323,276323,276323,276323,9431647,161322220606863220601773,50013114401792019380347
2026-08-23 06:47:00,1276427742,-1276354282000000000000,276323,276323,276323,276323,1276427742,0,50013114401792019380347
2026-08-23 06:48:00,-97997879924,97990874567136744755142,276323,276323,276323,276323,0,97990874567136744755142,50013114401792019380347
2026-08-23 06:50:00,-224262866421,224245390164050277570756,276323,276323,276323,276323,0,224245390164050277570756,50013114401792019380347
2026-08-23 06:51:00,-63775168210,63769831114464577180600,276323,276323,276323,276323,0,63769831114464577180600,50013114401792019380347
2026-08-23 06:54:00,24078209,-24076452278298937575,276323,276323,276323,276323,24078209,0,50013114401792019380347
2026-08-23 06:56:00,1202431396,-1202343694901900693359,276323,276323,276323,276323,1202431396,0,50013114401792019380347
2026-08-23 06:57:00,6000436789,-6000000000000000000000,276323,276323,276323,276323,6000436789,0,50013114401792019380347
2026-08-23 06:59:00,19954828,-19953378546718263643,276323,276323,276323,276323,19954828,0,50013114401792019380347
2026-08-23 07:05:00,-53542593107,53538002270276973413740,276323,276323,276323,276323,0,53538002270276973413740,50013114401792019380347
2026-08-23 07:06:00,3178079957,-3177842397000000000000,276323,276323,276323,276323,3178079957,0,50013114401792019380347
2026-08-23 07:08:00,485494841,-485459161932901946395,276323,276323,276323,276323,533482208,47983207087599192557,50013114401792019380347
2026-08-23 07:10:00,64468500935,-64463770382002566048716,276323,276323,276323,276323,64468500935,0,50013114401792019380347
2026-08-23 07:11:00,3949418796,-3949134399000000000000,276323,276323,276323,276323,3949418796,0,50013114401792019380347
2026-08-23 07:13:00,2378486448,-2378315475000000000000,276323,276323,276323,276323,2378486448,0,50013114401792019380347
2026-08-23 07:15:00,8198425545,-8197859501653955128751,276323,276323,276323,276323,9994597662,1796022187346044871249,50013114401792019380347
2026-08-23 07:16:00,9090450460,-9089802072000000000000,276323,276323,276323,276323,9090450460,0,50013114401792019380347
2026-08-23 07:18:00,-267458375,267436135853025195287,276323,276323,276323,276323,0,267436135853025195287,50013114401792019380347
2026-08-23 07:19:00,73198080,-73196743193597125697,276323,276323,276323,276323,395788389,322563486779039711276,50013114401792019380347
2026-08-23 07:20:00,-9228917,9228148974263699055,276323,276323,276323,276323,0,9228148974263699055,50013114401792019380347
2026-08-23 07:21:00,1030272540,-1030203465164226778648,276323,276323,276323,276323,1381101426,350799730835773221351,50013114401792019380347
2026-08-23 07:26:00,16534773264,-16533603038042628575485,276323,276323,276323,276323,16544688895,9914812957371424515,50013114401792019380347
2026-08-23 07:28:00,-1113831618,1113739758371797830148,276323,276323,276323,276323,0,1113739758371797830148,50013114401792019380347
2026-08-23 07:30:00,-2339373793,2339180698540431558978,276323,276323,276323,276323,0,2339180698540431558978,50013114401792019380347
2026-08-23 07:31:00,10062303481,-10061595223873016487693,276323,276323,276323,276323,10062303481,0,50013114401792019380347
2026-08-23 07:34:00,873441492,-873380204548883249227,276323,276323,276323,276323,873441492,0,50013114401792019380347
2026-08-23 07:38:00,-8499679903,8498980206735105936652,276323,276323,276323,276323,0,8498980206735105936652,50013114401792019380347
2026-08-23 07:39:00,-990779204,990691858259808881235,276323,276323,276323,276323,466385414,1457044373843391135331,50013114401792019380347
2026-08-23 07:44:00,-200000000000,199982694365870526951348,276323,276323,276323,276323,0,199982694365870526951348,50013114401792019380347
2026-08-23 07:46:00,244746156762,-244728135004609841924329,276323,276323,276323,276323,244746156762,0,50013114401792019380347
2026-08-23 07:47:00,-4097900195,4097568992036019874491,276323,276323,276323,276323,0,4097568992036019874491,50013114401792019380347
2026-08-23 07:52:00,-3824920589,3824596743423437182052,276323,276323,276323,276323,1175079411,4999595213199557922693,50013114401792019380347
2026-08-23 07:53:00,-120702290707,120692203633483342153856,276323,276323,276323,276323,1000073909,121692203633483342153856,50013114401792019380347
2026-08-23 07:54:00,-155366969442,155353143392162565254720,276323,276323,276323,276323,0,155353143392162565254720,50013114401792019380347
2026-08-23 07:57:00,111175182130,-111166524466483342153856,276323,276323,276323,276323,111175182130,0,50013114401792019380347
2026-08-23 07:59:00,-1205205692,1205095221280405121881,276323,276323,276323,276323,400345351,1605410289161910227822,50013114401792019380347
2026-08-23 08:00:00,12281006677,-12280080025000000000000,276323,276323,276323,276323,12281006677,0,50013114401792019380347
2026-08-23 08:01:00,520443646,-520404510077773844689,276323,276323,276323,276323,520443646,0,50013114401792019380347
2026-08-23 08:06:00,-172119100,172104092607973916214,276323,276323,276323,276323,0,172104092607973916214,50013114401792019380347
2026-08-23 08:07:00,-29315783,29313226726321020950,276323,276323,276323,276323,0,29313226726321020950,50013114401792019380347
2026-08-23 08:08:00,-114467306,114457324581286347530,276323,276323,276323,276323,0,114457324581286347530,50013114401792019380347
2026-08-23 08:09:00,188454418963,-188440957157000000000000,276323,276323,276323,276323,188454418963,0,50013114401792019380347
2026-08-23 08:10:00,57995908945,-57992069922799107461922,276323,276323,276323,276323,59497999014,1501973933200892538078,50013114401792019380347
2026-08-23 08:14:00,-19860000,19858463076620065154,276323,276323,276323,276323,0,19858463076620065154,50013114401792019380347
2026-08-23 08:15:00,119279926,-119272132316445126046,276323,276323,276323,276323,119279926,0,50013114401792019380347
2026-08-23 08:16:00,-457862367,457826950349606283779,276323,276323,276323,276323,0,457826950349606283779,50013114401792019380347
2026-08-23 08:17:00,203159258,-203146040862581453351,276323,276323,276323,276323,208134258,4974614985872608247,50013114401792019380347
2026-08-23 08:18:00,-49650000,49646159353566344310,276323,276323,276323,276323,0,49646159353566344310,50013114401792019380347
2026-08-23 08:19:00,-547090296,547047970269884524040,276323,276323,276323,276323,0,547047970269884524040,50013114401792019380347
2026-08-23 08:22:00,-39920000,39916910667656344132,276323,276323,276323,276323,0,39916910667656344132,50013114401792019380347
2026-08-23 08:23:00,585306731,-585268472611331491530,276323,276323,276323,276323,585306731,0,50013114401792019380347
2026-08-23 08:24:00,448422280056,-448396993970787686701872,276323,276323,276323,276323,448422280056,0,50013114401792019380347
2026-08-23 08:26:00,62700888503,-62697993600000000000000,276323,276323,276323,276323,62700888503,0,50013114401792019380347
2026-08-23 08:32:00,68546977972,-68543993027000000000000,276323,276323,276323,276323,68546977972,0,50013114401792019380347
2026-08-23 08:33:00,-15098010511,15097187949832231643771,276323,276323,276323,276323,5754720,15102942427486554142985,50013114401792019380347
2026-08-23 08:35:00,-85030549,85025890179384459984,276323,276323,276323,276323,0,85025890179384459984,50013114401792019380347
2026-08-23 08:36:00,-11635782791,11635142651676531854460,276323,276323,276323,276323,0,11635142651676531854460,50013114401792019380347
2026-08-23 08:37:00,-74313823002,74309370894614691376356,276323,276323,276323,276323,19672061272,93980589129614691376356,50013114401792019380347
2026-08-23 08:38:00,330467105,-330467362038894483746,276323,276323,276323,276323,1624494526,1293952133961105516254,50013114401792019380347
2026-08-23 08:40:00,63709942336,-63708029221646222907076,276323,276323,276323,276323,142840877134,79126655712187090650326,50013114401792019380347
2026-08-23 08:41:00,-841116906,841070075603240876013,276323,276323,276323,276323,0,841070075603240876013,50013114401792019380347
2026-08-23 08:45:00,49740557263,-49739156596769016691655,276323,276323,276323,276323,110005277044,60261556010416611969073,50013114401792019380347
2026-08-23 08:47:00,34245799845,-34244395130999414763658,276323,276323,276323,276323,34245799845,0,50013114401792019380347
2026-08-23 08:48:00,4359612997,-4359437537000000000000,276323,276323,276323,276323,4359612997,0,50013114401792019380347
2026-08-23 08:56:00,418467847,-418451153545926072847,276323,276323,276323,276323,427406065,8937751571406951616,50013114401792019380347
2026-08-23 08:57:00,111792805,-111788317783810136909,276323,276323,276323,276323,111792805,0,50013114401792019380347
2026-08-23 08:58:00,53111670,-53109538284522865964,276323,276323,276323,276323,53111670,0,50013114401792019380347
2026-08-23 08:59:00,-109328313197,109322374312776990015599,276323,276323,276323,276323,0,109322374312776990015599,50013114401792019380347
2026-08-23 09:00:00,-239909737534,239895030143962341756342,276323,276323,276323,276323,0,239895030143962341756342,50013114401792019380347
2026-08-23 09:01:00,20001074080,-20000000000000000000000,276323,276323,276323,276323,20001074080,0,50013114401792019380347
2026-08-23 09:02:00,561886297,-561856355042820010880,276323,276323,276323,276323,561886297,0,50013114401792019380347
2026-08-23 09:03:00,4371181545,-4370949756324810821595,276323,276323,276323,276323,4431036775,59851322879714229322,50013114401792019380347
2026-08-23 09:05:00,678035997,-678000000000000000000,276323,276323,276323,276323,678035997,0,50013114401792019380347
2026-08-23 09:06:00,25390437573,-25389116788567734051638,276323,276323,276323,276323,26554644593,1164132466146183980451,50013114401792019380347
2026-08-23 09:07:00,-762245976,762197133667484293465,276323,276323,276323,276323,0,762197133667484293465,50013114401792019380347
2026-08-23 09:08:00,-221833605,221819385387793585555,276323,276323,276323,276323,0,221819385387793585555,50013114401792019380347
2026-08-23 09:09:00,-94626628824,94620378447483196711770,276323,276323,276323,276323,480225199,95100578631180994880496,50013114401792019380347
2026-08-23 09:10:00,-49005162149,49001787471397053018199,276323,276323,276323,276323,0,49001787471397053018199,50013114401792019380347
2026-08-23 09:11:00,47784236900,-47781518511000000000000,276323,276323,276323,276323,47784236900,0,50013114401792019380347
2026-08-23 09:12:00,-13492676027,13491755791339387813791,276323,276323,276323,276323,0,13491755791339387813791,50013114401792019380347
2026-08-23 09:15:00,27980167985,-27978603513372864577003,276323,276323,276323,276323,27980167985,0,50013114401792019380347
2026-08-23 09:17:00,773825967,-773783145357534398027,276323,276323,276323,276323,773825967,0,50013114401792019380347
2026-08-23 09:18:00,-400000000,399973067783015618014,276323,276323,276323,276323,0,399973067783015618014,50013114401792019380347
2026-08-23 09:20:00,1020650447,-1020593986000000000000,276323,276323,276323,276323,1020650447,0,50013114401792019380347
2026-08-23 09:22:00,-100322398231,100315445542331303956626,276323,276323,276323,276323,0,100315445542331303956626,50013114401792019380347
2026-08-23 09:24:00,940552081,-940496316579979608016,276323,276323,276323,276323,940552081,0,50013114401792019380347
2026-08-23 09:28:00,-60037981861,60033630797521614512548,276323,276323,276323,276323,0,60033630797521614512548,50013114401792019380347
2026-08-23 09:37:00,-1992000000,1991853165734069842279,276323,276323,276323,276323,0,1991853165734069842279,50013114401792019380347
2026-08-23 09:39:00,-1600074000,1599955939911444681557,276323,276323,276323,276323,0,1599955939911444681557,50013114401792019380347
2026-08-23 09:41:00,29897219097,-29895388825000000000000,276323,276323,276323,276323,29897219097,0,50013114401792019380347
2026-08-23 09:42:00,17213314283,-17212315120670301929388,276323,276323,276323,276323,20413731783,3200184879329698070612,50013114401792019380347
2026-08-23 09:43:00,-10911686351,10910895831979184787589,276323,276323,276323,276323,269708449,11180588064979184787589,50013114401792019380347
2026-08-23 09:44:00,210668140752,-210656310211025413739228,276323,276323,276323,276323,210668140752,0,50013114401792019380347
2026-08-23 09:46:00,150899259662,-150891876406000000000000,276323,276323,276323,276323,150899259662,0,50013114401792019380347
2026-08-23 09:48:00,-8419592785,8419103781681629294305,276323,276323,276323,276323,0,8419103781681629294305,50013114401792019380347
2026-08-23 09:49:00,63460180417,-63457327528441532692179,276323,276323,276323,276323,63585593740,125406333515187125588,50013114401792019380347
2026-08-23 09:50:00,-318393714,318375973634459744334,276323,276323,276323,276323,0,318375973634459744334,50013114401792019380347
2026-08-23 09:53:00,-16321758,16320848432942660937,276323,276323,276323,276323,0,16320848432942660937,50013114401792019380347
2026-08-23 09:56:00,-11996010113,11995338777182487278992,276323,276323,276323,276323,0,11995338777182487278992,50013114401792019380347
2026-08-23 10:00:00,-120745000000,120737922282246227745396,276323,276323,276323,276323,0,120737922282246227745396,50013114401792019380347
2026-08-23 10:01:00,168442780,-168444124955728340875,276323,276323,276323,276323,968629180,800137581044271659125,50013114401792019380347
2026-08-23 10:03:00,-31042880163,31040966523575502667204,276323,276323,276323,276323,0,31040966523575502667204,50013114401792019380347
2026-08-23 10:06:00,-19288000000,19286791582335020406425,276323,276323,276323,276323,0,19286791582335020406425,50013114401792019380347
2026-08-23 10:07:00,-3916213255,3915966081752119125428,276323,276323,276323,276323,0,3915966081752119125428,50013114401792019380347
2026-08-23 10:08:00,330117298,-330100400925926629990,276323,276323,276323,276323,330117298,0,50013114401792019380347
2026-08-23 10:10:00,-1583970,1583869428127062915,276323,276323,276323,276323,0,1583869428127062915,50013114401792019380347
2026-08-23 10:11:00,229669584,-229657830949025606053,276323,276323,276323,276323,229669584,0,50013114401792019380347
2026-08-23 10:12:00,200051124,-200040888382687927107,276323,276323,276323,276323,200051124,0,50013114401792019380347
2026-08-23 10:14:00,361262215,-361243734151436431516,276323,276323,276323,276323,361262215,0,50013114401792019380347
2026-08-23 10:15:00,-253652108,253636088821109684263,276323,276323,276323,276323,0,253636088821109684263,50013114401792019380347
2026-08-23 10:16:00,-5117099505,5116775790922427393895,276323,276323,276323,276323,0,5116775790922427393895,50013114401792019380347
2026-08-23 10:17:00,-2503788572,2503629796665856278770,276323,276323,276323,276323,0,2503629796665856278770,50013114401792019380347
2026-08-23 10:18:00,3483675292,-3483508631774155289522,276323,276323,276323,276323,4515452564,1031711776554858559970,50013114401792019380347
2026-08-23 10:19:00,-100000000000,99993467643694384330757,276323,276323,276323,276323,0,99993467643694384330757,50013114401792019380347
2026-08-23 10:21:00,-57109679,57105833807409172529,276323,276323,276323,276323,0,57105833807409172529,50013114401792019380347
2026-08-23 10:22:00,-30090,30087154777427369,276323,276323,276323,276323,0,30087154777427369,50013114401792019380347
2026-08-23 10:23:00,-45828707007,45825579593080400607216,276323,276323,276323,276323,0,45825579593080400607216,50013114401792019380347
2026-08-23 10:24:00,1860940,-1860833729657698710,276323,276323,276323,276323,1860940,0,50013114401792019380347
2026-08-23 10:27:00,848375314,-848326836772520073493,276323,276323,276323,276323,848375314,0,50013114401792019380347
2026-08-23 10:28:00,-889168788,889107308661363564780,276323,276323,276323,276323,0,889107308661363564780,50013114401792019380347
2026-08-23 10:30:00,-8185863077,8185295609169678380690,276323,276323,276323,276323,0,8185295609169678380690,50013114401792019380347
2026-08-23 10:31:00,726941296,-726899517651431687793,276323,276323,276323,276323,726941296,0,50013114401792019380347
2026-08-23 10:32:00,-207141981,207126790317896998311,276323,276323,276323,276323,66760658,273883612351624022697,50013114401792019380347
2026-08-23 10:35:00,200052383,-200040888382687927107,276323,276323,276323,276323,200052383,0,50013114401792019380347
2026-08-23 10:37:00,-700999388,700950688380462666675,276323,276323,276323,276323,0,700950688380462666675,50013114401792019380347
2026-08-23 10:38:00,-150905515142,150894574084351632967137,276323,276323,276323,276323,0,150894574084351632967137,50013114401792019380347
2026-08-23 10:43:00,15058275650,-15057323675339387813791,276323,276323,276323,276323,15058275650,0,50013114401792019380347
2026-08-23 10:44:00,88554900990,-88549486045000000000000,276323,276323,276323,276323,88554900990,0,50013114401792019380347
2026-08-23 10:45:00,-177910007,177897307202124214705,276323,276323,276323,276323,0,177897307202124214705,50013114401792019380347
2026-08-23 10:48:00,1194916597,-1194845667000000000000,276323,276323,276323,276323,1194916597,0,50013114401792019380347
2026-08-23 10:52:00,1622700811,-1622604578589593829376,276323,276323,276323,276323,1622700811,0,50013114401792019380347
2026-08-23 10:58:00,-534312800,534274713093395072637,276323,276323,276323,276323,0,534274713093395072637,50013114401792019380347
2026-08-23 10:59:00,16220197793,-16219241305496595330295,276323,276323,276323,276323,16220197793,0,50013114401792019380347
2026-08-23 11:01:00,-239193270,239176370465252132644,276323,276323,276323,276323,0,239176370465252132644,50013114401792019380347
2026-08-23 11:02:00,-6311031391,6310584494504370037916,276323,276323,276323,276323,16964083,6327547578462351314480,50013114401792019380347
2026-08-23 11:03:00,-73416191352,73410877956401805571888,276323,276323,276323,276323,0,73410877956401805571888,50013114401792019380347
2026-08-23 11:04:00,-2948840457,2948622535736736089164,276323,276323,276323,276323,0,2948622535736736089164,50013114401792019380347
2026-08-23 11:06:00,-1347539925,1347440224836529160557,276323,276323,276323,276323,0,1347440224836529160557,50013114401792019380347
2026-08-23 11:07:00,-107642626,107634658651726572735,276323,276323,276323,276323,0,107634658651726572735,50013114401792019380347
2026-08-23 11:08:00,-137332162,137321996635646520708,276323,276323,276323,276323,0,137321996635646520708,50013114401792019380347
2026-08-23 11:09:00,-154992003095,154980049857583734617281,276323,276323,276323,276323,0,154980049857583734617281,50013114401792019380347
2026-08-23 11:10:00,29854963700,-29852944781000000000000,276323,276323,276323,276323,29854963700,0,50013114401792019380347
2026-08-23 11:11:00,22653463,-22651945362320450937,276323,276323,276323,276323,22653463,0,50013114401792019380347
2026-08-23 11:13:00,2602455892,-2602281595425602145049,276323,276323,276323,276323,2602455892,0,50013114401792019380347
2026-08-23 11:14:00,168080705,-168069457488142352113,276323,276323,276323,276323,168080705,0,50013114401792019380347
2026-08-23 11:17:00,396142891,-396116386271329390520,276323,276323,276323,276323,396142891,0,50013114401792019380347
2026-08-23 11:18:00,-158960744,158948201412950462151,276323,276323,276323,276323,0,158948201412950462151,50013114401792019380347
2026-08-23 11:19:00,101619633759,-101613112863489005418896,276323,276323,276323,276323,107589293455,5969213624510994581104,50013114401792019380347
2026-08-23 11:20:00,45642913460,-45640088262081418532293,276323,276323,276323,276323,45766544460,123621972918581467707,50013114401792019380347
2026-08-23 11:21:00,-544638202,544585522190612330017,276323,276323,276323,276323,1075446886,1619966741175295509722,50013114401792019380347
2026-08-23 11:22:00,4029296137,-4029072240494990513666,276323,276323,276323,276323,5839539199,1810110826964770691198,50013114401792019380347
2026-08-23 11:23:00,-19263129,19257170558705352705,276323,276323,276323,276323,379428445,398662518095204995621,50013114401792019380347
2026-08-23 11:24:00,-799912175,799847555814439476670,276323,276323,276323,276323,525768472,1325584025199419758409,50013114401792019380347
2026-08-23 11:25:00,8145359037,-8144864220000000000000,276323,276323,276323,276323,8145359037,0,50013114401792019380347
2026-08-23 11:26:00,-13901647234,13900633151919245191359,276323,276323,276323,276323,97401351,13998028602791101307348,50013114401792019380347
2026-08-23 11:27:00,10000474858,-9999865415344000000000,276323,276323,276323,276323,10000474858,0,50013114401792019380347
2026-08-23 11:28:00,-126205993062,126196494300885521776711,276323,276323,276323,276323,0,126196494300885521776711,50013114401792019380347
2026-08-23 11:32:00,807425489,-807372385021572282624,276323,276323,276323,276323,807425489,0,50013114401792019380347
2026-08-23 11:33:00,-43834727097,43831278158070391216427,276323,276323,276323,276323,180113213,44011379528585632387121,50013114401792019380347
2026-08-23 11:34:00,-82226376142,82219703352959066663824,276323,276323,276323,276323,0,82219703352959066663824,50013114401792019380347
2026-08-23 11:35:00,-1594400000,1594267939713964038212,276323,276323,276323,276323,0,1594267939713964038212,50013114401792019380347
2026-08-23 11:36:00,797118749,-797062278980295685643,276323,276323,276323,276323,797118749,0,50013114401792019380347
2026-08-23 11:38:00,695658800,-695609539204221394554,276323,276323,276323,276323,695658800,0,50013114401792019380347
2026-08-23 11:39:00,-5633851949,5633384423594407286786,276323,276323,276323,276323,34165788,5667547785820251429295,50013114401792019380347
2026-08-23 11:40:00,-152463553,152450893083159983173,276323,276323,276323,276323,0,152450893083159983173,50013114401792019380347
2026-08-23 11:42:00,286818160,-286797788799297564623,276323,276323,276323,276323,286818160,0,50013114401792019380347
2026-08-23 11:43:00,-533625514,533581206853972017226,276323,276323,276323,276323,0,533581206853972017226,50013114401792019380347
2026-08-23 11:44:00,739280018,-739227510405531726328,276323,276323,276323,276323,739280018,0,50013114401792019380347
2026-08-23 11:45:00,-41451604249,41448128955838670162068,276323,276323,276323,276323,0,41448128955838670162068,50013114401792019380347
2026-08-23 11:46:00,-18699672873,18698082608473880431268,276323,276323,276323,276323,0,18698082608473880431268,50013114401792019380347
2026-08-23 11:47:00,993170,-993097917359791044,276323,276323,276323,276323,993170,0,50013114401792019380347
2026-08-23 11:48:00,-11280419275,11279453200837529140782,276323,276323,276323,276323,0,11279453200837529140782,50013114401792019380347
2026-08-23 11:50:00,-1247585475,1247475838455295518045,276323,276323,276323,276323,206429628,1453890219669503307903,50013114401792019380347
2026-08-23 11:51:00,113070199,-113061841452743147622,276323,276323,276323,276323,113070199,0,50013114401792019380347
2026-08-23 11:52:00,-5067494832,5067058957286928030451,276323,276323,276323,276323,0,5067058957286928030451,50013114401792019380347
2026-08-23 11:54:00,1645499328,-1645377424459339018553,276323,276323,276323,276323,1645499328,0,50013114401792019380347
2026-08-23 11:55:00,52636087,-52632190219949715612,276323,276323,276323,276323,52636087,0,50013114401792019380347
2026-08-23 11:56:00,170199481,-170186879401136800236,276323,276323,276323,276323,170199481,0,50013114401792019380347
2026-08-23 11:58:00,-9986073000,9985211799636320772743,276323,276323,276323,276323,0,9985211799636320772743,50013114401792019380347
2026-08-23 12:00:00,31720778956,-31718699841054652774768,276323,276323,276323,276323,53562661376,21840031653526033122960,50013114401792019380347
2026-08-23 12:03:00,80192021,-80186154142844262857,276323,276323,276323,276323,80192021,0,50013114401792019380347
2026-08-23 12:04:00,-1250000000,1249893508538886673206,276323,276323,276323,276323,0,1249893508538886673206,50013114401792019380347
2026-08-23 12:05:00,-1202306296,1202203232396343319241,276323,276323,276323,276323,47905838,1250105563642810188130,50013114401792019380347
2026-08-23 12:06:00,701745951,-701694546872275908029,276323,276323,276323,276323,701745951,0,50013114401792019380347
2026-08-23 12:07:00,-2449394941,2449155432482652939474,276323,276323,276323,276323,2550605059,4999573819252953129492,50013114401792019380347
2026-08-23 12:11:00,10516255582,-10515486562517623176627,276323,276323,276323,276323,10516255582,0,50013114401792019380347
2026-08-23 12:12:00,-9684364013,9683539783469965023187,276323,276323,276323,276323,0,9683539783469965023187,50015436603321392728880
2026-08-23 12:14:00,9928756584,-9928030740580932786346,276323,276323,276323,276323,9928756584,0,50015436603321392728880
2026-08-23 12:15:00,68004865559,-68000000000000000000000,276323,276323,276323,276323,68004865559,0,50015436603321392728880
2026-08-23 12:17:00,1506659926,-1506554223009133684766,276323,276323,276323,276323,1506659926,0,50015436603321392728880
2026-08-23 12:19:00,25068943,-25067185092532729053,276323,276323,276323,276323,25068943,0,50015436603321392728880
2026-08-23 12:20:00,60004135897,-60000000000000000000000,276323,276323,276323,276323,60004135897,0,50015436603321392728880
2026-08-23 12:23:00,-178668921201,178654032835524775721297,276323,276323,276323,276323,462768460,179116768493726862503673,50015436603321392728880
2026-08-23 12:24:00,-99996861184,99987974549187186285483,276323,276323,276323,276323,0,99987974549187186285483,50015436603321392728880
2026-08-23 12:25:00,-97890700575,97881613858351245810853,276323,276323,276323,276323,0,97881613858351245810853,50015436603321392728880
2026-08-23 12:26:00,133742213614,-133731499609333399850693,276323,276323,276323,276323,133742213614,0,50015436603321392728880
2026-08-23 12:27:00,40225982656,-40222900079788820977072,276323,276323,276323,276323,40225982656,0,50015436603321392728880
2026-08-23 12:29:00,-102098413810,102089238485586658308253,276323,276323,276323,276323,0,102089238485586658308253,50015436603321392728880
2026-08-23 12:30:00,-199749926908,199730767551741590198526,276323,276323,276323,276323,250073092,199980818662219950107409,50015436603321392728880
2026-08-23 12:31:00,176995466747,-176980535835180006435518,276323,276323,276323,276323,176995466747,0,50015436603321392728880
2026-08-23 12:32:00,15557849,-15556592358776637308,276323,276323,276323,276323,15557849,0,50015436603321392728880
2026-08-23 12:38:00,25503177416,-25501129288000000000000,276323,276323,276323,276323,25503177416,0,50015436603321392728880
2026-08-23 12:40:00,21459215473,-21457512256782300057200,276323,276323,276323,276323,21459215473,0,50015436603321392728880
2026-08-23 12:43:00,333297018305,-333272928326999999999999,276323,276323,276323,276323,333297018305,0,50015436603321392728880
2026-08-23 12:44:00,972922930,-972859137327352189788,276323,276323,276323,276323,975063959,2140862672647810212,50015436603321392728880
2026-08-23 12:46:00,314930238205,-314911570615099526162905,276323,276323,276323,276323,315044718023,114470936853921453607,50015436603321392728880
2026-08-23 12:47:00,193002759274,-192995587513798971045133,276323,276323,276323,276323,385469982518,192456942028955525843018,50015436603321392728880
2026-08-23 12:50:00,-2801672973,2801512375012549428832,276323,276323,276323,276323,0,2801512375012549428832,50015436603321392728880
2026-08-23 12:51:00,-9953849,9953277590748079005,276323,276323,276323,276323,0,9953277590748079005,50015436603321392728880
2026-08-23 12:52:00,-16458859972,16457910175010410018970,276323,276323,276323,276323,0,16457910175010410018970,50015436603321392728880
2026-08-23 12:53:00,250062621,-250051110478359908883,276323,276323,276323,276323,250062621,0,50015436603321392728880
2026-08-23 12:55:00,-221673943451,221660098132752272069038,276323,276323,276323,276323,0,221660098132752272069038,50015436603321392728880
2026-08-23 12:58:00,114573855,-114567566446421548991,276323,276323,276323,276323,114573855,0,50015436603321392728880
2026-08-23 13:02:00,803434084,-803389999980000000000,276323,276323,276323,276323,803434084,0,50015436603321392728880
2026-08-23 13:05:00,42215328371,-42213048693319496880221,276323,276323,276323,276323,42245250378,29920056680503119779,50015436603321392728880
2026-08-23 13:07:00,917051996,-917005793329794584606,276323,276323,276323,276323,1128311334,211245569935778054608,50015436603321392728880
2026-08-23 13:10:00,-1242601202,1242520242116211212780,276323,276323,276323,276323,0,1242520242116211212780,50015436603321392728880
2026-08-23 13:13:00,-184140948,184128945214527249762,276323,276323,276323,276323,0,184128945214527249762,50015436603321392728880
2026-08-23 13:14:00,-383829890,383804866913081642556,276323,276323,276323,276323,0,383804866913081642556,50015436603321392728880
2026-08-23 13:15:00,-148170111,148160448773714698505,276323,276323,276323,276323,0,148160448773714698505,50015436603321392728880
2026-08-23 13:17:00,-51666792670,51663370279794042347068,276323,276323,276323,276323,0,51663370279794042347068,50015436603321392728880
2026-08-23 13:18:00,1365897837340,-1365859785819593543223246,276323,276323,276323,276323,1378083942587,12185948149049215535985,50015436603321392728880
2026-08-23 13:19:00,-683791580814,683773578142368998653980,276323,276323,276323,276323,0,683773578142368998653980,50015436603321392728880
2026-08-23 13:21:00,400283001,-400271797296309206330,276323,276323,276323,276323,400283001,0,50015436603321392728880
2026-08-23 13:22:00,-172088261071,172080775140433111952921,276323,276323,276323,276323,1110038725,173190775140433111952921,50015436603321392728880
2026-08-23 13:23:00,-487890593,487867434811716454902,276323,276323,276323,276323,23944689,511811289338956486803,50015436603321392728880
2026-08-23 13:24:00,181714833,-181708495630165210183,276323,276323,276323,276323,181714833,0,50015436603321392728880
2026-08-23 13:25:00,44648690,-44647133415796598801,276323,276323,276323,276323,44648690,0,50015436603321392728880
2026-08-23 13:26:00,-262481087,262468781960122624691,276323,276323,276323,276323,0,262468781960122624691,50015436603321392728880
2026-08-23 13:28:00,-5000000000,4999765077514231855745,276323,276323,276323,276323,0,4999765077514231855745,50015436603321392728880
2026-08-23 13:29:00,-6992704488,6992374261935247673100,276323,276323,276323,276323,0,6992374261935247673100,50015436603321392728880
2026-08-23 13:30:00,119266087,-119261869814027562833,276323,276323,276323,276323,119266087,0,50015436603321392728880
2026-08-23 13:31:00,508854594477,-508842391665335213040894,276323,276323,276323,276323,559966713032,51110675831664786959106,50015436603321392728880
2026-08-23 13:32:00,-3202740232,3202649845444520575963,276323,276323,276323,276323,305530508,3508175726559581372250,50015436603321392728880
2026-08-23 13:33:00,-205416723494,205408879472836821856252,276323,276323,276323,276323,118776261019,324183624194836821856252,50015436603321392728880
2026-08-23 13:37:00,-419109595,419094772856996325499,276323,276323,276323,276323,0,419094772856996325499,50015436603321392728880
2026-08-23 13:41:00,3779828907,-3779745420356728885420,276323,276323,276323,276323,4160325633,380483275408440066175,50015436603321392728880
2026-08-23 13:46:00,-184069590000,184062429717099716210008,276323,276323,276323,276323,0,184062429717099716210008,50015436603321392728880
2026-08-23 13:50:00,-444332763,444313239649992520847,276323,276323,276323,276323,49869163,494180877265391405816,50015436603321392728880
2026-08-23 13:52:00,-48986900,48984813146313986813,276323,276323,276323,276323,0,48984813146313986813,50015436603321392728880
2026-08-23 13:54:00,-92067402122,92063310620397827559106,276323,276323,276323,276323,0,92063310620397827559106,50015436603321392728880
2026-08-23 13:55:00,-80722398909,80718525799098075765811,276323,276323,276323,276323,577519791,81296025799098075765811,50015436603321392728880
2026-08-23 13:57:00,-113218844256,113212982680751755425474,276323,276323,276323,276323,0,113212982680751755425474,50015436603321392728880
2026-08-23 13:58:00,49650955503,-49649842398126766288424,276323,276323,276323,276323,126715899951,77061051804311769208797,50015436603321392728880
2026-08-23 13:59:00,72107917529,-72105133503815819973574,276323,276323,276323,276323,72107917529,0,50015436603321392728880
2026-08-23 14:02:00,91961545659,-91958428822243506824146,276323,276323,276323,276323,102967816706,11005731587756493175854,50015436603321392728880
2026-08-23 14:05:00,-360141817416,360122677043678145530828,276323,276323,276323,276323,13707955328,373830177043678145530828,50015436603321392728880
2026-08-23 14:08:00,-3253596843,3253401772964849572255,276323,276323,276323,276323,0,3253401772964849572255,50015436603321392728880
2026-08-23 14:09:00,-209974793,209962189256600930920,276323,276323,276323,276323,0,209962189256600930920,50015436603321392728880
2026-08-23 14:10:00,-3731000502,3730775429044872115663,276323,276323,276323,276323,68999498,3799771611261232209302,50015436603321392728880
2026-08-23 14:11:00,-66250361380,66246284073155779488940,276323,276323,276323,276323,230438845,66476711812533492362263,50015436603321392728880
2026-08-23 14:12:00,-37907732631,37905322286971202176540,276323,276323,276323,276323,0,37905322286971202176540,50015436603321392728880
2026-08-23 14:13:00,64873221380,-64869909860074003479404,276323,276323,276323,276323,64873221380,0,50015436603321392728880
2026-08-23 14:15:00,-54965360,54959382490219781627,276323,276323,276323,276323,215206511,270155185881999204486,50015436603321392728880
2026-08-23 14:16:00,2306044755,-2305933678711587286021,276323,276323,276323,276323,2601533832,295470859288412713979,50015436603321392728880
2026-08-23 14:17:00,-189872495086,189860067108443875641491,276323,276323,276323,276323,0,189860067108443875641491,50015436603321392728880
2026-08-23 14:19:00,8752999585,-8752500000000000000000,276323,276323,276323,276323,8752999585,0,50015436603321392728880
2026-08-23 14:20:00,-49959363176,49955871065189611793929,276323,276323,276323,276323,0,49955871065189611793929,50015436603321392728880
2026-08-23 14:22:00,2096323,-2096199845777662878,276323,276323,276323,276323,2096323,0,50015436603321392728880
2026-08-23 14:23:00,34534733915,-34532727150943414732066,276323,276323,276323,276323,34820860180,286106375790689220690,50015436603321392728880
2026-08-23 14:24:00,19761226,-19760090000000000000,276323,276323,276323,276323,19761226,0,50015436603321392728880
2026-08-23 14:25:00,-81682414249,81676590090082898628413,276323,276323,276323,276323,1044332342,82720858947224850169430,50015436603321392728880
2026-08-23 14:27:00,50005294887,-50002305417000000000000,276323,276323,276323,276323,50005294887,0,50015436603321392728880
2026-08-23 14:29:00,375269244155,-375250000000000000000000,276323,276323,276323,276323,375269244155,0,50015436603321392728880
2026-08-23 14:30:00,-96783230448,96777635156224449713316,276323,276323,276323,276323,805169552,97582769473730954231604,50015436603321392728880
2026-08-23 14:31:00,315636148,-315621110581401819360,276323,276323,276323,276323,315636148,0,50015436603321392728880
2026-08-23 14:33:00,-49752209954,49749190519099684216601,276323,276323,276323,276323,247790046,49996968763580925701570,50015436603321392728880
2026-08-23 14:35:00,-74856721,74847749373055851061,276323,276323,276323,276323,363076032,437905760451996677273,50015436603321392728880
2026-08-23 14:38:00,-5939910613,5939435281917992436951,276323,276323,276323,276323,9047525025,14986507511499099599551,50015436603321392728880
2026-08-23 14:39:00,-45830602442,45827725147948082615499,276323,276323,276323,276323,0,45827725147948082615499,50015436603321392728880
2026-08-23 14:41:00,31115397,-31113789052160607083,276323,276323,276323,276323,31115397,0,50015436603321392728880
2026-08-23 14:42:00,117899559,-117893465241981235448,276323,276323,276323,276323,117899559,0,50015436603321392728880
2026-08-23 14:43:00,-406226131775,406195081510437793180488,276323,276323,276323,276323,156524087307,562708045660387512491868,50015436603321392728880
2026-08-23 14:44:00,26471574294,-26469791075253839005641,276323,276323,276323,276323,26563222939,91641416261975129053,50015436603321392728880
2026-08-23 14:45:00,151079410038,-151069775424874339698961,276323,276323,276323,276323,152133795015,1054308202956557300696,50015436603321392728880
2026-08-23 14:46:00,-302390843,302368816038112748183,276323,276323,276323,276323,0,302368816038112748183,50015436603321392728880
2026-08-23 14:48:00,106248830,-106243535134313844213,276323,276323,276323,276323,203668830,97412902617671153008,50015436603321392728880
2026-08-23 14:49:00,22896725737,-22895403109739118683697,276323,276323,276323,276323,27896725737,4999640865647225778244,50015436603321392728880
2026-08-23 14:51:00,14995059,-14994160863751502269,276323,276323,276323,276323,14995059,0,50015436603321392728880
2026-08-23 14:52:00,269266971,-269250836864615500654,276323,276323,276323,276323,269266971,0,50015436603321392728880
2026-08-23 14:53:00,2804039378,-2803871528780389893634,276323,276323,276323,276323,2804039378,0,50015436603321392728880
2026-08-23 14:54:00,-139637148696,139626720377658529594746,276323,276323,276323,276323,1008044952,140634705065718011569790,50015436603321392728880
2026-08-23 15:00:00,314139458520,-314125507799138810401596,276323,276323,276323,276323,698920231704,384758789329861189598404,50015436603321392728880
2026-08-23 15:01:00,1441615399,-1441539285106292709314,276323,276323,276323,276323,1441615399,0,50015436603321392728880
2026-08-23 15:02:00,14577492106,-14576728596568318809768,276323,276323,276323,276323,14700947424,123447321431681190232,50015436603321392728880
2026-08-23 15:03:00,-188202336647,188189548679601473639780,276323,276323,276323,276323,0,188189548679601473639780,50015436603321392728880
2026-08-23 15:07:00,240054392,-240040059348360555396,276323,276323,276323,276323,240054392,0,50015436603321392728880
2026-08-23 15:10:00,-184099350000,184085472353817027654565,276323,276323,276323,276323,0,184085472353817027654565,50015436603321392728880
2026-08-23 15:11:00,1000271502,-1000204441913439635535,276323,276323,276323,276323,1000271502,0,50015436603321392728880
2026-08-23 15:12:00,4700274322,-4699959739521514181489,276323,276323,276323,276323,4700274322,0,50015436603321392728880
2026-08-23 15:13:00,4644901081,-4644591073000000000000,276323,276323,276323,276323,4644901081,0,50015436603321392728880
2026-08-23 15:15:00,295998605,-295978879279864661183,276323,276323,276323,276323,295998605,0,50015436603321392728880
2026-08-23 15:18:00,3218506025,-3218291761000000000000,276323,276323,276323,276323,3218506025,0,50015436603321392728880
2026-08-23 15:19:00,50739481577,-50736167822781433232510,276323,276323,276323,276323,51520832810,781291396909658083749,50015436603321392728880
2026-08-23 15:20:00,486395503,-486364380936534575118,276323,276323,276323,276323,505984761,19587759364697708472,50015436603321392728880
2026-08-23 15:21:00,355652281,-355629358237730858845,276323,276323,276323,276323,355652281,0,50015436603321392728880
2026-08-23 15:22:00,-92052890000,92045683600599097277844,276323,276323,276323,276323,0,92045683600599097277844,50015436603321392728880
2026-08-23 15:24:00,-67342518449,67337031921899225488176,276323,276323,276323,276323,0,67337031921899225488176,50015436603321392728880
2026-08-23 15:25:00,16778226091,-16777043500000000000000,276323,276323,276323,276323,16778226091,0,50015436603321392728880
2026-08-23 15:26:00,1055370970,-1055296960829503336922,276323,276323,276323,276323,1055370970,0,50015436603321392728880
2026-08-23 15:27:00,-123331965,123321292554703075263,276323,276323,276323,276323,45455951,168774056796378451563,50015436603321392728880
2026-08-23 15:28:00,450031548,-450000000000000000000,276323,276323,276323,276323,450031548,0,50015436603321392728880
2026-08-23 15:30:00,-56660597403,56655866750173682033556,276323,276323,276323,276323,1256933866,57912709635050624645766,50015436603321392728880
2026-08-23 15:33:00,-310872670015,310844513219959515869128,276323,276323,276323,276323,29940770,310874451672385422254594,50015436603321392728880
2026-08-23 15:34:00,235805932,-235789112555444728975,276323,276323,276323,276323,500144622,264313108401275088793,50015436603321392728880
2026-08-23 15:36:00,50633585899,-50629347437653550874886,276323,276323,276323,276323,50877303950,243694958472133810350,50015436603321392728880
2026-08-23 15:37:00,-67966119958,67959587616127922627645,276323,276323,276323,276323,0,67959587616127922627645,50015436603321392728880
2026-08-23 15:38:00,-10500000,10498976558226262572,276323,276323,276323,276323,0,10498976558226262572,50015436603321392728880
2026-08-23 15:39:00,-96365399794,96355817969253501551064,276323,276323,276323,276323,280432923,96636226925201907297963,50015436603321392728880
2026-08-23 15:40:00,57616127933,-57611061851823571914736,276323,276323,276323,276323,58791614312,1175370009761712054288,50015436603321392728880
2026-08-23 15:41:00,-187355752810,187336499104158776546606,276323,276323,276323,276323,0,187336499104158776546606,50015436603321392728880
2026-08-23 15:42:00,15590106156,-15588638524240038601843,276323,276323,276323,276323,15670179901,80065265759961398157,50015436603321392728880
2026-08-23 15:44:00,5148655439,-5148172569681307198413,276323,276323,276323,276323,5148655439,0,50015436603321392728880
2026-08-23 15:45:00,247523187,-247500000000000000000,276323,276323,276323,276323,247523187,0,50015436603321392728880
2026-08-23 15:46:00,-8989029573,8988078070139164777461,276323,276323,276323,276323,0,8988078070139164777461,50015436603321392728880
2026-08-23 15:48:00,-45845724614,45840821520697699348956,276323,276323,276323,276323,0,45840821520697699348956,50015436603321392728880
2026-08-23 15:49:00,-45595811978,45590849258585181780144,276322,276322,276322,276322,250510312,45841335098300106180118,50015436603321392728880
2026-08-23 15:50:00,-200043009,200021065320454206192,276322,276322,276322,276322,0,200021065320454206192,50015436603321392728880
2026-08-23 15:51:00,89872243,-89863463013044228986,276322,276322,276322,276322,89872243,0,50015436603321392728880
2026-08-23 15:52:00,49049889263,-49045157001822161402659,276323,276323,276323,276323,50004835121,954842998177838597341,50015436603321392728880
2026-08-23 15:53:00,200760077,-200740859490103295403,276323,276323,276323,276323,200760077,0,50015436603321392728880
2026-08-23 15:54:00,-23175797082,23173286747838952719008,276322,276323,276322,276323,253573853,23426836092587318518401,50015436603321392728880
2026-08-23 15:55:00,737454406,-737383142759589557510,276323,276323,276323,276323,737454406,0,50015436603321392728880
2026-08-23 15:57:00,699417314,-699349747297532795465,276323,276323,276323,276323,699417314,0,50015436603321392728880
2026-08-23 15:58:00,22659193,-22657004795670936971,276323,276323,276323,276323,22659193,0,50015436603321392728880
2026-08-23 15:59:00,-397035360,396988982654866040673,276323,276323,276323,276323,271617643,668580391783237687310,50015436603321392728880
2026-08-23 16:00:00,541302475,-541250188093600742225,276323,276323,276323,276323,541302475,0,50015436603321392728880
2026-08-23 16:01:00,57986107210,-57980573777725077896939,276323,276323,276323,276323,57986107210,0,50015436603321392728880
2026-08-23 16:03:00,1731681916,-1731518735000000000000,276323,276323,276323,276323,1731681916,0,50015436603321392728880
2026-08-23 16:05:00,-273813459710,273782881947929280592354,276322,276323,276322,276323,63036579,273845912589161054965871,50015436603321392728880
2026-08-23 16:06:00,99932885,-99922378313997359293,276322,276322,276322,276322,99932885,0,50015436603321392728880
2026-08-23 16:07:00,71674844,-71667308561425547090,276322,276322,276322,276322,71674844,0,50015436603321392728880
2026-08-23 16:11:00,-37310150276,37305752023109628612307,276322,276322,276322,276322,0,37305752023109628612307,50015436603321392728880
2026-08-23 16:14:00,66120555340,-66113592257197792643735,276322,276322,276322,276322,66120555340,0,50015436603321392728880
2026-08-23 16:17:00,258290166808,-258264641617000000000000,276323,276323,276323,276323,258290166808,0,50015436603321392728880
2026-08-23 16:18:00,8000748072,-8000000000000000000000,276323,276323,276323,276323,8000748072,0,50015436603321392728880
2026-08-23 16:20:00,999763831,-999670533196625636587,276323,276323,276323,276323,999763831,0,50015436603321392728880
2026-08-23 16:21:00,-50000000000,49994685061053904903648,276323,276323,276323,276323,0,49994685061053904903648,50015436603321392728880
2026-08-23 16:26:00,-2412183859,2411215249155431610299,276322,276323,276322,276323,59144860816,61550365188155431610299,50015436603321392728880
2026-08-23 16:27:00,9695959121,-9695039690033080609092,276323,276323,276323,276323,9999554120,303562391223159607211,50015436603321392728880
2026-08-23 16:28:00,-838677574,838587814568501394885,276323,276323,276323,276323,0,838587814568501394885,50015436603321392728880
2026-08-23 16:29:00,243208284,-243185171000000000000,276323,276323,276323,276323,243208284,0,50015436603321392728880
2026-08-23 16:31:00,8437055606,-8436256710063042760920,276323,276323,276323,276323,8559584854,122516132461608732053,50015436603321392728880
2026-08-23 16:32:00,2901660144,-2901385541000000000000,276323,276323,276323,276323,2901660144,0,50015436603321392728880
2026-08-23 16:33:00,158080113,-158065163420607550299,276323,276323,276323,276323,158080113,0,50015436603321392728880
2026-08-23 16:35:00,120709927881,-120698803340768676165543,276323,276323,276323,276323,120709927881,0,50015436603321392728880
2026-08-23 16:36:00,14884357185,-14883025800483742950347,276323,276323,276323,276323,14884357185,0,50015436603321392728880
2026-08-23 16:37:00,212173414796,-212155399264958555357184,276323,276323,276323,276323,212173414796,0,50015436603321392728880
2026-08-23 16:39:00,-1704777183,1704619148234524000001,276323,276323,276323,276323,0,1704619148234524000001,50015436603321392728880
2026-08-23 16:41:00,7686671889,-7686052480455868412538,276323,276323,276323,276323,7686671889,0,50015436603321392728880
2026-08-23 16:42:00,62214375,-62209372051300601411,276323,276323,276323,276323,62214375,0,50015436603321392728880
2026-08-23 16:43:00,416785367,-416751850797266514805,276323,276323,276323,276323,416785367,0,50015436603321392728880
2026-08-23 16:44:00,110397256717,-110388623372000000000000,276323,276323,276323,276323,110397256717,0,50015436603321392728880
2026-08-23 16:45:00,111140671695,-111132472440983000186880,276323,276323,276323,276323,111140671695,0,50015436603321392728880
2026-08-23 16:46:00,50535542672,-50531978315382354104708,276323,276323,276323,276323,50576836181,41290058617645895292,50015436603321392728880
2026-08-23 16:50:00,102622731,-102615595751205802272,276323,276323,276323,276323,102622731,0,50015436603321392728880
2026-08-23 16:51:00,248620679674,-248604774221297463519841,276323,276323,276323,276323,260678513371,12056847759702536480159,50015436603321392728880
2026-08-23 16:52:00,-112643786209,112635468870163660180600,276323,276323,276323,276323,0,112635468870163660180600,50015436603321392728880
2026-08-23 16:54:00,-57336454119,57331424986113850539934,276323,276323,276323,276323,50062807595,107390862220263850539934,50015436603321392728880
2026-08-23 16:56:00,-48832800,48828972341663575026,276323,276323,276323,276323,0,48828972341663575026,50015436603321392728880
2026-08-23 16:57:00,-5708220,5707771816469853861,276323,276323,276323,276323,0,5707771816469853861,50015436603321392728880
2026-08-23 16:58:00,-993083,993005116586972133,276323,276323,276323,276323,0,993005116586972133,50015436603321392728880
2026-08-23 17:03:00,190475324,-190462680260703975248,276323,276323,276323,276323,190475324,0,50015436603321392728880
2026-08-23 17:04:00,-18588239,18586781641429969392,276323,276323,276323,276323,0,18586781641429969392,50015436603321392728880
2026-08-23 17:08:00,164223709792,-164213348271801792011710,276323,276323,276323,276323,164237339708,13628847500544606337,50015436603321392728880
2026-08-23 17:14:00,-241274020,241256692341314123154,276323,276323,276323,276323,0,241256692341314123154,50015436603321392728880
2026-08-23 17:15:00,184614621,-184603578445782621955,276323,276323,276323,276323,184614621,0,50015436603321392728880
2026-08-23 17:16:00,433139723,-433113819941234170786,276323,276323,276323,276323,433139723,0,50015436603321392728880
2026-08-23 17:17:00,-225325010,225308831502880194872,276323,276323,276323,276323,0,225308831502880194872,50015436603321392728880
2026-08-23 17:18:00,1358326658,-1358245459623395548479,276323,276323,276323,276323,1358326658,0,50015436603321392728880
2026-08-23 17:21:00,-24500000000,24498230108165925491814,276323,276323,276323,276323,0,24498230108165925491814,50015436603321392728880
2026-08-23 17:23:00,-92139487047,92132255994655225279505,276323,276323,276323,276323,30001950573,122132255994655225279505,50015436603321392728880
2026-08-23 17:26:00,26750596,-26748873000000000000,276323,276323,276323,276323,26750596,0,50015436603321392728880
2026-08-23 17:27:00,40133891,-40131306430376851384,276323,276323,276323,276323,40133891,0,50015436603321392728880
2026-08-23 17:28:00,150679933,-150670227911028506624,276323,276323,276323,276323,150679933,0,50015436603321392728880
2026-08-23 17:30:00,-100002869760,99995029055139443075744,276323,276323,276323,276323,0,99995029055139443075744,50015436603321392728880
2026-08-23 17:31:00,-118485390445,118475581575230630753900,276323,276323,276323,276323,126439425,118602011752820360884108,50015436603321392728880
2026-08-23 17:32:00,98750158,-98742935426835033903,276323,276323,276323,276323,98750158,0,50015436603321392728880
2026-08-23 17:37:00,-313497482,313470789662816455874,276323,276323,276323,276323,0,313470789662816455874,50015436603321392728880
2026-08-23 17:38:00,5093111838,-5092739791895516445221,276323,276323,276323,276323,5093111838,0,50015436603321392728880
2026-08-23 17:39:00,977357123,-977285847528217101085,276323,276323,276323,276323,977357123,0,50015436603321392728880
2026-08-23 17:40:00,167246966660,-167235332197082346898449,276323,276323,276323,276323,167246966660,0,50015436603321392728880
2026-08-23 17:42:00,257093149710,-257077446140716166428952,276323,276323,276323,276323,257093149710,0,50015436603321392728880
2026-08-23 17:43:00,279597934792,-279583856570999999999999,276323,276323,276323,276323,279597934792,0,50015436603321392728880
2026-08-23 17:44:00,87151511150,-87148110315995314712856,276323,276323,276323,276323,116184324150,29031283082647762706971,50015436603321392728880
2026-08-23 17:45:00,-9327333763,9325726188068843257338,276323,276323,276323,276323,92412745307,101734827703630500167162,50015436603321392728880
2026-08-23 17:47:00,12549675837,-12549217822882228224863,276323,276323,276323,276323,17677402981,5127455142117771775137,50015436603321392728880
2026-08-23 17:49:00,259691624139,-259682288388248556335306,276323,276323,276323,276323,259841626987,149996432751443664694,50015436603321392728880
2026-08-23 17:53:00,-2573658,2573547382032843748,276323,276323,276323,276323,0,2573547382032843748,50015436603321392728880
2026-08-23 17:56:00,13660780721,-13660364186000000000000,276323,276323,276323,276323,13660780721,0,50015436603321392728880
2026-08-23 17:57:00,150004082993,-150000000000600000000000,276323,276323,276323,276323,150004082993,0,50015436603321392728880
2026-08-23 17:59:00,99652503774,-99650288716000000000000,276323,276323,276323,276323,99652503774,0,50015436603321392728880
2026-08-23 18:01:00,-17852379583,17851797735793152915239,276323,276323,276323,276323,0,17851797735793152915239,50015436603321392728880
2026-08-23 18:03:00,72883893285,-72882472624000000000000,276323,276323,276323,276323,72883893285,0,50015436603321392728880
2026-08-23 18:06:00,337937092,-337931000000000000000,276323,276323,276323,276323,337937092,0,50015436603321392728880
2026-08-23 18:07:00,-41310750399,41309476081837534138467,276323,276323,276323,276323,0,41309476081837534138467,50015436603321392728880
2026-08-23 18:08:00,-50064188450,50062552654956357836740,276323,276323,276323,276323,0,50062552654956357836740,50015436603321392728880
2026-08-23 18:09:00,-28019005549,28018046073587336990840,276323,276323,276323,276323,20173634,28038219248436741820357,50015436603321392728880
2026-08-23 18:12:00,316332401,-316327849946893087812,276323,276323,276323,276323,537722218,221382112053106912188,50015436603321392728880
2026-08-23 18:13:00,600454251263,-600455616681640088504621,276323,276324,276323,276324,1253533548461,653080789528359911495379,50015436603321392728880
2026-08-23 18:15:00,-95808000,95806967582479598952,276323,276323,276323,276323,0,95806967582479598952,50015436603321392728880
2026-08-23 18:16:00,-18878699,18878494823869071418,276323,276323,276323,276323,0,18878494823869071418,50015436603321392728880
2026-08-23 18:18:00,121976723487,-121977170140000000000000,276324,276324,276324,276324,121976723487,0,50015458417414800416755
2026-08-23 18:19:00,915091951,-915097550974691908229,276324,276324,276324,276324,915091951,0,50015458417414800416755
2026-08-23 18:21:00,-119758098128,119757109252179465055778,276323,276323,276323,276323,0,119757109252179465055778,50015436603321392728880
2026-08-23 18:22:00,2364776064,-2364779364553902239057,276323,276323,276323,276323,2364776064,0,50015436603321392728880
2026-08-23 18:25:00,-82740831121,82738890804110398950529,276323,276323,276323,276323,77495248209,160233874360997574059155,50015436603321392728880
2026-08-23 18:26:00,145550507475,-145550659494000000000000,276324,276324,276324,276324,145550507475,0,50015458417414800416755
2026-08-23 18:28:00,-55149175104,55148670593251681512747,276323,276323,276323,276323,0,55148670593251681512747,50015436603321392728880
2026-08-23 18:30:00,-882033722,882024664172431656080,276323,276323,276323,276323,0,882024664172431656080,50015436603321392728880
2026-08-23 18:34:00,-100161894906,100160664059673195151113,276323,276323,276323,276323,0,100160664059673195151113,50015436603321392728880
2026-08-23 18:36:00,-99863307211,99861678995229222251984,276323,276323,276323,276323,138963253,100000641931081004652054,50015436603321392728880
2026-08-23 18:37:00,-75835296804,75832987581249469095938,276323,276323,276323,276323,67304455687,143136725636814557625173,50015436603321392728880
2026-08-23 18:38:00,1499583013,-1499569087000000000000,276323,276323,276323,276323,1499583013,0,50015436603321392728880
2026-08-23 18:42:00,47580395183,-47580000000786108280263,276323,276323,276323,276323,47580395183,0,50015436603321392728880
2026-08-23 18:44:00,75531255255,-75530813841000000000000,276323,276323,276323,276323,75531255255,0,50015436603321392728880
2026-08-23 18:46:00,-1225092751,1225072710004496873362,276323,276323,276323,276323,0,1225072710004496873362,50015436603321392728880
2026-08-23 18:47:00,32536242412,-32536120973136363242614,276323,276323,276323,276323,32536242412,0,50015436603321392728880
2026-08-23 18:49:00,1199620672,-1199617005000000000000,276323,276323,276323,276323,1199620672,0,50015436603321392728880
2026-08-23 18:55:00,195392498,-195391906396318022565,276323,276323,276323,276323,195392498,0,50015436603321392728880
2026-08-23 18:56:00,6112700076,-6112682325683254228829,276323,276323,276323,276323,6112700076,0,50015436603321392728880
2026-08-23 18:57:00,149978528,-149988311781570800465,276323,276323,276323,276323,999944105,849953032434483945597,50015436603321392728880
2026-08-23 18:59:00,1227064452,-1227061083375265046258,276323,276323,276323,276323,1227565825,501364624734953742,50015436603321392728880
2026-08-23 19:00:00,-191627156406,191622528425671141201783,276323,276323,276323,276323,89316772391,280939216779671141201783,50015436603321392728880
2026-08-23 19:01:00,-352125230,352117343520539076931,276323,276323,276323,276323,0,352117343520539076931,50015436603321392728880
2026-08-23 19:06:00,54382776,-54382210878708163570,276323,276323,276323,276323,54382776,0,50015436603321392728880
2026-08-23 19:12:00,1590333005,-1590316514816430347772,276323,276323,276323,276323,1590333005,0,50015436603321392728880
2026-08-23 19:13:00,3384655188,-3384620430244841308644,276323,276323,276323,276323,3384655188,0,50015436603321392728880
2026-08-23 19:15:00,53727175,-53726627635464346761,276323,276323,276323,276323,53727175,0,50015436603321392728880
2026-08-23 19:16:00,72767753,-72767011034796916736,276323,276323,276323,276323,72767753,0,50015436603321392728880
2026-08-23 19:18:00,85707957144,-85707230039000000000000,276323,276323,276323,276323,85707957144,0,50015436603321392728880
2026-08-23 19:19:00,74015497,-74014997023641122061,276323,276323,276323,276323,74015497,0,50015436603321392728880
2026-08-23 19:20:00,31770299,-31770084459949445221,276323,276323,276323,276323,31770299,0,50015436603321392728880
2026-08-23 19:21:00,-2889461732,2889407342429886300367,276323,276323,276323,276323,0,2889407342429886300367,50015436603321392728880
2026-08-23 19:24:00,126818788903,-126818237791511012692202,276323,276323,276323,276323,126818788903,0,50015436603321392728880
2026-08-23 19:27:00,-9499050000,9498917013003591381099,276323,276323,276323,276323,0,9498917013003591381099,50015436603321392728880
2026-08-23 19:34:00,-625248303,625239422478264227813,276323,276323,276323,276323,0,625239422478264227813,50015436603321392728880
2026-08-23 19:36:00,798991753,-798989996442702724300,276323,276323,276323,276323,798991753,0,50015436603321392728880
2026-08-23 19:39:00,-33697472410,33696971778202810495095,276323,276323,276323,276323,0,33696971778202810495095,50015436603321392728880
2026-08-23 19:40:00,122089295,-122088865049112251992,276323,276323,276323,276323,122089295,0,50015436603321392728880
2026-08-23 19:41:00,78571232995,-78571079417811010963960,276323,276323,276323,276323,78571232995,0,50015436603321392728880
2026-08-23 19:42:00,1125200736,-1125200330597731334445,276323,276323,276323,276323,1125200736,0,50015436603321392728880
2026-08-23 19:46:00,-175384773050,175381994042261405251431,276323,276323,276323,276323,0,175381994042261405251431,50015436603321392728880
2026-08-23 19:47:00,10200072909,-10200000000000000000000,276323,276323,276323,276323,10200072909,0,50015436603321392728880
2026-08-23 19:53:00,250692606,-250690867373255457583,276323,276323,276323,276323,250692606,0,50015436603321392728880
2026-08-23 19:54:00,35049966897,-35049748425000000000000,276323,276323,276323,276323,35049966897,0,50015436603321392728880
2026-08-23 19:55:00,4457320053,-4457295791890860223290,276323,276323,276323,276323,4457320053,0,50015436603321392728880
2026-08-23 19:56:00,-18787643330,18787298081378303863687,276323,276323,276323,276323,1012317736,19799609617940252075358,50015436603321392728880
2026-08-23 19:58:00,58583255067,-58582966010039026129625,276323,276323,276323,276323,58583255067,0,50015436603321392728880
2026-08-23 20:00:00,-802267021,802254361794028961045,276323,276323,276323,276323,0,802254361794028961045,50015436603321392728880
2026-08-23 20:01:00,-2021790872,2021758856163608832503,276323,276323,276323,276323,0,2021758856163608832503,50015436603321392728880
2026-08-23 20:02:00,582133404,-582131154812949429358,276323,276323,276323,276323,582133404,0,50015436603321392728880
2026-08-23 20:03:00,-116716591345,116714468742829008391884,276323,276323,276323,276323,0,116714468742829008391884,50015436603321392728880
2026-08-23 20:04:00,-700000000,699985626564017266492,276323,276323,276323,276323,0,699985626564017266492,50015436603321392728880
2026-08-23 20:05:00,-94195881423,94193767954817037830342,276323,276323,276323,276323,48616633,94242384172374252277197,50015436603321392728880
2026-08-23 20:07:00,-114767694153,114764638721974880929265,276323,276323,276323,276323,135560658,114900197711685616179009,50015436603321392728880
2026-08-23 20:08:00,-243710079809,243701728366765639392922,276323,276323,276323,276323,10000145489,253701607902406065876885,50015436603321392728880
2026-08-23 20:09:00,125003330,-125000000000000000000,276323,276323,276323,276323,125003330,0,50015436603321392728880
2026-08-23 20:10:00,-183415475,183408386100816122013,276323,276323,276323,276323,0,183408386100816122013,50015436603321392728880
2026-08-23 20:13:00,270576218,-270569008490464666808,276323,276323,276323,276323,270576218,0,50015436603321392728880
2026-08-23 20:16:00,172958427625,-172954418124000000000000,276323,276323,276323,276323,172958427625,0,50015436603321392728880
2026-08-23 20:17:00,479728,-479718555286241280,276323,276323,276323,276323,479728,0,50015436603321392728880
2026-08-23 20:18:00,227004309,-226999832695216385689,276323,276323,276323,276323,227004309,0,50015436603321392728880
2026-08-23 20:19:00,2229892440,-2229848578000000000000,276323,276323,276323,276323,2229892440,0,50015436603321392728880
2026-08-23 20:20:00,-88992974984,88990002210157133857642,276323,276323,276323,276323,0,88990002210157133857642,50015436603321392728880
2026-08-23 20:21:00,34601979,-34601177764928097531,276323,276323,276323,276323,34601979,0,50015436603321392728880
2026-08-23 20:25:00,-17371826489,17371209272677843232997,276323,276323,276323,276323,0,17371209272677843232997,50015436603321392728880
2026-08-23 20:26:00,-45854730515,45853043344739121027028,276323,276323,276323,276323,0,45853043344739121027028,50015436603321392728880
2026-08-23 20:27:00,-2209313881,2209230468845818502462,276323,276323,276323,276323,0,2209230468845818502462,50015436603321392728880
2026-08-23 20:29:00,73998341,-73996432375657131402,276323,276323,276323,276323,73998341,0,50015436603321392728880
2026-08-23 20:33:00,-50946665,50944739051223519817,276323,276323,276323,276323,0,50944739051223519817,50015436603321392728880
2026-08-23 20:34:00,3575649,-3575557712683837015,276323,276323,276323,276323,3575649,0,50015436603321392728880
2026-08-23 20:35:00,-9943408680,9943030863481985627956,276323,276323,276323,276323,0,9943030863481985627956,50015436603321392728880
2026-08-23 20:38:00,-3172847382,3172725991581760484515,276323,276323,276323,276323,0,3172725991581760484515,50015436603321392728880
2026-08-23 20:39:00,-45000000000,44998235012077251285261,276323,276323,276323,276323,0,44998235012077251285261,50015436603321392728880
2026-08-23 20:43:00,-5301341781,5301128519754684491763,276323,276323,276323,276323,0,5301128519754684491763,50015436603321392728880
2026-08-23 20:44:00,10500195386,-10499900078651201115188,276323,276323,276323,276323,10500195386,0,50015436603321392728880
2026-08-23 20:45:00,4031685,-4031572511527316038,276323,276323,276323,276323,4031685,0,50015436603321392728880
2026-08-23 20:46:00,-264712098,264701530264330593962,276323,276323,276323,276323,0,264701530264330593962,50015436603321392728880
2026-08-23 20:50:00,-242551591,242541905463885356492,276323,276323,276323,276323,0,242541905463885356492,50015436603321392728880
2026-08-23 20:52:00,-11883165944,11882688580138616747071,276323,276323,276323,276323,0,11882688580138616747071,50015436603321392728880
2026-08-23 20:53:00,85851168891,-85848911999973206910956,276323,276323,276323,276323,88745462055,2894186310947168003104,50015436603321392728880
2026-08-23 20:54:00,2041375331,-2041324428468549457557,276323,276323,276323,276323,2041375331,0,50015436603321392728880
2026-08-23 20:55:00,30000728871,-30000000000000000000000,276323,276323,276323,276323,30000728871,0,50015436603321392728880
2026-08-23 20:58:00,119517031018,-119514484612750235977921,276323,276323,276323,276323,119517031018,0,50015436603321392728880
2026-08-23 21:01:00,99427185468,-99425502326000000000000,276323,276323,276323,276323,99427185468,0,50015436603321392728880
2026-08-23 21:03:00,15701987844,-15701758305503353960776,276323,276323,276323,276323,15712438587,10450462496646039224,50015436603321392728880
2026-08-23 21:04:00,4876725166,-4876655843015623922201,276323,276323,276323,276323,4876725166,0,50015436603321392728880
2026-08-23 21:05:00,-10170039971,10169771198022882966692,276323,276323,276323,276323,90678484,10260448400092851432612,50015436603321392728880
2026-08-23 21:06:00,2152673650,-2152642477031539737480,276323,276323,276323,276323,2152673650,0,50015436603321392728880
2026-08-23 21:08:00,-4927677913,4927547148512466575218,276323,276323,276323,276323,0,4927547148512466575218,50015436603321392728880
2026-08-23 21:09:00,375287514979,-375284842431625112408666,276323,276323,276323,276323,375620237254,332713410040734495081,50015436603321392728880
2026-08-23 21:10:00,-119802156240,119800476152554329414124,276323,276323,276323,276323,0,119800476152554329414124,50015436603321392728880
2026-08-23 21:11:00,-146790262,146787849150359156023,276323,276323,276323,276323,0,146787849150359156023,50015436603321392728880
2026-08-23 21:12:00,-1143617211,1143598400704606034897,276323,276323,276323,276323,0,1143598400704606034897,50015436603321392728880
2026-08-23 21:13:00,-62434374241,62433264418221606187242,276323,276323,276323,276323,295839696,62729102740152772285538,50015436603321392728880
2026-08-23 21:14:00,-957681633,957663449209127842499,276323,276323,276323,276323,0,957663449209127842499,50015436603321392728880
2026-08-23 21:16:00,46349559,-46349234335587483047,276323,276323,276323,276323,46349559,0,50015436603321392728880
2026-08-23 21:18:00,-22278068,22277644293974873073,276323,276323,276323,276323,0,22277644293974873073,50015436603321392728880
2026-08-23 21:20:00,-9001148849,9000976166367532429085,276323,276323,276323,276323,0,9000976166367532429085,50015436603321392728880
2026-08-23 21:22:00,4844170306,-4844135100000000000000,276323,276323,276323,276323,4844170306,0,50015436603321392728880
2026-08-23 21:24:00,-1104861971,1104000300913779965947,276323,276323,276323,276323,70039381526,71142778411913779965947,50015436603321392728880
2026-08-23 21:26:00,-2902007238,2901951306828909475560,276323,276323,276323,276323,0,2901951306828909475560,50015436603321392728880
2026-08-23 21:27:00,97500714,-97500000000000000000,276323,276323,276323,276323,97500714,0,50015436603321392728880
2026-08-23 21:29:00,68972831162,-68972430120743372945348,276323,276323,276323,276323,69741067689,768223808256627054652,50015436603321392728880
2026-08-23 21:30:00,4786588963,-4786569039784497534056,276323,276323,276323,276323,4910554845,123963827489068102391,50015436603321392728880
2026-08-23 21:31:00,149458160050,-149457952379785711895136,276323,276323,276323,276323,149458574749,414692214288104864,50015436603321392728880
2026-08-23 21:32:00,8243530825,-8243566429973374744253,276323,276323,276323,276323,9998982015,1755433570026625255747,50015436603321392728880
2026-08-23 21:33:00,-24541812043,24541552822225914562064,276323,276323,276323,276323,0,24541552822225914562064,50015436603321392728880
2026-08-23 21:34:00,-155668266321,155666061226256947044031,276323,276323,276323,276323,0,155666061226256947044031,50015436603321392728880
2026-08-23 21:35:00,74717489,-74717095639773163125,276323,276323,276323,276323,74717489,0,50015436603321392728880
2026-08-23 21:36:00,-5162216052,5161709491972850710978,276323,276323,276323,276323,34737783948,39899278911132437646873,50015436603321392728880
2026-08-23 21:37:00,4701172517,-4701147192679908016307,276323,276323,276323,276323,4701172517,0,50015436603321392728880
2026-08-23 21:38:00,3749702431,-3749682865000000000000,276323,276323,276323,276323,3749702431,0,50015436603321392728880
2026-08-23 21:39:00,95029815,-95029326934736850463,276323,276323,276323,276323,95029815,0,50015436603321392728880
2026-08-23 21:40:00,84394990,-84394557157912122968,276323,276323,276323,276323,84394990,0,50015436603321392728880
2026-08-23 21:41:00,488466052,-488463548752889641590,276323,276323,276323,276323,488466052,0,50015436603321392728880
2026-08-23 21:42:00,-55487427544,55486416239333672444416,276323,276323,276323,276323,0,55486416239333672444416,50015436603321392728880
2026-08-23 21:43:00,72358561836,-72358135745000000000000,276323,276323,276323,276323,72358561836,0,50015436603321392728880
2026-08-23 21:44:00,2400010545,-2400000000000000000000,276323,276323,276323,276323,2400010545,0,50015436603321392728880
2026-08-23 21:46:00,-209680144,209676714801795663400,276323,276323,276323,276323,0,209676714801795663400,50015436603321392728880
2026-08-23 21:47:00,713055238,-713052143354877878785,276323,276323,276323,276323,713055238,0,50015436603321392728880
2026-08-23 21:51:00,7371904398,-7371874159132348025081,276323,276323,276323,276323,7418785989,46880838777425382981,50015436603321392728880
2026-08-23 21:52:00,2255416503,-2255407513190846435869,276323,276323,276323,276323,2255416503,0,50015436603321392728880
2026-08-23 21:53:00,108504177870,-108503985662000000000000,276323,276323,276323,276323,108504177870,0,50015436603321392728880
2026-08-23 21:55:00,47861059,-47861078092805271981,276323,276323,276323,276323,47861059,0,50015436603321392728880
2026-08-23 21:57:00,-25455763200,25455454954778623032585,276323,276323,276323,276323,0,25455454954778623032585,50015436603321392728880
2026-08-23 21:58:00,304622925208,-304624592278000000000000,276324,276323,276323,276324,304622925208,0,50015458417414800416755
2026-08-23 21:59:00,254502155379,-254508587784696836319433,276324,276324,276324,276324,437373717858,182872235608357274505086,50015458417414800416755
2026-08-23 22:00:00,63716637961,-63720888632544661035872,276324,276324,276324,276324,295734194987,232020713777455338964128,50015458417414800416755
2026-08-23 22:01:00,52006793406,-52010590785040175098337,276324,276324,276324,276324,258679393883,206676423435373326225750,50015458417414800416755
2026-08-23 22:02:00,-87049933489,87051032702033125934633,276324,276324,276324,276324,0,87051032702033125934633,50015458417414800416755
2026-08-23 22:03:00,-12060480670,12060609061922922580849,276324,276324,276324,276324,0,12060609061922922580849,50015458417414800416755
2026-08-23 22:04:00,-57567987887,57568509579634216998472,276324,276324,276324,276324,918113107,58486643274416856417527,50015458417414800416755
2026-08-23 22:05:00,-63144680025,63145088139029877606369,276324,276324,276324,276324,1983293318,65128421399827124436099,50015458417414800416755
2026-08-23 22:06:00,67586815784,-67588757479096005179707,276324,276324,276324,276324,122780518200,55194220341903994820293,50015458417414800416755
2026-08-23 22:07:00,-131889749079,131886770744404632952295,276324,276324,276324,276324,310212959408,442107428127404632952295,50015458417414800416755
2026-08-23 22:08:00,234464564831,-234469903327934655998104,276324,276324,276324,276324,294533828714,60070079816065344001896,50015458417414800416755
2026-08-23 22:09:00,-216131800738,216133542938118424688593,276324,276324,276324,276324,0,216133542938118424688593,50015458417414800416755
2026-08-23 22:10:00,-5225250900,5225269893424427854274,276324,276324,276324,276324,0,5225269893424427854274,50015458417414800416755
2026-08-23 22:11:00,-96827057637,96827212036641207533984,276324,276324,276324,276324,0,96827212036641207533984,50015458417414800416755
2026-08-23 22:13:00,-192917848951,192916742864908396327548,276324,276323,276323,276324,24677016560,217593844587908396327548,50015458417414800416755
2026-08-23 22:14:00,-4728540,4728501279653125851,276324,276324,276324,276324,0,4728501279653125851,50015458417414800416755
2026-08-23 22:17:00,-15578013811,15577883463874186045878,276323,276323,276323,276323,0,15577883463874186045878,50015436603321392728880
2026-08-23 22:19:00,40126886229,-40127051698000000000000,276324,276324,276324,276324,40126886229,0,50015458417414800416755
2026-08-23 22:21:00,169787535398,-169788948137577975149963,276324,276324,276324,276324,169787535398,0,50015458417414800416755
2026-08-23 22:23:00,-13282222,13282217907839462369,276324,276324,276324,276324,0,13282217907839462369,50015458417414800416755
2026-08-23 22:26:00,12585199653,-12585350254209936563333,276324,276324,276324,276324,12585199653,0,50015458417414800416755
2026-08-23 22:29:00,321694488839,-321700488486211109515264,276324,276324,276324,276324,321694488839,0,50015458417414800416755
2026-08-23 22:30:00,361185420272,-361197088005000000000000,276324,276324,276324,276324,361185420272,0,50015458417414800416755
2026-08-23 22:31:00,-878412729931,878401190859588236238502,276324,276323,276323,276324,1690858589977,2569210059500000000000000,50015458417414800416755
2026-08-23 22:32:00,-600005,600000000000000000,276324,276324,276324,276324,0,600000000000000000,50015458417414800416755
2026-08-23 22:34:00,47994597725,-47994854946000000000000,276324,276324,276324,276324,47994747727,150000000000000000,50015458417414800416755
2026-08-23 22:35:00,1783501368,-1783512702000000000000,276324,276324,276324,276324,1783501368,0,50015458417414800416755
2026-08-23 22:38:00,109902195219,-109903139018000000000000,276324,276324,276324,276324,109902195219,0,50015458417414800416755
2026-08-23 22:39:00,-4939565010,4939558519567784381635,276324,276324,276324,276324,0,4939558519567784381635,50015458417414800416755
2026-08-23 22:44:00,60999280884,-61000001110000000000000,276324,276324,276324,276324,60999280884,0,50015458417414800416755
2026-08-23 22:47:00,100773742950,-100775258752680810144532,276324,276324,276324,276324,100773742950,0,50015458417414800416755
2026-08-23 22:48:00,55866622950,-55867638245000000000000,276324,276324,276324,276324,55866622950,0,50015458417414800416755
2026-08-23 22:56:00,35831843,-35832534565576025184,276324,276324,276324,276324,35831843,0,50015458417414800416755
2026-08-23 22:57:00,296889524,-296895254149507594836,276324,276324,276324,276324,296889524,0,50015458417414800416755
2026-08-23 22:59:00,-2024743546,2024758250531546584322,276324,276324,276324,276324,0,2024758250531546584322,50015458417414800416755
2026-08-23 23:00:00,1508470482,-1508499525279615691822,276324,276324,276324,276324,1508470482,0,50015458417414800416755
2026-08-23 23:01:00,-371443485,371446187130843117132,276324,276324,276324,276324,0,371446187130843117132,50015458417414800416755
2026-08-23 23:03:00,186513142,-186516736736285715184,276324,276324,276324,276324,186513142,0,50015458417414800416755
2026-08-23 23:05:00,256157390,-256162329950412186308,276324,276324,276324,276324,256157390,0,50015458417414800416755
2026-08-23 23:06:00,-8146533376,8146569120654814080705,276324,276324,276324,276324,1856654920,10003259361872067617227,50015458417414800416755
2026-08-23 23:12:00,-6723751904,6723797483066738667306,276324,276324,276324,276324,26221571,6750019551446191111794,50015458417414800416755
2026-08-23 23:15:00,1592356841,-1592386656249314449090,276324,276324,276324,276324,1592356841,0,50015458417414800416755
2026-08-23 23:16:00,-6255721170,6255759182936982360865,276324,276324,276324,276324,288283320,6544047897734479450171,50015458417414800416755
2026-08-23 23:18:00,-32043674255,32043862160547699909630,276324,276324,276324,276324,0,32043862160547699909630,50015458417414800416755
2026-08-23 23:25:00,130471773,-130474020963823498717,276324,276324,276324,276324,130471773,0,50015458417414800416755
2026-08-23 23:29:00,-281296115645,281295999576505874677725,276324,276324,276324,276324,399593950,281695595915431667745446,50015458417414800416755
2026-08-23 23:30:00,66848106401,-66848596641010542900432,276324,276324,276324,276324,66941289136,93182171989457099568,50015458417414800416755
2026-08-23 23:31:00,-21662242847,21662152771905281874745,276324,276324,276324,276324,682925781,22345084472337956212077,50015458417414800416755
2026-08-23 23:32:00,-2657374730,2657363389864122191201,276324,276324,276324,276324,0,2657363389864122191201,50015458417414800416755
2026-08-23 23:35:00,176498743,-176500100147900257299,276324,276324,276324,276324,176498743,0,50015458417414800416755
2026-08-23 23:36:00,-87500000,87499622543088376527,276324,276324,276324,276324,0,87499622543088376527,50015458417414800416755
2026-08-23 23:39:00,257183270,-257185249218465603875,276324,276324,276324,276324,257183270,0,50015458417414800416755
2026-08-23 23:40:00,-157003354206,157002185421841316544352,276323,276323,276323,276323,0,157002185421841316544352,50015436603321392728880
2026-08-23 23:41:00,299999573,-300000000000000000000,276323,276323,276323,276323,299999573,0,50015436603321392728880
2026-08-23 23:42:00,4983445943,-4983453758694602789676,276323,276323,276323,276323,4999992357,16546241663003851677,50015436603321392728880
2026-08-23 23:43:00,255993308,-255993726210832183729,276323,276323,276323,276323,255993308,0,50015436603321392728880
2026-08-23 23:44:00,13785581386,-13785607769469843290885,276323,276323,276323,276323,13785581386,0,50015436603321392728880
2026-08-23 23:46:00,70628447,-70628602217489398495,276323,276323,276323,276323,70628447,0,50015436603321392728880
2026-08-23 23:47:00,11481060610,-11481088415338777692874,276323,276323,276323,276323,11481060610,0,50015436603321392728880
2026-08-23 23:49:00,54251816313,-54252018998917820579840,276324,276324,276324,276324,54251816313,0,50015458417414800416755
2026-08-23 23:50:00,1399993209,-1399999998000000000000,276324,276324,276324,276324,1399993209,0,50015458417414800416755
2026-08-23 23:51:00,169458863464,-169460851062845308144049,276324,276324,276324,276324,218378809429,48919976833154691855950,50015458417414800416755
2026-08-23 23:52:00,77811813,-77812720863475396736,276324,276324,276324,276324,77811813,0,50015458417414800416755
2026-08-23 23:53:00,17279777087,-17279984473000000000000,276324,276324,276324,276324,17279777087,0,50015458417414800416755
2026-08-23 23:54:00,-787165069,787165329761603398537,276324,276324,276324,276324,0,787165329761603398537,50015458417414800416755
2026-08-23 23:55:00,-812625000,812625242963039855727,276324,276324,276324,276324,0,812625242963039855727,50015458417414800416755
2026-08-23 23:58:00,-85443893591,85443771806458693061388,276324,276324,276324,276324,0,85443771806458693061388,50015458417414800416755
2026-08-23 23:59:00,2767572423,-2767736581446615371921,276324,276324,276324,276324,14389670145,11622058601553384628079,50015458417414800416755
