timestamp,netAmount0,netAmount1,closeTick,openTick,lowestTick,highestTick,inAmount0,inAmount1,currentLiquidity
2026-08-13 00:03:00,1201362206,-1200232769762163052631,276314,276314,276314,276314,1201362206,0,49999205015494861782685
2026-08-13 00:04:00,-22895704863,22873895510391267604712,276314,276314,276314,276314,0,22873895510391267604712,49999205015494861782685
2026-08-13 00:06:00,23881905,-23859431999480914285,276314,276314,276314,276314,23881905,0,49992697169328951948278
2026-08-13 00:07:00,-11999600000,11988161403712781478983,276314,276314,276314,276314,0,11988161403712781478983,49992697169328951948278
2026-08-13 00:09:00,-25238046765,25213969872268995150293,276314,276314,276314,276314,0,25213969872268995150293,49992697169328951948278
2026-08-13 00:10:00,-600000000,599427295206924611242,276314,276314,276314,276314,0,599427295206924611242,49992697169328951948278
2026-08-13 00:14:00,-564728206,564189154647752991763,276314,276314,276314,276314,0,564189154647752991763,49992697169328951948278
2026-08-13 00:15:00,-3239853000,3236760211967199120796,276314,276314,276314,276314,0,3236760211967199120796,49992697169328951948278
2026-08-13 00:16:00,914139385,-913277657781649801216,276314,276314,276314,276314,914139385,0,49992697169328951948278
2026-08-13 00:17:00,100094353,-100000000000000000000,276314,276314,276314,276314,100094353,0,49992697169328951948278
2026-08-13 00:22:00,3963736073,-3960000000000000000000,276314,276314,276314,276314,3963736073,0,49992697169328951948278
2026-08-13 00:23:00,450418932,-449994423363143119616,276314,276314,276314,276314,450418932,0,49992697169328951948278
2026-08-13 00:24:00,660242952,-659623092749853150931,276314,276314,276314,276314,859189912,198757073118907800343,49992697169328951948278
2026-08-13 00:25:00,651308908,-650699892592235278849,276314,276314,276314,276314,1051308908,399618225313247339999,49992697169328951948278
2026-08-13 00:27:00,-498672080,498196140082699325285,276314,276314,276314,276314,0,498196140082699325285,49992697169328951948278
2026-08-13 00:28:00,16543216484,-16527631062000000000000,276314,276314,276314,276314,16543216484,0,49992697169328951948278
2026-08-13 00:29:00,4382688,-4378561286747936014,276314,276314,276314,276314,4382688,0,49999870777728786661474
2026-08-13 00:30:00,14050891080,-14037662275593564952743,276314,276314,276314,276314,14050891080,0,49999870777728786661474
2026-08-13 00:33:00,316222640,-315925010143820059420,276314,276314,276314,276314,316222640,0,49999870777728786661474
2026-08-13 00:35:00,254106135668,-253868260800000000000000,276314,276314,276314,276314,254106135668,0,49999870777728786661474
2026-08-13 00:36:00,125134545079,-125018471187479139783110,276314,276314,276314,276314,135124832758,9980918387520860216890,49999870777728786661474
2026-08-13 00:39:00,-242160568,241933410612804442443,276314,276314,276314,276314,0,241933410612804442443,49999870777728786661474
2026-08-13 00:42:00,440273872,-439866155716215257472,276314,276314,276314,276314,440273872,0,49999870777728786661474
2026-08-13 00:43:00,-15958451547,15943476928724448055575,276314,276314,276314,276314,0,15943476928724448055575,49999870777728786661474
2026-08-13 00:48:00,-600000000,599436791391224637569,276314,276314,276314,276314,0,599436791391224637569,49999870777728786661474
2026-08-13 00:49:00,1660456020,-1658917325022351357180,276314,276314,276314,276314,1660456020,0,49999870777728786661474
2026-08-13 00:50:00,330883928,-330577321334071041717,276314,276314,276314,276314,330883928,0,49999870777728786661474
2026-08-13 00:53:00,152694265608,-152553241009228086596922,276314,276314,276314,276314,152694265608,0,49999870777728786661474
2026-08-13 00:55:00,-40462986,40425245742893666769,276314,276314,276314,276314,553157,40977893927480507229,49999870777728786661474
2026-08-13 00:57:00,-14460693685,14447191478765685088273,276314,276314,276314,276314,1101225786,15547403582003767606089,49999870777728786661474
2026-08-13 01:02:00,25739954378,-25716258423632179547519,276314,276314,276314,276314,25739954378,0,49999870777728786661474
2026-08-13 01:03:00,20554354709,-20535451572000000000000,276314,276314,276314,276314,20554354709,0,49999870777728786661474
2026-08-13 01:06:00,223712196626,-223507571753522593019745,276314,276314,276314,276314,225729625140,2015567904079607788252,49999870777728786661474
2026-08-13 01:12:00,-4238882663,4234956968293546751200,276314,276314,276314,276314,1316117337,5549876253905976655889,49999870777728786661474
2026-08-13 01:15:00,-172337478501,172177907876924771511658,276314,276314,276314,276314,0,172177907876924771511658,49999870777728786661474
2026-08-13 01:16:00,140128157532,-140000000000000000000000,276314,276314,276314,276314,140128157532,0,49999870777728786661474
2026-08-13 01:18:00,1301165793,-1299979457307365410126,276314,276314,276314,276314,1301165793,0,49999870777728786661474
2026-08-13 01:19:00,-3535061241,3531795612079450441901,276314,276314,276314,276314,0,3531795612079450441901,49999870777728786661474
2026-08-13 01:23:00,361074832,-360745584116516606128,276314,276314,276314,276314,361074832,0,49999870777728786661474
2026-08-13 01:24:00,8171995702,-8164545403000000000000,276314,276314,276314,276314,8171995702,0,49999870777728786661474
2026-08-13 01:25:00,40026159,-39989674633822993331,276314,276314,276314,276314,40026159,0,49999870777728786661474
2026-08-13 01:27:00,-1998281515,1996418000542208477213,276314,276314,276314,276314,1501368485,3496418000542208477213,49999870777728786661474
2026-08-13 01:28:00,-262877496,262634702691734232090,276314,276314,276314,276314,0,262634702691734232090,49999870777728786661474
2026-08-13 01:29:00,-2500000000,2497690872331686265319,276314,276314,276314,276314,0,2497690872331686265319,49999870777728786661474
2026-08-13 01:30:00,-449955000,449539371804092889924,276314,276314,276314,276314,0,449539371804092889924,49999870777728786661474
2026-08-13 01:35:00,-166590394,166436510281130729120,276314,276314,276314,276314,0,166436510281130729120,49999870777728786661474
2026-08-13 01:39:00,-138659331129,138530863957278676396676,276314,276314,276314,276314,0,138530863957278676396676,49999870777728786661474
2026-08-13 01:40:00,-194198919,194018455320387142652,276314,276314,276314,276314,0,194018455320387142652,49999870777728786661474
2026-08-13 01:41:00,150137718,-150000000000000000000,276314,276314,276314,276314,150137718,0,49999870777728786661474
2026-08-13 01:42:00,73843853958,-73776257832710981729207,276314,276314,276314,276314,76366266390,2520076006574335330384,49999870777728786661474
2026-08-13 01:43:00,50035340,-49989591998106691476,276314,276314,276314,276314,50035340,0,49999870777728786661474
2026-08-13 01:44:00,-279322015,279063273371908110573,276314,276314,276314,276314,0,279063273371908110573,49999870777728786661474
2026-08-13 01:45:00,-842039682,841259664208381965860,276314,276314,276314,276314,0,841259664208381965860,49999870777728786661474
2026-08-13 01:47:00,720005211,-719346870975128138705,276314,276314,276314,276314,720005211,0,49999870777728786661474
2026-08-13 01:53:00,622284620,-621716766787548015285,276314,276314,276314,276314,715573854,93202819572852609857,49999870777728786661474
2026-08-13 01:57:00,-73383255088,73315172217736425605702,276314,276314,276314,276314,0,73315172217736425605702,49999870777728786661474
2026-08-13 02:04:00,20652100883,-20633166306585999199666,276314,276314,276314,276314,20652100883,0,49999870777728786661474
2026-08-13 02:08:00,-899356209,898521219002153708824,276314,276314,276314,276314,0,898521219002153708824,49999870777728786661474
2026-08-13 02:12:00,-110674389361,110571381228474296385896,276314,276314,276314,276314,675946059,111246704813474296385896,49999870777728786661474
2026-08-13 02:13:00,-1344752436,1343497922088067261054,276314,276314,276314,276314,0,1343497922088067261054,49999870777728786661474
2026-08-13 02:16:00,-451944478,451522844503226339511,276314,276314,276314,276314,0,451522844503226339511,49999870777728786661474
2026-08-13 02:17:00,-35379659200,35346627087667511388387,276314,276314,276314,276314,0,35346627087667511388387,49999870777728786661474
2026-08-13 02:19:00,1204943989,-1203832621465365183667,276314,276314,276314,276314,1204943989,0,49999870777728786661474
2026-08-13 02:22:00,1001822587,-1000898609740934992830,276314,276314,276314,276314,1001822587,0,49999870777728786661474
2026-08-13 02:25:00,1082403719,-1081405467089442037572,276314,276314,276314,276314,1082403719,0,49999870777728786661474
2026-08-13 02:29:00,25939382600,-25915473876491303113320,276314,276314,276314,276314,25939382600,0,49999870777728786661474
2026-08-13 02:30:00,596607923,-596058336944228632843,276314,276314,276314,276314,596607923,0,49999870777728786661474
2026-08-13 02:32:00,596559486,-596009958688266421157,276314,276314,276314,276314,596559486,0,49999870777728786661474
2026-08-13 02:33:00,61677704334,-61620965928012109248395,276314,276314,276314,276314,61677704334,0,49999870777728786661474
2026-08-13 02:34:00,-51930067248,51881683387476198347097,276314,276314,276314,276314,0,51881683387476198347097,49999870777728786661474
2026-08-13 02:35:00,-3100000000,3097108286117606175891,276314,276314,276314,276314,0,3097108286117606175891,49999870777728786661474
2026-08-13 02:36:00,-48440738008,48395502094061118017068,276314,276314,276314,276314,0,48395502094061118017068,49999870777728786661474
2026-08-13 02:40:00,3816253827,-3812732407610840449024,276314,276314,276314,276314,3816253827,0,49999870777728786661474
2026-08-13 02:42:00,9007409213,-8999100000000000000000,276314,276314,276314,276314,9007409213,0,49999870777728786661474
2026-08-13 02:43:00,-200188000000,200000164868719898917188,276314,276314,276314,276314,0,200000164868719898917188,49999870777728786661474
2026-08-13 02:45:00,74997202355,-74927544570382796997895,276314,276314,276314,276314,74997202355,0,49999870777728786661474
2026-08-13 02:46:00,-51462560511,51412977575755979435056,276314,276314,276314,276314,99380908408,150701327803601045695536,49999870777728786661474
2026-08-13 02:48:00,4494176,-4490000000000000000,276314,276314,276314,276314,4494176,0,49999870777728786661474
2026-08-13 02:51:00,3002490222,-2999700000000000000000,276314,276314,276314,276314,3002490222,0,49999870777728786661474
2026-08-13 02:52:00,-12526684,12514892647316825739,276314,276314,276314,276314,0,12514892647316825739,49999870777728786661474
2026-08-13 02:54:00,142371824,-142247817015209903962,276314,276314,276314,276314,833790606,690767986434303734246,49999870777728786661474
2026-08-13 02:55:00,2251867419,-2249775000537316364165,276314,276314,276314,276314,2251867419,0,49999870777728786661474
2026-08-13 02:56:00,28189511360,-28163335014000000000000,276314,276314,276314,276314,28189511360,0,49999870777728786661474
2026-08-13 02:57:00,151046621966,-150906903105000000000000,276314,276314,276314,276314,151046621966,0,49999870777728786661474
2026-08-13 02:58:00,97184781319,-97095366741489654012582,276314,276314,276314,276314,97184781319,0,49999870777728786661474
2026-08-13 02:59:00,-700000000,699348923678632751840,276314,276314,276314,276314,0,699348923678632751840,49999870777728786661474
2026-08-13 03:02:00,151091541600,-150953275255000000000000,276314,276314,276314,276314,151091541600,0,49999870777728786661474
2026-08-13 03:03:00,-1505250526,1503859496726744325019,276314,276314,276314,276314,0,1503859496726744325019,49999870777728786661474
2026-08-13 03:04:00,44152382201,-44112152552433247056481,276314,276314,276314,276314,44602798210,449999753460626411557,49999870777728786661474
2026-08-13 03:05:00,168809035500,-168655921728000000000000,276314,276314,276314,276314,168809035500,0,49999870777728786661474
2026-08-13 03:08:00,12127177577,-12116221767000000000000,276314,276314,276314,276314,12127177577,0,49999870777728786661474
2026-08-13 03:10:00,1358043148,-1356816644457780566209,276314,276314,276314,276314,1358043148,0,49999870777728786661474
2026-08-13 03:11:00,14919462942,-14905994551076823398260,276314,276314,276314,276314,15013554541,94005494923176601740,49999870777728786661474
2026-08-13 03:12:00,16747440069,-16732330817000000000000,276314,276314,276314,276314,16747440069,0,49999870777728786661474
2026-08-13 03:15:00,250085783524,-249861523494496994902057,276315,276315,276315,276315,252608437514,2520374021184165428572,49999870688298394371035
2026-08-13 03:16:00,-356223175,355901200335915886373,276315,276315,276315,276315,0,355901200335915886373,49999870688298394371035
2026-08-13 03:19:00,-340535957,340228156440003109381,276315,276315,276315,276315,0,340228156440003109381,49999870688298394371035
2026-08-13 03:20:00,1404459142,-1403206564117137334755,276315,276315,276315,276315,1404459142,0,49999870688298394371035
2026-08-13 03:21:00,278390493,-278146533882237917444,276315,276315,276315,276315,638390493,359674631625551780175,49999870688298394371035
2026-08-13 03:22:00,-5690083445,5684940053589053236676,276315,276315,276315,276315,0,5684940053589053236676,49999870688298394371035
2026-08-13 03:23:00,-12592868487,12581480918431964678882,276315,276315,276315,276315,0,12581480918431964678882,49999870688298394371035
2026-08-13 03:24:00,2872759159,-2870195244785053639274,276315,276315,276315,276315,2872759159,0,49999870688298394371035
2026-08-13 03:27:00,-2432005034,2429805351660796955429,276315,276315,276315,276315,0,2429805351660796955429,49999870688298394371035
2026-08-13 03:29:00,-28000000,27974673397752961359,276315,276315,276315,276315,0,27974673397752961359,49999870688298394371035
2026-08-13 03:31:00,1812977698,-1811359622451396546464,276315,276315,276315,276315,1812977698,0,49999870688298394371035
2026-08-13 03:32:00,-5005363233,5000835632778032282728,276315,276315,276315,276315,0,5000835632778032282728,49999870688298394371035
2026-08-13 03:33:00,-15000000000,14986425762261675830298,276315,276315,276315,276315,0,14986425762261675830298,49999870688298394371035
2026-08-13 03:35:00,819308840,-818576998716735885181,276315,276315,276315,276315,819308840,0,49999870688298394371035
2026-08-13 03:36:00,1245517709,-1244405210258563242121,276315,276315,276315,276315,1245517709,0,49999870688298394371035
2026-08-13 03:37:00,107341718568,-107246073546000000000000,276315,276315,276315,276315,107341718568,0,49999870688298394371035
2026-08-13 03:43:00,595506074,-594976742564184768723,276315,276315,276315,276315,595506074,0,49999870688298394371035
2026-08-13 03:45:00,496878472,-496436818991877592863,276315,276315,276315,276315,496878472,0,49999870688298394371035
2026-08-13 03:46:00,2987578573,-2984923256186866394614,276315,276315,276315,276315,2987578573,0,49999870688298394371035
2026-08-13 03:47:00,-151747,151610229696247698,276315,276315,276315,276315,0,151610229696247698,49999870688298394371035
2026-08-13 03:48:00,-893248971,892444391415479005332,276315,276315,276315,276315,0,892444391415479005332,49999870688298394371035
2026-08-13 03:52:00,-195414498867,195206734891929683109198,276314,275470,275470,276315,2584238833266,2776872104802247213669116,49999870777728786661474
2026-08-13 03:53:00,71163087,-71099285000000000000,276314,276314,276314,276314,71163087,0,49999870777728786661474
2026-08-13 03:55:00,667420581,-666822205000000000000,276314,276314,276314,276314,667420581,0,49999870777728786661474
2026-08-13 03:56:00,59902417992,-59848796887914852818301,276315,276315,276314,276315,60903700382,1000372750085147181699,49999870688298394371035
2026-08-13 03:57:00,-144806745,144675529089663014016,276315,276315,276315,276315,0,144675529089663014016,49999870688298394371035
2026-08-13 04:00:00,-1090424540,1089436438606587802277,276315,276315,276315,276315,0,1089436438606587802277,49999870688298394371035
2026-08-13 04:01:00,11277869505,-11267795233004247525094,276315,276315,276315,276315,11927869505,649410972308480534116,49999870688298394371035
2026-08-13 04:03:00,-694270484,693641650334480656400,276315,276315,276315,276315,0,693641650334480656400,49999870688298394371035
2026-08-13 04:04:00,2196716059,-2194753392143545194025,276315,276315,276315,276315,2246466059,49704937856454805975,49999870688298394371035
2026-08-13 04:06:00,-895161256,894350516632183832662,276315,276315,276315,276315,0,894350516632183832662,49999870688298394371035
2026-08-13 04:07:00,-891321171231,890496955428521409162180,276314,276314,276314,276314,89354934227,979768690587521409162180,49999870777728786661474
2026-08-13 04:08:00,89357521734,-89274639179000000000000,276314,276314,276314,276314,89357521734,0,49999870777728786661474
2026-08-13 04:09:00,134038681956,-133914953941000000000000,276314,276314,276314,276314,134038681956,0,49999870777728786661474
2026-08-13 04:12:00,235028938815,-234813721462000000000000,276314,276314,276314,276314,235028938815,0,49999870777728786661474
2026-08-13 04:13:00,-94357557,94270463880769269588,276314,276314,276314,276314,0,94270463880769269588,49999870777728786661474
2026-08-13 04:14:00,600487045,-599940000000000000000,276314,276314,276314,276314,600487045,0,49999870777728786661474
2026-08-13 04:18:00,26807596712,-26783189575000000000000,276314,276314,276314,276314,26807596712,0,49999870777728786661474
2026-08-13 04:20:00,34435831187,-34404521000000000000000,276314,276314,276314,276314,34435831187,0,49999870777728786661474
2026-08-13 04:22:00,-4988038781,4983440419918338877311,276314,276314,276314,276314,517395693,5500365928190638227405,49999870777728786661474
2026-08-13 04:23:00,-817009069,816256807246412902898,276314,276314,276314,276314,0,816256807246412902898,49999870777728786661474
2026-08-13 04:24:00,2447316,-2445092178924280513,276314,276314,276314,276314,2447316,0,49999870777728786661474
2026-08-13 04:33:00,104333946,-104239130061263445986,276314,276314,276314,276314,104333946,0,49999870777728786661474
2026-08-13 04:39:00,-1275628869,1274454286073481733504,276314,276314,276314,276314,0,1274454286073481733504,49999870777728786661474
2026-08-13 04:40:00,590512446,-589975782123631967485,276314,276314,276314,276314,590512446,0,49999870777728786661474
2026-08-13 04:42:00,125255829231,-125142310087000000000000,276314,276314,276314,276314,125255829231,0,49999870777728786661474
2026-08-13 04:43:00,100235693,-100145100898440017489,276314,276314,276314,276314,100235693,0,49999870777728786661474
2026-08-13 04:45:00,-68092558,68030199544841668252,276314,276314,276314,276314,0,68030199544841668252,49999870777728786661474
2026-08-13 04:46:00,-41993778206,41955285735921386186751,276314,276314,276314,276314,0,41955285735921386186751,49999870777728786661474
2026-08-13 04:47:00,-479264251,478824539328032083894,276314,276314,276314,276314,0,478824539328032083894,49999870777728786661474
2026-08-13 04:49:00,22717211444,-22696651501000000000000,276314,276314,276314,276314,22717211444,0,49999870777728786661474
2026-08-13 04:50:00,-123899617,123786052978798738303,276314,276314,276314,276314,0,123786052978798738303,49999870777728786661474
2026-08-13 04:52:00,-150000000,149862512774466888198,276314,276314,276314,276314,0,149862512774466888198,49999870777728786661474
2026-08-13 04:53:00,-4444845,4440770592947386757,276314,276314,276314,276314,0,4440770592947386757,49999870777728786661474
2026-08-13 04:54:00,-1771850000,1770225885838202533891,276314,276314,276314,276314,0,1770225885838202533891,49999870777728786661474
2026-08-13 04:57:00,-97453788615,97364267384672489074083,276314,276314,276314,276314,0,97364267384672489074083,49999870777728786661474
2026-08-13 04:59:00,8938983651,-8930863652000000000000,276314,276314,276314,276314,8938983651,0,49999870777728786661474
2026-08-13 05:00:00,209120955453,-208931904806000000000000,276314,276314,276314,276314,209120955453,0,49999870777728786661474
2026-08-13 05:07:00,-32346658941,32317143137059128552014,276314,276314,276314,276314,0,32317143137059128552014,49999870777728786661474
2026-08-13 05:08:00,-3197714744,3194794610223302600468,276314,276314,276314,276314,0,3194794610223302600468,49999870777728786661474
2026-08-13 05:09:00,9275553866,-9267249859090351971990,276314,276314,276314,276314,13782726816,4503056333351049440823,49999870777728786661474
2026-08-13 05:10:00,-43452459501,43412754601177885242595,276314,276314,276314,276314,0,43412754601177885242595,49999870777728786661474
2026-08-13 05:12:00,-3521968610,3518735367762883391638,276314,276314,276314,276314,977581390,4495434203922680335674,49999870777728786661474
2026-08-13 05:14:00,56588762687,-56537739762999999999999,276314,276314,276314,276314,56588762687,0,49999870777728786661474
2026-08-13 05:15:00,-356699494,356374001290158853774,276314,276314,276314,276314,0,356374001290158853774,49999870777728786661474
2026-08-13 05:18:00,-850857208960,850065484389778083974519,276314,276314,276314,276314,70364095287,920363724467778083974519,49999870777728786661474
2026-08-13 05:20:00,162084885371,-161933939256000000000000,276314,276314,276314,276314,162084885371,0,49999870777728786661474
2026-08-13 05:22:00,-4391059485,4386929981559346875998,276314,276314,276314,276314,115987239,4502809559237210355455,49999870777728786661474
2026-08-13 05:24:00,4003715994,-4000000000000000000000,276314,276314,276314,276314,4003715994,0,49999870777728786661474
2026-08-13 05:32:00,3077157634,-3075117936685282077202,276314,276314,276314,276314,71131217267,67989993237314717922798,49999870777728786661474
2026-08-13 05:33:00,49910983896,-49864719573000000000000,276314,276314,276314,276314,49910983896,0,49999870777728786661474
2026-08-13 05:34:00,100229005446,-100136400052000000000000,276314,276314,276314,276314,100229005446,0,49999870777728786661474
2026-08-13 05:36:00,2678258364,-2675855257554374261305,276314,276314,276314,276314,8177708364,5494313744445625738695,49999870777728786661474
2026-08-13 05:37:00,890640865,-889819863000000000000,276314,276314,276314,276314,890640865,0,49999870777728786661474
2026-08-13 05:38:00,-1051448494,1050466647288129301107,276314,276314,276314,276314,0,1050466647288129301107,49999870777728786661474
2026-08-13 05:39:00,35448962366,-35416309345000000000000,276314,276314,276314,276314,35448962366,0,49999870777728786661474
2026-08-13 05:40:00,197507519645,-197326508941000000000000,276314,276314,276314,276314,197507519645,0,49999870777728786661474
2026-08-13 05:41:00,-5999400000,5993852719537580686286,276314,276314,276314,276314,0,5993852719537580686286,49999870777728786661474
2026-08-13 05:45:00,141899912471,-141770792661000000000000,276314,276314,276314,276314,141899912471,0,49999870777728786661474
2026-08-13 05:46:00,-3395553332,3392432279389078528846,276314,276314,276314,276314,0,3392432279389078528846,49999870777728786661474
2026-08-13 05:51:00,64062586136,-64004548137000000000000,276314,276314,276314,276314,64062586136,0,49999870777728786661474
2026-08-13 05:52:00,39713564697,-39677668198000000000000,276314,276314,276314,276314,39713564697,0,49999870777728786661474
2026-08-13 05:55:00,82017577047,-81943641994000000000000,276314,276314,276314,276314,82017577047,0,49999870777728786661474
2026-08-13 05:57:00,375922926983,-375587488226000000000000,276315,276315,276315,276315,375922926983,0,49999870688298394371035
2026-08-13 06:01:00,-1201259158,1200181853710602850466,276315,276315,276315,276315,0,1200181853710602850466,49999870688298394371035
2026-08-13 06:02:00,-32871230767,32841729076304641361519,276315,276315,276315,276315,0,32841729076304641361519,49999870688298394371035
2026-08-13 06:03:00,-637628390,637055696188397242797,276315,276315,276315,276315,0,637055696188397242797,49999870688298394371035
2026-08-13 06:04:00,258249998084,-258022472804000000000000,276315,276315,276315,276315,258249998084,0,49999870688298394371035
2026-08-13 06:06:00,-2800812377,2798325495126731594350,276315,276315,276315,276315,0,2798325495126731594350,50002852922319634915121
2026-08-13 06:12:00,1900244940,-1898580434272418219134,276315,276315,276315,276315,1900244940,0,50002852922319634915121
2026-08-13 06:13:00,-17964000,17948049641453812072,276315,276315,276315,276315,0,17948049641453812072,50002852922319634915121
2026-08-13 06:17:00,-2967117063,2964482397905462011472,276315,276315,276315,276315,0,2964482397905462011472,50002852922319634915121
2026-08-13 06:18:00,580655859,-580147198020482377595,276315,276315,276315,276315,580655859,0,50002852922319634915121
2026-08-13 06:21:00,-1430575602,1429305223014792423306,276315,276315,276315,276315,0,1429305223014792423306,50002852922319634915121
2026-08-13 06:22:00,-17052411,17037266955607459221,276315,276315,276315,276315,0,17037266955607459221,50002852922319634915121
2026-08-13 06:23:00,1107068716,-1106098883566342559284,276315,276315,276315,276315,1107068716,0,50002852922319634915121
2026-08-13 06:29:00,-9764090462,9755418004909248044887,276315,276315,276315,276315,0,9755418004909248044887,50002852922319634915121
2026-08-13 06:32:00,801679157,-800976574829888011728,276315,276315,276315,276315,801679157,0,50002852922319634915121
2026-08-13 06:33:00,-2758642057,2756179217958350404686,276315,276315,276315,276315,1001974589,3757275573890963419690,50002852922319634915121
2026-08-13 06:34:00,-1992118270,1990348248534441263117,276315,276315,276315,276315,0,1990348248534441263117,50002852922319634915121
2026-08-13 06:35:00,750927878,-750269654801033404169,276315,276315,276315,276315,750927878,0,50002852922319634915121
2026-08-13 06:39:00,851626291,-850879827560611797063,276315,276315,276315,276315,851626291,0,50002852922319634915121
2026-08-13 06:40:00,-351289,350975992504458843,276315,276315,276315,276315,0,350975992504458843,50002852922319634915121
2026-08-13 06:41:00,1003252000,-1002372672082641789791,276315,276315,276315,276315,1003252000,0,50002852922319634915121
2026-08-13 06:42:00,-52109105986,52062624013176672775003,276315,276315,276315,276315,10969525670,63022515037951148445831,50002852922319634915121
2026-08-13 06:43:00,-90590268038,90509430850354995265714,276315,276315,276315,276315,0,90509430850354995265714,50002852922319634915121
2026-08-13 06:44:00,26528217,-26504815491055006333,276315,276315,276315,276315,26528217,0,50002852922319634915121
2026-08-13 06:49:00,259900335,-259671063846781552725,276315,276315,276315,276315,259900335,0,50002852922319634915121
2026-08-13 06:50:00,-50658310002,50612963311292347396736,276315,276315,276315,276315,0,50612963311292347396736,50002852922319634915121
2026-08-13 06:53:00,140254684,-140130676000000000000,276315,276315,276315,276315,140254684,0,50002852922319634915121
2026-08-13 06:54:00,-2231195829,2229196233115507703651,276315,276315,276315,276315,0,2229196233115507703651,50002852922319634915121
2026-08-13 06:55:00,-3206594785,3203720689873228936391,276315,276315,276315,276315,0,3203720689873228936391,50002852922319634915121
2026-08-13 06:56:00,356685277,-356497675738963652921,276315,276315,276315,276315,11019617614,10653376811074306559687,50002852922319634915121
2026-08-13 06:57:00,5824569364,-5819543112884841412910,276315,276315,276315,276315,16178088722,10344243405115158587090,50002852922319634915121
2026-08-13 06:58:00,-17333916512,17318377161487190266722,276315,276315,276315,276315,0,17318377161487190266722,50002852922319634915121
2026-08-13 06:59:00,-8198435942,8191082101031805091515,276315,276315,276315,276315,0,8191082101031805091515,50002852922319634915121
2026-08-13 07:00:00,-569582361,569071356383501566284,276315,276315,276315,276315,0,569071356383501566284,50002852922319634915121
2026-08-13 07:01:00,77950774095,-77881895158506246484741,276315,276315,276315,276315,77950774095,0,50002852922319634915121
2026-08-13 07:06:00,2772092225,-2769647216000000000000,276315,276315,276315,276315,2772092225,0,50002852922319634915121
2026-08-13 07:07:00,6337842225,-6332253346000000000000,276315,276315,276315,276315,6337842225,0,50002852922319634915121
2026-08-13 07:13:00,45927506881,-45887054718000000000000,276315,276315,276315,276315,45927506881,0,50002852922319634915121
2026-08-13 07:14:00,75199205366,-75133153112199176579494,276315,276315,276315,276315,75199205366,0,50002852922319634915121
2026-08-13 07:15:00,31199521144,-31172182917186811432999,276315,276315,276315,276315,31199521144,0,50002852922319634915121
2026-08-13 07:19:00,-64988880079,64931111268854878995636,276315,276315,276315,276315,0,64931111268854878995636,50002852922319634915121
2026-08-13 07:21:00,187822436347,-187658193404815258268009,276315,276315,276315,276315,187848163272,25704022215817806656,50002852922319634915121
2026-08-13 07:22:00,-50599959631,50555243988830108817578,276315,276315,276315,276315,0,50555243988830108817578,50002852922319634915121
2026-08-13 07:23:00,541896681,-541423758206330679155,276315,276315,276315,276315,541896681,0,50002852922319634915121
2026-08-13 07:25:00,-4940100000,4935729015623355792762,276315,276315,276315,276315,0,4935729015623355792762,50002852922319634915121
2026-08-13 07:26:00,-915317486,914507509008464187228,276315,276315,276315,276315,0,914507509008464187228,50002852922319634915121
2026-08-13 07:27:00,-28614657202,28589318825123595684171,276315,276315,276315,276315,0,28589318825123595684171,50002852922319634915121
2026-08-13 07:29:00,-7318391096,7311905382117862828350,276315,276315,276315,276315,0,7311905382117862828350,50002852922319634915121
2026-08-13 07:30:00,-1055895628,1054959693842009531022,276315,276315,276315,276315,0,1054959693842009531022,50002852922319634915121
2026-08-13 07:31:00,20408904523,-20391066890000000000000,276315,276315,276315,276315,20408904523,0,50002852922319634915121
2026-08-13 07:32:00,-29308146123,29282173844258252894447,276315,276315,276315,276315,0,29282173844258252894447,50002852922319634915121
2026-08-13 07:33:00,45303470812,-45263881442952017745804,276315,276315,276315,276315,45303470812,0,50002852922319634915121
2026-08-13 07:35:00,-71874000000,71810291554062858267975,276315,276315,276315,276315,0,71810291554062858267975,50002852922319634915121
2026-08-13 07:36:00,-1003352341,1002461517519804090118,276315,276315,276315,276315,0,1002461517519804090118,50002852922319634915121
2026-08-13 07:38:00,-28673950341,28648450912086828292982,276315,276315,276315,276315,2032906063,30679573989086828292982,50002852922319634915121
2026-08-13 07:39:00,5780646001,-5775576914000000000000,276315,276315,276315,276315,5780646001,0,50002852922319634915121
2026-08-13 07:40:00,-96972000000,96885625346355263506264,276315,276315,276315,276315,0,96885625346355263506264,50002852922319634915121
2026-08-13 07:41:00,91560577046,-91480110305000000000000,276315,276315,276315,276315,91560577046,0,50002852922319634915121
2026-08-13 07:42:00,-55720982567,55671384778395235853502,276315,276315,276315,276315,0,55671384778395235853502,50002852922319634915121
2026-08-13 07:43:00,80070272491,-80000000100000000000000,276315,276315,276315,276315,80070272491,0,50002852922319634915121
2026-08-13 07:44:00,8885652115,-8877869552000000000000,276315,276315,276315,276315,8885652115,0,50002852922319634915121
2026-08-13 07:46:00,-4534753579,4530727805318676409350,276315,276315,276315,276315,0,4530727805318676409350,50002852922319634915121
2026-08-13 07:47:00,-43861437485,43821416270053693919326,276315,276315,276315,276315,86775823492,130521381366579644737752,50002852922319634915121
2026-08-13 07:48:00,-4917401465,4913026449211641425226,276315,276315,276315,276315,0,4913026449211641425226,50002852922319634915121
2026-08-13 07:49:00,188840723904,-188675671236671817996810,276315,276315,276315,276315,188945723904,104907363165580138830,50002852922319634915121
2026-08-13 07:51:00,73936294335,-73872381868986529660399,276315,276315,276315,276315,100843438235,26883390460013470339601,50002852922319634915121
2026-08-13 07:54:00,39051501865,-39017662461000000000000,276315,276315,276315,276315,39051501865,0,50002852922319634915121
2026-08-13 07:59:00,1090944464,-1090000000000000000000,276315,276315,276315,276315,1090944464,0,50002852922319634915121
2026-08-13 08:00:00,701603804,-700996429135741189785,276315,276315,276315,276315,701603804,0,50002852922319634915121
2026-08-13 08:01:00,-1304342796,1303197977563018000843,276315,276315,276315,276315,0,1303197977563018000843,50002852922319634915121
2026-08-13 08:02:00,-47945419,47903335837163928456,276315,276315,276315,276315,0,47903335837163928456,50002852922319634915121
2026-08-13 08:04:00,-98379105148,98292397629797015974476,276315,276315,276315,276315,13715187045,111995714711797015974476,50002852922319634915121
2026-08-13 08:05:00,2281533020,-2279548955000000000000,276315,276315,276315,276315,2281533020,0,50002852922319634915121
2026-08-13 08:06:00,3991875871,-3988417171480374676000,276315,276315,276315,276315,5010424103,1017650499620488872005,50002852922319634915121
2026-08-13 08:08:00,962653750,-961816824000000000000,276315,276315,276315,276315,962653750,0,50002852922319634915121
2026-08-13 08:09:00,1999288458,-1997550404984037183802,276315,276315,276315,276315,1999288458,0,50002852922319634915121
2026-08-13 08:10:00,2793752414,-2791323972000000000000,276315,276315,276315,276315,2793752414,0,50002852922319634915121
2026-08-13 08:11:00,-10025000000,10016164223470144539941,276315,276315,276315,276315,0,10016164223470144539941,50002852922319634915121
2026-08-13 08:12:00,-1512003329,1510670338872324867349,276315,276315,276315,276315,0,1510670338872324867349,50002852922319634915121
2026-08-13 08:13:00,72331976358,-72269193664410221305952,276315,276315,276315,276315,73664212176,1331065156589778694048,50002852922319634915121
2026-08-13 08:14:00,-2349201107,2347128846509754120892,276315,276315,276315,276315,650498893,2997063846509754120892,50002852922319634915121
2026-08-13 08:15:00,29934715103,-29908784099000000000000,276315,276315,276315,276315,29934715103,0,50002852922319634915121
2026-08-13 08:21:00,12151782639,-12142455595693640023214,276315,276315,276315,276315,111341799373,99102766745306359976786,50002852922319634915121
2026-08-13 08:24:00,16483091012,-16468835786000000000000,276315,276315,276315,276315,16483091012,0,50002852922319634915121
2026-08-13 08:26:00,650325543,-649763338571196436005,276315,276315,276315,276315,650325543,0,50002852922319634915121
2026-08-13 08:28:00,50043261,-50000000000000000000,276315,276315,276315,276315,50043261,0,50002852922319634915121
2026-08-13 08:31:00,1201038247,-1200000000000000000000,276315,276315,276315,276315,1201038247,0,50002852922319634915121
2026-08-13 08:36:00,49260087274,-49217553633843767472283,276315,276315,276315,276315,49260087274,0,50002852922319634915121
2026-08-13 08:37:00,662668580,-662097059471023878357,276315,276315,276315,276315,662668580,0,50002852922319634915121
2026-08-13 08:38:00,8008196153,-8001290845757338503421,276315,276315,276315,276315,8008196153,0,50002852922319634915121
2026-08-13 08:39:00,903469883,-902691000000000000000,276315,276315,276315,276315,903469883,0,50002852922319634915121
2026-08-13 08:41:00,12362232967,-12351578737000000000000,276315,276315,276315,276315,12362232967,0,50002852922319634915121
2026-08-13 08:43:00,31174980647,-31148140000000000000000,276315,276315,276315,276315,31174980647,0,50002852922319634915121
2026-08-13 08:44:00,50611324468,-50567832435000000000000,276315,276315,276315,276315,50611324468,0,50002852922319634915121
2026-08-13 08:45:00,301100548,-300842109020595772588,276315,276315,276315,276315,301100548,0,50002852922319634915121
2026-08-13 08:47:00,11439816308,-11430000000000000000000,276315,276315,276315,276315,11439816308,0,50002852922319634915121
2026-08-13 08:48:00,491123015,-490701708000000000000,276315,276315,276315,276315,491123015,0,50002852922319634915121
2026-08-13 08:49:00,-1175915441581,1174863529652178799411061,276314,276315,276314,276315,121362071206,1296115497586178799411061,50002853011750027205560
2026-08-13 08:50:00,379588169426,-379247593502953436664397,276315,276314,276314,276315,379588169426,0,50002852922319634915121
2026-08-13 08:51:00,1062503538681,-1061583438762260820606278,276315,276315,276315,276315,1279552226188,216863142120739179393722,50002852922319634915121
2026-08-13 08:55:00,17483522959,-17468717000000000000000,276315,276315,276315,276315,17483522959,0,50002852922319634915121
2026-08-13 08:58:00,45179767962,-45141563925017166416975,276315,276315,276315,276315,45179767962,0,50002852922319634915121
2026-08-13 09:04:00,6005072,-6000000000000000000,276315,276315,276315,276315,6005072,0,50002852922319634915121
2026-08-13 09:06:00,-17261979485,17247184473149261522473,276315,276315,276315,276315,77743196,17324862000329331329559,50002852922319634915121
2026-08-13 09:07:00,7408296998,-7402035214203722335446,276315,276315,276315,276315,7408296998,0,50002852922319634915121
2026-08-13 09:14:00,2460329224,-2458250142538177788245,276315,276315,276315,276315,2460329224,0,50002852922319634915121
2026-08-13 09:15:00,-212349581,212159057793003897799,276315,276315,276315,276315,712367518,923924640594207444128,50002852922319634915121
2026-08-13 09:16:00,4804260848,-4800201700586740276668,276315,276315,276315,276315,4804260848,0,50002852922319634915121
2026-08-13 09:20:00,15007762885,-14995088735239306864234,276315,276315,276315,276315,15012437283,4670394827217756316,50002852922319634915121
2026-08-13 09:22:00,6504840608,-6499350000000000000000,276315,276315,276315,276315,6504840608,0,50002852922319634915121
2026-08-13 09:23:00,9168471012,-9160734955346362314606,276315,276315,276315,276315,9168471012,0,50002852922319634915121
2026-08-13 09:27:00,-1004433855,1003574466873485618082,276315,276315,276315,276315,0,1003574466873485618082,50002852922319634915121
2026-08-13 09:29:00,-5895225291,5890180557674651570592,276315,276315,276315,276315,0,5890180557674651570592,50002852922319634915121
2026-08-13 09:30:00,1179817055,-1178821482796528181457,276315,276315,276315,276315,1179817055,0,50002852922319634915121
2026-08-13 09:31:00,12171575644,-12161308073351382946256,276315,276315,276315,276315,12171575644,0,50002852922319634915121
2026-08-13 09:34:00,-7452574626,7446170409713167884729,276315,276315,276315,276315,2401785374,9845930409713167884729,50002852922319634915121
2026-08-13 09:36:00,-92497365187,92418052253550814220553,276315,276315,276315,276315,0,92418052253550814220553,50002852922319634915121
2026-08-13 09:38:00,-2271061029,2269109382217568690387,276315,276315,276315,276315,0,2269109382217568690387,50002852922319634915121
2026-08-13 09:40:00,-1581442700,1580083558324620775073,276315,276315,276315,276315,0,1580083558324620775073,50002852922319634915121
2026-08-13 09:41:00,3666968462,-3663861074000000000000,276315,276315,276315,276315,3666968462,0,50002852922319634915121
2026-08-13 09:43:00,600448769,-599940000151272801504,276315,276315,276315,276315,600448769,0,50002852922319634915121
2026-08-13 09:45:00,527226190,-526779476000000000000,276315,276315,276315,276315,527226190,0,50002852922319634915121
2026-08-13 09:46:00,3512879170,-3509903019550270285160,276315,276315,276315,276315,3512879170,0,50002852922319634915121
2026-08-13 09:47:00,-132474268017,132360104749634994250853,276315,276315,276315,276315,0,132360104749634994250853,50002852922319634915121
2026-08-13 09:48:00,-15929235572,15915460908737101805115,276315,276315,276315,276315,0,15915460908737101805115,50002852922319634915121
2026-08-13 09:49:00,-26474681030,26451595064743409470729,276315,276315,276315,276315,14162197285,40601715018743409470729,50002852922319634915121
2026-08-13 09:51:00,114158547973,-114061953243535946406306,276315,276315,276315,276315,168443695112,54238071007564789593694,50002852922319634915121
2026-08-13 09:52:00,-750000497,749354316981734000635,276315,276315,276315,276315,0,749354316981734000635,50002852922319634915121
2026-08-13 09:53:00,-125000000000,124891989618521606008433,276315,276315,276315,276315,0,124891989618521606008433,50002852922319634915121
2026-08-13 09:55:00,-49894768913,49851480136615032041736,276315,276315,276315,276315,105231087,49956621085070470499019,50002852922319634915121
2026-08-13 09:56:00,170008727,-169863101298020627992,276315,276315,276315,276315,170008727,0,50002852922319634915121
2026-08-13 10:02:00,-29333838741,29308343180720642730205,276315,276315,276315,276315,0,29308343180720642730205,50002852922319634915121
2026-08-13 10:04:00,1019532864,-1018658383383743070052,276315,276315,276315,276315,1019532864,0,50002852922319634915121
2026-08-13 10:05:00,350710201,-350409397531297771915,276315,276315,276315,276315,350710201,0,50002852922319634915121
2026-08-13 10:07:00,-14499290744,14486676758788474525971,276315,276315,276315,276315,0,14486676758788474525971,50002852922319634915121
2026-08-13 10:08:00,-7870417620,7863567055839169513866,276315,276315,276315,276315,0,7863567055839169513866,50002852922319634915121
2026-08-13 10:09:00,-731217912355,730570642758350045816670,276315,276315,276315,276315,801477369,731371408567274343600525,50002852922319634915121
2026-08-13 10:12:00,-100000000000,99909821815966907996401,276315,276315,276315,276315,0,99909821815966907996401,50002852922319634915121
2026-08-13 10:13:00,18658979194,-18642346262433823133696,276315,276315,276315,276315,18658979194,0,50002852922319634915121
2026-08-13 10:14:00,30315748048,-30288753725000000000000,276315,276315,276315,276315,30315748048,0,50002852922319634915121
2026-08-13 10:15:00,55424666707,-55375409336042120580554,276315,276315,276315,276315,55424666707,0,50002852922319634915121
2026-08-13 10:16:00,9143312737,-9135288614841640988816,276315,276315,276315,276315,16649231240,7499164986158359011184,50002852922319634915121
2026-08-13 10:17:00,-2000000,1998201512542163086,276315,276315,276315,276315,0,1998201512542163086,50002852922319634915121
2026-08-13 10:18:00,50016715532,-49972387944000000000000,276315,276315,276315,276315,50016715532,0,50002852922319634915121
2026-08-13 10:19:00,80319057529,-80248083401287761942503,276315,276315,276315,276315,80319057529,0,50002852922319634915121
2026-08-13 10:21:00,-18436532552,18420041414605753663659,276315,276315,276315,276315,116272735,18536211506283151552281,50002852922319634915121
2026-08-13 10:23:00,-282842907140,282588215619625395964266,276315,276315,276315,276315,1107093657,283694331975977210210374,50002852922319634915121
2026-08-13 10:24:00,-196181324953,196002801928733816869031,276314,276315,276314,276315,512731,196003314201381139419498,50002853011750027205560
2026-08-13 10:25:00,-49912654055,49864215195350472328052,276314,276314,276314,276314,231338153474,280992194022227905703312,50002853011750027205560
2026-08-13 10:26:00,178947084629,-178785971684000000000000,276314,276314,276314,276314,178947084629,0,50002853011750027205560
2026-08-13 10:27:00,-178939326588,178775025851893161076505,276314,276314,276314,276314,87535671944,266231420219699692763790,50002853011750027205560
2026-08-13 10:28:00,96457484583,-96370481324000000000000,276314,276314,276314,276314,96457484583,0,50002853011750027205560
2026-08-13 10:30:00,85657278376,-85580328298000000000000,276314,276314,276314,276314,85657278376,0,50002853011750027205560
2026-08-13 10:31:00,2938360621,-2935726149000000000000,276314,276314,276314,276314,2938360621,0,50002853011750027205560
2026-08-13 10:32:00,16955568376,-16940373108000000000000,276315,276315,276315,276315,16955568376,0,50002852922319634915121
2026-08-13 10:33:00,99688277006,-99599170435000000000000,276315,276315,276315,276315,99688277006,0,50002852922319634915121
2026-08-13 10:34:00,31385868,-31357876944098379304,276315,276315,276315,276315,31385868,0,50002852922319634915121
2026-08-13 10:35:00,17471528586,-17455952528000000000000,276315,276315,276315,276315,17471528586,0,50002852922319634915121
2026-08-13 10:36:00,9313838,-9305538261808209313,276315,276315,276315,276315,9313838,0,50002852922319634915121
2026-08-13 10:41:00,219151450,-218956152080031415383,276315,276315,276315,276315,219151450,0,50002852922319634915121
2026-08-13 10:42:00,37840130159,-37806437418235028772881,276315,276315,276315,276315,37840130159,0,50002852922319634915121
2026-08-13 10:44:00,12567950,-12556791647654559550,276315,276315,276315,276315,14371791,1802214425900452416,50002852922319634915121
2026-08-13 10:45:00,-132201564562,132051593895550681161445,276314,276315,275179,276315,2537853445887,2667266239735600229716718,50002853011750027205560
2026-08-13 10:48:00,189702350140,-189535225875925525988822,276315,276315,276315,276315,350311049732,160464774124074474011178,50002852922319634915121
2026-08-13 10:53:00,-3317459112,3314475391707975247280,276315,276315,276315,276315,0,3314475391707975247280,50002852922319634915121
2026-08-13 10:54:00,1264172836,-1263053364837079208041,276315,276315,276315,276315,1465892800,201538534242013331728,50002852922319634915121
2026-08-13 10:55:00,2953464779,-2950848200049786889519,276315,276315,276315,276315,3305913337,352131604355082552548,50002852922319634915121
2026-08-13 10:57:00,39838360,-39803011626816021400,276315,276315,276315,276315,39838360,0,50002852922319634915121
2026-08-13 10:58:00,1239772744,-1238672717654168152064,276315,276315,276315,276315,1239772744,0,50002852922319634915121
2026-08-13 10:59:00,262271285,-262038584783254054812,276315,276315,276315,276315,262271285,0,50002852922319634915121
2026-08-13 11:01:00,18118454995,-18102386029949791643808,276315,276315,276315,276315,18118454995,0,50002852922319634915121
2026-08-13 11:02:00,42537674447,-42500000000000000000000,276315,276315,276315,276315,42537674447,0,50002852922319634915121
2026-08-13 11:03:00,-42632546098,42594276407419997946450,276315,276315,276315,276315,0,42594276407419997946450,50002852922319634915121
2026-08-13 11:06:00,5245450945,-5240801267445180165285,276315,276315,276315,276315,5245450945,0,50002852922319634915121
2026-08-13 11:07:00,12305515125,-12294611572578556366223,276315,276315,276315,276315,12305515125,0,50002852922319634915121
2026-08-13 11:08:00,-29790000,29763253840723251068,276315,276315,276315,276315,0,29763253840723251068,50002852922319634915121
2026-08-13 11:11:00,-49650000,49605423322135167581,276315,276315,276315,276315,0,49605423322135167581,50002852922319634915121
2026-08-13 11:12:00,1500217231,-1498892615576646401500,276315,276315,276315,276315,1856617231,356080014790587217378,50002852922319634915121
2026-08-13 11:13:00,2001572849,-1999800000000000000000,276315,276315,276315,276315,2001572849,0,50002852922319634915121
2026-08-13 11:16:00,-42437250500,42399119571550769861060,276315,276315,276315,276315,0,42399119571550769861060,50002852922319634915121
2026-08-13 11:17:00,-52412126839,52364885954848327971013,276315,276315,276315,276315,4003161038,56364485954848327971013,50002852922319634915121
2026-08-13 11:18:00,-1473084626,1471756646438864127552,276315,276315,276315,276315,0,1471756646438864127552,50002852922319634915121
2026-08-13 11:19:00,-11228342116,11218216441133353817543,276315,276315,276315,276315,43965027,11262142340042190281850,50002852922319634915121
2026-08-13 11:20:00,-264093258368,263853660354463783049807,276314,276315,276314,276315,0,263853660354463783049807,50002853011750027205560
2026-08-13 11:21:00,-11018442782,11008377244732454134341,276314,276314,276314,276314,712271256,11720007087179747289373,50002853011750027205560
2026-08-13 11:22:00,-43641869078,43601987663109797675726,276314,276314,276314,276314,0,43601987663109797675726,50002853011750027205560
2026-08-13 11:23:00,-1191824608,1190733719514274409651,276314,276314,276314,276314,57651093,1248332767546059728726,50002853011750027205560
2026-08-13 11:24:00,50002779752,-49957688985704511344524,276314,276314,276314,276314,50002779752,0,50002853011750027205560
2026-08-13 11:25:00,545241008544,-544757115297835615748998,276315,276314,276314,276315,654018878738,108681187966138833030266,50002852922319634915121
2026-08-13 11:29:00,-81666666,81593902768810152257,276315,276315,276315,276315,0,81593902768810152257,50002852922319634915121
2026-08-13 11:30:00,-12092104420,12081327652132426509890,276315,276315,276315,276315,2007581,12083333467745080804754,50002852922319634915121
2026-08-13 11:31:00,8047876604,-8040820896525903322967,276315,276315,276315,276315,9790427973,1740998569077612219209,50002852922319634915121
2026-08-13 11:32:00,-9279388028,9271115992026040135811,276315,276315,276315,276315,89075180,9360112861656592781248,50002852922319634915121
2026-08-13 11:33:00,354718158344,-354408688695000000000000,276315,276315,276315,276315,354718158344,0,50002852922319634915121
2026-08-13 11:35:00,70967367992,-70948410577369031146817,275341,276315,275341,276315,3603710989281,3529255271336630968853183,74283962351036412
2026-08-13 11:36:00,-64717176578,64660497277460529771082,276315,276315,276315,276315,0,64660497277460529771082,50002852922319634915121
2026-08-13 11:38:00,-246137622369,245920526900864245326210,276315,276315,276315,276315,0,245920526900864245326210,50002852922319634915121
2026-08-13 11:43:00,-179299668940,179140000416791524746764,276315,276315,276315,276315,100091860,179240003985899784664762,50002852922319634915121
2026-08-13 11:48:00,-6419183391,6413443262703558075160,276315,276315,276315,276315,0,6413443262703558075160,50002852922319634915121
2026-08-13 11:59:00,-770216258,769527408095712580374,276315,276315,276315,276315,0,769527408095712580374,50002852922319634915121
2026-08-13 12:03:00,3502740517,-3499650000000000000000,276315,276315,276315,276315,3502740517,0,50002852922319634915121
2026-08-13 12:04:00,11289893099,-11279935948984350662951,276315,276315,276315,276315,11352163552,62214768211891068633,50002852922319634915121
2026-08-13 12:06:00,-1873807017,1872132170475102217939,276315,276315,276315,276315,0,1872132170475102217939,50002853125215287484759
2026-08-13 12:09:00,-258657133,258425928983401240309,276315,276315,276315,276315,0,258425928983401240309,50002853125215287484759
2026-08-13 12:10:00,48283945747,-48241414840903140392454,276315,276315,276315,276315,48542761753,258585159096859607546,50002853125215287484759
2026-08-13 12:12:00,98636276722,-98549676067000000000000,276315,276315,276315,276315,98636276722,0,50002853125215287484759
2026-08-13 12:15:00,-20101870283,20084011766809616162131,276315,276315,276315,276315,0,20084011766809616162131,50002853125215287484759
2026-08-13 12:17:00,256294361,-256069641000000000000,276315,276315,276315,276315,256294361,0,50002853125215287484759
2026-08-13 12:20:00,-141728749221,141602380670000180746616,276315,276315,276315,276315,0,141602380670000180746616,50002853125215287484759
2026-08-13 12:22:00,-72305149723,72240371737325066719981,276315,276315,276315,276315,0,72240371737325066719981,50002853125215287484759
2026-08-13 12:23:00,-730579984,729924393223886734074,276315,276315,276315,276315,0,729924393223886734074,50002853125215287484759
2026-08-13 12:24:00,-89747509534,89666811901105337690254,276315,276315,276315,276315,0,89666811901105337690254,50002853125215287484759
2026-08-13 12:25:00,-134115099279,133993908335217381081270,276315,276315,276315,276315,0,133993908335217381081270,50002853125215287484759
2026-08-13 12:26:00,-44705750692,44665193402473431690372,276315,276315,276315,276315,0,44665193402473431690372,50002853125215287484759
2026-08-13 12:27:00,-3126752159,3123911908221475815896,276314,276315,276314,276315,54676965,3178539877677258425909,50002853214645679775198
2026-08-13 12:28:00,29065821176,-29039800270966952010903,276315,276315,276315,276315,30065821176,999092958033047989097,50002853125215287484759
2026-08-13 12:31:00,-271074971436,270827366610028986978490,276315,276315,276314,276315,21310534574,292118817700028986978490,50002853125215287484759
2026-08-13 12:32:00,24866052618,-24844074828394806641954,276314,276314,276314,276314,69575491662,44668485049605193358046,50002853214645679775198
2026-08-13 12:33:00,-89551426804,89469157278684334901049,276314,276314,276314,276314,0,89469157278684334901049,50002853214645679775198
2026-08-13 12:34:00,-482148348,481704538652950123507,276314,276314,276314,276314,0,481704538652950123507,50002853214645679775198
2026-08-13 12:35:00,-44977019974,44935578568670780864643,276314,276314,276314,276314,0,44935578568670780864643,50002853214645679775198
2026-08-13 12:38:00,-134144186150,134020107086864298616201,276314,276314,276314,276314,0,134020107086864298616201,50002853214645679775198
2026-08-13 12:39:00,-8095290696,8087779814908461559275,276314,276314,276314,276314,0,8087779814908461559275,50002853214645679775198
2026-08-13 12:40:00,-1823522942,1821822610403296295697,276314,276314,276314,276314,674653522,2495858172403296295697,50002853214645679775198
2026-08-13 12:42:00,23519797318,-23498262961172667447511,276314,276314,276314,276314,23519797318,0,50002853214645679775198
2026-08-13 12:44:00,-1472292487,1470927474782417065925,276314,276314,276314,276314,0,1470927474782417065925,50002853649853026949300
2026-08-13 12:46:00,-209050879165,208856153969007194180261,276314,276314,276314,276314,2360739213,211214732807604129840857,50002853649853026949300
2026-08-13 12:47:00,-3196784051,3193793215901593950234,276314,276314,276314,276314,0,3193793215901593950234,50002853649853026949300
2026-08-13 12:48:00,297341801151,-297069046822642572106117,276314,276314,276314,276314,307354808122,10003636398357427893883,50002853649853026949300
2026-08-13 12:50:00,-309689230982,309400706222897997518537,276314,276314,276314,276314,44189332871,353549477661151200243171,50002853649853026949300
2026-08-13 12:51:00,-267499694952,267247850627447081215122,276314,276314,276314,276314,0,267247850627447081215122,50002853649853026949300
2026-08-13 12:54:00,-117696000,117584562292827433101,276314,276314,276314,276314,0,117584562292827433101,50002853649853026949300
2026-08-13 12:55:00,1402150989,-1400840251000000000000,276314,276314,276314,276314,1402150989,0,50002853649853026949300
2026-08-13 12:56:00,51486131319,-51438056195000000000000,276314,276314,276314,276314,51486131319,0,50002853649853026949300
2026-08-13 13:00:00,-4385795742,4381652053428177662577,276314,276314,276314,276314,0,4381652053428177662577,50002853649853026949300
2026-08-13 13:05:00,4943115506,-4938504582000000000000,276314,276314,276314,276314,4943115506,0,50002853649853026949300
2026-08-13 13:07:00,30371159975,-30342857047529314965310,276314,276314,276314,276314,30853707082,482091245504994165697,50002853649853026949300
2026-08-13 13:08:00,7489819745,-7482848423504850476811,276314,276314,276314,276314,7841428964,351277592065845461790,50002853649853026949300
2026-08-13 13:10:00,4954677387,-4950064150510369715095,276314,276314,276314,276314,4954677387,0,50002853649853026949300
2026-08-13 13:15:00,-44717722771,44675515042849139116049,276314,276314,276314,276314,0,44675515042849139116049,50002853649853026949300
2026-08-13 13:16:00,-35438224849,35404607782055271749442,276314,276314,276314,276314,9279731065,44675668096701432564003,50002853649853026949300
2026-08-13 13:17:00,229646776606,-229433296114000000000000,276314,276314,276314,276314,229646776606,0,50002853649853026949300
2026-08-13 13:21:00,-264258169728,264009163564046030981451,276314,276314,276314,276314,0,264009163564046030981451,50002853649853026949300
2026-08-13 13:22:00,121699649187,-121586126772304431436651,276314,276314,276314,276314,125088074936,3385231685695568563349,50002853649853026949300
2026-08-13 13:23:00,-206835947854,206640109200644898654650,276314,276314,276314,276314,0,206640109200644898654650,50002853649853026949300
2026-08-13 13:25:00,1000839741,-999900000000000000000,276314,276314,276314,276314,1000839741,0,50002853649853026949300
2026-08-13 13:26:00,-14516072722,14502264867477248913738,276314,276314,276314,276314,0,14502264867477248913738,50002853649853026949300
2026-08-13 13:27:00,2001680523,-1999800000000000000000,276314,276314,276314,276314,2001680523,0,50002853649853026949300
2026-08-13 13:29:00,1051014673,-1050033338563680682186,276314,276314,276314,276314,1551473700,499982874384854798895,50002853649853026949300
2026-08-13 13:31:00,32941746966,-32910823470000000000000,276314,276314,276314,276314,32941746966,0,50002853649853026949300
2026-08-13 13:33:00,512785455900,-512311928339918977121043,276314,276314,276314,276314,700647455900,187688071660081022878957,50002853649853026949300
2026-08-13 13:34:00,-51227230765,51179558437673831510946,276314,276314,276314,276314,0,51179558437673831510946,50002853649853026949300
2026-08-13 13:35:00,-88936776618,88853714605996057108765,276314,276314,276314,276314,4006444225,92856469304894664596208,50002853649853026949300
2026-08-13 13:36:00,-44720629887,44678768084805135622721,276314,276314,276314,276314,0,44678768084805135622721,50002853649853026949300
2026-08-13 13:37:00,-503221886864,502745327526057880476888,276314,276314,276314,276314,0,502745327526057880476888,50002853649853026949300
2026-08-13 13:38:00,-2375290424,2373017000828809079629,276314,276314,276314,276314,0,2373017000828809079629,50002853649853026949300
2026-08-13 13:41:00,-1000000000,999042819354599677091,276314,276314,276314,276314,0,999042819354599677091,50002853649853026949300
2026-08-13 13:42:00,-35830485026,35795279563417674025363,276314,276314,276314,276314,73641749848,109367236636417674025363,50002853649853026949300
2026-08-13 13:43:00,-519240468,518742701700977404993,276314,276314,276314,276314,0,518742701700977404993,50002853649853026949300
2026-08-13 13:44:00,97971532488,-97879026020207713116768,276314,276314,276314,276314,101971132488,3995765453960800017470,50002853649853026949300
2026-08-13 13:48:00,240118677780,-239893457166644898654650,276314,276314,276314,276314,240118677780,0,50002853649853026949300
2026-08-13 13:50:00,-9641088687,9631974566509202837634,276314,276314,276314,276314,0,9631974566509202837634,50002853649853026949300
2026-08-13 13:52:00,-191051188745,190869334453980316585117,276314,276314,276314,276314,40036367366,230867988543980316585117,50002853649853026949300
2026-08-13 13:53:00,119719013250,-119606622829078653173760,276314,276314,276314,276314,119719013250,0,50002853649853026949300
2026-08-13 13:54:00,7256068422,-7249277934282753551241,276314,276314,276314,276314,7506277784,249972065717246448759,50002853649853026949300
2026-08-13 13:55:00,80219950432,-80144984700992047514870,276314,276314,276314,276314,80219950432,0,50002853649853026949300
2026-08-13 14:00:00,-192958921,192776595238338814789,276314,276314,276314,276314,0,192776595238338814789,50002853649853026949300
2026-08-13 14:01:00,-232615379,232395579095301476264,276314,276314,276314,276314,0,232395579095301476264,50002853649853026949300
2026-08-13 14:02:00,-273349057539,273089262877611218259483,276314,276314,276314,276314,1109590335,274197818075449264241187,50002853649853026949300
2026-08-13 14:03:00,-319170616,318865540129945475341,276314,276314,276314,276314,0,318865540129945475341,50002853649853026949300
2026-08-13 14:05:00,246264277524,-246033052646000000000000,276314,276314,276314,276314,246264277524,0,50002853649853026949300
2026-08-13 14:07:00,-34603333741,34570575055619519918847,276314,276314,276314,276314,0,34570575055619519918847,50002853649853026949300
2026-08-13 14:10:00,-197038678184,196851231833174005322279,276314,276314,276314,276314,0,196851231833174005322279,50002853649853026949300
2026-08-13 14:12:00,-1656854075,1655271305399870391134,276314,276314,276314,276314,0,1655271305399870391134,50002853649853026949300
2026-08-13 14:13:00,41412620034,-41373690411894728516226,276314,276314,276314,276314,49911770034,8491029161105271483774,50002853649853026949300
2026-08-13 14:14:00,143762153567,-143627188956500971791009,276314,276314,276314,276314,143762153567,0,50002853649853026949300
2026-08-13 14:15:00,151117847459,-150976867214000000000000,276314,276314,276314,276314,151117847459,0,50002853649853026949300
2026-08-13 14:16:00,124825760708,-124710002664973974017117,276314,276314,276314,276314,125326210196,499979651099150617884,50002853649853026949300
2026-08-13 14:19:00,53535344750,-53485886496000000000000,276314,276314,276314,276314,53535344750,0,50002853649853026949300
2026-08-13 14:20:00,11907619154,-11896669943593890275960,276314,276314,276314,276314,14910093253,2999669105932691265289,50002853649853026949300
2026-08-13 14:21:00,25259665977,-25236381774000000000000,276314,276314,276314,276314,25259665977,0,50002853649853026949300
2026-08-13 14:24:00,1200986427,-1199880000000000000000,276314,276314,276314,276314,1200986427,0,50002853649853026949300
2026-08-13 14:30:00,117407544,-117299383805461091214,276314,276314,276314,276314,117407544,0,50002853649853026949300
2026-08-13 14:31:00,-203001009924,202810700979731829020650,276314,276314,276314,276314,3355578964,206163161228749129067098,50002853649853026949300
2026-08-13 14:33:00,4294122482,-4290146561488048240218,276314,276314,276314,276314,5497841177,1202585564397721873137,50002853649853026949300
2026-08-13 14:34:00,4503734344,-4499550000000000000000,276314,276314,276314,276314,4503734344,0,50002853649853026949300
2026-08-13 14:37:00,146427730574,-146292128366031837253258,276314,276314,276314,276314,146427730574,0,50002853649853026949300
2026-08-13 14:39:00,-4987873233,4983208261967697408177,276314,276314,276314,276314,12126767,4995323831967697408177,50002853649853026949300
2026-08-13 14:42:00,-67322813712,67259359835478710154209,276314,276314,276314,276314,32873334211,100102362229478710154209,50002853649853026949300
2026-08-13 14:43:00,1369223602,-1367955694000000000000,276314,276314,276314,276314,1369223602,0,50002853649853026949300
2026-08-13 14:44:00,40253954,-40216680000000000000,276314,276314,276314,276314,40253954,0,50002853649853026949300
2026-08-13 14:45:00,-19336479833,19318327304173011995409,276314,276314,276314,276314,676046842,19993747646173011995409,50002853649853026949300
2026-08-13 14:46:00,111404289207,-111301402891586680374493,276314,276314,276314,276314,120550293843,9137461300549868396524,50002853649853026949300
2026-08-13 14:48:00,12299505852,-12288165047000000000000,276314,276314,276314,276314,12299505852,0,50002853649853026949300
2026-08-13 14:49:00,-122622569789,122507764911624863844749,276314,276314,276314,276314,0,122507764911624863844749,50002853649853026949300
2026-08-13 14:51:00,-2344003976,2341803561081195666238,276314,276314,276314,276314,0,2341803561081195666238,50002853649853026949300
2026-08-13 14:52:00,2504150088,-2501829369000000000000,276314,276314,276314,276314,2504150088,0,50002853649853026949300
2026-08-13 14:54:00,190178459490,-190002943517000000000000,276314,276314,276314,276314,190178459490,0,50002853649853026949300
2026-08-13 14:55:00,-205310927,205119762603303428405,276314,276314,276314,276314,0,205119762603303428405,50002853649853026949300
2026-08-13 14:56:00,-6499350000,6493297607547219043446,276314,276314,276314,276314,0,6493297607547219043446,50002853649853026949300
2026-08-13 14:57:00,202913859709,-202728152733134417366924,276314,276314,276314,276314,204905063984,1989349666865582633076,50002853649853026949300
2026-08-13 14:58:00,-4004348679,4000651321905814917758,276314,276314,276314,276314,0,4000651321905814917758,50002853649853026949300
2026-08-13 14:59:00,110430564445,-110330188662809192086835,276314,276314,276314,276314,112930564445,2497691337190807913165,50002853649853026949300
2026-08-13 15:00:00,3614408461,-3612155064280683599598,276314,276314,276314,276314,89080943392,85387844935719316400402,50002853649853026949300
2026-08-13 15:01:00,3720907846,-3717533741181986671381,276314,276314,276314,276314,3720907846,0,50002853649853026949300
2026-08-13 15:02:00,50045327191,-50000000000842391671078,276314,276314,276314,276314,50045327191,0,50002853649853026949300
2026-08-13 15:03:00,-3445123735,3441965310228294819691,276314,276314,276314,276314,0,3441965310228294819691,50002853649853026949300
2026-08-13 15:05:00,-185254624991,185084088897575017881060,276314,276314,276314,276314,0,185084088897575017881060,50002853649853026949300
2026-08-13 15:06:00,10933422,-10923448000000000000,276314,276314,276314,276314,10933422,0,50002853649853026949300
2026-08-13 15:07:00,119967138581,-119857984790423389590689,276314,276314,276314,276314,119967138581,0,50002853649853026949300
2026-08-13 15:09:00,61272180633,-61217028349787585816534,276314,276314,276314,276314,92574726485,31273860677212414183466,50002853649853026949300
2026-08-13 15:10:00,146217848299,-146085996348620630026861,276314,276314,276314,276314,150491999273,4270232208008612201875,50002853649853026949300
2026-08-13 15:11:00,181453483816,-181290992359515343436548,276315,276314,276314,276315,182317147988,862877375484656563452,50002853560422634658861
2026-08-13 15:12:00,493786059796,-493353391348798190640382,276315,276315,276315,276315,734461053115,240463345722201809359618,50002853560422634658861
2026-08-13 15:14:00,122998492128,-122891514000000000000000,276315,276315,276315,276315,122998492128,0,50002853560422634658861
2026-08-13 15:15:00,-1001162335,1000282008450268955821,276315,276315,276315,276315,0,1000282008450268955821,50002853560422634658861
2026-08-13 15:17:00,-2189755189295,2187733919818889044139624,276314,276314,276314,276314,0,2187733919818889044139624,50002853649853026949300
2026-08-13 15:18:00,1404768265343,-1403476572399162920680568,276314,276315,276314,276315,2252999452848,847463226615419393685859,50002853649853026949300
2026-08-13 15:20:00,1787046573974,-1785506899701141923691847,276315,276315,276315,276315,1999213606049,211989860430858076308153,50002853560422634658861
2026-08-13 15:21:00,-703778043,703187355294166131228,276315,276315,276315,276315,0,703187355294166131228,50002853560422634658861
2026-08-13 15:22:00,-192223091292,192061015966759815197628,276315,276315,276315,276315,0,192061015966759815197628,50002853560422634658861
2026-08-13 15:24:00,-173882797597,173734790729904090348359,276315,276315,276315,276315,10333251892,184059340323904090348359,50002853560422634658861
2026-08-13 15:25:00,-3072430042,3069806157544290911953,276315,276315,276315,276315,0,3069806157544290911953,50002853560422634658861
2026-08-13 15:26:00,178281672445,-178132179707491076212106,276315,276315,276315,276315,178281672445,0,50002853560422634658861
2026-08-13 15:27:00,-63891477279,63823049797769285291277,276315,276315,276315,276315,1187105664088,1249906353192639047998733,50002853560422634658861
2026-08-13 15:28:00,10224349375,-10215800482391585441702,276315,276315,276315,276315,11227178236,1001977386608414558298,50002853560422634658861
2026-08-13 15:29:00,44572873727,-44535601343740516510925,276315,276315,276315,276315,44572873727,0,50002853560422634658861
2026-08-13 15:30:00,190675875,-190516600359852406653,276315,276315,276315,276315,190675875,0,50002853560422634658861
2026-08-13 15:31:00,13995763117,-13984076168000000000000,276315,276315,276315,276315,13995763117,0,50002853560422634658861
2026-08-13 15:32:00,55409317646,-55363125749000000000000,276315,276315,276315,276315,55409317646,0,50002853560422634658861
2026-08-13 15:33:00,-5293894015,5289419586533246539581,276315,276315,276315,276315,250683324,5539894208145864224826,50002853560422634658861
2026-08-13 15:35:00,-100701389236,100616119867387517843184,276315,276315,276315,276315,0,100616119867387517843184,50002853560422634658861
2026-08-13 15:37:00,-19999600000,19982617030868822676917,276315,276315,276315,276315,0,19982617030868822676917,50002853560422634658861
2026-08-13 15:41:00,143761401199,-143641403052919875111463,276315,276315,276315,276315,143761401199,0,50002853560422634658861
2026-08-13 15:42:00,-164358777265,164219548148549781300102,276315,276315,276315,276315,0,164219548148549781300102,50002853560422634658861
2026-08-13 15:43:00,10197034543,-10188487450000000000000,276315,276315,276315,276315,10197034543,0,50002853560422634658861
2026-08-13 15:45:00,70128619754,-70069952154543725396825,276315,276315,276315,276315,70235011674,106301734547692203207,50002853560422634658861
2026-08-13 15:46:00,22018379823,-22000000000000000000000,276315,276315,276315,276315,22018379823,0,50002853560422634658861
2026-08-13 15:47:00,-103543557701,103455714719272421829340,276315,276315,276315,276315,0,103455714719272421829340,50002853560422634658861
2026-08-13 15:48:00,400511669,-400175865104656410305,276315,276315,276315,276315,400511669,0,50002853560422634658861
2026-08-13 15:49:00,-134567207,134452767460793387230,276315,276315,276315,276315,0,134452767460793387230,50002853560422634658861
2026-08-13 15:50:00,-33271954412,33243613320951639859392,276315,276315,276315,276315,1974989173,35216946671951639859392,50002853560422634658861
2026-08-13 15:51:00,9557174392,-9549150445436393943083,276315,276315,276315,276315,9557174392,0,50002853560422634658861
2026-08-13 15:52:00,-81865821181,81795989033410702616284,276315,276315,276315,276315,0,81795989033410702616284,50002853560422634658861
2026-08-13 15:53:00,-1000735066,999879774713290616564,276315,276315,276315,276315,0,999879774713290616564,50002853560422634658861
2026-08-13 15:54:00,-68732898671,68674041511105452364469,276315,276315,276315,276315,1501116279,70173891511105452364469,50002853560422634658861
2026-08-13 15:57:00,-270367831,270136007779265654023,276315,276315,276315,276315,0,270136007779265654023,50002853560422634658861
2026-08-13 15:58:00,1000746059,-999900000000000000000,276315,276315,276315,276315,1000746059,0,50002853560422634658861
2026-08-13 15:59:00,450331512579,-449954848851435932433854,276315,276315,276315,276315,450331512579,0,50002853560422634658861
2026-08-13 16:00:00,14039834899,-14028310680575112875626,276315,276315,276315,276315,21435548658,7389510966121570812211,50002853560422634658861
2026-08-13 16:01:00,-98100434295,98017950653911493426408,276315,276315,276315,276315,0,98017950653911493426408,50002853560422634658861
2026-08-13 16:02:00,519634179,-519322712157982637929,276315,276315,276315,276315,10546835905,10018753340842017362071,50002853560422634658861
2026-08-13 16:05:00,-243156744,242951823205345931789,276315,276315,276315,276315,0,242951823205345931789,50002853560422634658861
2026-08-13 16:06:00,-127647448261,127539547104254313368783,276315,276315,276315,276315,0,127539547104254313368783,50002853560422634658861
2026-08-13 16:08:00,10007362810,-9999000000000000000000,276315,276315,276315,276315,10007362810,0,50002853560422634658861
2026-08-13 16:09:00,-29376176775,29351254356110755652237,276315,276315,276315,276315,848172975,30198718726398830313082,50002853560422634658861
2026-08-13 16:10:00,26837035747,-26814597212000000000000,276315,276315,276315,276315,26837035747,0,50002853560422634658861
2026-08-13 16:11:00,4354344197,-4350706228966498766868,276315,276315,276315,276315,4354344197,0,50002853560422634658861
2026-08-13 16:12:00,2987483287,-2984987742095569241880,276315,276315,276315,276315,2987483287,0,50002853560422634658861
2026-08-13 16:14:00,175174965230,-175029678705696811726202,276315,276315,276315,276315,210174965230,34970321294303188273798,50002853560422634658861
2026-08-13 16:15:00,5749925,-5745162955819900392,276315,276315,276315,276315,5749925,0,50002853560422634658861
2026-08-13 16:16:00,1502112489,-1500868370879985911788,276315,276315,276315,276315,1502112489,0,50002853560422634658861
2026-08-13 16:21:00,4003338673,-4000023365227106251418,276315,276315,276315,276315,4003338673,0,50002853560422634658861
2026-08-13 16:22:00,7019449,-7013637278485955888,276315,276315,276315,276315,7019449,0,50002853560422634658861
2026-08-13 16:23:00,-149398079199,149272132171607609593155,276315,276315,276315,276315,0,149272132171607609593155,50002853560422634658861
2026-08-13 16:24:00,-315983583700,315714262993119877555537,276315,276315,276315,276315,0,315714262993119877555537,50002853560422634658861
2026-08-13 16:25:00,-152121477535,151990398334281376298840,276315,276315,276315,276315,0,151990398334281376298840,50002853560422634658861
2026-08-13 16:26:00,-168783130663,168636411153213099961835,276315,276315,276315,276315,16813745146,185435824477430556271443,50002853560422634658861
2026-08-13 16:27:00,84374015062,-84301640712000000000000,276315,276315,276315,276315,84374015062,0,50002853560422634658861
2026-08-13 16:28:00,19300763,-19284240000000000000,276315,276315,276315,276315,19300763,0,50002853560422634658861
2026-08-13 16:29:00,708292711,-707686356704336475366,276315,276315,276315,276315,708292711,0,50002853560422634658861
2026-08-13 16:30:00,116149161876,-116050000000000000000000,276315,276315,276315,276315,116149161876,0,50002853560422634658861
2026-08-13 16:34:00,1004255028,-1003400000000000000000,276315,276315,276315,276315,1004255028,0,50002853560422634658861
2026-08-13 16:35:00,-46162512637,46120934491097177958435,276315,276315,276315,276315,140118903124,186120934491097177958435,50002853560422634658861
2026-08-13 16:38:00,36111001850,-36080216908000000000000,276315,276315,276315,276315,36111001850,0,50002853560422634658861
2026-08-13 16:40:00,269855035,-269625178155683401142,276315,276315,276315,276315,269855035,0,50002853560422634658861
2026-08-13 16:41:00,85545233083,-85472513816373972786109,276315,276315,276315,276315,85545233083,0,50002853560422634658861
2026-08-13 16:42:00,216028660079,-215846322259997775199756,276315,276315,276315,276315,216028660079,0,50002853560422634658861
2026-08-13 16:43:00,-38918023289,38884829640834992031115,276315,276315,276315,276315,1347121766,40230820225606685138383,50002853560422634658861
2026-08-13 16:44:00,-7182228020,7176098577829217147828,276315,276315,276315,276315,0,7176098577829217147828,50002853560422634658861
2026-08-13 16:45:00,5061048566,-5056789845071031043959,276315,276315,276315,276315,5061048566,0,50002853560422634658861
2026-08-13 16:47:00,37031129458,-37000000000000000000000,276315,276315,276315,276315,37031129458,0,50002853560422634658861
2026-08-13 16:48:00,5504072209,-5499450000000000000000,276315,276315,276315,276315,5504072209,0,50002853560422634658861
2026-08-13 16:49:00,1406539446,-1405358457423529123632,276315,276315,276315,276315,1406539446,0,50002853560422634658861
2026-08-13 16:50:00,-181781171937,181625704023636780675921,276315,276315,276315,276315,200168063,181825704023636780675921,50002853560422634658861
2026-08-13 16:52:00,100642019,-100556788933070135207,276315,276315,276315,276315,100642019,0,50002853560422634658861
2026-08-13 16:53:00,335349628,-335065632895656844190,276315,276315,276315,276315,335349628,0,50002853560422634658861
2026-08-13 16:54:00,2782019189,-2779663369000000000000,276315,276315,276315,276315,2782019189,0,50002853560422634658861
2026-08-13 16:55:00,502229858,-501804601956143220087,276315,276315,276315,276315,502229858,0,50002853560422634658861
2026-08-13 16:57:00,134936944769,-134824578701962700296941,276315,276315,276315,276315,262125278325,127080123517037299703059,50002853560422634658861
2026-08-13 16:58:00,430132857667,-429776813735904435621749,276315,276315,276315,276315,609202225396,178920280416095564378251,50002853560422634658861
2026-08-13 16:59:00,-190515801010,190351180432248657479701,276315,276315,276315,276315,383403849495,573440938087248657479701,50002853560422634658861
2026-08-13 17:00:00,-2802375509,2800010835585962484304,276315,276315,276315,276315,0,2800010835585962484304,50002853560422634658861
2026-08-13 17:01:00,-44743373487,44705576086523178251578,276315,276315,276315,276315,0,44705576086523178251578,50002853560422634658861
2026-08-13 17:02:00,-29257349190,29229671647054065828329,276315,276315,276315,276315,243442287210,272470193658054065828329,50002853560422634658861
2026-08-13 17:03:00,186181910427,-186027172153000000000000,276315,276315,276315,276315,186181910427,0,50002853560422634658861
2026-08-13 17:04:00,-194283137161,194119304960710799509651,276315,276315,276315,276315,0,194119304960710799509651,50002853560422634658861
2026-08-13 17:05:00,-162802015383,162661378482471346819704,276315,276315,276315,276315,182694726679,345204193290471346819704,50002853560422634658861
2026-08-13 17:06:00,-592145563,591640069406642484799,276315,276315,276315,276315,0,591640069406642484799,50002853560422634658861
2026-08-13 17:07:00,-276814079,276577767746615362540,276315,276315,276315,276315,0,276577767746615362540,50002853560422634658861
2026-08-13 17:08:00,-133360994,133247144703640204174,276315,276315,276315,276315,0,133247144703640204174,50002853560422634658861
2026-08-13 17:09:00,159759365277,-159626033962575729465807,276315,276315,276315,276315,212155061771,52351356078424270534193,50002853560422634658861
2026-08-13 17:10:00,-189007,188845987788547715,276315,276315,276315,276315,0,188845987788547715,50002853560422634658861
2026-08-13 17:14:00,-239479665295,239275606983634531968776,276315,276315,276315,276315,0,239275606983634531968776,50002853560422634658861
2026-08-13 17:16:00,-8535953304,8528203216292495073360,276315,276315,276315,276315,36230584411,44728203216292495073360,50002853560422634658861
2026-08-13 17:17:00,7454559666,-7448260000000000000000,276315,276315,276315,276315,7454559666,0,50002853560422634658861
2026-08-13 17:18:00,-410928362775,410572858721827345000734,276315,276315,276315,276315,0,410572858721827345000734,50002853560422634658861
2026-08-13 17:19:00,41961979821,-41925871378000000000000,276315,276315,276315,276315,41961979821,0,50002853560422634658861
2026-08-13 17:21:00,-36656646846,36624668046488228705251,276315,276315,276315,276315,0,36624668046488228705251,50002853560422634658861
2026-08-13 17:23:00,-700124955,699513652139686911439,276315,276315,276315,276315,0,699513652139686911439,50002853560422634658861
2026-08-13 17:24:00,4503427757,-4499550000000000000000,276315,276315,276315,276315,4503427757,0,50002853560422634658861
2026-08-13 17:25:00,-44747126257,44708023470770156333771,276315,276315,276315,276315,0,44708023470770156333771,50002853560422634658861
2026-08-13 17:26:00,-44747521307,44708338191523816288583,276315,276315,276315,276315,0,44708338191523816288583,50002853560422634658861
2026-08-13 17:28:00,-28821016344,28795545951621264610356,276315,276315,276315,276315,15926664379,44708445952138105381940,50002853560422634658861
2026-08-13 17:29:00,-103044777211,102954123375689538373413,276315,276315,276315,276315,0,102954123375689538373413,50002853560422634658861
2026-08-13 17:30:00,-99477951945,99390033655946935207988,276315,276315,276315,276315,0,99390033655946935207988,50002853560422634658861
2026-08-13 17:31:00,-44748371747,44708694365476577157252,276315,276315,276315,276315,1502526,44710195578755393231511,50002853560422634658861
2026-08-13 17:33:00,2401862914,-2399760002628583073522,276315,276315,276315,276315,2401862914,0,50002853560422634658861
2026-08-13 17:34:00,-461054931883,460641506150295283302824,276315,276315,276315,276315,460135175,461101230006263961569998,50002853560422634658861
2026-08-13 17:35:00,50044735,-50000000000000000000,276315,276315,276315,276315,50044735,0,50002853560422634658861
2026-08-13 17:36:00,-6935896722,6929612603917645570860,276315,276315,276315,276315,0,6929612603917645570860,50002853560422634658861
2026-08-13 17:37:00,-3887295336,3883772497744422516621,276315,276315,276315,276315,0,3883772497744422516621,50002853560422634658861
2026-08-13 17:38:00,-148999414,148809377289208632493,276315,276315,276315,276315,4586955661,4731662328289208632493,50002853560422634658861
2026-08-13 17:39:00,49745306880,-49700870758376041641000,276315,276315,276315,276315,50044706880,299129241623958359000,50002853560422634658861
2026-08-13 17:40:00,105694093150,-105600000000000000000000,276315,276315,276315,276315,105694093150,0,50002853560422634658861
2026-08-13 17:41:00,-90257609,90176365816671983338,276315,276315,276315,276315,0,90176365816671983338,50002853560422634658861
2026-08-13 17:42:00,-139481834685,139355895411716224283044,276315,276315,276315,276315,0,139355895411716224283044,50002853560422634658861
2026-08-13 17:43:00,7648429,-7641594096767467365,276315,276315,276315,276315,7648429,0,50002853560422634658861
2026-08-13 17:45:00,-5705420450,5700200777748376516963,276315,276315,276315,276315,4308794997,10005145357748376516963,50002853560422634658861
2026-08-13 17:46:00,-70110272172,70046659609605969872290,276314,276314,276314,276314,0,70046659609605969872290,50002853649853026949300
2026-08-13 17:47:00,205442836546,-205259452221102358456609,276315,276315,276315,276315,205442836546,0,50002853560422634658861
2026-08-13 17:48:00,19967733894,-19950000000000000000000,276315,276315,276315,276315,19967733894,0,50002853560422634658861
2026-08-13 17:50:00,-405201443401,404823416630132254577416,276314,276315,276314,276315,849145913538,1253217573752391216255752,50002853649853026949300
2026-08-13 17:52:00,16133218004,-16118640165000000000000,276314,276314,276314,276314,16133218004,0,50002853649853026949300
2026-08-13 17:53:00,2433157984,-2430960305722519689634,276314,276314,276314,276314,2433157984,0,50002853649853026949300
2026-08-13 17:54:00,13730578725,-13718181414268026491493,276314,276314,276314,276314,13730578725,0,50002853649853026949300
2026-08-13 17:56:00,-500000000,499542688592353244766,276314,276314,276314,276314,0,499542688592353244766,50002853649853026949300
2026-08-13 17:57:00,42974207326,-42935453814679133333130,276314,276314,276314,276314,42974207326,0,50002853649853026949300
2026-08-13 17:58:00,606965033,-606418209356867273037,276314,276314,276314,276314,606965033,0,50002853649853026949300
2026-08-13 17:59:00,29264143010,-29237809165040110661786,276314,276314,276314,276314,30365179064,1100030901959889338214,50002853649853026949300
2026-08-13 18:00:00,19906887,-19888977066713046558,276314,276314,276314,276314,19906887,0,50002853649853026949300
2026-08-13 18:01:00,23778577374,-23757212045609422420428,276314,276314,276314,276314,25259287038,1479359623390577579572,50002853649853026949300
2026-08-13 18:02:00,141123621803,-140997180000000000000000,276315,276314,276314,276315,141123621803,0,50002853560422634658861
2026-08-13 18:04:00,4931531294,-4927127201433589013177,276315,276315,276315,276315,4931531294,0,50002853560422634658861
2026-08-13 18:06:00,1190628187,-1189565045195742570340,276315,276315,276315,276315,1190628187,0,50002853560422634658861
2026-08-13 18:07:00,12872785574,-12861294750533650105176,276315,276315,276315,276315,12872785574,0,50002853560422634658861
2026-08-13 18:08:00,-511829328460,511360272551807276217285,276314,276315,276314,276315,78186991313,589476499594108070167945,50002853649853026949300
2026-08-13 18:09:00,73712003244,-73644825104930544646795,276314,276314,276314,276314,73712003244,0,50002853649853026949300
2026-08-13 18:11:00,-189610270002,189433702311331401192870,276314,276314,276314,276314,87784258890,277137268674331401192870,50002853649853026949300
2026-08-13 18:12:00,-128099799808,127980409750729574749670,276314,276314,276314,276314,0,127980409750729574749670,50002853649853026949300
2026-08-13 18:15:00,-4296607824,4292591989640987791388,276314,276314,276314,276314,0,4292591989640987791388,50002853649853026949300
2026-08-13 18:20:00,-8492184000,8484244591625345708233,276314,276314,276314,276314,0,8484244591625345708233,50002853649853026949300
2026-08-13 18:22:00,241177608004,-240956141430709104411831,276314,276314,276314,276314,241177608004,0,50002853649853026949300
2026-08-13 18:23:00,-60988861636,60931809004836612468957,276314,276314,276314,276314,44754640932,105645608585836612468957,50002853649853026949300
2026-08-13 18:24:00,68818979807,-68756043702816612468957,276314,276314,276314,276314,68818979807,0,50002853649853026949300
2026-08-13 18:26:00,2554131,-2551798970266142825,276314,276314,276314,276314,2554131,0,50002853649853026949300
2026-08-13 18:27:00,9799304806,-9790358565744082959142,276314,276314,276314,276314,9799304806,0,50002853649853026949300
2026-08-13 18:31:00,-44015354553,43974390040404514786205,276314,276314,276314,276314,18606238768,62563606325404514786205,50002853649853026949300
2026-08-13 18:32:00,-372720745081,372372645741786762188328,276314,276314,276314,276314,0,372372645741786762188328,50002853649853026949300
2026-08-13 18:33:00,50046462967,-50000000000000000000000,276314,276314,276314,276314,50046462967,0,50002853649853026949300
2026-08-13 18:34:00,-90987624,90902151261827210848,276314,276314,276314,276314,0,90902151261827210848,50002853649853026949300
2026-08-13 18:37:00,640585244068,-639999360000000000000000,276314,276314,276314,276314,640585244068,0,50002853649853026949300
2026-08-13 18:40:00,56503534187,-56452842590106632496347,276314,276314,276314,276314,73211980727,16693221593084934193982,50002853649853026949300
2026-08-13 18:44:00,47377145088,-47334571472532302546910,276314,276314,276314,276314,47377145088,0,50002853649853026949300
2026-08-13 18:45:00,12239459412,-12228482231378120403020,276314,276314,276314,276314,12803118152,563145999252243412511,50002853649853026949300
2026-08-13 18:49:00,-100303691,100212498017437556513,276314,276314,276314,276314,0,100212498017437556513,50002853649853026949300
2026-08-13 18:50:00,-157767873189,157623936572658401215279,276314,276314,276314,276314,154499172,157778297132509055323230,50002853649853026949300
2026-08-13 18:51:00,208526955839,-208340264593718385098880,276315,276315,276314,276315,278637338964,70046744420281614901120,50002853560422634658861
2026-08-13 18:52:00,2663945255,-2661560761000000000000,276315,276315,276315,276315,2663945255,0,50002853560422634658861
2026-08-13 18:53:00,255401997,-255173402718213711358,276315,276315,276315,276315,255401997,0,50002853560422634658861
2026-08-13 18:54:00,398033953,-397677702294381792792,276315,276315,276315,276315,398033953,0,50002853560422634658861
2026-08-13 18:58:00,3046818694,-3044101477656678375024,276315,276315,276315,276315,3844225823,796683982790185343100,50002853560422634658861
2026-08-13 19:00:00,19877788,-19860000000000000000,276315,276315,276315,276315,19877788,0,50002853560422634658861
2026-08-13 19:03:00,-13494365,13482127105836827692,276315,276315,276315,276315,0,13482127105836827692,50002853560422634658861
2026-08-13 19:04:00,-122606819686,122495328933750562916571,276314,276314,276314,276314,0,122495328933750562916571,50002853649853026949300
2026-08-13 19:05:00,418007866,-417696095539138101897,276314,276314,276314,276314,5785080980,5362180165460861898103,50002853649853026949300
2026-08-13 19:07:00,37233743916,-37200273082306219385169,276314,276314,276314,276314,37533743916,299726917693780614831,50002853649853026949300
2026-08-13 19:09:00,-32029312937,32000136794545723565060,276314,276314,276314,276314,0,32000136794545723565060,50002853649853026949300
2026-08-13 19:10:00,-1146387117,1145342089790607951325,276314,276314,276314,276314,0,1145342089790607951325,50002853649853026949300
2026-08-13 19:12:00,-134276843677,134154076078555041236382,276314,276314,276314,276314,0,134154076078555041236382,50002853649853026949300
2026-08-13 19:13:00,968555169,-967679437530670882469,276314,276314,276314,276314,1032933653,64319452779330037406,50002853649853026949300
2026-08-13 19:14:00,1252822988,-1251689288627416754106,276314,276314,276314,276314,1252822988,0,50002853649853026949300
2026-08-13 19:16:00,65697315305,-65637952594281022132582,276314,276314,276314,276314,65697315305,0,50002853649853026949300
2026-08-13 19:17:00,186441181474,-186273656597114364077120,276315,276315,276315,276315,186490831474,49604976885635922880,50002853560422634658861
2026-08-13 19:18:00,3501867639,-3498734355412147565173,276315,276315,276315,276315,3502784116,915645429763156900,50002853560422634658861
2026-08-13 19:20:00,-200000000,199818665389212316184,276315,276315,276315,276315,0,199818665389212316184,50002853560422634658861
2026-08-13 19:21:00,38439134873,-38404773359000000000000,276315,276315,276315,276315,38439134873,0,50002853560422634658861
2026-08-13 19:22:00,-131871259974,131751550495704135227940,276314,276314,276314,276314,0,131751550495704135227940,50002853649853026949300
2026-08-13 19:24:00,-59445087510,59390897592834086189540,276314,276314,276314,276314,0,59390897592834086189540,50002853649853026949300
2026-08-13 19:25:00,396689966713,-396348379601308115141838,276315,276314,276314,276315,1448121150312,1050507605421691884858162,50002853560422634658861
2026-08-13 19:28:00,-283450159260,283194317439387790526701,276314,276314,276314,276314,0,283194317439387790526701,50002853649853026949300
2026-08-13 19:32:00,81154208992,-81081604387451317944320,276315,276315,276315,276315,81154208992,0,50002853560422634658861
2026-08-13 19:33:00,12250727284,-12239790026202691349349,276315,276315,276315,276315,12250727284,0,50002853560422634658861
2026-08-13 19:38:00,43893229294,-43854091320144327840210,276315,276315,276315,276315,43893229294,0,50002853560422634658861
2026-08-13 19:39:00,44888500572,-44848554746000000000000,276315,276315,276315,276315,44888500572,0,50002853560422634658861
2026-08-13 19:41:00,-1999800000,1997998134628409873558,276315,276315,276315,276315,0,1997998134628409873558,50002853560422634658861
2026-08-13 19:43:00,173206449898,-173053055839148733689700,276315,276315,276315,276315,173206449898,0,50002853560422634658861
2026-08-13 19:44:00,-6999300000,6993040638780079515561,276315,276315,276315,276315,0,6993040638780079515561,50002853560422634658861
2026-08-13 19:46:00,-2997577595,2994896310715731128810,276315,276315,276315,276315,0,2994896310715731128810,50002853560422634658861
2026-08-13 19:47:00,41988381876,-41951360074000000000000,276315,276315,276315,276315,41988381876,0,50002853560422634658861
2026-08-13 19:48:00,6177329804,-6171889101169404641280,276315,276315,276315,276315,6177329804,0,50002853560422634658861
2026-08-13 19:49:00,1528285807,-1526940000000000000000,276315,276315,276315,276315,1528285807,0,50002853560422634658861
2026-08-13 19:50:00,21511421965,-21492488918077635914704,276315,276315,276315,276315,21511421965,0,50002853560422634658861
2026-08-13 19:51:00,40228464174,-40193107125191803739382,276315,276315,276315,276315,40228464174,0,50002853560422634658861
2026-08-13 19:53:00,11483032827,-11472952177379509249863,276315,276315,276315,276315,11483032827,0,50002853560422634658861
2026-08-13 19:54:00,2481141800,-2478964364000000000000,276315,276315,276315,276315,2481141800,0,50002853560422634658861
2026-08-13 19:58:00,750583659,-749925000000000000000,276315,276315,276315,276315,750583659,0,50002853560422634658861
2026-08-13 19:59:00,29281280177,-29255602539000000000000,276315,276315,276315,276315,29281280177,0,50002853560422634658861
2026-08-13 20:00:00,896583979,-895798278000000000000,276315,276315,276315,276315,896583979,0,50002853560422634658861
2026-08-13 20:01:00,279245084336,-279001972642105900792752,276315,276315,276315,276315,282249651159,3001897688335635569901,50002853560422634658861
2026-08-13 20:04:00,-1498789357,1497474656869303467925,276315,276315,276315,276315,0,1497474656869303467925,50002853560422634658861
2026-08-13 20:05:00,-26717839000,26694387733859953765607,276315,276315,276315,276315,0,26694387733859953765607,50002853560422634658861
2026-08-13 20:06:00,-99375000000,99287524512516634925522,276315,276315,276315,276315,0,99287524512516634925522,50002853560422634658861
2026-08-13 20:07:00,-83380608614,83306648869538007281275,276315,276315,276315,276315,21608891386,104896653783538007281275,50002853560422634658861
2026-08-13 20:12:00,3005413824,-3002788529364147115259,276315,276315,276315,276315,3005413824,0,50002853560422634658861
2026-08-13 20:13:00,70047099500,-69986013997200000000000,276315,276315,276315,276315,70047099500,0,50002853560422634658861
2026-08-13 20:24:00,-74485725857,74419869941405317154562,276315,276315,276315,276315,0,74419869941405317154562,50002853560422634658861
2026-08-13 20:26:00,-69075645287,69014374591607655935695,276315,276315,276315,276315,0,69014374591607655935695,50002853560422634658861
2026-08-13 20:27:00,-66814069846,66754623853059159920001,276315,276315,276315,276315,0,66754623853059159920001,50002853560422634658861
2026-08-13 20:30:00,1101593207,-1100624857000000000000,276315,276315,276315,276315,1101593207,0,50002853560422634658861
2026-08-13 20:31:00,-377603082,377266629485621009683,276315,276315,276315,276315,0,377266629485621009683,50002853560422634658861
2026-08-13 20:38:00,7431531501,-7425000000000000000000,276315,276315,276315,276315,7431531501,0,50002853560422634658861
2026-08-13 20:41:00,-125623236793,125511025058771858895822,276315,276315,276315,276315,0,125511025058771858895822,50002853560422634658861
2026-08-13 20:42:00,-129008335768,128860218070578939021046,276315,275225,275225,276315,2688094042675,2814200683528196948504827,50002853560422634658861
2026-08-13 20:45:00,2832859857,-2830341853488985165429,276315,276315,276315,276315,2832859857,0,50002853560422634658861
2026-08-13 20:46:00,75356253,-75289277369810011973,276315,276315,276315,276315,75356253,0,50002853560422634658861
2026-08-13 20:48:00,-363829027577,363495149771246334193548,276314,276314,276314,276314,292117539945,655347107315643330377455,50002853649853026949300
2026-08-13 20:49:00,9007234873,-8999100000000000000000,276314,276314,276314,276314,9007234873,0,50002853649853026949300
2026-08-13 20:50:00,184048218241,-183882704931643330377455,276315,276314,276314,276315,184048218241,0,50002853560422634658861
2026-08-13 20:54:00,-220780896081,220579528381048691907763,276314,276314,276314,276314,1000805184,221579428381048691907763,50002853649853026949300
2026-08-13 20:55:00,28546633762,-28520831430000000000000,276314,276314,276314,276314,28546633762,0,50002853649853026949300
2026-08-13 20:58:00,70109715567,-70046483918000000000000,276314,276314,276314,276314,70109715567,0,50002853649853026949300
2026-08-13 20:59:00,18202204,-18185813604275189860,276314,276314,276314,276314,18202204,0,50002853649853026949300
2026-08-13 21:00:00,192220864824,-192048508885048691907763,276315,276314,276314,276315,192220864824,0,50002853560422634658861
2026-08-13 21:02:00,53586954,-53539111448765167558,276315,276315,276315,276315,53586954,0,50002853560422634658861
2026-08-13 21:03:00,-24789731967,24767289849063657796251,276315,276315,276315,276315,0,24767289849063657796251,50002853560422634658861
2026-08-13 21:06:00,44764276541,-44724306039000000000000,276315,276315,276315,276315,44764276541,0,50002853560422634658861
2026-08-13 21:07:00,44764361519,-44724470983000000000000,276315,276315,276315,276315,44764361519,0,50002853560422634658861
2026-08-13 21:12:00,-28666301570,28640417590039532852348,276315,276315,276315,276315,359903220,29000000000000000000000,50002853560422634658861
2026-08-13 21:13:00,178909162154,-178750326518159455534905,276315,276315,276315,276315,178909162154,0,50002853560422634658861
2026-08-13 21:14:00,67146726940,-67087444023000000000000,276315,276315,276315,276315,67146726940,0,50002853560422634658861
2026-08-13 21:18:00,-6499350000,6493541762050553253725,276315,276315,276315,276315,0,6493541762050553253725,50002853560422634658861
2026-08-13 21:20:00,44764764769,-44725331011000000000000,276315,276315,276315,276315,44764764769,0,50002853560422634658861
2026-08-13 21:22:00,-501281455,500834303601807725874,276315,276315,276315,276315,0,500834303601807725874,50002853560422634658861
2026-08-13 21:23:00,-4128011287,4123778674855005671554,276315,276315,276315,276315,45871988713,49955348768474282008227,50002853560422634658861
2026-08-13 21:26:00,-78419864484,78349776170729880970786,276315,276315,276315,276315,0,78349776170729880970786,50002853560422634658861
2026-08-13 21:28:00,318808657652,-318529073121384857273309,276315,276315,276315,276315,318808657652,0,50002853560422634658861
2026-08-13 21:29:00,756614795683,-755967521354000000000000,276315,276315,276315,276315,756614795683,0,50002853560422634658861
2026-08-13 21:30:00,-9193999872,9186161539348351174185,276315,276315,276315,276315,0,9186161539348351174185,50002853560422634658861
2026-08-13 21:31:00,-71978260405,71916778735959824964972,276315,276315,276315,276315,0,71916778735959824964972,50002853560422634658861
2026-08-13 21:33:00,-48159491580,48118239628327619332781,276315,276315,276315,276315,0,48118239628327619332781,50002853560422634658861
2026-08-13 21:34:00,-1070158698,1069240980397879033834,276315,276315,276315,276315,0,1069240980397879033834,50002853560422634658861
2026-08-13 21:35:00,-65237885771,65181854441387563476294,276315,276315,276315,276315,0,65181854441387563476294,50002853560422634658861
2026-08-13 21:40:00,4163977899,-4160446400000000000000,276315,276315,276315,276315,4163977899,0,50002853560422634658861
2026-08-13 21:41:00,-151042894667,150912540029851146337953,276315,276315,276315,276315,0,150912540029851146337953,50002853560422634658861
2026-08-13 21:43:00,-17143082,17128235132192236245,276315,276315,276315,276315,0,17128235132192236245,50002853560422634658861
2026-08-13 21:44:00,-99480000000,99393647886495790563935,276315,276315,276315,276315,0,99393647886495790563935,50002853560422634658861
2026-08-13 21:46:00,50037934,-49995000000000000000,276315,276315,276315,276315,50037934,0,50002853560422634658861
2026-08-13 21:47:00,64520214551,-64464937808773765796246,276315,276315,276315,276315,64553575768,33332191226234203754,50002853560422634658861
2026-08-13 21:48:00,-360878303,360565258492137764395,276315,276315,276315,276315,0,360565258492137764395,50002853560422634658861
2026-08-13 21:51:00,-291298104,291045413539369225204,276315,276315,276315,276315,0,291045413539369225204,50002853560422634658861
2026-08-13 21:53:00,-18477693,18461664041879461243,276315,276315,276315,276315,0,18461664041879461243,50002853560422634658861
2026-08-13 21:54:00,-16678833288,16664359355247223848307,276315,276315,276315,276315,0,16664359355247223848307,50002853560422634658861
2026-08-13 21:55:00,25018919,-24997500000000000000,276315,276315,276315,276315,25018919,0,50002853560422634658861
2026-08-13 21:56:00,5204455226,-5200000000000000000000,276315,276315,276315,276315,5204455226,0,50002853560422634658861
2026-08-13 22:00:00,4003026018,-3999600000208446717878,276315,276315,276315,276315,4003026018,0,50002853560422634658861
2026-08-13 22:01:00,-71813453296,71751032966952258413836,276315,276315,276315,276315,0,71751032966952258413836,50002853560422634658861
2026-08-13 22:02:00,3202429547,-3199680000000000000000,276315,276315,276315,276315,3202429547,0,50002853560422634658861
2026-08-13 22:03:00,-66364070652,66306212271213257231846,276315,276315,276315,276315,0,66306212271213257231846,50002853560422634658861
2026-08-13 22:06:00,-78846441994,78777456527090638172489,276315,276315,276315,276315,1323715607,80100032227381967533918,50002853560422634658861
2026-08-13 22:08:00,6832318094,-6826413729488326890079,276315,276315,276315,276315,6832318094,0,50002853560422634658861
2026-08-13 22:11:00,13659256852,-13647458361000000000000,276315,276315,276315,276315,13659256852,0,50002853560422634658861
2026-08-13 22:13:00,-41830416804,41793759771276594660045,276315,276315,276315,276315,0,41793759771276594660045,50002853560422634658861
2026-08-13 22:14:00,1100800704,-1099853149466711804799,276315,276315,276315,276315,1501148704,399996850533288195201,50002853560422634658861
2026-08-13 22:15:00,43361290407,-43323852167156719589091,276315,276315,276315,276315,46465446195,3101432889843280410909,50002853560422634658861
2026-08-13 22:16:00,45773599577,-45734120745730166764924,276315,276315,276315,276315,45773599577,0,50002853560422634658861
2026-08-13 22:18:00,877449534,-876693568648616063126,276315,276315,276315,276315,877449534,0,50002853560422634658861
2026-08-13 22:23:00,1707579850,-1706108776365580522395,276315,276315,276315,276315,1707579850,0,50002853560422634658861
2026-08-13 22:24:00,299660324,-299402179601642045094,276315,276315,276315,276315,299660324,0,50002853560422634658861
2026-08-13 22:28:00,-73062357619,72998435376799389717146,276315,276315,276315,276315,0,72998435376799389717146,50002853560422634658861
2026-08-13 22:29:00,44771719048,-44733059779000000000000,276315,276315,276315,276315,44771719048,0,50002853560422634658861
2026-08-13 22:33:00,289386477869,-289138531226000000000000,276315,276315,276315,276315,289386477869,0,50002853560422634658861
2026-08-13 22:36:00,-7489337928,7482873426792023765112,276315,276315,276315,276315,0,7482873426792023765112,50002853560422634658861
2026-08-13 22:39:00,86247139961,-86173882951012675383025,276315,276315,276315,276315,87778139779,1529683411987324616975,50002853560422634658861
2026-08-13 22:41:00,118112164474,-118012298763000000000000,276315,276315,276315,276315,118112164474,0,50002853560422634658861
2026-08-13 22:44:00,20003986959,-19987128454696013155224,276315,276315,276315,276315,20003986959,0,50002853560422634658861
2026-08-13 22:45:00,9622445569,-9614341878000000000000,276315,276315,276315,276315,9622445569,0,50002853560422634658861
2026-08-13 22:46:00,3048171368,-3045605075000000000000,276315,276315,276315,276315,3048171368,0,50002853560422634658861
2026-08-13 22:48:00,-60000577,59949344956381141288,276315,276315,276315,276315,0,59949344956381141288,50002853560422634658861
2026-08-13 22:51:00,226171085841,-225981764005432592879598,276315,276315,276315,276315,231130323157,4955048198567407120402,50002853560422634658861
2026-08-13 22:52:00,32318617509,-32291722814000000000000,276315,276315,276315,276315,32318617509,0,50002853560422634658861
2026-08-13 22:54:00,111841749631,-111748999938000000000000,276315,276315,276315,276315,111841749631,0,50002853560422634658861
2026-08-13 22:55:00,-1401634849,1400458767666309155983,276315,276315,276315,276315,0,1400458767666309155983,50002853560422634658861
2026-08-13 23:00:00,5535277431,-5530699726000000000000,276315,276315,276315,276315,5535277431,0,50002853560422634658861
2026-08-13 23:05:00,33319991689,-33292461732000000000000,276315,276315,276315,276315,33319991689,0,50002853560422634658861
2026-08-13 23:13:00,-5005370109,5001177340303856270413,276315,276315,276315,276315,0,5001177340303856270413,50002853560422634658861
2026-08-13 23:16:00,318444612777,-318183678249000000000000,276315,276315,276315,276315,318444612777,0,50002853560422634658861
2026-08-13 23:18:00,-4981800000,4977689356243664405051,276315,276315,276315,276315,0,4977689356243664405051,50002853560422634658861
2026-08-13 23:24:00,-2749725000,2747455688092915713138,276315,276315,276315,276315,0,2747455688092915713138,50002853560422634658861
2026-08-13 23:29:00,833256588,-832579549208062249074,276315,276315,276315,276315,889722838,56419645791937750926,50002853560422634658861
2026-08-13 23:30:00,-851008003,850305643650587926269,276315,276315,276315,276315,0,850305643650587926269,50002853560422634658861
2026-08-13 23:32:00,495243817,-494841014707720141021,276315,276315,276315,276315,495243817,0,50002853560422634658861
2026-08-13 23:34:00,491365317,-490965679000000000000,276315,276315,276315,276315,491365317,0,50002853560422634658861
2026-08-13 23:36:00,253361672124,-253157428893298211209290,276315,276315,276315,276315,298132016100,44733888060701788790710,50002853560422634658861
2026-08-13 23:37:00,-290326575405,290088222967299745508114,276315,276315,276315,276315,0,290088222967299745508114,50002853560422634658861
2026-08-13 23:44:00,14999676337,-14987459256869379882070,276315,276315,276315,276315,14999676337,0,50002853560422634658861
2026-08-13 23:50:00,57063913787,-57017517960000000000000,276315,276315,276315,276315,57063913787,0,50002853560422634658861
2026-08-13 23:52:00,3914920602,-3911748366451291717109,276315,276315,276315,276315,4417130041,501795662548708282891,50002853560422634658861
2026-08-13 23:56:00,-80000000000,79933972627593736398669,276315,276315,276315,276315,0,79933972627593736398669,50002853560422634658861
2026-08-13 23:57:00,2798843034,-2796562274000000000000,276315,276315,276315,276315,2798843034,0,50002853560422634658861
