timestamp,netAmount0,netAmount1,closeTick,openTick,lowestTick,highestTick,inAmount0,inAmount1,currentLiquidity
2026-07-10 00:01:00,-165089965,164999654829831344669,276318,276318,276318,276318,0,164999654829831344669,50008249968650772200218
2026-07-10 00:04:00,81978564008,-81934672400000000000000,276318,276318,276318,276318,81978564008,0,50008249968650772200218
2026-07-10 00:06:00,7924228425,-7920000000000000000000,276318,276318,276318,276318,7924228425,0,50008098468266774173274
2026-07-10 00:07:00,15608321373,-15600000000000000000000,276318,276318,276318,276318,15608321373,0,50008098468266774173274
2026-07-10 00:09:00,37384690394,-37364798817893702541692,276318,276318,276318,276318,37384690394,0,50008098468266774173274
2026-07-10 00:10:00,116802342336,-116740555603801701127189,276318,276318,276318,276318,116942001962,139584676198298872811,50008098468266774173274
2026-07-10 00:11:00,-42749428275,42726449529478863952937,276318,276318,276318,276318,39667677,42766096247686225839350,50008098468266774173274
2026-07-10 00:12:00,-26339666,26325485289157665799,276318,276318,276318,276318,0,26325485289157665799,50008098468266774173274
2026-07-10 00:13:00,5002643,-5000000000000000000,276318,276318,276318,276318,5002643,0,50008098468266774173274
2026-07-10 00:14:00,-100178413161,100124279633155569534793,276318,276318,276318,276318,21453239,100145721537315069534793,50008098468266774173274
2026-07-10 00:17:00,109305326261,-109247805469966858525166,276318,276318,276318,276318,152529847360,43201303522033141474834,50008098468266774173274
2026-07-10 00:20:00,3747592,-3746034977053912533,276318,276318,276318,276318,45797279,42027063369883250218,50008098468266774173274
2026-07-10 00:21:00,-71231500289,71193076181427811339834,276318,276318,276318,276318,0,71193076181427811339834,50008098468266774173274
2026-07-10 00:22:00,-20520585896,20509478942880772833368,276318,276318,276318,276318,0,20509478942880772833368,50008098468266774173274
2026-07-10 00:24:00,-41064404245,41042127235551433249082,276318,276318,276318,276318,0,41042127235551433249082,50008098468266774173274
2026-07-10 00:25:00,64539336592,-64505000000343357839682,276318,276318,276318,276318,64539336592,0,50008098468266774173274
2026-07-10 00:26:00,-213257636891,213141413203577828521581,276318,276318,276318,276318,0,213141413203577828521581,50008098468266774173274
2026-07-10 00:27:00,-6218793318,6215376855242583336303,276318,276318,276318,276318,0,6215376855242583336303,50008098468266774173274
2026-07-10 00:29:00,-69223297609,69185159868889174720674,276318,276318,276318,276318,370301104,69555260165889174720674,50008098468266774173274
2026-07-10 00:35:00,1448713480,-1447927925228162367597,276318,276318,276318,276318,1448713480,0,50008098468266774173274
2026-07-10 00:36:00,3534561998,-3532645755000000000000,276318,276318,276318,276318,3534561998,0,50008098468266774173274
2026-07-10 00:39:00,-2952571155,2950940749811400000701,276318,276318,276318,276318,20834754,2971764207875593916965,50008098468266774173274
2026-07-10 00:43:00,-148088028,148006254806136954979,276318,276318,276318,276318,0,148006254806136954979,50008098468266774173274
2026-07-10 00:44:00,-108021999504,107962117442024158031523,276318,276318,276318,276318,0,107962117442024158031523,50008098468266774173274
2026-07-10 00:45:00,50000000,-49972674330317478650,276318,276318,276318,276318,50000000,0,50008098468266774173274
2026-07-10 00:46:00,19570687970,-19560000000000000000000,276318,276318,276318,276318,19570687970,0,50008098468266774173274
2026-07-10 00:48:00,28000000,-27984719566230518874,276318,276318,276318,276318,28000000,0,50008098468266774173274
2026-07-10 00:49:00,20291968456,-20280902764000000000000,276318,276318,276318,276318,20291968456,0,50008098468266774173274
2026-07-10 00:50:00,204306715429,-204196218962889909176023,276318,276318,276318,276318,204306715429,0,50008098468266774173274
2026-07-10 00:52:00,-1392124225474,1391324362466165251484513,276318,276318,276318,276318,0,1391324362466165251484513,50008098468266774173274
2026-07-10 00:53:00,8888230868,-8882967215000000000000,276318,276318,276318,276318,8888230868,0,50008098468266774173274
2026-07-10 00:57:00,1103137964,-1102484900840880081297,276318,276318,276318,276318,1103137964,0,50008098468266774173274
2026-07-10 00:58:00,80488120333,-80440602150666457734455,276318,276318,276318,276318,80488120333,0,50008098468266774173274
2026-07-10 00:59:00,838856217,-838362341000000000000,276318,276318,276318,276318,838856217,0,50008098468266774173274
2026-07-10 01:01:00,62022221,-61985707004775458974,276318,276318,276318,276318,62022221,0,50008098468266774173274
2026-07-10 01:04:00,59100674831,-59067179857076454723919,276318,276318,276318,276318,182137664744,122963051194923545276081,50008098468266774173274
2026-07-10 01:07:00,-97925579222,97866988387402278055668,276318,276318,276318,276318,0,97866988387402278055668,50008098468266774173274
2026-07-10 01:11:00,39383949951,-39360733289325823331749,276318,276318,276318,276318,39383949951,0,50008098468266774173274
2026-07-10 01:12:00,68631898953,-68591588867541648147971,276318,276318,276318,276318,68631898953,0,50008098468266774173274
2026-07-10 01:13:00,65338200688,-65300000000000000000000,276318,276318,276318,276318,65338200688,0,50008098468266774173274
2026-07-10 01:16:00,-5057094083,5054092946777257374650,276318,276318,276318,276318,0,5054092946777257374650,50008098468266774173274
2026-07-10 01:18:00,168640169,-168542573694825285092,276318,276318,276318,276318,250145973,81457426305174714908,50008098468266774173274
2026-07-10 01:20:00,914551295,-914018311726276868766,276318,276318,276318,276318,983182128,68590099273723131234,50008098468266774173274
2026-07-10 01:24:00,124833509440,-124760978653995084958086,276318,276318,276318,276318,124833509440,0,50008098468266774173274
2026-07-10 01:27:00,-59328162411,59293176261000000000000,276318,276318,276318,276318,0,59293176261000000000000,50008098468266774173274
2026-07-10 01:28:00,33005947562,-32986804210673269614626,276318,276318,276318,276318,33799407328,792990904560405355162,50008098468266774173274
2026-07-10 01:29:00,2602521842,-2601013614000000000000,276318,276318,276318,276318,2602521842,0,50008098468266774173274
2026-07-10 01:30:00,102548401557,-102489188564376127063064,276318,276318,276318,276318,102650356377,101894784623872936936,50008098468266774173274
2026-07-10 01:33:00,10955185004,-10948884050787650829149,276318,276318,276318,276318,10955185004,0,50008098468266774173274
2026-07-10 01:35:00,75005010861,-74962000000000000000000,276318,276318,276318,276318,75005010861,0,50008098468266774173274
2026-07-10 01:37:00,-100094775,100036525567444212961,276318,276318,276318,276318,0,100036525567444212961,50008098468266774173274
2026-07-10 01:41:00,23983594771,-23969888961000000000000,276318,276318,276318,276318,23983594771,0,50008098468266774173274
2026-07-10 01:42:00,12511969304,-12504828262000000000000,276318,276318,276318,276318,12511969304,0,50008098468266774173274
2026-07-10 01:43:00,2728837813,-2727281195979614271272,276318,276318,276318,276318,2728837813,0,50008098468266774173274
2026-07-10 01:46:00,-61886875085,61850881143587346167727,276318,276318,276318,276318,0,61850881143587346167727,50008098468266774173274
2026-07-10 01:48:00,171136163824,-171038979637654686936395,276318,276318,276318,276318,197766568645,26615074166345313063605,50008098468266774173274
2026-07-10 01:49:00,-250536715998,250391151100289361202699,276318,276318,276318,276318,0,250391151100289361202699,50008098468266774173274
2026-07-10 01:51:00,259235832512,-259087850765224018706796,276318,276318,276318,276318,259386560727,150639884775981293204,50008098468266774173274
2026-07-10 01:52:00,9429453392,-9424988998594923564523,276318,276318,276318,276318,96252431536,86773181038583225960553,50008098468266774173274
2026-07-10 01:54:00,-1358523794,1357742222181627883846,276318,276318,276318,276318,0,1357742222181627883846,50008098468266774173274
2026-07-10 01:57:00,1302525689,-1301789351961973477218,276318,276318,276318,276318,1302525689,0,50008098468266774173274
2026-07-10 01:58:00,222398254825,-222273523512728729127339,276318,276318,276318,276318,222398254825,0,50008098468266774173274
2026-07-10 01:59:00,-1711000000,1710030835308600657413,276318,276318,276318,276318,0,1710030835308600657413,50008098468266774173274
2026-07-10 02:01:00,510134058,-509850188607825778306,276318,276318,276318,276318,510134058,0,50008098468266774173274
2026-07-10 02:03:00,72440204586,-72400000000000000000000,276318,276318,276318,276318,72440204586,0,50008098468266774173274
2026-07-10 02:04:00,66836908743,-66800000000000000000000,276318,276318,276318,276318,66836908743,0,50008098468266774173274
2026-07-10 02:05:00,-4016948219,4014694870254579299862,276318,276318,276318,276318,0,4014694870254579299862,50008098468266774173274
2026-07-10 02:06:00,-5370956624,5367942722906265212789,276318,276318,276318,276318,0,5367942722906265212789,50008098468266774173274
2026-07-10 02:09:00,53542271576,-53512813105000000000000,276318,276318,276318,276318,53542271576,0,50008098468266774173274
2026-07-10 02:10:00,-113513664959,113449146502938794180009,276318,276318,276318,276318,79418445816,192823495708938794180009,50008098468266774173274
2026-07-10 02:11:00,105766858892,-105708523885171129861980,276318,276318,276318,276318,105772827546,5965314828870138020,50008098468266774173274
2026-07-10 02:12:00,-954039914,953506181086159590796,276318,276318,276318,276318,0,953506181086159590796,50008098468266774173274
2026-07-10 02:13:00,-1677075913,1676137593793769258720,276318,276318,276318,276318,0,1676137593793769258720,50008098468266774173274
2026-07-10 02:16:00,235067715,-234938538491176288256,276318,276318,276318,276318,235067715,0,50008098468266774173274
2026-07-10 02:17:00,123484762313,-123417208843000000000000,276318,276318,276318,276318,123484762313,0,50008098468266774173274
2026-07-10 02:18:00,90892485068,-90843150825000000000000,276318,276318,276318,276318,90892485068,0,50008098468266774173274
2026-07-10 02:19:00,-126881262493,126811011215463478511831,276318,276318,276318,276318,2385196745,129194910179197364761061,50008098468266774173274
2026-07-10 02:20:00,46885343,-46859742510113211840,276318,276318,276318,276318,46885343,0,50008098468266774173274
2026-07-10 02:21:00,48297052,-48270680497419646423,276318,276318,276318,276318,48297052,0,50008098468266774173274
2026-07-10 02:23:00,-63781031505,63745264266767828334088,276318,276318,276318,276318,22250440870,85983558774254970815712,50008098468266774173274
2026-07-10 02:24:00,42900497,-42876963000000000000,276318,276318,276318,276318,42900497,0,50008098468266774173274
2026-07-10 02:26:00,22295428280,-22283635248988182314970,276318,276318,276318,276318,65089920035,42770662852011817685030,50008098468266774173274
2026-07-10 02:27:00,105665640913,-105608353694429264149230,276318,276318,276318,276318,141774355956,36088612487305855483916,50008098468266774173274
2026-07-10 02:28:00,-21397300970,21385449393174067303222,276318,276318,276318,276318,0,21385449393174067303222,50008098468266774173274
2026-07-10 02:29:00,-92099877200,92048655897299680628958,276318,276318,276318,276318,0,92048655897299680628958,50008098468266774173274
2026-07-10 02:30:00,-597278641,596941707229993813778,276318,276318,276318,276318,365308039,962049562045988813778,50008098468266774173274
2026-07-10 02:32:00,22882319256,-22870200300913226439130,276318,276318,276318,276318,63957818372,41052649700086773560870,50008098468266774173274
2026-07-10 02:33:00,457183285765,-456937767059950358574410,276318,276318,276318,276318,500420806987,43213396283049641425590,50008098468266774173274
2026-07-10 02:34:00,-518511742325,518226898094245284066415,276318,276318,276318,276318,8291667844,526514048761245284066415,50008098468266774173274
2026-07-10 02:38:00,174264584237,-174173133611571275802571,276318,276318,276318,276318,545528146022,371061160754428724197429,50008098468266774173274
2026-07-10 02:39:00,-163157472555,163066782143224026637136,276318,276318,276318,276318,0,163066782143224026637136,50008098468266774173274
2026-07-10 02:40:00,-269324415934,269172385844909857282790,276318,276318,276318,276318,0,269172385844909857282790,50008098468266774173274
2026-07-10 02:41:00,-16966082854,16956408676869559686410,276318,276318,276318,276318,0,16956408676869559686410,50008098468266774173274
2026-07-10 02:42:00,-60534859408,60500248281828432347493,276318,276318,276318,276318,0,60500248281828432347493,50008098468266774173274
2026-07-10 02:46:00,-151084162206,150997062947090671313927,276318,276318,276318,276318,7734353016,158727062947090671313927,50008098468266774173274
2026-07-10 02:48:00,-3651747085,3649632449840246118250,276318,276318,276318,276318,0,3649632449840246118250,50008098468266774173274
2026-07-10 02:49:00,40026513400,-40003764179232869548450,276318,276318,276318,276318,40026513400,0,50008098468266774173274
2026-07-10 02:50:00,-43239706543,43214696164638089469650,276318,276318,276318,276318,0,43214696164638089469650,50008098468266774173274
2026-07-10 02:51:00,-121199838400,121129336733999915324427,276318,276318,276318,276318,0,121129336733999915324427,50008098468266774173274
2026-07-10 02:54:00,1000574434,-1000000000000000000000,276318,276318,276318,276318,1000574434,0,50008098468266774173274
2026-07-10 02:57:00,-67594880633,67555297557508336165064,276318,276318,276318,276318,1103127067,68657791360609373786803,50008098468266774173274
2026-07-10 02:59:00,-11940301,11933294367108340313,276318,276318,276318,276318,0,11933294367108340313,50008098468266774173274
2026-07-10 03:03:00,17810671602,-17800404987825079209984,276318,276318,276318,276318,17810671602,0,50008098468266774173274
2026-07-10 03:05:00,22835415645,-22822271159000000000000,276318,276318,276318,276318,22835415645,0,50008098468266774173274
2026-07-10 03:06:00,28020946267,-28004845377984356600344,276318,276318,276318,276318,28022255311,1308279015643399656,50008098468266774173274
2026-07-10 03:08:00,200269205,-200154243301702988098,276318,276318,276318,276318,200269205,0,50008098468266774173274
2026-07-10 03:11:00,15409590893,-15400749999999999999999,276318,276318,276318,276318,15409590893,0,50008098468266774173274
2026-07-10 03:12:00,12808116967,-12800797880365266714177,276318,276318,276318,276318,15014453430,2205050483634733285823,50008098468266774173274
2026-07-10 03:15:00,115871466939,-115805351613000000000000,276318,276318,276318,276318,115871466939,0,50008098468266774173274
2026-07-10 03:16:00,-16168932397,16159576016751366092218,276318,276318,276318,276318,112914864,16272426657041226581809,50008098468266774173274
2026-07-10 03:17:00,-23000000000,22986674333819607131312,276318,276318,276318,276318,0,22986674333819607131312,50008098468266774173274
2026-07-10 03:18:00,448536615510,-448286110355565620953823,276318,276318,276318,276318,555618288443,107021731442320537910567,50008098468266774173274
2026-07-10 03:19:00,-193577847509,193468207236633419414654,276318,276318,276318,276318,11772888938,205234504662633419414654,50008098468266774173274
2026-07-10 03:20:00,-98632670696,98576290390952792735118,276318,276318,276318,276318,0,98576290390952792735118,50008098468266774173274
2026-07-10 03:21:00,-93599875200,93546012246105681929415,276318,276318,276318,276318,0,93546012246105681929415,50008098468266774173274
2026-07-10 03:22:00,-14493329,14467920292604985143,276318,276318,276318,276318,1705027011,1718527550293122141270,50008098468266774173274
2026-07-10 03:23:00,-43241031087,43216029370616098957551,276318,276318,276318,276318,0,43216029370616098957551,50008098468266774173274
2026-07-10 03:25:00,23563397985,-23550000000144461471264,276318,276318,276318,276318,23563397985,0,50008098468266774173274
2026-07-10 03:28:00,-1507656205,1506784557772947480481,276318,276318,276318,276318,0,1506784557772947480481,50008098468266774173274
2026-07-10 03:30:00,188852511252,-188745921132226753339582,276318,276318,276318,276318,188852511252,0,50008098468266774173274
2026-07-10 03:33:00,185620957944,-185517580600000000000000,276318,276318,276318,276318,185626027054,5066216000000000000,50008098468266774173274
2026-07-10 03:34:00,-23978535954,23965006435045249799345,276318,276318,276318,276318,1301119202,25265405867790979953632,50008098468266774173274
2026-07-10 03:38:00,-86518161161,86469200540435249160625,276318,276318,276318,276318,0,86469200540435249160625,50008098468266774173274
2026-07-10 03:39:00,388679660671,-388466022638291889951271,276318,276318,276318,276318,397141195520,8456730409708110048729,50008098468266774173274
2026-07-10 03:40:00,-342549907457,342358442263573605316347,276318,276318,276318,276318,0,342358442263573605316347,50008098468266774173274
2026-07-10 03:42:00,-20399972800,20388422484102099781093,276318,276318,276318,276318,0,20388422484102099781093,50008098468266774173274
2026-07-10 03:43:00,-43242424171,43217885639861504781557,276318,276318,276318,276318,0,43217885639861504781557,50008098468266774173274
2026-07-10 03:44:00,-43243043235,43218429630809014694871,276318,276318,276318,276318,0,43218429630809014694871,50008098468266774173274
2026-07-10 03:45:00,-119771175624,119702612714074735789066,276318,276318,276318,276318,0,119702612714074735789066,50008098468266774173274
2026-07-10 03:47:00,-40657514266,40634109586428988329640,276318,276318,276318,276318,0,40634109586428988329640,50008098468266774173274
2026-07-10 03:48:00,-43243755877,43218789926678904907617,276318,276318,276318,276318,0,43218789926678904907617,50008098468266774173274
2026-07-10 03:49:00,134539789367,-134465253540230651099773,276318,276318,276318,276318,289435983824,154807946117522959975811,50008098468266774173274
2026-07-10 03:51:00,-40350245751,40327075384319522550443,276318,276318,276318,276318,2447787338,42773485168336148306131,50008098468266774173274
2026-07-10 03:54:00,-230245697344,230112377913832915326736,276318,276318,276318,276318,0,230112377913832915326736,50008098468266774173274
2026-07-10 03:55:00,14008032606,-14000001000000000000000,276318,276318,276318,276318,14008032606,0,50008098468266774173274
2026-07-10 03:57:00,1722636942,-1721650797542237439990,276318,276318,276318,276318,1822536742,99841553440823588689,50008098468266774173274
2026-07-10 03:58:00,226189514440,-226062516786290200278676,276318,276318,276318,276318,385145333972,158865086298709799721324,50008098468266774173274
2026-07-10 03:59:00,-180055878159,179951884760660990815331,276318,276318,276318,276318,0,179951884760660990815331,50008098468266774173274
2026-07-10 04:00:00,-61426698862,61390922560912398822442,276318,276318,276318,276318,222255323,61613050643142693326538,50008098468266774173274
2026-07-10 04:01:00,-846388237,845892717421905255561,276318,276318,276318,276318,154181452,999985728810912878331,50008098468266774173274
2026-07-10 04:03:00,-38161523342,38138636491903190521303,276318,276318,276318,276318,58521218237,96626126177903190521303,50008098468266774173274
2026-07-10 04:04:00,27971523506,-27955450529000000000000,276318,276318,276318,276318,27971523506,0,50008098468266774173274
2026-07-10 04:05:00,333334543830,-333145409622022544756736,276318,276318,276318,276318,333334543830,0,50008098468266774173274
2026-07-10 04:06:00,95500514958,-95447146165535557637522,276318,276318,276318,276318,95500514958,0,50008098468266774173274
2026-07-10 04:07:00,-43019317526,42994892088369719371738,276318,276318,276318,276318,0,42994892088369719371738,50008098468266774173274
2026-07-10 04:09:00,-97681994648,97626258326516105007723,276318,276318,276318,276318,0,97626258326516105007723,50008098468266774173274
2026-07-10 04:10:00,-6912052442,6907527328996686519714,276318,276318,276318,276318,56704086470,63579766391816384051403,50008098468266774173274
2026-07-10 04:11:00,38779631807,-38757835786915755683204,276318,276318,276318,276318,38779631807,0,50008098468266774173274
2026-07-10 04:12:00,-528680232,528378207858139337641,276318,276318,276318,276318,0,528378207858139337641,50008098468266774173274
2026-07-10 04:14:00,217789969123,-217668672512000000000000,276318,276318,276318,276318,217789969123,0,50008098468266774173274
2026-07-10 04:15:00,34025840898,-34007061637000000000000,276318,276318,276318,276318,34025840898,0,50008098468266774173274
2026-07-10 04:16:00,347625493,-347433874519033925658,276318,276318,276318,276318,347625493,0,50008098468266774173274
2026-07-10 04:17:00,28272306102,-28256738657359792645329,276318,276318,276318,276318,28351306009,78955660640207354671,50008098468266774173274
2026-07-10 04:18:00,-58340351945,58307345117283453380642,276318,276318,276318,276318,26354572658,84647345117283453380642,50008098468266774173274
2026-07-10 04:19:00,1832539,-1831526669705038365,276318,276318,276318,276318,1832539,0,50008098468266774173274
2026-07-10 04:21:00,80796494878,-80751991753000000000000,276318,276318,276318,276318,80796494878,0,50008098468266774173274
2026-07-10 04:23:00,-408818870376,408586122289846301958729,276318,276318,276318,276318,80376040993,488916579379846301958729,50008098468266774173274
2026-07-10 04:24:00,9717031370,-9711538012629520009513,276318,276318,276318,276318,9717031370,0,50008098468266774173274
2026-07-10 04:26:00,-100000009001,99942295885606249187173,276318,276318,276318,276318,0,99942295885606249187173,50008098468266774173274
2026-07-10 04:27:00,170501615,-170404578166189326336,276318,276318,276318,276318,170501615,0,50008098468266774173274
2026-07-10 04:28:00,8991358824,-8986243207246349527126,276318,276318,276318,276318,8991358824,0,50008098468266774173274
2026-07-10 04:29:00,601635176,-601292993000000000000,276318,276318,276318,276318,601635176,0,50008098468266774173274
2026-07-10 04:31:00,88031372,-87981305287947284791,276318,276318,276318,276318,88031372,0,50008098468266774173274
2026-07-10 04:34:00,22828482281,-22815509198462517074690,276318,276318,276318,276318,22828482281,0,50008098468266774173274
2026-07-10 04:35:00,1264106855,-1263616441293647961350,276318,276318,276318,276318,24012101435,22734839922817167697698,50008098468266774173274
2026-07-10 04:36:00,39167040968,-39144833420623243376418,276318,276318,276318,276318,39167040968,0,50008098468266774173274
2026-07-10 04:37:00,23649968902,-23636589152007289491270,276318,276318,276318,276318,23649968902,0,50008098468266774173274
2026-07-10 04:40:00,132283151,-132208376547553312768,276318,276318,276318,276318,132283151,0,50008098468266774173274
2026-07-10 04:42:00,411649741876,-411420437242960677405883,276318,276318,276318,276318,411649741876,0,50008098468266774173274
2026-07-10 04:43:00,129170960,-129100070369970094080,276318,276318,276318,276318,129170960,0,50008098468266774173274
2026-07-10 04:44:00,1613750522,-1612864935269261840007,276318,276318,276318,276318,1613750522,0,50008098468266774173274
2026-07-10 04:45:00,161403570241,-161315521553636911458180,276318,276318,276318,276318,161404001198,430715363088541820,50008098468266774173274
2026-07-10 04:46:00,-1028235,1027666259241161778,276318,276318,276318,276318,0,1027666259241161778,50008098468266774173274
2026-07-10 04:48:00,-300859927,300693762996368825157,276318,276318,276318,276318,0,300693762996368825157,50008098468266774173274
2026-07-10 04:49:00,-1566038585,1565173611173693320504,276318,276318,276318,276318,0,1565173611173693320504,50008098468266774173274
2026-07-10 04:50:00,47575788561,-47550030172966419882157,276318,276318,276318,276318,47575788561,0,50008098468266774173274
2026-07-10 04:51:00,164895608504,-164807031082000000000000,276318,276318,276318,276318,164895608504,0,50008098468266774173274
2026-07-10 04:54:00,19293125655,-19282832917000000000000,276318,276318,276318,276318,19293125655,0,50008098468266774173274
2026-07-10 04:56:00,467150221,-466901184967737253606,276318,276318,276318,276318,467150221,0,50008098468266774173274
2026-07-10 04:57:00,1103090740,-1102502720270358517738,276318,276318,276318,276318,1103090740,0,50008098468266774173274
2026-07-10 04:58:00,20837876183,-20826777349000000000000,276318,276318,276318,276318,20837876183,0,50008098468266774173274
2026-07-10 04:59:00,63305191220,-63271579540000000000000,276318,276318,276318,276318,63305191220,0,50008098468266774173274
2026-07-10 05:00:00,9131367271,-9126532219000000000000,276318,276318,276318,276318,9131367271,0,50008098468266774173274
2026-07-10 05:02:00,111046688,-110987909883616034816,276318,276318,276318,276318,111046688,0,50008098468266774173274
2026-07-10 05:03:00,-90025391857,89976678587834342777077,276318,276318,276318,276318,0,89976678587834342777077,50008098468266774173274
2026-07-10 05:05:00,157144758,-157061014509093364650,276318,276318,276318,276318,157144758,0,50008098468266774173274
2026-07-10 05:07:00,4144709770,-4142501383000000000000,276318,276318,276318,276318,4144709770,0,50008098468266774173274
2026-07-10 05:08:00,41980899089,-41958569480000000000000,276318,276318,276318,276318,41980899089,0,50008098468266774173274
2026-07-10 05:09:00,4930180181,-4927562443000000000000,276318,276318,276318,276318,4930180181,0,50008098468266774173274
2026-07-10 05:11:00,7025166951,-7021438533510425675609,276318,276318,276318,276318,7025166951,0,50008098468266774173274
2026-07-10 05:12:00,205738235156,-205629919763773193359360,276318,276318,276318,276318,205738235156,0,50008098468266774173274
2026-07-10 05:13:00,-5000000,4997338220626492154,276318,276318,276318,276318,0,4997338220626492154,50008098468266774173274
2026-07-10 05:14:00,11230808069,-11224944050615651028746,276318,276318,276318,276318,11230808069,0,50008098468266774173274
2026-07-10 05:17:00,-12544109206,12537433759823454006973,276318,276318,276318,276318,0,12537433759823454006973,50008098468266774173274
2026-07-10 05:18:00,-713031933,712649430434171968098,276318,276318,276318,276318,286968066,999467570565954182320,50008098468266774173274
2026-07-10 05:19:00,-46654193243,46629301699744418478639,276318,276318,276318,276318,763982187,47392884762641549266510,50008098468266774173274
2026-07-10 05:20:00,-45038563900,45014307154778747193431,276318,276318,276318,276318,15213027173,60219362662778747193431,50008098468266774173274
2026-07-10 05:21:00,34827504336,-34809207040215584815256,276318,276318,276318,276318,34971503136,143921606820994826054,50008098468266774173274
2026-07-10 05:23:00,13339061,-13332062422790730372,276318,276318,276318,276318,13339061,0,50008098468266774173274
2026-07-10 05:25:00,-183475816982,183376358785324275288786,276318,276318,276318,276318,67980689566,251320787156324275288786,50008098468266774173274
2026-07-10 05:26:00,152870867399,-152790000000000000000000,276318,276318,276318,276318,152870867399,0,50008098468266774173274
2026-07-10 05:27:00,109258272,-109200809863317291008,276318,276318,276318,276318,109258272,0,50008098468266774173274
2026-07-10 05:28:00,3985993168,-3983897122613292212048,276318,276318,276318,276318,3985993168,0,50008098468266774173274
2026-07-10 05:30:00,26492400,-26478472005450465280,276318,276318,276318,276318,26492400,0,50008098468266774173274
2026-07-10 05:31:00,2430000,-2428722373278280690,276318,276318,276318,276318,2430000,0,50008098468266774173274
2026-07-10 05:32:00,923065013,-922579709900417894801,276318,276318,276318,276318,923065013,0,50008098468266774173274
2026-07-10 05:35:00,-80000000000,79957013716470578822981,276318,276318,276318,276318,0,79957013716470578822981,50008098468266774173274
2026-07-10 05:36:00,75725525174,-75685586076635727676586,276318,276318,276318,276318,75725525174,0,50008098468266774173274
2026-07-10 05:38:00,-13198607296,13191502284157852409667,276318,276318,276318,276318,2839857336,16029864464000000000000,50008098468266774173274
2026-07-10 05:39:00,90606128,-90558430785189183488,276318,276318,276318,276318,90606128,0,50008098468266774173274
2026-07-10 05:40:00,3257531602,-3255816951699207670652,276318,276318,276318,276318,3257531602,0,50008098468266774173274
2026-07-10 05:41:00,366858354,-366665280424729333760,276318,276318,276318,276318,366858354,0,50008098468266774173274
2026-07-10 05:42:00,-7157167547,7153328278452545442274,276318,276318,276318,276318,0,7153328278452545442274,50008098468266774173274
2026-07-10 05:43:00,-1900000000,1898980452700513889421,276318,276318,276318,276318,0,1898980452700513889421,50008098468266774173274
2026-07-10 05:44:00,69951094801,-69914353031230559660124,276318,276318,276318,276318,69951094801,0,50008098468266774173274
2026-07-10 05:47:00,-574990779,574683815560053799166,276318,276318,276318,276318,0,574683815560053799166,50008098468266774173274
2026-07-10 05:52:00,68001550174,-67966018280000000000000,276318,276318,276318,276318,68001550174,0,50008098468266774173274
2026-07-10 05:53:00,56817713461,-56788167004000000000000,276318,276318,276318,276318,56817713461,0,50008098468266774173274
2026-07-10 05:56:00,7000000,-6996367794440682870,276318,276318,276318,276318,7000000,0,50008098468266774173274
2026-07-10 05:57:00,-47877276,47851953951883283742,276318,276318,276318,276318,0,47851953951883283742,50008098468266774173274
2026-07-10 06:01:00,51006496184,-50980081496000000000000,276318,276318,276318,276318,51006496184,0,50008098468266774173274
2026-07-10 06:02:00,-3077748,3076125893498801318,276318,276318,276318,276318,0,3076125893498801318,50008098468266774173274
2026-07-10 06:05:00,99301126764,-99250000000000000000000,276318,276318,276318,276318,99301126764,0,50008098468266774173274
2026-07-10 06:06:00,-6945167,6941535259803343262,276318,276318,276318,276318,0,6941535259803343262,50008098468266774173274
2026-07-10 06:07:00,137899515,-137829908574478977285,276318,276318,276318,276318,249704189,111746213812511782651,50008098468266774173274
2026-07-10 06:10:00,-7335050752,7331214388306754901381,276318,276318,276318,276318,0,7331214388306754901381,50008098468266774173274
2026-07-10 06:11:00,-1288917000,1288242650803218266135,276318,276318,276318,276318,0,1288242650803218266135,50008098468266774173274
2026-07-10 06:12:00,26202662,-26189214685438410752,276318,276318,276318,276318,26202662,0,50008098468266774173274
2026-07-10 06:13:00,-20670715273,20659891508131352907326,276318,276318,276318,276318,0,20659891508131352907326,50008098468266774173274
2026-07-10 06:14:00,103727363509,-103674420980000000000000,276318,276318,276318,276318,120049288277,16313366087126675335592,50008098468266774173274
2026-07-10 06:15:00,193357846289,-193260000000000000000000,276318,276318,276318,276318,193357846289,0,50008098468266774173274
2026-07-10 06:22:00,-52572107461,52545125814074760496308,276318,276318,276318,276318,63305590,52608399481186641773748,50008098468266774173274
2026-07-10 06:23:00,-669823821,669479341115324480117,276318,276318,276318,276318,0,669479341115324480117,50008098468266774173274
2026-07-10 06:24:00,5602910656,-5600085727794630311405,276318,276318,276318,276318,5602910656,0,50008098468266774173274
2026-07-10 06:25:00,204154340,-204051432614424037415,276318,276318,276318,276318,204154340,0,50008098468266774173274
2026-07-10 06:26:00,50099378927,-50074175517319872184831,276318,276318,276318,276318,50099378927,0,50008098468266774173274
2026-07-10 06:27:00,50479102162,-50453809175793359650816,276318,276318,276318,276318,50479102162,0,50008098468266774173274
2026-07-10 06:29:00,53055601249,-53029127046000000000000,276318,276318,276318,276318,53055601249,0,50008098468266774173274
2026-07-10 06:32:00,-20002682379,19992514528370165246841,276318,276318,276318,276318,0,19992514528370165246841,50008098468266774173274
2026-07-10 06:35:00,-20002656595,19992472767927647302733,276318,276318,276318,276318,0,19992472767927647302733,50008098468266774173274
2026-07-10 06:38:00,-107453381852,107398401131688945980815,276318,276318,276318,276318,0,107398401131688945980815,50008098468266774173274
2026-07-10 06:39:00,238400824,-238280713959003358470,276318,276318,276318,276318,238400824,0,50008098468266774173274
2026-07-10 06:41:00,10515095368,-10509799936000000000000,276318,276318,276318,276318,10515095368,0,50008098468266774173274
2026-07-10 06:48:00,213070215096,-212963863148171591596661,276319,276318,276318,276319,213070215096,0,50646993529551700890671
2026-07-10 06:51:00,-9693870000,9688973653810736646338,276319,276319,276319,276319,0,9688973653810736646338,50646993529551700890671
2026-07-10 06:56:00,66146965898,-66114290074000000000000,276319,276319,276319,276319,66146965898,0,50646993529551700890671
2026-07-10 06:57:00,1175643083,-1175063892048567028115,276319,276319,276319,276319,1175643083,0,50646993529551700890671
2026-07-10 06:59:00,-28960485718,28945891781024674980944,276319,276319,276319,276319,2093589248,31038449737476649231440,50646993529551700890671
2026-07-10 07:00:00,94350659666,-94304246877000000000000,276319,276319,276319,276319,94350659666,0,50646993529551700890671
2026-07-10 07:01:00,157186818333,-157110275394000000000000,276319,276319,276319,276319,157186818333,0,50646993529551700890671
2026-07-10 07:04:00,42643674849,-42623077420000000000000,276319,276319,276319,276319,42643674849,0,50646993529551700890671
2026-07-10 07:05:00,51136347175,-51111742297010461638656,276319,276319,276319,276319,51136347175,0,50646993529551700890671
2026-07-10 07:07:00,81080678609,-81041877162000000000000,276319,276319,276319,276319,81080678609,0,50646993529551700890671
2026-07-10 07:08:00,90672854963,-90629770414745724836920,276319,276319,276319,276319,90672854963,0,50646993529551700890671
2026-07-10 07:09:00,60028344868,-60000000000000000000000,276319,276319,276319,276319,60028344868,0,50646993529551700890671
2026-07-10 07:11:00,129607884,-129546842997903177305,276319,276319,276319,276319,129866065,258056106913188263,50646993529551700890671
2026-07-10 07:12:00,2323751393,-2322657008834351518918,276319,276319,276319,276319,2323751393,0,50646993529551700890671
2026-07-10 07:13:00,115792384319,-115738121935983325556736,276319,276319,276319,276319,115880987149,88560219000000000000,50646993529551700890671
2026-07-10 07:14:00,59703222314,-59675450589000000000000,276319,276319,276319,276319,59703222314,0,50646993529551700890671
2026-07-10 07:15:00,184484926695,-184400000000000000000000,276319,276319,276319,276319,184484926695,0,50646993529551700890671
2026-07-10 07:20:00,52846638826,-52822561176406317350660,276319,276319,276319,276319,53102928705,256170266599680863518,50646993529551700890671
2026-07-10 07:22:00,42542905983,-42523604249364784143505,276319,276319,276319,276319,42881517694,338454383766198604782,50646993529551700890671
2026-07-10 07:23:00,338977870404,-338826600798000000000000,276319,276319,276319,276319,338977870404,0,50646993529551700890671
2026-07-10 07:24:00,372196787307,-372035921539871821405424,276319,276319,276319,276319,372696787307,499776230128178594576,50646993529551700890671
2026-07-10 07:26:00,-142215351,142153504304953979194,276319,276319,276319,276319,0,142153504304953979194,50646993529551700890671
2026-07-10 07:27:00,-33772543328,33757833923174324748134,276319,276319,276319,276319,0,33757833923174324748134,50646993529551700890671
2026-07-10 07:29:00,30099698385,-30086887351000000000000,276319,276319,276319,276319,30099698385,0,50646993529551700890671
2026-07-10 07:31:00,302838425,-302709713358123072265,276319,276319,276319,276319,302838425,0,50646993529551700890671
2026-07-10 07:32:00,10615345264,-10610835816000000000000,276319,276319,276319,276319,10615345264,0,50646993529551700890671
2026-07-10 07:33:00,40741257335,-40723991544000000000000,276319,276319,276319,276319,40741257335,0,50646993529551700890671
2026-07-10 07:34:00,94996492154,-94956488336049876824315,276319,276319,276319,276319,95040022554,43511713950123175685,50646993529551700890671
2026-07-10 07:35:00,-2000858837,1999999920100347020870,276319,276319,276319,276319,0,1999999920100347020870,50646993529551700890671
2026-07-10 07:36:00,-15000000000,14993555861767296329470,276319,276319,276319,276319,0,14993555861767296329470,50646993529551700890671
2026-07-10 07:37:00,104234593018,-104191038317214013998332,276319,276319,276319,276319,104234593018,0,50646993529551700890671
2026-07-10 07:38:00,188591551609,-188513837832000000000000,276319,276319,276319,276319,188591551609,0,50646993529551700890671
2026-07-10 07:40:00,-10398101634,10393749463588930681568,276319,276319,276319,276319,0,10393749463588930681568,50646993529551700890671
2026-07-10 07:42:00,-2343172934,2342191599708795087217,276319,276319,276319,276319,0,2342191599708795087217,50646993529551700890671
2026-07-10 07:43:00,19998168450,-19990000071225889314010,276319,276319,276319,276319,20008172570,9999928774110685990,50646993529551700890671
2026-07-10 07:44:00,-3308334,3306950450563637291,276319,276319,276319,276319,0,3306950450563637291,50646993529551700890671
2026-07-10 07:47:00,55200827105,-55178361600000000000000,276319,276319,276319,276319,55200827105,0,50646993529551700890671
2026-07-10 07:49:00,68639268832,-68611501912000000000000,276319,276319,276319,276319,68639268832,0,50646993529551700890671
2026-07-10 07:52:00,46063475207,-46044945223000000000000,276319,276319,276319,276319,46063475207,0,50646993529551700890671
2026-07-10 07:54:00,32012828501,-32000000000000000000000,276319,276319,276319,276319,32012828501,0,50646993529551700890671
2026-07-10 07:55:00,-60713277753,60688306848430486366261,276319,276319,276319,276319,0,60688306848430486366261,50646993529551700890671
2026-07-10 07:56:00,989198808,-988800681000000000000,276319,276319,276319,276319,989198808,0,50646993529551700890671
2026-07-10 07:57:00,1102725628,-1102281854470337232297,276319,276319,276319,276319,1102725628,0,50646993529551700890671
2026-07-10 07:58:00,-100836775000,100794988441236506746811,276319,276319,276319,276319,5225000,100800211338635350085735,50646993529551700890671
2026-07-10 08:01:00,-106724338129,106677442898961872985814,276319,276319,276319,276319,223275661871,329860443402961872985814,50646993529551700890671
2026-07-10 08:02:00,100040316701,-99999437321000000000000,276319,276319,276319,276319,100040316701,0,50646993529551700890671
2026-07-10 08:04:00,1263103225,-1262589610000000000000,276319,276319,276319,276319,1263103225,0,50646993529551700890671
2026-07-10 08:05:00,-885372645,885003782188967284494,276319,276319,276319,276319,0,885003782188967284494,50646993529551700890671
2026-07-10 08:07:00,-219116129636,219023858766467082739714,276319,276319,276319,276319,3183569481,222206107314514623593815,50646993529551700890671
2026-07-10 08:08:00,-5201064530,5198852070067485850123,276319,276319,276319,276319,0,5198852070067485850123,50646993529551700890671
2026-07-10 08:14:00,-5960737376,5958200449541056819045,276319,276319,276319,276319,0,5958200449541056819045,50646993529551700890671
2026-07-10 08:15:00,-75352099968,75319908755905851785314,276319,276319,276319,276319,0,75319908755905851785314,50646993529551700890671
2026-07-10 08:17:00,-14205885084,14199774823300018864751,276319,276319,276319,276319,1625680622,15824774823300018864751,50646993529551700890671
2026-07-10 08:18:00,-52177057961,52154606820742004804054,276319,276319,276319,276319,0,52154606820742004804054,50646993529551700890671
2026-07-10 08:19:00,3570437757,-3569398018189169412392,276319,276319,276319,276319,50021117285,46430601981810830587608,50646993529551700890671
2026-07-10 08:20:00,-73409697,73378043431003847973,276319,276319,276319,276319,0,73378043431003847973,50646993529551700890671
2026-07-10 08:21:00,160755636316,-160688438650000000000000,276319,276319,276319,276319,160755636316,0,50646993529551700890671
2026-07-10 08:22:00,-70000000,69970261450643765021,276319,276319,276319,276319,0,69970261450643765021,50646993529551700890671
2026-07-10 08:23:00,15206744929,-15200441096716150580237,276319,276319,276319,276319,15206744929,0,50646993529551700890671
2026-07-10 08:24:00,-657328256237,657040097787695358573640,276319,276319,276319,276319,76971493172,733978175586695358573640,50646993529551700890671
2026-07-10 08:27:00,-2525902061,2523564322664387925481,276319,276319,276319,276319,120103550169,122574531664357687702632,50646993529551700890671
2026-07-10 08:28:00,-64886905589,64857605401025753755941,276319,276319,276319,276319,0,64857605401025753755941,50646993529551700890671
2026-07-10 08:29:00,76770734770,-76737286108360369648213,276319,276319,276319,276319,120029074607,43238713891639630351787,50646993529551700890671
2026-07-10 08:30:00,-50844655215,50820436754385285884791,276319,276319,276319,276319,129766740822,180530436754385285884791,50646993529551700890671
2026-07-10 08:31:00,-170285843376,170208333396368283887170,276319,276319,276319,276319,15000000,170223326769082387750681,50646993529551700890671
2026-07-10 08:32:00,-316695069889,316547875289925564978725,276319,276319,276319,276319,0,316547875289925564978725,50646993529551700890671
2026-07-10 08:33:00,-485902425576,485668891654447709315978,276319,276319,276319,276319,0,485668891654447709315978,50646993529551700890671
2026-07-10 08:35:00,10015680673,-10010873015500486716132,276319,276319,276319,276319,10015680673,0,50646993529551700890671
2026-07-10 08:38:00,175651006485,-175567335157283239647825,276319,276319,276319,276319,175651006485,0,50646993529551700890671
2026-07-10 08:44:00,52102804893,-52078219864000000000000,276319,276319,276319,276319,52102804893,0,50646993529551700890671
2026-07-10 08:48:00,-18320774128,18311958448251612476309,276319,276319,276319,276319,0,18311958448251612476309,50646993529551700890671
2026-07-10 08:51:00,178441028346,-178357512528659386164130,276319,276319,276319,276319,178441028346,0,50646993529551700890671
2026-07-10 08:56:00,98111855645,-98066471673000000000000,276319,276319,276319,276319,98111855645,0,50646993529551700890671
2026-07-10 08:57:00,18752617318,-18743986090000000000000,276319,276319,276319,276319,18752617318,0,50646993529551700890671
2026-07-10 08:58:00,-97344664825,97298736250017652242787,276319,276319,276319,276319,0,97298736250017652242787,50646993529551700890671
2026-07-10 08:59:00,-1980198450,1979260284022515541104,276319,276319,276319,276319,0,1979260284022515541104,50646993529551700890671
2026-07-10 09:00:00,-262464566057,262338847813866798721435,276319,276319,276319,276319,0,262338847813866798721435,50646993529551700890671
2026-07-10 09:01:00,-164504382,164424732938097269959,276319,276319,276319,276319,0,164424732938097269959,50646993529551700890671
2026-07-10 09:04:00,5000000,-4997629095312402659,276319,276319,276319,276319,5000000,0,50646993529551700890671
2026-07-10 09:05:00,-21411901560,21401525383459564877532,276319,276319,276319,276319,0,21401525383459564877532,50646993529551700890671
2026-07-10 09:06:00,42824512238,-42804205676000000000000,276319,276319,276319,276319,42824512238,0,50646993529551700890671
2026-07-10 09:08:00,68322734035,-68290486536207420485580,276319,276319,276319,276319,68322734035,0,50646993529551700890671
2026-07-10 09:11:00,104883430,-104834068448303429309,276319,276319,276319,276319,104883430,0,50646993529551700890671
2026-07-10 09:12:00,3081494509,-3080044435780636784298,276319,276319,276319,276319,3081494509,0,50646993529551700890671
2026-07-10 09:13:00,-150653240476,150580402384371159723231,276319,276319,276319,276319,0,150580402384371159723231,50646993529551700890671
2026-07-10 09:14:00,896427094,-896000000000000000000,276319,276319,276319,276319,896427094,0,50646993529551700890671
2026-07-10 09:15:00,-11245998812,11240526010383690804965,276319,276319,276319,276319,4001908,11244526010383690804965,50646993529551700890671
2026-07-10 09:18:00,14731381632,-14724361000000000000000,276319,276319,276319,276319,14731381632,0,50646993529551700890671
2026-07-10 09:19:00,180087019922,-180001886876000000000000,276319,276319,276319,276319,180087019922,0,50646993529551700890671
2026-07-10 09:22:00,962451544,-962000000000000000000,276319,276319,276319,276319,962451544,0,50646993529551700890671
2026-07-10 09:26:00,-10504193351,10499158227033740564236,276319,276319,276319,276319,0,10499158227033740564236,50646993529551700890671
2026-07-10 09:27:00,357283209168,-357118054916077702192421,276319,276319,276319,276319,366449964354,9162488710922297807579,50646993529551700890671
2026-07-10 09:28:00,-44557866897,44536677383263760864155,276319,276319,276319,276319,41095113458,85613037647263760864155,50646993529551700890671
2026-07-10 09:31:00,-146764466796,146695471837562956985448,276319,276319,276319,276319,0,146695471837562956985448,50646993529551700890671
2026-07-10 09:32:00,-27384006,27371053204313108482,276319,276319,276319,276319,0,27371053204313108482,50646993529551700890671
2026-07-10 09:33:00,241003995621,-240893554833691962126336,276319,276319,276319,276319,241003995621,0,50646993529551700890671
2026-07-10 09:34:00,-144847179316,144779629676805366024253,276319,276319,276319,276319,0,144779629676805366024253,50646993529551700890671
2026-07-10 09:35:00,16893882928,-16886130659000000000000,276319,276319,276319,276319,16893882928,0,50646993529551700890671
2026-07-10 09:37:00,-137254424349,137189743138995644687235,276319,276319,276319,276319,0,137189743138995644687235,50646993529551700890671
2026-07-10 09:38:00,-907887659,907457341062145552957,276319,276319,276319,276319,0,907457341062145552957,50646993529551700890671
2026-07-10 09:40:00,141576850427,-141511554389000000000000,276319,276319,276319,276319,141576850427,0,50646993529551700890671
2026-07-10 09:41:00,-4224032166,4222053244447561844982,276319,276319,276319,276319,0,4222053244447561844982,50646993529551700890671
2026-07-10 09:42:00,-230019216333,229910360603185037721128,276319,276319,276319,276319,3074030424,232982953252891042773954,50646993529551700890671
2026-07-10 09:43:00,1620097587,-1619339991280890547469,276319,276319,276319,276319,1620097587,0,50646993529551700890671
2026-07-10 09:44:00,-25014342643,25002383769858324222313,276319,276319,276319,276319,0,25002383769858324222313,50646993529551700890671
2026-07-10 09:45:00,-229544956827,229434057931244549390431,276319,276319,276319,276319,500601846,229934420670193056400143,50646993529551700890671
2026-07-10 09:47:00,105441036,-105398145658523897158,276319,276319,276319,276319,852910582,747105069343736102842,50646993529551700890671
2026-07-10 09:48:00,16079675077,-16072000000213136551534,276319,276319,276319,276319,16079675077,0,50646993529551700890671
2026-07-10 09:49:00,120993990741,-120936565668000000000000,276319,276319,276319,276319,120993990741,0,50646993529551700890671
2026-07-10 09:51:00,56700000000,-56673288347789940611982,276319,276319,276319,276319,56700000000,0,50646993529551700890671
2026-07-10 09:54:00,299240637,-299100000000000000000,276319,276319,276319,276319,299240637,0,50646993529551700890671
2026-07-10 09:57:00,455364247768,-455154329502000000000000,276319,276319,276319,276319,455364247768,0,50646993529551700890671
2026-07-10 09:58:00,352094865861,-351940043674972754564222,276319,276319,276319,276319,540214671822,188036206603986292694187,50646993529551700890671
2026-07-10 09:59:00,-174451760000,174372986628446470797193,276319,276319,276319,276319,0,174372986628446470797193,50646993529551700890671
2026-07-10 10:00:00,92994402178,-92953190793000000000000,276319,276319,276319,276319,92994402178,0,50646993529551700890671
2026-07-10 10:03:00,-23099969200,23089533181363048861231,276319,276319,276319,276319,0,23089533181363048861231,50646993529551700890671
2026-07-10 10:06:00,-396590073800,396407619694095003337890,276319,276319,276319,276319,0,396407619694095003337890,50646993529551700890671
2026-07-10 10:07:00,138355545070,-138292571588940304810048,276319,276319,276319,276319,138355545070,0,50646993529551700890671
2026-07-10 10:08:00,-13433388246,13427172604160245967845,276319,276319,276319,276319,17973135,13445137607634869466046,50646993529551700890671
2026-07-10 10:10:00,499967653939,-499746171303610364164195,276319,276319,276319,276319,504879788765,4909958132118483261668,50646993529551700890671
2026-07-10 10:11:00,-50394899334,50372513059656325598939,276319,276319,276319,276319,0,50372513059656325598939,50646993529551700890671
2026-07-10 10:12:00,-206328543526,206235843716387711129038,276319,276319,276319,276319,0,206235843716387711129038,50646993529551700890671
2026-07-10 10:13:00,-319899351049,319750903011450884700607,276319,276319,276319,276319,140197852122,459884441442837389578809,50646993529551700890671
2026-07-10 10:14:00,43619852322,-43600000000000000000000,276319,276319,276319,276319,43619852322,0,50646993529551700890671
2026-07-10 10:16:00,-224854210038,224748822499609695377317,276319,276319,276319,276319,4125304,224752945930609695377317,50646993529551700890671
2026-07-10 10:17:00,92604155428,-92561436523877147607040,276319,276319,276319,276319,92604155428,0,50646993529551700890671
2026-07-10 10:19:00,100795074726,-100748961976000000000000,276319,276319,276319,276319,100800077141,5000085000000000000,50646993529551700890671
2026-07-10 10:20:00,-25963607291,25951508001170482161414,276319,276319,276319,276319,0,25951508001170482161414,50646993529551700890671
2026-07-10 10:22:00,-25035286179,25023594304533220407715,276319,276319,276319,276319,0,25023594304533220407715,50646993529551700890671
2026-07-10 10:23:00,-74580419760,74545442939495364678299,276319,276319,276319,276319,0,74545442939495364678299,50646993529551700890671
2026-07-10 10:24:00,-89971183670,89928696760937156152294,276319,276319,276319,276319,0,89928696760937156152294,50646993529551700890671
2026-07-10 10:25:00,-205100073,205002619755332279173,276319,276319,276319,276319,23340228,228332017755332279173,50646993529551700890671
2026-07-10 10:26:00,11341058151,-11336528776206772045145,276319,276319,276319,276319,84426956500,73051149421793227954855,50646993529551700890671
2026-07-10 10:27:00,-177468577498,177383909245855391315278,276319,276319,276319,276319,417120282,177800833240311679710542,50646993529551700890671
2026-07-10 10:29:00,-349325184555,349154902336744652223967,276319,276319,276319,276319,53957798,349208834000067224781841,50646993529551700890671
2026-07-10 10:30:00,-28775761239,28761372578168931488795,276319,276319,276319,276319,14706590550,43460819132939344847809,50646993529551700890671
2026-07-10 10:32:00,-6573265273,6569357471168517446527,276319,276319,276319,276319,65030063050,71567932419168517446527,50646993529551700890671
2026-07-10 10:33:00,-86090762104,86047936388858414823933,276319,276319,276319,276319,33921871,86081841667858414823933,50646993529551700890671
2026-07-10 10:34:00,-334930992349,334761596751958913464795,276318,276319,276318,276319,5002446,334766596751958913464795,50008098468266774173274
2026-07-10 10:35:00,-44694534579,44671592233990761677841,276318,276318,276318,276318,0,44671592233990761677841,50008098468266774173274
2026-07-10 10:36:00,16109013514,-16100896832418484796010,276318,276318,276318,276318,16158813514,49774424581515203990,50008098468266774173274
2026-07-10 10:37:00,-81100000000,81058218569752927621869,276318,276318,276318,276318,0,81058218569752927621869,50008098468266774173274
2026-07-10 10:41:00,-466703885368,466458228712893891263604,276318,276318,276318,276318,10988834165,477441496043893891263604,50008098468266774173274
2026-07-10 10:42:00,-304295912316,304131125451690154097629,276318,276318,276318,276318,0,304131125451690154097629,50008098468266774173274
2026-07-10 10:44:00,-12810045484,12801756023603127630985,276318,276318,276318,276318,127189842516,139922830544603127630985,50008098468266774173274
2026-07-10 10:46:00,76518779566,-76477719339000000000000,276318,276318,276318,276318,76518779566,0,50008098468266774173274
2026-07-10 10:47:00,-9399725415,9394600150352219745263,276318,276318,276318,276318,0,9394600150352219745263,50008098468266774173274
2026-07-10 10:48:00,93619813770,-93569860166000000000000,276318,276318,276318,276318,93619813770,0,50008098468266774173274
2026-07-10 10:50:00,12907500410,-12900640708755650851767,276318,276318,276318,276318,12907500410,0,50008098468266774173274
2026-07-10 10:51:00,-37562146330,37541789968308666707929,276318,276318,276318,276318,0,37541789968308666707929,50008098468266774173274
2026-07-10 10:52:00,343116229096,-342935887254301721035387,276318,276318,276318,276318,351301027914,8180460698857321622830,50008098468266774173274
2026-07-10 10:56:00,-99716932403,99663691415899859037955,276318,276318,276318,276318,29447258440,129095532575899859037955,50008098468266774173274
2026-07-10 10:57:00,-184074160508,183975367920299293335995,276318,276318,276318,276318,1103114444,185077897333159799770067,50008098468266774173274
2026-07-10 10:59:00,4119162742,-4116978594000000000000,276318,276318,276318,276318,4119162742,0,50008098468266774173274
2026-07-10 11:00:00,40961682665,-40940000000000000000000,276318,276318,276318,276318,40961682665,0,50008098468266774173274
2026-07-10 11:02:00,-33489291948,33471210925276638139972,276318,276318,276318,276318,2408974070,35878908461210374072650,50008098468266774173274
2026-07-10 11:05:00,46945897793,-46921067074294699290901,276318,276318,276318,276318,46945897793,0,50008098468266774173274
2026-07-10 11:08:00,43100980610,-43078293999874431098158,276318,276318,276318,276318,46392579517,3289833982779388106713,50008098468266774173274
2026-07-10 11:09:00,8798959,-8794329000000000000,276318,276318,276318,276318,8798959,0,50008098468266774173274
2026-07-10 11:13:00,78712183605,-78670884228324536560141,276318,276318,276318,276318,78712183605,0,50008098468266774173274
2026-07-10 11:14:00,28678808557,-28663822654254178397576,276318,276318,276318,276318,28678808557,0,50008098468266774173274
2026-07-10 11:16:00,-77881532175,77839980774609278422257,276318,276318,276318,276318,0,77839980774609278422257,50008098468266774173274
2026-07-10 11:19:00,133685272900,-133615434269000000000000,276318,276318,276318,276318,133685272900,0,50008098468266774173274
2026-07-10 11:21:00,1995312821,-1994275858000000000000,276318,276318,276318,276318,1995312821,0,50008098468266774173274
2026-07-10 11:22:00,5557008316,-5554121179000000000000,276318,276318,276318,276318,5557008316,0,50008098468266774173274
2026-07-10 11:23:00,-30840680,30824207268048683991,276318,276318,276318,276318,14386029,45202763598489773780,50008098468266774173274
2026-07-10 11:26:00,41546546409,-41525000000000000000000,276318,276318,276318,276318,41546546409,0,50008098468266774173274
2026-07-10 11:28:00,830859097,-830428910000000000000,276318,276318,276318,276318,830859097,0,50008098468266774173274
2026-07-10 11:29:00,692342089278,-691993481482121227908394,276319,276318,276318,276319,720362607709,28006518517878772091606,50646993529551700890671
2026-07-10 11:30:00,-58477199986,58447884210674241009756,276319,276319,276319,276319,0,58447884210674241009756,50646993529551700890671
2026-07-10 11:31:00,-156479588860,156400478705430930099627,276318,276318,276318,276318,0,156400478705430930099627,50008098468266774173274
2026-07-10 11:32:00,-108089066919,108033165719817391647221,276318,276318,276318,276318,68721187159,176719692625817391647221,50008098468266774173274
2026-07-10 11:33:00,-477881330216,477631607440514200156724,276318,276318,276318,276318,1500926439,479131755940514200156724,50008098468266774173274
2026-07-10 11:34:00,46023987601,-46000001506092996766797,276318,276318,276318,276318,46023987601,0,50008098468266774173274
2026-07-10 11:36:00,100233440647,-100181495400000000000000,276318,276318,276318,276318,100233440647,0,50008098468266774173274
2026-07-10 11:38:00,500258248,-500000000000000000000,276318,276318,276318,276318,500258248,0,50008098468266774173274
2026-07-10 11:39:00,11264812585,-11259000000000000000000,276318,276318,276318,276318,11264812585,0,50008098468266774173274
2026-07-10 11:40:00,103137247510,-103084266014593338847232,276318,276318,276318,276318,103240212930,102911284000000000000,50008098468266774173274
2026-07-10 11:42:00,79236789880,-79196373979000000000000,276318,276318,276318,276318,79236789880,0,50008098468266774173274
2026-07-10 11:44:00,64542569293,-64509833823000000000000,276318,276318,276318,276318,64542569293,0,50008098468266774173274
2026-07-10 11:46:00,29536216065,-29521291058000000000000,276318,276318,276318,276318,29536216065,0,50008098468266774173274
2026-07-10 11:50:00,6530414917,-6527119726000000000000,276318,276318,276318,276318,6530414917,0,50008098468266774173274
2026-07-10 11:51:00,5524195015,-5521409066000000000000,276318,276318,276318,276318,5542208038,18003755000000000000,50008098468266774173274
2026-07-10 11:54:00,140042223213,-139972000175000000000000,276318,276318,276318,276318,140042223213,0,50008098468266774173274
2026-07-10 11:57:00,-174290119723,174200860071281677934106,276318,276318,276318,276318,199300769,174400060071281677934106,50008098468266774173274
2026-07-10 12:00:00,17263140813,-17254418373000000000000,276318,276318,276318,276318,17263140813,0,50008098468266774173274
2026-07-10 12:01:00,-7501254,7497391005991966503,276318,276318,276318,276318,0,7497391005991966503,50008098468266774173274
2026-07-10 12:02:00,87263234510,-87219325785000000000000,276318,276318,276318,276318,87263234510,0,50008098468266774173274
2026-07-10 12:03:00,-79499742749,79458955159591391094744,276318,276318,276318,276318,300150851,79758955507591391094744,50008098468266774173274
2026-07-10 12:04:00,-75853202757,75814053438773544876282,276318,276318,276318,276318,0,75814053438773544876282,50008098468266774173274
2026-07-10 12:05:00,56458156394,-56429987858061742384128,276318,276318,276318,276318,99300211755,42820012142692148895574,50008098468266774173274
2026-07-10 12:06:00,211464332111,-211358354896000000000000,276319,276318,276318,276319,211464332111,0,50646993529551700890671
2026-07-10 12:08:00,885000000,-884560223325612334804,276319,276319,276319,276319,885000000,0,50646993529551700890671
2026-07-10 12:10:00,-217817268248,217705910177174205484995,276318,276318,276318,276318,0,217705910177174205484995,50008098468266774173274
2026-07-10 12:12:00,49524990948,-49500000000000000000000,276318,276318,276318,276318,49524990948,0,50008098468266774173274
2026-07-10 12:13:00,-323923960,323757584272188447349,276318,276318,276318,276318,0,323757584272188447349,50008098468266774173274
2026-07-10 12:14:00,38013918548,-37994802236341732888394,276318,276318,276318,276318,38013918548,0,50008098468266774173274
2026-07-10 12:15:00,72458046954,-72421773494880427738503,276318,276318,276318,276318,72863722922,405469393816476809849,50008098468266774173274
2026-07-10 12:17:00,-31702386181,31686222724115422342022,276318,276318,276318,276318,0,31686222724115422342022,50008098468266774173274
2026-07-10 12:18:00,65032463482,-65000000000000000000000,276318,276318,276318,276318,65032463482,0,50008098468266774173274
2026-07-10 12:19:00,133768731520,-133703246146631322725953,276319,276318,276318,276319,210103749178,76296753853368677274047,50646993529551700890671
2026-07-10 12:20:00,16219998,-16212007937423016598,276319,276319,276319,276319,16219998,0,50646993529551700890671
2026-07-10 12:21:00,-33485621150,33468769140895244459758,276319,276319,276319,276319,0,33468769140895244459758,50646993529551700890671
2026-07-10 12:24:00,3811789073,-3809907518000000000000,276319,276319,276319,276319,3901926965,90092482000000000000,50646993529551700890671
2026-07-10 12:26:00,251447190,-251323033122700376466,276319,276319,276319,276319,251447190,0,50646993529551700890671
2026-07-10 12:28:00,127893000,-127829851282618899771,276319,276319,276319,276319,127893000,0,50646993529551700890671
2026-07-10 12:29:00,133852914,-133786823345760632832,276319,276319,276319,276319,133852914,0,50646993529551700890671
2026-07-10 12:31:00,-2250269121,2249135445062383068761,276319,276319,276319,276319,0,2249135445062383068761,50646993529551700890671
2026-07-10 12:32:00,221589152704,-221480726024683833656852,276319,276319,276319,276319,225110200969,3519273975316166343148,50646993529551700890671
2026-07-10 12:35:00,-1114119879,1113568257798237536367,276319,276319,276319,276319,0,1113568257798237536367,50646993529551700890671
2026-07-10 12:36:00,35490450,-35473232362155374420,276319,276319,276319,276319,35490450,0,50646993529551700890671
2026-07-10 12:37:00,38631989273,-38613287354538857987040,276319,276319,276319,276319,39701596234,1069079009461142012960,50646993529551700890671
2026-07-10 12:38:00,40178995411,-40159606317000710490429,276319,276319,276319,276319,41217460013,1037951979209782151282,50646993529551700890671
2026-07-10 12:40:00,92137357,-92092944397285457920,276319,276319,276319,276319,92137357,0,50646993529551700890671
2026-07-10 12:43:00,1500723349,-1500000000000000000000,276319,276319,276319,276319,1500723349,0,50646993529551700890671
2026-07-10 12:44:00,-14380107974,14373024361773109928175,276319,276319,276319,276319,501253130,14874035907411309581339,50646993529551700890671
2026-07-10 12:45:00,1500229470,-1499505596976720318921,276319,276319,276319,276319,1500229470,0,50646993529551700890671
2026-07-10 12:48:00,-177893056520,177804824430567094385344,276319,276319,276319,276319,0,177804824430567094385344,50646993529551700890671
2026-07-10 12:50:00,200358751890,-200261468601000000000000,276319,276319,276319,276319,200358751890,0,50646993529551700890671
2026-07-10 12:53:00,-4914526042,4912109645259898197562,276319,276319,276319,276319,0,4912109645259898197562,50646993529551700890671
2026-07-10 12:54:00,13149162032,-13142830357903380000000,276319,276319,276319,276319,13149162032,0,50646993529551700890671
2026-07-10 12:55:00,4204093581,-4202070637250372918959,276319,276319,276319,276319,4204093581,0,50646993529551700890671
2026-07-10 12:56:00,49509480439,-49485709713567094385344,276319,276319,276319,276319,49509480439,0,50646993529551700890671
2026-07-10 12:58:00,66736653365,-66704781846166941852034,276319,276319,276319,276319,68470619701,1733122802833058147966,50646993529551700890671
2026-07-10 12:59:00,3632398001,-3630667371323242248912,276319,276319,276319,276319,3632398001,0,50646993529551700890671
2026-07-10 13:00:00,-534333936822,534068421681518465077868,276319,276319,276319,276319,0,534068421681518465077868,50646993529551700890671
2026-07-10 13:01:00,-249916054871,249787986884595178345874,276318,276318,276318,276318,0,249787986884595178345874,50008098468266774173274
2026-07-10 13:02:00,19155135111,-19145631917293902586251,276318,276318,276318,276318,40126620222,20960658515706097413749,50008098468266774173274
2026-07-10 13:03:00,100050493291,-100000000000000000000000,276318,276318,276318,276318,100050493291,0,50008098468266774173274
2026-07-10 13:06:00,-205507300256,205401097979836406754316,276318,276318,276318,276318,18000000,205419088783781642631006,50008098468266774173274
2026-07-10 13:07:00,11892435309,-11887134964569733813089,276318,276318,276318,276318,89189435309,77256893161430266186911,50008098468266774173274
2026-07-10 13:08:00,24940731,-24928001634950916378,276318,276318,276318,276318,24940731,0,50008098468266774173274
2026-07-10 13:11:00,94105151589,-94057295831000000000000,276318,276318,276318,276318,94105151589,0,50008098468266774173274
2026-07-10 13:12:00,40882458068,-40861778180000000000000,276318,276318,276318,276318,40882458068,0,50008098468266774173274
2026-07-10 13:13:00,-58000124460,57970186127192267743687,276318,276318,276318,276318,13875540,57984054660612263194728,50008098468266774173274
2026-07-10 13:14:00,9581348358,-9576489205000000000000,276318,276318,276318,276318,9581348358,0,50008098468266774173274
2026-07-10 13:16:00,72002807607,-71966531458392287104593,276318,276318,276318,276318,84258553501,12249407276607712895407,50008098468266774173274
2026-07-10 13:18:00,-85276900518,85232769483776591018189,276318,276318,276318,276318,14723099482,99948392864776591018189,50008098468266774173274
2026-07-10 13:19:00,-84332315178,84288532693505267869331,276318,276318,276318,276318,0,84288532693505267869331,50008098468266774173274
2026-07-10 13:20:00,-105664303360,105609044891692629327786,276318,276318,276318,276318,0,105609044891692629327786,50008098468266774173274
2026-07-10 13:21:00,47840548963,-47815953036320132337479,276318,276318,276318,276318,47840548963,0,50008098468266774173274
2026-07-10 13:24:00,-325512597,325342298637075232157,276318,276318,276318,276318,0,325342298637075232157,50008098468266774173274
2026-07-10 13:25:00,19600492,-19590434000000000000,276318,276318,276318,276318,19600492,0,50008098468266774173274
2026-07-10 13:26:00,500387520,-500130736463875797439,276318,276318,276318,276318,500387520,0,50008098468266774173274
2026-07-10 13:28:00,3001540088,-3000000000000000000000,276318,276318,276318,276318,3001540088,0,50008098468266774173274
2026-07-10 13:29:00,557497724204,-557218804407270453588762,276319,276319,276319,276319,647073624680,89531195592729546411238,50646993529551700890671
2026-07-10 13:30:00,-156745852276,156666862949625128398229,276319,276319,276319,276319,0,156666862949625128398229,50646993529551700890671
2026-07-10 13:31:00,-311336708255,311176917769226404907932,276318,276318,276318,276318,0,311176917769226404907932,50008098468266774173274
2026-07-10 13:33:00,7425489311,-7422673045231330422289,276318,276318,276318,276318,104041489311,96566026955768669577711,50008098468266774173274
2026-07-10 13:35:00,-43310504847,43287982105370968110801,276318,276318,276318,276318,0,43287982105370968110801,50008098468266774173274
2026-07-10 13:37:00,65033225,-65000000000000000000,276318,276318,276318,276318,65033225,0,50008098468266774173274
2026-07-10 13:38:00,-138311634319,138239206611389988661453,276318,276318,276318,276318,0,138239206611389988661453,50008098468266774173274
2026-07-10 13:39:00,45059648539,-45036419193000000000000,276318,276318,276318,276318,45059648539,0,50008098468266774173274
2026-07-10 13:41:00,-246768411131,246637735041796921270801,276318,276318,276318,276318,0,246637735041796921270801,50008098468266774173274
2026-07-10 13:42:00,43828982100,-43806093818178031264691,276318,276318,276318,276318,49931745698,6099501047821968735309,50008098468266774173274
2026-07-10 13:43:00,-8000000000,7995736892070799377031,276318,276318,276318,276318,0,7995736892070799377031,50008098468266774173274
2026-07-10 13:44:00,-301793949797,301631259207527830697068,276318,276318,276318,276318,0,301631259207527830697068,50008098468266774173274
2026-07-10 13:45:00,-199175867663,199066495412626709667288,276318,276318,276318,276318,718663612,199784768727649240679481,50008098468266774173274
2026-07-10 13:46:00,-249303301534,249164178174627377963537,276318,276318,276318,276318,0,249164178174627377963537,50008098468266774173274
2026-07-10 13:47:00,382678584643,-382469875878172655895872,276318,276318,276318,276318,382678584643,0,50008098468266774173274
2026-07-10 13:49:00,-465510754020,465251446533532366054890,276318,276318,276318,276318,0,465251446533532366054890,50008098468266774173274
2026-07-10 13:50:00,625976212,-625627961147759661562,276318,276318,276318,276318,625976212,0,50008098468266774173274
2026-07-10 13:51:00,299000164305,-298835615389820336697613,276318,276318,276318,276318,299464156225,463734702703371552886,50008098468266774173274
2026-07-10 13:52:00,-552096239,551790167754807388627,276318,276318,276318,276318,0,551790167754807388627,50008098468266774173274
2026-07-10 13:53:00,115202610605,-115140160170000000000000,276318,276318,276318,276318,115202610605,0,50008098468266774173274
2026-07-10 13:54:00,-99230914737,99175562126832318725060,276318,276318,276318,276318,60052901271,159196117621832318725060,50008098468266774173274
2026-07-10 13:55:00,261296534385,-261155817088040857913290,276318,276318,276318,276318,261296534385,0,50008098468266774173274
2026-07-10 13:57:00,241494236280,-241366609290000000000000,276318,276318,276318,276318,241494236280,0,50008098468266774173274
2026-07-10 13:58:00,-9574574068,9569462685967537391810,276318,276318,276318,276318,0,9569462685967537391810,50008098468266774173274
2026-07-10 13:59:00,-55535627184,55505478917864969433646,276318,276318,276318,276318,42857382844,98340270704864969433646,50008098468266774173274
2026-07-10 14:00:00,86183944347,-86138737133000000000000,276318,276318,276318,276318,86183944347,0,50008098468266774173274
2026-07-10 14:04:00,324281182795,-324113961752002157532509,276318,276318,276318,276318,346181182795,21888367962997842467491,50008098468266774173274
2026-07-10 14:05:00,-194192269,194091315974438760762,276318,276318,276318,276318,0,194091315974438760762,50008098468266774173274
2026-07-10 14:07:00,52718183317,-52691359430000000000000,276318,276318,276318,276318,52718183317,0,50008098468266774173274
2026-07-10 14:09:00,-5500000000,5497151725862717437666,276318,276318,276318,276318,0,5497151725862717437666,50008098468266774173274
2026-07-10 14:10:00,327667010307,-327502705295000000000000,276319,276318,276318,276319,327667010307,0,50646993529551700890671
2026-07-10 14:12:00,3150000000,-3148441193866611764787,276319,276319,276319,276319,3150000000,0,50646993529551700890671
2026-07-10 14:15:00,-6250943,6247786000000000000,276319,276319,276319,276319,0,6247786000000000000,50646993529551700890671
2026-07-10 14:16:00,81077450374,-81037468935763205652536,276319,276319,276319,276319,81653826489,576087015236794347464,50646993529551700890671
2026-07-10 14:18:00,-36201662665,36183475427226333650676,276319,276319,276319,276319,288235399,36471568717524783650676,50646993529551700890671
2026-07-10 14:19:00,-160813011846,160731516836319803803624,276318,276318,276318,276318,9186988154,169913915359278362249358,50008098468266774173274
2026-07-10 14:20:00,905389425,-904937293803754669347,276318,276318,276318,276318,905389425,0,50008098468266774173274
2026-07-10 14:21:00,172010891470,-171925583409000000000000,276319,276319,276319,276319,172010891470,0,50646993529551700890671
2026-07-10 14:22:00,49733200393,-49708753167737660593264,276319,276319,276319,276319,49733200393,0,50646993529551700890671
2026-07-10 14:25:00,-58310000000,58280744018041464582102,276319,276319,276319,276319,0,58280744018041464582102,50646993529551700890671
2026-07-10 14:27:00,67989486261,-67956066317000000000000,276319,276319,276319,276319,67989486261,0,50646993529551700890671
2026-07-10 14:28:00,1121692343,-1121142509528064323915,276319,276319,276319,276319,1121692343,0,50646993529551700890671
2026-07-10 14:29:00,111656636369,-111602152721000000000000,276319,276319,276319,276319,111656636369,0,50646993529551700890671
2026-07-10 14:30:00,102001198224,-101951856000000000000000,276319,276319,276319,276319,102001198224,0,50646993529551700890671
2026-07-10 14:31:00,60893670840,-60864409747000000000000,276319,276319,276319,276319,60893670840,0,50646993529551700890671
2026-07-10 14:33:00,12261716362,-12255841966657244233728,276319,276319,276319,276319,12261716362,0,50646993529551700890671
2026-07-10 14:35:00,126466079288,-126405837532000000000000,276319,276319,276319,276319,126466079288,0,50646993529551700890671
2026-07-10 14:36:00,1742803698,-1741977928362727088395,276319,276319,276319,276319,1742803698,0,50646993529551700890671
2026-07-10 14:37:00,45720161245,-45698541046000000000000,276319,276319,276319,276319,45720161245,0,50646993529551700890671
2026-07-10 14:38:00,-86687500000,86645570589787799311900,276319,276319,276319,276319,0,86645570589787799311900,50646993529551700890671
2026-07-10 14:40:00,56145561452,-56118932063492163926363,276319,276319,276319,276319,56145561452,0,50646993529551700890671
2026-07-10 14:41:00,15117037539,-15109888905577186197504,276319,276319,276319,276319,15117037539,0,50646993529551700890671
2026-07-10 14:42:00,60028096072,-59999798631034001525129,276319,276319,276319,276319,60028096072,0,50646993529551700890671
2026-07-10 14:43:00,-369675941058,369495721112153345348303,276319,276319,276319,276319,0,369495721112153345348303,50646993529551700890671
2026-07-10 14:46:00,4420547214,-4418404490000000000000,276319,276319,276319,276319,4420547214,0,50646993529551700890671
2026-07-10 14:48:00,4470634202,-4468467984809233396106,276319,276319,276319,276319,4470634202,0,50646993529551700890671
2026-07-10 14:51:00,-41989023428,41968059110796191308037,276319,276319,276319,276319,16810898172,58770779719796191308037,50646993529551700890671
2026-07-10 14:52:00,51734775981,-51709679868052712231425,276319,276319,276319,276319,51734775981,0,50646993529551700890671
2026-07-10 14:53:00,6239525490,-6236505885000000000000,276319,276319,276319,276319,6239525490,0,50646993529551700890671
2026-07-10 14:54:00,-444937013,444717289999995325363,276319,276319,276319,276319,0,444717289999995325363,50646993529551700890671
2026-07-10 14:55:00,11889871643,-11884121609000000000000,276319,276319,276319,276319,11889871643,0,50646993529551700890671
2026-07-10 14:56:00,260787655177,-260662939271000000000000,276319,276319,276319,276319,260787655177,0,50646993529551700890671
2026-07-10 14:57:00,-83592570317,83552050747905541147014,276319,276319,276319,276319,0,83552050747905541147014,50646993529551700890671
2026-07-10 14:58:00,-119769493514,119710957461305452698109,276319,276319,276319,276319,0,119710957461305452698109,50646993529551700890671
2026-07-10 14:59:00,19456133617,-19446780602000000000000,276319,276319,276319,276319,19456133617,0,50646993529551700890671
2026-07-10 15:00:00,40134211263,-40114965002000000000000,276319,276319,276319,276319,40134211263,0,50646993529551700890671
2026-07-10 15:02:00,-147388035600,147315570973006924640999,276319,276319,276319,276319,0,147315570973006924640999,50646993529551700890671
2026-07-10 15:03:00,-197708341412,197609788684030868127128,276319,276319,276319,276319,154674628,197764388100219542652123,50646993529551700890671
2026-07-10 15:04:00,4822944155,-4820569926009815633214,276319,276319,276319,276319,4822944155,0,50646993529551700890671
2026-07-10 15:05:00,255405050,-255279345539590374197,276319,276319,276319,276319,255405050,0,50646993529551700890671
2026-07-10 15:06:00,-126599831200,126535940622365744559445,276319,276319,276319,276319,0,126535940622365744559445,50646993529551700890671
2026-07-10 15:08:00,-22000000000,21988832808777328180705,276318,276318,276318,276318,0,21988832808777328180705,50008098468266774173274
2026-07-10 15:11:00,6240014031,-6236907012000000000000,276318,276318,276318,276318,6240014031,0,50008098468266774173274
2026-07-10 15:12:00,32017376,-32001438795489301623,276318,276318,276318,276318,32017376,0,50008098468266774173274
2026-07-10 15:13:00,-35033923606,35016109285778994781144,276318,276318,276318,276318,0,35016109285778994781144,50008098468266774173274
2026-07-10 15:14:00,-50267403562,50241757525815595945880,276318,276318,276318,276318,0,50241757525815595945880,50008098468266774173274
2026-07-10 15:16:00,-156607587,156527528286560309857,276318,276318,276318,276318,0,156527528286560309857,50008098468266774173274
2026-07-10 15:20:00,-280490832249,280345872512121516895274,276318,276318,276318,276318,0,280345872512121516895274,50008098468266774173274
2026-07-10 15:21:00,-12189920430,12182735040871694374902,276318,276318,276318,276318,81467913136,93608730326871694374902,50008098468266774173274
2026-07-10 15:22:00,127565103522,-127500000000000000000000,276318,276318,276318,276318,127565103522,0,50008098468266774173274
2026-07-10 15:24:00,176098676918,-176009872537000000000000,276318,276318,276318,276318,176098676918,0,50008098468266774173274
2026-07-10 15:26:00,307214797,-307070916522921563340,276318,276318,276318,276318,1303790513,996066681191908803742,50008098468266774173274
2026-07-10 15:27:00,-160369456644,160287033805150421440467,276318,276318,276318,276318,0,160287033805150421440467,50008098468266774173274
2026-07-10 15:28:00,-7412657063,7408821559869357090235,276318,276318,276318,276318,87332937,7496110178598764754904,50008098468266774173274
2026-07-10 15:30:00,-90491452744,90444463726584119521826,276318,276318,276318,276318,0,90444463726584119521826,50008098468266774173274
2026-07-10 15:31:00,88307765752,-88262789421039760964374,276318,276318,276318,276318,88307765752,0,50008098468266774173274
2026-07-10 15:33:00,2501325689,-2500056269739826676105,276318,276318,276318,276318,2501325689,0,50008098468266774173274
2026-07-10 15:34:00,77376697546,-77337552454412607092278,276318,276318,276318,276318,77376697546,0,50008098468266774173274
2026-07-10 15:36:00,1682959926,-1682111172086620188626,276318,276318,276318,276318,1682959926,0,50008098468266774173274
2026-07-10 15:37:00,100050254274,-100000000000000000000000,276318,276318,276318,276318,100050254274,0,50008098468266774173274
2026-07-10 15:39:00,73604223404,-73567508112021494218459,276319,276318,276318,276319,73604223404,0,50646993529551700890671
2026-07-10 15:40:00,19801037686,-19792143668910609091624,276319,276319,276319,276319,114480263195,94631441168604143467462,50646993529551700890671
2026-07-10 15:42:00,-119769389172,119708432819647287478121,276318,276318,276318,276318,0,119708432819647287478121,50008098468266774173274
2026-07-10 15:43:00,-36299951600,36281363665203972059624,276318,276318,276318,276318,0,36281363665203972059624,50008098468266774173274
2026-07-10 15:44:00,-101150985610,101098911924885214742558,276318,276318,276318,276318,0,101098911924885214742558,50008098468266774173274
2026-07-10 15:45:00,194651632683,-194553732992885214742557,276318,276318,276318,276318,194651632683,0,50008098468266774173274
2026-07-10 15:46:00,30020134390,-30005170587811009337203,276318,276318,276318,276318,30020134390,0,50008098468266774173274
2026-07-10 15:49:00,11946272,-11940324570279878800,276318,276318,276318,276318,11946272,0,50008098468266774173274
2026-07-10 15:53:00,306793979194,-306643097594000000000000,276319,276319,276319,276319,306793979194,0,50646993529551700890671
2026-07-10 15:57:00,410349549,-410150225870581381450,276319,276319,276319,276319,410349549,0,50646993529551700890671
2026-07-10 16:01:00,-9200016127,9195453760911619355679,276319,276319,276319,276319,0,9195453760911619355679,50646993529551700890671
2026-07-10 16:02:00,166261448481,-166181175055000000000000,276319,276319,276319,276319,166261448481,0,50646993529551700890671
2026-07-10 16:03:00,-325141477938,324980225897879252805130,276319,276319,276319,276319,0,324980225897879252805130,50646993529551700890671
2026-07-10 16:04:00,49951757241,-49927212018405827958495,276319,276319,276319,276319,49951757241,0,50646993529551700890671
2026-07-10 16:05:00,44121598515,-44100000000000000000000,276319,276319,276319,276319,44121598515,0,50646993529551700890671
2026-07-10 16:06:00,95080380464,-95034097610999999999999,276319,276319,276319,276319,95080380464,0,50646993529551700890671
2026-07-10 16:07:00,55902045250,-55875000000000000000000,276319,276319,276319,276319,55902045250,0,50646993529551700890671
2026-07-10 16:08:00,237359780057,-237246319463508630384167,276319,276319,276319,276319,237359780057,0,50646993529551700890671
2026-07-10 16:10:00,19991667577,-19982212850000000000000,276319,276319,276319,276319,19991667577,0,50646993529551700890671
2026-07-10 16:11:00,-179405265,179318694000000000000,276319,276319,276319,276319,0,179318694000000000000,50646993529551700890671
2026-07-10 16:12:00,-43324251244,43303308469954522032529,276319,276319,276319,276319,0,43303308469954522032529,50646993529551700890671
2026-07-10 16:13:00,-85751516203,85709845873122393141822,276319,276319,276319,276319,0,85709845873122393141822,50646993529551700890671
2026-07-10 16:17:00,-43325418591,43304254580086058672368,276319,276319,276319,276319,0,43304254580086058672368,50646993529551700890671
2026-07-10 16:19:00,-781330189,780947837161416608787,276319,276319,276319,276319,0,780947837161416608787,50646993529551700890671
2026-07-10 16:20:00,-1905606,1904672972072321739,276319,276319,276319,276319,0,1904672972072321739,50646993529551700890671
2026-07-10 16:21:00,105332196861,-105281931016100670011874,276319,276319,276319,276319,106272278426,939621494397120178856,50646993529551700890671
2026-07-10 16:22:00,23707352208,-23696097006654601664055,276319,276319,276319,276319,23707352208,0,50646993529551700890671
2026-07-10 16:23:00,100732269116,-100684693214999999999999,276319,276319,276319,276319,100732269116,0,50646993529551700890671
2026-07-10 16:24:00,287040894,-286905897254578497848,276319,276319,276319,276319,287040894,0,50646993529551700890671
2026-07-10 16:26:00,-216158619028,216053876818386993783468,276319,276319,276319,276319,0,216053876818386993783468,50646993529551700890671
2026-07-10 16:27:00,30000000,-29985635074744883114,276319,276319,276319,276319,30000000,0,50646993529551700890671
2026-07-10 16:32:00,40392164237,-40372855437623116223508,276319,276319,276319,276319,40392164237,0,50646993529551700890671
2026-07-10 16:41:00,264249766,-264123657992563239856,276319,276319,276319,276319,264249766,0,50646993529551700890671
2026-07-10 16:42:00,-56331549756,56304041226528579241537,276319,276319,276319,276319,0,56304041226528579241537,50646993529551700890671
2026-07-10 16:43:00,-65851863694,65818006806379751831760,276319,276319,276319,276319,154127971707,219871212845379751831760,50646993529551700890671
2026-07-10 16:45:00,56936208753,-56908826769528985747456,276319,276319,276319,276319,56936208753,0,50646993529551700890671
2026-07-10 16:46:00,29375913355,-29361835801754062106376,276319,276319,276319,276319,29375913355,0,50646993529551700890671
2026-07-10 16:47:00,89513697629,-89471010763999999999999,276319,276319,276319,276319,89513697629,0,50646993529551700890671
2026-07-10 16:48:00,-64485502926,64454138683036509852887,276319,276319,276319,276319,0,64454138683036509852887,50646993529551700890671
2026-07-10 16:50:00,414495127,-414513695627552505606,276319,276319,276319,276319,22079817806,21654748346197566048396,50646993529551700890671
2026-07-10 16:53:00,-36195088473,36176834678220387112927,276319,276319,276319,276319,57832109810,93981173123656962190395,50646993529551700890671
2026-07-10 16:54:00,81684250792,-81645250323000000000000,276319,276319,276319,276319,81684250792,0,50646993529551700890671
2026-07-10 16:55:00,49904316131,-49880619581077075213855,276319,276319,276319,276319,49994037134,89677412000000000000,50646993529551700890671
2026-07-10 16:56:00,-360054227,359880004890094050100,276319,276319,276319,276319,0,359880004890094050100,50646993529551700890671
2026-07-10 17:04:00,9761241073,-9756617226000000000000,276319,276319,276319,276319,9761241073,0,50646993529551700890671
2026-07-10 17:05:00,143558092005,-143490956692844385665865,276319,276319,276319,276319,186890136862,43311376447672722160098,50646993529551700890671
2026-07-10 17:06:00,-99283664431,99236028991332522891047,276319,276319,276319,276319,0,99236028991332522891047,50646993529551700890671
2026-07-10 17:07:00,117355409204,-117302953604586113604253,276319,276319,276319,276319,381044394788,263564546395413886395747,50646993529551700890671
2026-07-10 17:08:00,-328323534354,328164758043244026129637,276319,276319,276319,276319,0,328164758043244026129637,50646993529551700890671
2026-07-10 17:09:00,-220964774371,220855521750741101132575,276319,276319,276319,276319,0,220855521750741101132575,50646993529551700890671
2026-07-10 17:12:00,149765177564,-149692415024503013037584,276319,276319,276319,276319,149765177564,0,50646993529551700890671
2026-07-10 17:17:00,288149418319,-288011912255165297937760,276319,276319,276319,276319,288149418319,0,50646993529551700890671
2026-07-10 17:22:00,-57212151,57184601000000000000,276319,276319,276319,276319,0,57184601000000000000,50646993529551700890671
2026-07-10 17:27:00,-304874735,304727930400555876019,276319,276319,276319,276319,0,304727930400555876019,50646993529551700890671
2026-07-10 17:34:00,106307604405,-106257699840000000000000,276319,276319,276319,276319,106307604405,0,50646993529551700890671
2026-07-10 17:35:00,131589666,-131528169849840999212,276319,276319,276319,276319,131589666,0,50646993529551700890671
2026-07-10 17:39:00,96331959959,-96287146400378695877269,276319,276319,276319,276319,98575876014,2242853599621304122731,50646993529551700890671
2026-07-10 17:40:00,-41888926532,41869056367754106582500,276319,276319,276319,276319,1500000,41870555669977445690937,50646993529551700890671
2026-07-10 17:41:00,-50543011329,50518943910250805286066,276319,276319,276319,276319,0,50518943910250805286066,50646993529551700890671
2026-07-10 17:43:00,-440918218,440707818958652319930,276319,276319,276319,276319,0,440707818958652319930,50646993529551700890671
2026-07-10 17:44:00,-24922519510,24910614437591783833459,276319,276319,276319,276319,0,24910614437591783833459,50646993529551700890671
2026-07-10 17:47:00,14806665731,-14799737876064758300748,276319,276319,276319,276319,14806665731,0,50646993529551700890671
2026-07-10 17:48:00,-10864084462,10858893546204691134291,276319,276319,276319,276319,0,10858893546204691134291,50646993529551700890671
2026-07-10 17:49:00,-56918708916,56891436742653416854562,276319,276319,276319,276319,0,56891436742653416854562,50646993529551700890671
2026-07-10 17:50:00,-42884412269,42863780078266978083254,276319,276319,276319,276319,0,42863780078266978083254,50646993529551700890671
2026-07-10 17:52:00,-50000000000,49975852786814457831669,276319,276319,276319,276319,0,49975852786814457831669,50646993529551700890671
2026-07-10 17:53:00,-55071000000,55044289610738457736039,276319,276319,276319,276319,0,55044289610738457736039,50646993529551700890671
2026-07-10 17:54:00,-112500000000,112445063605048082064246,276319,276319,276319,276319,0,112445063605048082064246,50646993529551700890671
2026-07-10 17:56:00,-416040005,415835915217846839292,276319,276319,276319,276319,0,415835915217846839292,50646993529551700890671
2026-07-10 17:57:00,-40284542666,40264748680009799329881,276319,276319,276319,276319,0,40264748680009799329881,50646993529551700890671
2026-07-10 17:59:00,-10457010110,10451852061075575086620,276319,276319,276319,276319,948635383,11400029646622409482361,50646993529551700890671
2026-07-10 18:02:00,27082126570,-27069072111000000000000,276319,276319,276319,276319,27082126570,0,50646993529551700890671
2026-07-10 18:05:00,-1504000000,1503260749685823430538,276319,276319,276319,276319,0,1503260749685823430538,50646993529551700890671
2026-07-10 18:07:00,6607627066,-6604445977000000000000,276319,276319,276319,276319,6607627066,0,50646993529551700890671
2026-07-10 18:08:00,15912594694,-15904941013000000000000,276319,276319,276319,276319,15912594694,0,50646993529551700890671
2026-07-10 18:09:00,58213088417,-58185174071000000000000,276319,276319,276319,276319,58213088417,0,50646993529551700890671
2026-07-10 18:14:00,28355578210,-28342029572000000000000,276319,276319,276319,276319,28355578210,0,50646993529551700890671
2026-07-10 18:15:00,1500716176,-1500000000000000000000,276319,276319,276319,276319,1500716176,0,50646993529551700890671
2026-07-10 18:16:00,40292539,-40273391081375934447,276319,276319,276319,276319,48028461,7732151827890548840,50646993529551700890671
2026-07-10 18:19:00,-56745022364,56717299571592860885479,276319,276319,276319,276319,1382977636,58099614127952282295719,50646993529551700890671
2026-07-10 18:22:00,11705009278,-11699400238791140825928,276319,276319,276319,276319,11705009278,0,50646993529551700890671
2026-07-10 18:23:00,-6653254,6650000000000000000,276319,276319,276319,276319,0,6650000000000000000,50646993529551700890671
2026-07-10 18:26:00,-52579146914,52553383028613277569245,276319,276319,276319,276319,0,52553383028613277569245,50646993529551700890671
2026-07-10 18:28:00,3847285914,-3845435492000000000000,276319,276319,276319,276319,3847285914,0,50646993529551700890671
2026-07-10 18:30:00,-60915536935,60885561046542817576320,276319,276319,276319,276319,0,60885561046542817576320,50646993529551700890671
2026-07-10 18:31:00,35146486452,-35129524665000000000000,276319,276319,276319,276319,35146486452,0,50646993529551700890671
2026-07-10 18:32:00,3252239076,-3250672001000000000000,276319,276319,276319,276319,3252239076,0,50646993529551700890671
2026-07-10 18:35:00,330156912604,-330000000000000000000000,276319,276319,276319,276319,330156912604,0,50646993529551700890671
2026-07-10 18:39:00,-9592889694,9588283081924082219046,276319,276319,276319,276319,1222535750,10810245273015147264289,50646993529551700890671
2026-07-10 18:44:00,-64478609530,64447634094202642499217,276319,276319,276319,276319,0,64447634094202642499217,50646993529551700890671
2026-07-10 18:50:00,220102861281,-220000000000000000000000,276319,276319,276319,276319,220102861281,0,50646993529551700890671
2026-07-10 18:51:00,-86227987819,86187056542096757942324,276319,276319,276319,276319,0,86187056542096757942324,50646993529551700890671
2026-07-10 18:52:00,-43341913963,43321229332086184361082,276319,276319,276319,276319,0,43321229332086184361082,50646993529551700890671
2026-07-10 18:53:00,-21370067968,21359841964276826141153,276319,276319,276319,276319,0,21359841964276826141153,50646993529551700890671
2026-07-10 18:54:00,9507703243,-9503346123897397177462,276319,276319,276319,276319,19482245249,9969762820102602822538,50646993529551700890671
2026-07-10 18:55:00,-132186500863,132122896095301786818491,276319,276319,276319,276319,0,132122896095301786818491,50646993529551700890671
2026-07-10 18:58:00,-42887051633,42866267337521977451133,276319,276319,276319,276319,0,42866267337521977451133,50646993529551700890671
2026-07-10 18:59:00,43963279639,-43942414130573012626055,276319,276319,276319,276319,43963279639,0,50646993529551700890671
2026-07-10 19:02:00,-94556892106,94510668065229916163303,276319,276319,276319,276319,30682389318,125178540336229916163303,50646993529551700890671
2026-07-10 19:04:00,-340450831666,340282584845062772158631,276319,276319,276319,276319,0,340282584845062772158631,50646993529551700890671
2026-07-10 19:06:00,-72554700410,72518253513858583439617,276319,276319,276319,276319,0,72518253513858583439617,50646993529551700890671
2026-07-10 19:07:00,86972,-87078836372602840,276319,276319,276319,276319,15007410,14912921163627397160,50646993529551700890671
2026-07-10 19:08:00,50006686,-49981994991564876988,276319,276319,276319,276319,50006686,0,50646993529551700890671
2026-07-10 19:09:00,107548493380,-107495617237495344314249,276319,276319,276319,276319,107548493380,0,50646993529551700890671
2026-07-10 19:11:00,-21204295948,21193685221629505524596,276319,276319,276319,276319,983704052,22176907743164614005620,50646993529551700890671
2026-07-10 19:12:00,10562376304,-10557208019929304656498,276319,276319,276319,276319,11455058024,892235375070695343502,50646993529551700890671
2026-07-10 19:14:00,8423889422,-8419763560000000000000,276319,276319,276319,276319,8423889422,0,50646993529551700890671
2026-07-10 19:16:00,43730423327,-43709049991348754701862,276319,276319,276319,276319,43730423327,0,50646993529551700890671
2026-07-10 19:18:00,-3499693256,3497945570124165247218,276319,276319,276319,276319,500306744,3998008146623419657251,50646993529551700890671
2026-07-10 19:19:00,-5508334203,5505590229599690555462,276319,276319,276319,276319,10000000,5515585349327400130367,50646993529551700890671
2026-07-10 19:20:00,-17463317053,17454373086762399185526,276319,276319,276319,276319,23714342468,41157148246971352847256,50646993529551700890671
2026-07-10 19:23:00,1546732980,-1545976777624842956667,276319,276319,276319,276319,1546732980,0,50646993529551700890671
2026-07-10 19:25:00,-2158053261,2156976584817553022589,276319,276319,276319,276319,0,2156976584817553022589,50646993529551700890671
2026-07-10 19:30:00,57156022905,-57128140464984019817792,276319,276319,276319,276319,57156022905,0,50646993529551700890671
2026-07-10 19:32:00,-20374566875,20364438683442793296429,276319,276319,276319,276319,0,20364438683442793296429,50646993529551700890671
2026-07-10 19:33:00,-42694274458,42672996024378961759248,276319,276319,276319,276319,199613032,42872511407081221776281,50646993529551700890671
2026-07-10 19:37:00,-9431092613,9426377782505464916117,276319,276319,276319,276319,520320625,9946443877487676559076,50646993529551700890671
2026-07-10 19:38:00,-252000000,251874109996212847352,276319,276319,276319,276319,0,251874109996212847352,50646993529551700890671
2026-07-10 19:40:00,-6731036,6727673041040252874,276319,276319,276319,276319,0,6727673041040252874,50646993529551700890671
2026-07-10 19:41:00,29391878212,-29377523713760344704810,276319,276319,276319,276319,31187302651,1794527446154419127952,50646993529551700890671
2026-07-10 19:42:00,2396498709,-2395328339910954182944,276319,276319,276319,276319,2396498709,0,50646993529551700890671
2026-07-10 19:46:00,-1794781780,1793887350769302872207,276319,276319,276319,276319,0,1793887350769302872207,50646993529551700890671
2026-07-10 19:47:00,5181478397,-5178948344000000000000,276319,276319,276319,276319,5181478397,0,50646993529551700890671
2026-07-10 19:50:00,1175223000,-1174650847951122059664,276319,276319,276319,276319,1330017378,154717270043646962469,50646993529551700890671
2026-07-10 19:51:00,-163960059,163878384128203115272,276319,276319,276319,276319,0,163878384128203115272,50646993529551700890671
2026-07-10 20:01:00,-226739653584,226625690983383838272311,276319,276319,276319,276319,0,226625690983383838272311,50646993529551700890671
2026-07-10 20:06:00,16275651,-16267561484945897873,276319,276319,276319,276319,16275651,0,50646993529551700890671
2026-07-10 20:09:00,-20001220613,19991070332178658824826,276318,276318,276318,276318,0,19991070332178658824826,50008098468266774173274
2026-07-10 20:10:00,-20629135046,20618649390000757029146,276318,276318,276318,276318,0,20618649390000757029146,50008098468266774173274
2026-07-10 20:11:00,-46050883486,46027414763237973722760,276318,276318,276318,276318,0,46027414763237973722760,50008098468266774173274
2026-07-10 20:12:00,49907557,-49882576203266824960,276318,276318,276318,276318,49907557,0,50008098468266774173274
2026-07-10 20:13:00,-30000000000,29984665695223825120195,276318,276318,276318,276318,0,29984665695223825120195,50008098468266774173274
2026-07-10 20:16:00,361789094,-361607569698983179100,276318,276318,276318,276318,361789094,0,50008098468266774173274
2026-07-10 20:17:00,-13630000000,13623021428802109642999,276318,276318,276318,276318,0,13623021428802109642999,50008098468266774173274
2026-07-10 20:20:00,11995136106,-11989114086171337355811,276318,276318,276318,276318,11995136106,0,50008098468266774173274
2026-07-10 20:21:00,10305158,-10299986885690115093,276318,276318,276318,276318,10305158,0,50008098468266774173274
2026-07-10 20:23:00,1712961391,-1712101890517567990995,276318,276318,276318,276318,1712961391,0,50008098468266774173274
2026-07-10 20:24:00,10776369252,-10772452794562770583853,276318,276318,276318,276318,159656418128,148803438158437229416147,50008098468266774173274
2026-07-10 20:25:00,-192506518655,192407350695373902934778,276318,276318,276318,276318,0,192407350695373902934778,50008098468266774173274
2026-07-10 20:26:00,-305827634108,305667044612747081412833,276318,276318,276318,276318,0,305667044612747081412833,50008098468266774173274
2026-07-10 20:28:00,124420628923,-124356088467263799309643,276318,276318,276318,276318,124420628923,0,50008098468266774173274
2026-07-10 20:31:00,78518479712,-78478068373949034540598,276318,276318,276318,276318,78518479712,0,50008098468266774173274
2026-07-10 20:33:00,123937806133,-123874520069124777241859,276318,276318,276318,276318,123937806133,0,50008098468266774173274
2026-07-10 20:35:00,-1050000000,1049455924610116122400,276318,276318,276318,276318,0,1049455924610116122400,50008098468266774173274
2026-07-10 20:37:00,126755040461,-126690945462686937776128,276318,276318,276318,276318,126755040461,0,50008098468266774173274
2026-07-10 20:38:00,140396245545,-140326002180379151767690,276318,276318,276318,276318,140396245545,0,50008098468266774173274
2026-07-10 20:40:00,37857899820,-37839093163989559454896,276319,276319,276319,276319,37857899820,0,50646993529551700890671
2026-07-10 20:42:00,45533128758,-45510584195062379315200,276319,276319,276319,276319,45533128758,0,50646993529551700890671
2026-07-10 20:43:00,174087609446,-174002168761542078509056,276319,276319,276319,276319,174087609446,0,50646993529551700890671
2026-07-10 20:44:00,153386026210,-153311736718000000000000,276319,276319,276319,276319,153386026210,0,50646993529551700890671
2026-07-10 20:45:00,52108334841,-52083308469000000000000,276319,276319,276319,276319,52108334841,0,50646993529551700890671
2026-07-10 20:46:00,64855999096,-64825000000000000000000,276319,276319,276319,276319,64855999096,0,50646993529551700890671
2026-07-10 20:52:00,51454120912,-51429645564275109920768,276319,276319,276319,276319,51454120912,0,50646993529551700890671
2026-07-10 20:59:00,82965921817,-82926677189000000000000,276319,276319,276319,276319,82965921817,0,50646993529551700890671
2026-07-10 21:03:00,50023530925,-50000000000000000000000,276319,276319,276319,276319,50023530925,0,50646993529551700890671
2026-07-10 21:04:00,109378949675,-109327842140000000000000,276319,276319,276319,276319,109378949675,0,50646993529551700890671
2026-07-10 21:05:00,-43497708898,43477006273689526227151,276319,276319,276319,276319,0,43477006273689526227151,50646993529551700890671
2026-07-10 21:06:00,1882797640,-1882353576473758616719,276319,276319,276319,276319,45380672441,43477097435526241383280,50646993529551700890671
2026-07-10 21:07:00,-43498123576,43477349323868331094302,276319,276319,276319,276319,0,43477349323868331094302,50646993529551700890671
2026-07-10 21:08:00,1526864767,-1526150000000000000000,276319,276319,276319,276319,1571736237,44850000000000000000,50646993529551700890671
2026-07-10 21:09:00,-4965000,4962624630225929979,276319,276319,276319,276319,0,4962624630225929979,50646993529551700890671
2026-07-10 21:10:00,68301273542,-68269373784000000000000,276319,276319,276319,276319,68301273542,0,50646993529551700890671
2026-07-10 21:11:00,33440551108,-33425000000000000000000,276319,276319,276319,276319,33440551108,0,50646993529551700890671
2026-07-10 21:12:00,16908911,-16901059256493820428,276319,276319,276319,276319,16908911,0,50646993529551700890671
2026-07-10 21:13:00,35013306380,-34997071196000000000000,276319,276319,276319,276319,35013306380,0,50646993529551700890671
2026-07-10 21:15:00,100275914232,-100229923104650018476472,276319,276319,276319,276319,124061767672,23774708237349981523528,50646993529551700890671
2026-07-10 21:16:00,-65291307370,65260599440195931030925,276319,276319,276319,276319,0,65260599440195931030925,50646993529551700890671
2026-07-10 21:17:00,-106727596460,106676538551940140764275,276319,276319,276319,276319,49958485286,156611702617422646056342,50646993529551700890671
2026-07-10 21:18:00,-72466232182,72431647569246285140671,276319,276319,276319,276319,0,72431647569246285140671,50646993529551700890671
2026-07-10 21:20:00,-86531818943,86490250052104776905854,276319,276319,276319,276319,0,86490250052104776905854,50646993529551700890671
2026-07-10 21:21:00,47722484875,-47700000000422646056342,276319,276319,276319,276319,47722484875,0,50646993529551700890671
2026-07-10 21:22:00,51474151761,-51450000000000000000000,276319,276319,276319,276319,51474151761,0,50646993529551700890671
2026-07-10 21:23:00,125285322348,-125226975199000000000000,276319,276319,276319,276319,125285322348,0,50646993529551700890671
2026-07-10 21:25:00,184995320121,-184910297737000000000000,276319,276319,276319,276319,184995320121,0,50646993529551700890671
2026-07-10 21:26:00,-110093669822,110039575502062905083870,276319,276319,276319,276319,255960518540,365880986226189866041646,50646993529551700890671
2026-07-10 21:30:00,1290691483,-1290097428795022874911,276319,276319,276319,276319,1290691483,0,50646993529551700890671
2026-07-10 21:32:00,160000000,-159926362832220968297,276319,276319,276319,276319,160000000,0,50646993529551700890671
2026-07-10 21:34:00,-156749973071,156675780601233459843315,276319,276319,276319,276319,0,156675780601233459843315,50646993529551700890671
2026-07-10 21:36:00,-73297325,73262154918965788076,276319,276319,276319,276319,25000000,98250494563889862604,50646993529551700890671
2026-07-10 21:37:00,112830180025,-112777805230000000000000,276319,276319,276319,276319,112830180025,0,50646993529551700890671
2026-07-10 21:39:00,300184876,-300046202930833203435,276319,276319,276319,276319,300184876,0,50646993529551700890671
2026-07-10 21:40:00,12921766873,-12915800915000000000000,276319,276319,276319,276319,12921766873,0,50646993529551700890671
2026-07-10 21:41:00,-65311594091,65280719511272361577397,276319,276319,276319,276319,0,65280719511272361577397,50646993529551700890671
2026-07-10 21:42:00,-133864143105,133800335797733213688079,276319,276319,276319,276319,0,133800335797733213688079,50646993529551700890671
2026-07-10 21:44:00,-121584954191,121525959801311148929199,276319,276319,276319,276319,42745024321,164250959801311148929199,50646993529551700890671
2026-07-10 21:46:00,-9895244451,9890452268505403297539,276319,276319,276319,276319,0,9890452268505403297539,50646993529551700890671
2026-07-10 21:48:00,-32038136719,32022594418078737471875,276319,276319,276319,276319,0,32022594418078737471875,50646993529551700890671
2026-07-10 21:49:00,115967041824,-115912135192000000000000,276319,276319,276319,276319,115967041824,0,50646993529551700890671
2026-07-10 21:50:00,-189486064084,189394179765285957940671,276319,276319,276319,276319,0,189394179765285957940671,50646993529551700890671
2026-07-10 21:51:00,14606987523,-14600000000675844341745,276319,276319,276319,276319,14606987523,0,50646993529551700890671
2026-07-10 21:53:00,256735423196,-256614418957557292690143,276319,276319,276319,276319,300298198617,43541476055323775652284,50646993529551700890671
2026-07-10 21:54:00,-675506536759,675174679068435000605273,276319,276319,276319,276319,0,675174679068435000605273,50646993529551700890671
2026-07-10 21:55:00,-23379856767,23367648523947000043775,276319,276319,276319,276319,40018227543,63366014339865185098330,50646993529551700890671
2026-07-10 21:56:00,-88360769706,88315945436744765204524,276319,276318,276318,276319,149702354,88465573084292897276341,50646993529551700890671
2026-07-10 21:57:00,54962217293,-54934849598157795100518,276319,276318,276318,276319,54962217293,0,50646993529551700890671
2026-07-10 21:58:00,24619780823,-24607560559036309962752,276319,276319,276319,276319,24619780823,0,50646993529551700890671
2026-07-10 22:00:00,-164843578268,164759636881205953443130,276319,276318,276318,276319,1217779410,165976808648213016841925,50646993529551700890671
2026-07-10 22:01:00,84026953472,-83985218632059214490329,276318,276318,276318,276318,118309325414,34264781367940785509671,50008098468266774173274
2026-07-10 22:02:00,81190440130,-81150050660684691556336,276319,276318,276318,276319,81190440130,0,50646993529551700890671
2026-07-10 22:03:00,-305778175226,305621073665546578759091,276318,276318,276318,276318,56039293323,361631833027509260074639,50008098468266774173274
2026-07-10 22:06:00,95387424,-95338962397865404911,276318,276318,276318,276318,95387424,0,50008098468266774173274
2026-07-10 22:08:00,114949925748,-114891788982000000000000,276318,276318,276318,276318,114949925748,0,50008098468266774173274
2026-07-10 22:09:00,-43016296708,42994172784963477069234,276318,276318,276318,276318,0,42994172784963477069234,50008098468266774173274
2026-07-10 22:10:00,-126805054860,126739406849778690541096,276318,276318,276318,276318,0,126739406849778690541096,50008098468266774173274
2026-07-10 22:11:00,125490431701,-125426757281966830645722,276318,276318,276318,276318,129695357313,4202737680033169354278,50008098468266774173274
2026-07-10 22:12:00,68772092591,-68737441234000000000000,276318,276318,276318,276318,68772092591,0,50008098468266774173274
2026-07-10 22:17:00,372441125569,-372256736258999999999999,276319,276319,276319,276319,372441125569,0,50646993529551700890671
2026-07-10 22:18:00,14231937266,-14225000000000000000000,276319,276319,276319,276319,14231937266,0,50646993529551700890671
2026-07-10 22:20:00,30498786790,-30483947270000000000000,276319,276319,276319,276319,30498786790,0,50646993529551700890671
2026-07-10 22:21:00,9498600677,-9493986525000000000000,276319,276319,276319,276319,9498600677,0,50646993529551700890671
2026-07-10 22:22:00,-7430657362,7425858457232679011253,276319,276319,276319,276319,111587489655,118959408637232679011253,50646993529551700890671
2026-07-10 22:23:00,-44158218836,44136283504987467953418,276319,276319,276319,276319,0,44136283504987467953418,50646993529551700890671
2026-07-10 22:24:00,-2692339893,2691000000000000000000,276319,276319,276319,276319,0,2691000000000000000000,50646993529551700890671
2026-07-10 22:26:00,34726990327,-34710076852000000000000,276319,276319,276319,276319,34726990327,0,50646993529551700890671
2026-07-10 22:27:00,51502077364,-51477081352000000000000,276319,276319,276319,276319,51502077364,0,50646993529551700890671
2026-07-10 22:28:00,199396571,-199300000000000000000,276319,276319,276319,276319,199396571,0,50646993529551700890671
2026-07-10 22:29:00,238143184016,-238028966432000000000000,276319,276319,276319,276319,238143184016,0,50646993529551700890671
2026-07-10 22:30:00,-87342354,87300000000000000000,276319,276319,276319,276319,0,87300000000000000000,50646993529551700890671
2026-07-10 22:32:00,15495009641,-15487656329644654538564,276319,276319,276319,276319,15582406433,87354465355345461436,50646993529551700890671
2026-07-10 22:33:00,-37090598995,37072478426132898653431,276319,276319,276319,276319,13029184823,50095464285132898653431,50646993529551700890671
2026-07-10 22:36:00,-86433494539,86391358187002708668418,276319,276319,276319,276319,220104720,86611358187887829936787,50646993529551700890671
2026-07-10 22:37:00,42789975502,-42769725383890338172851,276319,276319,276319,276319,64607160175,21806528007581244112347,50646993529551700890671
2026-07-10 22:39:00,-40517332333,40497538728454753050069,276319,276319,276319,276319,935744957,41432836888454753050069,50646993529551700890671
2026-07-10 22:40:00,-29699960400,29685417029327415664428,276319,276319,276319,276319,0,29685417029327415664428,50646993529551700890671
2026-07-10 22:41:00,46103645010,-46081844733094635910443,276319,276319,276319,276319,76103645010,29985274370905364089557,50646993529551700890671
2026-07-10 22:42:00,52525076081,-52500000000000000000000,276319,276319,276319,276319,52525076081,0,50646993529551700890671
2026-07-10 22:43:00,-86657030310,86614734725348953077850,276319,276319,276319,276319,0,86614734725348953077850,50646993529551700890671
2026-07-10 22:44:00,-43636803960,43615393520589956946975,276319,276319,276319,276319,0,43615393520589956946975,50646993529551700890671
2026-07-10 22:47:00,-79375905285,79336292789217529473774,276319,276319,276319,276319,47421497482,126735000397217529473774,50646993529551700890671
2026-07-10 22:48:00,120860359569,-120802072933043014925249,276319,276319,276319,276319,120860359569,0,50646993529551700890671
2026-07-10 22:49:00,-53377768975,53351564330683563068437,276319,276319,276319,276319,0,53351564330683563068437,50646993529551700890671
2026-07-10 22:50:00,143310133369,-143242198177005486483683,276319,276319,276319,276319,216652062616,73306367279994513516317,50646993529551700890671
2026-07-10 22:51:00,-43322355476,43301249653656112335594,276319,276319,276319,276319,0,43301249653656112335594,50646993529551700890671
2026-07-10 22:52:00,45018607495,-44997126769000000000000,276319,276319,276319,276319,45018607495,0,50646993529551700890671
2026-07-10 22:54:00,-105693431834,105641817026908869940003,276319,276319,276319,276319,0,105641817026908869940003,50646993529551700890671
2026-07-10 22:55:00,-68401814353,68368175749055477900680,276319,276319,276319,276319,0,68368175749055477900680,50646993529551700890671
2026-07-10 22:58:00,118926920577,-118869785321928901447083,276319,276319,276319,276319,123259248441,4330191097071098552917,50646993529551700890671
2026-07-10 23:00:00,-13216598538,13210139628014919985485,276319,276319,276319,276319,0,13210139628014919985485,50646993529551700890671
2026-07-10 23:01:00,-393570721071,393375145629742675374055,276319,276319,276319,276319,7997408929,401368598636742675374055,50646993529551700890671
2026-07-10 23:03:00,76469008849,-76432749824308316718442,276319,276319,276319,276319,220436714621,143895919178937109009381,50646993529551700890671
2026-07-10 23:04:00,-57600000000,57571049854747437042535,276319,276319,276319,276319,0,57571049854747437042535,50646993529551700890671
2026-07-10 23:05:00,-1792687258,1791784140174231746696,276319,276319,276319,276319,0,1791784140174231746696,50646993529551700890671
2026-07-10 23:10:00,-2060777775,2059739442718435833782,276319,276319,276319,276319,0,2059739442718435833782,50646993529551700890671
2026-07-10 23:15:00,-2165397660,2164306433065789095907,276319,276319,276319,276319,0,2164306433065789095907,50646993529551700890671
2026-07-10 23:16:00,194913175,-194816891852626596046,276319,276319,276319,276319,194913175,0,50646993529551700890671
2026-07-10 23:22:00,162823278,-162742848306599966285,276319,276319,276319,276319,162823278,0,50646993529551700890671
2026-07-10 23:26:00,70409682562,-70375000000000000000000,276319,276319,276319,276319,70409682562,0,50646993529551700890671
2026-07-10 23:27:00,93103313004,-93057752322000000000000,276319,276319,276319,276319,93103313004,0,50646993529551700890671
2026-07-10 23:30:00,-320037157,319877931084139051798,276319,276319,276319,276319,0,319877931084139051798,50646993529551700890671
2026-07-10 23:35:00,138073209687,-138006270733000000000000,276319,276319,276319,276319,138073209687,0,50646993529551700890671
2026-07-10 23:40:00,99684189422,-99636329378000000000000,276319,276319,276319,276319,99684189422,0,50646993529551700890671
2026-07-10 23:41:00,29332170068,-29318161870000000000000,276319,276319,276319,276319,29332170068,0,50646993529551700890671
2026-07-10 23:42:00,315266562,-315116185000000000000,276319,276319,276319,276319,315266562,0,50646993529551700890671
2026-07-10 23:46:00,-329263393,329103047070416205758,276319,276319,276319,276319,0,329103047070416205758,50646993529551700890671
2026-07-10 23:49:00,21890079648,-21879647688000000000000,276319,276319,276319,276319,21890079648,0,50646993529551700890671
