timestamp,netAmount0,netAmount1,closeTick,openTick,lowestTick,highestTick,inAmount0,inAmount1,currentLiquidity
2026-02-26 00:01:00,-3876293091,3859551947384965980312,276325,276242,276242,276325,128785013992,132581603974499625492632,200059744540378135492
2026-02-26 00:05:00,-44465317,44473291344467145286,276325,276325,276325,276325,0,44473291344467145286,200059744540378135492
2026-02-26 00:06:00,-79944663,79958951364412025608,276325,276325,276325,276325,0,79958951364412025608,200059744540378135492
2026-02-26 00:07:00,2230650228,-2231219677738221545742,276325,276327,276325,276327,14674007924,12446628549772517180725,200059744540378135492
2026-02-26 00:09:00,-4956750000,4957621672306731733663,276325,276325,276325,276325,0,4957621672306731733663,200059744540378135492
2026-02-26 00:13:00,1863727771,-1864045337343432902597,276325,276325,276325,276325,1863727771,0,200059744540378135492
2026-02-26 00:15:00,-641170062,641273229646693825269,276325,276325,276325,276325,358829938,1000164709646693825269,200059744540378135492
2026-02-26 00:16:00,159850687,-159878517108645889732,276325,276325,276325,276325,159850687,0,200059744540378135492
2026-02-26 00:17:00,1087691253,-1087887404039345922224,276325,276325,276325,276325,1087691253,0,200059744540378135492
2026-02-26 00:18:00,-1301706946,1301927278550032514056,276325,276325,276325,276325,0,1301927278550032514056,200059744540378135492
2026-02-26 00:19:00,1128255221,-1135148662091201816304,276419,276427,276325,276427,93521158542,92455667835684218703813,4999993390435
2026-02-26 00:21:00,3369936042,-3370594036183370876621,276326,276325,276325,276326,3369936042,0,200059744540378135492
2026-02-26 00:22:00,-2854965284,2855501521129055603320,276325,276325,276325,276325,0,2855501521129055603320,200059744540378135492
2026-02-26 00:23:00,932062232,-932237659000000000000,276325,276325,276325,276325,932062232,0,200059744540378135492
2026-02-26 00:26:00,-392119837,386721893251646267754,276111,276325,276111,276325,128920697600,129244482858262697910634,2608724498254235202915
2026-02-26 00:28:00,2309679564,-2310147235059607376643,276326,276326,276326,276326,2309679564,0,200059744540378135492
2026-02-26 00:29:00,-1969381014,1963494074133059556441,276326,276276,276275,276326,130248138546,132148958789562065686463,200059744540378135492
2026-02-26 00:31:00,-156314769,156345002839642638170,276326,276326,276326,276326,0,156345002839642638170,200059744540378135492
2026-02-26 00:34:00,-332958696,329786450869101646181,276325,276325,276133,276325,129861296857,130128330800689387000165,200059744540378135492
2026-02-26 00:35:00,-1774480063,1556834397567665663253,276325,273869,273869,276325,129082988356,130576842324229343505685,200059744540378135492
2026-02-26 00:37:00,2308015634,-2308504446042331969620,276326,276326,276326,276326,4084194645,1776560019957668030380,200059744540378135492
2026-02-26 00:38:00,-554116741,554229148081849092367,276326,276326,276326,276326,0,554229148081849092367,200059744540378135492
2026-02-26 00:39:00,1863870587,-1864279539563743790169,276326,276326,276326,276326,1863870587,0,200059744540378135492
2026-02-26 00:40:00,-740252107,740411279694366068854,276326,276326,276326,276326,0,740411279694366068854,200059744540378135492
2026-02-26 00:43:00,-3238553900,3239185843891790667449,276325,276326,276325,276326,0,3239185843891790667449,200059744540378135492
2026-02-26 00:50:00,758361810,-758507972310021873778,276325,276325,276325,276325,758361810,0,200059744540378135492
2026-02-26 00:54:00,-399600000,399673736142119786273,276325,276325,276325,276325,0,399673736142119786273,200059744540378135492
2026-02-26 00:56:00,2907467372,-2908069410704160466338,276326,276326,276326,276326,2907467372,0,200059744540378135492
2026-02-26 00:57:00,-14856989,14860130943571078746,276326,276326,276326,276326,0,14860130943571078746,200059744540378135492
2026-02-26 00:58:00,-261697930,257841311395947116687,276127,276126,276126,276326,131843202622,132038708087598139472015,4999993390435
2026-02-26 00:59:00,-1986000,1986417283000151650,276326,276326,276326,276326,0,1986417283000151650,200059744540378135492
2026-02-26 01:00:00,-18658049,18661967307283064066,276326,276326,276326,276326,0,18661967307283064066,200059744540378135492
2026-02-26 01:01:00,117726833,-117752797382029217689,276326,276326,276326,276326,117726833,0,200059744540378135492
2026-02-26 01:02:00,-1020492927,1020703174337219769599,276326,276326,276326,276326,0,1020703174337219769599,200059744540378135492
2026-02-26 01:03:00,-1570500000,1570803217300763362961,276325,276325,276325,276325,0,1570803217300763362961,200059744540378135492
2026-02-26 01:04:00,-453856230,453939261946370424328,276325,276325,276325,276325,0,453939261946370424328,200059744540378135492
2026-02-26 01:06:00,-210668487,202872868225670485491,275701,275700,275700,276325,128793499230,128933406932895508995412,4999993390435
2026-02-26 01:07:00,-206500000,206536885975007462993,276325,276325,276325,276325,0,206536885975007462993,200059744540378135492
2026-02-26 01:09:00,903664461,-903838068717116639982,276325,276325,276325,276325,903664461,0,200059744540378135492
2026-02-26 01:11:00,202064699,-202104636000000000000,276325,276325,276325,276325,202064699,0,200059744540378135492
2026-02-26 01:13:00,-794127656,794274314956623225797,276325,276325,276325,276325,0,794274314956623225797,200059744540378135492
2026-02-26 01:14:00,-380481106,380549138530955974983,276325,276325,276325,276325,0,380549138530955974983,200059744540378135492
2026-02-26 01:17:00,1087683079,-1087892291030408095220,276325,276325,276325,276325,1087683079,0,200059744540378135492
2026-02-26 01:18:00,-1218515803,1215626335462712577213,276325,276325,276014,276325,128447390210,129599990018267830979773,200059744540378135492
2026-02-26 01:19:00,-1134889007,1135078418078294953457,276325,276325,276325,276325,411250097,1546399580094502373178,200059744540378135492
2026-02-26 01:20:00,1316168282,-1316407211513007379705,276325,276325,276325,276325,1329336038,13170100725501129604,200059744540378135492
2026-02-26 01:21:00,-24854790,24859210638357583875,276325,276325,276325,276325,0,24859210638357583875,200059744540378135492
2026-02-26 01:23:00,-423864297,423936982224568784128,276325,276325,276325,276325,176287752,600256933077553711058,200059744540378135492
2026-02-26 01:29:00,30857239,-30862907000000000000,276325,276325,276325,276325,30857239,0,200059744540378135492
2026-02-26 01:30:00,266672344,-266721723827596493836,276325,276325,276325,276325,266672344,0,200059744540378135492
2026-02-26 01:31:00,2337365643,-2337828883200863333309,276326,276326,276326,276326,2337365643,0,200059744540378135492
2026-02-26 01:32:00,-1056362820,1056563916496942704858,276325,276325,276325,276325,446181066,1502832916496942704858,200059744540378135492
2026-02-26 01:33:00,-4675808116,4676583981276916238975,276325,276325,276325,276325,0,4676583981276916238975,200059744540378135492
2026-02-26 01:34:00,10964021,-10965695000000000000,276325,276325,276325,276325,10964021,0,200059744540378135492
2026-02-26 01:35:00,3011224203,-3011732576315769965593,276325,276325,276325,276325,3343891203,332713905684230034407,200059744540378135492
2026-02-26 01:36:00,1120527927,-1120739011000000000000,276325,276325,276325,276325,1120527927,0,200059744540378135492
2026-02-26 01:40:00,1729606513,-1729956982219100060253,276326,276326,276326,276326,1729606513,0,200059744540378135492
2026-02-26 01:43:00,-3251814736,3243925544391916561876,264790,276226,264790,276326,258668612515,261785126171097058158036,4999993390435
2026-02-26 01:45:00,-129462326,129484863613530418526,276325,276325,276325,276325,0,129484863613530418526,200059744540378135492
2026-02-26 01:48:00,986209881,-986395661374633013289,276325,276325,276325,276325,986209881,0,200059744540378135492
2026-02-26 01:49:00,-185257864,185289646819519609557,276325,276325,276325,276325,200330992,385658793368376869701,200059744540378135492
2026-02-26 01:50:00,772147751,-772298564324816332419,276325,276325,276325,276325,772147751,0,200059744540378135492
2026-02-26 01:51:00,-732267000,732402844881724006302,276325,276325,276325,276325,0,732402844881724006302,200059744540378135492
2026-02-26 01:54:00,-1024947326,1025128426871172006745,276325,276325,276325,276325,3489319,1028618379661064554917,200059744540378135492
2026-02-26 01:57:00,-127896274,127918139124649984930,276325,276325,276325,276325,0,127918139124649984930,200059744540378135492
2026-02-26 01:58:00,9928290,-9930081349739813632,276325,276325,276325,276325,9928290,0,200059744540378135492
2026-02-26 02:00:00,-238127183,238166905120002101103,276325,276325,276325,276325,57641611,295818932961691117373,200059744540378135492
2026-02-26 02:01:00,1273033769,-1273268528923713830120,276325,276325,276325,276325,1273033769,0,200059744540378135492
2026-02-26 02:02:00,-987720801,987894475520317964123,276325,276325,276325,276325,0,987894475520317964123,200059744540378135492
2026-02-26 02:04:00,206156806,-206194311880533108563,276325,276325,276325,276325,206156806,0,200059744540378135492
2026-02-26 02:06:00,545615374,-545716688697406655766,276325,276325,276325,276325,545615374,0,200059744540378135492
2026-02-26 02:09:00,51143799,-51153448974096116152,276325,276325,276325,276325,51143799,0,200059744540378135492
2026-02-26 02:14:00,-18362493,18365776626432423503,276325,276325,276325,276325,0,18365776626432423503,200059744540378135492
2026-02-26 02:15:00,2087659191,-2088076752263090393180,276326,276325,276325,276326,2261398681,173774322018413693434,200059744540378135492
2026-02-26 02:16:00,-4955796184,4956662649923222786466,276325,276325,276325,276325,0,4956662649923222786466,200059744540378135492
2026-02-26 02:17:00,1855098301,-1855412440571503805588,276325,276325,276325,276325,1855098301,0,200059744540378135492
2026-02-26 02:19:00,5450482,-5451456000000000000,276325,276325,276325,276325,5450482,0,200059744540378135492
2026-02-26 02:20:00,2478226308,-2478700291467850614457,276326,276326,276326,276326,2527876308,49659616232222298136,200059744540378135492
2026-02-26 02:21:00,-122480744,122504361962210425896,276325,276325,276325,276325,0,122504361962210425896,200059744540378135492
2026-02-26 02:22:00,-766780315,766924766600859794632,276325,276325,276325,276325,0,766924766600859794632,200059744540378135492
2026-02-26 02:26:00,-499200000,499290883794210692386,276325,276325,276325,276325,0,499290883794210692386,200059744540378135492
2026-02-26 02:27:00,-1315947314,1316174949872021961664,276325,276325,276325,276325,0,1316174949872021961664,200059744540378135492
2026-02-26 02:28:00,-2141639,2141995062577485155,276325,276325,276325,276325,0,2141995062577485155,200059744540378135492
2026-02-26 02:32:00,291526355,-291578201099373889438,276325,276325,276325,276325,291526355,0,200059744540378135492
2026-02-26 02:34:00,2689118705,-2689637019578368440469,276326,276326,276326,276326,2689118705,0,200059744540378135492
2026-02-26 02:35:00,-231281733,231326838734426599516,276326,276326,276326,276326,0,231326838734426599516,200059744540378135492
2026-02-26 02:37:00,-86674628,86691392901629237908,276326,276326,276326,276326,0,86691392901629237908,200059744540378135492
2026-02-26 02:38:00,-950226175,950405061578993148618,276325,276325,276325,276325,0,950405061578993148618,200059744540378135492
2026-02-26 02:39:00,1250611172,-1250860997000000000000,276326,276326,276326,276326,1250611172,0,200059744540378135492
2026-02-26 02:41:00,-4118598697,4119321181698456393287,276325,276325,276325,276325,0,4119321181698456393287,200059744540378135492
2026-02-26 02:48:00,2439019812,-2439453548226879295412,276325,276325,276325,276325,2635878132,196888604773120704587,200059744540378135492
2026-02-26 02:49:00,-4650105995,4650830553923222966925,276325,276325,276325,276325,70768516,4721609433923222966925,200059744540378135492
2026-02-26 02:51:00,-988648704,988775029537118307138,276325,276325,276325,276325,0,988775029537118307138,200059744540378135492
2026-02-26 02:53:00,9225297,-9226523695356474882,276325,276325,276325,276325,9225297,0,200059744540378135492
2026-02-26 02:55:00,-496100000,496159752797111034178,276325,276325,276325,276325,0,496159752797111034178,200059744540378135492
2026-02-26 02:56:00,2011839234,-2012121815971387242725,276325,276325,276325,276325,2501382157,489611718028612757275,200059744540378135492
2026-02-26 02:57:00,-349387176,349434808786168743595,276325,276325,276325,276325,0,349434808786168743595,200059744540378135492
2026-02-26 02:58:00,-138522041,138540588174301529376,276325,276325,276325,276325,0,138540588174301529376,200059744540378135492
2026-02-26 03:01:00,-2045991527,2046243131286769576714,276325,276325,276325,276325,0,2046243131286769576714,200059744540378135492
2026-02-26 03:05:00,-20080827,20083088422153152021,276325,276325,276325,276325,0,20083088422153152021,200059744540378135492
2026-02-26 03:06:00,1081424733,-1081564980810854233287,276325,276325,276325,276325,1268895216,187491813149474814105,200059744540378135492
2026-02-26 03:07:00,-1039708691,1039831542862760844724,276325,276325,276325,276325,0,1039831542862760844724,200059744540378135492
2026-02-26 03:08:00,-34482889,34486777741153813892,276325,276325,276325,276325,0,34486777741153813892,200059744540378135492
2026-02-26 03:10:00,675628127,-675713254000000000000,276325,276325,276325,276325,675628127,0,200059744540378135492
2026-02-26 03:11:00,-525304625,485323735747490870009,274841,274841,274841,276325,122521412495,122942755528249152762617,4999993390435
2026-02-26 03:12:00,709972764,-710065409611300597611,276325,276325,276325,276325,709972764,0,200059744540378135492
2026-02-26 03:13:00,-35895793,35900237546371130987,276325,276325,276325,276325,0,35900237546371130987,200059744540378135492
2026-02-26 03:16:00,-265884618,265917148853567288716,276325,276325,276325,276325,0,265917148853567288716,200059744540378135492
2026-02-26 03:17:00,426564594,-426628007016370005371,276325,276325,276325,276325,1087753579,661274009353924298307,200059744540378135492
2026-02-26 03:18:00,-1031813348,1031937297942711091934,276325,276325,276325,276325,0,1031937297942711091934,200059744540378135492
2026-02-26 03:19:00,-74870071,74878650193418264845,276325,276325,276325,276325,0,74878650193418264845,200059744540378135492
2026-02-26 03:20:00,1673552362,-1673774258897448268126,276325,276325,276325,276325,1673552362,0,200059744540378135492
2026-02-26 03:21:00,87959055,-87971493805619176989,276325,276325,276325,276325,87959055,0,200059744540378135492
2026-02-26 03:23:00,-204568501,204595260968515068677,276325,276325,276325,276325,0,204595260968515068677,200059744540378135492
2026-02-26 03:24:00,-2617009478,2617314898610351425003,276325,276325,276325,276325,0,2617314898610351425003,200059744540378135492
2026-02-26 03:26:00,1547342165,-1547529950524527256795,276325,276325,276325,276325,1547342165,0,200059744540378135492
2026-02-26 03:27:00,1974475706,-1974750095000000000000,276325,276325,276325,276325,1974475706,0,200059744540378135492
2026-02-26 03:28:00,-787434807,787536024871088499352,276325,276325,276325,276325,500424311,1288036024871088499352,200059744540378135492
2026-02-26 03:30:00,-1333083705,1204562096200596036527,276325,276325,272807,276325,123021727345,124162245981378443863959,200059744540378135492
2026-02-26 03:31:00,-900000000,900105694481286001755,276325,276325,276325,276325,0,900105694481286001755,200059744540378135492
2026-02-26 03:32:00,126976731,-138114700857209452381,276125,276325,276124,276325,122747547975,122545508572026999515299,4999993390435
2026-02-26 03:33:00,820335721,-821670754000502149855,276325,276325,276309,276325,123406238295,122530354662509993110817,200059744540378135492
2026-02-26 03:34:00,-198300000,198325069096670299753,276325,276325,276325,276325,0,198325069096670299753,200059744540378135492
2026-02-26 03:35:00,-3509490787,3506680932825026201796,276324,276234,276234,276325,152497235268,155938750601564029651140,200059744540378135492
2026-02-26 03:36:00,411211602,-411259374122406339994,276325,276325,276324,276325,901210859,490045178877593660006,200059744540378135492
2026-02-26 03:39:00,-856188984,733274452153021296496,276304,273207,273207,276324,120057639965,120726557151287204509046,20016036860423295423
2026-02-26 03:40:00,4588634,-4589104000000000000,276324,276324,276324,276324,4588634,0,200059744540378135492
2026-02-26 03:41:00,331767964,-331802472000000000000,276325,276325,276325,276325,331767964,0,200059744540378135492
2026-02-26 03:42:00,1137673919,-1137800605000000000000,276325,276325,276325,276325,1137673919,0,200059744540378135492
2026-02-26 03:43:00,204983913,-205008115069696470939,276325,276325,276325,276325,204983913,0,200059744540378135492
2026-02-26 03:45:00,4951901459,-4952614258996399075508,276325,276325,276325,276325,4999653806,47757544655408278690,200059744540378135492
2026-02-26 03:46:00,-10247425873,9868763403502504924304,275446,276325,275446,276325,120971170752,130775786552335064913040,15764360452675961386339
2026-02-26 03:47:00,153604632,-153621823000000000000,276325,276325,276325,276325,153604632,0,200059744540378135492
2026-02-26 03:48:00,407607185,-407653945000000000000,276325,276325,276325,276325,407607185,0,200059744540378135492
2026-02-26 03:49:00,599928156,-600000000000000000000,276325,276325,276325,276325,599928156,0,200059744540378135492
2026-02-26 03:53:00,-68135284,68142942843958266889,276325,276325,276325,276325,0,68142942843958266889,200059744540378135492
2026-02-26 03:55:00,-11007156,11008388007958304280,276325,276325,276325,276325,0,11008388007958304280,200059744540378135492
2026-02-26 03:56:00,-702682209,702758412581920786897,276325,276325,276325,276325,0,702758412581920786897,200059744540378135492
2026-02-26 03:57:00,840912039,-841014700397063641415,276325,276325,276325,276325,1088272664,247388353232685871486,200059744540378135492
2026-02-26 03:58:00,-586380475,574881791094299034956,276325,275971,275971,276325,121873225893,122384072771581646210380,200059744540378135492
2026-02-26 03:59:00,-4964578,4965126101164561676,276325,276325,276325,276325,0,4965126101164561676,200059744540378135492
2026-02-26 04:00:00,-326261554,326297043738537302391,276325,276325,276325,276325,0,326297043738537302391,200059744540378135492
2026-02-26 04:02:00,943388681,-943564215588242963407,276325,276325,276325,276325,6998935155,6056435784411757036593,200059744540378135492
2026-02-26 04:04:00,-872418161,872516065054462881340,276325,276325,276325,276325,0,872516065054462881340,200059744540378135492
2026-02-26 04:05:00,-1527531704,1527684799731791966512,276325,276325,276325,276325,0,1527684799731791966512,200059744540378135492
2026-02-26 04:06:00,1766593872,-1771127895561126716189,275966,276325,275966,276325,126596746207,124762177554608574308103,3830850587425791833443
2026-02-26 04:08:00,-1815901,1816101872343740614,276325,276325,276325,276325,0,1816101872343740614,200059744540378135492
2026-02-26 04:10:00,219928782,-219955662000000000000,276325,276325,276325,276325,219928782,0,200059744540378135492
2026-02-26 04:11:00,-679553351,679628046007414966772,276325,276325,276325,276325,0,679628046007414966772,200059744540378135492
2026-02-26 04:14:00,4387303692,-4387911162691988266043,276325,276325,276325,276325,4389281231,1977836308011733957,200059744540378135492
2026-02-26 04:15:00,-10707250942,10631451183176745067073,276324,276325,276133,276325,119159611956,129726739251213426074177,200059744540378135492
2026-02-26 04:17:00,1087799444,-1087906887190892636227,276325,276325,276325,276325,1087799444,0,200059744540378135492
2026-02-26 04:18:00,388037978,-388079168000000000000,276325,276325,276325,276325,388037978,0,200059744540378135492
2026-02-26 04:19:00,312776763,-312811060000000000000,276325,276325,276325,276325,312776763,0,200059744540378135492
2026-02-26 04:20:00,52885899,-52891795000000000000,276325,276325,276325,276325,52885899,0,200059744540378135492
2026-02-26 04:22:00,70849280,-70857223000000000000,276325,276325,276325,276325,70849280,0,200059744540378135492
2026-02-26 04:26:00,2074028919,-2074318601826713004758,276325,276325,276325,276325,5568154119,3494616677871994009962,200059744540378135492
2026-02-26 04:27:00,210734435,-210762725802952989152,276325,276325,276325,276325,210734435,0,200059744540378135492
2026-02-26 04:28:00,-57022849,57029976630963244421,276325,276325,276325,276325,0,57029976630963244421,200059744540378135492
2026-02-26 04:29:00,-61921353,61929056671578459310,276325,276325,276325,276325,0,61929056671578459310,200059744540378135492
2026-02-26 04:30:00,-1120795180,1120927997757752309514,276325,276325,276325,276325,0,1120927997757752309514,200059744540378135492
2026-02-26 04:31:00,1499436148,-1499631673000000000000,276325,276325,276325,276325,1499436148,0,200059744540378135492
2026-02-26 04:33:00,-3021411639,3021752417771433338239,276325,276325,276325,276325,0,3021752417771433338239,200059744540378135492
2026-02-26 04:35:00,284027946,-284058934667184692710,276325,276325,276325,276325,284027946,0,200059744540378135492
2026-02-26 04:37:00,816310326,-816406777879363042585,276325,276325,276325,276325,1106005639,289727217610319238158,200059744540378135492
2026-02-26 04:39:00,-2577235477,2577482377666297807893,276324,276325,276324,276325,0,2577482377666297807893,200059744540378135492
2026-02-26 04:40:00,-898942902,899012599267963012812,276324,276324,276324,276324,79993318,979012599267963012812,200059744540378135492
2026-02-26 04:41:00,-905840864,905903729232164449619,276324,276324,276324,276324,0,905903729232164449619,200059744540378135492
2026-02-26 04:42:00,-1343918452,1343996606179246971285,276324,276324,276324,276324,0,1343996606179246971285,200059744540378135492
2026-02-26 04:45:00,2392083944,-2392259511000000000000,276324,276324,276324,276324,2392083944,0,200059744540378135492
2026-02-26 04:48:00,-2114348233,2114480632601669088786,276324,276324,276324,276324,457176715,2571697414601669088786,200059744540378135492
2026-02-26 04:49:00,631208026,-631250550000000000000,276324,276324,276324,276324,631208026,0,200059744540378135492
2026-02-26 04:50:00,499865055,-499901557000000000000,276324,276324,276324,276324,499865055,0,200059744540378135492
2026-02-26 04:52:00,200100533,-200115846000000000000,276324,276324,276324,276324,200100533,0,200059744540378135492
2026-02-26 04:55:00,355633375,-355668350809346763482,276324,276324,276324,276324,1032860537,677270596166785812346,200059744540378135492
2026-02-26 04:56:00,235563807,-235583184000000000000,276324,276324,276324,276324,235563807,0,200059744540378135492
2026-02-26 05:00:00,1100136329,-1100234168101922388038,276324,276324,276324,276324,1100136329,0,200059744540378135492
2026-02-26 05:03:00,-1140000000,1140089756004957047232,276324,276324,276324,276324,0,1140089756004957047232,200059744540378135492
2026-02-26 05:04:00,236346240,-236366145000000000000,276324,276324,276324,276324,236346240,0,200059744540378135492
2026-02-26 05:05:00,2528112059,-2528359907700072912593,276325,276325,276325,276325,2528112059,0,200059744540378135492
2026-02-26 05:06:00,-69208274,69215216597025957237,276325,276325,276325,276325,0,69215216597025957237,200059744540378135492
2026-02-26 05:07:00,-105973926,105984465254929671986,276325,276325,276325,276325,0,105984465254929671986,200059744540378135492
2026-02-26 05:10:00,-497625677,497673664708139930186,276325,276325,276325,276325,0,497673664708139930186,200059744540378135492
2026-02-26 05:11:00,1008430655,-1008540564355211470045,276325,276325,276325,276325,1008430655,0,200059744540378135492
2026-02-26 05:12:00,-3242253496,3242538234914305070528,276324,276324,276324,276324,0,3242538234914305070528,200059744540378135492
2026-02-26 05:13:00,-3000000000,3000169848800527534583,276324,276324,276324,276324,0,3000169848800527534583,200059744540378135492
2026-02-26 05:14:00,1246034154,-1246106237663850139979,276324,276324,276324,276324,1246034154,0,200059744540378135492
2026-02-26 05:16:00,165059544,-165070256984889058189,276324,276324,276324,276324,165059544,0,200059744540378135492
2026-02-26 05:18:00,120489358,-120497351067222460630,276324,276324,276324,276324,120489358,0,200059744540378135492
2026-02-26 05:21:00,206075243,-206089249000000000000,276324,276324,276324,276324,206075243,0,200059744540378135492
2026-02-26 05:22:00,1865474432,-1865620534390058904869,276324,276324,276324,276324,1865474432,0,200059744540378135492
2026-02-26 05:23:00,-865015242,865077046986764133515,276324,276324,276324,276324,161498784,1026588459058798016539,200059744540378135492
2026-02-26 05:32:00,232036500,-232055100000000000000,276324,276324,276324,276324,232036500,0,200059744540378135492
2026-02-26 05:33:00,-1555451,913124753699,276324,84046,83991,276324,192976632447,117897699740229931364302,200059744540378135492
2026-02-26 05:34:00,-398074286,398101879506373842150,276324,276324,276324,276324,0,398101879506373842150,200059744540378135492
2026-02-26 05:35:00,1883717560,-1883880967227324327173,276324,276324,276324,276324,1883717560,0,200059744540378135492
2026-02-26 05:36:00,-14087623,14088835275639625188,276324,276324,276324,276324,0,14088835275639625188,200059744540378135492
2026-02-26 05:37:00,-2861923478,2862128719590855456943,276324,276324,276324,276324,0,2862128719590855456943,200059744540378135492
2026-02-26 05:39:00,19998649,-20000000000000000000,276324,276324,276324,276324,19998649,0,200059744540378135492
2026-02-26 05:40:00,457576707,-457608690000000000000,276324,276324,276324,276324,457576707,0,200059744540378135492
2026-02-26 05:41:00,9028474,-9029127000000000000,276324,276324,276324,276324,9028474,0,200059744540378135492
2026-02-26 05:43:00,385189816,-385218397000000000000,276324,276324,276324,276324,385189816,0,200059744540378135492
2026-02-26 05:48:00,2837810517,-2838066804947869269197,276325,276324,276324,276325,2837810517,0,200059744540378135492
2026-02-26 05:49:00,-1500000000,1500130498251552227640,276324,276324,276324,276324,0,1500130498251552227640,200059744540378135492
2026-02-26 05:50:00,-2035534060,2035675171903101809024,276324,276324,276324,276324,0,2035675171903101809024,200059744540378135492
2026-02-26 05:52:00,473540946,-473574813000000000000,276324,276324,276324,276324,473540946,0,200059744540378135492
2026-02-26 05:53:00,1037181386,-1037263396000000000000,276324,276324,276324,276324,1037181386,0,200059744540378135492
2026-02-26 05:58:00,-223969506,223985885508484135544,276324,276324,276324,276324,0,223985885508484135544,200059744540378135492
2026-02-26 06:01:00,206471509,-206488656000000000000,276324,276324,276324,276324,206471509,0,200059744540378135492
2026-02-26 06:02:00,-1432162071,1432257908293721537610,276324,276324,276324,276324,0,1432257908293721537610,200059744540378135492
2026-02-26 06:03:00,93417307,-93425302202641433753,276324,276324,276324,276324,236764307,143355519797358566247,200059744540378135492
2026-02-26 06:04:00,28366515,-28368524464984453193,276324,276324,276324,276324,28366515,0,200059744540378135492
2026-02-26 06:05:00,1008670334,-1008747037422048149957,276324,276324,276324,276324,1011047719,2377529824444034261,200059744540378135492
2026-02-26 06:06:00,-131777573,131786850417131779028,276324,276324,276324,276324,0,131786850417131779028,200059744540378135492
2026-02-26 06:09:00,-238174476,238190803578146129876,276324,276324,276324,276324,0,238190803578146129876,200059744540378135492
2026-02-26 06:10:00,-615456529,615496093679097630922,276324,276324,276324,276324,0,615496093679097630922,200059744540378135492
2026-02-26 06:12:00,96275670,-96282572923850195518,276324,276324,276324,276324,96275670,0,200059744540378135492
2026-02-26 06:13:00,65501357,-65506106501519454549,276324,276324,276324,276324,65501357,0,200059744540378135492
2026-02-26 06:15:00,146249171,-146259929254018773524,276324,276324,276324,276324,146249171,0,200059744540378135492
2026-02-26 06:16:00,-180797705,180808981657180048269,276324,276324,276324,276324,18239438,199049776391816257437,200059744540378135492
2026-02-26 06:17:00,1087831864,-1087916628897513195254,276324,276324,276324,276324,1087831864,0,200059744540378135492
2026-02-26 06:18:00,311324599,-311357023516396245293,276324,276324,276324,276324,909956744,598677325028914663697,200059744540378135492
2026-02-26 06:19:00,-269668091,269688348472607614480,276324,276324,276324,276324,0,269688348472607614480,200059744540378135492
2026-02-26 06:20:00,-17517796,17519086419437018181,276324,276324,276324,276324,0,17519086419437018181,200059744540378135492
2026-02-26 06:21:00,25180960,-25183069151813644911,276324,276324,276324,276324,25180960,0,200059744540378135492
2026-02-26 06:22:00,32108681,-32111378966210274163,276324,276324,276324,276324,32108681,0,200059744540378135492
2026-02-26 06:24:00,1649930243,-1650082732441339503890,276324,276324,276324,276324,1649930243,0,200059744540378135492
2026-02-26 06:26:00,-272936577,268813689810756983369,276324,276107,276107,276324,119758472635,119963019991167721167433,200059744540378135492
2026-02-26 06:27:00,-39720000,39723539454572032770,276324,276324,276324,276324,0,39723539454572032770,200059744540378135492
2026-02-26 06:29:00,-68423900,68429960079604634089,276324,276324,276324,276324,0,68429960079604634089,200059744540378135492
2026-02-26 06:30:00,-53326995,53331685860085342465,276324,276324,276324,276324,0,53331685860085342465,200059744540378135492
2026-02-26 06:33:00,-1031684874,1031770035723304484269,276324,276324,276324,276324,0,1031770035723304484269,200059744540378135492
2026-02-26 06:35:00,2528107024,-2528359907700072912593,276325,276325,276325,276325,2528107024,0,200059744540378135492
2026-02-26 06:36:00,-3222954,3223283951552822363,276325,276325,276325,276325,0,3223283951552822363,200059744540378135492
2026-02-26 06:37:00,-111481169,111492548042963028668,276325,276325,276325,276325,0,111492548042963028668,200059744540378135492
2026-02-26 06:38:00,-2343633292,2343843756837786293309,276324,276324,276324,276324,0,2343843756837786293309,200059744540378135492
2026-02-26 06:42:00,-795926875,795985858282570885537,276324,276324,276324,276324,0,795985858282570885537,200059744540378135492
2026-02-26 06:45:00,107734991,-107744782136286206639,276324,276324,276324,276324,217717798,109990698863713793361,200059744540378135492
2026-02-26 06:48:00,-990906392,990972041915067963149,276324,276324,276324,276324,0,990972041915067963149,200059744540378135492
2026-02-26 06:50:00,846224992,-846288908000000000000,276324,276324,276324,276324,846224992,0,200059744540378135492
2026-02-26 06:56:00,657308387,-657362975000000000000,276324,276324,276324,276324,657308387,0,200059744540378135492
2026-02-26 06:57:00,-855665109,855726761645931259938,276324,276324,276324,276324,0,855726761645931259938,200059744540378135492
2026-02-26 06:59:00,-228335234,228350448869260994589,276324,276324,276324,276324,0,228350448869260994589,200059744540378135492
2026-02-26 07:13:00,-398074286,398099564648278659210,276324,276324,276324,276324,0,398099564648278659210,200059744540378135492
2026-02-26 07:14:00,-439555687,439581279777012390084,276324,276324,276324,276324,47883102,487467792276306864476,200059744540378135492
2026-02-26 07:17:00,1087842567,-1087921499783535617013,276324,276324,276324,276324,1087842567,0,200059744540378135492
2026-02-26 07:19:00,-308268119,308288604153586150720,276324,276324,276324,276324,0,308288604153586150720,200059744540378135492
2026-02-26 07:24:00,-101630376,101636920702259470521,276324,276324,276324,276324,0,101636920702259470521,200059744540378135492
2026-02-26 07:25:00,-131652122,131660446846031556606,276324,276324,276324,276324,0,131660446846031556606,200059744540378135492
2026-02-26 07:29:00,263784744,-263804238000000000000,276324,276324,276324,276324,263784744,0,200059744540378135492
2026-02-26 07:32:00,52964268,-52968266000000000000,276324,276324,276324,276324,52964268,0,200059744540378135492
2026-02-26 07:33:00,844558782,-844626323000000000000,276324,276324,276324,276324,844558782,0,200059744540378135492
2026-02-26 07:34:00,5976237,-5976740730082687375,276324,276324,276324,276324,5976237,0,200059744540378135492
2026-02-26 07:39:00,-344000000,344024951030872076392,276324,276324,276324,276324,0,344024951030872076392,200059744540378135492
2026-02-26 07:47:00,-1228510507,1228589955655590733153,276324,276324,276324,276324,0,1228589955655590733153,200059744540378135492
2026-02-26 07:48:00,858108271,-858170759405700035692,276324,276324,276324,276324,858108271,0,200059744540378135492
2026-02-26 07:50:00,2566556555,-2566787611735577933182,276325,276325,276325,276325,2588280191,21725653283282507242,200059744540378135492
2026-02-26 07:51:00,-4097664829,4097961030523914402301,276324,276324,276324,276324,0,4097961030523914402301,200059744540378135492
2026-02-26 07:52:00,3390239047,-3390506030801064870706,276324,276324,276324,276324,3390239047,0,200059744540378135492
2026-02-26 07:54:00,-3455770052,3455988794362620657580,276324,276325,276324,276325,1770284821,5226435145886304355301,200059744540378135492
2026-02-26 07:55:00,4010135989,-4010461588681833776762,276324,276324,276324,276324,4010135989,0,200059744540378135492
2026-02-26 07:56:00,-542117921,538701825996494364411,276324,276232,276232,276324,119705526325,120179957054734649941755,200059744540378135492
2026-02-26 07:57:00,-605146775,605198374437573791394,276324,276324,276324,276324,0,605198374437573791394,200059744540378135492
2026-02-26 07:59:00,-866919291,866984837105806045827,276324,276324,276324,276324,199250158,1066253574105806045827,200059744540378135492
2026-02-26 08:01:00,-348350452,348375070630958954839,276324,276324,276324,276324,40439369,388817670630958954839,200059744540378135492
2026-02-26 08:02:00,102287431,-102295676000000000000,276324,276324,276324,276324,102287431,0,200059744540378135492
2026-02-26 08:04:00,51154429,-51158592000000000000,276324,276324,276324,276324,51154429,0,200059744540378135492
2026-02-26 08:09:00,332271001,-332298676000000000000,276324,276324,276324,276324,332271001,0,200059744540378135492
2026-02-26 08:10:00,-579758119,579799890620818687069,276324,276324,276324,276324,0,579799890620818687069,200059744540378135492
2026-02-26 08:12:00,-503737125,503770690723287460553,276324,276324,276324,276324,0,503770690723287460553,200059744540378135492
2026-02-26 08:14:00,395969868,-396000000000000000000,276324,276324,276324,276324,395969868,0,200059744540378135492
2026-02-26 08:15:00,-429354182,429382488422242016491,276324,276324,276324,276324,0,429382488422242016491,200059744540378135492
2026-02-26 08:18:00,10409452,-10410220580578966860,276324,276324,276324,276324,10409452,0,200059744540378135492
2026-02-26 08:21:00,477606651,-477643081000000000000,276324,276324,276324,276324,477606651,0,200059744540378135492
2026-02-26 08:24:00,-199037143,199050610296349244755,276324,276324,276324,276324,0,199050610296349244755,200059744540378135492
2026-02-26 08:27:00,1438202,-1438313043050358665,276324,276324,276324,276324,1438202,0,200059744540378135492
2026-02-26 08:28:00,499526484,-499566038686886531730,276324,276324,276324,276324,499526484,0,200059744540378135492
2026-02-26 08:29:00,-6512999,6513465204772403221,276324,276324,276324,276324,0,6513465204772403221,200059744540378135492
2026-02-26 08:33:00,-16867586,16868791886020971354,276324,276324,276324,276324,0,16868791886020971354,200059744540378135492
2026-02-26 08:35:00,-180836394,180846737372074006121,276324,276324,276324,276324,241126199,421991849372074006121,200059744540378135492
2026-02-26 08:36:00,310870046,-310895287460220696349,276324,276324,276324,276324,310870046,0,200059744540378135492
2026-02-26 08:37:00,627723334,-627777246994602949406,276324,276324,276324,276324,627723334,0,200059744540378135492
2026-02-26 08:38:00,-2122817734,2122956910717379264569,276324,276324,276324,276324,604263777,2727268131229467850640,200059744540378135492
2026-02-26 08:39:00,417621878,-417651065016725421904,276324,276324,276324,276324,417621878,0,200059744540378135492
2026-02-26 08:40:00,326770294,-326794347563482996838,276324,276324,276324,276324,326770294,0,200059744540378135492
2026-02-26 08:41:00,5471095,-5471507000000000000,276324,276324,276324,276324,5471095,0,200059744540378135492
2026-02-26 08:42:00,40003450,-40006471000000000000,276324,276324,276324,276324,40003450,0,200059744540378135492
2026-02-26 08:46:00,-8870966,8871547744681379943,276324,276324,276324,276324,0,8871547744681379943,200059744540378135492
2026-02-26 08:47:00,-68002917,68007354357246329631,276324,276324,276324,276324,0,68007354357246329631,200059744540378135492
2026-02-26 08:48:00,-2196646447,2196764945800921338567,276324,276324,276324,276324,0,2196764945800921338567,200059744540378135492
2026-02-26 08:49:00,260538423,-260552562000000000000,276324,276324,276324,276324,260538423,0,200059744540378135492
2026-02-26 08:50:00,969790183,-969852463276974529760,276324,276324,276324,276324,1338261752,368487680968925009363,200059744540378135492
2026-02-26 08:51:00,1479906676,-1480014213874664813270,276324,276324,276324,276324,1479906676,0,200059744540378135492
2026-02-26 08:56:00,473935115,-473974183000000000000,276324,276324,276324,276324,473935115,0,200059744540378135492
2026-02-26 08:59:00,183959788,-183975558000000000000,276324,276324,276324,276324,183959788,0,200059744540378135492
2026-02-26 09:00:00,109642975,-109652535000000000000,276324,276324,276324,276324,109642975,0,200059744540378135492
2026-02-26 09:02:00,488638432,-541572726967921309089,276324,276343,276324,278369,101689209973,101264483614796962433631,200059744540378135492
2026-02-26 09:04:00,-85875689,85880551906119757092,276324,276324,276324,276324,199888311,285786549906119757092,200059744540378135492
2026-02-26 09:06:00,-241204352,233847231561800815911,276324,275808,275808,276324,118657151627,118826626467926248985895,200059744540378135492
2026-02-26 09:09:00,-248247778,248266908620279738864,276324,276324,276324,276324,0,248266908620279738864,200059744540378135492
2026-02-26 09:10:00,-700662705,700713377654264888645,276324,276324,276324,276324,0,700713377654264888645,200059744540378135492
2026-02-26 09:11:00,99326121,-99334000000000000000,276324,276324,276324,276324,99326121,0,200059744540378135492
2026-02-26 09:12:00,-1670050987,1670153634120311064786,276324,276324,276324,276324,0,1670153634120311064786,200059744540378135492
2026-02-26 09:13:00,2434654090,-2434839627806794005880,276324,276324,276324,276324,2658543520,223901070855200119778,200059744540378135492
2026-02-26 09:14:00,-986591712,986663263660541436537,276324,276324,276324,276324,0,986663263660541436537,200059744540378135492
2026-02-26 09:17:00,1087840915,-1087931241621005233225,276324,276324,276324,276324,1087840915,0,200059744540378135492
2026-02-26 09:18:00,-2323187308,2323342625601164533450,276324,276324,276324,276324,0,2323342625601164533450,200059744540378135492
2026-02-26 09:19:00,-5148641236,5148789870803195909747,276324,276324,276324,276324,327742823,5476536669981510791486,200059744540378135492
2026-02-26 09:20:00,4999806198,-5000000000000000000000,276324,276324,276324,276324,4999806198,0,200059744540378135492
2026-02-26 09:21:00,-305655457,305671419628628314533,276324,276324,276324,276324,0,305671419628628314533,200059744540378135492
2026-02-26 09:26:00,1014775441,-1014842186029427831962,276324,276324,276324,276324,1014775441,0,200059744540378135492
2026-02-26 09:27:00,-1427603020,1427679691455896500769,276324,276324,276324,276324,0,1427679691455896500769,200059744540378135492
2026-02-26 09:28:00,324018375,-324038436080216163834,276324,276324,276324,276324,444469109,120456805534489539153,200059744540378135492
2026-02-26 09:30:00,343384117,-343405245495515694300,276324,276324,276324,276324,343384117,0,200059744540378135492
2026-02-26 09:31:00,-381415226,381434805905851711220,276324,276324,276324,276324,0,381434805905851711220,200059744540378135492
2026-02-26 09:38:00,1886750762,-1886905450934112185000,276324,276324,276324,276324,4362617860,2476005449906512630300,200059744540378135492
2026-02-26 09:39:00,419070334,-419109831601901106925,276324,276324,276324,276324,999869934,580843385172419556194,200059744540378135492
2026-02-26 09:40:00,-39671766,39674633071292460604,276324,276324,276324,276324,0,39674633071292460604,200059744540378135492
2026-02-26 09:42:00,-1062906096,1062977069217360071922,276324,276324,276324,276324,0,1062977069217360071922,200059744540378135492
2026-02-26 09:43:00,80669097,-80674894500553180221,276324,276324,276324,276324,80669097,0,200059744540378135492
2026-02-26 09:44:00,-180160397,180171451641668262932,276324,276324,276324,276324,0,180171451641668262932,200059744540378135492
2026-02-26 09:45:00,50504691,-50508263154704525183,276324,276324,276324,276324,50504691,0,200059744540378135492
2026-02-26 09:46:00,-605123559,605151473938081548593,276324,276324,276324,276324,714876441,1320076488750177182542,200059744540378135492
2026-02-26 09:47:00,424261697,-424290140670250112197,276324,276324,276324,276324,424261697,0,200059744540378135492
2026-02-26 09:49:00,-57974737,57978150019596864107,276324,276324,276324,276324,0,57978150019596864107,200059744540378135492
2026-02-26 09:55:00,274337305,-274356497306698778272,276324,276324,276324,276324,274337305,0,200059744540378135492
2026-02-26 09:56:00,18768375,-18773042814657911025,276324,276324,276324,276324,351268375,332520865833404679323,200059744540378135492
2026-02-26 09:57:00,-2453282553,2453403375441271324837,276324,276324,276324,276324,0,2453403375441271324837,200059744540378135492
2026-02-26 10:00:00,706868590,-706904301851748082572,276324,276324,276324,276324,706868590,0,200059744540378135492
2026-02-26 10:02:00,859088297,-859138423913467105369,276324,276324,276324,276324,859088297,0,200059744540378135492
2026-02-26 10:03:00,-419397982,419415299800820600006,276324,276324,276324,276324,387816683,807253977725551859416,200059744540378135492
2026-02-26 10:05:00,1199901840,-1199979272417127133486,276324,276324,276324,276324,1209831840,9930520764454822722,200059744540378135492
2026-02-26 10:07:00,-8425500,8425357885223361059,276324,276324,276324,276324,65014830,73444789137272096962,200059744540378135492
2026-02-26 10:08:00,-623342175,623377858263752602111,276324,276324,276324,276324,0,623377858263752602111,200059744540378135492
2026-02-26 10:09:00,-549648500,549676741206976746940,276324,276324,276324,276324,0,549676741206976746940,200059744540378135492
2026-02-26 10:11:00,5360157,-5360472217987223593,276324,276324,276324,276324,5360157,0,200059744540378135492
2026-02-26 10:12:00,-2714114040,2714209359722007244374,276324,276324,276324,276324,0,2714209359722007244374,200059744540378135492
2026-02-26 10:13:00,556199157,-556218254045147629679,276324,276324,276324,276324,556199157,0,200059744540378135492
2026-02-26 10:15:00,725735325,-725764894000000000000,276324,276324,276324,276324,725735325,0,200059744540378135492
2026-02-26 10:17:00,1087881927,-1087936112572452622960,276324,276324,276324,276324,1087881927,0,200059744540378135492
2026-02-26 10:19:00,1308877472,-1308958347000000000000,276324,276324,276324,276324,1308877472,0,200059744540378135492
2026-02-26 10:21:00,1050560850,-1050640227066677474476,276324,276324,276324,276324,1257719402,207173026122522098785,200059744540378135492
2026-02-26 10:22:00,-694296072,694341453733912613469,276324,276324,276324,276324,0,694341453733912613469,200059744540378135492
2026-02-26 10:23:00,-47468926,47471852105127807503,276324,276324,276324,276324,0,47471852105127807503,200059744540378135492
2026-02-26 10:24:00,-145000000,145008800659483476179,276324,276324,276324,276324,0,145008800659483476179,200059744540378135492
2026-02-26 10:25:00,-2437505585,2437622059636698860162,276324,276324,276324,276324,0,2437622059636698860162,200059744540378135492
2026-02-26 10:27:00,2814860522,-2815028489702538983516,276324,276324,276324,276324,2814860522,0,200059744540378135492
2026-02-26 10:28:00,-9999500,10000136888378605567,276324,276324,276324,276324,0,10000136888378605567,200059744540378135492
2026-02-26 10:29:00,-4117246748,4117424038800423917840,276324,276324,276324,276324,0,4117424038800423917840,200059744540378135492
2026-02-26 10:30:00,3230766805,-3230944783957892176803,276324,276324,276324,276324,5316973660,2086342892438916962257,200059744540378135492
2026-02-26 10:31:00,988375826,-988444737686573346269,276324,276324,276324,276324,988375826,0,200059744540378135492
2026-02-26 10:32:00,-1488796100,1488881287323042032999,276324,276324,276324,276324,0,1488881287323042032999,200059744540378135492
2026-02-26 10:34:00,-3309976883,3193695228266677464110,276324,276324,275512,276324,113982511164,117111525510952330095195,200059744540378135492
2026-02-26 10:35:00,357688055,-357703527457038445153,276324,276324,276324,276324,357688055,0,200059744540378135492
2026-02-26 10:36:00,144934257,-144940891000000000000,276324,276324,276324,276324,144934257,0,200059744540378135492
2026-02-26 10:39:00,-30001,30001244730958091,276324,276324,276324,276324,0,30001244730958091,200059744540378135492
2026-02-26 10:41:00,479588705,-479612152164513991257,276324,276324,276324,276324,479588705,0,200059744540378135492
2026-02-26 10:42:00,624990679,-625024685465711944309,276324,276324,276324,276324,624990679,0,200059744540378135492
2026-02-26 10:43:00,-128101670,128107676648150998132,276324,276324,276324,276324,0,128107676648150998132,200059744540378135492
2026-02-26 10:44:00,-1327320,1327381020535058025,276324,276324,276324,276324,0,1327381020535058025,200059744540378135492
2026-02-26 10:45:00,-1254785252,1254835402517441802381,276324,276324,276324,276324,0,1254835402517441802381,200059744540378135492
2026-02-26 10:46:00,1168226607,-1168284475438240804529,276324,276324,276324,276324,1168226607,0,200059744540378135492
2026-02-26 10:48:00,-1336151984,1273311539221905942313,275234,276324,275234,276324,114638294953,115846948426681683158825,4999993390435
2026-02-26 10:49:00,-1245646461,1245686040306609848488,276324,276324,276324,276324,0,1245686040306609848488,200059744540378135492
2026-02-26 10:50:00,2608887199,-2609013967700072912593,276324,276324,276324,276324,2608887199,0,200059744540378135492
2026-02-26 10:51:00,-1004067,1004117856775481127,276324,276324,276324,276324,0,1004117856775481127,200059744540378135492
2026-02-26 10:52:00,885102720,-885161178595999355148,276324,276324,276324,276324,885102720,0,200059744540378135492
2026-02-26 10:53:00,-1204720520,1204786114662763741016,276324,276324,276324,276324,0,1204786114662763741016,200059744540378135492
2026-02-26 10:54:00,-2864978639,2865076348089975325403,276324,276324,276324,276324,0,2865076348089975325403,200059744540378135492
2026-02-26 10:57:00,2516107494,-2553768352293489393906,276324,276324,276324,276830,108229205012,105777221204081479925462,200059744540378135492
2026-02-26 10:58:00,922747377,-922795840594725436826,276324,276324,276324,276324,922747377,0,200059744540378135492
2026-02-26 11:00:00,-404407349,398809428374254280802,276324,276103,276103,276324,115338989731,115673191499679115010146,200059744540378135492
2026-02-26 11:01:00,-1277462225,1277511721866110845048,276324,276324,276324,276324,0,1277511721866110845048,200059744540378135492
2026-02-26 11:02:00,-1396500000,1396535443172412521094,276324,276324,276324,276324,0,1396535443172412521094,200059744540378135492
2026-02-26 11:03:00,539983206,-540000000000000000000,276324,276324,276324,276324,539983206,0,200059744540378135492
2026-02-26 11:05:00,167084667,-167090455000000000000,276324,276324,276324,276324,167084667,0,200059744540378135492
2026-02-26 11:06:00,199992706,-200000000000000000000,276324,276324,276324,276324,199992706,0,200059744540378135492
2026-02-26 11:10:00,-999273718,999296173954736897511,276324,276324,276324,276324,0,999296173954736897511,200059744540378135492
2026-02-26 11:11:00,993497242,-993529476000000000000,276324,276324,276324,276324,993497242,0,200059744540378135492
2026-02-26 11:12:00,1505329302,-1505396945553122630632,276324,276324,276324,276324,1505329302,0,200059744540378135492
2026-02-26 11:14:00,-840501980,840532533820266862329,276324,276324,276324,276324,160071474,1000612533820266862329,200059744540378135492
2026-02-26 11:15:00,16518731,-16519460195321623459,276324,276324,276324,276324,16518731,0,200059744540378135492
2026-02-26 11:16:00,884246267,-884289279257945905332,276324,276324,276324,276324,884246267,0,200059744540378135492
2026-02-26 11:17:00,846059858,-846110750672581535096,276324,276324,276324,276324,1087877357,241830249109740984032,200059744540378135492
2026-02-26 11:18:00,-5160311,5160576533442580012,276324,276324,276324,276324,0,5160576533442580012,200059744540378135492
2026-02-26 11:20:00,24991006,-24992546046002196606,276324,276324,276324,276324,24991006,0,200059744540378135492
2026-02-26 11:21:00,-24683134,24684406966566155349,276324,276324,276324,276324,0,24684406966566155349,200059744540378135492
2026-02-26 11:22:00,80832432,-80850414517561011360,276324,276324,276324,276324,1378681108,1297907058786639598432,200059744540378135492
2026-02-26 11:23:00,838620325,-838686822814341565903,276324,276324,276324,276324,1913427050,1074877004520334078908,200059744540378135492
2026-02-26 11:24:00,-649506888,649543603608964763205,276324,276324,276324,276324,57667588,707215283608964763205,200059744540378135492
2026-02-26 11:26:00,-679493619,679528119707304820998,276324,276324,276324,276324,0,679528119707304820998,200059744540378135492
2026-02-26 11:27:00,-1695693536,1683496853080212707287,276324,276097,276097,276324,115294773479,116913658201955663849431,200059744540378135492
2026-02-26 11:28:00,-342207404,342218886521823866842,276324,276324,276324,276324,4125054,346344128521823866842,200059744540378135492
2026-02-26 11:29:00,-1700000000,1700039898024141307653,276324,276324,276324,276324,0,1700039898024141307653,200059744540378135492
2026-02-26 11:32:00,2368860506,-2368947713000000000000,276324,276324,276324,276324,2368860506,0,200059744540378135492
2026-02-26 11:34:00,-269135164,269145204817652441020,276324,276324,276324,276324,0,269145204817652441020,200059744540378135492
2026-02-26 11:36:00,-93179220,93182527552723709879,276324,276324,276324,276324,0,93182527552723709879,200059744540378135492
2026-02-26 11:38:00,-5168145266,5168192801884461008849,276323,276324,276323,276324,0,5168192801884461008849,200049416117217715427
2026-02-26 11:39:00,1030348136,-1030347589582028215938,276324,276323,276323,276324,1128349137,97999835417971784062,200059744540378135492
2026-02-26 11:40:00,2313420369,-2313455602935729303193,276324,276324,276324,276324,2313420369,0,200059744540378135492
2026-02-26 11:41:00,-128358771,128355606183690054072,276324,276324,276324,276324,523668252,652039260183690054072,200059744540378135492
2026-02-26 11:42:00,8188838,-8189048000000000000,276324,276324,276324,276324,8188838,0,200059744540378135492
2026-02-26 11:43:00,683169693,-683189510370432267985,276324,276324,276324,276324,683169693,0,200059744540378135492
2026-02-26 11:44:00,980998795,-981035412138187976696,276324,276324,276324,276324,980998795,0,200059744540378135492
2026-02-26 11:45:00,-81184853,81187436501779204612,276324,276324,276324,276324,0,81187436501779204612,200059744540378135492
2026-02-26 11:46:00,35246920,-35248386755312746496,276324,276324,276324,276324,35246920,0,200059744540378135492
2026-02-26 11:47:00,-569295048,569301556436833603570,276324,276324,276324,276324,995554932,1564903027886717811929,200059744540378135492
2026-02-26 11:48:00,-117804245,117806170717180201898,276324,276324,276324,276324,107503875,225313741491027456298,200059744540378135492
2026-02-26 11:49:00,63976206,-63983761217289807448,276324,276324,276324,276324,593978054,530016787621416499899,200059744540378135492
2026-02-26 11:50:00,-959075597,959095492668826997886,276324,276324,276324,276324,0,959095492668826997886,200059744540378135492
2026-02-26 11:51:00,970723816,-970753720320900883607,276324,276324,276324,276324,970723816,0,200059744540378135492
2026-02-26 11:52:00,199992668,-200000000000000000000,276324,276324,276324,276324,199992668,0,200059744540378135492
2026-02-26 11:53:00,2138426325,-2138530141871397293930,276324,276324,276324,276324,2181555888,43130746154888270507,200059744540378135492
2026-02-26 11:54:00,-2572992951,2573086025439255580411,276324,276324,276324,276324,0,2573086025439255580411,200059744540378135492
2026-02-26 11:55:00,-918952263,918967469459474669813,276324,276324,276324,276324,199319645,1118291725459474669813,200059744540378135492
2026-02-26 11:58:00,356478939,-356488175000000000000,276324,276324,276324,276324,356478939,0,200059744540378135492
2026-02-26 11:59:00,257539997,-257547460000000000000,276324,276324,276324,276324,257539997,0,200059744540378135492
2026-02-26 12:01:00,-361257051,361263718241189158852,276324,276324,276324,276324,0,361263718241189158852,200059744540378135492
2026-02-26 12:02:00,321600632,-321609721000000000000,276324,276324,276324,276324,321600632,0,200059744540378135492
2026-02-26 12:04:00,-449409030,449416947888956394184,276324,276324,276324,276324,0,449416947888956394184,200059744540378135492
2026-02-26 12:05:00,2490966263,-2491087125143358695333,276324,276324,276324,276324,5154545701,2663718091191711118667,200059744540378135492
2026-02-26 12:06:00,127675396,-127682712047469964121,276324,276324,276324,276324,209082362,81410380952530035879,200059744540378135492
2026-02-26 12:08:00,-201980039,201988228060649033945,276324,276324,276324,276324,0,201988228060649033945,200059744540378135492
2026-02-26 12:09:00,-1142688678,1142727326281235793327,276324,276324,276324,276324,0,1142727326281235793327,200059744540378135492
2026-02-26 12:11:00,-948884519,948906023100419900321,276324,276324,276324,276324,66833341,1015741255100419900321,200059744540378135492
2026-02-26 12:12:00,236222078,-236229119477263346470,276324,276324,276324,276324,236222078,0,200059744540378135492
2026-02-26 12:13:00,-58751998,58753194578838797296,276324,276324,276324,276324,1750896,60504144988983507952,200059744540378135492
2026-02-26 12:14:00,21617933,-21619377183899265994,276324,276324,276324,276324,99995231,78378944322520618653,200059744540378135492
2026-02-26 12:15:00,-112731058,112733318054921740707,276324,276324,276324,276324,0,112733318054921740707,200059744540378135492
2026-02-26 12:16:00,-114151190,114153348171814777793,276324,276324,276324,276324,0,114153348171814777793,200059744540378135492
2026-02-26 12:17:00,-417049793,408153662973741552681,276324,276324,276219,276324,114098036575,114441518522730331494780,200059744540378135492
2026-02-26 12:18:00,-3486638390,3445197420863227983884,275540,276324,275539,276324,110037224013,113417654906351295952908,4999993390435
2026-02-26 12:19:00,2831508984,-2831555085000000000000,276324,276324,276324,276324,2831508984,0,200059744540378135492
2026-02-26 12:22:00,-82134555,82136199342778856747,276324,276324,276324,276324,0,82136199342778856747,200059744540378135492
2026-02-26 12:27:00,574923547,-574942970911095864430,276324,276324,276324,276324,649442897,74520917421132672934,200059744540378135492
2026-02-26 12:31:00,-930468145,930487414491997595533,276324,276324,276324,276324,0,930487414491997595533,200059744540378135492
2026-02-26 12:33:00,1472342520,-1472391725600000000000,276324,276324,276324,276324,1472342520,0,200059744540378135492
2026-02-26 12:34:00,203893855,-203902378000000000000,276324,276324,276324,276324,203893855,0,200059744540378135492
2026-02-26 12:35:00,-397200,397213020166281418,276324,276324,276324,276324,0,397213020166281418,200059744540378135492
2026-02-26 12:36:00,-175082570,175088161190467741915,276324,276324,276324,276324,0,175088161190467741915,200059744540378135492
2026-02-26 12:40:00,-1868299724,1868340309921620887091,276324,276324,276324,276324,0,1868340309921620887091,200059744540378135492
2026-02-26 12:41:00,454163442,-454174641263164309490,276324,276324,276324,276324,454163442,0,200059744540378135492
2026-02-26 12:43:00,402257233,-402268873000000000000,276324,276324,276324,276324,402257233,0,200059744540378135492
2026-02-26 12:44:00,-314971196,314970699117524039478,276324,276324,276324,276324,659733259,974726551117524039478,200059744540378135492
2026-02-26 12:45:00,223847823,-223854296457083454912,276324,276324,276324,276324,223847823,0,200059744540378135492
2026-02-26 12:47:00,816111174,-816139027928114360376,276324,276324,276324,276324,817112820,1001665071885639624,200059744540378135492
2026-02-26 12:49:00,479439823,-479459285000000000000,276324,276324,276324,276324,479439823,0,200059744540378135492
2026-02-26 12:54:00,-82726161,82728855384094984084,276324,276324,276324,276324,0,82728855384094984084,200059744540378135492
2026-02-26 12:57:00,-297467319,297476442817640995735,276324,276324,276324,276324,0,297476442817640995735,200059744540378135492
2026-02-26 12:58:00,-25371292,25372029149102774460,276324,276324,276324,276324,0,25372029149102774460,200059744540378135492
2026-02-26 13:03:00,-645599660,645612615145855040671,276324,276324,276324,276324,363952867,1009580315145855040671,200059744540378135492
2026-02-26 13:06:00,726040159,-729521053704305962664,276207,276324,276207,276324,115119431633,114325281126412960305496,14840497373141735339363
2026-02-26 13:08:00,-94114516,94109397717200164270,276324,276324,276324,276324,805885484,900024571517871311665,200059744540378135492
2026-02-26 13:09:00,-110523782,110527123019469527017,276324,276324,276324,276324,0,110527123019469527017,200059744540378135492
2026-02-26 13:10:00,-82917943,82920369220781478972,276324,276324,276324,276324,0,82920369220781478972,200059744540378135492
2026-02-26 13:11:00,-12263385,12231755191118622852,276324,276324,276324,276324,3198031880,3210339502191118622851,200059744540378135492
2026-02-26 13:12:00,1033980,-1034020514684825389,276324,276324,276324,276324,1033980,0,200059744540378135492
2026-02-26 13:13:00,99846192,-99850110471504922170,276324,276324,276324,276324,99846192,0,200059744540378135492
2026-02-26 13:14:00,-8951228,8951493538940436457,276324,276324,276324,276324,0,8951493538940436457,200059744540378135492
2026-02-26 13:16:00,-100000000,100002914771317609609,276324,276324,276324,276324,0,100002914771317609609,200059744540378135492
2026-02-26 13:17:00,1087902763,-1087950725557646290391,276324,276324,276324,276324,1087902763,0,200059744540378135492
2026-02-26 13:18:00,-3680149644,3680227397850532266995,276324,276324,276324,276324,0,3680227397850532266995,200059744540378135492
2026-02-26 13:19:00,99451027,-99452343494029391239,276324,276324,276324,276324,99451027,0,200059744540378135492
2026-02-26 13:20:00,2528293249,-2528359907700072912593,276324,276324,276324,276324,2528293249,0,200059744540378135492
2026-02-26 13:23:00,-729471130,729489626195835633571,276324,276324,276324,276324,0,729489626195835633571,200059744540378135492
2026-02-26 13:24:00,9929851,-9930166705428121587,276324,276324,276324,276324,9929851,0,200059744540378135492
2026-02-26 13:26:00,32961878,-32963124131199041242,276324,276324,276324,276324,52043114,19081649736313063827,200059744540378135492
2026-02-26 13:29:00,-402300000,402308096980923029975,276324,276324,276324,276324,0,402308096980923029975,200059744540378135492
2026-02-26 13:32:00,2181659925,-2181830549345671727550,276324,276323,276323,276324,10730031024,8548160702068579496159,200059744540378135492
2026-02-26 13:33:00,-1014405369,1014440727917144217150,276324,276324,276324,276324,0,1014440727917144217150,200059744540378135492
2026-02-26 13:35:00,-1419485470,1419517678601023019423,276324,276324,276324,276324,0,1419517678601023019423,200059744540378135492
2026-02-26 13:37:00,-520608169,520520093425428894420,276324,276323,276323,276324,9483668029,10003931943089414116052,200059744540378135492
2026-02-26 13:40:00,-2444798683,2444668803106262050563,276323,276324,276323,276324,12540164898,14985244394246094108419,200049416117217715427
2026-02-26 13:41:00,684064646,-692785230988301826953,276323,276580,276323,276581,111032478770,110412591294972967036198,200049416117217715427
2026-02-26 13:43:00,290727244,-290727630000000000000,276324,276324,276324,276324,290727244,0,200059744540378135492
2026-02-26 13:44:00,29700397,-29700484641426292108,276324,276324,276324,276324,29700397,0,200059744540378135492
2026-02-26 13:46:00,142064771,-142065309000000000000,276324,276324,276324,276324,142064771,0,200059744540378135492
2026-02-26 13:47:00,926991536,-927000000000000000000,276324,276324,276324,276324,926991536,0,200059744540378135492
2026-02-26 13:48:00,674068450,-674080000000000000000,276324,276324,276324,276324,674068450,0,200059744540378135492
2026-02-26 13:50:00,747691882,-747710007000000000000,276324,276324,276324,276324,747691882,0,200059744540378135492
2026-02-26 13:52:00,429706967,-429721556447653455879,276324,276324,276324,276324,593982212,164278443552346544121,200059744540378135492
2026-02-26 13:54:00,-1492176354,1492198458525203476456,276324,276324,276324,276324,0,1492198458525203476456,200059744540378135492
2026-02-26 13:55:00,867040585,-867059392000000000000,276324,276324,276324,276324,867040585,0,200059744540378135492
2026-02-26 13:58:00,-363733169,363737535610460313431,276324,276324,276324,276324,79998241,443737535610460313431,200059744540378135492
2026-02-26 13:59:00,908456457,-908484642671159655204,276324,276324,276324,276324,1280499675,372051896654746188159,200059744540378135492
2026-02-26 14:00:00,395986889,-396000134975343662487,276324,276324,276324,276324,395986889,0,200059744540378135492
2026-02-26 14:01:00,877674003,-877708948458124567369,276324,276324,276324,276324,877674003,0,200059744540378135492
2026-02-26 14:03:00,-597111429,597130069158639696250,276324,276324,276324,276324,0,597130069158639696250,200059744540378135492
2026-02-26 14:05:00,-7166864757,7137747997531156905642,276324,276324,276245,276324,110085983520,117158972711584206290602,200059744540378135492
2026-02-26 14:09:00,322005591,-322006909331626561091,276324,276324,276324,276324,322005591,0,200059744540378135492
2026-02-26 14:11:00,1188408926,-1188422762377000841277,276324,276324,276324,276324,1188408926,0,200059744540378135492
2026-02-26 14:16:00,1040708387,-1040734523484303360731,276324,276324,276324,276324,1283067261,242361103463308835949,200059744540378135492
2026-02-26 14:17:00,-124564650,124555932232703664523,276324,276324,276324,276324,1087919233,1212511528829032002275,200059744540378135492
2026-02-26 14:18:00,-210117522,210120818412714821277,276324,276324,276324,276324,0,210120818412714821277,200059744540378135492
2026-02-26 14:19:00,-4838047987,4718393945014382588472,276323,275833,275833,276323,109929316355,114582948279655397290552,200049416117217715427
2026-02-26 14:21:00,12891534,-12891549127313810275,276323,276323,276323,276323,12891534,0,200049416117217715427
2026-02-26 14:22:00,1481060512,-1481073223000000000000,276324,276324,276324,276324,1481060512,0,200059744540378135492
2026-02-26 14:23:00,-600750000,600751791125045071519,276324,276324,276324,276324,0,600751791125045071519,200059744540378135492
2026-02-26 14:26:00,50999649,-51000170983655092905,276324,276324,276324,276324,50999649,0,200059744540378135492
2026-02-26 14:32:00,329962204,-329966209891228901615,276324,276324,276324,276324,329962204,0,200059744540378135492
2026-02-26 14:35:00,187462857,-187480502157868535755,276324,276324,276324,276324,1675762857,1488319497842131464245,200059744540378135492
2026-02-26 14:36:00,265901409,-265905927000000000000,276324,276324,276324,276324,265901409,0,200059744540378135492
2026-02-26 14:37:00,-373006563,331246842575650203260,276324,274129,274129,276324,111491132137,111757573529745041041020,200059744540378135492
2026-02-26 14:38:00,-7225607531,7225394672271670071595,276323,276323,276323,276323,0,7225394672271670071595,200049416117217715427
2026-02-26 14:39:00,6576516074,-6576366766439513571328,276323,276324,276323,276324,6576516074,0,200049416117217715427
2026-02-26 14:41:00,159925670,-159927425008424363606,276324,276324,276324,276324,159925670,0,200059744540378135492
2026-02-26 14:45:00,207461694,-207464351000000000000,276324,276324,276324,276324,207461694,0,200059744540378135492
2026-02-26 14:47:00,-1283386374,1283371595289383184652,276323,276323,276323,276323,1147500533,2430866708818983663428,200049416117217715427
2026-02-26 14:48:00,1113997903,-1114005235079096356915,276324,276324,276324,276324,1113997903,0,200059744540378135492
2026-02-26 14:50:00,4392082547,-4392232337768766263249,276324,276324,276324,276324,4392082547,0,200059744540378135492
2026-02-26 14:51:00,2658664869,-2658849248343653910536,276324,276324,276324,276324,2658664869,0,200059744540378135492
2026-02-26 14:54:00,-2863718704,2863885728332003654107,276324,276324,276324,276324,0,2863885728332003654107,200059744540378135492
2026-02-26 14:56:00,-1262450207,1262497798431655031306,276324,276324,276324,276324,0,1262497798431655031306,200059744540378135492
2026-02-26 14:57:00,4999982611,-5000314523039309899177,276324,276324,276324,276324,4999982611,0,200059744540378135492
2026-02-26 14:58:00,-1438680317,1438787044558199504019,276324,276324,276324,276324,0,1438787044558199504019,200059744540378135492
2026-02-26 14:59:00,-1996205308,1996319118332547154248,276324,276324,276324,276324,0,1996319118332547154248,200059744540378135492
2026-02-26 15:00:00,-514234824,514257688331860786032,276324,276324,276324,276324,0,514257688331860786032,200059744540378135492
2026-02-26 15:02:00,-1251619771,1251661121491148272758,276324,276324,276324,276324,325220229,1576893630054394488908,200059744540378135492
2026-02-26 15:04:00,-1265308431,1265337603371743601596,276324,276324,276324,276324,0,1265337603371743601596,200059744540378135492
2026-02-26 15:05:00,-1071546645,1071558833407634388530,276324,276324,276324,276324,0,1071558833407634388530,200059744540378135492
2026-02-26 15:07:00,1005535,-1005551765288140414,276324,276324,276324,276324,1005535,0,200059744540378135492
2026-02-26 15:08:00,687023542,-687036914275623079810,276324,276324,276324,276324,687023542,0,200059744540378135492
2026-02-26 15:11:00,2159697019,-2159845754660003512386,276324,276325,276324,276325,9755879723,7596733135470539698437,200059744540378135492
2026-02-26 15:12:00,20494909,-20495823323312560197,276324,276324,276324,276324,20494909,0,200059744540378135492
2026-02-26 15:13:00,-2623618998,2623675611069825515121,276324,276324,276324,276324,0,2623675611069825515121,200059744540378135492
2026-02-26 15:14:00,-380795668,380797942712518837334,276324,276324,276324,276324,22256275,403054541865954090876,200059744540378135492
2026-02-26 15:15:00,-203927493,203928234586060372099,276324,276324,276324,276324,0,203928234586060372099,200059744540378135492
2026-02-26 15:16:00,2016685,-2016711315978781012,276324,276324,276324,276324,2016685,0,200059744540378135492
2026-02-26 15:18:00,506547475,-506555160348810611602,276324,276324,276324,276324,506547475,0,200059744540378135492
2026-02-26 15:19:00,1202308970,-1202352252003112908576,276324,276324,276324,276324,2679158307,1476889366664158596985,200059744540378135492
2026-02-26 15:20:00,2444015190,-2444120283798226938380,276324,276324,276324,276324,2702949700,258946278622467644393,200059744540378135492
2026-02-26 15:22:00,-3020600844,3020688615186986170217,276324,276324,276324,276324,0,3020688615186986170217,200059744540378135492
2026-02-26 15:23:00,1669035885,-1669089799347797044416,276324,276324,276324,276324,1669035885,0,200059744540378135492
2026-02-26 15:26:00,-1598541664,1598496504894588130821,276324,276324,276323,276324,8136820214,9735267603800865455498,200059744540378135492
2026-02-26 15:27:00,-273280332,273283965503197907096,276324,276324,276324,276324,0,273283965503197907096,200059744540378135492
2026-02-26 15:31:00,762849361,-762869001000000000000,276324,276324,276324,276324,762849361,0,200059744540378135492
2026-02-26 15:33:00,-1569225556,1561199475154071086684,276324,276235,276235,276324,111999769952,113496233917407793538652,200059744540378135492
2026-02-26 15:34:00,1154160977,-1154192738833600348810,276324,276324,276324,276324,1154160977,0,200059744540378135492
2026-02-26 15:38:00,-225819046,225824048989500308610,276324,276324,276324,276324,0,225824048989500308610,200059744540378135492
2026-02-26 15:41:00,-80169738,80171391697054708041,276324,276324,276324,276324,0,80171391697054708041,200059744540378135492
2026-02-26 15:45:00,-189598331,189601986610623883342,276324,276324,276324,276324,0,189601986610623883342,200059744540378135492
2026-02-26 15:50:00,-118019028,118021121129632811778,276324,276324,276324,276324,0,118021121129632811778,200059744540378135492
2026-02-26 15:52:00,-745614489,745624498863503071950,276324,276324,276324,276324,0,745624498863503071950,200059744540378135492
2026-02-26 15:54:00,249994762,-250000000000000000000,276324,276324,276324,276324,249994762,0,200059744540378135492
2026-02-26 15:55:00,-2411256723,2397437013692863152094,276218,276324,276218,276324,110845457026,113178140043181394952158,4265113990203270526307
2026-02-26 15:57:00,2141654170,-2141698962251143650338,276324,276324,276324,276324,2141654170,0,200059744540378135492
2026-02-26 15:58:00,-10923000,10923235172297374363,276324,276324,276324,276324,0,10923235172297374363,200059744540378135492
2026-02-26 16:02:00,81126779,-81131039696305522909,276324,276324,276324,276324,248094125,166971002303694477091,200059744540378135492
2026-02-26 16:06:00,3939912746,-3940117689000000000000,276324,276324,276324,276324,3939912746,0,200059744540378135492
2026-02-26 16:08:00,-5138623574,5138808689789105405689,276324,276324,276324,276324,0,5138808689789105405689,200059744540378135492
2026-02-26 16:10:00,1326449122,-1326484894772347289666,276324,276324,276324,276324,1326449122,0,200059744540378135492
2026-02-26 16:11:00,-1500469757,1500493912000939239373,276324,276324,276324,276324,0,1500493912000939239373,200059744540378135492
2026-02-26 16:12:00,712415969,-712431756930870270874,276324,276324,276324,276324,712415969,0,200059744540378135492
2026-02-26 16:13:00,687871502,-687891560871313888341,276324,276324,276324,276324,687871502,0,200059744540378135492
2026-02-26 16:14:00,1952931730,-1953014457216964099211,276324,276324,276324,276324,1952931730,0,200059744540378135492
2026-02-26 16:16:00,-734930566,724592432868454091397,276324,276304,275800,276324,114646712615,115306658790678262053466,200059744540378135492
2026-02-26 16:17:00,-2137316328,2137361878824844962482,276324,276324,276324,276324,1328098872,3465487584974807528751,200059744540378135492
2026-02-26 16:18:00,410980499,-410992376000000000000,276324,276324,276324,276324,410980499,0,200059744540378135492
2026-02-26 16:19:00,249991949,-250000000000000000000,276324,276324,276324,276324,249991949,0,200059744540378135492
2026-02-26 16:20:00,-1867073920,1867100279211362573787,276324,276324,276324,276324,0,1867100279211362573787,200059744540378135492
2026-02-26 16:23:00,249995991,-250000000000000000000,276324,276324,276324,276324,249995991,0,200059744540378135492
2026-02-26 16:31:00,297473896,-297479481000000000000,276324,276324,276324,276324,297473896,0,200059744540378135492
2026-02-26 16:34:00,872740815,-872762303277096915273,276324,276324,276324,276324,872740815,0,200059744540378135492
2026-02-26 16:35:00,1073091098,-1073264159803914299340,276324,276324,276324,276325,14692261389,13620112810424334801699,200059744540378135492
2026-02-26 16:36:00,-701700798,701643901004062199014,276324,276324,276324,276324,7527918703,8230031269453253373079,200059744540378135492
2026-02-26 16:40:00,-4107336850,4107345747989619815937,276323,276323,276323,276323,0,4107345747989619815937,200049416117217715427
2026-02-26 16:41:00,4810116509,-4810191934000000000000,276324,276324,276324,276324,4810116509,0,200059744540378135492
2026-02-26 16:42:00,-180166592,180171784831018486642,276324,276324,276324,276324,0,180171784831018486642,200059744540378135492
2026-02-26 16:44:00,332488961,-332502123000000000000,276324,276324,276324,276324,332488961,0,200059744540378135492
2026-02-26 16:46:00,1564222547,-1564300512610123497279,276324,276324,276324,276324,1685562899,121346114378694331017,200059744540378135492
2026-02-26 16:47:00,248042991,-248057409688840106530,276324,276324,276324,276324,248042991,0,200059744540378135492
2026-02-26 16:48:00,-299973972,299988330312510715846,276324,276324,276324,276324,0,299988330312510715846,200059744540378135492
2026-02-26 16:49:00,1060075615,-1060140986314316106917,276324,276324,276324,276324,1060075615,0,200059744540378135492
2026-02-26 16:50:00,-1720263506,1720346706126269172522,276324,276324,276324,276324,0,1720346706126269172522,200059744540378135492
2026-02-26 16:52:00,1517944073,-1518031134220828365790,276324,276324,276324,276324,1517944073,0,200059744540378135492
2026-02-26 16:53:00,-4387743045,4387873069845991405645,276324,276324,276324,276324,1480646090,5868551491124511018211,200059744540378135492
2026-02-26 16:56:00,-1447217270,1447222828676207852820,276324,276324,276324,276324,0,1447222828676207852820,200059744540378135492
2026-02-26 16:57:00,1628207451,-1628231463000000000000,276324,276324,276324,276324,1628207451,0,200059744540378135492
2026-02-26 17:00:00,-1164362700,1164370925895409606587,276324,276324,276324,276324,0,1164370925895409606587,200059744540378135492
2026-02-26 17:01:00,-951763517,951760172169110480074,276323,276324,276323,276324,0,951760172169110480074,200049416117217715427
2026-02-26 17:02:00,3043421083,-3043472649000000000000,276324,276324,276324,276324,3043421083,0,200059744540378135492
2026-02-26 17:04:00,-950227609,950244147541049642235,276324,276324,276324,276324,0,950244147541049642235,200059744540378135492
2026-02-26 17:05:00,1179381963,-1179429126313909171130,276324,276324,276324,276324,2528270674,1348930781386163741463,200059744540378135492
2026-02-26 17:08:00,-433360242,433369897243691239500,276324,276324,276324,276324,0,433369897243691239500,200059744540378135492
2026-02-26 17:10:00,1164230541,-1164272377483410505972,276324,276324,276324,276324,1164230541,0,200059744540378135492
2026-02-26 17:11:00,-38009309,38010507753343078869,276324,276324,276324,276324,0,38010507753343078869,200059744540378135492
2026-02-26 17:15:00,-469846522,469860158467626335388,276324,276324,276324,276324,0,469860158467626335388,200059744540378135492
2026-02-26 17:16:00,-19860000,19860527118662179523,276324,276324,276324,276324,0,19860527118662179523,200059744540378135492
2026-02-26 17:17:00,-797462758,797469618586763145719,276324,276324,276324,276324,1107339936,1904855708071567051502,200059744540378135492
2026-02-26 17:18:00,-2909610500,2909622024834249581844,276323,276324,276323,276324,0,2909622024834249581844,200049416117217715427
2026-02-26 17:20:00,250124618,-250124785915507756617,276323,276323,276323,276323,250124618,0,200049416117217715427
2026-02-26 17:21:00,1124334106,-1174075368448509435806,276324,277142,276324,277164,110606281320,109546138280141754689219,200059744540378135492
2026-02-26 17:22:00,4580271993,-4580411413310623084538,276324,276324,276324,276324,4580271993,0,200059744540378135492
2026-02-26 17:23:00,-337456024,337469519356784618307,276324,276324,276324,276324,55624882,393097303941790605394,200059744540378135492
2026-02-26 17:24:00,694503582,-694540691524792162357,276324,276324,276324,276324,694503582,0,200059744540378135492
2026-02-26 17:25:00,75428897,-75434750602721266151,276324,276324,276324,276324,228628403,153206574330657630543,200059744540378135492
2026-02-26 17:26:00,-825297162,825333088750416845215,276324,276324,276324,276324,0,825333088750416845215,200059744540378135492
2026-02-26 17:28:00,-3580068115,3580117122560947428334,276324,276324,276324,276324,2800204456,6380498388761321335618,200059744540378135492
2026-02-26 17:29:00,1715730361,-1715768437823493302654,276324,276324,276324,276324,1715730361,0,200059744540378135492
2026-02-26 17:30:00,-891800943,891815488040990331952,276324,276324,276324,276324,0,891815488040990331952,200059744540378135492
2026-02-26 17:31:00,2137186654,-2137258672326265946456,276324,276324,276324,276324,2385236654,248058546880945294109,200059744540378135492
2026-02-26 17:32:00,1039401701,-1040501375251653089633,276324,276342,276324,301007,105916194694,104949512345551270544871,200059744540378135492
2026-02-26 17:33:00,-5002465337,5002558433925471261856,276324,276324,276324,276324,0,5002558433925471261856,200059744540378135492
2026-02-26 17:34:00,320449608,-320451277686018667287,276324,276324,276324,276324,320449608,0,200059744540378135492
2026-02-26 17:35:00,1262667768,-1262684335000000000000,276324,276324,276324,276324,1262667768,0,200059744540378135492
2026-02-26 17:36:00,1732636837,-1732739744146137423462,276324,276324,276324,276324,7155556662,5423211913475496298235,200059744540378135492
2026-02-26 17:37:00,469064790,-469083130403948894089,276324,276324,276324,276324,469064790,0,200059744540378135492
2026-02-26 17:38:00,659978091,-660015891635769667240,276324,276324,276324,276324,1486928091,826979194343392023542,200059744540378135492
2026-02-26 17:39:00,-953241036,953250432314193918185,276324,276324,276324,276324,2232141897,3185482034867348106666,200059744540378135492
2026-02-26 17:42:00,-1648115955,1639585834415827292274,276324,276134,276134,276324,113288350067,114863236363948976607346,200059744540378135492
2026-02-26 17:44:00,982272953,-982303305174436672168,276324,276324,276324,276324,982272953,0,200059744540378135492
2026-02-26 17:45:00,-507115602,507125915599807146401,276324,276324,276324,276324,148796653,655927032676066149349,200059744540378135492
2026-02-26 17:46:00,-550837667,550797574850612368309,276324,276324,276324,276324,4999721352,5550797574850612368309,200059744540378135492
2026-02-26 17:47:00,76499938,-76501898337574133558,276324,276324,276324,276324,76499938,0,200059744540378135492
2026-02-26 17:48:00,3016276523,-3016420255202493307609,276324,276324,276324,276324,4999745059,1983579744797506692391,200059744540378135492
2026-02-26 17:50:00,-2285476998,2285548003845633177980,276324,276324,276324,276324,836316136,3121899367598855362209,200059744540378135492
2026-02-26 17:51:00,-992999999,993018210958791153120,276324,276324,276324,276324,0,993018210958791153120,200059744540378135492
2026-02-26 17:53:00,-1006733816,1006737281714398080632,276324,276324,276324,276324,493381079,1500131111886862624016,200059744540378135492
2026-02-26 17:55:00,4999819613,-5000011131934518399941,276324,276324,276324,276324,4999819613,0,200059744540378135492
2026-02-26 17:56:00,-5159986758,5160128679525637792913,276324,276324,276324,276324,0,5160128679525637792913,200059744540378135492
2026-02-26 17:59:00,79499552,-79500515355219554814,276324,276324,276324,276324,79499552,0,200059744540378135492
2026-02-26 18:01:00,-210000000,210000305851342053491,276324,276324,276324,276324,0,210000305851342053491,200059744540378135492
2026-02-26 18:03:00,1292533204,-1292555006825113504238,276324,276324,276324,276324,1292533204,0,200059744540378135492
2026-02-26 18:05:00,252829773,-252835990770007291259,276324,276324,276324,276324,252829773,0,200059744540378135492
2026-02-26 18:06:00,2975097897,-2975236086250532288876,276324,276324,276324,276324,4676784050,1701698659811601048228,200059744540378135492
2026-02-26 18:07:00,-4621718551,4621822523096788172845,276324,276324,276324,276324,0,4621822523096788172845,200059744540378135492
2026-02-26 18:09:00,706736962,-706746100000000000000,276324,276324,276324,276324,706736962,0,200059744540378135492
2026-02-26 18:10:00,210146320,-210150000000000000000,276324,276324,276324,276324,210146320,0,200059744540378135492
2026-02-26 18:13:00,3234227416,-3234355581157293370088,276324,276324,276324,276324,4818735020,1584508618842706629912,200059744540378135492
2026-02-26 18:14:00,-13848367,13848931611227637847,276324,276324,276324,276324,0,13848931611227637847,200059744540378135492
2026-02-26 18:15:00,-8745000000,8744974143890965127614,276323,276323,276323,276323,0,8744974143890965127614,200049416117217715427
2026-02-26 18:16:00,9055981,-9055650000000000000,276323,276323,276323,276323,9055981,0,200049416117217715427
2026-02-26 18:17:00,2252091386,-2252034360969146588784,276323,276323,276323,276323,2252091386,0,200049416117217715427
2026-02-26 18:18:00,2423754842,-2423753809128897246646,276324,276324,276324,276324,2792665542,368911441338048381381,200059744540378135492
2026-02-26 18:19:00,604518439,-604526412000000000000,276324,276324,276324,276324,604518439,0,200059744540378135492
2026-02-26 18:20:00,856702756,-856720312616160205955,276324,276324,276324,276324,856702756,0,200059744540378135492
2026-02-26 18:23:00,1012082469,-1012112663926509534468,276324,276324,276324,276324,1012082469,0,200059744540378135492
2026-02-26 18:24:00,-520270447,509402649997066975073,276324,276324,275749,276324,112969374607,113414063499398540769121,200059744540378135492
2026-02-26 18:25:00,-61581149,61582449332328067038,276324,276324,276324,276324,0,61582449332328067038,200059744540378135492
2026-02-26 18:26:00,-118522023,118524420695848171282,276324,276324,276324,276324,0,118524420695848171282,200059744540378135492
2026-02-26 18:27:00,919349318,-919381621877019670025,276324,276324,276324,276324,1002080459,82733560165873327975,200059744540378135492
2026-02-26 18:29:00,-25497233,25497964370360482543,276324,276324,276324,276324,0,25497964370360482543,200059744540378135492
2026-02-26 18:30:00,279236572,-279248356817891560393,276324,276324,276324,276324,341306194,62071375853662815605,200059744540378135492
2026-02-26 18:31:00,-1005037063,1005063539673015210063,276324,276324,276324,276324,0,1005063539673015210063,200059744540378135492
2026-02-26 18:32:00,-1406040548,1406058762627933356042,276324,276324,276324,276324,188056435,1594121067486202478144,200059744540378135492
2026-02-26 18:35:00,-1546435670,1546424998951624263915,276323,276324,276323,276324,994783539,2541230659951624263915,200049416117217715427
2026-02-26 18:36:00,4906558307,-4906687502746316499991,276324,276324,276324,276324,4906558307,0,200059744540378135492
2026-02-26 18:37:00,-333529425,333542495610917410252,276324,276324,276324,276324,0,333542495610917410252,200059744540378135492
2026-02-26 18:38:00,-599498437,599506442213594989294,276324,276324,276324,276324,1269117651,1868668748213594989294,200059744540378135492
2026-02-26 18:39:00,-314100000,314109409644057939369,276324,276324,276324,276324,0,314109409644057939369,200059744540378135492
2026-02-26 18:41:00,-26429407,26430152959096150262,276324,276324,276324,276324,0,26430152959096150262,200059744540378135492
2026-02-26 18:42:00,-821901433,821921170556956198610,276324,276324,276324,276324,0,821921170556956198610,200059744540378135492
2026-02-26 18:43:00,79997575,-80000000000000000000,276324,276324,276324,276324,79997575,0,200059744540378135492
2026-02-26 18:44:00,-3752107113,3752114438077330098194,276323,276323,276323,276323,0,3752114438077330098194,200049416117217715427
2026-02-26 18:46:00,1000001803,-1000000000000000000000,276324,276323,276323,276324,1000001803,0,200059744540378135492
2026-02-26 18:47:00,1935640868,-1935665782000000000000,276324,276324,276324,276324,1935640868,0,200059744540378135492
2026-02-26 18:50:00,-337526910,337530574595782918363,276324,276324,276324,276324,0,337530574595782918363,200059744540378135492
2026-02-26 18:51:00,499989164,-500000000000000000000,276324,276324,276324,276324,499989164,0,200059744540378135492
2026-02-26 18:52:00,-449318836,449324193121185131441,276324,276324,276324,276324,0,449324193121185131441,200059744540378135492
2026-02-26 18:56:00,244241110,-244246215000000000000,276324,276324,276324,276324,244241110,0,200059744540378135492
2026-02-26 18:58:00,-248647819,248650522669788485305,276324,276324,276324,276324,0,248650522669788485305,200059744540378135492
2026-02-26 19:00:00,715401929,-715418535000000000000,276324,276324,276324,276324,715401929,0,200059744540378135492
2026-02-26 19:02:00,-81494280,81495614213274539351,276324,276324,276324,276324,0,81495614213274539351,200059744540378135492
2026-02-26 19:03:00,2875705165,-2875821189000000000000,276324,276324,276324,276324,2875705165,0,200059744540378135492
2026-02-26 19:04:00,-3350735180,3350828904304025847364,276324,276324,276324,276324,0,3350828904304025847364,200059744540378135492
2026-02-26 19:05:00,-434590609,434594540927904137842,276324,276324,276324,276324,0,434594540927904137842,200059744540378135492
2026-02-26 19:06:00,736924630,-736939783000000000000,276324,276324,276324,276324,736924630,0,200059744540378135492
2026-02-26 19:13:00,449479835,-449491743000000000000,276324,276324,276324,276324,449479835,0,200059744540378135492
2026-02-26 19:14:00,2428574015,-2428673292170102391049,276324,276324,276324,276324,2428574015,0,200059744540378135492
2026-02-26 19:16:00,-672632997,672659669821238768026,276324,276324,276324,276324,0,672659669821238768026,200059744540378135492
2026-02-26 19:17:00,-256756773,256754881092331319049,276324,276324,276324,276324,1087923671,1344734833209205474213,200059744540378135492
2026-02-26 19:18:00,-164768629,164774050180749148488,276324,276324,276324,276324,0,164774050180749148488,200059744540378135492
2026-02-26 19:21:00,-4923396,4923553433880486665,276324,276324,276324,276324,0,4923553433880486665,200059744540378135492
2026-02-26 19:22:00,-18900000,18900603078974333785,276324,276324,276324,276324,0,18900603078974333785,200059744540378135492
2026-02-26 19:23:00,-94324248,94327206518071253540,276324,276324,276324,276324,0,94327206518071253540,200059744540378135492
2026-02-26 19:25:00,-394220007,394231409829742350476,276324,276324,276324,276324,0,394231409829742350476,200059744540378135492
2026-02-26 19:26:00,-1706565844,1706597288355786718273,276324,276324,276324,276324,0,1706597288355786718273,200059744540378135492
2026-02-26 19:28:00,30693634,-30694250000000000000,276324,276324,276324,276324,30693634,0,200059744540378135492
2026-02-26 19:31:00,75368755,-75370307000000000000,276324,276324,276324,276324,75368755,0,200059744540378135492
2026-02-26 19:33:00,83731624,-83733414575672354749,276324,276324,276324,276324,83731624,0,200059744540378135492
2026-02-26 19:36:00,777074046,-777094000000000000000,276324,276324,276324,276324,777074046,0,200059744540378135492
2026-02-26 19:38:00,-23206906,23207356310678220427,276324,276324,276324,276324,0,23207356310678220427,200059744540378135492
2026-02-26 19:40:00,-834610450,831699841931742293012,276324,276224,276224,276324,112578254637,113345233196795250093076,200059744540378135492
2026-02-26 19:41:00,-3458370610,3458355096099449084243,276323,276323,276323,276323,0,3458355096099449084243,200049416117217715427
2026-02-26 19:45:00,237742292,-237739776000000000000,276323,276323,276323,276323,237742292,0,200049416117217715427
2026-02-26 19:48:00,840004365,-840000000000000000000,276323,276323,276323,276323,840004365,0,200049416117217715427
2026-02-26 19:50:00,3353800392,-3353853271000000000000,276324,276324,276324,276324,3353800392,0,200059744540378135492
2026-02-26 19:51:00,-823043440,823051638345343600913,276324,276324,276324,276324,695784370,1518861063204463600913,200059744540378135492
2026-02-26 19:54:00,-17154926,17155169661677617859,276324,276324,276324,276324,0,17155169661677617859,200059744540378135492
2026-02-26 19:55:00,-210000000,210002747068862018650,276324,276324,276324,276324,0,210002747068862018650,200059744540378135492
2026-02-26 19:57:00,311687013,-311694367000000000000,276324,276324,276324,276324,311687013,0,200059744540378135492
2026-02-26 19:59:00,1016477518,-1016508245000000000000,276324,276324,276324,276324,1016477518,0,200059744540378135492
2026-02-26 20:01:00,-3583006,3583096535519979851,276324,276324,276324,276324,0,3583096535519979851,200059744540378135492
2026-02-26 20:03:00,-879101862,879120215722657284553,276324,276324,276324,276324,0,879120215722657284553,200059744540378135492
2026-02-26 20:05:00,81593738,-81598117360621404918,276324,276324,276324,276324,299992230,218402508911566514730,200059744540378135492
2026-02-26 20:06:00,-980598574,974604442081599572761,276224,276324,276224,276324,112067247892,112977118287877051140889,5564196781666287777123
2026-02-26 20:13:00,49192035,-49193151000000000000,276324,276324,276324,276324,49192035,0,200059744540378135492
2026-02-26 20:14:00,441706248,-441717346000000000000,276324,276324,276324,276324,441706248,0,200059744540378135492
2026-02-26 20:17:00,1087949171,-1087984823286411118283,276324,276324,276324,276324,1087949171,0,200059744540378135492
2026-02-26 20:18:00,-594900000,594915011377658149084,276324,276324,276324,276324,0,594915011377658149084,200059744540378135492
2026-02-26 20:19:00,993994771,-994031777793545162165,276324,276324,276324,276324,993994771,0,200059744540378135492
2026-02-26 20:20:00,-918978732,918978815944383760589,276324,276324,276324,276324,2528221268,3447338723644456673182,200059744540378135492
2026-02-26 20:21:00,-183899852,183903914115091543282,276324,276324,276324,276324,0,183903914115091543282,200059744540378135492
2026-02-26 20:24:00,865030703,-865061409106159498666,276324,276324,276324,276324,865030703,0,200059744540378135492
2026-02-26 20:25:00,492609765,-492630744091857506081,276324,276324,276324,276324,507492626,14883303118177705146,200059744540378135492
2026-02-26 20:27:00,-225758704,225766293044531933514,276324,276324,276324,276324,0,225766293044531933514,200059744540378135492
2026-02-26 20:28:00,-1800078484,1800120767414390918855,276324,276324,276324,276324,0,1800120767414390918855,200059744540378135492
2026-02-26 20:29:00,1469720845,-1469768311860042265715,276324,276324,276324,276324,1536764992,67046125405213478085,200059744540378135492
2026-02-26 20:30:00,-3776582223,3776621148756305759147,276323,276324,276323,276324,0,3776621148756305759147,200049416117217715427
2026-02-26 20:32:00,453309259,-453310936707290181911,276324,276324,276324,276324,453309259,0,200059744540378135492
2026-02-26 20:33:00,1730611763,-1730637054185580687360,276324,276324,276324,276324,1730611763,0,200059744540378135492
2026-02-26 20:34:00,8958526,-8958735000000000000,276324,276324,276324,276324,8958526,0,200059744540378135492
2026-02-26 20:35:00,1253280103,-1253329973011628307459,276324,276324,276324,276324,2528273967,1275029934688444605134,200059744540378135492
2026-02-26 20:38:00,-69937557,69939342386230127078,276324,276324,276324,276324,0,69939342386230127078,200059744540378135492
2026-02-26 20:39:00,-940000000,940019255353238455026,276324,276324,276324,276324,0,940019255353238455026,200059744540378135492
2026-02-26 20:40:00,728793372,-728814820574369877691,276324,276324,276324,276324,728793372,0,200059744540378135492
2026-02-26 20:45:00,-228856289,228861306576458546899,276324,276324,276324,276324,0,228861306576458546899,200059744540378135492
2026-02-26 20:47:00,-3852144849,3852150735371263696959,276323,276324,276323,276324,0,3852150735371263696959,200049416117217715427
2026-02-26 20:48:00,196386839,-196385515000000000000,276323,276323,276323,276323,196386839,0,200049416117217715427
2026-02-26 20:49:00,1797573407,-1797579201000000000000,276324,276323,276323,276324,1797573407,0,200059744540378135492
2026-02-26 20:50:00,3932500086,-3932625394945974103761,276324,276324,276324,276324,3932500086,0,200059744540378135492
2026-02-26 20:51:00,37209961,-37218578977099081999,276324,276324,276324,276324,706464181,669279769022900918001,200059744540378135492
2026-02-26 20:52:00,-4410115113,4410202649498872451837,276324,276324,276324,276324,0,4410202649498872451837,200059744540378135492
2026-02-26 20:53:00,73169647,-73170245000000000000,276324,276324,276324,276324,73169647,0,200059744540378135492
2026-02-26 20:54:00,4593146,-4593186000000000000,276324,276324,276324,276324,4593146,0,200059744540378135492
2026-02-26 20:55:00,497142256,-497147758891798881255,276324,276324,276324,276324,497142256,0,200059744540378135492
2026-02-26 20:56:00,171988833,-171991312648238445649,276324,276324,276324,276324,171988833,0,200059744540378135492
2026-02-26 20:57:00,402323043,-402329998000000000000,276324,276324,276324,276324,402323043,0,200059744540378135492
2026-02-26 20:59:00,9529352,-9529537000000000000,276324,276324,276324,276324,9529352,0,200059744540378135492
2026-02-26 21:01:00,344131904,-344139168755715594681,276324,276324,276324,276324,344131904,0,200059744540378135492
2026-02-26 21:02:00,-643031817,643037998899918239455,276324,276324,276324,276324,0,643037998899918239455,200059744540378135492
2026-02-26 21:03:00,940752425,-940772280026571911361,276324,276324,276324,276324,940752425,0,200059744540378135492
2026-02-26 21:07:00,-198582018,198583459249094997707,276324,276324,276324,276324,149993747,348581189687328666295,200059744540378135492
2026-02-26 21:10:00,282989735,-282996876755866350111,276324,276324,276324,276324,282989735,0,200059744540378135492
2026-02-26 21:13:00,-489670298,489677251572221349476,276324,276324,276324,276324,0,489677251572221349476,200059744540378135492
2026-02-26 21:18:00,1883068869,-1883127560000000000000,276324,276324,276324,276324,1883068869,0,200059744540378135492
2026-02-26 21:21:00,-245247370,245254567220102219288,276324,276324,276324,276324,0,245254567220102219288,200059744540378135492
2026-02-26 21:22:00,-3041020,3041104696799014500,276324,276324,276324,276324,0,3041104696799014500,200059744540378135492
2026-02-26 21:23:00,-30646110,30646965619319804824,276324,276324,276324,276324,0,30646965619319804824,200059744540378135492
2026-02-26 21:24:00,-817373092,817392468082256653921,276324,276324,276324,276324,0,817392468082256653921,200059744540378135492
2026-02-26 21:25:00,-223585192,223589328717427369349,276324,276324,276324,276324,0,223589328717427369349,200059744540378135492
2026-02-26 21:27:00,-111717131,111719010341466869179,276324,276324,276324,276324,0,111719010341466869179,200059744540378135492
2026-02-26 21:29:00,-402300000,402305734954119716820,276324,276324,276324,276324,0,402305734954119716820,200059744540378135492
2026-02-26 21:34:00,-52515949,52516577889848185020,276324,276324,276324,276324,0,52516577889848185020,200059744540378135492
2026-02-26 21:35:00,2275448610,-2275523916930065621334,276324,276324,276324,276324,2275448610,0,200059744540378135492
2026-02-26 21:37:00,-10430208937,8943159543407740729399,276323,276324,273580,276324,110040321894,118918628347703607168792,200049416117217715427
2026-02-26 21:40:00,2093262,-2093267158511445983,276323,276323,276323,276323,2093262,0,200049416117217715427
2026-02-26 21:42:00,-12912517,12912414678591630344,276323,276323,276323,276323,0,12912414678591630344,200049416117217715427
2026-02-26 21:43:00,66690999,-66691158000000000000,276324,276324,276324,276324,66690999,0,200059744540378135492
2026-02-26 21:44:00,650726118,-650730000000000000000,276324,276324,276324,276324,650726118,0,200059744540378135492
2026-02-26 21:47:00,4964962,-4965008277952447985,276324,276324,276324,276324,4964962,0,200059744540378135492
2026-02-26 21:48:00,-366902799,366899429748914717965,276324,276324,276324,276324,242579336,609479830748914717965,200059744540378135492
2026-02-26 21:50:00,329466332,-329468719593263673643,276324,276324,276324,276324,329466332,0,200059744540378135492
2026-02-26 21:53:00,499939220,-499944915214875322523,276324,276324,276324,276324,499939220,0,200059744540378135492
2026-02-26 21:54:00,-809430114,809427582002164964968,276324,276324,276324,276324,240569886,1049998574156766611238,200059744540378135492
2026-02-26 21:58:00,684556974,-684563287076347647332,276324,276324,276324,276324,684556974,0,200059744540378135492
2026-02-26 22:00:00,-99300000,99300212578807238453,276324,276324,276324,276324,0,99300212578807238453,200059744540378135492
2026-02-26 22:01:00,-3224467707,3224420819659821023919,276323,276324,276323,276324,23212020,3247632359864915850161,200049416117217715427
2026-02-26 22:02:00,1992454788,-1992433616833967432799,276323,276323,276323,276323,1992454788,0,200049416117217715427
2026-02-26 22:03:00,15539095,-15539086000000000000,276323,276323,276323,276323,15539095,0,200049416117217715427
2026-02-26 22:04:00,54963974,-54963961000000000000,276323,276323,276323,276323,54963974,0,200049416117217715427
2026-02-26 22:05:00,-253214999,253212155021169386241,276323,276323,276323,276323,0,253212155021169386241,200049416117217715427
2026-02-26 22:06:00,798998801,-799000000000000000000,276324,276324,276324,276324,798998801,0,200059744540378135492
2026-02-26 22:08:00,139999132,-140000000000000000000,276324,276324,276324,276324,139999132,0,200059744540378135492
2026-02-26 22:12:00,-603450000,603446304522794282881,276323,276323,276323,276323,0,603446304522794282881,200049416117217715427
2026-02-26 22:13:00,1442648748,-1442660396000000000000,276324,276324,276324,276324,1442648748,0,200059744540378135492
2026-02-26 22:16:00,-80868541,80868934908311120589,276324,276324,276324,276324,0,80868934908311120589,200059744540378135492
2026-02-26 22:19:00,-289007618,289008492807629033794,276324,276324,276324,276324,0,289008492807629033794,200059744540378135492
2026-02-26 22:20:00,1011327133,-1011343963080029165037,276324,276324,276324,276324,1011327133,0,200059744540378135492
2026-02-26 22:21:00,-896660051,896666518827867650627,276324,276324,276324,276324,0,896666518827867650627,200059744540378135492
2026-02-26 22:22:00,-258639773,258637731390679221396,276324,276324,276324,276324,241359607,499999496390679221396,200059744540378135492
2026-02-26 22:23:00,568300125,-568307505889989018340,276324,276324,276324,276324,568300125,0,200059744540378135492
2026-02-26 22:24:00,-134623992,134624685085710137181,276324,276324,276324,276324,0,134624685085710137181,200059744540378135492
2026-02-26 22:27:00,-172774461,172775086023025645726,276324,276324,276324,276324,0,172775086023025645726,200059744540378135492
2026-02-26 22:29:00,-364259986,364260325494343072531,276324,276324,276324,276324,0,364260325494343072531,200059744540378135492
2026-02-26 22:32:00,67113275,-67113910000000000000,276324,276324,276324,276324,67113275,0,200059744540378135492
2026-02-26 22:36:00,49982098,-49982599954954061627,276324,276324,276324,276324,49982098,0,200059744540378135492
2026-02-26 22:37:00,-93235961,93235943187330445458,276324,276324,276324,276324,0,93235943187330445458,200059744540378135492
2026-02-26 22:39:00,9375109,-9375198000000000000,276324,276324,276324,276324,9375109,0,200059744540378135492
2026-02-26 22:40:00,416335406,-416340205000000000000,276324,276324,276324,276324,416335406,0,200059744540378135492
2026-02-26 22:42:00,1057281615,-1057301591000000000000,276324,276324,276324,276324,1057281615,0,200059744540378135492
2026-02-26 22:44:00,-11881437,11881604149278022408,276324,276324,276324,276324,0,11881604149278022408,200059744540378135492
2026-02-26 22:45:00,338001563,-338010266147532429722,276324,276324,276324,276324,338001563,0,200059744540378135492
2026-02-26 22:46:00,283892839,-283901032502249839837,276324,276324,276324,276324,283892839,0,200059744540378135492
2026-02-26 22:48:00,-1325539716,1325557808328426588682,276324,276324,276324,276324,0,1325557808328426588682,200059744540378135492
2026-02-26 22:50:00,-737259808,737262267993994689350,276324,276324,276324,276324,0,737262267993994689350,200059744540378135492
2026-02-26 22:52:00,-1543375397,1543359599507995018559,276323,276324,276323,276324,335589167,1878952569289307953973,200049416117217715427
2026-02-26 22:53:00,439129381,-439127810217336691695,276323,276323,276323,276323,439129381,0,200049416117217715427
2026-02-26 22:55:00,711469043,-711470588913006566058,276324,276324,276324,276324,711469043,0,200059744540378135492
2026-02-26 22:56:00,818959542,-818967585384666835292,276324,276324,276324,276324,818959542,0,200059744540378135492
2026-02-26 23:00:00,-951653625,951652822601511989571,276324,276324,276324,276324,0,951652822601511989571,200059744540378135492
2026-02-26 23:03:00,1671419171,-1671440631657027459855,276324,276324,276324,276324,1685299326,13880075719860862855,200059744540378135492
2026-02-26 23:04:00,666849565,-666865866950847318181,276324,276324,276324,276324,666849565,0,200059744540378135492
2026-02-26 23:05:00,-337468214,337439925944760217517,276324,276324,276324,276324,3371517619,3709088939493482855101,200059744540378135492
2026-02-26 23:06:00,295614331,-295621982532623452300,276324,276324,276324,276324,295614331,0,200059744540378135492
2026-02-26 23:07:00,51403242,-51408451345560183024,276324,276324,276324,276324,430280851,378883467602263286496,200059744540378135492
2026-02-26 23:09:00,-44412875,44413657970908565601,276324,276324,276324,276324,0,44413657970908565601,200059744540378135492
2026-02-26 23:10:00,823554784,-823580764563387650511,276324,276324,276324,276324,823554784,0,200059744540378135492
2026-02-26 23:11:00,9801473,-9801823584033110467,276324,276324,276324,276324,9801473,0,200059744540378135492
2026-02-26 23:13:00,166575536,-166581632000000000000,276324,276324,276324,276324,166575536,0,200059744540378135492
2026-02-26 23:15:00,-43167093,43168267383796522614,276324,276324,276324,276324,0,43168267383796522614,200059744540378135492
2026-02-26 23:16:00,46842270,-46844014000000000000,276324,276324,276324,276324,46842270,0,200059744540378135492
2026-02-26 23:17:00,1484672361,-1484739000000000000000,276324,276324,276324,276324,1484672361,0,200059744540378135492
2026-02-26 23:18:00,-3708077960,3708166097931231672116,276324,276324,276324,276324,0,3708166097931231672116,200059744540378135492
2026-02-26 23:19:00,3124998251,-3125094674025346027520,276324,276324,276324,276324,3124998251,0,200059744540378135492
2026-02-26 23:20:00,22677303,-22678405264971142068,276324,276324,276324,276324,27182020,4504880735028857932,200059744540378135492
2026-02-26 23:21:00,259898236,-259910712080891474878,276324,276324,276324,276324,259898236,0,200059744540378135492
2026-02-26 23:23:00,42386638,-42388737000000000000,276324,276324,276324,276324,42386638,0,200059744540378135492
2026-02-26 23:24:00,-53276909,53279010599099624110,276324,276324,276324,276324,0,53279010599099624110,200059744540378135492
2026-02-26 23:25:00,-4023792,4023948738234981038,276324,276324,276324,276324,0,4023948738234981038,200059744540378135492
2026-02-26 23:30:00,496262029,-496292591861101030584,276324,276324,276324,276324,990064422,493825394138898969416,200059744540378135492
2026-02-26 23:33:00,468510798,-468650231719269992780,276324,276324,276324,276325,11765771196,11298449709973688268893,200059744540378135492
2026-02-26 23:35:00,-299312071,299326228500266189272,276324,276324,276324,276324,0,299326228500266189272,200059744540378135492
2026-02-26 23:36:00,1455781183,-1455875512847050236507,276324,276324,276324,276324,1705156183,249386111726221522055,200059744540378135492
2026-02-26 23:37:00,804403292,-804463126000000000000,276324,276324,276324,276324,804403292,0,200059744540378135492
2026-02-26 23:38:00,-4735270577,4714530858179047493345,276131,276324,276131,276324,113971783317,118621640630287525514977,2320894814926010611043
2026-02-26 23:39:00,101211076,-101215324390639272892,276324,276324,276324,276324,101211076,0,200059744540378135492
2026-02-26 23:41:00,3316967575,-3317163466965593856568,276324,276324,276324,276324,3316967575,0,200059744540378135492
2026-02-26 23:42:00,473834903,-473871866467426256451,276324,276324,276324,276324,473834903,0,200059744540378135492
2026-02-26 23:44:00,-6228780,6229217302886896205,276324,276324,276324,276324,0,6229217302886896205,200059744540378135492
2026-02-26 23:45:00,-2912653451,2911708371615746962707,276308,276324,276308,276324,110772381964,113626922307122870695187,20016036860423295423
2026-02-26 23:50:00,4082199902,-4082492212612750990828,276324,276324,276324,276324,4082199902,0,200059744540378135492
2026-02-26 23:51:00,-1867612684,1867745982084913564139,276324,276324,276324,276324,243081615,2110845130128461933339,200059744540378135492
2026-02-26 23:52:00,-17461818,17462921810002211967,276324,276324,276324,276324,0,17462921810002211967,200059744540378135492
2026-02-26 23:56:00,-71330971,71335450844278389434,276324,276324,276324,276324,0,71335450844278389434,200059744540378135492
2026-02-26 23:57:00,343063805,-343089255554676814218,276324,276324,276324,276324,343637768,573998586526598836,200066494227105597812
2026-02-26 23:58:00,515293212,-515333641284122601058,276324,276324,276324,276324,515293212,0,200066494227105597812
2026-02-26 23:59:00,1307298958,-1307413438488675199433,276324,276324,276324,276324,1307298958,0,200066494227105597812
