timestamp,netAmount0,netAmount1,closeTick,openTick,lowestTick,highestTick,inAmount0,inAmount1,currentLiquidity
2026-03-01 00:01:00,-2000000000,2000112737263905378626,276324,276324,276324,276324,0,2000112737263905378626,200059744540378135492
2026-03-01 00:03:00,50530474,-50533336000000000000,276324,276324,276324,276324,50530474,0,200059744540378135492
2026-03-01 00:05:00,196082754,-196094100000000000000,276324,276324,276324,276324,196082754,0,200059744540378135492
2026-03-01 00:07:00,325111749,-325131406000000000000,276324,276324,276324,276324,325111749,0,200059744540378135492
2026-03-01 00:08:00,245762589,-245778150000000000000,276324,276324,276324,276324,245762589,0,200059744540378135492
2026-03-01 00:10:00,839942259,-840000000000000000000,276324,276324,276324,276324,839942259,0,200059744540378135492
2026-03-01 00:13:00,13873740,-13874753000000000000,276324,276324,276324,276324,13873740,0,200059744540378135492
2026-03-01 00:15:00,-371358169,371380904786979144591,276324,276324,276324,276324,0,371380904786979144591,200059744540378135492
2026-03-01 00:16:00,297812023,-297833126000000000000,276324,276324,276324,276324,297812023,0,200059744540378135492
2026-03-01 00:17:00,1778093004,-1778237548046861151721,276324,276324,276324,276324,1788093004,10000622950220346532,200059744540378135492
2026-03-01 00:19:00,4206302314,-4206769854088021656530,276325,276325,276325,276325,4206302314,0,200059744540378135492
2026-03-01 00:20:00,-3957927738,3958333000187880494678,276324,276324,276324,276324,0,3958333000187880494678,200059744540378135492
2026-03-01 00:21:00,179096907,-179114842576211765889,276324,276324,276324,276324,297991120,118904317423788234111,200059744540378135492
2026-03-01 00:23:00,-907143697,907211892510063036983,276324,276324,276324,276324,424836738,1332085392510063036983,200059744540378135492
2026-03-01 00:25:00,200967321,-200984672000000000000,276324,276324,276324,276324,200967321,0,200059744540378135492
2026-03-01 00:29:00,979708659,-979799022636932353328,276324,276324,276324,276324,979708659,0,200059744540378135492
2026-03-01 00:30:00,-372945745,364230505971320798931,276324,275923,275889,276324,119362530496,119662454340612996090500,200059744540378135492
2026-03-01 00:31:00,-19564733,19566398814308260682,276324,276324,276324,276324,0,19566398814308260682,200059744540378135492
2026-03-01 00:32:00,977252269,-977349937046392540676,276325,276325,276325,276325,977252269,0,200059744540378135492
2026-03-01 00:33:00,-1222652,4120251717275899,156459,276325,148445,276325,123318084818,120250397091492400114007,4999993390435
2026-03-01 00:35:00,-1762986407,1763138035004670210473,276324,276324,276324,276324,0,1763138035004670210473,200059744540378135492
2026-03-01 00:39:00,201056121,-201073854000000000000,276324,276324,276324,276324,201056121,0,200059744540378135492
2026-03-01 00:40:00,299972816,-300000024862747236876,276324,276324,276324,276324,299972816,0,200059744540378135492
2026-03-01 00:44:00,770187871,-770261850472415864057,276324,276324,276324,276324,770187871,0,200059744540378135492
2026-03-01 00:48:00,-184981314,184997773219277816129,276324,276324,276324,276324,0,184997773219277816129,200059744540378135492
2026-03-01 00:51:00,-198794305,198811611942429632025,276324,276324,276324,276324,0,198811611942429632025,200059744540378135492
2026-03-01 00:53:00,-970326331,970405135798052554407,276324,276324,276324,276324,0,970405135798052554407,200059744540378135492
2026-03-01 00:54:00,-715162360,715206939902846507694,276324,276324,276324,276324,747399146,1462662499034623146179,200059744540378135492
2026-03-01 00:55:00,-531550449,531585827119952035261,276324,276324,276324,276324,0,531585827119952035261,200059744540378135492
2026-03-01 00:56:00,1384061389,-1384201077847790510484,276324,276324,276324,276325,4166590125,2782783749152209489516,200059744540378135492
2026-03-01 00:58:00,433370993,-433409956054417627742,276324,276324,276324,276324,433370993,0,200059744540378135492
2026-03-01 00:59:00,104168076,-104177722000000000000,276324,276324,276324,276324,104168076,0,200059744540378135492
2026-03-01 01:00:00,159145054,-159160000000000000000,276324,276324,276324,276324,159145054,0,200059744540378135492
2026-03-01 01:01:00,983638411,-983736403215936013716,276325,276325,276325,276325,983638411,0,200059744540378135492
2026-03-01 01:02:00,-199800000,199818689176875113106,276325,276325,276325,276325,0,199818689176875113106,200059744540378135492
2026-03-01 01:03:00,1166313262,-1166444645713955122899,276325,276325,276324,276325,1664909385,498643136414950516691,200059744540378135492
2026-03-01 01:04:00,617302484,-617374887133607281074,276325,276325,276325,276325,617302484,0,200059744540378135492
2026-03-01 01:07:00,-1998000000,1998200570536200529303,276324,276324,276324,276324,0,1998200570536200529303,200059744540378135492
2026-03-01 01:08:00,979355601,-979458722078258081512,276325,276325,276325,276325,979355601,0,200059744540378135492
2026-03-01 01:10:00,-1146284418,1146371423350917367371,276324,276325,276324,276325,2126816472,3273444864178065248153,200059744540378135492
2026-03-01 01:11:00,765759067,-765893068670497876755,276325,276325,276324,276325,6311382164,5546131248990926688299,200059744540378135492
2026-03-01 01:13:00,-3115386548,3115638304705767764781,276324,276324,276324,276324,0,3115638304705767764781,200059744540378135492
2026-03-01 01:14:00,1467522094,-1467643274000000000000,276324,276324,276324,276324,1467522094,0,200059744540378135492
2026-03-01 01:15:00,-424794177,424826156107029928216,276324,276324,276324,276324,106205823,531041586107029928216,200059744540378135492
2026-03-01 01:16:00,972974058,-973062138998246744413,276324,276324,276324,276324,972974058,0,200059744540378135492
2026-03-01 01:17:00,5010262,-5010741000000000000,276324,276324,276324,276324,5010262,0,200059744540378135492
2026-03-01 01:20:00,97942251,-97958033790478043754,276324,276324,276324,276324,736527795,638638066209521956246,200059744540378135492
2026-03-01 01:22:00,-240000000,240020452728784875025,276324,276324,276324,276324,0,240020452728784875025,200059744540378135492
2026-03-01 01:23:00,199965028,-199984029461034583398,276324,276324,276324,276324,199965028,0,200059744540378135492
2026-03-01 01:31:00,4999368,-4999848663421560427,276324,276324,276324,276324,4999368,0,200059744540378135492
2026-03-01 01:32:00,-1181923745,1182018487386483033390,276324,276324,276324,276324,0,1182018487386483033390,200059744540378135492
2026-03-01 01:33:00,1141843656,-1141952414654916161897,276324,276324,276324,276324,1745293656,603499685345083838103,200059744540378135492
2026-03-01 01:34:00,-34271447,34249724173254403916,276324,276325,276324,276325,2464966402,2499482324173254403916,200059744540378135492
2026-03-01 01:35:00,99642494,-99652043000000000000,276324,276324,276324,276324,99642494,0,200059744540378135492
2026-03-01 01:36:00,-486754365,486795198081449387707,276324,276324,276324,276324,0,486795198081449387707,200059744540378135492
2026-03-01 01:37:00,-914459381,914529686723662034937,276324,276324,276324,276324,0,914529686723662034937,200059744540378135492
2026-03-01 01:38:00,-120026017,120034623518971224081,276324,276324,276324,276324,0,120034623518971224081,200059744540378135492
2026-03-01 01:40:00,1345381593,-1345499771000000000000,276324,276324,276324,276324,1345381593,0,200059744540378135492
2026-03-01 01:43:00,840580665,-840663687000000000000,276325,276325,276325,276325,840580665,0,200059744540378135492
2026-03-01 01:47:00,-2420035335,2420231043510287396012,276324,276324,276324,276324,0,2420231043510287396012,200059744540378135492
2026-03-01 01:48:00,-262446973,262418132166587974027,276324,276325,276324,276325,4653806436,4916634977166587974027,200059744540378135492
2026-03-01 01:49:00,5007121099,-5007627725839547831565,276325,276325,276325,276325,5007121099,0,200059744540378135492
2026-03-01 01:50:00,-3872763957,3873062632009959600634,276324,276324,276324,276325,7639867161,11513434168104264957035,200059744540378135492
2026-03-01 01:51:00,-424925039,424951024502324001468,276324,276324,276324,276324,603848556,1028848024502324001468,200059744540378135492
2026-03-01 01:52:00,-579367242,579400413585302298687,276324,276324,276324,276324,758366211,1337822485585302298687,200059744540378135492
2026-03-01 01:54:00,21836420,-21850124687813246847,276324,276324,276324,276324,1222712506,1200949875312186753153,200059744540378135492
2026-03-01 01:55:00,6908210934,-6908994424915695921880,276325,276325,276325,276325,7743334835,835241581764999793458,200059744540378135492
2026-03-01 01:56:00,-1495726436,1495919777267061119744,276325,276325,276325,276325,0,1495919777267061119744,200059744540378135492
2026-03-01 01:57:00,-5273936063,5274438943501816841563,276324,276325,276324,276325,35194718,5309636437688827457837,200059744540378135492
2026-03-01 01:58:00,167887839,-167901253092262532167,276324,276324,276324,276324,167887839,0,200059744540378135492
2026-03-01 02:01:00,-2500562077,2500707690077785857382,276324,276324,276324,276324,0,2500707690077785857382,200059744540378135492
2026-03-01 02:02:00,5281971441,-5282491572975184650353,276325,276325,276324,276325,13909164501,8628415305319895537141,200059744540378135492
2026-03-01 02:03:00,-1292345465,1292464466067146528808,276324,276324,276324,276324,0,1292464466067146528808,200059744540378135492
2026-03-01 02:04:00,-203848852,203866097256338229198,276324,276324,276324,276324,0,203866097256338229198,200059744540378135492
2026-03-01 02:06:00,-1711823994,1711952423314909436706,276324,276324,276324,276324,0,1711952423314909436706,200059744540378135492
2026-03-01 02:07:00,310596893,-310621127093151148670,276324,276324,276324,276324,310596893,0,200059744540378135492
2026-03-01 02:08:00,-358899050,358914975988217885647,276324,276324,276324,276324,839858108,1198833375577713688433,200059744540378135492
2026-03-01 02:14:00,9803770929,-9804996380367734786911,276325,276325,276325,276325,9803770929,0,200059744540378135492
2026-03-01 02:15:00,-7332524139,7333457944428908203714,276324,276325,276324,276325,0,7333457944428908203714,200059744540378135492
2026-03-01 02:17:00,627004251,-627069352689217568768,276325,276325,276325,276325,627004251,0,200059744540378135492
2026-03-01 02:18:00,261786508,-261821453131252355275,276325,276325,276325,276325,921668648,659950027380245770359,200059744540378135492
2026-03-01 02:19:00,-215263672,215284875620290685740,276325,276325,276325,276325,0,215284875620290685740,200059744540378135492
2026-03-01 02:20:00,250292451,-250319653717164867115,276325,276325,276325,276325,250292451,0,200059744540378135492
2026-03-01 02:21:00,-230247042,230269784853395014120,276325,276325,276325,276325,0,230269784853395014120,200059744540378135492
2026-03-01 02:22:00,527867968,-527926175610862199486,276325,276325,276325,276325,527867968,0,200059744540378135492
2026-03-01 02:24:00,-548213691,548268602107494025494,276325,276325,276325,276325,0,548268602107494025494,200059744540378135492
2026-03-01 02:25:00,68684348,-68691750152974786199,276325,276325,276325,276325,68684348,0,200059744540378135492
2026-03-01 02:26:00,699455494,-699533560752506029035,276325,276325,276325,276325,699455494,0,200059744540378135492
2026-03-01 02:27:00,95985926,-95997020990601549003,276325,276325,276325,276325,95985926,0,200059744540378135492
2026-03-01 02:29:00,-248050000,248076001013206968208,276325,276325,276325,276325,0,248076001013206968208,200059744540378135492
2026-03-01 02:31:00,252277962,-252306936772091313872,276325,276325,276325,276325,252277962,0,200059744540378135492
2026-03-01 02:37:00,-63821972,63825878060349522109,276325,276325,276325,276325,284412645,348271316023712567157,200059744540378135492
2026-03-01 02:38:00,-402300000,402341620541219894773,276325,276325,276325,276325,0,402341620541219894773,200059744540378135492
2026-03-01 02:41:00,-472317786,472259355712319905077,276323,276325,276323,276325,10521915126,10994743994712319905076,200049416117217715427
2026-03-01 02:42:00,3582513589,-3582960100000000000000,276325,276325,276325,276325,3582513589,0,200059744540378135492
2026-03-01 02:43:00,-3716440385,3716767164163877363619,276324,276325,276324,276325,9675651098,13392969951101268909987,200059744540378135492
2026-03-01 02:45:00,-421586406,421624713737148572642,276324,276325,276324,276325,101430297,523065602737148572642,200059744540378135492
2026-03-01 02:47:00,412340291,-412382858833997092736,276325,276325,276325,276325,412340291,0,200059744540378135492
2026-03-01 02:48:00,715058297,-715139654242493291959,276325,276325,276325,276325,1065826118,350804369757506708041,200059744540378135492
2026-03-01 02:49:00,-2140543526,2140739903080054809407,276324,276325,276324,276325,0,2140739903080054809407,200059744540378135492
2026-03-01 02:50:00,4618807937,-4619335097000000000000,276325,276324,276324,276325,4618807937,0,200059744540378135492
2026-03-01 02:51:00,-2949967079,2950285108656063749142,276325,276325,276325,276325,1376456421,4326931269976222642456,200059744540378135492
2026-03-01 02:53:00,594141397,-594209121723919015001,276325,276325,276325,276325,789478524,195357567622953158021,200059744540378135492
2026-03-01 02:55:00,-738156697,738230495939180205200,276325,276325,276325,276325,0,738230495939180205200,200059744540378135492
2026-03-01 03:01:00,-258041578,258066090488228601003,276325,276325,276325,276325,0,258066090488228601003,200059744540378135492
2026-03-01 03:02:00,-639618168,639676058826365508711,276324,276324,276324,276324,0,639676058826365508711,200059744540378135492
2026-03-01 03:03:00,36623039,-36626609922337223708,276324,276324,276324,276324,36623039,0,200059744540378135492
2026-03-01 03:05:00,209979954,-210000686000000000000,276324,276324,276324,276324,209979954,0,200059744540378135492
2026-03-01 03:10:00,8387244,-8388081946367453374,276324,276324,276324,276324,8387244,0,200059744540378135492
2026-03-01 03:11:00,312828653,-312860383000000000000,276325,276325,276325,276325,312828653,0,200059744540378135492
2026-03-01 03:13:00,687655021,-687728208000000000000,276325,276325,276325,276325,687655021,0,200059744540378135492
2026-03-01 03:15:00,199528391,-199555905989041283739,276325,276325,276325,276325,738735051,539259368321112756143,200059744540378135492
2026-03-01 03:17:00,-1587563306,1587712415332676650557,276324,276324,276324,276324,0,1587712415332676650557,200059744540378135492
2026-03-01 03:18:00,565018405,-565074236000000000000,276324,276324,276324,276324,565018405,0,200059744540378135492
2026-03-01 03:19:00,1272378697,-1272553386319687629294,276325,276325,276325,276325,4999366925,3727446613680312370706,200059744540378135492
2026-03-01 03:21:00,-60502843,60509138189780167524,276325,276325,276325,276325,0,60509138189780167524,200059744540378135492
2026-03-01 03:22:00,308399078,-308434635658944018090,276325,276325,276325,276325,308399078,0,200059744540378135492
2026-03-01 03:24:00,3006323,-3006674951697378085,276325,276325,276325,276325,3006323,0,200059744540378135492
2026-03-01 03:25:00,-1788681271,1788856138917906455727,276324,276324,276324,276324,28797329,1817656314244932030543,200059744540378135492
2026-03-01 03:27:00,-670440179,670494218330008328372,276324,276324,276324,276324,336876203,1007400942026048806893,200059744540378135492
2026-03-01 03:28:00,783435493,-783518349590814763862,276324,276324,276324,276324,1532485493,749109424409185236138,200059744540378135492
2026-03-01 03:29:00,100006236,-100016298495038813361,276324,276324,276324,276324,100006236,0,200059744540378135492
2026-03-01 03:30:00,200397025,-200417489000000000000,276325,276325,276325,276325,200397025,0,200059744540378135492
2026-03-01 03:31:00,43585009,-43602919606004818534,276325,276324,276324,276325,1383938363,1340469180393995181466,200059744540378135492
2026-03-01 03:32:00,-94810000,94818823799298602949,276325,276325,276325,276325,0,94818823799298602949,200059744540378135492
2026-03-01 03:35:00,-1964640,1964821737963559688,276325,276325,276325,276325,0,1964821737963559688,200059744540378135492
2026-03-01 03:40:00,-24824999,24827293457574627869,276324,276324,276324,276324,0,24827293457574627869,200059744540378135492
2026-03-01 03:41:00,-4063921,4064295484928728458,276324,276324,276324,276324,0,4064295484928728458,200059744540378135492
2026-03-01 03:44:00,-853572760,853647898717714211598,276324,276324,276324,276324,0,853647898717714211598,200059744540378135492
2026-03-01 03:50:00,2650289221,-2650578820441791902817,276325,276324,276324,276325,3248758832,598517948558208097183,200059744540378135492
2026-03-01 03:51:00,-1702816584,1702989840562342794034,276325,276325,276325,276325,0,1702989840562342794034,200059744540378135492
2026-03-01 03:53:00,-27832093,27834683207664064287,276325,276325,276325,276325,0,27834683207664064287,200059744540378135492
2026-03-01 03:54:00,-550076417,550126035905277811692,276324,276324,276324,276324,0,550126035905277811692,200059744540378135492
2026-03-01 03:56:00,1234068301,-1234198864259512480954,276325,276324,276324,276325,1501956680,267911448310086388999,200059744540378135492
2026-03-01 03:58:00,-4556694154,4557041758496704981767,276324,276324,276324,276324,333305846,4890374758496704981767,200059744540378135492
2026-03-01 03:59:00,855789185,-855862885367418760921,276324,276324,276324,276324,2361900929,1506182091236758245375,200059744540378135492
2026-03-01 04:00:00,294157359,-294183964935031664314,276324,276324,276324,276324,770061876,475934220064968335686,200059744540378135492
2026-03-01 04:01:00,839289574,-839356660000000000000,276324,276324,276324,276324,839289574,0,200059744540378135492
2026-03-01 04:02:00,2677696195,-2677957306000000000000,276324,276325,276324,276325,2677696195,0,200059744540378135492
2026-03-01 04:03:00,-668369433,668434635751180186165,276325,276325,276325,276325,0,668434635751180186165,200059744540378135492
2026-03-01 04:05:00,-3148427489,3148674563083658726355,276324,276324,276324,276324,0,3148674563083658726355,200059744540378135492
2026-03-01 04:07:00,2348764228,-2348966128696070386702,276324,276324,276324,276324,2696449401,347708099303929613298,200059744540378135492
2026-03-01 04:10:00,-270246589,270269523841231889475,276324,276324,276324,276324,0,270269523841231889475,200059744540378135492
2026-03-01 04:11:00,-462953722,462991314385701774905,276324,276324,276324,276324,0,462991314385701774905,200059744540378135492
2026-03-01 04:13:00,-70971827,70977400609494367537,276324,276324,276324,276324,0,70977400609494367537,200059744540378135492
2026-03-01 04:14:00,-668953964,669004025442476697357,276324,276324,276324,276324,0,669004025442476697357,200059744540378135492
2026-03-01 04:15:00,-2816560,2816694444675791608,276324,276324,276324,276324,6590725,9407956135989326436,200059744540378135492
2026-03-01 04:17:00,-608594283,608575321675410528898,276324,276324,276324,276324,6059618884,6668467424845631822353,200059744540378135492
2026-03-01 04:19:00,932325376,-932400000000000000000,276324,276324,276324,276324,932325376,0,200059744540378135492
2026-03-01 04:22:00,9998832,-9999679609875714686,276324,276324,276324,276324,9998832,0,200059744540378135492
2026-03-01 04:23:00,758579043,-758646249000000000000,276324,276324,276324,276324,758579043,0,200059744540378135492
2026-03-01 04:24:00,236880881,-236905629492317329720,276324,276324,276324,276324,495112512,258253849507682670280,200059744540378135492
2026-03-01 04:27:00,-935410437,935485341015244066783,276324,276324,276324,276324,0,935485341015244066783,200059744540378135492
2026-03-01 04:28:00,-245887502,245905739333794675739,276324,276324,276324,276324,0,245905739333794675739,200059744540378135492
2026-03-01 04:29:00,-312270513,312292802676191041503,276324,276324,276324,276324,0,312292802676191041503,200059744540378135492
2026-03-01 04:30:00,853411886,-853483648000000000000,276324,276324,276324,276324,853411886,0,200059744540378135492
2026-03-01 04:32:00,-709020597,709073636875477721721,276324,276324,276324,276324,0,709073636875477721721,200059744540378135492
2026-03-01 04:33:00,294333260,-294357612489345145539,276324,276324,276324,276324,294333260,0,200059744540378135492
2026-03-01 04:36:00,-840000000,840058806449162397573,276324,276324,276324,276324,0,840058806449162397573,200059744540378135492
2026-03-01 04:37:00,534260678,-534302607535194575274,276324,276324,276324,276324,534260678,0,200059744540378135492
2026-03-01 04:38:00,309375745,-309401365501557727590,276324,276324,276324,276324,312944093,3568601666333013962,200059744540378135492
2026-03-01 04:40:00,-977977884,978038167155035084728,276324,276324,276324,276324,754240232,1732331720693789646170,200059744540378135492
2026-03-01 04:41:00,1207026334,-1207123500000000000000,276324,276324,276324,276324,1207026334,0,200059744540378135492
2026-03-01 04:45:00,201451402,-201469037817201140018,276324,276324,276324,276324,201451402,0,200059744540378135492
2026-03-01 04:46:00,-329546019,329571360865211232870,276324,276324,276324,276324,0,329571360865211232870,200059744540378135492
2026-03-01 04:47:00,-13963302,13964351618235757589,276324,276324,276324,276324,0,13964351618235757589,200059744540378135492
2026-03-01 04:48:00,-133596857,133606801636054214385,276324,276324,276324,276324,0,133606801636054214385,200059744540378135492
2026-03-01 04:51:00,-207612092,207627192667237227855,276324,276324,276324,276324,0,207627192667237227855,200059744540378135492
2026-03-01 04:57:00,-7010020225,7010277208543378432332,276324,276324,276324,276324,0,7010277208543378432332,200059744540378135492
2026-03-01 04:58:00,6371573977,-6371850941740689129472,276324,276324,276324,276324,6371573977,0,200059744540378135492
2026-03-01 05:00:00,-183034636,183046423301022674521,276324,276324,276324,276324,0,183046423301022674521,200059744540378135492
2026-03-01 05:01:00,17037551,-17038805000000000000,276324,276324,276324,276324,17037551,0,200059744540378135492
2026-03-01 05:05:00,-4493730114,4459154322502734950459,276324,276244,276244,276324,117245080337,121639749571294874128443,200059744540378135492
2026-03-01 05:07:00,783832143,-783895138041707483878,276324,276324,276324,276324,1233682876,449882578132418982411,200059744540378135492
2026-03-01 05:09:00,1039382121,-1039469160460876918638,276324,276324,276324,276324,1039382121,0,200059744540378135492
2026-03-01 05:10:00,-1798200000,1798325776727563697300,276324,276324,276324,276324,0,1798325776727563697300,200059744540378135492
2026-03-01 05:13:00,8264938,-8265525000000000000,276324,276324,276324,276324,8264938,0,200059744540378135492
2026-03-01 05:14:00,317341169,-317364217000000000000,276324,276324,276324,276324,317341169,0,200059744540378135492
2026-03-01 05:17:00,1088175839,-1088262516004125410933,276324,276324,276324,276324,1088175839,0,200059744540378135492
2026-03-01 05:18:00,-992200000,992269584717712162630,276324,276324,276324,276324,0,992269584717712162630,200059744540378135492
2026-03-01 05:19:00,1998649,-1998800000000000000,276324,276324,276324,276324,1998649,0,200059744540378135492
2026-03-01 05:21:00,-399600000,399625252371418797339,276324,276324,276324,276324,0,399625252371418797339,200059744540378135492
2026-03-01 05:28:00,240017038,-240034415000000000000,276324,276324,276324,276324,240017038,0,200059744540378135492
2026-03-01 05:35:00,309845216,-309868500000000000000,276324,276324,276324,276324,309845216,0,200059744540378135492
2026-03-01 05:37:00,1120655907,-1120822924430937856766,276324,276324,276323,276324,8598873485,7478436777285441480202,200059744540378135492
2026-03-01 05:38:00,-12113833,12114775489656778820,276324,276324,276324,276324,0,12114775489656778820,200059744540378135492
2026-03-01 05:39:00,-1873047990,1873176132595679471099,276324,276324,276324,276324,0,1873176132595679471099,200059744540378135492
2026-03-01 05:40:00,23038740,-23040335000000000000,276324,276324,276324,276324,23038740,0,200059744540378135492
2026-03-01 05:41:00,108417675,-108425246000000000000,276324,276324,276324,276324,108417675,0,200059744540378135492
2026-03-01 05:42:00,679417548,-679467664537809486693,276324,276324,276324,276324,679417548,0,200059744540378135492
2026-03-01 05:43:00,691885125,-691940903521418434314,276324,276324,276324,276324,691885125,0,200059744540378135492
2026-03-01 05:44:00,-1497757105,1497855212850215262061,276324,276324,276324,276324,162282215,1660148510770627362234,200059744540378135492
2026-03-01 05:45:00,640005220,-640051493803785154959,276324,276324,276324,276324,640005220,0,200059744540378135492
2026-03-01 05:47:00,209562791,-209578833404081941743,276324,276324,276324,276324,209562791,0,200059744540378135492
2026-03-01 05:48:00,416514767,-416547954966618761933,276324,276324,276324,276324,416514767,0,200059744540378135492
2026-03-01 05:50:00,-225328777,225344692291201205316,276324,276324,276324,276324,0,225344692291201205316,200059744540378135492
2026-03-01 05:55:00,212800294,-212817439862695133184,276324,276324,276324,276324,212800294,0,200059744540378135492
2026-03-01 05:56:00,715153919,-715215357390688943034,276324,276324,276324,276324,765106021,49955667564412089594,200059744540378135492
2026-03-01 05:57:00,370669555,-370703152734469895791,276324,276324,276324,276324,370669555,0,200059744540378135492
2026-03-01 05:58:00,-298504043,298528220809548044258,276324,276324,276324,276324,0,298528220809548044258,200059744540378135492
2026-03-01 06:00:00,-931040135,931109824057584082822,276324,276324,276324,276324,0,931109824057584082822,200059744540378135492
2026-03-01 06:01:00,35853170,-35856051997553603700,276324,276324,276324,276324,35853170,0,200059744540378135492
2026-03-01 06:03:00,1039678439,-1039767596270222275933,276324,276324,276324,276324,1039678439,0,200059744540378135492
2026-03-01 06:04:00,-692649526,692703196301994236051,276324,276324,276324,276324,0,692703196301994236051,200059744540378135492
2026-03-01 06:05:00,-2081471687,2081599295126630050304,276324,276324,276324,276324,481402733,2563031302315167431163,200059744540378135492
2026-03-01 06:06:00,928969854,-929032894139372916823,276324,276324,276324,276324,928969854,0,200059744540378135492
2026-03-01 06:08:00,1807133455,-1807280806504660949061,276324,276324,276324,276324,1807133455,0,200059744540378135492
2026-03-01 06:09:00,-1712697869,1712817597050016982027,276324,276324,276324,276324,359960131,2072810978682311497270,200059744540378135492
2026-03-01 06:10:00,-300325467,300344070509273480706,276324,276324,276324,276324,0,300344070509273480706,200059744540378135492
2026-03-01 06:11:00,281201884,-281222089313686089428,276324,276324,276324,276324,281201884,0,200059744540378135492
2026-03-01 06:14:00,212622621,-212638424000000000000,276324,276324,276324,276324,212622621,0,200059744540378135492
2026-03-01 06:17:00,1088179439,-1088267388438774472070,276324,276324,276324,276324,1088179439,0,200059744540378135492
2026-03-01 06:18:00,723444375,-723509398262951180175,276324,276324,276324,276324,723444375,0,200059744540378135492
2026-03-01 06:20:00,-186098130,186113494541294861776,276324,276324,276324,276324,0,186113494541294861776,200059744540378135492
2026-03-01 06:21:00,228454345,-228475540409397802913,276324,276324,276324,276324,228454345,0,200059744540378135492
2026-03-01 06:23:00,1539484174,-1539640610000000000000,276325,276325,276325,276325,1539484174,0,200059744540378135492
2026-03-01 06:24:00,-1400000000,1400129236208696930499,276324,276324,276324,276324,0,1400129236208696930499,200059744540378135492
2026-03-01 06:26:00,-70406863,70391983968261124435,276324,276324,276324,276325,2085770126,2156382662341973877379,200059744540378135492
2026-03-01 06:27:00,-4960715,4961134401169914965,276324,276324,276324,276324,0,4961134401169914965,200059744540378135492
2026-03-01 06:28:00,223949509,-223970937231191595318,276324,276324,276324,276324,223949509,0,200059744540378135492
2026-03-01 06:29:00,-1778186,1743822016530662564,276324,276325,276324,276325,3451330355,3453467814739385462426,200059744540378135492
2026-03-01 06:31:00,-344328823,344358074254830197492,276324,276324,276324,276324,3607349,347965760671681613756,200059744540378135492
2026-03-01 06:32:00,-629456621,629507097293724839323,276324,276324,276324,276324,0,629507097293724839323,200059744540378135492
2026-03-01 06:33:00,-251444634,251461290730229516320,276324,276324,276324,276324,239857047,491339504243886971430,200059744540378135492
2026-03-01 06:34:00,758558187,-758625186130429539018,276324,276324,276324,276324,758558187,0,200059744540378135492
2026-03-01 06:36:00,66403303,-77224514423593756591,276324,275703,275703,276324,119264741807,119123198897988943741592,200059744540378135492
2026-03-01 06:37:00,-463089242,463127245427417445623,276324,276324,276324,276324,0,463127245427417445623,200059744540378135492
2026-03-01 06:38:00,-424426500,424459447124345211119,276324,276324,276324,276324,0,424459447124345211119,200059744540378135492
2026-03-01 06:39:00,101916251,-123797089907454405972,279758,276324,276324,279767,101935591101,101897732316233866101157,4999993390435
2026-03-01 06:40:00,727616308,-752203957833338282310,276950,276324,276324,276951,101995188159,101331441883195876026334,4999993390435
2026-03-01 06:41:00,-122004790,122014434358849815098,276324,276324,276324,276324,0,122014434358849815098,200059744540378135492
2026-03-01 06:45:00,37266316,-37269619894013696575,276324,276324,276324,276324,37266316,0,200059744540378135492
2026-03-01 06:46:00,-210185823,210202168863538046327,276324,276324,276324,276324,0,210202168863538046327,200059744540378135492
2026-03-01 06:47:00,63624272,-63629811000000000000,276324,276324,276324,276324,63624272,0,200059744540378135492
2026-03-01 06:50:00,-320961341,320985653581280981915,276324,276324,276324,276324,0,320985653581280981915,200059744540378135492
2026-03-01 06:51:00,912983660,-913064651507162987400,276324,276324,276324,276324,912983660,0,200059744540378135492
2026-03-01 06:52:00,-1379600000,1379705368465058070059,276324,276324,276324,276324,0,1379705368465058070059,200059744540378135492
2026-03-01 06:55:00,418131127,-418165235000000000000,276324,276324,276324,276324,418131127,0,200059744540378135492
2026-03-01 06:56:00,479498260,-479539525000000000000,276324,276324,276324,276324,479498260,0,200059744540378135492
2026-03-01 06:59:00,97558049,-97567686194923671314,276324,276324,276324,276324,193403122,95852545805076328686,200059744540378135492
2026-03-01 07:01:00,-636460403,551518400040746819510,273587,276324,273587,276324,118484257368,118971297797849219209317,4999993390435
2026-03-01 07:02:00,-177369940,177383364153834808055,276324,276324,276324,276324,0,177383364153834808055,200059744540378135492
2026-03-01 07:04:00,-963131731,963149393275782730280,276324,276324,276324,276324,4973725907,5937125513402153210408,200059744540378135492
2026-03-01 07:05:00,961421935,-961498826926726761544,276324,276324,276324,276324,961421935,0,200059744540378135492
2026-03-01 07:06:00,980843785,-980931753870395747352,276324,276324,276324,276324,980843785,0,200059744540378135492
2026-03-01 07:08:00,-260853634,260875358339071688555,276324,276324,276324,276324,0,260875358339071688555,200059744540378135492
2026-03-01 07:09:00,-1173542492,1168457870209101332159,276324,276203,276203,276324,118696493516,119800585619467838947007,200059744540378135492
2026-03-01 07:10:00,199503952,-199520823000000000000,276324,276324,276324,276324,199503952,0,200059744540378135492
2026-03-01 07:11:00,-1001640000,1001710668906144701189,276324,276324,276324,276324,0,1001710668906144701189,200059744540378135492
2026-03-01 07:12:00,239689248,-239707644000000000000,276324,276324,276324,276324,239689248,0,200059744540378135492
2026-03-01 07:14:00,55703402,-55707760000000000000,276324,276324,276324,276324,55703402,0,200059744540378135492
2026-03-01 07:15:00,34183343,-34186034000000000000,276324,276324,276324,276324,34183343,0,200059744540378135492
2026-03-01 07:16:00,116878185,-116887470000000000000,276324,276324,276324,276324,116878185,0,200059744540378135492
2026-03-01 07:19:00,1776143,-1776285870310655257,276324,276324,276324,276324,1776143,0,200059744540378135492
2026-03-01 07:24:00,164110531,-164128723200329268094,276324,276324,276324,276324,656352442,492278399992712563408,200059744540378135492
2026-03-01 07:26:00,14557737,-14558927776173638431,276324,276324,276324,276324,14557737,0,200059744540378135492
2026-03-01 07:31:00,1491586328,-1492725583246398168841,276324,276342,276324,287971,102054495964,100628460071055668562355,200059744540378135492
2026-03-01 07:32:00,-1901088837,1901235655839151474535,276324,276324,276324,276324,0,1901235655839151474535,200059744540378135492
2026-03-01 07:34:00,-450000000,450029464166064740417,276324,276324,276324,276324,0,450029464166064740417,200059744540378135492
2026-03-01 07:35:00,-280363331,280380664239849277845,276324,276324,276324,276324,0,280380664239849277845,200059744540378135492
2026-03-01 07:40:00,-124447642,124455083359968461347,276324,276324,276324,276324,0,124455083359968461347,200059744540378135492
2026-03-01 07:48:00,-1499905733,1499983249519642661025,276324,276324,276324,276324,0,1499983249519642661025,200059744540378135492
2026-03-01 07:49:00,350109657,-350129241000000000000,276324,276324,276324,276324,350109657,0,200059744540378135492
2026-03-01 07:50:00,-234638676,234649588425124558144,276324,276324,276324,276324,0,234649588425124558144,200059744540378135492
2026-03-01 07:52:00,32709750,-32711566000000000000,276324,276324,276324,276324,32709750,0,200059744540378135492
2026-03-01 07:53:00,285502368,-285518669000000000000,276324,276324,276324,276324,285502368,0,200059744540378135492
2026-03-01 07:56:00,488290205,-488319972000000000000,276324,276324,276324,276324,488290205,0,200059744540378135492
2026-03-01 07:57:00,-119547194,119553506246705097158,276324,276324,276324,276324,0,119553506246705097158,200059744540378135492
2026-03-01 08:00:00,210427355,-210441906446271845581,276324,276324,276324,276324,334299931,123879379553728154419,200059744540378135492
2026-03-01 08:03:00,501021295,-501054771000000000000,276324,276324,276324,276324,501021295,0,200059744540378135492
2026-03-01 08:05:00,-95555811,95556417198023787738,276324,276324,276324,276324,501469677,597059120198023787738,200059744540378135492
2026-03-01 08:07:00,-575490257,575519951242650205834,276324,276324,276324,276324,223709743,799243451242650205834,200059744540378135492
2026-03-01 08:08:00,-430623593,430644799669114695428,276324,276324,276324,276324,51986618,482634686669114695428,200059744540378135492
2026-03-01 08:09:00,223710206,-223723500000000000000,276324,276324,276324,276324,223710206,0,200059744540378135492
2026-03-01 08:11:00,-1939624752,1939703975898907481168,276324,276324,276324,276324,0,1939703975898907481168,200059744540378135492
2026-03-01 08:16:00,281128978,-281140943000000000000,276324,276324,276324,276324,281128978,0,200059744540378135492
2026-03-01 08:17:00,1088223374,-1088277133373518167884,276324,276324,276324,276324,1088223374,0,200059744540378135492
2026-03-01 08:18:00,460423047,-460449357875716694550,276324,276324,276324,276324,460423047,0,200059744540378135492
2026-03-01 08:22:00,29838770,-29840549000000000000,276324,276324,276324,276324,29838770,0,200059744540378135492
2026-03-01 08:29:00,1039903642,-1039971175000000000000,276324,276324,276324,276324,1039903642,0,200059744540378135492
2026-03-01 08:30:00,-129408817,129416514746968686514,276324,276324,276324,276324,0,129416514746968686514,200059744540378135492
2026-03-01 08:31:00,956076649,-956147142173500325795,276324,276324,276324,276324,966168422,10092365794305338720,200059744540378135492
2026-03-01 08:33:00,-599977228,600016468791988630868,276324,276324,276324,276324,0,600016468791988630868,200059744540378135492
2026-03-01 08:34:00,-1068843818,1068895495681652938268,276324,276324,276324,276324,931018285,1999966910252359718667,200059744540378135492
2026-03-01 08:35:00,1508450209,-1508554685574618856337,276324,276324,276324,276324,1508450209,0,200059744540378135492
2026-03-01 08:36:00,-188348481,188360885082395750560,276324,276324,276324,276324,0,188360885082395750560,200059744540378135492
2026-03-01 08:41:00,-1858247936,1858351305194109830374,276324,276324,276324,276324,0,1858351305194109830374,200059744540378135492
2026-03-01 08:42:00,455475893,-455506911798595968455,276324,276324,276324,276324,887430893,431974083201404031545,200059744540378135492
2026-03-01 08:44:00,95479128,-95484988000000000000,276324,276324,276324,276324,95479128,0,200059744540378135492
2026-03-01 08:46:00,-1030211857,1030259963794307262100,276324,276324,276324,276324,0,1030259963794307262100,200059744540378135492
2026-03-01 08:47:00,1808214217,-1808323771569872329840,276324,276324,276324,276324,1808214217,0,200059744540378135492
2026-03-01 08:48:00,-17874000,17875063514393694035,276324,276324,276324,276324,0,17875063514393694035,200059744540378135492
2026-03-01 08:49:00,33261199,-33272287616035603752,276324,276324,276324,276324,910255101,877050151328233571900,200059744540378135492
2026-03-01 08:50:00,1019677600,-1019753952892187000737,276324,276324,276324,276324,1019677600,0,200059744540378135492
2026-03-01 08:51:00,-160083553,160090913020907712805,276324,276324,276324,276324,371148170,531269455020907712805,200059744540378135492
2026-03-01 08:52:00,-333083844,333106062870928704812,276324,276324,276324,276324,0,333106062870928704812,200059744540378135492
2026-03-01 08:54:00,-2964377935,2927384030179331037507,276324,275916,275916,276324,116466339077,119329182483871178979612,200059744540378135492
2026-03-01 08:55:00,382468324,-382492346020054045268,276324,276324,276324,276324,630518324,248060706539692987400,200059744540378135492
2026-03-01 08:57:00,201506263,-201520298372108473883,276324,276324,276324,276324,411210029,209713659627891526117,200059744540378135492
2026-03-01 08:58:00,-1745496798,1745565153695525876909,276324,276324,276324,276324,411283613,2156870368695525876909,200059744540378135492
2026-03-01 08:59:00,4616930442,-4617234577000000000000,276324,276324,276324,276324,4616930442,0,200059744540378135492
2026-03-01 09:00:00,-2866677736,2866860103157014194635,276324,276324,276324,276324,288295013,3155172082998934634149,200059744540378135492
2026-03-01 09:01:00,1346637776,-1346730058318183248069,276324,276324,276324,276324,1548967532,202342859954548964272,200059744540378135492
2026-03-01 09:02:00,-370389300,370412228550640126753,276324,276324,276324,276324,0,370412228550640126753,200059744540378135492
2026-03-01 09:03:00,-168509186,168514200532027003151,276324,276324,276324,276324,496067314,664614200532027003151,200059744540378135492
2026-03-01 09:05:00,-311504764,311522459299493966298,276324,276324,276324,276324,0,311522459299493966298,200059744540378135492
2026-03-01 09:07:00,-1522330835,1522403361806836758356,276324,276324,276324,276324,0,1522403361806836758356,200059744540378135492
2026-03-01 09:08:00,1496121558,-1496207606494261797516,276324,276324,276324,276324,1496121558,0,200059744540378135492
2026-03-01 09:09:00,9846202,-9846843199874760548,276324,276324,276324,276324,9846202,0,200059744540378135492
2026-03-01 09:10:00,1165328622,-1165449709074118998270,276324,276325,276324,276325,5009561668,3844563490311334125792,200059744540378135492
2026-03-01 09:12:00,-1986000,1986132457896721936,276324,276324,276324,276324,0,1986132457896721936,200059744540378135492
2026-03-01 09:13:00,-482890169,482921221756224957995,276324,276324,276324,276324,0,482921221756224957995,200059744540378135492
2026-03-01 09:15:00,53145706,-53156068610785882892,276324,276324,276324,276324,705693805,652590961460544392726,200059744540378135492
2026-03-01 09:17:00,1088197273,-1088282005873612997905,276324,276324,276324,276324,1088197273,0,200059744540378135492
2026-03-01 09:18:00,-197542581,197556866388564804920,276324,276324,276324,276324,0,197556866388564804920,200059744540378135492
2026-03-01 09:21:00,-939954851,940017480512868111019,276324,276324,276324,276324,0,940017480512868111019,200059744540378135492
2026-03-01 09:22:00,-1050000000,1050059517029479164951,276324,276324,276324,276324,0,1050059517029479164951,200059744540378135492
2026-03-01 09:25:00,1449135464,-1449234989000000000000,276324,276324,276324,276324,1449135464,0,200059744540378135492
2026-03-01 09:27:00,-493769202,493800533492521424444,276324,276324,276324,276324,0,493800533492521424444,200059744540378135492
2026-03-01 09:28:00,-502666937,502695370386580827204,276324,276324,276324,276324,95818475,598520119934026906053,200059744540378135492
2026-03-01 09:31:00,2918429060,-2918664140623475899973,276324,276324,276324,276324,2918429060,0,200059744540378135492
2026-03-01 09:32:00,-2474344491,2474524546330165913432,276324,276324,276324,276324,0,2474524546330165913432,200059744540378135492
2026-03-01 09:33:00,-1343356224,1343428341625560735728,276324,276324,276324,276324,0,1343428341625560735728,200059744540378135492
2026-03-01 09:35:00,625616954,-625654553000000000000,276324,276324,276324,276324,625616954,0,200059744540378135492
2026-03-01 09:36:00,4598824097,-4599222590198803354464,276325,276324,276324,276325,4799416097,200602475194920693820,200059744540378135492
2026-03-01 09:37:00,-5052329525,5052703129578734118266,276324,276324,276324,276324,0,5052703129578734118266,200059744540378135492
2026-03-01 09:38:00,531620622,-531655760779355185213,276324,276324,276324,276324,783955801,252347772707044582038,200059744540378135492
2026-03-01 09:40:00,688677017,-688723469000000000000,276324,276324,276324,276324,688677017,0,200059744540378135492
2026-03-01 09:41:00,-2011500000,2011602255369305841726,276324,276324,276324,276324,0,2011602255369305841726,200059744540378135492
2026-03-01 09:42:00,406339773,-406361233000000000000,276324,276324,276324,276324,406339773,0,200059744540378135492
2026-03-01 09:46:00,14918975,-14919795000000000000,276324,276324,276324,276324,14918975,0,200059744540378135492
2026-03-01 09:47:00,-3409476177,3409544353966610786899,276323,276324,276323,276324,2711048759,6120613054408419706449,200049416117217715427
2026-03-01 09:48:00,5735809519,-5736093893000000000000,276324,276324,276324,276324,5735809519,0,200059744540378135492
2026-03-01 09:49:00,209493491,-209512820719718354881,276324,276324,276324,276324,480915365,271440114280281645119,200059744540378135492
2026-03-01 09:50:00,-1424560806,1424650871186285574059,276324,276324,276324,276324,0,1424650871186285574059,200059744540378135492
2026-03-01 09:51:00,-16839196,16840138502063215347,276324,276324,276324,276324,0,16840138502063215347,200059744540378135492
2026-03-01 09:52:00,399905832,-399933000000000000000,276324,276324,276324,276324,399905832,0,200059744540378135492
2026-03-01 09:53:00,-1138030392,1138092122022289847501,276324,276324,276324,276324,0,1138092122022289847501,200059744540378135492
2026-03-01 09:54:00,776826566,-776875071079128204797,276324,276324,276324,276324,776826566,0,200059744540378135492
2026-03-01 09:55:00,278834445,-278853326748884691673,276324,276324,276324,276324,278834445,0,200059744540378135492
2026-03-01 09:57:00,-12624120,12624864523679550364,276324,276324,276324,276324,0,12624864523679550364,200059744540378135492
2026-03-01 09:58:00,-1655894677,1655978638939315081739,276324,276324,276324,276324,0,1655978638939315081739,200059744540378135492
2026-03-01 10:00:00,88879658,-88884357334647561322,276324,276324,276324,276324,88879658,0,200059744540378135492
2026-03-01 10:02:00,473831606,-473857992000000000000,276324,276324,276324,276324,473831606,0,200059744540378135492
2026-03-01 10:03:00,495976181,-496006205000000000000,276324,276324,276324,276324,495976181,0,200059744540378135492
2026-03-01 10:04:00,496563577,-496596100000000000000,276324,276324,276324,276324,496563577,0,200059744540378135492
2026-03-01 10:06:00,712442433,-712497087018830165519,276324,276324,276324,276324,1080843079,368421325207248169570,200059744540378135492
2026-03-01 10:07:00,-988886097,988937136536428078363,276324,276324,276324,276324,844653077,1833641730768532673859,200059744540378135492
2026-03-01 10:11:00,54021497,-54025035000000000000,276324,276324,276324,276324,54021497,0,200059744540378135492
2026-03-01 10:13:00,1781855264,-1781988300000000000000,276324,276324,276324,276324,1781855264,0,200059744540378135492
2026-03-01 10:14:00,-232044183,232060984089993544477,276324,276324,276324,276324,0,232060984089993544477,200059744540378135492
2026-03-01 10:17:00,327460836,-327495586739235610018,276324,276324,276324,276324,1088200836,760791307898063850879,200059744540378135492
2026-03-01 10:18:00,-971000000,971067647667625147303,276324,276324,276324,276324,0,971067647667625147303,200059744540378135492
2026-03-01 10:19:00,-1656099980,1656193607550660028560,276324,276324,276324,276324,0,1656193607550660028560,200059744540378135492
2026-03-01 10:20:00,396856972,-396880880000000000000,276324,276324,276324,276324,396856972,0,200059744540378135492
2026-03-01 10:21:00,394392837,-394418156000000000000,276324,276324,276324,276324,394392837,0,200059744540378135492
2026-03-01 10:22:00,199376413,-199389804963687930975,276324,276324,276324,276324,199376413,0,200059744540378135492
2026-03-01 10:23:00,-450000000,450025160038234721143,276324,276324,276324,276324,0,450025160038234721143,200059744540378135492
2026-03-01 10:30:00,16959443,-16960525000000000000,276324,276324,276324,276324,16959443,0,200059744540378135492
2026-03-01 10:31:00,-628249670,628280766584301520472,276324,276324,276324,276324,74906950,703192526584301520472,200059744540378135492
2026-03-01 10:32:00,631098653,-631136965000000000000,276324,276324,276324,276324,631098653,0,200059744540378135492
2026-03-01 10:33:00,98011153,-98017461000000000000,276324,276324,276324,276324,98011153,0,200059744540378135492
2026-03-01 10:34:00,201360241,-201373500000000000000,276324,276324,276324,276324,201360241,0,200059744540378135492
2026-03-01 10:38:00,-993000,993056414938947568,276324,276324,276324,276324,0,993056414938947568,200059744540378135492
2026-03-01 10:39:00,-1121813639,1121867597596077717753,276324,276324,276324,276324,351615304,1473501843596077717753,200059744540378135492
2026-03-01 10:40:00,448809890,-448835864000000000000,276324,276324,276324,276324,448809890,0,200059744540378135492
2026-03-01 10:41:00,1232662684,-1232744383000000000000,276324,276324,276324,276324,1232662684,0,200059744540378135492
2026-03-01 10:42:00,-100265180,100271389470054450685,276324,276324,276324,276324,0,100271389470054450685,200059744540378135492
2026-03-01 10:43:00,323842877,-323870737324727513273,276324,276324,276324,276324,743908788,420093959675272486727,200059744540378135492
2026-03-01 10:44:00,-702173158,702216104329038368664,276324,276324,276324,276324,0,702216104329038368664,200059744540378135492
2026-03-01 10:46:00,72696721,-72701939216502607981,276324,276324,276324,276324,99993185,27298060783497392019,200059744540378135492
2026-03-01 10:47:00,-154857378,154866298033027730893,276324,276324,276324,276324,0,154866298033027730893,200059744540378135492
2026-03-01 10:49:00,38936247,-38938857000000000000,276324,276324,276324,276324,38936247,0,200059744540378135492
2026-03-01 10:51:00,4999663,-5000000000000000000,276324,276324,276324,276324,4999663,0,200059744540378135492
2026-03-01 10:58:00,409662799,-409691198310000000000,276324,276324,276324,276324,409662799,0,200059744540378135492
2026-03-01 11:10:00,2431456791,-2431659874000000000000,276324,276324,276324,276324,2431456791,0,200059744540378135492
2026-03-01 11:11:00,-29790000,29792547836760459114,276324,276324,276324,276324,0,29792547836760459114,200059744540378135492
2026-03-01 11:12:00,-119172284,119182387713622768227,276324,276324,276324,276324,0,119182387713622768227,200059744540378135492
2026-03-01 11:14:00,-35246000,35248960303410974722,276324,276324,276324,276324,0,35248960303410974722,200059744540378135492
2026-03-01 11:17:00,53982160,-53997585009776470380,276324,276325,276324,276325,1088183719,1034294165929472640161,200059744540378135492
2026-03-01 11:19:00,-1628883539,1629007711908791020375,276324,276324,276324,276324,0,1629007711908791020375,200059744540378135492
2026-03-01 11:22:00,2944002736,-2944275963000000000000,276324,276324,276324,276325,2944002736,0,200059744540378135492
2026-03-01 11:23:00,-2107722039,2107905383093291034129,276324,276324,276324,276324,0,2107905383093291034129,200059744540378135492
2026-03-01 11:24:00,-138440255,138450742251951585648,276324,276324,276324,276324,0,138450742251951585648,200059744540378135492
2026-03-01 11:27:00,-990000,990074261037416468,276324,276324,276324,276324,0,990074261037416468,200059744540378135492
2026-03-01 11:29:00,-2264139397,2264283709036261360979,276324,276324,276324,276324,0,2264283709036261360979,200059744540378135492
2026-03-01 11:30:00,594111077,-594149986194796715662,276324,276324,276324,276324,599960750,5850013805203284338,200059744540378135492
2026-03-01 11:31:00,650363024,-650411446546845824798,276324,276324,276324,276324,835068354,184717480453154175202,200059744540378135492
2026-03-01 11:34:00,-435939804,435967129660840371620,276324,276324,276324,276324,0,435967129660840371620,200059744540378135492
2026-03-01 11:38:00,1232668059,-1232762564699264256909,276324,276324,276324,276324,1232668059,0,200059744540378135492
2026-03-01 11:40:00,-853276500,853335002024992150762,276324,276324,276324,276324,0,853335002024992150762,200059744540378135492
2026-03-01 11:41:00,-205722039,205735054319506509567,276324,276324,276324,276324,0,205735054319506509567,200059744540378135492
2026-03-01 11:42:00,-74415969,74420572048801450179,276324,276324,276324,276324,0,74420572048801450179,200059744540378135492
2026-03-01 11:43:00,341194823,-341219800000000000000,276324,276324,276324,276324,341194823,0,200059744540378135492
2026-03-01 11:45:00,1358779915,-1358896992492472423929,276324,276324,276324,276324,1965029018,606286614918262127850,200059744540378135492
2026-03-01 11:46:00,-840150000,840212416668281238071,276324,276324,276324,276324,0,840212416668281238071,200059744540378135492
2026-03-01 11:48:00,520074518,-520117524850427798121,276324,276324,276324,276324,520074518,0,200059744540378135492
2026-03-01 11:49:00,346633084,-346663250734454696626,276324,276324,276324,276324,346633084,0,200059744540378135492
2026-03-01 11:51:00,-166140541,166149850536685463000,276324,276324,276324,276324,363649189,529830052067151319953,200059744540378135492
2026-03-01 11:52:00,225656843,-225676751824172078214,276324,276324,276324,276324,225656843,0,200059744540378135492
2026-03-01 11:53:00,-5699030,5699481569037817009,276324,276324,276324,276324,0,5699481569037817009,200059744540378135492
2026-03-01 11:54:00,390666814,-390706311100688435391,276324,276324,276324,276324,775389002,384751954708566121160,200059744540378135492
2026-03-01 11:56:00,461295158,-461339217101680317830,276324,276324,276324,276324,461295158,0,200059744540378135492
2026-03-01 11:57:00,1306041832,-1306178111294734468802,276325,276324,276324,276325,1306041832,0,200059744540378135492
2026-03-01 11:58:00,-587100870,587158367843119448644,276325,276325,276325,276325,0,587158367843119448644,200059744540378135492
2026-03-01 11:59:00,-1836008428,1828639799609793969973,276324,276325,276248,276325,119364379933,121128715549902266171189,200059744540378135492
2026-03-01 12:01:00,-56203454,56208212510382521746,276324,276324,276324,276324,0,56208212510382521746,200059744540378135492
2026-03-01 12:02:00,159821472,-159837900673394670552,276324,276324,276324,276324,280965616,121154634516621042863,200059744540378135492
2026-03-01 12:04:00,-1013643224,1013725259354489499812,276324,276324,276324,276324,0,1013725259354489499812,200059744540378135492
2026-03-01 12:05:00,-3719591418,3673207888195387985854,276324,275879,275879,276324,117662486286,121271234963100898901544,200059744540378135492
2026-03-01 12:06:00,2069703228,-2069847000000000000000,276324,276324,276324,276324,2069703228,0,200059744540378135492
2026-03-01 12:07:00,1695769957,-1695919675143781673871,276324,276324,276324,276324,1695769957,0,200059744540378135492
2026-03-01 12:08:00,-3741298589,3741536728903206051142,276324,276324,276324,276324,1649627424,5391269728903206051142,200059744540378135492
2026-03-01 12:14:00,2176431960,-2176584833710505550077,276324,276324,276324,276324,2176431960,0,200059744540378135492
2026-03-01 12:17:00,1088202428,-1088296623504790588503,276324,276324,276324,276324,1088202428,0,200059744540378135492
2026-03-01 12:18:00,-692961428,693015847705588111670,276324,276324,276324,276324,0,693015847705588111670,200059744540378135492
2026-03-01 12:19:00,-15172467,15173603724982108281,276324,276324,276324,276324,0,15173603724982108281,200059744540378135492
2026-03-01 12:21:00,-33146800,33149277579423335156,276324,276324,276324,276324,0,33149277579423335156,200059744540378135492
2026-03-01 12:22:00,-1391563767,1391646791295417916204,276324,276324,276324,276324,1108748262,2500467270295417916204,200059744540378135492
2026-03-01 12:24:00,223250799,-223266827000000000000,276324,276324,276324,276324,223250799,0,200059744540378135492
2026-03-01 12:28:00,-1061225057,1061286185058355934851,276324,276324,276324,276324,0,1061286185058355934851,200059744540378135492
2026-03-01 12:31:00,793285835,-793338401000000000000,276324,276324,276324,276324,793285835,0,200059744540378135492
2026-03-01 12:32:00,489668557,-489704145098054379983,276324,276324,276324,276324,489668557,0,200059744540378135492
2026-03-01 12:33:00,1044881877,-1044965831936377465587,276324,276324,276324,276324,1044881877,0,200059744540378135492
2026-03-01 12:34:00,-185717454,185728187004118052904,276324,276324,276324,276324,312684841,498438964219933129292,200059744540378135492
2026-03-01 12:35:00,-1050188289,1050260189286390755202,276324,276324,276324,276324,0,1050260189286390755202,200059744540378135492
2026-03-01 12:36:00,316706754,-316731407233458569540,276324,276324,276324,276324,412980377,96280059421770233039,200059744540378135492
2026-03-01 12:38:00,-251982589,251998998306677030227,276324,276324,276324,276324,0,251998998306677030227,200059744540378135492
2026-03-01 12:39:00,-99533200,99539506479877330188,276324,276324,276324,276324,0,99539506479877330188,200059744540378135492
2026-03-01 12:42:00,244757813,-244775948252434707659,276324,276324,276324,276324,244757813,0,200059744540378135492
2026-03-01 12:43:00,-19906721,19908018729155359815,276324,276324,276324,276324,0,19908018729155359815,200059744540378135492
2026-03-01 12:46:00,-3396554551,3396718044256276059916,276324,276324,276324,276324,0,3396718044256276059916,200059744540378135492
2026-03-01 12:48:00,312008675,-312022003366585248283,276324,276324,276324,276324,312008675,0,200059744540378135492
2026-03-01 12:49:00,1275910480,-1275975111000000000000,276324,276324,276324,276324,1275910480,0,200059744540378135492
2026-03-01 12:50:00,101387937,-101393771000000000000,276324,276324,276324,276324,101387937,0,200059744540378135492
2026-03-01 12:51:00,40574324,-40576688000000000000,276324,276324,276324,276324,40574324,0,200059744540378135492
2026-03-01 12:53:00,180896640,-180907378000000000000,276324,276324,276324,276324,180896640,0,200059744540378135492
2026-03-01 12:54:00,462151223,-462180141866907766431,276324,276324,276324,276324,462151223,0,200059744540378135492
2026-03-01 12:55:00,1031102611,-1031179539840767293663,276324,276324,276324,276324,1502402611,471331749429004930944,200059744540378135492
2026-03-01 12:57:00,-559331806,531709054851303781150,276324,275374,275374,276324,117078864623,117546066412339963802398,200059744540378135492
2026-03-01 12:58:00,-298897007,298915248623273536144,276324,276324,276324,276324,0,298915248623273536144,200059744540378135492
2026-03-01 12:59:00,-83165666,83170582716222023038,276324,276324,276324,276324,0,83170582716222023038,200059744540378135492
2026-03-01 13:03:00,44151860,-44154904016632347509,276324,276324,276324,276324,44151860,0,200059744540378135492
2026-03-01 13:04:00,53686193,-53689920000000000000,276324,276324,276324,276324,53686193,0,200059744540378135492
2026-03-01 13:05:00,48043718,-48047078000000000000,276324,276324,276324,276324,48043718,0,200059744540378135492
2026-03-01 13:10:00,202887076,-202901518000000000000,276324,276324,276324,276324,202887076,0,200059744540378135492
2026-03-01 13:11:00,44552216,-44555443000000000000,276324,276324,276324,276324,44552216,0,200059744540378135492
2026-03-01 13:12:00,408194612,-408225096000000000000,276324,276324,276324,276324,408194612,0,200059744540378135492
2026-03-01 13:13:00,29996416,-29998722290247471410,276324,276324,276324,276324,29996416,0,200059744540378135492
2026-03-01 13:16:00,-500000000,500032259909161247145,276324,276324,276324,276324,0,500032259909161247145,200059744540378135492
2026-03-01 13:18:00,1719320660,-1719459266246302588303,276324,276324,276324,276324,1719320660,0,200059744540378135492
2026-03-01 13:19:00,-638130018,638176124902430144173,276324,276324,276324,276324,240210789,878408607125155377230,200059744540378135492
2026-03-01 13:20:00,-825315797,825372499409040807332,276324,276324,276324,276324,0,825372499409040807332,200059744540378135492
2026-03-01 13:21:00,-661647672,661683788849853382096,276324,276324,276324,276324,442184684,1103897548215282562517,200059744540378135492
2026-03-01 13:22:00,598661646,-598704125263107374384,276324,276324,276324,276324,598661646,0,200059744540378135492
2026-03-01 13:23:00,-62266965,62270235404220375923,276324,276324,276324,276324,69093000,131368278875090697568,200059744540378135492
2026-03-01 13:24:00,-425868569,425894630449266527071,276324,276324,276324,276324,0,425894630449266527071,200059744540378135492
2026-03-01 13:25:00,-82670201,82675049402754123060,276324,276324,276324,276324,0,82675049402754123060,200059744540378135492
2026-03-01 13:26:00,1307970365,-1308072678907131226483,276324,276324,276324,276324,1757970365,450028643865404314264,200059744540378135492
2026-03-01 13:27:00,845850411,-846001204419577986268,276324,276325,276324,276325,8687919711,7843002358366691563048,200059744540378135492
2026-03-01 13:29:00,-20910616,20912281544746948174,276324,276324,276324,276324,0,20912281544746948174,200059744540378135492
2026-03-01 13:30:00,-17796793,17798207447285051373,276324,276324,276324,276324,0,17798207447285051373,200059744540378135492
2026-03-01 13:32:00,-4339779746,4340026229017766968420,276324,276324,276324,276324,389692656,4729736053666575391972,200059744540378135492
2026-03-01 13:33:00,1271588125,-1271654704902571088729,276324,276324,276324,276324,1271588125,0,200059744540378135492
2026-03-01 13:34:00,121799964,-121807190761157809250,276324,276324,276324,276324,121799964,0,200059744540378135492
2026-03-01 13:35:00,1534652603,-1534756352845283478186,276324,276324,276324,276324,1534652603,0,200059744540378135492
2026-03-01 13:36:00,-1818693464,1818780643975822734997,276324,276324,276324,276324,1499793617,3318678216225203964184,200059744540378135492
2026-03-01 13:37:00,236409599,-236423376167929643008,276324,276324,276324,276324,236409599,0,200059744540378135492
2026-03-01 13:38:00,41613116,-41615599619040847553,276324,276324,276324,276324,41613116,0,200059744540378135492
2026-03-01 13:40:00,1258041015,-1258124249162343384609,276324,276324,276324,276324,1258041015,0,200059744540378135492
2026-03-01 13:42:00,-3471665120,3471821672378888230675,276324,276324,276324,276324,0,3471821672378888230675,200059744540378135492
2026-03-01 13:43:00,50739029,-50740957569790894920,276324,276324,276324,276324,50739029,0,200059744540378135492
2026-03-01 13:44:00,555794691,-555817494151881125827,276324,276324,276324,276324,555794691,0,200059744540378135492
2026-03-01 13:45:00,1563364878,-1563445581000000000000,276324,276324,276324,276324,1563364878,0,200059744540378135492
2026-03-01 13:46:00,622760234,-622799187000000000000,276324,276324,276324,276324,622760234,0,200059744540378135492
2026-03-01 13:51:00,-953316989,953365508138300492095,276324,276324,276324,276324,0,953365508138300492095,200059744540378135492
2026-03-01 13:52:00,1551702586,-1551834194313757263747,276324,276324,276324,276324,4798720284,3247148136686242736253,200059744540378135492
2026-03-01 13:53:00,-3453439132,3453592396757692245991,276324,276324,276324,276324,0,3453592396757692245991,200059744540378135492
2026-03-01 13:54:00,404182,-404197572387470050,276324,276324,276324,276324,404182,0,200059744540378135492
2026-03-01 13:56:00,2669266697,-2669404560220804244077,276324,276324,276324,276324,2984980729,315731517779195755923,200059744540378135492
2026-03-01 14:00:00,218373731,-218388120928889779982,276324,276324,276324,276324,239988070,21615550621404474519,200059744540378135492
2026-03-01 14:01:00,57282407,-57286204074044253891,276324,276324,276324,276324,57282407,0,200059744540378135492
2026-03-01 14:02:00,-831153719,831195945935617991209,276324,276324,276324,276324,133187443,964391059935617991209,200059744540378135492
2026-03-01 14:03:00,-542677897,542702610773595867631,276324,276324,276324,276324,0,542702610773595867631,200059744540378135492
2026-03-01 14:04:00,1183759717,-1183829260192336032142,276324,276324,276324,276324,1183759717,0,200059744540378135492
2026-03-01 14:05:00,-978636296,978685003526846439478,276324,276324,276324,276324,0,978685003526846439478,200059744540378135492
2026-03-01 14:06:00,1039265447,-1039331247564866075340,276324,276324,276324,276324,1375864116,336617839160670189702,200059744540378135492
2026-03-01 14:08:00,-100211453,100216940540027183449,276324,276324,276324,276324,0,100216940540027183449,200059744540378135492
2026-03-01 14:09:00,-1407393256,1407459730949255199427,276324,276324,276324,276324,0,1407459730949255199427,200059744540378135492
2026-03-01 14:10:00,856654096,-856700768044729485388,276324,276324,276324,276324,856654096,0,200059744540378135492
2026-03-01 14:11:00,-415660050,415679454028956966366,276324,276324,276324,276324,0,415679454028956966366,200059744540378135492
2026-03-01 14:15:00,269806636,-269821734173514509556,276324,276324,276324,276324,269806636,0,200059744540378135492
2026-03-01 14:16:00,-1352660930,1352715767972993266389,276324,276324,276324,276324,0,1352715767972993266389,200059744540378135492
2026-03-01 14:17:00,216522774,-216541206938688922734,276324,276324,276324,276324,1088252803,871765161762631953354,200059744540378135492
2026-03-01 14:18:00,14752599,-14753278126755147786,276324,276324,276324,276324,14752599,0,200059744540378135492
2026-03-01 14:20:00,3275163615,-3275368201886556526826,276324,276324,276324,276324,3275163615,0,200059744540378135492
2026-03-01 14:21:00,-2142978989,2143101026351692629049,276324,276324,276324,276324,252030355,2395145534351692629049,200059744540378135492
2026-03-01 14:23:00,-3962844889,3962946085843237202201,276324,276324,276324,276324,818593337,4781550639843237202201,200059744540378135492
2026-03-01 14:24:00,4017730636,-4017882819000000000000,276324,276324,276324,276324,4017730636,0,200059744540378135492
2026-03-01 14:25:00,906480335,-906536984628026623075,276324,276324,276324,276324,906480335,0,200059744540378135492
2026-03-01 14:26:00,-69761954,69765907571047662580,276324,276324,276324,276324,0,69765907571047662580,200059744540378135492
2026-03-01 14:27:00,-184322984,184333196009144579186,276324,276324,276324,276324,0,184333196009144579186,200059744540378135492
2026-03-01 14:31:00,-215787477,215799000018937219508,276324,276324,276324,276324,0,215799000018937219508,200059744540378135492
2026-03-01 14:32:00,-710328367,710363012077000180894,276324,276324,276324,276324,0,710363012077000180894,200059744540378135492
2026-03-01 14:33:00,-5529685994,5529783221196966744889,276323,276323,276323,276323,0,5529783221196966744889,200049416117217715427
2026-03-01 14:34:00,9967641,-9967641000000000000,276323,276323,276323,276323,9967641,0,200049416117217715427
2026-03-01 14:35:00,4635960817,-4636068446051687276905,276324,276323,276323,276324,4635960817,0,200059744540378135492
2026-03-01 14:40:00,-220733484,220741272424020715260,276324,276324,276324,276324,0,220741272424020715260,200059744540378135492
2026-03-01 14:45:00,-1025151741,1025181529567921380246,276324,276324,276324,276324,0,1025181529567921380246,200059744540378135492
2026-03-01 14:54:00,-173790705,173794713401982193692,276324,276324,276324,276324,0,173794713401982193692,200059744540378135492
2026-03-01 14:57:00,101996664,-102000000000000000000,276324,276324,276324,276324,101996664,0,200059744540378135492
2026-03-01 15:01:00,-2208394058,2208420948305439766773,276324,276324,276324,276324,0,2208420948305439766773,200059744540378135492
2026-03-01 15:02:00,-250507800,250507770962387578347,276324,276324,276324,276324,0,250507770962387578347,200059744540378135492
2026-03-01 15:04:00,1119261592,-1119277518000000000000,276324,276324,276324,276324,1119261592,0,200059744540378135492
2026-03-01 15:05:00,422483534,-422492801972892148201,276324,276324,276324,276324,422483534,0,200059744540378135492
2026-03-01 15:06:00,1604852592,-1604904059000000000000,276324,276324,276324,276324,1604852592,0,200059744540378135492
2026-03-01 15:08:00,-3497855381,3497870490384894181590,276324,276324,276324,276324,2898377105,6396405790341926760414,200059744540378135492
2026-03-01 15:09:00,1013036534,-1013046854258479579136,276324,276324,276324,276324,1013036534,0,200059744540378135492
2026-03-01 15:10:00,27938162,-27938592000000000000,276324,276324,276324,276324,27938162,0,200059744540378135492
2026-03-01 15:15:00,1040986,-1041002507918451939,276324,276324,276324,276324,1040986,0,200059744540378135492
2026-03-01 15:16:00,176647268,-176650170000000000000,276324,276324,276324,276324,176647268,0,200059744540378135492
2026-03-01 15:17:00,1338279193,-1338311306300870447031,276324,276324,276324,276324,1338279193,0,200059744540378135492
2026-03-01 15:18:00,-4200000000,4199998699518101361834,276323,276323,276323,276323,0,4199998699518101361834,200049416117217715427
2026-03-01 15:19:00,999148178,-999141875000000000000,276323,276323,276323,276323,999148178,0,200049416117217715427
2026-03-01 15:20:00,451121575,-451122000000000000000,276324,276324,276324,276324,451121575,0,200059744540378135492
2026-03-01 15:21:00,205525211,-205526079000000000000,276324,276324,276324,276324,205525211,0,200059744540378135492
2026-03-01 15:24:00,-897779814,897771519150012647001,276323,276323,276323,276323,0,897771519150012647001,200049416117217715427
2026-03-01 15:26:00,1104327515,-1104330531614947833503,276324,276324,276324,276324,1207599515,103271775385052166497,200059744540378135492
2026-03-01 15:27:00,-237630054,221472098533011046072,275049,275049,275049,276324,110444955668,110601650309911114890936,4999993390435
2026-03-01 15:28:00,-636633362,636624889237964460175,276323,276323,276323,276323,402747686,1039371889237964460175,200049416117217715427
2026-03-01 15:29:00,-990484225,990469255154868163926,276323,276323,276323,276323,0,990469255154868163926,200049416117217715427
2026-03-01 15:30:00,698643623,-698639032000000000000,276323,276323,276323,276323,698643623,0,200049416117217715427
2026-03-01 15:33:00,839159063,-839160000000000000000,276324,276324,276324,276324,839159063,0,200059744540378135492
2026-03-01 15:34:00,-2382667000,2382627445171840083037,276323,276323,276323,276323,0,2382627445171840083037,200049416117217715427
2026-03-01 15:35:00,102238000,-102236160000000000000,276323,276323,276323,276323,102238000,0,200049416117217715427
2026-03-01 15:36:00,1530648184,-1530633128000000000000,276323,276323,276323,276323,1530648184,0,200049416117217715427
2026-03-01 15:37:00,1974019006,-1974034170000000000000,276324,276324,276324,276324,1974019006,0,200059744540378135492
2026-03-01 15:39:00,-802008833,802007030022187893270,276324,276324,276324,276324,463869012,1265880530022187893270,200059744540378135492
2026-03-01 15:40:00,-49575000,49574964334587301075,276324,276324,276324,276324,0,49574964334587301075,200059744540378135492
2026-03-01 15:42:00,-63753508,55762336572239981466,274117,274117,274117,276324,110700143563,110691089733039205591962,4999993390435
2026-03-01 15:43:00,-1985502464,20727807999206589300,223826,276324,223826,276324,110777145674,110650253490853411059188,4999993390435
2026-03-01 15:50:00,-671954263,671950411309095864594,276323,276324,276323,276324,68045737,739996596309095864594,200049416117217715427
2026-03-01 15:52:00,-799947208,799937548962485268030,276323,276323,276323,276323,0,799937548962485268030,200049416117217715427
2026-03-01 15:56:00,1864178022,-1864186169603378783708,276324,276324,276324,276324,2073723287,209546021396621216292,200059744540378135492
2026-03-01 15:57:00,1061872055,-1061894470175029502119,276324,276324,276324,276324,1405623479,343756544824970497881,200059744540378135492
2026-03-01 15:58:00,-713573049,713579908061294789936,276324,276324,276324,276324,0,713579908061294789936,200059744540378135492
2026-03-01 15:59:00,1186739732,-1186766041803198784962,276324,276324,276324,276324,1209494381,22754783751299594900,200059744540378135492
2026-03-01 16:01:00,-1974033468,1974049343062375551474,276324,276324,276324,276324,0,1974049343062375551474,200059744540378135492
2026-03-01 16:02:00,437003053,-437007581237345009576,276324,276324,276324,276324,437003053,0,200059744540378135492
2026-03-01 16:03:00,-616960700,616960365620147926077,276324,276324,276324,276324,0,616960365620147926077,200059744540378135492
2026-03-01 16:04:00,-1893944121,1893919326162811166700,276323,276323,276323,276323,0,1893919326162811166700,200049416117217715427
2026-03-01 16:06:00,201872661,-201870330000000000000,276323,276323,276323,276323,201872661,0,200049416117217715427
2026-03-01 16:07:00,500004020,-500000000000000000000,276323,276323,276323,276323,500004020,0,200049416117217715427
2026-03-01 16:08:00,349948005,-349946679000000000000,276323,276323,276323,276323,349948005,0,200049416117217715427
2026-03-01 16:09:00,455377571,-456498109458285412572,276324,381701,276323,403897,110900448735,113443995518521326500304,200059744540378135492
2026-03-01 16:11:00,-1916378008,1916345056917277388106,276323,276324,276323,276324,24783501,1941128623917277388106,200049416117217715427
2026-03-01 16:12:00,1858125030,-1858111364000000000000,276323,276323,276323,276323,1858125030,0,200049416117217715427
2026-03-01 16:14:00,-405022527,405018438877554951029,276323,276323,276323,276323,0,405018438877554951029,200049416117217715427
2026-03-01 16:15:00,1098856288,-1098860000000000000000,276324,276323,276323,276324,1098856288,0,200059744540378135492
2026-03-01 16:16:00,-402458625,402457359687248826355,276324,276324,276324,276324,0,402457359687248826355,200059744540378135492
2026-03-01 16:17:00,3306884741,-3306955430227327421901,276324,276324,276324,276324,3306884741,0,200059744540378135492
2026-03-01 16:18:00,-206872167,204479793345823796158,276201,276201,276201,276324,113513062664,113652851218560482831294,4169326940723843724643
2026-03-01 16:19:00,-1527280802,1527308083406379220725,276324,276324,276324,276324,210814377,1738126821406379220725,200059744540378135492
2026-03-01 16:22:00,-1890059789,1890060504987879209711,276324,276324,276323,276324,336515013,2226575866987879209711,200059744540378135492
2026-03-01 16:24:00,-1015230836,1015194650334778162816,276323,276324,276323,276324,2363551705,3378780695212512140324,200049416117217715427
2026-03-01 16:26:00,3373494548,-3382976482248721098430,276324,276403,276324,276403,113300084543,109990770221236546521902,200059744540378135492
2026-03-01 16:27:00,90500669,-90502138000000000000,276324,276324,276324,276324,90500669,0,200059744540378135492
2026-03-01 16:30:00,-513218886,513220993941693277953,276324,276324,276324,276324,0,513220993941693277953,200059744540378135492
2026-03-01 16:31:00,4964942,-4965000000000000000,276324,276324,276324,276324,4964942,0,200059744540378135492
2026-03-01 16:32:00,990979167,-990995565000000000000,276324,276324,276324,276324,990979167,0,200059744540378135492
2026-03-01 16:33:00,-439270888,439274974589507603130,276324,276324,276324,276324,0,439274974589507603130,200059744540378135492
2026-03-01 16:34:00,78909013,-78910395000000000000,276324,276324,276324,276324,78909013,0,200059744540378135492
2026-03-01 16:37:00,518028422,-518043854949509199487,276324,276324,276324,276324,999981922,481956145050490800513,200059744540378135492
2026-03-01 16:38:00,-516238020,516243437692500297297,276324,276324,276324,276324,0,516243437692500297297,200059744540378135492
2026-03-01 16:40:00,-410716955,410719362493163969058,276324,276324,276324,276324,0,410719362493163969058,200059744540378135492
2026-03-01 16:41:00,221257974,-221261274397910358012,276324,276324,276324,276324,221257974,0,200059744540378135492
2026-03-01 16:45:00,332562604,-332568486000000000000,276324,276324,276324,276324,332562604,0,200059744540378135492
2026-03-01 16:48:00,6087612208,-6087915233000000000000,276324,276324,276324,276324,6087612208,0,200059744540378135492
2026-03-01 16:49:00,-12662562912,12662641581549367317423,276323,276324,276323,276324,884005536,13546602208733672231855,200049416117217715427
2026-03-01 16:51:00,3005629211,-3005534955434928375928,276323,276323,276323,276323,3005629211,0,200049416117217715427
2026-03-01 16:52:00,469744810,-469750468506313929438,276323,276323,276323,276323,1692544810,1222760322169476874342,200049416117217715427
2026-03-01 16:53:00,578478434,-578473502121546747070,276323,276323,276323,276323,591260172,12781536048569223702,200049416117217715427
2026-03-01 16:54:00,5088237367,-5088338982274025063640,276324,276323,276323,276324,5288037367,199796632276858470092,200059744540378135492
2026-03-01 16:55:00,-1323567163,1316949890893774337367,276324,276324,276225,276324,115915856474,117168227128661944281204,200059744540378135492
2026-03-01 16:57:00,-111406924,111409914052135641730,276324,276324,276324,276324,0,111409914052135641730,200059744540378135492
2026-03-01 16:58:00,895642388,-895678901800850838064,276324,276324,276324,276324,895642388,0,200059744540378135492
2026-03-01 17:00:00,-1275219665,1275256480330118800457,276324,276324,276324,276324,0,1275256480330118800457,200059744540378135492
2026-03-01 17:01:00,880792736,-880837724724398120434,276324,276324,276324,276324,2129515241,1248742801552813164970,200059744540378135492
2026-03-01 17:03:00,-3495000000,3495048341274025060079,276324,276324,276324,276324,0,3495048341274025060079,200059744540378135492
2026-03-01 17:08:00,20847371,-20847506000000000000,276324,276324,276324,276324,20847371,0,200059744540378135492
2026-03-01 17:09:00,222896404,-222898117000000000000,276324,276324,276324,276324,222896404,0,200059744540378135492
2026-03-01 17:13:00,347253114,-347256773000000000000,276324,276324,276324,276324,347253114,0,200059744540378135492
2026-03-01 17:16:00,1901205206,-1901246602339933386786,276324,276324,276324,276324,1901205206,0,200059744540378135492
2026-03-01 17:17:00,-1194839438,1194837025223115093174,276324,276324,276324,276324,2069559097,3264424479378803807483,200059744540378135492
2026-03-01 17:18:00,2736699252,-2736797095263828010222,276324,276324,276324,276324,3486534329,749839262896640328833,200059744540378135492
2026-03-01 17:19:00,-3607111257,3607170251680794924946,276324,276323,276323,276324,831321173,4438496809135731783769,200059744540378135492
2026-03-01 17:20:00,2680166,-2680194825458519220,276324,276324,276324,276324,2680166,0,200059744540378135492
2026-03-01 17:21:00,-51247349,51245357842726681691,276324,276324,276324,276324,201136483,252384186842726681691,200059744540378135492
2026-03-01 17:24:00,-545764991,545763580976174724237,276324,276324,276324,276324,0,545763580976174724237,200059744540378135492
2026-03-01 17:26:00,247618879,-247620347000000000000,276324,276324,276324,276324,247618879,0,200059744540378135492
2026-03-01 17:27:00,31833311,-31833545000000000000,276324,276324,276324,276324,31833311,0,200059744540378135492
2026-03-01 17:28:00,1020990655,-1021008206765879943547,276324,276324,276324,276324,1491086430,470093486372240056453,200059744540378135492
2026-03-01 17:29:00,1018955988,-1018979204489514759119,276324,276324,276324,276324,1018955988,0,200059744540378135492
2026-03-01 17:30:00,-701656376,701666456251280761616,276324,276324,276324,276324,0,701666456251280761616,200059744540378135492
2026-03-01 17:32:00,-729082288,729087524482296031995,276324,276324,276324,276324,2420322,731507880033638104285,200059744540378135492
2026-03-01 17:34:00,399926772,-399933000000000000000,276324,276324,276324,276324,399926772,0,200059744540378135492
2026-03-01 17:35:00,-48765896,7091981848256288274,276324,251114,251114,276324,111590336686,111523633369378249348626,200059744540378135492
2026-03-01 17:39:00,-744150000,744152835144661463471,276324,276324,276324,276324,0,744152835144661463471,200059744540378135492
2026-03-01 17:44:00,855929021,-855984424505510766035,276324,276324,276324,276324,5166106557,4310307672090700624054,200059744540378135492
2026-03-01 17:46:00,-266764723,266763245487863963186,276324,276324,276324,276324,342835277,609605503402978287913,200059744540378135492
2026-03-01 17:48:00,719962003,-719976099965909536007,276324,276324,276324,276324,719962003,0,200059744540378135492
2026-03-01 17:49:00,-16881878,16882098460335825305,276324,276324,276324,276324,0,16882098460335825305,200059744540378135492
2026-03-01 17:51:00,-1532091805,1532096746884938564553,276324,276324,276324,276324,325564524,1857663246219428768794,200059744540378135492
2026-03-01 17:52:00,137351312,-137352928807311420316,276324,276324,276324,276324,183756882,46405536462523929685,200059744540378135492
2026-03-01 17:53:00,67604487,-67605122935275405891,276324,276324,276324,276324,67604487,0,200059744540378135492
2026-03-01 17:55:00,2205084635,-2205130424418939560027,276324,276324,276324,276324,2205084635,0,200059744540378135492
2026-03-01 17:56:00,-2629950000,2629972724509132114751,276324,276324,276324,276324,0,2629972724509132114751,200059744540378135492
2026-03-01 17:58:00,893031106,-893040000000000000000,276324,276324,276324,276324,893031106,0,200059744540378135492
2026-03-01 17:59:00,-2657746186,2657713331440845111129,276324,276324,276323,276324,929876398,3587607370723069905573,200059744540378135492
2026-03-01 18:00:00,636576794,-636571088000000000000,276323,276323,276323,276323,636576794,0,200049416117217715427
2026-03-01 18:01:00,49139190,-49138918115830679907,276323,276323,276323,276323,49139190,0,200049416117217715427
2026-03-01 18:02:00,-1296933095,1296881323194546533164,276323,276323,276323,276323,2353014807,3649825495617453725747,200049416117217715427
2026-03-01 18:03:00,6095293,-6095182052679954074,276323,276323,276323,276323,6095293,0,200049416117217715427
2026-03-01 18:04:00,3162196155,-3162188599000000000000,276324,276324,276324,276324,3162196155,0,200059744540378135492
2026-03-01 18:07:00,1388937174,-1388993202099494343670,276324,276324,276323,276324,4163249024,2774331014116699538997,200059744540378135492
2026-03-01 18:08:00,342696697,-342706640492133541448,276324,276324,276324,276324,342696697,0,200059744540378135492
2026-03-01 18:09:00,137277549,-137284896364041600971,276324,276324,276324,276324,440648837,303377116135491705711,200059744540378135492
2026-03-01 18:13:00,-24825000,24825544691189833633,276324,276324,276324,276324,0,24825544691189833633,200059744540378135492
2026-03-01 18:14:00,-187757522,187761448521651613510,276324,276324,276324,276324,0,187761448521651613510,200059744540378135492
2026-03-01 18:15:00,841421659,-841451016149066945927,276324,276324,276324,276324,900968935,59548983850933054073,200059744540378135492
2026-03-01 18:16:00,990760359,-990803300000000000000,276324,276324,276324,276324,990760359,0,200059744540378135492
2026-03-01 18:19:00,-3905097020,3905170325653381123594,276324,276324,276324,276324,0,3905170325653381123594,200059744540378135492
2026-03-01 18:23:00,631636324,-631647663914445808189,276324,276324,276324,276324,981492227,349856655300564579017,200059744540378135492
2026-03-01 18:25:00,-400000000,400001426933655281409,276324,276324,276324,276324,0,400001426933655281409,200059744540378135492
2026-03-01 18:26:00,-211921397,211921504398350296855,276324,276324,276324,276324,0,211921504398350296855,200059744540378135492
2026-03-01 18:31:00,325852419,-325856029000000000000,276324,276324,276324,276324,325852419,0,200059744540378135492
2026-03-01 18:33:00,-658251958,658251573264275063975,276324,276324,276324,276324,0,658251573264275063975,200059744540378135492
2026-03-01 18:36:00,797391888,-797436499973801574946,276324,276324,276324,276324,4452062756,3654752609266672868342,200059744540378135492
2026-03-01 18:38:00,2114428660,-2114480819345752065984,276324,276324,276324,276324,2114428660,0,200059744540378135492
2026-03-01 18:41:00,-2000000000,2000030478695413512185,276324,276324,276324,276324,0,2000030478695413512185,200059744540378135492
2026-03-01 18:44:00,143107078,-143112446438087876943,276324,276324,276324,276324,451489270,308383553561912123057,200059744540378135492
2026-03-01 18:46:00,-308825320,308826903147556745070,276324,276324,276324,276324,0,308826903147556745070,200059744540378135492
2026-03-01 18:51:00,1227711458,-1235063689411372063805,276343,276324,276324,276482,109294355541,108130820091561057371661,20015983941558661743
2026-03-01 18:52:00,831812579,-831835784694555730965,276324,276324,276324,276324,980766023,148956573042206905426,200059744540378135492
2026-03-01 18:53:00,-1156778532,1156795283839284733133,276324,276324,276324,276324,0,1156795283839284733133,200059744540378135492
2026-03-01 18:54:00,961049501,-961072089000000000000,276324,276324,276324,276324,961049501,0,200059744540378135492
2026-03-01 18:56:00,-600000000,600009184778542948416,276324,276324,276324,276324,0,600009184778542948416,200059744540378135492
2026-03-01 18:58:00,-594147181,594152718522556776280,276324,276324,276324,276324,1002232,595154973778972035218,200059744540378135492
2026-03-01 19:01:00,2912359351,-2912449423463341653338,276324,276324,276324,276324,2912359351,0,200059744540378135492
2026-03-01 19:03:00,-953905367,953934667255289042526,276324,276324,276324,276324,0,953934667255289042526,200059744540378135492
2026-03-01 19:04:00,41859798,-41861312502022570409,276324,276324,276324,276324,41859798,0,200059744540378135492
2026-03-01 19:05:00,-30614797,30615205584121034774,276324,276324,276324,276324,39245203,69861816888247986669,200059744540378135492
2026-03-01 19:07:00,-232495725,232501513285483971494,276324,276324,276324,276324,0,232501513285483971494,200059744540378135492
2026-03-01 19:09:00,-3032611753,3032625789351879204325,276323,276323,276323,276324,1197305247,4229927965357757525567,200049416117217715427
2026-03-01 19:10:00,75390823,-75391109368644626746,276324,276324,276324,276324,75390823,0,200059744540378135492
2026-03-01 19:11:00,-1102858258,1102845749233731040663,276323,276323,276323,276323,0,1102845749233731040663,200049416117217715427
2026-03-01 19:12:00,413346900,-413344922000000000000,276323,276323,276323,276323,413346900,0,200049416117217715427
2026-03-01 19:13:00,984745387,-984747556000000000000,276324,276324,276324,276324,984745387,0,200059744540378135492
2026-03-01 19:14:00,2144258144,-2144296404603542812238,276324,276324,276324,276324,2144258144,0,200059744540378135492
2026-03-01 19:16:00,369610541,-369621781000000000000,276324,276324,276324,276324,369610541,0,200059744540378135492
2026-03-01 19:17:00,936470899,-936525589382009254745,276324,276324,276324,276324,2946086575,2009691953493078093004,200059744540378135492
2026-03-01 19:20:00,-2385444944,2385491922680339080828,276324,276324,276324,276324,0,2385491922680339080828,200059744540378135492
2026-03-01 19:21:00,-132964229,132965173620861154153,276324,276324,276324,276324,0,132965173620861154153,200059744540378135492
2026-03-01 19:22:00,771437365,-771453023919625205962,276324,276324,276324,276324,771437365,0,200059744540378135492
2026-03-01 19:23:00,949124875,-949155642861589430632,276324,276324,276324,276324,1282975476,333859050273732072584,200059744540378135492
2026-03-01 19:24:00,-3352099570,3305849153885666633735,276324,276324,275991,276324,111421776037,114662877492004806395056,200059744540378135492
2026-03-01 19:27:00,10873369,-17135923128031011548,283010,283011,276324,283011,108848086923,108901959359404446008887,4999993390435
2026-03-01 19:28:00,2791984943,-2792063001420644710942,276324,276324,276324,276324,2791984943,0,200059744540378135492
2026-03-01 19:30:00,-6046723066,6010878034920266757145,276323,276582,276323,276582,107376358803,113487177600633523862020,200049416117217715427
2026-03-01 19:31:00,5619727993,-5619706825000000000000,276324,276323,276323,276324,5619727993,0,200059744540378135492
2026-03-01 19:33:00,-4165695600,4165668525524592727705,276323,276324,276323,276324,0,4165668525524592727705,200049416117217715427
2026-03-01 19:34:00,143054701,-143052326000000000000,276323,276323,276323,276323,143054701,0,200049416117217715427
2026-03-01 19:35:00,1157850747,-1157839050000000000000,276323,276323,276323,276323,1157850747,0,200049416117217715427
2026-03-01 19:37:00,1207775802,-1207777882000000000000,276324,276324,276324,276324,1207775802,0,200059744540378135492
2026-03-01 19:43:00,335848853,-335852023000000000000,276324,276324,276324,276324,335848853,0,200059744540378135492
2026-03-01 19:44:00,156653779,-156688288333606922573,276324,276324,276323,276324,3420707483,3264004089650652898270,200059744540378135492
2026-03-01 19:45:00,-1264540453,1264533779687645156425,276323,276323,276323,276323,207006560,1471540134571288335433,200049416117217715427
2026-03-01 19:47:00,1809235743,-1809252179222440195990,276324,276324,276324,276324,1809235743,0,200059744540378135492
2026-03-01 19:48:00,-194000000,194001388624685482225,276324,276324,276324,276324,0,194001388624685482225,200059744540378135492
2026-03-01 19:49:00,-100000000,100000568828753740143,276324,276324,276324,276324,0,100000568828753740143,200059744540378135492
2026-03-01 19:50:00,1375623433,-1375653886423592245244,276324,276324,276324,276324,1385553433,9930188225462402846,200059744540378135492
2026-03-01 19:51:00,618669976,-618689795327896297061,276324,276324,276324,276324,618669976,0,200059744540378135492
2026-03-01 19:52:00,-5440608673,5440595174994608555298,276324,276324,276323,276324,223723812,5664324875024124519514,200059744540378135492
2026-03-01 19:53:00,388509182,-388502452155152783958,276323,276323,276323,276323,388509182,0,200049416117217715427
2026-03-01 19:55:00,265594693,-265590961000000000000,276323,276323,276323,276323,265594693,0,200049416117217715427
2026-03-01 19:57:00,22999797,-22999507217500888701,276323,276323,276323,276323,22999797,0,200049416117217715427
2026-03-01 19:58:00,909664295,-909657065000000000000,276323,276323,276323,276323,909664295,0,200049416117217715427
2026-03-01 19:59:00,992489951,-992491500000000000000,276324,276324,276324,276324,992489951,0,200059744540378135492
2026-03-01 20:02:00,-64406773,64406527208625380885,276324,276324,276324,276324,0,64406527208625380885,200059744540378135492
2026-03-01 20:03:00,-484658937,484655763495670138817,276323,276323,276323,276323,0,484655763495670138817,200049416117217715427
2026-03-01 20:04:00,-199800000,199798008582140403239,276323,276323,276323,276323,0,199798008582140403239,200049416117217715427
2026-03-01 20:07:00,402516343,-402516766000000000000,276324,276323,276323,276324,402516343,0,200059744540378135492
2026-03-01 20:09:00,-1523673041,1523638570899768493518,276323,276323,276323,276323,1228696059,2752312125370894009806,200049416117217715427
2026-03-01 20:10:00,465569379,-465564794515844461456,276323,276323,276323,276323,465569379,0,200049416117217715427
2026-03-01 20:11:00,384199522,-384197372078806751456,276323,276323,276323,276323,384199522,0,200049416117217715427
2026-03-01 20:12:00,268743174,-268742546476364733397,276323,276323,276323,276323,268743174,0,200049416117217715427
2026-03-01 20:13:00,1188346591,-1188365074204920491724,276324,276324,276324,276324,2448346591,1260009054549285306270,200059744540378135492
2026-03-01 20:14:00,-1097122633,1097111572749151647371,276323,276324,276323,276324,601322316,1698442244690839367621,200049416117217715427
2026-03-01 20:16:00,-252497980,252491677098831934783,276323,276323,276323,276323,343731148,596222703098831934783,200049416117217715427
2026-03-01 20:17:00,1379002917,-1379008832053124328710,276324,276324,276324,276324,1379002917,0,200059744540378135492
2026-03-01 20:20:00,-1139182270,1139115535990504711104,276323,276324,276323,276324,6158994754,7298368778214263228812,200049416117217715427
2026-03-01 20:21:00,336392616,-336406687040386767425,276324,276323,276323,276324,1693703011,1357287331686937194676,200059744540378135492
2026-03-01 20:22:00,183108632,-183116538840109325928,276324,276323,276323,276324,898891661,715777578408465412400,200059744540378135492
2026-03-01 20:25:00,909376065,-909384734354287272407,276324,276324,276324,276324,909376065,0,200059744540378135492
2026-03-01 20:26:00,1401163607,-1401199405267257923474,276324,276324,276324,276324,2026963607,625800594732742076526,200059744540378135492
2026-03-01 20:27:00,159633424,-159638035430159545111,276324,276324,276324,276324,159633424,0,200059744540378135492
2026-03-01 20:28:00,344687590,-344711052588135045947,276324,276324,276324,276324,1608190934,1263520231906431514432,200059744540378135492
2026-03-01 20:30:00,-2664716888,2664741010915157435764,276324,276324,276324,276324,201279849,2866021963915157435764,200059744540378135492
2026-03-01 20:31:00,490907874,-490912264517784889789,276324,276324,276324,276324,490907874,0,200059744540378135492
2026-03-01 20:32:00,400668148,-400678392062406188040,276324,276324,276324,276324,888072530,487408201323718516935,200059744540378135492
2026-03-01 20:33:00,2539040530,-2539111864143669044283,276324,276324,276324,276324,2539040530,0,200059744540378135492
2026-03-01 20:36:00,-996899975,996869601701929248394,276324,276324,276323,276324,5608961124,6605943547140237357294,200059744540378135492
2026-03-01 20:37:00,-1349925625,1349940745658605511692,276324,276324,276324,276324,387416575,1737363282222166487073,200059744540378135492
2026-03-01 20:38:00,-995294299,995296636171887310692,276324,276324,276324,276324,0,995296636171887310692,200059744540378135492
2026-03-01 20:39:00,301065841,-301068514710670802944,276324,276324,276324,276324,301065841,0,200059744540378135492
2026-03-01 20:41:00,829147773,-829159819567723693778,276324,276324,276324,276324,829147773,0,200059744540378135492
2026-03-01 20:42:00,-251857757,251859623484347028219,276324,276324,276324,276324,0,251859623484347028219,200059744540378135492
2026-03-01 20:43:00,1055447867,-1055470486697874872361,276324,276324,276324,276324,1055447867,0,200059744540378135492
2026-03-01 20:44:00,-822352204,619183327663332249136,276324,271300,271299,276324,112186879500,112741014484188111479266,200059744540378135492
2026-03-01 20:45:00,-1493550000,1493559170284005610665,276324,276324,276324,276324,0,1493559170284005610665,200059744540378135492
2026-03-01 20:47:00,333238346,-333241792095933832109,276324,276324,276324,276324,333238346,0,200059744540378135492
2026-03-01 20:48:00,-3998415889,3998343994640160857850,276323,276323,276323,276323,0,3998343994640160857850,200049416117217715427
2026-03-01 20:49:00,469372258,-469360233000000000000,276323,276323,276323,276323,469372258,0,200049416117217715427
2026-03-01 20:51:00,1610904237,-1610885279536412506361,276323,276323,276323,276323,2167266948,556354705446156208791,200049416117217715427
2026-03-01 20:52:00,402749076,-402747000000000000000,276323,276323,276323,276323,402749076,0,200049416117217715427
2026-03-01 20:54:00,1193413317,-1193416687867421094703,276324,276323,276323,276324,1193413317,0,200059744540378135492
2026-03-01 20:55:00,1692337911,-1692859285255018486839,276324,276328,276324,276329,50903736206,49224279751744981513161,200059744540378135492
2026-03-01 20:57:00,153900154,-153907668935595375695,276324,276324,276324,276324,497720676,343825331064404624305,200059744540378135492
2026-03-01 20:58:00,884373241,-884401247403628571302,276324,276324,276324,276324,884373241,0,200059744540378135492
2026-03-01 20:59:00,-3199320508,3199344007377094934473,276324,276323,276323,276324,880000258,4079344007377094934473,200059744540378135492
2026-03-01 21:02:00,200442593,-200443617351431410157,276324,276324,276324,276324,200442593,0,200059744540378135492
2026-03-01 21:03:00,-179889190,179888327598243503972,276324,276324,276324,276324,0,179888327598243503972,200059744540378135492
2026-03-01 21:04:00,-302260106,302257927678234045364,276323,276323,276323,276323,0,302257927678234045364,200049416117217715427
2026-03-01 21:08:00,30344809,-30344853000000000000,276323,276323,276323,276323,30344809,0,200049416117217715427
2026-03-01 21:10:00,-815779021,815768834822868018573,276323,276323,276323,276323,0,815768834822868018573,200049416117217715427
2026-03-01 21:11:00,-332590842,332584779953669003669,276323,276323,276323,276323,0,332584779953669003669,200049416117217715427
2026-03-01 21:13:00,827219959,-827215200000000000000,276323,276323,276323,276323,827219959,0,200049416117217715427
2026-03-01 21:14:00,5927889415,-5928055471256292443992,276324,276323,276323,276324,5927889415,0,200059744540378135492
2026-03-01 21:15:00,-4667461496,4667574973577897046462,276324,276324,276324,276324,0,4667574973577897046462,200059744540378135492
2026-03-01 21:18:00,-1028445362,1028441082332403031475,276323,276324,276323,276324,0,1028441082332403031475,200049416117217715427
2026-03-01 21:20:00,494483118,-494484688000000000000,276324,276324,276324,276324,494483118,0,200059744540378135492
2026-03-01 21:28:00,552300999,-552305641000000000000,276324,276324,276324,276324,552300999,0,200059744540378135492
2026-03-01 21:31:00,2000164547,-2000206877406982650158,276324,276324,276324,276324,2000164547,0,200059744540378135492
2026-03-01 21:35:00,-379383284,376474309064458692218,276229,276324,276229,276324,112752435963,113064193949665728587386,4999993390435
2026-03-01 21:36:00,-25052694,25053172985642163327,276324,276324,276324,276324,0,25053172985642163327,200059744540378135492
2026-03-01 21:37:00,-993000,993018850204938328,276324,276324,276324,276324,0,993018850204938328,200059744540378135492
2026-03-01 21:40:00,-158318730,158321614476470760728,276324,276324,276324,276324,0,158321614476470760728,200059744540378135492
2026-03-01 21:41:00,-3485251567,3485243520559779574518,276323,276324,276323,276324,807629838,4292864112559779574518,200049416117217715427
2026-03-01 21:42:00,1692560133,-1692561909000000000000,276324,276323,276323,276324,1692560133,0,200059744540378135492
2026-03-01 21:57:00,1769668356,-1769700839000000000000,276324,276324,276324,276324,1769668356,0,200059744540378135492
2026-03-01 21:58:00,-1666649544,1666664326060634154825,276324,276324,276324,276324,0,1666664326060634154825,200059744540378135492
2026-03-01 22:00:00,-1599130211,1599118288787334843523,276323,276323,276323,276323,0,1599118288787334843523,200049416117217715427
2026-03-01 22:01:00,840001048,-840000000000000000000,276324,276324,276324,276324,840001048,0,200059744540378135492
2026-03-01 22:02:00,-1793211154,1793107389149146367402,276323,276324,276323,276324,7504696331,9298107389149146367402,200049416117217715427
2026-03-01 22:11:00,3006033047,-3006033196972471484416,276324,276324,276324,276324,3006033047,0,200059744540378135492
2026-03-01 22:14:00,-2395758191,2395741658682868641857,276323,276324,276323,276324,0,2395741658682868641857,200049416117217715427
2026-03-01 22:15:00,2937828975,-2937868218359936214155,276324,276323,276323,276324,5154989675,2217184993061892465795,200059744540378135492
2026-03-01 22:16:00,-487007719,487011643403995012801,276324,276324,276324,276324,0,487011643403995012801,200059744540378135492
2026-03-01 22:18:00,514063717,-514084679409663458883,276324,276324,276324,276324,1674720817,1160676327590336541117,200059744540378135492
2026-03-01 22:19:00,-909717698,909723353034456086204,276324,276324,276324,276324,0,909723353034456086204,200059744540378135492
2026-03-01 22:20:00,-42032782,42032842550751597876,276324,276324,276324,276324,0,42032842550751597876,200059744540378135492
2026-03-01 22:21:00,199828671,-199831119000000000000,276324,276324,276324,276324,199828671,0,200059744540378135492
2026-03-01 22:22:00,199636719,-199639564000000000000,276324,276324,276324,276324,199636719,0,200059744540378135492
2026-03-01 22:27:00,1250683323,-1250710208529094051638,276324,276324,276324,276324,1250683323,0,200059744540378135492
2026-03-01 22:28:00,441080528,-441093740343870976784,276324,276324,276324,276324,441080528,0,200059744540378135492
2026-03-01 22:29:00,-1488300000,1488321903356125548131,276324,276324,276324,276324,0,1488321903356125548131,200059744540378135492
2026-03-01 22:30:00,-660000000,660002626099834857451,276324,276324,276324,276324,0,660002626099834857451,200059744540378135492
2026-03-01 22:32:00,424092823,-424098252000000000000,276324,276324,276324,276324,424092823,0,200059744540378135492
2026-03-01 22:33:00,582177400,-582187780221336547328,276324,276324,276324,276324,582177400,0,200059744540378135492
2026-03-01 22:34:00,2523742897,-2523827077967394376666,276324,276324,276324,276324,2523742897,0,200059744540378135492
2026-03-01 22:35:00,-1953945683,1953965150636479145082,276324,276324,276324,276324,3172944586,5127056475575646122852,200059744540378135492
2026-03-01 22:36:00,-1456180228,1456193562943220325959,276324,276324,276324,276324,0,1456193562943220325959,200059744540378135492
2026-03-01 22:37:00,2259616079,-2259668445096119374194,276324,276324,276324,276324,2259616079,0,200059744540378135492
2026-03-01 22:39:00,-1428090749,1428060821723405426343,276324,276323,276323,276324,5467195513,6895217321723405426343,200059744540378135492
2026-03-01 22:40:00,516312723,-516331919535647597285,276324,276324,276324,276324,1259966623,743668080464352402715,200059744540378135492
2026-03-01 22:41:00,-4101608700,4101587581967088155958,276323,276323,276323,276323,0,4101587581967088155958,200049416117217715427
2026-03-01 22:42:00,1339937551,-1339925556241794273513,276323,276323,276323,276323,1339937551,0,200049416117217715427
2026-03-01 22:43:00,32711845,-32721117423423215753,276323,276324,276323,276324,966601021,933882395495756474737,200049416117217715427
2026-03-01 22:44:00,990878568,-990881567000000000000,276324,276324,276324,276324,990878568,0,200059744540378135492
2026-03-01 22:46:00,599070396,-599076970000000000000,276324,276324,276324,276324,599070396,0,200059744540378135492
2026-03-01 22:47:00,-1238830996,1238826241669681612452,276323,276324,276323,276324,199557325,1438386553669681612452,200049416117217715427
2026-03-01 22:48:00,201016307,-201016829000000000000,276324,276324,276324,276324,201016307,0,200059744540378135492
2026-03-01 22:50:00,2084687273,-2084716487000000000000,276324,276324,276324,276324,2084687273,0,200059744540378135492
2026-03-01 22:51:00,-201150000,201152700680120816103,276324,276324,276324,276324,0,201152700680120816103,200059744540378135492
2026-03-01 22:52:00,-199800000,199802282367182393666,276324,276324,276324,276324,0,199802282367182393666,200059744540378135492
2026-03-01 22:54:00,-1781370956,1781369305292896341594,276324,276324,276324,276324,435789744,2217168900292896341594,200059744540378135492
2026-03-01 22:56:00,5058903115,-5059044278738395084300,276324,276324,276324,276324,5058903115,0,200059744540378135492
2026-03-01 22:57:00,-2866214309,2866290891043378028947,276324,276324,276324,276324,614734094,3481059573960706914515,200059744540378135492
2026-03-01 22:58:00,-1254036561,1254046869405986170558,276324,276324,276324,276324,5963439,1260010455836105999547,200059744540378135492
2026-03-01 22:59:00,348298638,-348303424268676096935,276324,276324,276324,276324,348298638,0,200059744540378135492
2026-03-01 23:00:00,-671489491,671478611883171572383,276324,276323,276323,276324,1230346917,1901834288599177615388,200059744540378135492
2026-03-01 23:01:00,338605740,-338609283177031121363,276324,276324,276324,276324,338605740,0,200059744540378135492
2026-03-01 23:02:00,-317885919,317871564910525303869,276324,276324,276324,276324,1453218481,1771110264910525303869,200059744540378135492
2026-03-01 23:03:00,6036010258,-6036249053572250418815,276324,276324,276324,276324,6285111497,249100673385249042683,200059744540378135492
2026-03-01 23:04:00,-5254975363,5255149054289195044596,276324,276324,276324,276324,0,5255149054289195044596,200059744540378135492
2026-03-01 23:05:00,-1050892848,1050838430001142855108,276324,276323,276323,276324,5602439809,6653156527001142855107,200059744540378135492
2026-03-01 23:06:00,1006021930,-1006048076709027271900,276324,276323,276323,276324,2482793850,1476755522853649032585,200059744540378135492
2026-03-01 23:07:00,-851220269,637942845500411305688,276324,276324,274096,276324,112733720950,113306882713475184811736,200059744540378135492
2026-03-01 23:12:00,-1453689290,1453691017702614241664,276324,276324,276324,276324,0,1453691017702614241664,200059744540378135492
2026-03-01 23:13:00,958394729,-958403081154733907968,276324,276324,276324,276324,958394729,0,200059744540378135492
2026-03-01 23:17:00,-212744271,212744789884782172553,276324,276324,276324,276324,0,212744789884782172553,200059744540378135492
2026-03-01 23:18:00,-599400000,599399029462173682224,276324,276324,276324,276324,0,599399029462173682224,200059744540378135492
2026-03-01 23:21:00,-353425635,347709932649811064432,276324,276069,276055,276324,110188488767,110471439388314602737245,200059744540378135492
2026-03-01 23:22:00,560201879,-560205488441075484507,276324,276324,276324,276324,560201879,0,200059744540378135492
2026-03-01 23:26:00,10201437,-10201532000000000000,276324,276324,276324,276324,10201437,0,200059744540378135492
2026-03-01 23:28:00,-2283900,2283897894049734620,276324,276324,276324,276324,0,2283897894049734620,200059744540378135492
2026-03-01 23:36:00,1397088173,-1397115914563151012273,276324,276324,276324,276324,1893188173,496100085436848987727,200059744540378135492
2026-03-01 23:37:00,-792561861,792569252156042633681,276324,276324,276324,276324,0,792569252156042633681,200059744540378135492
2026-03-01 23:38:00,585157187,-585167891000000000000,276324,276324,276324,276324,585157187,0,200059744540378135492
2026-03-01 23:39:00,1159125193,-1159156500000000000000,276324,276324,276324,276324,1159125193,0,200059744540378135492
2026-03-01 23:40:00,-2165341388,2165367323370116172097,276324,276324,276324,276324,0,2165367323370116172097,200059744540378135492
2026-03-01 23:41:00,488759772,-488766419000000000000,276324,276324,276324,276324,488759772,0,200059744540378135492
2026-03-01 23:42:00,435389836,-435397768157832849788,276324,276324,276324,276324,435389836,0,200059744540378135492
2026-03-01 23:44:00,447839863,-447850000000000000000,276324,276324,276324,276324,447839863,0,200059744540378135492
2026-03-01 23:46:00,-731994959,722498195965411596704,276324,275982,275982,276324,112070297356,112728060235291042836557,200059744540378135492
2026-03-01 23:47:00,-49150927,49151408856431638192,276324,276324,276324,276324,0,49151408856431638192,200059744540378135492
2026-03-01 23:48:00,192967304,-192971265174968163732,276324,276324,276324,276324,192967304,0,200059744540378135492
2026-03-01 23:49:00,209996362,-210001096081712952961,276324,276324,276324,276324,209996362,0,200059744540378135492
2026-03-01 23:51:00,968688766,-968716310458755799177,276324,276324,276324,276324,968688766,0,200059744540378135492
2026-03-01 23:52:00,465457631,-465474203300184808242,276324,276324,276324,276324,465457631,0,200059744540378135492
2026-03-01 23:53:00,-1575544503,1575576096864371158552,276324,276324,276324,276324,0,1575576096864371158552,200059744540378135492
2026-03-01 23:54:00,189174732,-189179107321497452185,276324,276324,276324,276324,189174732,0,200059744540378135492
2026-03-01 23:56:00,40321645,-40322624225218255066,276324,276324,276324,276324,40321645,0,200059744540378135492
2026-03-01 23:57:00,-50997309,50998034032288438767,276324,276324,276324,276324,0,50998034032288438767,200059744540378135492
2026-03-01 23:58:00,448998804,-449010571626417440733,276324,276324,276324,276324,448998804,0,200059744540378135492
