timestamp,netAmount0,netAmount1,closeTick,openTick,lowestTick,highestTick,inAmount0,inAmount1,currentLiquidity
2026-07-02 00:01:00,4526773519,-4523292955254477603219,276316,276316,276316,276316,4526773519,0,50001890612019301457498
2026-07-02 00:03:00,4095667145,-4092518758096542499470,276316,276316,276316,276316,4095667145,0,50001890612019301457498
2026-07-02 00:04:00,-32765765809,32740232207068016994810,276316,276316,276316,276316,0,32740232207068016994810,50001890612019301457498
2026-07-02 00:06:00,1798288734,-1796904226224462754232,276316,276316,276316,276316,1798288734,0,50001890612019301457498
2026-07-02 00:07:00,-36596477653,36567910752982854226005,276316,276316,276316,276316,3522347,36571430388782830406194,50001890612019301457498
2026-07-02 00:08:00,-146721885476,146606818476353581613202,276316,276316,276316,276316,0,146606818476353581613202,50001890612019301457498
2026-07-02 00:09:00,10472382,-10464243650399050329,276316,276316,276316,276316,10472382,0,50001890612019301457498
2026-07-02 00:13:00,164103598638,-163976596800000000000000,276316,276316,276316,276316,164103598638,0,50001890612019301457498
2026-07-02 00:17:00,-250193012,249997703367757821509,276316,276316,276316,276316,0,249997703367757821509,50001890612019301457498
2026-07-02 00:20:00,410377378923,-410064488072751856320771,276316,276316,276316,276316,410377378923,0,50001890612019301457498
2026-07-02 00:21:00,-100000000000,99923376117521729026336,276316,276316,276316,276316,0,99923376117521729026336,50001890612019301457498
2026-07-02 00:22:00,-100000000000,99922976594480764774693,276316,276316,276316,276316,0,99922976594480764774693,50001890612019301457498
2026-07-02 00:25:00,-100000000000,99922577073835911633824,276316,276316,276316,276316,0,99922577073835911633824,50001890612019301457498
2026-07-02 00:26:00,35028083997,-35002274888611187790466,276316,276316,276316,276316,135716365182,100609921718388812209534,50001890612019301457498
2026-07-02 00:27:00,-10397232815,10388279255613327872683,276316,276316,276316,276316,89602767185,99922317501613327872683,50001890612019301457498
2026-07-02 00:28:00,-44080807879,44046036973139871588816,276316,276316,276316,276316,55919192121,99922499373139871588816,50001890612019301457498
2026-07-02 00:29:00,-100000000000,99922099855357113325363,276316,276316,276316,276316,0,99922099855357113325363,50001890612019301457498
2026-07-02 00:30:00,77283768265,-77224301271000000000000,276316,276316,276316,276316,77283768265,0,50001890612019301457498
2026-07-02 00:37:00,624921297,-624441416000000000000,276316,276316,276316,276316,624921297,0,50001890612019301457498
2026-07-02 00:39:00,-465917003,465554567733698934403,276316,276316,276316,276316,0,465554567733698934403,50001890612019301457498
2026-07-02 00:40:00,-23613649014,23595257089053560821674,276316,276316,276316,276316,1161682991,24756046886341874156988,50001890612019301457498
2026-07-02 00:42:00,542440592,-542023539294881304159,276316,276316,276316,276316,542440592,0,50001890612019301457498
2026-07-02 00:46:00,-8558770000,8552102737287559569193,276316,276316,276316,276316,0,8552102737287559569193,50001890612019301457498
2026-07-02 00:47:00,-18649784082,18635245805701330958098,276316,276316,276316,276316,0,18635245805701330958098,50001890612019301457498
2026-07-02 00:48:00,340999540,-340737000000000000000,276316,276316,276316,276316,340999540,0,50001890612019301457498
2026-07-02 00:49:00,-80000000000,79937480140431843165181,276316,276316,276316,276316,0,79937480140431843165181,50001890612019301457498
2026-07-02 00:50:00,-513454843,513052752418810531532,276316,276316,276316,276316,0,513052752418810531532,50001890612019301457498
2026-07-02 00:55:00,-700000000000,699442030267855841637978,276315,276315,276315,276315,0,699442030267855841637978,50001890612019300457899
2026-07-02 00:56:00,321955672696,-321702799214044869744404,276316,276315,276315,276316,619345493275,297146846401955130255596,50001890612019301457498
2026-07-02 00:57:00,66808413206,-66755842114000000000000,276316,276316,276316,276316,66808413206,0,50001890612019301457498
2026-07-02 00:58:00,86580935459,-86513070790000000000000,276316,276316,276316,276316,86580935459,0,50001890612019301457498
2026-07-02 00:59:00,54156471,-54114116773734841316,276316,276316,276316,276316,54156471,0,50001890612019301457498
2026-07-02 01:00:00,201851199,-201693332581828339641,276316,276316,276316,276316,201851199,0,50001890612019301457498
2026-07-02 01:04:00,-780260603647,779629815628047466748342,276315,276316,276315,276316,59739396353,839322561716047466748342,50001890612019300457899
2026-07-02 01:05:00,639442647669,-638930781337000000000000,276316,276316,276316,276316,639442647669,0,50001890612019301457498
2026-07-02 01:06:00,243802730,-243610685389171013175,276316,276316,276316,276316,243802730,0,50001890612019301457498
2026-07-02 01:07:00,15142631929,-15130708576191703425025,276316,276316,276316,276316,15142631929,0,50001890612019301457498
2026-07-02 01:08:00,-284959323,284732182208459798734,276316,276316,276316,276316,0,284732182208459798734,50001890612019301457498
2026-07-02 01:09:00,59749582506,-59702624213527021434633,276316,276316,276316,276316,59749582506,0,50001890612019301457498
2026-07-02 01:10:00,965492201,-964734574717951415132,276316,276316,276316,276316,965492201,0,50001890612019301457498
2026-07-02 01:14:00,43675733474,-43641902546461010949858,276316,276316,276316,276316,83978663137,40270936958538989050142,50001890612019301457498
2026-07-02 01:15:00,10018060831,-10010219282352116512722,276316,276316,276316,276316,10018060831,0,50001890612019301457498
2026-07-02 01:16:00,43293196167,-43259354903000000000000,276316,276316,276316,276316,43293196167,0,50001890612019301457498
2026-07-02 01:18:00,1951762975,-1950239093190116292567,276316,276316,276316,276316,1951762975,0,50001890612019301457498
2026-07-02 01:19:00,-3340155708,3337514338135916145441,276316,276316,276316,276316,0,3337514338135916145441,50001890612019301457498
2026-07-02 01:22:00,6439019774,-6433992585000000000000,276316,276316,276316,276316,6439019774,0,50001890612019301457498
2026-07-02 01:31:00,388023989,-387721710464075985484,276316,276316,276316,276316,449405848,61333331325306123406,50001890612019301457498
2026-07-02 01:32:00,21989154947,-21972000000000000000000,276316,276316,276316,276316,21989154947,0,50001890612019301457498
2026-07-02 01:34:00,-27930946862,27908873990147262601938,276316,276316,276316,276316,0,27908873990147262601938,50001890612019301457498
2026-07-02 01:37:00,400252265,-399939740000000000000,276316,276316,276316,276316,400252265,0,50001890612019301457498
2026-07-02 01:39:00,-20000002200,19984178052552706211246,276316,276316,276316,276316,0,19984178052552706211246,50001890612019301457498
2026-07-02 01:41:00,-10393480607,10385250899212957460704,276316,276316,276316,276316,0,10385250899212957460704,50001890612019301457498
2026-07-02 01:44:00,605366833,-604893425439761023363,276316,276316,276316,276316,605366833,0,50001890612019301457498
2026-07-02 01:45:00,-100000000000,99920600467114949111537,276316,276316,276316,276316,0,99920600467114949111537,50001890612019301457498
2026-07-02 01:47:00,-100000000000,99920200960720652409275,276316,276316,276316,276316,0,99920200960720652409275,50001890612019301457498
2026-07-02 01:48:00,52889960534,-52849232771277666297435,276316,276316,276316,276316,152889960534,99919801456722333702565,50001890612019301457498
2026-07-02 01:49:00,-99949964224,99870016602413645545191,276316,276316,276316,276316,50035776,99920012756984904502451,50001890612019301457498
2026-07-02 01:50:00,182926770133,-182782583260000000000000,276316,276316,276316,276316,182926770133,0,50001890612019301457498
2026-07-02 01:51:00,36028240667,-36000000000000000000000,276316,276316,276316,276316,36028240667,0,50001890612019301457498
2026-07-02 01:53:00,-98484052531,98405733915057948858635,276316,276316,276316,276316,1515947469,99920488193057948858635,50001890612019301457498
2026-07-02 01:54:00,-100000000000,99920094743646264073944,276316,276316,276316,276316,0,99920094743646264073944,50001890612019301457498
2026-07-02 01:55:00,-69875466181,69819093896760343386666,276316,276316,276316,276316,30124533819,99919695399751901999450,50001890612019301457498
2026-07-02 01:56:00,89117111413,-89047531006668144365860,276316,276316,276316,276316,189850131565,100652608087279580139894,50001890612019301457498
2026-07-02 01:59:00,-22809212263,22790176788390283849880,276316,276316,276316,276316,77190787737,99919772115512329877833,50001890612019301457498
2026-07-02 02:00:00,-1164865212,1163931902891929170039,276316,276316,276316,276316,0,1163931902891929170039,50001890612019301457498
2026-07-02 02:03:00,-58468140826,58420810592054412338493,276316,276316,276316,276316,41531859174,99919676340054412338493,50001890612019301457498
2026-07-02 02:04:00,-25543399589,25522116544918280438401,276316,276315,276315,276316,74456600411,99919442758142919934593,50001890612019301457498
2026-07-02 02:05:00,-22520147951,22501244030388091436402,276316,276316,276315,276316,77479852049,99919346275871529122230,50001890612019301457498
2026-07-02 02:06:00,110436281349,-110349671786573121307490,276316,276316,276315,276316,210436281349,99919254509278093966494,50001890612019301457498
2026-07-02 02:07:00,-97998416646,97919699943462246293222,276316,276316,276316,276316,2001583354,99919699943462246293222,50001890612019301457498
2026-07-02 02:08:00,60889677954,-60841349308880986684830,276316,276316,276316,276316,61385690873,495614840119013315170,50001890612019301457498
2026-07-02 02:09:00,-89992029967,89919543698277998467922,276316,276316,276316,276316,10007970033,99919543698277998467922,50001890612019301457498
2026-07-02 02:10:00,-46644478651,46606299115261670388646,276315,276315,276315,276315,53355521349,99919184178257435956134,50001890612019300457899
2026-07-02 02:11:00,-57432903161,57386004770241963137283,276315,276315,276315,276315,42567096839,99919033820931698759939,50001890612019300457899
2026-07-02 02:12:00,38425769122,-38395045453228258105748,276315,276315,276315,276315,38425769122,0,50001890612019300457899
2026-07-02 02:14:00,-786725147800,786076494493503782730254,276315,276315,276315,276315,0,786076494493503782730254,50001890612019300457899
2026-07-02 02:15:00,10009460,-10001150660295832840,276315,276315,276315,276315,10009460,0,50001890612019300457899
2026-07-02 02:16:00,42892864319,-42857290546438895217112,276315,276315,276315,276315,42892864319,0,50001890612019300457899
2026-07-02 02:21:00,1000829173,-1000000000000000000000,276315,276315,276315,276315,1000829173,0,50001890612019300457899
2026-07-02 02:22:00,-5004128441,4999932186915859917064,276315,276315,276315,276315,0,4999932186915859917064,50001890612019300457899
2026-07-02 02:23:00,-5513132220,5508507978406075584198,276315,276315,276315,276315,0,5508507978406075584198,50001890612019300457899
2026-07-02 02:26:00,250236241,-250028824787523526414,276315,276315,276315,276315,250236241,0,50001890612019300457899
2026-07-02 02:29:00,-100000000000,99915913404781986574760,276315,276315,276315,276315,0,99915913404781986574760,50001890612019300457899
2026-07-02 02:30:00,76485861138,-76423274248669783302546,276315,276315,276315,276315,176485861138,99916218954330216697454,50001890612019300457899
2026-07-02 02:31:00,-100000000000,99915819474213105486869,276315,276315,276315,276315,0,99915819474213105486869,50001890612019300457899
2026-07-02 02:33:00,-100000000000,99915419996491762149860,276315,276315,276315,276315,0,99915419996491762149860,50001890612019300457899
2026-07-02 02:35:00,36736053838,-36706302275339557931854,276315,276315,276315,276315,136736053838,99915028761451793893443,50001890612019300457899
2026-07-02 02:36:00,-7772424308,7765845065622760178253,276315,276315,276315,276315,0,7765845065622760178253,50001890612019300457899
2026-07-02 02:37:00,-99143741687,99059597706204233173118,276315,276315,276315,276315,856258313,99915136226204233173118,50001890612019300457899
2026-07-02 02:39:00,-17422265153,17406614615113510447820,276315,276315,276315,276315,82577734847,99914740173113510447820,50001890612019300457899
2026-07-02 02:40:00,-100000000000,99914670577650427007104,276315,276315,276315,276315,0,99914670577650427007104,50001890612019300457899
2026-07-02 02:41:00,49792089,-49750000000000000000,276315,276315,276315,276315,49792089,0,50001890612019300457899
2026-07-02 02:42:00,13377696889,-13367391475260980360129,276315,276315,276315,276315,113377696889,99914278106412540917050,50001890612019300457899
2026-07-02 02:43:00,-60054512312,60002704239097239465187,276315,276315,276315,276315,40447426298,100415833122805142150371,50001890612019300457899
2026-07-02 02:44:00,-41481501967,41445326869201664003871,276315,276315,276315,276315,58518498033,99914091440426392039199,50001890612019300457899
2026-07-02 02:45:00,-62968074235,62913547349287915757532,276315,276315,276315,276315,37031925765,99913919145188426260444,50001890612019300457899
2026-07-02 02:46:00,-33616620442,33586979716396869493917,276315,276315,276315,276315,66383379558,99913667609396869493917,50001890612019300457899
2026-07-02 02:47:00,4803673560,-4799578035000000000000,276315,276315,276315,276315,4803673560,0,50001890612019300457899
2026-07-02 02:48:00,-31630525878,31602542165783349307972,276315,276315,276315,276315,68369474122,99913553449356776906620,50001890612019300457899
2026-07-02 02:49:00,-50744475913,50700102261144189723038,276315,276315,276315,276315,49255524087,99913426161490512109982,50001890612019300457899
2026-07-02 02:50:00,-35338852228,35307585977376659448380,276315,276315,276315,276315,64661147772,99913223456582245786172,50001890612019300457899
2026-07-02 02:51:00,-57491938922,57441592343223323025668,276315,276315,276315,276315,42508061078,99913252097090795816427,50001890612019300457899
2026-07-02 02:52:00,-21846431162,21826645811324119671461,276315,276315,276315,276315,78153568838,99912868967409443589981,50001890612019300457899
2026-07-02 02:53:00,1996948638,-1995230628620335583024,276315,276315,276315,276315,1996948638,0,50001890612019300457899
2026-07-02 02:54:00,-25948607060,25925271462451367089063,276315,276315,276315,276315,74051392940,99912773345448011994023,50001890612019300457899
2026-07-02 02:55:00,-55269319543,55220640105276692677295,276315,276315,276315,276315,46234755244,101415439814006570216345,50001890612019300457899
2026-07-02 02:56:00,-33094264574,33064665932317628923265,276315,276315,276315,276315,66905735426,99912448914982264470913,50001890612019300457899
2026-07-02 02:58:00,-41783263644,41746093627927082379750,276315,276315,276315,276315,58216736356,99912321122946457382193,50001890612019300457899
2026-07-02 02:59:00,-30132551428,30105423906932475333561,276315,276315,276315,276315,69867448572,99912149813348075604921,50001890612019300457899
2026-07-02 03:00:00,-42646782502,42608741710815479151740,276315,276315,276315,276315,57353217498,99912029448292965969020,50001890612019300457899
2026-07-02 03:01:00,-100000000000,99911859094443884829583,276315,276315,276315,276315,0,99911859094443884829583,50001890612019300457899
2026-07-02 03:02:00,66384581168,-66326687893000000000000,276315,276315,276315,276315,66384581168,0,50001890612019300457899
2026-07-02 03:03:00,-47527230954,47484801745377306436825,276315,276315,276315,276315,52472769046,99911724817377306436825,50001890612019300457899
2026-07-02 03:04:00,139948026994,-139826290880740394340352,276315,276315,276315,276315,139948026994,0,50001890612019300457899
2026-07-02 03:05:00,13903331520,-13891280200140789148663,276315,276315,276315,276315,13903331520,0,50001890612019300457899
2026-07-02 03:07:00,7215307,-8208185781387937476,276315,276315,276315,276315,100007215307,99912149539218612062524,50001890612019300457899
2026-07-02 03:08:00,23212734194,-23192630758000000000000,276315,276315,276315,276315,23212734194,0,50001890612019300457899
2026-07-02 03:10:00,-148898868673,148767213040123103153279,276315,276315,276315,276315,84071376371,232765615444123103153279,50001890612019300457899
2026-07-02 03:13:00,6025454,-6020202774458763952,276315,276315,276315,276315,6025454,0,50001890612019300457899
2026-07-02 03:14:00,1601395622,-1600000000000000000000,276315,276315,276315,276315,1601395622,0,50001890612019300457899
2026-07-02 03:17:00,2684650800,-2682311346000000000000,276315,276315,276315,276315,2684650800,0,50001890612019300457899
2026-07-02 03:18:00,10008719245,-10000000000000000000000,276315,276315,276315,276315,10008719245,0,50001890612019300457899
2026-07-02 03:19:00,28747456168,-28722434644887322541447,276315,276315,276315,276315,28747456168,0,50001890612019300457899
2026-07-02 03:20:00,-39444239943,39409450300446018897717,276315,276315,276315,276315,5525760057,44930404568960258754981,50001890612019300457899
2026-07-02 03:22:00,1601395392,-1600000000000000000000,276315,276315,276315,276315,1601395392,0,50001890612019300457899
2026-07-02 03:23:00,4687317698,-4683233945007843207128,276315,276315,276315,276315,4687317698,0,50001890612019300457899
2026-07-02 03:24:00,41137782655,-41101979640000000000000,276315,276315,276315,276315,41137782655,0,50001890612019300457899
2026-07-02 03:25:00,-8166514005,8158897659563419266109,276315,276315,276315,276315,43303020495,51424214692563419266109,50001890612019300457899
2026-07-02 03:27:00,69992563,-69931682000000000000,276315,276315,276315,276315,69992563,0,50001890612019300457899
2026-07-02 03:28:00,-910691119,909855994272393858106,276315,276315,276315,276315,3389761047,4296668227177309880008,50001890612019300457899
2026-07-02 03:29:00,32752861780,-32724467785348520346208,276315,276315,276315,276315,40245926569,7486482852346068656529,50001890612019300457899
2026-07-02 03:30:00,-2265608652,2263618119248537713958,276315,276315,276315,276315,0,2263618119248537713958,50001890612019300457899
2026-07-02 03:33:00,87001326633,-86925905000000000000000,276315,276315,276315,276315,87001326633,0,50001890612019300457899
2026-07-02 03:34:00,2359406207,-2357365044450422654951,276315,276315,276315,276315,2359406207,0,50001890612019300457899
2026-07-02 03:35:00,86606521534,-86531750631000000000000,276315,276315,276315,276315,86606521534,0,50001890612019300457899
2026-07-02 03:39:00,5102537778,-5098141898579012210677,276315,276315,276315,276315,5102537778,0,50001890612019300457899
2026-07-02 03:40:00,-170193609926,170038871746419578102066,276315,276315,276315,276315,585839275982,755363390389259204476647,50001890612019300457899
2026-07-02 03:42:00,-900000000000,899193445441531726231399,276314,276314,276314,276314,0,899193445441531726231399,50001890701449692748338
2026-07-02 03:43:00,883513736891,-882730493303259626882103,276315,276315,276315,276315,883513736891,0,50001890612019300457899
2026-07-02 03:45:00,400344409042,-399999765600000000000000,276315,276315,276315,276315,400344409042,0,50001890612019300457899
2026-07-02 03:46:00,172243609311,-172097300288000000000000,276315,276315,276315,276315,172243609311,0,50001890612019300457899
2026-07-02 03:48:00,-95122088926,95040436672691184482621,276315,276315,276315,276315,4877911074,99914221556691184482621,50001890612019300457899
2026-07-02 03:50:00,2405054589,-2403029157194607004968,276315,276315,276315,276315,4230795072,1824170842805392995032,50001890612019300457899
2026-07-02 03:51:00,24013516568,-23994123086963960994406,276315,276315,276315,276315,124013516568,99913831696036039005594,50001890612019300457899
2026-07-02 03:52:00,136202637398,-136087408000000000000000,276315,276315,276315,276315,136202637398,0,50001890612019300457899
2026-07-02 03:53:00,-171238585,171092467208162876042,276315,276315,276315,276315,0,171092467208162876042,50001890612019300457899
2026-07-02 03:54:00,-105758317548,105667851385200732546433,276315,276315,276315,276315,0,105667851385200732546433,50001890612019300457899
2026-07-02 03:55:00,-1000537408,999679409785607249184,276315,276315,276315,276315,0,999679409785607249184,50001890612019300457899
2026-07-02 03:58:00,6119281869,-6114096125258621709411,276315,276315,276315,276315,6119281869,0,50001890612019300457899
2026-07-02 04:01:00,-59194289000,59143471003913630619531,276315,276315,276315,276315,0,59143471003913630619531,50001890612019300457899
2026-07-02 04:02:00,102741206918,-102654393265913837234597,276315,276315,276315,276315,130089198808,27324608625086162765403,50001890612019300457899
2026-07-02 04:03:00,-100000000000,99914242965527045827710,276315,276315,276315,276315,0,99914242965527045827710,50001890612019300457899
2026-07-02 04:04:00,-826962053,826251209289623181032,276315,276315,276315,276315,0,826251209289623181032,50001890612019300457899
2026-07-02 04:07:00,-100000000000,99913840193819324915598,276315,276315,276315,276315,0,99913840193819324915598,50001890612019300457899
2026-07-02 04:09:00,-100000000000,99913440727968079623084,276315,276315,276315,276315,0,99913440727968079623084,50001890612019300457899
2026-07-02 04:10:00,-100000000000,99913041264512488131000,276315,276315,276315,276315,0,99913041264512488131000,50001890612019300457899
2026-07-02 04:12:00,-100000000000,99912641803452531283278,276315,276315,276315,276315,0,99912641803452531283278,50001890612019300457899
2026-07-02 04:13:00,28633502443,-28609741311071049841608,276315,276315,276315,276315,129451322425,100729594917848198742842,50001890612019300457899
2026-07-02 04:14:00,-56695419928,56645346573135379959821,276315,276315,276315,276315,43304580072,99912356726135379959821,50001890612019300457899
2026-07-02 04:15:00,362160955,-361847069549110255372,276315,276315,276315,276315,362160955,0,50001890612019300457899
2026-07-02 04:16:00,8921943981,-8915212102570885384789,276315,276315,276315,276315,108921943981,99912131699592112582513,50001890612019300457899
2026-07-02 04:17:00,-100000000000,99912167341089333265469,276315,276315,276315,276315,0,99912167341089333265469,50001890612019300457899
2026-07-02 04:18:00,12024378449,-12013916129000000000000,276315,276315,276315,276315,12024378449,0,50001890612019300457899
2026-07-02 04:19:00,-100000000000,99911815917463254350896,276315,276315,276315,276315,0,99911815917463254350896,50001890612019300457899
2026-07-02 04:20:00,-30611582532,30583814856492170312370,276315,276315,276315,276315,69388417468,99911693639492170312370,50001890612019300457899
2026-07-02 04:22:00,-100000000000,99911294186514061824099,276315,276315,276315,276315,0,99911294186514061824099,50001890612019300457899
2026-07-02 04:23:00,-23135191949,23113841231396530065455,276315,276315,276315,276315,77223952403,100269719459114422181935,50001890612019300457899
2026-07-02 04:24:00,-57795561612,57743636359275470306637,276315,276315,276315,276315,42204438388,99910803160275470306637,50001890612019300457899
2026-07-02 04:25:00,-62965361406,62908728959050284276859,276315,276315,276315,276315,37034638594,99910571461704107957371,50001890612019300457899
2026-07-02 04:26:00,-25910135650,25886197526653087118864,276315,276315,276315,276315,74089864350,99910320030625161161901,50001890612019300457899
2026-07-02 04:28:00,117151639565,-117048135238608479864363,276315,276315,276315,276315,117151639565,0,50001890612019300457899
2026-07-02 04:29:00,-100000000000,99910684414688232761379,276315,276315,276315,276315,0,99910684414688232761379,50001890612019300457899
2026-07-02 04:30:00,-71341806990,71277557170466739465780,276315,276315,276315,276315,28658193010,99910399442360953308328,50001890612019300457899
2026-07-02 04:31:00,182919599,-182757165000000000000,276315,276315,276315,276315,182919599,0,50001890612019300457899
2026-07-02 04:35:00,497942169,-497500000000000000000,276315,276315,276315,276315,497942169,0,50001890612019300457899
2026-07-02 04:38:00,198818210820,-198642452820000000000000,276315,276315,276315,276315,198818210820,0,50001890612019300457899
2026-07-02 04:39:00,-99965245529,99876073146009137305553,276315,276315,276315,276315,34754471,99910796893009137305553,50001890612019300457899
2026-07-02 04:41:00,-100000000000,99910397584235060448323,276315,276315,276315,276315,0,99910397584235060448323,50001890612019300457899
2026-07-02 04:43:00,14519668196,-14506778502000000000000,276315,276315,276315,276315,14519668196,0,50001890612019300457899
2026-07-02 04:44:00,100088623598,-100000000000000000000000,276315,276315,276315,276315,100088623598,0,50001890612019300457899
2026-07-02 04:45:00,-635549774,634981937946213823951,276315,276315,276315,276315,0,634981937946213823951,50001890612019300457899
2026-07-02 04:46:00,8654784869,-8647140057000000000000,276315,276315,276315,276315,8654784869,0,50001890612019300457899
2026-07-02 04:47:00,-100000000000,99910487971600582354028,276315,276315,276315,276315,0,99910487971600582354028,50001890612019300457899
2026-07-02 04:48:00,-56688580801,56637227571068198818560,276315,276315,276315,276315,43311419199,99910088545843160356076,50001890612019300457899
2026-07-02 04:49:00,20015193328,-19997400000000000000000,276315,276315,276315,276315,20015193328,0,50001890612019300457899
2026-07-02 04:52:00,30282938538,-30256047698000000000000,276315,276315,276315,276315,30282938538,0,50001890612019300457899
2026-07-02 04:53:00,-100000000000,99910063001427455240230,276315,276315,276315,276315,0,99910063001427455240230,50001890612019300457899
2026-07-02 04:54:00,-64592449308,64533790704297854579151,276315,276315,276315,276315,35407550692,99909804991714824890427,50001890612019300457899
2026-07-02 04:55:00,-14161717239,14148054171564664976368,276315,276315,276314,276315,85838282761,99909465829993786790896,50001890612019300457899
2026-07-02 04:56:00,97053447557,-96966819250000000000000,276315,276315,276315,276315,97053447557,0,50001890612019300457899
2026-07-02 04:58:00,-100000000000,99909736657642738528610,276315,276315,276315,276315,0,99909736657642738528610,50001890612019300457899
2026-07-02 05:03:00,17215395655,-17200000000000000000000,276315,276315,276315,276315,17215395655,0,50001890612019300457899
2026-07-02 05:04:00,-100000000000,99909405980420320395628,276314,276314,276314,276314,0,99909405980420320395628,50001890701449692748338
2026-07-02 05:05:00,44243581589,-44203892323000000000000,276315,276315,276315,276315,44243581589,0,50001890612019300457899
2026-07-02 05:06:00,8748677960,-8740839107000000000000,276315,276315,276315,276315,8748677960,0,50001890612019300457899
2026-07-02 05:07:00,39792558268,-39756942541000000000000,276315,276315,276315,276315,39792558268,0,50001890612019300457899
2026-07-02 05:09:00,240229171,-240014350573461221198,276315,276315,276315,276315,240229171,0,50001890612019300457899
2026-07-02 05:11:00,-94488873186,94403200932843652137927,276314,276315,276314,276315,5511126814,99909400135803947948215,50001890701449692748338
2026-07-02 05:12:00,4330708665,-4326820043000000000000,276314,276314,276314,276314,4330708665,0,50001890701449692748338
2026-07-02 05:15:00,-100000000000,99909017996180884977093,276314,276314,276314,276314,0,99909017996180884977093,50001890701449692748338
2026-07-02 05:16:00,110136482110,-110038399502725224489878,276314,276315,276314,276315,210136482110,99909082769274775510122,50001890701449692748338
2026-07-02 05:18:00,-10384680192,10374359447364555205707,276314,276314,276314,276314,89615319808,99909058489364555205707,50001890701449692748338
2026-07-02 05:22:00,22873393353,-22852867117654654000000,276315,276315,276315,276315,22873393353,0,50001890612019300457899
2026-07-02 05:24:00,-98132459742,98043250554412472463659,276314,276315,276314,276315,1867540258,99909115834412472463659,50001890701449692748338
2026-07-02 05:25:00,561685987,-561180000000000000000,276314,276314,276314,276314,561685987,0,50001890701449692748338
2026-07-02 05:27:00,1380734995,-1379491232000000000000,276314,276314,276314,276314,1380734995,0,50001890701449692748338
2026-07-02 05:29:00,107041360747,-106945169911000000000000,276315,276315,276315,276315,107041360747,0,50001890612019300457899
2026-07-02 05:33:00,-65060962290,65001551849654878921933,276314,276314,276314,276314,34939037710,99909151721654878921933,50001890701449692748338
2026-07-02 05:34:00,28568301482,-28542632212000000000000,276314,276314,276314,276314,28568301482,0,50001890701449692748338
2026-07-02 05:41:00,92880415475,-92797185596360000000000,276315,276315,276315,276315,92880415475,0,50001890612019300457899
2026-07-02 05:42:00,-9391448354,9382953957388099501702,276315,276315,276315,276315,57538969,9440441451855019668480,50001890612019300457899
2026-07-02 05:45:00,-100000000000,99909339445980633303470,276314,276314,276314,276314,0,99909339445980633303470,50001890701449692748338
2026-07-02 05:46:00,3618599978,-3615348524000000000000,276314,276314,276314,276314,3618599978,0,50001890701449692748338
2026-07-02 05:47:00,86673220674,-86595497666649160786339,276315,276315,276315,276315,86673220674,0,50001890612019300457899
2026-07-02 05:49:00,-100000000000,99909300669947297301935,276314,276314,276314,276314,0,99909300669947297301935,50001890701449692748338
2026-07-02 05:51:00,-100000000000,99908901232710366138298,276314,276314,276314,276314,0,99908901232710366138298,50001890701449692748338
2026-07-02 05:52:00,26551551762,-26527589953000000000000,276314,276314,276314,276314,26551551762,0,50001890701449692748338
2026-07-02 05:53:00,36126173367,-36093616032801330076004,276314,276314,276314,276314,36126173367,0,50001890701449692748338
2026-07-02 05:54:00,1099318028,-1098328127000000000000,276314,276314,276314,276314,1099318028,0,50001890701449692748338
2026-07-02 05:55:00,1140834004,-1139806771000000000000,276314,276314,276314,276314,1140834004,0,50001890701449692748338
2026-07-02 05:57:00,162244993778,-162099433994076455638480,276315,276315,276315,276315,162244993778,0,50001890612019300457899
2026-07-02 06:00:00,-100000000000,99909409173946515292087,276314,276314,276314,276314,0,99909409173946515292087,50001890701449692748338
2026-07-02 06:02:00,-6892794318,6886535363581569667066,276314,276314,276314,276314,0,6886535363581569667066,50001890701449692748338
2026-07-02 06:03:00,-27537904970,27512880427262171536609,276314,276314,276314,276314,0,27512880427262171536609,50001890701449692748338
2026-07-02 06:04:00,-57000000000,56948106108920072246203,276314,276314,276314,276314,0,56948106108920072246203,50001890701449692748338
2026-07-02 06:07:00,-5575845780,5570761957617668656878,276314,276314,276314,276314,49744857,5620461955343559482136,50001890701449692748338
2026-07-02 06:09:00,-57000000000,56947963636797133046966,276314,276314,276314,276314,0,56947963636797133046966,50001890701449692748338
2026-07-02 06:10:00,9923738752,-9914769003887520000000,276314,276314,276314,276314,9923738752,0,50001890701449692748338
2026-07-02 06:12:00,-99636204350,99544968768115592320945,276314,276314,276314,276314,363795650,99908435670233065315212,50001890701449692748338
2026-07-02 06:16:00,18855607513,-18838500330000000000000,276314,276314,276314,276314,18855607513,0,50001890701449692748338
2026-07-02 06:19:00,-100000000000,99908111522093819181070,276314,276314,276314,276314,0,99908111522093819181070,49994257013667176587017
2026-07-02 06:22:00,-100000000000,99907712029608964356884,276314,276314,276314,276314,0,99907712029608964356884,49994257013667176587017
2026-07-02 06:24:00,101817510,-101724359653558564731,276314,276314,276314,276314,101817510,0,49994257013667176587017
2026-07-02 06:25:00,4185744,-4181914813412798604,276314,276314,276314,276314,4185744,0,49994257013667176587017
2026-07-02 06:26:00,-100000000000,99907312962993567077790,276314,276314,276314,276314,0,99907312962993567077790,49994257013667176587017
2026-07-02 06:27:00,-12725893549,12713197705298374444570,276314,276314,276314,276314,87274106451,99906913475298374444570,49994257013667176587017
2026-07-02 06:28:00,-83293982669,83216265739434298522132,276314,276314,276314,276314,16706017331,99906929377434298522132,49994257013667176587017
2026-07-02 06:29:00,50026109748,-49980000000000000000000,276314,276314,276314,276314,50026109748,0,49994257013667176587017
2026-07-02 06:32:00,8156852940,-8149344137072262935649,276314,276314,276314,276314,8156852940,0,49994257013667176587017
2026-07-02 06:33:00,-100000000000,99906762325348510286731,276314,276314,276314,276314,0,99906762325348510286731,49994257013667176587017
2026-07-02 06:34:00,16497344034,-16483098672594852003440,276314,276314,276314,276314,116497344034,99906362873541509996560,49994257013667176587017
2026-07-02 06:35:00,-7088579039,7081031069432485267143,276314,276314,276314,276314,92911420961,99906428747432485267143,49994257013667176587017
2026-07-02 06:36:00,-17858327284,17840820612584331209472,276314,276314,276314,276314,82141672716,99906400431584331209472,49994257013667176587017
2026-07-02 06:38:00,902968286,-902133309000000000000,276314,276314,276314,276314,902968286,0,49994257013667176587017
2026-07-02 06:39:00,-74877160615,74806811777645221932252,276314,276314,276314,276314,25122839385,99906432543185751881599,49994257013667176587017
2026-07-02 06:40:00,31648185355,-31619845166788242982766,276314,276314,276314,276314,131648185355,99906033579065202477202,49994257013667176587017
2026-07-02 06:44:00,-100000000000,99906160010371621832230,276314,276314,276314,276314,0,99906160010371621832230,49994257013667176587017
2026-07-02 06:45:00,8876838397,-8869579972854087084990,276314,276314,276314,276314,108876838397,99906172622674596897093,49994257013667176587017
2026-07-02 06:46:00,29068780678,-29041762079000000000000,276314,276314,276314,276314,29068780678,0,49994257013667176587017
2026-07-02 06:47:00,2408781398,-2406544020153293034331,276314,276314,276314,276314,2408781398,0,49994257013667176587017
2026-07-02 06:48:00,-28391152976,28363768261180539004864,276314,276314,276314,276314,71608847024,99905921740180539004864,49994257013667176587017
2026-07-02 06:49:00,289408577,-289139450117387021223,276314,276314,276314,276314,289408577,0,49994257013667176587017
2026-07-02 06:50:00,2043897507,-2041999924976655294306,276314,276314,276314,276314,2342784478,298606050785255589802,49994257013667176587017
2026-07-02 06:52:00,-57918751545,57863830564057564167536,276314,276314,276314,276314,42081248455,99905817645715017067534,49994257013667176587017
2026-07-02 06:53:00,181914508205,-181745597748000000000000,276314,276314,276314,276314,181914508205,0,49994257013667176587017
2026-07-02 06:54:00,-88736413855,88653186793467432501447,276314,276314,276314,276314,11263586145,99906316496914577662792,49994257013667176587017
2026-07-02 06:55:00,-99284887981,99191513260559093610901,276314,276314,276314,276314,715112019,99905958504559093610901,49994257013667176587017
2026-07-02 06:56:00,-62954808513,62895031653909948261417,276314,276314,276314,276314,37045191487,99905561881719946339369,49994257013667176587017
2026-07-02 06:57:00,-27644973111,27618113274998420721332,276314,276314,276314,276314,72355026889,99905310392078912769716,49994257013667176587017
2026-07-02 06:58:00,-45402685849,45359148136608160779296,276314,276314,276314,276314,54597314151,99905204363343314625891,49994257013667176587017
2026-07-02 06:59:00,70742806088,-70676561596000000000000,276314,276314,276314,276314,70742806088,0,49994257013667176587017
2026-07-02 07:00:00,-62954004119,62894063895722424045179,276314,276314,276314,276314,37045995881,99905301188673919291003,49994257013667176587017
2026-07-02 07:01:00,-58839371491,58783140487683148976786,276314,276314,276314,276314,41160628509,99905066139756500161170,49994257013667176587017
2026-07-02 07:02:00,-53799355676,53747734647561279754287,276314,276314,276314,276314,46200644324,99904999216399090838206,49994257013667176587017
2026-07-02 07:03:00,-3510982405,3506675705045009476420,276314,276314,276314,276314,96489017595,99904837051437425682979,49994257013667176587017
2026-07-02 07:04:00,200011783564,-199824140541000000000000,276314,276314,276314,276314,200011783564,0,49994257013667176587017
2026-07-02 07:08:00,-100000000000,99905384720027605954858,276314,276314,276314,276314,0,99905384720027605954858,49994257013667176587017
2026-07-02 07:09:00,6189622310,-6184815281695231680440,276314,276314,276314,276314,106189622310,99904985243897705619528,49994257013667176587017
2026-07-02 07:10:00,-98925988661,98832010228548038423477,276314,276314,276314,276314,1074011339,99905014262442075199330,49994257013667176587017
2026-07-02 07:11:00,-67435286946,67370682177135223439076,276314,276314,276314,276314,32564713054,99904744876453327400676,49994257013667176587017
2026-07-02 07:12:00,69043694649,-68978574087484405383465,276314,276314,276314,276314,69043694649,0,49994257013667176587017
2026-07-02 07:13:00,-24448579798,24424543131214533626496,276314,276314,276314,276314,75551420202,99904923025241467870829,49994257013667176587017
2026-07-02 07:14:00,23894196818,-23871681333769357230080,276314,276314,276314,276314,23894196818,0,49994257013667176587017
2026-07-02 07:15:00,5741574053,-5736167172341090400233,276314,276314,276314,276314,5741574053,0,49994257013667176587017
2026-07-02 07:17:00,-100000000000,99904641939232736976009,276314,276314,276314,276314,0,99904641939232736976009,49994257013667176587017
2026-07-02 07:18:00,92232685373,-92145641220204918514723,276314,276314,276314,276314,92232685373,0,49994257013667176587017
2026-07-02 07:19:00,1011738854,-1010785915000000000000,276314,276314,276314,276314,1011738854,0,49994257013667176587017
2026-07-02 07:20:00,24324285,-24301375296624660962,276314,276314,276314,276314,24324285,0,49994257013667176587017
2026-07-02 07:21:00,6020728160,-6015058193223544779566,276314,276314,276314,276314,6020728160,0,49994257013667176587017
2026-07-02 07:22:00,-42036117694,41995501250536163203149,276314,276314,276314,276314,57963882306,99904663745404696285518,49994257013667176587017
2026-07-02 07:23:00,-29597597238,29568661264818671476285,276314,276314,276314,276314,70402402762,99904471181357664460349,49994257013667176587017
2026-07-02 07:24:00,-34839446065,34805516522114016023203,276314,276314,276314,276314,65260153435,100003856985679137542819,49994257013667176587017
2026-07-02 07:25:00,37351571815,-37317268839161989160322,276314,276314,276314,276314,137351571815,99904213776716659016318,49994257013667176587017
2026-07-02 07:27:00,-100000000000,99904362988064983237817,276314,276314,276314,276314,0,99904362988064983237817,49994257013667176587017
2026-07-02 07:28:00,79522078084,-79447786536010720726215,276314,276314,276314,276314,179522078084,99903963518063222238606,49994257013667176587017
2026-07-02 07:29:00,-775754789,775013782946535334613,276314,276314,276314,276314,0,775013782946535334613,49994257013667176587017
2026-07-02 07:33:00,98814348175,-98722139854388998726712,276314,276314,276314,276314,198814348175,99904278089387490384840,49994257013667176587017
2026-07-02 07:34:00,-38904081665,38866432597488943763289,276314,276314,276314,276314,61095918335,99904672828887301885785,49994257013667176587017
2026-07-02 07:37:00,95169583153,-95080979746796507969812,276314,276314,276314,276314,189776202149,94516383959141627025132,49994257013667176587017
2026-07-02 07:38:00,-64525298207,64463978819304789648717,276314,276314,276314,276314,0,64463978819304789648717,49994257013667176587017
2026-07-02 07:44:00,-100000000000,99904639838243793618189,276314,276314,276314,276314,0,99904639838243793618189,49994257013667176587017
2026-07-02 07:45:00,-100000000000,99904240366581544965978,276314,276314,276314,276314,0,99904240366581544965978,49994257013667176587017
2026-07-02 07:46:00,17848760968,-17831818091000000000000,276314,276314,276314,276314,17848760968,0,49994257013667176587017
2026-07-02 07:47:00,47776496953,-47732206945189429424014,276314,276314,276314,276314,147776496953,99903912197810570575986,49994257013667176587017
2026-07-02 07:48:00,-99919216603,99823396478796220137350,276314,276314,276314,276314,80783397,99904103375796220137350,49994257013667176587017
2026-07-02 07:49:00,411473721,-411082424898844676096,276314,276314,276314,276314,411473721,0,49994257013667176587017
2026-07-02 07:50:00,21551944622,-21531458936000000000000,276314,276314,276314,276314,21551944622,0,49994257013667176587017
2026-07-02 07:51:00,25867458356,-25842895160000000000000,276314,276314,276314,276314,25867458356,0,49994257013667176587017
2026-07-02 07:52:00,72667972355,-72599111390000000000000,276314,276314,276314,276314,72667972355,0,49994257013667176587017
2026-07-02 07:55:00,95681259,-95590730000000000000,276314,276314,276314,276314,95681259,0,49994257013667176587017
2026-07-02 07:57:00,155836650661,-155689690000000000000000,276314,276314,276314,276314,155836650661,0,49994257013667176587017
2026-07-02 07:58:00,-100000000000,99904808174054798744292,276314,276314,276314,276314,0,99904808174054798744292,49994257013667176587017
2026-07-02 07:59:00,-100000000000,99904408701382907084718,276314,276314,276314,276314,0,99904408701382907084718,49994257013667176587017
2026-07-02 08:03:00,-100000000000,99904009231106967624027,276314,276314,276314,276314,0,99904009231106967624027,49994257013667176587017
2026-07-02 08:07:00,34460450534,-34427670849000000000000,276314,276314,276314,276314,34460450534,0,49994257013667176587017
2026-07-02 08:11:00,41700305225,-41660702235000000000000,276314,276314,276314,276314,41700305225,0,49994257013667176587017
2026-07-02 08:12:00,12271125445,-12259484725000000000000,276314,276314,276314,276314,12271125445,0,49994257013667176587017
2026-07-02 08:13:00,-96205749415,96113325704440631675440,276314,276314,276314,276314,3794250585,99903963021831816782185,49994257013667176587017
2026-07-02 08:14:00,357465801995,-357127966382000000000000,276314,276314,276314,276314,357465801995,0,49994257013667176587017
2026-07-02 08:17:00,73983777254,-73914493861000000000000,276314,276314,276314,276314,73983777254,0,49994257013667176587017
2026-07-02 08:20:00,-17651770,17635088679668426825,276314,276314,276314,276314,0,17635088679668426825,49994257013667176587017
2026-07-02 08:22:00,29401702315,-29374355165016796303210,276314,276314,276314,276314,42002431878,12588840084983203696790,49994257013667176587017
2026-07-02 08:24:00,-200059674,199870854900654505329,276314,276314,276314,276314,0,199870854900654505329,49994257013667176587017
2026-07-02 08:27:00,-29154505,29126988314608535954,276314,276314,276314,276314,0,29126988314608535954,49994257013667176587017
2026-07-02 08:28:00,-1351030,1349754632223860492,276314,276314,276314,276314,0,1349754632223860492,49994257013667176587017
2026-07-02 08:29:00,42003000648,-41963812438000000000000,276314,276314,276314,276314,42003000648,0,49994257013667176587017
2026-07-02 08:30:00,43278672144,-43238367813580592874741,276314,276314,276314,276314,43312763782,34059518419407125259,49994257013667176587017
2026-07-02 08:31:00,-62593258534,62534293993749053020527,276314,276314,276314,276314,2305550996,64837693992749053020527,49994257013667176587017
2026-07-02 08:32:00,85018290065,-84939122274178799827196,276314,276314,276314,276314,85315941907,297371180821200172804,49994257013667176587017
2026-07-02 08:33:00,112755276677,-112650722092000000000000,276314,276314,276314,276314,112755276677,0,49994257013667176587017
2026-07-02 08:37:00,-589959729,589408104485919398120,276314,276314,276314,276314,0,589408104485919398120,49994257013667176587017
2026-07-02 08:41:00,-100643552204,100549244934339230843317,276314,276314,276314,276314,0,100549244934339230843317,49994257013667176587017
2026-07-02 08:44:00,423084291,-422691224000000000000,276314,276314,276314,276314,423084291,0,49994257013667176587017
2026-07-02 08:45:00,-100000000000,99905896689358920724279,276314,276314,276314,276314,0,99905896689358920724279,49994257013667176587017
2026-07-02 08:46:00,18408042848,-18390874179000000000000,276314,276314,276314,276314,18408042848,0,49994257013667176587017
2026-07-02 08:47:00,3900489084,-3896852945000000000000,276314,276314,276314,276314,3900489084,0,49994257013667176587017
2026-07-02 08:49:00,-100000000000,99905586328341307350788,276314,276314,276314,276314,0,99905586328341307350788,49994257013667176587017
2026-07-02 08:50:00,-100000000000,99905186851002197883317,276314,276314,276314,276314,0,99905186851002197883317,49994257013667176587017
2026-07-02 08:52:00,2951375872,-2948601345000000000000,276314,276314,276314,276314,2951375872,0,49994257013667176587017
2026-07-02 08:53:00,22340422803,-22319438732325860526758,276314,276314,276314,276314,22982300112,641267509674139473242,49994257013667176587017
2026-07-02 08:54:00,-100000000000,99904888410749087497136,276314,276314,276314,276314,0,99904888410749087497136,49994257013667176587017
2026-07-02 08:55:00,110943144857,-110838757705797032924274,276314,276314,276314,276314,110943144857,0,49994257013667176587017
2026-07-02 08:56:00,-49529556790,49482015794803548165766,276314,276314,276314,276314,50470443210,99905133745957419207558,49994257013667176587017
2026-07-02 08:57:00,1102703447,-1101666192932277495292,276314,276314,276314,276314,1102703447,0,49994257013667176587017
2026-07-02 08:58:00,-100000000000,99904738676362232825663,276314,276314,276314,276314,0,99904738676362232825663,49994257013667176587017
2026-07-02 08:59:00,-21485281038,21463977337747343161178,276314,276314,276314,276314,78514718962,99904339204107173902170,49994257013667176587017
2026-07-02 09:00:00,-36811051125,36775220955724673968097,276314,276314,276314,276314,63188948875,99904253378251421804513,49994257013667176587017
2026-07-02 09:01:00,-98057557982,97963511388876093834419,276314,276314,276314,276314,1942442018,99904114089876093834419,49994257013667176587017
2026-07-02 09:02:00,-78332229809,78256624754515120616667,276314,276314,276314,276314,21667770191,99903801177515120616667,49994257013667176587017
2026-07-02 09:03:00,40515397867,-40477778207875659361093,276314,276314,276314,276314,140515397867,99903666917581252977851,49994257013667176587017
2026-07-02 09:05:00,-38265835336,38228363556270018593088,276314,276314,276314,276314,61734164664,99903579962778996931392,49994257013667176587017
2026-07-02 09:08:00,68040163285,-67975351886000000000000,276314,276314,276314,276314,68040163285,0,49994257013667176587017
2026-07-02 09:09:00,-67118326925,67053392333024262817906,276314,276314,276314,276314,33229341057,100251016395994730693487,49994257013667176587017
2026-07-02 09:10:00,322557336,-322249661502339157353,276314,276314,276314,276314,322557336,0,49994257013667176587017
2026-07-02 09:13:00,8007636846,-7999999999000000000000,276314,276314,276314,276314,8007636846,0,49994257013667176587017
2026-07-02 09:16:00,-100000000000,99903447662016245673956,276314,276314,276314,276314,0,99903447662016245673956,49994257013667176587017
2026-07-02 09:17:00,3203066828,-3200000000000000000000,276314,276314,276314,276314,3203066828,0,49994257013667176587017
2026-07-02 09:19:00,-32504062663,32471923055602058948697,276314,276314,276314,276314,67495937337,99903060992646501458802,49994257013667176587017
2026-07-02 09:20:00,-41830367696,41789230903205400683187,276314,276314,276314,276314,58169632304,99902931152290368987177,49994257013667176587017
2026-07-02 09:21:00,-62907760472,62846267558100722902091,276314,276314,276314,276314,37092239528,99902764056982454658123,49994257013667176587017
2026-07-02 09:23:00,1062218639,-1061195868000000000000,276314,276314,276314,276314,1062218639,0,49994257013667176587017
2026-07-02 09:24:00,-100000000000,99902517009005785501244,276314,276314,276314,276314,0,99902517009005785501244,49994257013667176587017
2026-07-02 09:25:00,62831794206,-62771124961000000000000,276314,276314,276314,276314,62831794206,0,49994257013667176587017
2026-07-02 09:26:00,223085156839,-222871023819000000000000,276314,276314,276314,276314,223085156839,0,49994257013667176587017
2026-07-02 09:31:00,-190402404953,190217865266860544283639,276314,276314,276314,276314,0,190217865266860544283639,49994257013667176587017
2026-07-02 09:32:00,98227134,-98132540000000000000,276314,276314,276314,276314,98227134,0,49994257013667176587017
2026-07-02 09:34:00,963062046,-962134619000000000000,276314,276314,276314,276314,963062046,0,49994257013667176587017
2026-07-02 09:35:00,39185183001,-39147479162000000000000,276314,276314,276314,276314,39185183001,0,49994257013667176587017
2026-07-02 09:36:00,-90891470,90803176952961529185,276314,276314,276314,276314,0,90803176952961529185,49994257013667176587017
2026-07-02 09:38:00,212777352,-212580635637743903760,276314,276314,276314,276314,998459916,784919364362256096240,49994257013667176587017
2026-07-02 09:39:00,-4566084210,4561648299053820407471,276314,276314,276314,276314,0,4561648299053820407471,49994257013667176587017
2026-07-02 09:40:00,-1141521696,1140412587338943365380,276314,276314,276314,276314,0,1140412587338943365380,49994257013667176587017
2026-07-02 09:41:00,-221792014119,221575532468065759234805,276314,276314,276314,276314,0,221575532468065759234805,49994257013667176587017
2026-07-02 09:42:00,-665906222244,665244453493385893668185,276314,276314,276314,276314,0,665244453493385893668185,49994257013667176587017
2026-07-02 09:44:00,4,-3999339402315,276314,276314,276314,276314,4,0,49994257013667176587017
2026-07-02 10:11:00,125203089,-125078249937526740793,276314,276314,276314,276314,125203089,0,49994257013667176587017
2026-07-02 10:16:00,-122515291,122391907408164435438,276314,276314,276314,276314,0,122391907408164435438,49994257013667176587017
2026-07-02 10:30:00,83608645,-83525279964293712111,276314,276314,276314,276314,83608645,0,49994257013667176587017
2026-07-02 10:32:00,383641830747,-383262243761961345130306,276314,276314,276314,276314,383641830747,0,49994257013667176587017
2026-07-02 10:33:00,87657269006,-87571363345000000000000,276314,276314,276314,276314,87657269006,0,49994257013667176587017
2026-07-02 10:34:00,61781493829,-61721131283000000000000,276314,276314,276314,276314,61781493829,0,49994257013667176587017
2026-07-02 10:35:00,503473161713,-502986936080999999999999,276314,276314,276314,276314,503473161713,0,49994257013667176587017
2026-07-02 10:37:00,-310716577,310416522722106504849,276314,276314,276314,276314,0,310416522722106504849,49994257013667176587017
2026-07-02 10:38:00,-320360675,320051303758351950582,276314,276314,276314,276314,0,320051303758351950582,49994257013667176587017
2026-07-02 10:39:00,43353791209,-43312395010000000000000,276314,276314,276314,276314,43353791209,0,49994257013667176587017
2026-07-02 10:41:00,-5000000000,4995179647546235203257,276314,276314,276314,276314,0,4995179647546235203257,49994257013667176587017
2026-07-02 10:44:00,-100000000000,99903383231399335062958,276314,276314,276314,276314,0,99903383231399335062958,49994257013667176587017
2026-07-02 10:47:00,49992501192,-49944649565441090000000,276314,276314,276314,276314,49992501192,0,49994257013667176587017
2026-07-02 10:49:00,-98417803713,98322506313415796881573,276314,276314,276314,276314,1582196287,99903183470080612169282,49994257013667176587017
2026-07-02 10:50:00,-97775548459,97680483289453873503722,276314,276314,276314,276314,2224451541,99902790327453873503722,49994257013667176587017
2026-07-02 10:51:00,-61724107306,61663529223471630379791,276314,276314,276314,276314,38275892694,99902404467230550760207,49994257013667176587017
2026-07-02 10:53:00,34329064389,-34296908587395506647529,276314,276314,276314,276314,134329064389,99902153191166652762737,49994257013667176587017
2026-07-02 10:54:00,-62903652231,62841865279034551841942,276314,276314,276314,276314,37096347769,99902290324166234223766,49994257013667176587017
2026-07-02 10:55:00,-60198266154,60138945584389553988963,276314,276314,276314,276314,39801733846,99902049537572887692643,49994257013667176587017
2026-07-02 10:56:00,-62902863029,62840767525353904975255,276314,276314,276314,276314,37097136971,99901798586110445399447,49994257013667176587017
2026-07-02 10:57:00,1210189907,-1209012980773043956354,276314,276314,276314,276314,1210189907,0,49994257013667176587017
2026-07-02 10:58:00,-34399997598,34365521251768247665726,276314,276314,276314,276314,65600002402,99901552152358767503925,49994257013667176587017
2026-07-02 10:59:00,-20546607991,20525590911947049302993,276314,276314,276314,276314,79453392009,99901414741527029341137,49994257013667176587017
2026-07-02 11:00:00,-84300123633,84216816539133975434406,276314,276314,276314,276314,15699876367,99901332669016291906726,49994257013667176587017
2026-07-02 11:01:00,43357980663,-43315611797000000000000,276314,276314,276314,276314,43357980663,0,49994257013667176587017
2026-07-02 11:02:00,199190892,-198996419371871417518,276314,276314,276314,276314,199190892,0,49994257013667176587017
2026-07-02 11:03:00,-25805087665,25778881494049925474928,276314,276314,276314,276314,74194912335,99901169921444281690736,49994257013667176587017
2026-07-02 11:05:00,1568203799,-1566671174470600162145,276314,276314,276314,276314,1568203799,0,49994257013667176587017
2026-07-02 11:06:00,1081978421,-1080921047000000000000,276314,276314,276314,276314,1081978421,0,49994257013667176587017
2026-07-02 11:07:00,45245192043,-45201017599429099112515,276314,276314,276314,276314,45245192043,0,49994257013667176587017
2026-07-02 11:08:00,17234624014,-17217818764010853099139,276314,276314,276314,276314,17234624014,0,49994257013667176587017
2026-07-02 11:09:00,-385712244921,385327947925649717849734,276314,276314,276314,276314,150364342201,535544822554649717849734,49994257013667176587017
2026-07-02 11:10:00,14776976559,-14762349500032725549056,276314,276314,276314,276314,14776976559,0,49994257013667176587017
2026-07-02 11:14:00,173885656,-173713587000000000000,276314,276314,276314,276314,173885656,0,49994257013667176587017
2026-07-02 11:15:00,3903319187,-3899456953000000000000,276314,276314,276314,276314,3903319187,0,49994257013667176587017
2026-07-02 11:18:00,3293134860,-3289876860671256753543,276314,276314,276314,276314,3293134860,0,49994257013667176587017
2026-07-02 11:19:00,1296298325,-1295015976916579991227,276314,276314,276314,276314,1296298325,0,49994257013667176587017
2026-07-02 11:20:00,500495091,-500000000000000000000,276314,276314,276314,276314,500495091,0,49994257013667176587017
2026-07-02 11:22:00,41910057,-41868600108692572130,276314,276314,276314,276314,41910057,0,49994257013667176587017
2026-07-02 11:23:00,5544028665,-5538545172272383799553,276314,276314,276314,276314,5544028665,0,49994257013667176587017
2026-07-02 11:24:00,220416999262,-220199983760000000000000,276314,276314,276314,276314,220416999262,0,49994257013667176587017
2026-07-02 11:25:00,-146334625,146189730176421514348,276314,276314,276314,276314,0,146189730176421514348,49994257013667176587017
2026-07-02 11:26:00,-100000000000,99900784116102533096139,276314,276314,276314,276314,0,99900784116102533096139,49994257013667176587017
2026-07-02 11:29:00,34359391,-34325576420162499165,276314,276314,276314,276314,34359391,0,49994257013667176587017
2026-07-02 11:30:00,2668286536,-2665668645556875522405,276314,276314,276314,276314,3469069978,799987437443124477595,49994257013667176587017
2026-07-02 11:31:00,-41198881768,41157306764305850016351,276314,276314,276314,276314,58801118232,99900630344412566315941,49994257013667176587017
2026-07-02 11:32:00,85391725759,-85307700458000000000000,276314,276314,276314,276314,85391725759,0,49994257013667176587017
2026-07-02 11:34:00,4493225656,-4488812397000000000000,276314,276314,276314,276314,4493225656,0,49994257013667176587017
2026-07-02 11:39:00,516102458,-515595593000000000000,276314,276314,276314,276314,516102458,0,49994257013667176587017
2026-07-02 11:40:00,2194817489,-2192662072000000000000,276314,276314,276314,276314,2194817489,0,49994257013667176587017
2026-07-02 11:41:00,72470216853,-72399156102031051911259,276314,276314,276314,276314,72516124853,45862458989643220063,49994257013667176587017
2026-07-02 11:42:00,10012678199,-10002876688318445326861,276314,276314,276314,276314,10012678199,0,49994257013667176587017
2026-07-02 11:44:00,21679415986,-21658207511000000000000,276314,276314,276314,276314,21679415986,0,49994257013667176587017
2026-07-02 11:45:00,127425793862,-127301515617000000000000,276314,276314,276314,276314,127425793862,0,49994257013667176587017
2026-07-02 11:49:00,444428374390,-444000000000000000000000,276314,276314,276314,276314,444428374390,0,49994257013667176587017
2026-07-02 11:50:00,25023885314,-25000000000000000000000,276314,276314,276314,276314,25023885314,0,49994257013667176587017
2026-07-02 11:51:00,-100000000000,99903401139606278965528,276314,276314,276314,276314,0,99903401139606278965528,49994257013667176587017
2026-07-02 11:52:00,-492434016322,491952503840691886665209,276314,276314,276314,276314,0,491952503840691886665209,49994257013667176587017
2026-07-02 11:54:00,-21094359633,21073516761687184524146,276314,276314,276314,276314,0,21073516761687184524146,49994257013667176587017
2026-07-02 11:56:00,2480530265,-2478103168000000000000,276314,276314,276314,276314,2480530265,0,49994257013667176587017
2026-07-02 11:57:00,1102358672,-1101280138402280867924,276314,276314,276314,276314,1102358672,0,49994257013667176587017
2026-07-02 11:59:00,384258279,-383882337000000000000,276314,276314,276314,276314,384258279,0,49994257013667176587017
2026-07-02 12:01:00,610569131,-609971787880057048023,276314,276314,276314,276314,610569131,0,49994257013667176587017
2026-07-02 12:03:00,471763762,-471302228000000000000,276314,276314,276314,276314,471763762,0,49994257013667176587017
2026-07-02 12:06:00,146215138,-146072096000000000000,276314,276314,276314,276314,146215138,0,49994257013667176587017
2026-07-02 12:07:00,48810849292,-48763145150767176572979,276314,276314,276314,276314,48810849292,0,49994257013667176587017
2026-07-02 12:09:00,-100000000000,99901166081893934290607,276314,276314,276314,276314,0,99901166081893934290607,49994257013667176587017
2026-07-02 12:12:00,-1007244,1006245526713032379,276314,276314,276314,276314,0,1006245526713032379,49994257013667176587017
2026-07-02 12:14:00,333222268166,-332897812687038093197312,276314,276314,276314,276314,333222268166,0,49994257013667176587017
2026-07-02 12:15:00,-31327831490,31297203789928482816680,276314,276314,276314,276314,0,31297203789928482816680,49994257013667176587017
2026-07-02 12:16:00,-53069943504,53017970140999007080676,276314,276314,276314,276314,0,53017970140999007080676,49994257013667176587017
2026-07-02 12:21:00,2204752526,-2202613117000000000000,276314,276314,276314,276314,2204752526,0,49994257013667176587017
2026-07-02 12:23:00,47045605023,-47000000000000000000000,276314,276314,276314,276314,47045605023,0,49994257013667176587017
2026-07-02 12:24:00,13868113585,-13854687000000000000000,276314,276314,276314,276314,13868113585,0,49994257013667176587017
2026-07-02 12:25:00,-35656381618,35620899716287782495984,276314,276314,276314,276314,58957217229,94520899716287782495984,49994257013667176587017
2026-07-02 12:26:00,28499335606,-28471727145361965830576,276314,276314,276314,276314,28499335606,0,49994257013667176587017
2026-07-02 12:27:00,74171701029,-74100000000000000000000,276314,276314,276314,276314,74171701029,0,49994257013667176587017
2026-07-02 12:28:00,27593856975,-27567238361501862879242,276314,276314,276314,276314,27593856975,0,49994257013667176587017
2026-07-02 12:29:00,199963013309,-199771026390000000000000,276314,276314,276314,276314,199963013309,0,49994257013667176587017
2026-07-02 12:31:00,17654322968,-17637462787059780885571,276314,276314,276314,276314,18976884341,1321283599940219114429,49994257013667176587017
2026-07-02 12:33:00,93288955649,-93200000000000000000000,276314,276314,276314,276314,93288955649,0,49994257013667176587017
2026-07-02 12:34:00,79473870205,-79398362167925038900379,276314,276314,276314,276314,79473870205,0,49994257013667176587017
2026-07-02 12:36:00,-733564503,732861369014346757548,276314,276314,276314,276314,0,732861369014346757548,49994257013667176587017
2026-07-02 12:37:00,265952206,-265710394129023381026,276314,276314,276314,276314,1312161987,1045206988177519991277,49994257013667176587017
2026-07-02 12:39:00,-963345714,962422308382070605831,276314,276314,276314,276314,0,962422308382070605831,49994257013667176587017
2026-07-02 12:40:00,200189092639,-200000000000000000000000,276314,276314,276314,276314,200189092639,0,49994257013667176587017
2026-07-02 12:41:00,211643105125,-211444939261570183608494,276314,276314,276314,276314,212136112478,492542792429816391506,49994257013667176587017
2026-07-02 12:42:00,54851067505,-54800000000000000000000,276314,276314,276314,276314,54851067505,0,49994257013667176587017
2026-07-02 12:44:00,40725074478,-40688235387631106716852,276314,276314,276314,276314,140725074478,99905954982368893283148,49994257013667176587017
2026-07-02 12:46:00,64059384271,-64000000000000000000000,276314,276314,276314,276314,64059384271,0,49994257013667176587017
2026-07-02 12:47:00,117492232058,-117383740693560525918187,276314,276314,276314,276314,117502241242,9999836639474081813,49994257013667176587017
2026-07-02 12:48:00,-528223961637,527726592616360734344549,276314,276314,276314,276314,0,527726592616360734344549,49994257013667176587017
2026-07-02 12:49:00,2406989510,-2404721887000000000000,276314,276314,276314,276314,2406989510,0,49994257013667176587017
2026-07-02 12:50:00,-75146489,75074946011907262871,276314,276314,276314,276314,0,75074946011907262871,49994257013667176587017
2026-07-02 12:53:00,-146759849,146620126399606300385,276314,276314,276314,276314,0,146620126399606300385,49994257013667176587017
2026-07-02 12:56:00,-14040000000,14026629269678173900035,276314,276314,276314,276314,0,14026629269678173900035,49994257013667176587017
2026-07-02 12:58:00,1102176475,-1101137564642840639887,276314,276314,276314,276314,1102176475,0,49994257013667176587017
2026-07-02 12:59:00,6428015563,-6421957489000000000000,276314,276314,276314,276314,6428015563,0,49994257013667176587017
2026-07-02 13:00:00,64926413085,-64865315809000000000000,276314,276314,276314,276314,64926413085,0,49994257013667176587017
2026-07-02 13:03:00,-159996000,159844048518760368114,276314,276314,276314,276314,0,159844048518760368114,49994257013667176587017
2026-07-02 13:04:00,36839826829,-36805234337564530216278,276314,276314,276314,276314,36839826829,0,49994257013667176587017
2026-07-02 13:05:00,5094327229,-5089547938000000000000,276314,276314,276314,276314,5094327229,0,49994257013667176587017
2026-07-02 13:07:00,-1141958322,1140875663370323585331,276314,276314,276314,276314,0,1140875663370323585331,49994257013667176587017
2026-07-02 13:10:00,-566701398,566164104889558296164,276314,276314,276314,276314,0,566164104889558296164,49994257013667176587017
2026-07-02 13:13:00,535034233,-534537249728858181296,276314,276314,276314,276314,1029437917,493934925771141818704,49994257013667176587017
2026-07-02 13:16:00,76801888793,-76729958400000000000000,276314,276314,276314,276314,76801888793,0,49994257013667176587017
2026-07-02 13:17:00,-1135312552,1134239624571142411527,276314,276314,276314,276314,0,1134239624571142411527,49994257013667176587017
2026-07-02 13:18:00,-173899808146,173734856176955903862076,276314,276314,276314,276314,0,173734856176955903862076,49994257013667176587017
2026-07-02 13:19:00,1864799662,-1863043037000000000000,276314,276314,276314,276314,1864799662,0,49994257013667176587017
2026-07-02 13:20:00,172619574840,-172457570252000000000000,276314,276314,276314,276314,172619574840,0,49994257013667176587017
2026-07-02 13:21:00,-570977804,570438195006957244101,276314,276314,276314,276314,0,570438195006957244101,49994257013667176587017
2026-07-02 13:22:00,-172816037,172652711890290426251,276314,276314,276314,276314,0,172652711890290426251,49994257013667176587017
2026-07-02 13:23:00,9841580569,-9832404261108393295279,276314,276314,276314,276314,12294084935,2450187538891606704721,49994257013667176587017
2026-07-02 13:24:00,5587361996,-5582140140033072062126,276314,276314,276314,276314,5587361996,0,49994257013667176587017
2026-07-02 13:26:00,979536804,-978631636882294525921,276314,276314,276314,276314,1996682704,1016185222117705474079,49994257013667176587017
2026-07-02 13:27:00,48871191545,-48825582610323417606624,276314,276314,276314,276314,49892185477,1020029660228335371685,49994257013667176587017
2026-07-02 13:28:00,2541227362,-2538857846332875920552,276314,276314,276314,276314,2541227362,0,49994257013667176587017
2026-07-02 13:30:00,4960837925,-4956213036000000000000,276314,276314,276314,276314,4960837925,0,49994257013667176587017
2026-07-02 13:32:00,-994427671,993485528772221392015,276314,276314,276314,276314,520525718,1513526028684464238503,49994257013667176587017
2026-07-02 13:33:00,-1221271775,1220121048725048893234,276314,276314,276314,276314,0,1220121048725048893234,49994257013667176587017
2026-07-02 13:35:00,-6226171331,6220303883960278452936,276314,276314,276314,276314,0,6220303883960278452936,49994257013667176587017
2026-07-02 13:36:00,-2406927071,2404658404209935001883,276314,276314,276314,276314,0,2404658404209935001883,49994257013667176587017
2026-07-02 13:43:00,-2503419575,2501059713664818725285,276314,276314,276314,276314,0,2501059713664818725285,49994257013667176587017
2026-07-02 13:44:00,-42887058030,42846591456372421802062,276314,276314,276314,276314,0,42846591456372421802062,49994257013667176587017
2026-07-02 13:45:00,-20964060000,20944252384628142685986,276314,276314,276314,276314,0,20944252384628142685986,49994257013667176587017
2026-07-02 13:53:00,-197419766,197233152201381646608,276314,276314,276314,276314,0,197233152201381646608,49994257013667176587017
2026-07-02 13:56:00,-447525000,447101966627515932933,276314,276314,276314,276314,0,447101966627515932933,49994257013667176587017
2026-07-02 13:59:00,-172155000,171992264287038778587,276314,276314,276314,276314,0,171992264287038778587,49994257013667176587017
2026-07-02 14:00:00,19584306390,-19565996898073012338688,276314,276314,276314,276314,19584306390,0,49994257013667176587017
2026-07-02 14:02:00,-2047414649,2045480768359189793873,276314,276314,276314,276314,0,2045480768359189793873,49994257013667176587017
2026-07-02 14:06:00,18600413779,-18583036800000000000000,276314,276314,276314,276314,18600413779,0,49994257013667176587017
2026-07-02 14:07:00,997693028,-996761348891107619670,276314,276314,276314,276314,997693028,0,49994257013667176587017
2026-07-02 14:11:00,81956176,-81879645000000000000,276314,276314,276314,276314,81956176,0,49994257013667176587017
2026-07-02 14:13:00,-35647922023,35614197215476707198975,276314,276314,276314,276314,5491650690,41100711320476707198975,49994257013667176587017
2026-07-02 14:14:00,5186095803,-5181246123060442931418,276314,276314,276314,276314,5186095803,0,49994257013667176587017
2026-07-02 14:17:00,-380019780,379660650576392467681,276314,276314,276314,276314,0,379660650576392467681,49994257013667176587017
2026-07-02 14:18:00,-53818147269,53756983661032505963772,276314,276314,276314,276314,1025554530980,1078329364952032505963772,49994257013667176587017
2026-07-02 14:19:00,-42128604791,42088665834708670337423,276314,276314,276314,276314,0,42088665834708670337423,49994257013667176587017
2026-07-02 14:21:00,566897226735,-566371400000000000000000,276314,276314,276314,276314,566897226735,0,49994257013667176587017
2026-07-02 14:24:00,908894966128,-908078711794124048609759,276315,276315,276315,276315,908894966128,0,49994256924236784296578
2026-07-02 14:33:00,-126519266190,126406355819165589201579,276315,276315,276315,276315,0,126406355819165589201579,49994256924236784296578
2026-07-02 14:35:00,1977750176,-1976000000000000000000,276315,276315,276315,276315,1977750176,0,49994256924236784296578
2026-07-02 14:43:00,169419752754,-169270407713000000000000,276315,276315,276315,276315,169419752754,0,49994256924236784296578
2026-07-02 14:48:00,100087689365,-100000000000780465330696,276315,276315,276315,276315,100087689365,0,49994256924236784296578
2026-07-02 14:52:00,462189187862,-461789443559000000000000,276315,276315,276315,276315,462189187862,0,49994256924236784296578
2026-07-02 14:54:00,260782987096,-260561204000000000000000,276315,276315,276315,276315,260782987096,0,49994256924236784296578
2026-07-02 14:56:00,-53031442853,52986032447266979333891,276315,276315,276315,276315,0,52986032447266979333891,49994256924236784296578
2026-07-02 15:01:00,46082731227,-46043724989241738914090,276315,276315,276315,276315,46082731227,0,49994256924236784296578
2026-07-02 15:02:00,-482185016520,481767857704389766609073,276315,276315,276315,276315,0,481767857704389766609073,49994256924236784296578
2026-07-02 15:06:00,6073348653,-6068097259319266343937,276315,276315,276315,276315,6073348653,0,49994256924236784296578
2026-07-02 15:07:00,1116429974,-1115464799578361013767,276315,276315,276315,276315,1116429974,0,49994256924236784296578
2026-07-02 15:08:00,119594312,-119490923589071690067,276315,276315,276315,276315,119594312,0,49994256924236784296578
2026-07-02 15:10:00,40613895,-40579457346472240241,276315,276315,276315,276315,107858283,67185583069484417603,49994256924236784296578
2026-07-02 15:13:00,49696569,-49653607392037563497,276315,276315,276315,276315,49696569,0,49994256924236784296578
2026-07-02 15:14:00,1044186801,-1043284136735721882871,276315,276315,276315,276315,1044186801,0,49994256924236784296578
2026-07-02 15:15:00,2771801235,-2769405315810052869713,276315,276315,276315,276315,2771801235,0,49994256924236784296578
2026-07-02 15:16:00,-572371238,571870791818588772972,276315,276315,276315,276315,0,571870791818588772972,49994256924236784296578
2026-07-02 15:19:00,-3966000000,3962532015148494187006,276315,276315,276315,276315,0,3962532015148494187006,49994256924236784296578
2026-07-02 15:20:00,2502724227,-2500560705824271831111,276315,276315,276315,276315,2502724227,0,49994256924236784296578
2026-07-02 15:21:00,53433706431,-53387574623529164784538,276315,276315,276315,276315,53448419160,14699863630383265333,49994256924236784296578
2026-07-02 15:22:00,4304505632,-4300794305323705253752,276315,276315,276315,276315,4304505632,0,49994256924236784296578
2026-07-02 15:25:00,200171769646,-200000000000960534836880,276315,276315,276315,276315,200171769646,0,49994256924236784296578
2026-07-02 15:27:00,-227993257,227796246057737143610,276315,276315,276315,276315,0,227796246057737143610,49994256924236784296578
2026-07-02 15:29:00,-99996600100,99909991983368884193128,276315,276315,276315,276315,0,99909991983368884193128,49994256924236784296578
2026-07-02 15:30:00,-348912420000,348607094396164660018468,276315,276315,276315,276315,0,348607094396164660018468,49994256924236784296578
2026-07-02 15:31:00,10134981642,-10126145417000000000000,276315,276315,276315,276315,10134981642,0,49994256924236784296578
2026-07-02 15:32:00,20687719136,-20669695200000000000000,276315,276315,276315,276315,20687719136,0,49994256924236784296578
2026-07-02 15:33:00,66282061511,-66224429182946567297248,276315,276315,276315,276315,66282061511,0,49994256924236784296578
2026-07-02 15:37:00,1439947139,-1438697052000000000000,276315,276315,276315,276315,1439947139,0,49994256924236784296578
2026-07-02 15:38:00,11795681975,-11785444693000000000000,276315,276315,276315,276315,11795681975,0,49994256924236784296578
2026-07-02 15:39:00,9985751888,-9977089760000000000000,276315,276315,276315,276315,9985751888,0,49994256924236784296578
2026-07-02 15:40:00,-60592595,60539440602431402131,276315,276315,276315,276315,0,60539440602431402131,49994256924236784296578
2026-07-02 15:41:00,194163679329,-193996043633595735879680,276315,276315,276315,276315,194163679329,0,49994256924236784296578
2026-07-02 15:43:00,-100000000000,99912851660500410571614,276315,276315,276315,276315,0,99912851660500410571614,49994256924236784296578
2026-07-02 15:44:00,-100000000000,99912452139583662528451,276315,276315,276315,276315,0,99912452139583662528451,49994256924236784296578
2026-07-02 15:45:00,4003473632,-4000001000000000000000,276315,276315,276315,276315,4003473632,0,49994256924236784296578
2026-07-02 15:46:00,495765532,-495335548000000000000,276315,276315,276315,276315,495765532,0,49994256924236784296578
2026-07-02 15:47:00,89720939,-89643225583966919308,276315,276315,276315,276315,99732653,10002929856161290703,49994256924236784296578
2026-07-02 15:48:00,822499080500,-821799240002000000000000,276315,276315,276315,276315,822499080500,0,49994256924236784296578
2026-07-02 15:49:00,-9802893907,9794614114182518614723,276315,276315,276315,276315,0,9794614114182518614723,49994256924236784296578
2026-07-02 15:52:00,-1189022890887,1187990134600181900619423,276315,276315,276315,276315,0,1187990134600181900619423,49994256924236784296578
2026-07-02 15:53:00,273507156465,-273267325484817153728172,276315,276315,276315,276315,273507156465,0,49994256924236784296578
2026-07-02 15:54:00,323848679440,-323568569788000000000000,276315,276315,276315,276315,323848679440,0,49994256924236784296578
2026-07-02 15:56:00,-11954157265,11943772678889171739327,276315,276315,276315,276315,0,11943772678889171739327,49994256924236784296578
2026-07-02 15:57:00,79403616556,-79349328921746120673976,276315,276315,276314,276315,1459603616556,1378975161553801552126529,49994256924236784296578
2026-07-02 15:58:00,-11749726962,11738641679875870074221,276315,276315,276315,276315,91078072848,102738563680551100392813,49994256924236784296578
2026-07-02 15:59:00,209110888284,-208932711672719634680953,276315,276315,276315,276315,209110888284,0,49994256924236784296578
2026-07-02 16:00:00,301642762287,-301388820000000000000000,276315,276315,276315,276315,301642762287,0,49994256924236784296578
2026-07-02 16:01:00,473109920921,-472718949070000000000000,276315,276315,276315,276315,473109920921,0,49994256924236784296578
2026-07-02 16:02:00,33946147632,-33932227356558398038800,276315,276315,276315,276315,1413946147632,1378820796539387853221200,49994256924236784296578
2026-07-02 16:03:00,-485128073,484727560487114797464,276315,276315,276315,276315,0,484727560487114797464,49994256924236784296578
2026-07-02 16:07:00,-176649772965,176503309290960107307640,276315,276315,276315,276315,0,176503309290960107307640,49994256924236784296578
2026-07-02 16:09:00,-253856731327,253634017721344212511112,276315,276315,276315,276315,1006143268673,1258919148486344212511112,49994256924236784296578
2026-07-02 16:10:00,388532756798,-388212202954000000000000,276315,276315,276315,276315,388532756798,0,49994256924236784296578
2026-07-02 16:12:00,301055951,-300809907981633534772,276315,276315,276315,276315,301055951,0,49994256924236784296578
2026-07-02 16:13:00,724197957,-723606107593686911888,276315,276315,276315,276315,724197957,0,49994256924236784296578
2026-07-02 16:14:00,545437123209,-544997316950410414748075,276316,276315,276315,276316,545437123209,0,49994256924236785296177
2026-07-02 16:21:00,224102010239,-223924753800000000000000,276316,276316,276316,276316,224102010239,0,49994256924236785296177
2026-07-02 16:22:00,180141030062,-180000000000000000000000,276316,276316,276316,276316,180141030062,0,49994256924236785296177
2026-07-02 16:23:00,-1999999999,1998421358811509737905,276316,276316,276316,276316,0,1998421358811509737905,49994256924236785296177
2026-07-02 16:24:00,-1549376054,1548152990358283169854,276316,276316,276316,276316,0,1548152990358283169854,49994256924236785296177
2026-07-02 16:29:00,244260558,-244070176005120254173,276316,276316,276316,276316,244260558,0,49994256924236785296177
2026-07-02 16:30:00,260429285101,-260227656346658279428223,276316,276316,276316,276316,260429285101,0,49994256924236785296177
2026-07-02 16:32:00,330251789106,-330000000000000000000000,276316,276316,276316,276316,330251789106,0,49994256924236785296177
2026-07-02 16:37:00,457030273791,-456689015698194991368709,276316,276316,276316,276316,457030273791,0,49994256924236785296177
2026-07-02 16:41:00,18228074662,-18214637101783283924992,276316,276316,276316,276316,18228074662,0,49994256924236785296177
2026-07-02 16:42:00,-475970767999,475610777754877206028170,276316,276316,276316,276316,0,475610777754877206028170,49994256924236785296177
2026-07-02 16:44:00,11617929253,-11609150588029553284585,276316,276316,276316,276316,11617929253,0,49994256924236785296177
2026-07-02 16:46:00,-533836174635,533421896715060822055088,276316,276316,276316,276316,0,533421896715060822055088,49994256924236785296177
2026-07-02 16:48:00,-109799817000,109713196086558125337615,276316,276316,276316,276316,0,109713196086558125337615,49994256924236785296177
2026-07-02 16:49:00,-274054301858,273835999155293353482615,276316,276316,276316,276316,0,273835999155293353482615,49994256924236785296177
2026-07-02 16:51:00,38597025677,-38566484649869920000000,276316,276316,276316,276316,38597025677,0,49994256924236785296177
2026-07-02 16:52:00,-50082405047,50042263957614059056577,276316,276316,276316,276316,0,50042263957614059056577,49994256924236785296177
2026-07-02 16:55:00,701681052732,-701134800624213906120704,276316,276316,276316,276316,701681052732,0,49994256924236785296177
2026-07-02 16:56:00,450339950182,-449999730000000000000000,276316,276316,276316,276316,450339950182,0,49994256924236785296177
2026-07-02 16:57:00,125350759765,-125257502311751481430311,276316,276316,276316,276316,125350759765,0,49994256924236785296177
2026-07-02 16:58:00,375679905022,-375404170494000000000000,276316,276316,276316,276316,375679905022,0,49994256924236785296177
2026-07-02 16:59:00,-8454072,8447845286271582492,276316,276316,276316,276316,0,8447845286271582492,49994256924236785296177
2026-07-02 17:07:00,-100000000000,99926155379516834333589,276316,276316,276316,276316,0,99926155379516834333589,49994256924236785296177
2026-07-02 17:09:00,97768377646,-97698152841617938262316,276316,276316,276316,276316,197768377646,99926546068922344366540,49994256924236785296177
2026-07-02 17:10:00,-100000000000,99926146465863241505059,276316,276316,276316,276316,0,99926146465863241505059,49994256924236785296177
2026-07-02 17:12:00,1292231934880,-1291328580992260036206806,276316,276316,276316,276317,1958349680438,665663469952473205964586,49994256924236785296177
2026-07-02 17:13:00,-100000000000,99930271679555009940161,276317,276317,276317,276317,0,99930271679555009940161,49994256924236786295825
2026-07-02 17:14:00,-38088414922,38061751416068891436506,276317,276317,276317,276317,0,38061751416068891436506,49994256924236786295825
2026-07-02 17:16:00,-105641999872,105567742600067898628690,276317,276317,276317,276317,0,105567742600067898628690,49994256924236786295825
2026-07-02 17:17:00,-98828210784,98758327543819930755145,276316,276317,276316,276317,1171789216,99929302356589619724746,49994256924236785296177
2026-07-02 17:18:00,464903207984,-464583567238296636023163,276317,276317,276317,276317,564903207984,99931160244899518719685,49994256924236786295825
2026-07-02 17:19:00,91565729007,-91503594986339333334979,276317,276317,276317,276317,91565729007,0,49994256924236786295825
2026-07-02 17:20:00,-100000000000,99931126540697232945997,276317,276317,276317,276317,0,99931126540697232945997,49994256924236786295825
2026-07-02 17:21:00,45021607487,-44991000000000000000000,276317,276317,276317,276317,45021607487,0,49994256924236786295825
2026-07-02 17:22:00,-1249201539,1248340889991884580948,276317,276317,276317,276317,0,1248340889991884580948,49994256924236786295825
2026-07-02 17:23:00,-61471104258,61428676179222675961096,276317,276317,276317,276317,0,61428676179222675961096,49994256924236786295825
2026-07-02 17:30:00,-200000000000,199860912736103615398736,276317,276317,276317,276317,0,199860912736103615398736,49994256924236786295825
2026-07-02 17:31:00,-68133837,68086181550671253832,276317,276317,276317,276317,0,68086181550671253832,49994256924236786295825
2026-07-02 17:33:00,-100000000000,99929856656599285962200,276317,276317,276317,276317,0,99929856656599285962200,49994256924236786295825
2026-07-02 17:35:00,-100000000000,99929457066806863794346,276316,276316,276316,276316,0,99929457066806863794346,50002860259432574362539
2026-07-02 17:36:00,-62500695327,62456027872954357629511,276316,276316,276316,276316,37499304673,99929057516296982479431,50002860259432574362539
2026-07-02 17:39:00,2833829223,-2832845198361695703432,276316,276317,276316,276317,102833829223,99929218668638304296568,50002860259432574362539
2026-07-02 17:40:00,43368836428,-43338523708000000000000,276316,276316,276316,276316,43368836428,0,50002860259432574362539
2026-07-02 17:41:00,-65637321241,65590415425370427503434,276317,276316,276316,276317,34362678759,99929129696370427503434,50002860259432575362187
2026-07-02 17:42:00,-499813881,499458656968326993576,276316,276316,276316,276316,0,499458656968326993576,50002860259432574362539
2026-07-02 17:43:00,-31132846901,31110010543509234213430,276316,276316,276316,276316,69072027038,100133456227509234213429,50002860259432574362539
2026-07-02 17:44:00,958822901,-958149853000000000000,276316,276316,276316,276316,958822901,0,50002860259432574362539
2026-07-02 17:46:00,-100000000000,99928607592921377433288,276316,276316,276316,276316,0,99928607592921377433288,50002860259432574362539
2026-07-02 17:47:00,-56628539240,56587500164252640047640,276316,276316,276316,276316,43371460760,99928208046252640047640,50002860259432574362539
2026-07-02 17:48:00,-100000000000,99927981790739702144981,276316,276316,276316,276316,0,99927981790739702144981,50002860259432574362539
2026-07-02 17:50:00,43657429457,-43626375282000000000000,276316,276316,276316,276316,43657429457,0,50002860259432574362539
2026-07-02 17:51:00,117820652592,-117737225100454657741059,276316,276316,276316,276316,117820652592,0,50002860259432574362539
2026-07-02 17:52:00,1251046682,-1250163807035543625791,276316,276316,276316,276316,1251046682,0,50002860259432574362539
2026-07-02 17:55:00,59486128479,-59444220698163125682176,276316,276316,276316,276316,59486128479,0,50002860259432574362539
2026-07-02 17:56:00,-564201538557,563790877057880341668263,276316,276316,276316,276316,185798461443,749453786933391951659385,50002860259432574362539
2026-07-02 17:58:00,-1100000000000,1099166400930885951780260,276316,276316,276316,276316,0,1099166400930885951780260,50002860259432574362539
2026-07-02 17:59:00,557586692017,-557163673198004770320384,276316,276316,276316,276316,557586692017,0,50002860259432574362539
2026-07-02 18:00:00,42131458722,-42100000000000000000000,276316,276316,276316,276316,42131458722,0,50002860259432574362539
2026-07-02 18:02:00,482181693050,-481826707944749914244482,276316,276316,276316,276316,482181693050,0,50002860259432574362539
2026-07-02 18:04:00,-955475867249,954753858793833975330460,276316,276316,276316,276316,0,954753858793833975330460,50002860259432574362539
2026-07-02 18:05:00,320541152422,-320298079599387375709034,276316,276316,276316,276316,321316209922,774466963201974123920,50002860259432574362539
2026-07-02 18:07:00,-16697377747,16684649883934988251072,276316,276316,276316,276316,0,16684649883934988251072,50002860259432574362539
2026-07-02 18:08:00,2326100,-2324349548431183627,276316,276316,276316,276316,2326100,0,50002860259432574362539
2026-07-02 18:09:00,430354571,-430030686650110248127,276316,276316,276316,276316,430354571,0,50002860259432574362539
2026-07-02 18:12:00,48601913432,-48565383257000000000000,276316,276316,276316,276316,48601913432,0,50002860259432574362539
2026-07-02 18:14:00,43376093356,-43343570711000000000000,276316,276316,276316,276316,43376093356,0,50002860259432574362539
2026-07-02 18:16:00,105291735096,-105213101872999999999999,276316,276316,276316,276316,105291735096,0,50002860259432574362539
2026-07-02 18:17:00,51748095679,-51709611873999999999999,276316,276316,276316,276316,51748095679,0,50002860259432574362539
2026-07-02 18:18:00,35048604027,-35022600000000000000000,276316,276316,276316,276316,35048604027,0,50002860259432574362539
2026-07-02 18:19:00,197492312,-197345923992585298268,276316,276316,276316,276316,197492312,0,50002860259432574362539
2026-07-02 18:20:00,2989754554,-2987538625974826746057,276316,276316,276316,276316,2989754554,0,50002860259432574362539
2026-07-02 18:21:00,43713694784,-43681341387789954270507,276316,276316,276316,276316,44241696948,527605671738672923303,50002860259432574362539
2026-07-02 18:22:00,-273000000,272795423102635920687,276316,276316,276316,276316,0,272795423102635920687,50002860259432574362539
2026-07-02 18:23:00,484743125,-484384721383832904918,276316,276316,276316,276316,484743125,0,50002860259432574362539
2026-07-02 18:24:00,-100000000000,99924865035982371363262,276316,276316,276316,276316,0,99924865035982371363262,50002860259432574362539
2026-07-02 18:25:00,357284786,-357019200000000000000,276316,276316,276316,276316,357284786,0,50002860259432574362539
2026-07-02 18:26:00,3563181689,-3560533286000000000000,276316,276316,276316,276316,3563181689,0,50002860259432574362539
2026-07-02 18:34:00,-100000000000,99924481175005736222101,276316,276316,276316,276316,0,99924481175005736222101,50002860259432574362539
2026-07-02 18:40:00,-17444094,17430884793598626884,276316,276316,276316,276316,0,17430884793598626884,50002860259432574362539
2026-07-02 18:41:00,20446871471,-20431602042527700000000,276316,276316,276316,276316,20446871471,0,50002860259432574362539
2026-07-02 18:42:00,321817588984,-321579460594000000000000,276316,276316,276316,276316,321817588984,0,50002860259432574362539
2026-07-02 18:45:00,-100000000000,99925449021708930825609,276316,276316,276316,276316,0,99925449021708930825609,50002860259432574362539
2026-07-02 18:46:00,-100000000000,99925049493983498101858,276316,276316,276316,276316,0,99925049493983498101858,50002860259432574362539
2026-07-02 18:51:00,72666429631,-72613651482271732198694,276316,276316,276316,276316,172666429631,99925339819728267801306,50002860259432574362539
2026-07-02 18:54:00,-20260660926,20245485605662551663439,276316,276316,276316,276316,0,20245485605662551663439,50002860259432574362539
2026-07-02 19:01:00,-100000000000,99924859346124614805807,276316,276316,276316,276316,0,99924859346124614805807,50002860259432574362539
2026-07-02 19:03:00,596965057,-596521274000000000000,276316,276316,276316,276316,596965057,0,50002860259432574362539
2026-07-02 19:04:00,-100000000000,99924462206960306636997,276316,276316,276316,276316,0,99924462206960306636997,50002860259432574362539
2026-07-02 19:05:00,-100000000000,99924062685153163323054,276316,276316,276316,276316,0,99924062685153163323054,50002860259432574362539
2026-07-02 19:08:00,172672622403,-172543475555000000000000,276316,276316,276316,276316,172672622403,0,50002860259432574362539
2026-07-02 19:09:00,-299999999999,299771860531956413258550,276316,276316,276316,276316,0,299771860531956413258550,50002860259432574362539
2026-07-02 19:10:00,26030927778,-26011249822000000000000,276316,276316,276316,276316,26030927778,0,50002860259432574362539
2026-07-02 19:15:00,-253800168744,253604618877317998758028,276316,276316,276316,276316,0,253604618877317998758028,50002860259432574362539
2026-07-02 19:19:00,-19057496772,19042709334759355409371,276316,276316,276316,276316,0,19042709334759355409371,50002860259432574362539
2026-07-02 19:20:00,-1045045045,1044233734372964027799,276316,276316,276316,276316,0,1044233734372964027799,50002860259432574362539
2026-07-02 19:22:00,240735738254,-240552403881069013510030,276316,276316,276316,276316,240751129754,15379550600535287773,50002860259432574362539
2026-07-02 19:23:00,637318619,-636836336684861434078,276316,276316,276316,276316,637318619,0,50002860259432574362539
2026-07-02 19:25:00,-20000000000,19984657664624012125047,276316,276316,276316,276316,0,19984657664624012125047,50002860259432574362539
2026-07-02 19:26:00,27440904,-27420117125014388624,276316,276316,276316,276316,27440904,0,50002860259432574362539
2026-07-02 19:30:00,45408712476,-45374355532000000000000,276316,276316,276316,276316,45408712476,0,50002860259432574362539
2026-07-02 19:31:00,453439732532,-453101266683537314063922,276316,276316,276316,276316,462964161694,9517310652840424893172,50002860259432574362539
2026-07-02 19:33:00,-100000000000,99925041735678138156483,276316,276316,276316,276316,0,99925041735678138156483,50002860259432574362539
2026-07-02 19:35:00,-449910000000,449567812979889025368725,276316,276316,276316,276316,0,449567812979889025368725,50002860259432574362539
2026-07-02 19:36:00,-256500162814,256301457569433926997501,276316,276316,276316,276316,0,256301457569433926997501,50002860259432574362539
2026-07-02 19:38:00,57221951,-57177901083880646450,276316,276316,276316,276316,57221951,0,50002860259432574362539
2026-07-02 19:39:00,6189263779,-6184500000000000000000,276316,276316,276316,276316,6189263779,0,50002860259432574362539
2026-07-02 19:41:00,369209032358,-368930420362200456291972,276316,276316,276316,276316,648798879650,279370330708726506199420,50002860259432574362539
2026-07-02 19:43:00,-67027903,66976638943552949371,276316,276316,276316,276316,0,66976638943552949371,50002860259432574362539
2026-07-02 19:45:00,-99454389,99378324844600360165,276316,276316,276316,276316,0,99378324844600360165,50002860259432574362539
2026-07-02 19:50:00,190005967472,-189863268982000000000000,276316,276316,276316,276316,190005967472,0,50002860259432574362539
2026-07-02 19:54:00,-99800359086,99724587499608890301314,276316,276316,276316,276316,199640914,99924079238223140269576,50002860259432574362539
2026-07-02 19:55:00,179761329876,-179626936391000000000000,276316,276316,276316,276316,179761329876,0,50002860259432574362539
2026-07-02 19:56:00,225218606158,-225052049861000000000000,276316,276316,276316,276316,225218606158,0,50002860259432574362539
2026-07-02 19:58:00,1102525539,-1101715171785813812348,276316,276316,276316,276316,1102525539,0,50002860259432574362539
2026-07-02 19:59:00,-1496020851,1494906298056029372291,276316,276316,276316,276316,0,1494906298056029372291,50002860259432574362539
2026-07-02 20:00:00,217339081261,-217180270171000000000000,276316,276316,276316,276316,217339081261,0,50002860259432574362539
2026-07-02 20:02:00,-4476102667,4472806254530269638118,276316,276316,276316,276316,0,4472806254530269638118,50002860259432574362539
2026-07-02 20:04:00,25015674,-24997500000000000000,276316,276316,276316,276316,25015674,0,50002860259432574362539
2026-07-02 20:11:00,304787093424,-304567508391740077018384,276316,276316,276316,276316,304787176575,83089172533069082,50002860259432574362539
2026-07-02 20:12:00,142044300195,-141944231075727446756872,276316,276316,276316,276316,242044300195,99927369304672871384968,50002860259432574362539
2026-07-02 20:13:00,45031873110,-45000000000557123537593,276316,276316,276316,276316,45031873110,0,50002860259432574362539
2026-07-02 20:14:00,-100000000000,99928111897692349602978,276316,276316,276316,276316,0,99928111897692349602978,50002860259432574362539
2026-07-02 20:15:00,-168375926284,168253812098281704172740,276316,276316,276316,276316,16931939654,185173595441281704172740,50002860259432574362539
2026-07-02 20:16:00,39044672709,-39016684190000000000000,276316,276316,276316,276316,39044672709,0,50002860259432574362539
2026-07-02 20:17:00,245261425985,-245087007451044504957448,276316,276316,276316,276316,245261425985,0,50002860259432574362539
2026-07-02 20:18:00,376379368427,-376116379135014829899776,276317,276316,276316,276317,376379368427,0,50002860259432575362187
2026-07-02 20:19:00,334136129512,-333907400000000000000000,276317,276317,276317,276317,334136129512,0,50002860259432575362187
2026-07-02 20:21:00,79630517931,-79576665921692277120833,276317,276317,276317,276317,79630517931,0,50002860259432575362187
2026-07-02 20:22:00,272601101381,-272418666801000000000000,276317,276317,276317,276317,272601101381,0,50002860259432575362187
2026-07-02 20:24:00,-143565827,143456090615946060188,276317,276317,276317,276317,1301047213,1443639640941531307726,50002860259432575362187
2026-07-02 20:26:00,2169178596,-2168150667857575409176,276317,276317,276317,276317,43383571912,41186661010142424590824,50002860259432575362187
2026-07-02 20:27:00,-804853406,804311160530649784430,276317,276317,276317,276317,0,804311160530649784430,50002860259432575362187
2026-07-02 20:31:00,-100000000000,99932426743078217948276,276317,276317,276317,276317,0,99932426743078217948276,50002860259432575362187
2026-07-02 20:32:00,45930627437,-45900000000000000002734,276317,276317,276317,276317,45930627437,0,50002860259432575362187
2026-07-02 20:33:00,-102211233491,102141940693987980694373,276317,276317,276317,276317,0,102141940693987980694373,50002860259432575362187
2026-07-02 20:34:00,-406436455643,406156787083520444841000,276317,276317,276317,276317,0,406156787083520444841000,50002860259432575362187
2026-07-02 20:35:00,2061659765,-2060245086379804920306,276317,276317,276317,276317,2061659765,0,50002860259432575362187
2026-07-02 20:37:00,-7763060586,7757655230153417639353,276317,276317,276317,276317,0,7757655230153417639353,50002860259432575362187
2026-07-02 20:38:00,-7132755831,7127787228939714042989,276317,276317,276317,276317,0,7127787228939714042989,50002860259432575362187
2026-07-02 20:39:00,-9150000000,9143623232159055752289,276317,276317,276317,276317,0,9143623232159055752289,50002860259432575362187
2026-07-02 20:40:00,-76501443005,76447997132747134331188,276317,276317,276317,276317,0,76447997132747134331188,50002860259432575362187
2026-07-02 20:41:00,-432976462290,432669566914096756651991,276316,276317,276316,276317,0,432669566914096756651991,50002860259432574362539
2026-07-02 20:42:00,-2924615212,2922516764490706988431,276316,276316,276316,276316,0,2922516764490706988431,50002860259432574362539
2026-07-02 20:43:00,-2852749838,2850702626180301248299,276316,276316,276316,276316,0,2850702626180301248299,50002860259432574362539
2026-07-02 20:46:00,-100000000000,99928031784369331775102,276316,276316,276316,276316,0,99928031784369331775102,50002860259432574362539
2026-07-02 20:48:00,-100000000000,99927632241153987261043,276316,276316,276316,276316,0,99927632241153987261043,50002860259432574362539
2026-07-02 20:50:00,-89736575558,89671192512029787543476,276316,276316,276316,276316,10263424442,99927232899666058074036,50002860259432574362539
2026-07-02 20:51:00,241190215,-241016736039977024932,276316,276316,276316,276316,241190215,0,50002860259432574362539
2026-07-02 20:52:00,-98748820641,98676600661278941528998,276316,276316,276316,276316,1251179359,99926878604278941528998,50002860259432574362539
2026-07-02 20:53:00,47999637067,-47964969581832257490973,276316,276316,276316,276316,47999637067,0,50002860259432574362539
2026-07-02 20:55:00,-226666666,226500907824351808967,276316,276316,276316,276316,0,226500907824351808967,50002860259432574362539
2026-07-02 20:57:00,1102514804,-1101719590145756742849,276316,276316,276316,276316,1102514804,0,50002860259432574362539
2026-07-02 20:58:00,3219065273,-3216743728066192672031,276316,276316,276316,276316,3219065273,0,50002860259432574362539
2026-07-02 20:59:00,-100000000000,99926688732018277656634,276316,276316,276316,276316,0,99926688732018277656634,50002860259432574362539
2026-07-02 21:00:00,20014504868,-20000000000000000000000,276316,276316,276316,276316,20014504868,0,50002860259432574362539
2026-07-02 21:01:00,-100000000000,99926369162049975927837,276316,276316,276316,276316,0,99926369162049975927837,50002860259432574362539
2026-07-02 21:02:00,147265128523,-147159306339776333133720,276316,276316,276316,276316,247311343722,99972150856932197774583,50002860259432574362539
2026-07-02 21:03:00,25018061282,-25000000000753229783264,276316,276316,276316,276316,25018061282,0,50002860259432574362539
2026-07-02 21:04:00,350250230272,-350000000000000000000000,276316,276316,276316,276316,350250230272,0,50002860259432574362539
2026-07-02 21:05:00,-100000000000,99928057362419771881366,276316,276316,276316,276316,0,99928057362419771881366,50002860259432574362539
2026-07-02 21:06:00,-50002383550,49966260676903197521918,276316,276316,276316,276316,0,49966260676903197521918,50002860259432574362539
2026-07-02 21:08:00,-11908733484,11900115611884371875424,276316,276316,276316,276316,0,11900115611884371875424,50002860259432574362539
2026-07-02 21:12:00,-191693819,191555051018855293890,276316,276316,276316,276316,0,191555051018855293890,50002860259432574362539
2026-07-02 21:14:00,-1501923778,1500836481869146342185,276316,276316,276316,276316,0,1500836481869146342185,50002860259432574362539
2026-07-02 21:15:00,-85481743682,85419711883015610597909,276316,276316,276316,276316,0,85419711883015610597909,50002860259432574362539
2026-07-02 21:16:00,-112752219463,112669951703209498784787,276316,276316,276316,276316,0,112669951703209498784787,50002860259432574362539
2026-07-02 21:17:00,-248890580012,248707173409575488621519,276316,276316,276316,276316,968440477,249674905128044993867476,50002860259432574362539
2026-07-02 21:19:00,-259109629927,258916073549217949722462,276316,276316,276316,276316,0,258916073549217949722462,50002860259432574362539
2026-07-02 21:20:00,-100000000000,99924582058993648070325,276316,276316,276316,276316,0,99924582058993648070325,50002860259432574362539
2026-07-02 21:21:00,-100000000000,99924182536467709782832,276316,276316,276316,276316,0,99924182536467709782832,50002860259432574362539
2026-07-02 21:23:00,-547141921515,546720019375115473345811,276316,276316,276316,276316,0,546720019375115473345811,50002860259432574362539
2026-07-02 21:24:00,-186470565548,186324045162808390086789,276316,276316,276316,276316,0,186324045162808390086789,50002860259432574362539
2026-07-02 21:25:00,-477535547753,477153987471951505626473,276315,276316,276315,276316,0,477153987471951505626473,50002860259432573362940
2026-07-02 21:26:00,-318889559784,318629687776723002368313,276315,276315,276315,276315,0,318629687776723002368313,50002860259432573362940
2026-07-02 21:27:00,-177795489413,177648835012331337675886,276315,276315,276315,276315,0,177648835012331337675886,50002860259432573362940
2026-07-02 21:29:00,178874184,-178727792961585800450,276315,276315,276315,276315,178874184,0,50002860259432573362940
2026-07-02 21:30:00,427337577724,-426992491013570788223654,276315,276315,276315,276315,527337577724,99916960963822100841975,50002860259432573362940
2026-07-02 21:31:00,12322826524,-12312954914284931121733,276315,276315,276315,276315,12322826524,0,50002860259432573362940
2026-07-02 21:32:00,372228061821,-371932744483827492965217,276316,276316,276316,276316,373140539375,911751275534662499235,50002860259432574362539
2026-07-02 21:35:00,270435484,-270222932517489029744,276316,276316,276316,276316,270435484,0,50002860259432574362539
2026-07-02 21:37:00,52903291744,-52861768000000000000000,276316,276316,276316,276316,52903291744,0,50002860259432574362539
2026-07-02 21:39:00,38359756617,-38332897913686221431935,276316,276316,276316,276316,356600956489,317986549025058215338643,50002860259432574362539
2026-07-02 21:40:00,-100000000000,99920570060111345924895,276316,276316,276316,276316,0,99920570060111345924895,50002860259432574362539
2026-07-02 21:42:00,-348370403968,348090573517283468701496,276315,276315,276315,276315,0,348090573517283468701496,50002860259432573362940
2026-07-02 21:44:00,320475848,-320219399000000000000,276315,276315,276315,276315,320475848,0,50002860259432573362940
2026-07-02 21:48:00,50000000,-49959989584022413901,276315,276315,276315,276315,50000000,0,50002860259432573362940
2026-07-02 21:50:00,-99019948488,98939516954176862241476,276315,276315,276315,276315,980051512,99918784241176862241476,50002860259432573362940
2026-07-02 21:51:00,782272402,-781643340000000000000,276315,276315,276315,276315,782272402,0,50002860259432573362940
2026-07-02 21:52:00,-557903781385,557442940944312727157147,276315,276315,276315,276315,42096218615,599504335038312727157147,50002860259432573362940
2026-07-02 21:53:00,42107783962,-42073020694000000000000,276315,276315,276315,276315,42107783962,0,50002860259432573362940
2026-07-02 21:55:00,6135260177,-6130200952301816672824,276315,276315,276315,276315,6135260177,0,50002860259432573362940
2026-07-02 22:00:00,1437978735,-1436793174410012135343,276315,276315,276315,276315,1437978735,0,50002860259432573362940
2026-07-02 22:03:00,-100000000000,99916357629589127232156,276315,276315,276315,276315,0,99916357629589127232156,50002860259432573362940
2026-07-02 22:06:00,-100000000000,99915958156386996649109,276315,276315,276315,276315,0,99915958156386996649109,50002860259432573362940
2026-07-02 22:07:00,5004614966,-5000449504745276043730,276315,276315,276315,276315,5004614966,0,50002860259432573362940
2026-07-02 22:08:00,56097900590,-56051278416903464687443,276315,276315,276315,276315,56197928059,99943447773606176941,50002860259432573362940
2026-07-02 22:09:00,68028758446,-67972388155824401799199,276315,276315,276315,276315,68028758446,0,50002860259432573362940
2026-07-02 22:10:00,56170054051,-56123649515611400278283,276315,276315,276315,276315,56170054051,0,50002860259432573362940
2026-07-02 22:11:00,-100000000000,99916298915886627818640,276315,276315,276315,276315,0,99916298915886627818640,50002860259432573362940
2026-07-02 22:13:00,-100000000000,99915899443036609608591,276315,276315,276315,276315,0,99915899443036609608591,50002860259432573362940
2026-07-02 22:14:00,-100000000000,99915499972582270191144,276315,276315,276315,276315,0,99915499972582270191144,50002860259432573362940
2026-07-02 22:16:00,184153460192,-184000000000000000000000,276315,276315,276315,276315,184153460192,0,50002860259432573362940
2026-07-02 22:17:00,-100000000000,99915836144310528313914,276315,276315,276315,276315,0,99915836144310528313914,50002860259432573362940
2026-07-02 22:18:00,-100000000000,99915436674235797273050,276315,276315,276315,276315,0,99915436674235797273050,50002860259432573362940
2026-07-02 22:19:00,100011995119,-99928420956519198382802,276315,276315,276315,276315,100011995119,0,50002860259432573362940
2026-07-02 22:22:00,-100000000000,99915436724150158733572,276315,276315,276315,276315,0,99915436724150158733572,50002860259432573362940
2026-07-02 22:23:00,102944788310,-102858769466000000000000,276315,276315,276315,276315,102944788310,0,50002860259432573362940
2026-07-02 22:24:00,-100000000000,99915448489720168546566,276315,276315,276315,276315,0,99915448489720168546566,50002860259432573362940
2026-07-02 22:27:00,-100000000000,99915049021970235693442,276315,276315,276315,276315,0,99915049021970235693442,50002860259432573362940
2026-07-02 22:28:00,-169763325873,169618195574081935776800,276315,276315,276315,276315,0,169618195574081935776800,50002860259432573362940
2026-07-02 22:29:00,7289591293,-7283408616000000000000,276315,276315,276315,276315,7289591293,0,50002860259432573362940
2026-07-02 22:31:00,-86555841989,86481425095928599539108,276315,276315,276315,276315,257587641,86738793855790682666333,50002860259432573362940
2026-07-02 22:32:00,-107208377877,107115793130456962302726,276315,276315,276315,276315,0,107115793130456962302726,50002860259432573362940
2026-07-02 22:34:00,-604156087833,603625757200504079574158,276315,276315,276315,276315,0,603625757200504079574158,50002860259432573362940
2026-07-02 22:35:00,-182375536104,182212581221975920257051,276315,276315,276315,276315,0,182212581221975920257051,50002860259432573362940
2026-07-02 22:36:00,-43409675512,43370692658912906440497,276315,276315,276315,276315,0,43370692658912906440497,50002860259432573362940
2026-07-02 22:37:00,-100000000000,99909911364344766640976,276315,276315,276315,276315,0,99909911364344766640976,50002860259432573362940
2026-07-02 22:39:00,-97481560852,97393331408737565004520,276315,276315,276315,276315,2518439148,99909521989337783784050,50002860259432573362940
2026-07-02 22:40:00,152883726,-152746623000000000000,276315,276315,276315,276315,152883726,0,50002860259432573362940
2026-07-02 22:41:00,-27578068444,27552322686249399267557,276314,276314,276314,276315,72421931556,99909410527711947206399,50002860348862965653379
2026-07-02 22:42:00,-100000000000,99909013013976429387505,276314,276314,276314,276314,0,99909013013976429387505,50002860348862965653379
2026-07-02 22:43:00,8232016997,-8224594092302233016114,276314,276314,276314,276314,8232016997,0,50002860348862965653379
2026-07-02 22:44:00,-100000000000,99908646465970585343080,276314,276314,276314,276314,0,99908646465970585343080,50002860348862965653379
2026-07-02 22:45:00,-45086739219,45044871612796965582474,276314,276314,276314,276314,54913260781,99908292983796965582474,50002860348862965653379
2026-07-02 22:46:00,409064459,-408693301000000000000,276314,276314,276314,276314,409064459,0,50002860348862965653379
2026-07-02 22:47:00,172750943772,-172594798343000000000000,276314,276314,276314,276314,172750943772,0,50002860348862965653379
2026-07-02 22:48:00,-97797750456,97708500720856803105169,276314,276314,276314,276314,2202249544,99908758603160501642347,50002860348862965653379
2026-07-02 22:49:00,-100000000000,99908367971941753759210,276314,276314,276314,276314,0,99908367971941753759210,50002860348862965653379
2026-07-02 22:50:00,-56589283323,56536818731606889217493,276314,276314,276314,276314,43410716677,99908141940606889217493,50002860348862965653379
2026-07-02 22:52:00,44049837,-44009726000000000000,276314,276314,276314,276314,44049837,0,50002860348862965653379
2026-07-02 22:53:00,-100000000000,99907742692620779720872,276314,276314,276314,276314,0,99907742692620779720872,50002860348862965653379
2026-07-02 22:55:00,-1743225774,1741613977000000000000,276314,276314,276314,276314,0,1741613977000000000000,50002860348862965653379
2026-07-02 23:00:00,-11278102996,11266785868285012878424,276314,276314,276314,276314,88721897004,99907336308285012878424,50002860348862965653379
2026-07-02 23:01:00,2131195,-2129245010441600535,276314,276314,276314,276314,2131195,0,50002860348862965653379
2026-07-02 23:03:00,13402098,-13389834000000000000,276314,276314,276314,276314,13402098,0,50002860348862965653379
2026-07-02 23:05:00,43916370,-43876182683923269014,276314,276314,276314,276314,43916370,0,50002860348862965653379
2026-07-02 23:06:00,1265325504,-1264167641241509953536,276314,276314,276314,276314,1265325504,0,50002860348862965653379
2026-07-02 23:07:00,96121527649,-96033756502735897464022,276314,276314,276314,276314,96121527649,0,50002860348862965653379
2026-07-02 23:10:00,100091003560,-100000000000000000000000,276314,276314,276314,276314,100091003560,0,50002860348862965653379
2026-07-02 23:21:00,1504644536,-1503329509136874547016,276314,276314,276314,276314,6504644536,4995413500107726495770,50002860348862965653379
2026-07-02 23:27:00,-100000000000,99908086285275916494948,276314,276314,276314,276314,0,99908086285275916494948,50002860348862965653379
2026-07-02 23:28:00,-2588105520,2585721393068440367202,276314,276314,276314,276314,0,2585721393068440367202,50002860348862965653379
2026-07-02 23:30:00,-20000000000,19981567258647299895159,276314,276314,276314,276314,0,19981567258647299895159,50002860348862965653379
2026-07-02 23:32:00,-100000000000,99907596639785398994789,276314,276314,276314,276314,0,99907596639785398994789,50002860348862965653379
2026-07-02 23:34:00,-100000000000,99907197219123434526517,276314,276314,276314,276314,0,99907197219123434526517,50002860348862965653379
2026-07-02 23:35:00,-82727478098,82649496091369069482525,276314,276314,276314,276314,90755334555,173320946956369069482525,50002860348862965653379
2026-07-02 23:36:00,-342098163809,341776536424011677485751,276314,276314,276314,276314,0,341776536424011677485751,50002860348862965653379
2026-07-02 23:37:00,12957706917,-12946567927844393989301,276314,276314,276314,276314,112957706917,99905100998155606010699,50002860348862965653379
2026-07-02 23:38:00,106223276,-106123800000000000000,276314,276314,276314,276314,106223276,0,50002860348862965653379
2026-07-02 23:39:00,113012167790,-112906589153000000000000,276314,276314,276314,276314,113012167790,0,50002860348862965653379
2026-07-02 23:40:00,-9607195022,9597240527200664792162,276314,276314,276314,276314,90392804978,99905604561200664792162,50002860348862965653379
2026-07-02 23:41:00,-100000000000,99905566190927601462611,276314,276314,276314,276314,0,99905566190927601462611,50002860348862965653379
2026-07-02 23:42:00,195080482056,-194898579532000000000000,276314,276314,276314,276314,195080482056,0,50002860348862965653379
2026-07-02 23:43:00,121516143401,-121407762789544161625627,276314,276314,276314,276314,537763256064,415861927210455838374373,50002860348862965653379
2026-07-02 23:44:00,-190176680380,189998392080806925409628,276314,276314,276314,276314,0,189998392080806925409628,50002860348862965653379
2026-07-02 23:48:00,-100000000000,99905671729465512366802,276314,276314,276314,276314,0,99905671729465512366802,50002860348862965653379
2026-07-02 23:50:00,550000,-549485590983002288,276314,276314,276314,276314,550000,0,50002860348862965653379
2026-07-02 23:53:00,1510786810,-1509373834000000000000,276314,276314,276314,276314,1510786810,0,50002860348862965653379
2026-07-02 23:55:00,-248823849385,248586570612322459354611,276314,276314,276314,276314,85001353517,333508572712322459354611,50002860348862965653379
2026-07-02 23:57:00,73209517096,-73140428910000000000000,276314,276314,276314,276314,73209517096,0,50002860348862965653379
