timestamp,netAmount0,netAmount1,closeTick,openTick,lowestTick,highestTick,inAmount0,inAmount1,currentLiquidity
2026-07-09 00:00:00,-2744000000,2742409045461618622724,276318,276318,276318,276318,0,2742409045461618622724,50001782848639892047314
2026-07-09 00:03:00,-7370676992,7366402027933557788607,276318,276318,276318,276318,0,7366402027933557788607,50001782848639892047314
2026-07-09 00:04:00,500285232,-500000000000000000000,276318,276318,276318,276318,500285232,0,50001782848639892047314
2026-07-09 00:06:00,-9660345788,9654737592887258224826,276318,276318,276318,276318,213763713,9868379434484306712022,50001782848639892047314
2026-07-09 00:10:00,-13035591783,13028021104120682481939,276318,276318,276318,276318,0,13028021104120682481939,50001782848639892047314
2026-07-09 00:13:00,2165348873,-2164112474926659450880,276318,276318,276318,276318,2165348873,0,50001782848639892047314
2026-07-09 00:16:00,-2382244396,2380848481546944244971,276318,276318,276318,276318,1185706754,3565878285347919883499,50001782848639892047314
2026-07-09 00:17:00,-26148916,26133721191536354314,276318,276318,276318,276318,0,26133721191536354314,50001782848639892047314
2026-07-09 00:20:00,1031371753,-1030782815199411443392,276318,276318,276318,276318,1031371753,0,50001782848639892047314
2026-07-09 00:22:00,-4932818645,4929952196014727928109,276318,276318,276318,276318,0,4929952196014727928109,50001782848639892047314
2026-07-09 00:24:00,-20927276900,20915105299455799218600,276318,276318,276318,276318,0,20915105299455799218600,50001782848639892047314
2026-07-09 00:26:00,-27806130166,27788112658521175777540,276318,276318,276318,276318,181903394474,209588112658521175777540,50001782848639892047314
2026-07-09 00:27:00,-1424423178,1423592493473193637821,276318,276318,276318,276318,0,1423592493473193637821,50001782848639892047314
2026-07-09 00:29:00,2558552855,-2557086933135249579553,276318,276318,276318,276318,2611023887,52440430172982338102,50001782848639892047314
2026-07-09 00:32:00,5943012825,-5939608316422415969704,276318,276318,276318,276318,6018012825,74956285562969436068,50001782848639892047314
2026-07-09 00:34:00,-164063346,163967718709306610356,276318,276318,276318,276318,0,163967718709306610356,50001782848639892047314
2026-07-09 00:35:00,-90400651563,90347796690044320889424,276318,276318,276318,276318,0,90347796690044320889424,50001782848639892047314
2026-07-09 00:37:00,-2154250838,2152987319636804009610,276318,276318,276318,276318,0,2152987319636804009610,50001782848639892047314
2026-07-09 00:38:00,2936233802,-2934541024727791205415,276318,276318,276318,276318,2936233802,0,50001782848639892047314
2026-07-09 00:39:00,289905643,-289738527745604905894,276318,276318,276318,276318,289905643,0,50001782848639892047314
2026-07-09 00:41:00,2411546176,-2410156173921608641869,276318,276318,276318,276318,2411546176,0,50001782848639892047314
2026-07-09 00:45:00,100298606,-100240799986387658984,276318,276318,276318,276318,100298606,0,50001782848639892047314
2026-07-09 00:46:00,-5000000000,4997067816888674285532,276318,276318,276318,276318,0,4997067816888674285532,50001782848639892047314
2026-07-09 00:48:00,987738756,-987169304933026698154,276318,276318,276318,276318,987738756,0,50001782848639892047314
2026-07-09 00:49:00,-40500000195,40476214288210995813846,276318,276318,276318,276318,0,40476214288210995813846,50001782848639892047314
2026-07-09 00:50:00,2879360160,-2877695707000000000000,276318,276318,276318,276318,2879360160,0,50001782848639892047314
2026-07-09 00:51:00,250143334116,-250000000000000000000000,276318,276318,276318,276318,250143334116,0,50001782848639892047314
2026-07-09 00:52:00,3005657,-3003950267746615516,276318,276318,276318,276318,3005657,0,50001782848639892047314
2026-07-09 00:57:00,1103004586,-1102378094161277398733,276318,276318,276318,276318,1103004586,0,50001782848639892047314
2026-07-09 00:58:00,-184419016,184312427666882629732,276318,276318,276318,276318,0,184312427666882629732,50001782848639892047314
2026-07-09 00:59:00,74561609,-74519261245391075788,276318,276318,276318,276318,74561609,0,50001782848639892047314
2026-07-09 01:01:00,-334310872785,334115419885623421625230,276318,276318,276318,276318,0,334115419885623421625230,50001782848639892047314
2026-07-09 01:02:00,34239379,-34219475554359752415,276318,276318,276318,276318,34239379,0,50001782848639892047314
2026-07-09 01:03:00,40428278,-40404776495576076155,276318,276318,276318,276318,40428278,0,50001782848639892047314
2026-07-09 01:04:00,746433911,-746000000000000000000,276318,276318,276318,276318,746433911,0,50001782848639892047314
2026-07-09 01:07:00,618922896,-618563126237772156363,276318,276318,276318,276318,618922896,0,50001782848639892047314
2026-07-09 01:08:00,20651539373,-20639543722899784609899,276318,276318,276318,276318,20651539373,0,50001782848639892047314
2026-07-09 01:10:00,-132295265,132217151527371479232,276318,276318,276318,276318,0,132217151527371479232,50001782848639892047314
2026-07-09 01:13:00,-43099652449,43074167284644429231591,276318,276318,276318,276318,0,43074167284644429231591,50001782848639892047314
2026-07-09 01:14:00,-42553683443,42528446905211094311708,276318,276318,276318,276318,138057452,42666423748567495353116,50001782848639892047314
2026-07-09 01:16:00,-138299815600,138217301358014522621833,276318,276318,276318,276318,0,138217301358014522621833,50001782848639892047314
2026-07-09 01:19:00,170823589,-170722906834526036080,276318,276318,276318,276318,170823589,0,50001782848639892047314
2026-07-09 01:20:00,-86115802832,86064037731795109519587,276318,276318,276318,276318,0,86064037731795109519587,50001782848639892047314
2026-07-09 01:21:00,-160072366452,159975357880137233423087,276317,276318,276317,276318,0,159975357880137233423087,50001782848639891047615
2026-07-09 01:22:00,-237440233408,237294451722316587823465,276317,276317,276317,276317,0,237294451722316587823465,50001782848639891047615
2026-07-09 01:23:00,-414344235552,414084443713303109669178,276317,276317,276317,276317,0,414084443713303109669178,50001782848639891047615
2026-07-09 01:24:00,-110762286,110691642612430633453,276317,276317,276317,276317,27812390,138486642612430633453,50001782848639891047615
2026-07-09 01:25:00,339990195,-339777607253384344684,276317,276317,276317,276317,339990195,0,50001782848639891047615
2026-07-09 01:29:00,138404025,-138317485720617786724,276317,276317,276317,276317,138404025,0,50001782848639891047615
2026-07-09 01:30:00,124280480435,-124203080750728097349632,276317,276317,276317,276317,124280480435,0,50001782848639891047615
2026-07-09 01:31:00,-35699952400,35677425508931684093114,276317,276317,276317,276317,0,35677425508931684093114,50001782848639891047615
2026-07-09 01:33:00,-96614786060,96553566113281214562129,276317,276317,276317,276317,0,96553566113281214562129,50001782848639891047615
2026-07-09 01:35:00,-19400000000,19387662223334977166117,276317,276317,276317,276317,0,19387662223334977166117,50001782848639891047615
2026-07-09 01:36:00,-48750000,48718977372809694009,276317,276317,276317,276317,0,48718977372809694009,50001782848639891047615
2026-07-09 01:38:00,-93895946360,93836018822751260304209,276317,276317,276317,276317,0,93836018822751260304209,50001782848639891047615
2026-07-09 01:39:00,-369651322026,369411974348558692242329,276317,276317,276317,276317,24794577,369436752936223034608829,50001782848639891047615
2026-07-09 01:40:00,-119452682096,119374169756768715574485,276317,276317,276317,276317,0,119374169756768715574485,50001782848639891047615
2026-07-09 01:41:00,422945406,-422670639509151263787,276317,276317,276317,276317,422945406,0,50001782848639891047615
2026-07-09 01:42:00,250161265287,-250000000000000000000000,276317,276317,276317,276317,250161265287,0,50001782848639891047615
2026-07-09 01:43:00,250008764482,-249850097446551935095316,276317,276317,276317,276317,250158764482,149902553448064904684,50001782848639891047615
2026-07-09 01:44:00,15915688228,-15908012808514471654077,276317,276317,276317,276317,250157266327,234091987191485528345923,50001782848639891047615
2026-07-09 01:45:00,-34198556919,34176671119012714892615,276317,276317,276317,276317,906984556,35083083907684247120693,50001782848639891047615
2026-07-09 01:46:00,929754522,-929168434825922836110,276317,276317,276317,276317,929754522,0,50001782848639891047615
2026-07-09 01:48:00,151765501495,-151671279603968781438192,276317,276317,276317,276317,250156435779,98328720396031218561808,50001782848639891047615
2026-07-09 01:49:00,78609983940,-78562746736399208764295,276317,276317,276317,276317,250155561886,171437253263600791235705,50001782848639891047615
2026-07-09 01:50:00,-27639767291,27622306847875075278364,276317,276317,276317,276317,67834567,27690099204938242212367,50001782848639891047615
2026-07-09 01:51:00,94874251802,-94816956912947133745880,276317,276317,276317,276317,251032861621,156060955481092682347816,50001782848639891047615
2026-07-09 01:52:00,131734900323,-131654958138472883218386,276317,276317,276317,276317,250153458863,118345041861527116781614,50001782848639891047615
2026-07-09 01:54:00,-13990365826,13981643305888982077634,276317,276317,276317,276317,0,13981643305888982077634,50001782848639891047615
2026-07-09 01:55:00,215865964,-215733477363727860638,276317,276317,276317,276317,215865964,0,50001782848639891047615
2026-07-09 01:57:00,1103059515,-1102382544851154490347,276317,276317,276317,276317,1103059515,0,50001782848639891047615
2026-07-09 02:00:00,-17595104169,17584124038331664263622,276317,276317,276317,276317,0,17584124038331664263622,50001782848639891047615
2026-07-09 02:01:00,-117397395418,117323817564172079268572,276317,276317,276317,276317,0,117323817564172079268572,50001782848639891047615
2026-07-09 02:02:00,-2437449614,2435916125626945202795,276317,276317,276317,276317,0,2435916125626945202795,50001782848639891047615
2026-07-09 02:03:00,628523207,-628134039578640121856,276317,276317,276317,276317,628523207,0,50001782848639891047615
2026-07-09 02:05:00,-63054233899,63014483274128050633554,276317,276317,276317,276317,0,63014483274128050633554,50001782848639891047615
2026-07-09 02:08:00,-16901304179,16890622265000000000000,276317,276317,276317,276317,0,16890622265000000000000,50001782848639891047615
2026-07-09 02:10:00,79988620,-79938838410244915200,276317,276317,276317,276317,79988620,0,50001782848639891047615
2026-07-09 02:12:00,-16411874060,16401490602000000000000,276317,276317,276317,276317,0,16401490602000000000000,50001782848639891047615
2026-07-09 02:13:00,-1529550000,1528581736504626914849,276317,276317,276317,276317,0,1528581736504626914849,50001782848639891047615
2026-07-09 02:14:00,214282193,-214148680163094691840,276317,276317,276317,276317,214282193,0,50001782848639891047615
2026-07-09 02:16:00,4002493498,-4000000000000000000000,276317,276317,276317,276317,4002493498,0,50001782848639891047615
2026-07-09 02:19:00,70028676,-69985055280134643865,276317,276317,276317,276317,70028676,0,50001782848639891047615
2026-07-09 02:21:00,-22398889,22384712789415304474,276317,276317,276317,276317,0,22384712789415304474,50001782848639891047615
2026-07-09 02:22:00,-1283730389,1282917884741087577770,276317,276317,276317,276317,0,1282917884741087577770,50001782848639891047615
2026-07-09 02:24:00,1598521463,-1597525706753511102165,276317,276317,276317,276317,1598521463,0,50001782848639891047615
2026-07-09 02:25:00,6743230525,-6739031630754569064745,276317,276317,276317,276317,6793230525,49968369245430935255,50001782848639891047615
2026-07-09 02:26:00,-70000000,69955716775769107526,276317,276317,276317,276317,0,69955716775769107526,50001782848639891047615
2026-07-09 02:27:00,6340828314,-6336881812060745222693,276317,276317,276317,276317,6406084304,65214707023514021758,50001782848639891047615
2026-07-09 02:29:00,-90000000,89943086942846591958,276317,276317,276317,276317,0,89943086942846591958,50001782848639891047615
2026-07-09 02:30:00,-44754080,44725778633237268961,276317,276317,276317,276317,0,44725778633237268961,50001782848639891047615
2026-07-09 02:32:00,-572040773,571679023734427406183,276317,276317,276317,276317,0,571679023734427406183,50001782848639891047615
2026-07-09 02:33:00,-23090926,23055818469052967450,276317,276317,276317,276317,2051640049,2073419007684562740231,50001782848639891047615
2026-07-09 02:34:00,-623364833,622970434756206767517,276317,276317,276317,276317,17680944,640640374539202440605,50001782848639891047615
2026-07-09 02:35:00,-249769563590,249610348946942371577126,276317,276317,276317,276317,902517222,250512304435240619468125,50001782848639891047615
2026-07-09 02:36:00,-93394484693,93334313759713901334532,276317,276317,276317,276317,0,93334313759713901334532,50001782848639891047615
2026-07-09 02:37:00,-47551114966,47520345470213666434241,276317,276317,276317,276317,0,47520345470213666434241,50001782848639891047615
2026-07-09 02:38:00,-407938804240,407671112767161063029307,276317,276317,276317,276317,894613745,408565155731254120397371,50001782848639891047615
2026-07-09 02:39:00,869444112,-868875215884451966104,276317,276317,276317,276317,869444112,0,50001782848639891047615
2026-07-09 02:41:00,11967512677,-11959685132392493578156,276317,276317,276317,276317,11967512677,0,50001782848639891047615
2026-07-09 02:42:00,120576,-120596625140744616,276317,276317,276317,276317,10006755,9879615780973545965,50001782848639891047615
2026-07-09 02:44:00,66178397,-66135128547220742678,276317,276317,276317,276317,66178397,0,50001782848639891047615
2026-07-09 02:49:00,250162311873,-250000000000000000000000,276317,276317,276317,276317,250162311873,0,50001782848639891047615
2026-07-09 02:50:00,-1024751687,1024081661007933702292,276317,276317,276317,276317,0,1024081661007933702292,50001782848639891047615
2026-07-09 02:51:00,2001432837,-2000144257220244317981,276317,276317,276317,276317,2001432837,0,50001782659301544506479
2026-07-09 02:52:00,4704381399,-4701353213554981375494,276317,276317,276317,276317,4704381399,0,50001782659301544506479
2026-07-09 02:53:00,1501044027,-1500077999402216907696,276317,276317,276317,276317,1501044027,0,50001782659301544506479
2026-07-09 02:57:00,886765837,-886197346559000589588,276317,276317,276317,276317,1103096868,216189649000000000000,50001782659301544506479
2026-07-09 02:58:00,-273299635600,273119542193767872567912,276317,276317,276317,276317,0,273119542193767872567912,50001782659301544506479
2026-07-09 03:00:00,124455423,-124373976868137730048,276317,276317,276317,276317,124455423,0,50001782659301544506479
2026-07-09 03:01:00,1971979784,-1970689357387080485241,276317,276317,276317,276317,1971979784,0,50001782659301544506479
2026-07-09 03:03:00,-42695108058,42666707734198220090847,276317,276317,276317,276317,0,42666707734198220090847,50001782659301544506479
2026-07-09 03:04:00,-43109288095,43080538360414173291495,276317,276317,276317,276317,0,43080538360414173291495,50001782659301544506479
2026-07-09 03:09:00,15498886,-15488691403085726071,276317,276317,276317,276317,15498886,0,50001782659301544506479
2026-07-09 03:12:00,2714930,-2713144339423685260,276317,276317,276317,276317,2714930,0,50001782659301544506479
2026-07-09 03:14:00,-138596848685,138503914881939198124788,276317,276317,276317,276317,2966515,138506879429223568458912,50001782659301544506479
2026-07-09 03:15:00,2912485151,-2910553445538979845957,276317,276317,276317,276317,2912485151,0,50001782659301544506479
2026-07-09 03:16:00,250164656939,-250000000000000000000000,276317,276317,276317,276317,250164656939,0,50001782659301544506479
2026-07-09 03:17:00,-49024115901,48989055616429341290769,276317,276317,276317,276317,250162154583,298989055616429341290769,50001782659301544506479
2026-07-09 03:18:00,220046306148,-219903410106439598258745,276317,276317,276317,276317,250162644947,30096589893560401741255,50001782659301544506479
2026-07-09 03:19:00,674380497,-673944615567751082558,276317,276317,276317,276317,674380497,0,50001782659301544506479
2026-07-09 03:22:00,21089032,-21075401965384798289,276317,276317,276317,276317,21089032,0,50001782659301544506479
2026-07-09 03:23:00,-21438668051,21424588074189740437768,276317,276317,276317,276317,0,21424588074189740437768,50001782659301544506479
2026-07-09 03:25:00,250160651355,-250000000000000000000000,276317,276317,276317,276317,250160651355,0,50001782659301544506479
2026-07-09 03:26:00,-220500687657,220354510801116465245129,276317,276317,276317,276317,250162856979,470354510801116465245129,50001782659301544506479
2026-07-09 03:27:00,176544922434,-176432231838653386909579,276317,276317,276317,276317,250160354650,73567768161346613090421,50001782659301544506479
2026-07-09 03:30:00,-722628996,722160038608162581465,276317,276317,276317,276317,0,722160038608162581465,50001782659301544506479
2026-07-09 03:31:00,-774587407,774084706355339885872,276317,276317,276317,276317,0,774084706355339885872,50001782659301544506479
2026-07-09 03:32:00,-2220815907,2219374488429786046140,276317,276317,276317,276317,0,2219374488429786046140,50001782659301544506479
2026-07-09 03:34:00,1090792901,-1090095801766876673623,276317,276317,276317,276317,1090792901,0,50001782659301544506479
2026-07-09 03:35:00,-100083728,100018767928126174757,276317,276317,276317,276317,0,100018767928126174757,50001782659301544506479
2026-07-09 03:36:00,-259799220600,259629248473074162840620,276317,276317,276317,276317,0,259629248473074162840620,50001782659301544506479
2026-07-09 03:37:00,4817869354,-4814745252457596477526,276317,276317,276317,276317,5253733629,435576845435413615860,50001782659301544506479
2026-07-09 03:39:00,760667985,-760174134529878106926,276317,276317,276317,276317,760667985,0,50001782659301544506479
2026-07-09 03:40:00,48075436,-48044225179389765455,276317,276317,276317,276317,48075436,0,50001782659301544506479
2026-07-09 03:41:00,268598161,-268424030202618539466,276317,276317,276317,276317,293102424,24488109341116895798,50001782659301544506479
2026-07-09 03:42:00,1038204296,-1037530309303005309421,276317,276317,276317,276317,1038204296,0,50001782659301544506479
2026-07-09 03:43:00,-310081,309024741439535587,276317,276317,276317,276317,85168255,85421991562759592025,50001782659301544506479
2026-07-09 03:45:00,9830372760,-9823993164414257537348,276317,276317,276317,276317,9830372760,0,50001782659301544506479
2026-07-09 03:47:00,-1044704113,1044015875218528464939,276317,276317,276317,276317,0,1044015875218528464939,50001782659301544506479
2026-07-09 03:48:00,-121359163,121279210267401573593,276317,276317,276317,276317,0,121279210267401573593,50001782659301544506479
2026-07-09 03:49:00,-8645902120,8640204605513820759304,276317,276317,276317,276317,0,8640204605513820759304,50001782659301544506479
2026-07-09 03:50:00,-59667803,59628471814213565564,276317,276317,276317,276317,0,59628471814213565564,50001782659301544506479
2026-07-09 03:51:00,-42695867655,42667687848305922244196,276317,276317,276317,276317,0,42667687848305922244196,50001782659301544506479
2026-07-09 03:52:00,-128919094306,128833564059984744608728,276317,276317,276317,276317,0,128833564059984744608728,50001782659301544506479
2026-07-09 03:53:00,-49618858,49585810044337960934,276317,276317,276317,276317,0,49585810044337960934,50001782659301544506479
2026-07-09 03:54:00,-66811038,66766539549208615887,276317,276317,276317,276317,0,66766539549208615887,50001782659301544506479
2026-07-09 03:56:00,-60149983,60109921488651797230,276317,276317,276317,276317,0,60109921488651797230,50001782659301544506479
2026-07-09 03:57:00,1049213993,-1048526237892604300913,276317,276317,276317,276317,1103115099,53865208392211468090,50001782659301544506479
2026-07-09 03:59:00,-14824867479,14814988240684615693978,276317,276317,276317,276317,175132521,14990005878159255500442,50001782659301544506479
2026-07-09 04:08:00,250163001934,-250000000000000000000000,276317,276317,276317,276317,250163001934,0,50001782659301544506479
2026-07-09 04:09:00,6061908688,-6057989885000000000000,276317,276317,276317,276317,6061908688,0,50001782659301544506479
2026-07-09 04:11:00,-19396325826,19383587801295980373628,276317,276317,276317,276317,0,19383587801295980373628,50001782659301544506479
2026-07-09 04:12:00,165606114699,-165500341036399905616558,276317,276317,276317,276317,250160632983,84499658963600094383442,50001782659301544506479
2026-07-09 04:13:00,75111679522,-75065432577061138528046,276317,276317,276317,276317,250158976460,174934567422938861471954,50001782659301544506479
2026-07-09 04:14:00,116755592848,-116682766891313387746580,276317,276317,276317,276317,250158225129,133317233108686612253420,50001782659301544506479
2026-07-09 04:15:00,-23405591045,23390534366605071509509,276317,276317,276317,276317,0,23390534366605071509509,50001782659301544506479
2026-07-09 04:16:00,-59907368637,59868729421278407634786,276317,276317,276317,276317,143793101,60012431091827149975394,50001782659301544506479
2026-07-09 04:18:00,381054232,-380811824152096835357,276317,276317,276317,276317,381054232,0,50001782659301544506479
2026-07-09 04:19:00,4226078012,-4223389963139228216794,276317,276317,276317,276317,4226078012,0,50001782659301544506479
2026-07-09 04:20:00,-26964300319,26946866418479666618189,276317,276317,276317,276317,120320129,27067110027260344306361,50001782659301544506479
2026-07-09 04:21:00,2361497710,-2359993417520681000000,276317,276317,276317,276317,2361497710,0,50001782659301544506479
2026-07-09 04:23:00,-16508031281,16497340971000015104664,276317,276317,276317,276317,491968719,16988995997030770818250,50001782659301544506479
2026-07-09 04:24:00,274949787,-274774475291127231181,276317,276317,276317,276317,274949787,0,50001782659301544506479
2026-07-09 04:26:00,277964440,-277787210446253656158,276317,276317,276317,276317,277964440,0,50001782659301544506479
2026-07-09 04:27:00,1418870059,-1417965431229064937472,276317,276317,276317,276317,1418870059,0,50001782659301544506479
2026-07-09 04:28:00,-69565651,69520604503205787441,276317,276317,276317,276317,0,69520604503205787441,50001782659301544506479
2026-07-09 04:29:00,10006919067,-10000541210123389097978,276317,276317,276317,276317,10006919067,0,50001782659301544506479
2026-07-09 04:30:00,11316183495,-11311362913868269859832,276317,276317,276317,276317,250159459965,238688637086131730140168,50001782659301544506479
2026-07-09 04:31:00,245055318,-244899294711773465952,276317,276317,276317,276317,245055318,0,50001782659301544506479
2026-07-09 04:32:00,67636073,-67593010580669071360,276317,276317,276317,276317,67636073,0,50001782659301544506479
2026-07-09 04:33:00,81231464498,-81181566079861686716295,276317,276317,276317,276317,250158020278,168818433920138313283705,50001782659301544506479
2026-07-09 04:34:00,-40955954164,40929568457301929270188,276317,276317,276317,276317,0,40929568457301929270188,50001782659301544506479
2026-07-09 04:35:00,-162928905384,162823275394533791846542,276317,276317,276317,276317,0,162823275394533791846542,50001782659301544506479
2026-07-09 04:36:00,62740720,-62700467511065837568,276317,276317,276317,276317,62740720,0,50001782659301544506479
2026-07-09 04:37:00,63485826,-63445095475371450860,276317,276317,276317,276317,63485826,0,50001782659301544506479
2026-07-09 04:38:00,-66602594033,66559109169804336977816,276317,276317,276317,276317,0,66559109169804336977816,50001782659301544506479
2026-07-09 04:40:00,48239122,-48208044976353012106,276317,276317,276317,276317,48239122,0,50001782659301544506479
2026-07-09 04:41:00,-276318498,276136716259570613518,276317,276317,276317,276317,100367241,376439298290835563318,50001782659301544506479
2026-07-09 04:43:00,-376395865,376149608822808168127,276317,276317,276317,276317,0,376149608822808168127,50001782659301544506479
2026-07-09 04:44:00,-311058592,310854429590551526334,276317,276317,276317,276317,64853948,375666594944668138430,50001782659301544506479
2026-07-09 04:46:00,-21346814376,21332838738999077486869,276317,276317,276317,276317,0,21332838738999077486869,50001782659301544506479
2026-07-09 04:47:00,250160134758,-250000000000000000000000,276317,276317,276317,276317,250160134758,0,50001782659301544506479
2026-07-09 04:48:00,-39219734894,39194402551657925996340,276317,276317,276317,276317,0,39194402551657925996340,50001782659301544506479
2026-07-09 04:49:00,-238725511477,238569990925815775729593,276317,276317,276317,276317,11958323,238581941620709508947832,50001782659301544506479
2026-07-09 04:51:00,-22000000000,21985553249132734843977,276317,276317,276317,276317,0,21985553249132734843977,50001782659301544506479
2026-07-09 04:52:00,-936355257,935735619100710884043,276317,276317,276317,276317,433441526,1368896638271444335908,50001782659301544506479
2026-07-09 04:53:00,34356875,-34334641584674828824,276317,276317,276317,276317,34356875,0,50001782659301544506479
2026-07-09 04:55:00,38921073,-38895885738575921152,276317,276317,276317,276317,38921073,0,50001782659301544506479
2026-07-09 04:57:00,564013880,-563654273085467666116,276317,276317,276317,276317,1103109742,538741609107289971745,50001782659301544506479
2026-07-09 04:58:00,-418152771,417877989887987111604,276317,276317,276317,276317,0,417877989887987111604,50001782659301544506479
2026-07-09 04:59:00,-42697496579,42669401976802614998188,276317,276317,276317,276317,0,42669401976802614998188,50001782659301544506479
2026-07-09 05:10:00,-86530167267,86473006957760731717126,276317,276317,276317,276317,75832733,86548790224959146073606,50001782659301544506479
2026-07-09 05:11:00,-1313034277,1312164614845558221213,276317,276317,276317,276317,0,1312164614845558221213,50001782659301544506479
2026-07-09 05:12:00,-82530481152,82475680592580096555635,276317,276317,276317,276317,0,82475680592580096555635,50001782659301544506479
2026-07-09 05:13:00,97524917,-97460974568855306240,276317,276317,276317,276317,97524917,0,50001782659301544506479
2026-07-09 05:14:00,161854132812,-161749418181070706314243,276317,276317,276317,276317,250162770229,88250581818929293685757,50001782659301544506479
2026-07-09 05:15:00,32404533055,-32385693562094269466533,276317,276317,276317,276317,250161151228,217614306437905730533467,50001782659301544506479
2026-07-09 05:16:00,184840126445,-184721705251442359863802,276317,276317,276317,276317,250160827082,65278294748557640136198,50001782659301544506479
2026-07-09 05:17:00,91272110963,-91215404862089761452409,276317,276317,276317,276317,250158979667,158784595137910238547591,50001782659301544506479
2026-07-09 05:18:00,-14118088872,14108949722441001154940,276317,276317,276317,276317,283892033,14392660795142849976247,50001782659301544506479
2026-07-09 05:21:00,-267838259,267664853655645116267,276317,276317,276317,276317,0,267664853655645116267,50001782659301544506479
2026-07-09 05:23:00,123403012849,-123325922546547927024071,276317,276317,276317,276317,250158209085,126674077453452072975929,50001782659301544506479
2026-07-09 05:24:00,-182669633,182552266042147183012,276317,276317,276317,276317,0,182552266042147183012,50001782659301544506479
2026-07-09 05:26:00,-132748462,132662372752812985480,276317,276317,276317,276317,79650989,212262981595144703112,50001782659301544506479
2026-07-09 05:27:00,-4799600000,4796515751977900734155,276317,276317,276317,276317,0,4796515751977900734155,50001782659301544506479
2026-07-09 05:29:00,456599976,-456311086549979381492,276317,276317,276317,276317,456599976,0,50001782659301544506479
2026-07-09 05:32:00,-186599751200,186479131046812665380126,276317,276317,276317,276317,0,186479131046812665380126,50001782659301544506479
2026-07-09 05:33:00,-1181827075,1181058693953907358905,276317,276317,276317,276317,0,1181058693953907358905,50001782659301544506479
2026-07-09 05:37:00,-800518883,799998383167140819285,276317,276317,276317,276317,0,799998383167140819285,50001782659301544506479
2026-07-09 05:39:00,91883325710,-91824668393527001474402,276317,276317,276317,276317,91883325710,0,50001782659301544506479
2026-07-09 05:43:00,1268877875,-1268070199586432483328,276317,276317,276317,276317,1268877875,0,50001782659301544506479
2026-07-09 05:45:00,199326871,-199200000000000000000,276317,276317,276317,276317,199326871,0,50001782659301544506479
2026-07-09 05:47:00,-23704089,23688764094555701947,276317,276317,276317,276317,0,23688764094555701947,50001782659301544506479
2026-07-09 05:51:00,-31615993,31595552662710272304,276317,276317,276317,276317,0,31595552662710272304,50001782659301544506479
2026-07-09 05:52:00,-21474521412,21460625906129517117728,276317,276317,276317,276317,322067600,21782488513387548082464,50001782659301544506479
2026-07-09 05:58:00,-89797008597,89738706501895924654530,276317,276317,276317,276317,1102870203,90840869803817885310988,50001782659301544506479
2026-07-09 05:59:00,-43114635707,43086533662638547176547,276317,276317,276317,276317,0,43086533662638547176547,50001782659301544506479
2026-07-09 06:00:00,-4373310,4370455000000000000,276317,276317,276317,276317,0,4370455000000000000,50001782659301544506479
2026-07-09 06:01:00,-392094824,391838915862328372261,276317,276317,276317,276317,0,391838915862328372261,50001782659301544506479
2026-07-09 06:02:00,-43115216855,43087039467937393026688,276317,276317,276317,276317,0,43087039467937393026688,50001782659301544506479
2026-07-09 06:03:00,-43115476327,43087224488923154566410,276317,276317,276317,276317,0,43087224488923154566410,50001782659301544506479
2026-07-09 06:05:00,-43115740096,43087413802954620534856,276317,276317,276317,276317,0,43087413802954620534856,50001782659301544506479
2026-07-09 06:09:00,-75496487280,75446708485434977290063,276317,276317,276317,276317,0,75446708485434977290063,50001782659301544506479
2026-07-09 06:11:00,74442409,-74393956976238978061,276317,276317,276317,276317,74442409,0,50001782659301544506479
2026-07-09 06:12:00,-42700835546,42672579932919565095575,276317,276317,276317,276317,0,42672579932919565095575,50001782659301544506479
2026-07-09 06:13:00,-319308286107,319094686385803872280095,276317,276317,276317,276317,46598323,319141253705505814395616,50001782659301544506479
2026-07-09 06:14:00,1622377903,-1621298540010528911964,276317,276317,276317,276317,1622377903,0,50001782659301544506479
2026-07-09 06:16:00,-80491982656,80437500330147502581761,276317,276317,276317,276317,0,80437500330147502581761,50001782659301544506479
2026-07-09 06:17:00,-107859405805,107785993507725011585579,276317,276317,276317,276317,0,107785993507725011585579,50001782659301544506479
2026-07-09 06:21:00,2077490862,-2076093231022778549465,276317,276317,276317,276317,2077490862,0,50001782659301544506479
2026-07-09 06:23:00,-4428671,4425646000000000000,276317,276317,276317,276317,0,4425646000000000000,50001782659301544506479
2026-07-09 06:25:00,540402327,-540038800930318044020,276317,276317,276317,276317,540402327,0,50001782659301544506479
2026-07-09 06:26:00,-683844395,683377537987972488057,276317,276317,276317,276317,0,683377537987972488057,50001782659301544506479
2026-07-09 06:27:00,3993019781,-3990340237023256608742,276317,276317,276317,276317,4623109603,629659762976743391258,50001782659301544506479
2026-07-09 06:28:00,6292231077,-6288000000000000000000,276317,276317,276317,276317,6292231077,0,50001782659301544506479
2026-07-09 06:29:00,250000,-249831924226912207,276317,276317,276317,276317,250000,0,50001782659301544506479
2026-07-09 06:30:00,12727324165,-12719201683828404349058,276317,276317,276317,276317,55846484592,43089799456171595650942,50001782659301544506479
2026-07-09 06:31:00,-179801560941,179678328549626841822112,276317,276317,276317,276317,0,179678328549626841822112,50001782659301544506479
2026-07-09 06:34:00,-312157400650,311940386142249882656479,276317,276317,276317,276317,0,311940386142249882656479,50001782659301544506479
2026-07-09 06:35:00,-250000000,249824637508222594631,276317,276317,276317,276317,0,249824637508222594631,50001782659301544506479
2026-07-09 06:39:00,-348161542566,347914897163726530849848,276316,276317,276316,276317,409073674,348323687152560123579448,50001782659301543506831
2026-07-09 06:40:00,250231896984,-250056641072124531834880,276317,276316,276316,276317,250231896984,0,50001782659301544506479
2026-07-09 06:42:00,1518819966,-1517763863955164432009,276317,276317,276317,276317,1518819966,0,50001782659301544506479
2026-07-09 06:44:00,-55581971654,55540207587368144398752,276316,276317,276316,276317,250172698225,305540207587368144398752,50001782659301543506831
2026-07-09 06:45:00,250173254197,-250000000000000000000000,276317,276317,276317,276317,250173254197,0,50001782659301544506479
2026-07-09 06:46:00,111433665445,-111358684987132750328210,276317,276317,276317,276317,250170751713,138641315012867249671790,50001782659301544506479
2026-07-09 06:47:00,86534627584,-86477301824854851883822,276317,276317,276317,276317,250169850617,163522698175145148116178,50001782659301544506479
2026-07-09 06:48:00,109546845265,-109474039145551128367293,276317,276317,276317,276317,250168826585,140525960854448871632707,50001782659301544506479
2026-07-09 06:49:00,60096529490,-60057920834149457688363,276317,276317,276317,276317,250168230623,189942079165850542311637,50001782659301544506479
2026-07-09 06:51:00,-19265319970,19252157365995329906406,276317,276317,276317,276317,0,19252157365995329906406,50001782659301544506479
2026-07-09 06:52:00,500337031,-500000000000000000000,276317,276317,276317,276317,500337031,0,50001782659301544506479
2026-07-09 06:53:00,123659045059,-123577324360795301888178,276317,276317,276317,276317,250790642087,127045638716189862021904,50001782659301544506479
2026-07-09 06:54:00,93758162592,-93697209085473589283588,276317,276317,276317,276317,250166025229,156302790914526410716412,50001782659301544506479
2026-07-09 06:55:00,149038135021,-148940492190232607315665,276317,276317,276317,276317,250165087370,101059507809767392684335,50001782659301544506479
2026-07-09 06:56:00,-26383362799,26363194145569032011529,276317,276317,276317,276317,250725152993,276924273221913746209284,50001782659301544506479
2026-07-09 06:57:00,179761864897,-179644569336725028189159,276317,276317,276317,276317,250163860453,70355430663274971810841,50001782659301544506479
2026-07-09 06:58:00,-7982885326,7977591807136291224627,276317,276317,276317,276317,102197982,8079723038707985546291,50001782659301544506479
2026-07-09 06:59:00,-99788541,99722366976040950609,276317,276317,276317,276317,0,99722366976040950609,50001782659301544506479
2026-07-09 07:01:00,-691369855,690911367573877452348,276317,276317,276317,276317,0,690911367573877452348,50001782659301544506479
2026-07-09 07:02:00,-94005550,93943207044563225447,276317,276317,276317,276317,0,93943207044563225447,50001782659301544506479
2026-07-09 07:03:00,-1000000000,999336804704037357168,276317,276317,276317,276317,0,999336804704037357168,50001782659301544506479
2026-07-09 07:05:00,-165695821017,165585376474618430964620,276317,276317,276317,276317,401147209,165986258986951118635916,50001782659301544506479
2026-07-09 07:08:00,120393300,-120313859758272544768,276317,276317,276317,276317,120393300,0,50001782659301544506479
2026-07-09 07:10:00,-174121984711,174004746174433073431971,276317,276317,276317,276317,42445289,174047163161497206654371,50001782659301544506479
2026-07-09 07:13:00,26970856,-26952872283252789934,276317,276317,276317,276317,26970856,0,50001782659301544506479
2026-07-09 07:15:00,-366635333540,366384513337730289486550,276317,276317,276317,276317,25759433,366410255299619996722298,50001782659301544506479
2026-07-09 07:17:00,-29337525,29317239598945809918,276317,276317,276317,276317,0,29317239598945809918,50001782659301544506479
2026-07-09 07:18:00,250169226381,-250000000000000000000000,276317,276317,276317,276317,250169226381,0,50001782659301544506479
2026-07-09 07:19:00,22613069902,-22597896584376722352880,276317,276317,276317,276317,22613069902,0,50001782659301544506479
2026-07-09 07:22:00,-2178263949,2176781458524554442213,276317,276317,276317,276317,0,2176781458524554442213,50001782659301544506479
2026-07-09 07:26:00,-57339798519,57300705860410391265609,276317,276317,276317,276317,0,57300705860410391265609,50001782659301544506479
2026-07-09 07:28:00,250167093111,-250000000000000000000000,276317,276317,276317,276317,250167093111,0,50001782659301544506479
2026-07-09 07:29:00,60533491154,-60495330096370222912530,276317,276317,276317,276317,250165690707,189505769174409143026796,50001782659301544506479
2026-07-09 07:30:00,51051045656,-51019367870505572423613,276317,276317,276317,276317,250163985201,198980632129494427576387,50001782659301544506479
2026-07-09 07:33:00,233656185616,-233504497226081534999182,276317,276317,276317,276317,341343669551,107616736035139627707905,50001782659301544506479
2026-07-09 07:34:00,-50246339695,50213170595854793817712,276317,276317,276317,276317,0,50213170595854793817712,50001782659301544506479
2026-07-09 07:35:00,-4102547215,4099834546953773759491,276317,276317,276317,276317,0,4099834546953773759491,50001782659301544506479
2026-07-09 07:40:00,-56104622898,56066958162911526026929,276317,276317,276317,276317,50032536376,106066958162911526026929,50001782659301544506479
2026-07-09 07:41:00,-90721916393,90661553507679202812510,276317,276317,276317,276317,88757587,90750252765646884650912,50001782659301544506479
2026-07-09 07:42:00,102203355700,-102136399313000000000000,276317,276317,276317,276317,102203355700,0,50001782659301544506479
2026-07-09 07:43:00,12608338189,-12600107023306397816667,276317,276317,276317,276317,12608338189,0,50001782659301544506479
2026-07-09 07:45:00,3328291621,-3326120428306278594192,276317,276317,276317,276317,3385581122,57251541693721405808,50001782659301544506479
2026-07-09 07:47:00,-181450772,181330561180250654486,276317,276317,276317,276317,900000,182229973975036914508,50001782659301544506479
2026-07-09 07:50:00,165291769381,-165185317553342189251765,276317,276317,276317,276317,250161969700,84814682446657810748235,50001782659301544506479
2026-07-09 07:51:00,87108617702,-87054139457862928631618,276317,276317,276317,276317,250160316317,162945860542137071368382,50001782659301544506479
2026-07-09 07:52:00,-990353472,989707284739692407899,276317,276317,276317,276317,9474438,999175636631316356118,50001782659301544506479
2026-07-09 07:53:00,-85941796,85885726725328086063,276317,276317,276317,276317,0,85885726725328086063,50001782659301544506479
2026-07-09 07:54:00,-5809695425,5805904457246949388608,276317,276317,276317,276317,0,5805904457246949388608,50001782659301544506479
2026-07-09 07:55:00,-15101019562,15091159470386136307494,276317,276317,276317,276317,0,15091159470386136307494,50001782659301544506479
2026-07-09 07:56:00,-75017098416,74967981527041905814971,276317,276317,276317,276317,0,74967981527041905814971,50001782659301544506479
2026-07-09 07:57:00,251263526367,-251102409249367768739365,276317,276317,276317,276317,251263526367,0,50001782659301544506479
2026-07-09 07:58:00,47106565735,-47078669753847790001317,276317,276317,276317,276317,250157901960,202921330246152209998683,50001782659301544506479
2026-07-09 07:59:00,-6899727370,6895280794931485897026,276317,276317,276317,276317,0,6895280794931485897026,50001782659301544506479
2026-07-09 08:01:00,-535757731,535412378678897724885,276317,276317,276317,276317,0,535412378678897724885,50001782659301544506479
2026-07-09 08:02:00,-6300000000,6295938128087167729996,276317,276317,276317,276317,0,6295938128087167729996,50001782659301544506479
2026-07-09 08:03:00,-64123356282,64081923062412758710341,276317,276317,276317,276317,0,64081923062412758710341,50001782659301544506479
2026-07-09 08:04:00,-219394130807,219251076808709519995426,276317,276317,276317,276317,5003261950,224251105135329663210693,50001782659301544506479
2026-07-09 08:05:00,1103509528,-1102796462000000000000,276317,276317,276317,276317,1103509528,0,50001782659301544506479
2026-07-09 08:06:00,242002281,-241845910230399975424,276317,276317,276317,276317,242002281,0,50001782659301544506479
2026-07-09 08:08:00,191688663018,-191566122009376781012182,276317,276317,276317,276317,250160975511,58433877990623218987818,50001782659301544506479
2026-07-09 08:09:00,182473794768,-182358628860522957855913,276317,276317,276317,276317,250158473210,67641371139477042144087,50001782659301544506479
2026-07-09 08:10:00,-180483784237,180367408749645090342701,276317,276317,276317,276317,0,180367408749645090342701,50001782659301544506479
2026-07-09 08:11:00,111987634757,-111917772149207905819910,276317,276317,276317,276317,250158468964,138082227850792094180090,50001782659301544506479
2026-07-09 08:12:00,-140635000000,140544045954270955021544,276317,276317,276317,276317,0,140544045954270955021544,50001782659301544506479
2026-07-09 08:13:00,250158739830,-250000000000000000000000,276317,276317,276317,276317,250158739830,0,50001782659301544506479
2026-07-09 08:14:00,-5890741094,5886972965016098635930,276317,276317,276317,276317,0,5886972965016098635930,50001782659301544506479
2026-07-09 08:15:00,-12036728007,12029024166827058990262,276317,276317,276317,276317,0,12029024166827058990262,50001782659301544506479
2026-07-09 08:16:00,-337452934363,337234598767974151423457,276317,276317,276317,276317,0,337234598767974151423457,50001782659301544506479
2026-07-09 08:17:00,-26394048479,26376679227911855858090,276317,276317,276317,276317,10021506899,36391722113911855858090,50001782659301544506479
2026-07-09 08:18:00,250160056331,-250000000000000000000000,276317,276317,276317,276317,250160056331,0,50001782659301544506479
2026-07-09 08:19:00,222673302651,-222533773107440629836663,276317,276317,276317,276317,306392885140,83666296024097176525366,50001782659301544506479
2026-07-09 08:21:00,-132626077203,132541387111644802704803,276317,276317,276317,276317,0,132541387111644802704803,50001782659301544506479
2026-07-09 08:23:00,-90309342367,90251219912892100295532,276317,276317,276317,276317,5203093751,95451029912892100295532,50001782659301544506479
2026-07-09 08:25:00,69844674,-69800335149010780160,276317,276317,276317,276317,69844674,0,50001782659301544506479
2026-07-09 08:26:00,-109526666403,109455801876950082776863,276317,276317,276317,276317,0,109455801876950082776863,50001782659301544506479
2026-07-09 08:27:00,376248642988,-376016105026617657933749,276317,276317,276317,276317,889805945710,513236894485274442361783,50001782659301544506479
2026-07-09 08:28:00,-75012757757,74965063468461363446195,276317,276317,276317,276317,1175439308,76139769134461363446195,50001782659301544506479
2026-07-09 08:29:00,4972734072,-4969615846526272618072,276317,276317,276317,276317,4972734072,0,50001782659301544506479
2026-07-09 08:30:00,-48119334095,48088637782204794187983,276317,276317,276317,276317,0,48088637782204794187983,50001782659301544506479
2026-07-09 08:32:00,-229825590765,229677703995142626480662,276317,276317,276317,276317,0,229677703995142626480662,50001782659301544506479
2026-07-09 08:34:00,-196322216405,196191635262067137044521,276317,276317,276317,276317,258304336838,454327795833838205368012,50001782659301544506479
2026-07-09 08:35:00,-45010793577,44981230040219543040248,276317,276317,276317,276317,0,44981230040219543040248,50001782659301544506479
2026-07-09 08:36:00,-99123257534,99055366953389800112516,276317,276317,276317,276317,250162205334,349055366953389800112516,50001782659301544506479
2026-07-09 08:37:00,104454300743,-104387904444488055424970,276317,276317,276317,276317,250161774217,145612095555511944575030,50001782659301544506479
2026-07-09 08:38:00,117991900979,-117917099914366460046958,276317,276317,276317,276317,250160729375,132082900085633539953042,50001782659301544506479
2026-07-09 08:39:00,-12113760296,12105849727881590837048,276317,276317,276317,276317,0,12105849727881590837048,50001782659301544506479
2026-07-09 08:40:00,-292858783343,292665651011645784649049,276317,276317,276317,276317,10435687864,303094574231741262004385,50001782659301544506479
2026-07-09 08:41:00,-198873002074,198739967655447259331120,276317,276317,276317,276317,12980175,198752939226117288432695,50001782659301544506479
2026-07-09 08:42:00,-192531034819,192400737362066349491350,276317,276317,276317,276317,0,192400737362066349491350,50001782659301544506479
2026-07-09 08:43:00,592294066,-591896873571597197367,276317,276317,276317,276317,592294066,0,50001782659301544506479
2026-07-09 08:44:00,-166400000000,166286197683627579439449,276317,276317,276317,276317,0,166286197683627579439449,50001782659301544506479
2026-07-09 08:45:00,151031828972,-150930000000000000000000,276317,276317,276317,276317,151031828972,0,50001782659301544506479
2026-07-09 08:46:00,35023483411,-35000000000000000000000,276317,276317,276317,276317,35023483411,0,50001782659301544506479
2026-07-09 08:48:00,-185020725996,184894265299744679835385,276317,276317,276317,276317,0,184894265299744679835385,50001782659301544506479
2026-07-09 08:49:00,-42729162696,42699763113414718530535,276317,276317,276317,276317,0,42699763113414718530535,50001782659301544506479
2026-07-09 08:50:00,-48564044,48530587073602357152,276317,276317,276317,276317,0,48530587073602357152,50001782659301544506479
2026-07-09 08:51:00,-57637373113,57597576233321288410775,276317,276317,276317,276317,2410972197,60006905935454023254752,50001782659301544506479
2026-07-09 08:52:00,-1591612036,1590511856596496679712,276317,276317,276317,276317,0,1590511856596496679712,50001782659301544506479
2026-07-09 08:53:00,1000000,-999318726058380746,276317,276317,276317,276317,1000000,0,50001782659301544506479
2026-07-09 08:54:00,160109068,-159999990609784764942,276317,276317,276317,276317,160109068,0,50001782659301544506479
2026-07-09 08:56:00,-198144100114,198006346511243462788121,276317,276317,276317,276317,0,198006346511243462788121,50001782659301544506479
2026-07-09 08:57:00,994789417,-994104926578480973124,276317,276317,276317,276317,1103173971,108308773604949434747,50001782659301544506479
2026-07-09 08:58:00,-15090632907,15080077919609803389005,276317,276317,276317,276317,0,15080077919609803389005,50001782659301544506479
2026-07-09 08:59:00,-138599815200,138502447431936444001582,276317,276317,276317,276317,0,138502447431936444001582,50001782659301544506479
2026-07-09 09:01:00,6569001016,-6564454817555215716523,276317,276317,276317,276317,8597742757,2027310829444784283477,50001782659301544506479
2026-07-09 09:04:00,-213122645123,212971479896749555859358,276316,276316,276316,276316,280261786,213251544506841403042044,50001782659301543506831
2026-07-09 09:06:00,51231570597,-51195579618110370044691,276316,276316,276316,276316,51231570597,0,50001782659301543506831
2026-07-09 09:08:00,-27829193324,27809377796000173977548,276316,276316,276316,276316,0,27809377796000173977548,50001782659301543506831
2026-07-09 09:10:00,-30593939398,30572119548732696911725,276316,276316,276316,276316,0,30572119548732696911725,50001782659301543506831
2026-07-09 09:16:00,108604227,-108527788900350951424,276316,276316,276316,276316,108604227,0,50001782659301543506831
2026-07-09 09:17:00,442058331,-441747204482680225792,276316,276316,276316,276316,442058331,0,50001782659301543506831
2026-07-09 09:21:00,196298496802,-196161148029757856992761,276317,276317,276317,276317,200017617802,3716495747242143007239,50001782659301544506479
2026-07-09 09:22:00,-242361656957,242189386620941227022876,276316,276317,276316,276317,64003612,242253345689506695940578,50001782659301543506831
2026-07-09 09:24:00,36128064534,-36102597024796025557105,276316,276316,276316,276316,36128064534,0,50001782659301543506831
2026-07-09 09:26:00,-65455762397,65408928668372817885232,276316,276316,276316,276316,0,65408928668372817885232,50001782659301543506831
2026-07-09 09:29:00,250175577899,-250000000000000000000000,276317,276317,276317,276317,250175577899,0,50001782659301544506479
2026-07-09 09:30:00,58188541243,-58149980427706196285987,276317,276317,276316,276317,250173428059,191850019572293803714013,50001782659301544506479
2026-07-09 09:31:00,164798484670,-164685428590942110141177,276317,276317,276317,276317,250172613434,85314571409057889858823,50001782659301544506479
2026-07-09 09:32:00,-29846081536,29825234045315197285577,276317,276317,276317,276317,0,29825234045315197285577,50001782659301544506479
2026-07-09 09:34:00,-773649182,773108313973262449616,276317,276317,276317,276317,0,773108313973262449616,50001782659301544506479
2026-07-09 09:35:00,-28767916067,28747785536827337945915,276317,276317,276317,276317,156246087,28903923769698720930060,50001782659301544506479
2026-07-09 09:36:00,1537817445,-1536757911236238151189,276317,276317,276317,276317,1732646662,194692794510957548218,50001782659301544506479
2026-07-09 09:37:00,-24953903229,24936417683879258094420,276317,276317,276317,276317,0,24936417683879258094420,50001782659301544506479
2026-07-09 09:38:00,-306923312355,306705957727569928466852,276316,276316,276316,276316,25441428525,332129475714836510110116,50001782659301543506831
2026-07-09 09:39:00,817878847,-817303498416721834847,276316,276316,276316,276316,817878847,0,50001782659301543506831
2026-07-09 09:40:00,-105558338936,105482806463026130059215,276316,276316,276316,276316,0,105482806463026130059215,50001782659301543506831
2026-07-09 09:42:00,250175790974,-250000000000000000000000,276316,276316,276316,276316,250175790974,0,50001782659301543506831
2026-07-09 09:43:00,7640553331,-7637653411603883682853,276316,276317,276316,276317,250760789963,242949441257511970739163,50001782659301543506831
2026-07-09 09:44:00,120156863074,-120074657420294558072080,276317,276316,276316,276317,250173217002,129925342579705441927920,50001782659301544506479
2026-07-09 09:47:00,-105998800000,105924105189604035021147,276317,276317,276317,276317,0,105924105189604035021147,50001782659301544506479
2026-07-09 09:49:00,236810604327,-236646848454096334279724,276317,276317,276317,276317,250173070375,13353151545903665720276,50001782659301544506479
2026-07-09 09:50:00,141832369268,-141736366981965876374697,276317,276317,276317,276317,250171201556,108264132678060419849589,50001782659301544506479
2026-07-09 09:52:00,-108196580,108121744037956080599,276317,276317,276317,276317,0,108121744037956080599,50001782659301544506479
2026-07-09 09:56:00,97708351566,-97642959233857021843599,276317,276317,276317,276317,200009880439,102230561029142978156401,50001782659301544506479
2026-07-09 09:57:00,-132485292,132394172404244601958,276317,276317,276317,276317,0,132394172404244601958,50001782659301544506479
2026-07-09 09:58:00,-36420916192,36395840486680966428230,276317,276317,276317,276317,0,36395840486680966428230,50001782659301544506479
2026-07-09 10:00:00,-271416308686,271227480830177924529955,276317,276317,276317,276317,28939987548,300147480830177924529955,50001782659301544506479
2026-07-09 10:01:00,91017169934,-90954526597000000000000,276317,276317,276317,276317,91017169934,0,50001782659301544506479
2026-07-09 10:02:00,101855600529,-101785890430471950456798,276317,276317,276317,276317,101895184851,39556754055355336738,50001782659301544506479
2026-07-09 10:03:00,-155475390635,155367262245103588933099,276317,276317,276317,276317,0,155367262245103588933099,50001782659301544506479
2026-07-09 10:04:00,91001360500,-90938864001000000000000,276317,276317,276317,276317,91001360500,0,50001782659301544506479
2026-07-09 10:07:00,-99202601930,99123465656798244318290,276317,276317,276317,276317,1000665396435,1099123465656798244318290,50001782659301544506479
2026-07-09 10:09:00,159109106082,-159000000000000000000000,276317,276317,276317,276317,159109106082,0,50001782659301544506479
2026-07-09 10:10:00,51387129051,-51352107398141431129751,276317,276317,276317,276317,51387129051,0,50001782659301544506479
2026-07-09 10:11:00,-311760000000,311542790334796096696226,276317,276317,276317,276317,0,311542790334796096696226,50001782659301544506479
2026-07-09 10:12:00,111813979548,-111736747275939077838253,276317,276317,276317,276317,111827241536,13252724060922161747,50001782659301544506479
2026-07-09 10:13:00,363702898619,-363465639500397103739779,276317,276317,276317,276317,1414735397840,1050334360499602896260221,50001782659301544506479
2026-07-09 10:14:00,-43143305854,43113760857565921981725,276317,276317,276317,276317,0,43113760857565921981725,50001782659301544506479
2026-07-09 10:16:00,10000000,-9993243208065487600,276317,276317,276317,276317,10000000,0,50001782659301544506479
2026-07-09 10:17:00,-78143616716,78089913809503464564113,276317,276317,276317,276317,0,78089913809503464564113,50001782659301544506479
2026-07-09 10:20:00,136485824117,-136393549520000000000000,276317,276317,276317,276317,136485824117,0,50001782659301544506479
2026-07-09 10:21:00,16261136629,-16250192512814266373219,276317,276317,276317,276317,16261136629,0,50001782659301544506479
2026-07-09 10:22:00,-242415028527,242248359866667499387700,276317,276317,276317,276317,0,242248359866667499387700,50001782659301544506479
2026-07-09 10:26:00,40224393289,-40196977120992939093035,276317,276317,276317,276317,40224393289,0,50001782659301544506479
2026-07-09 10:28:00,108267803337,-108194445319028786304266,276317,276317,276317,276317,119678013005,11402379796971213695734,50001782659301544506479
2026-07-09 10:29:00,-183976504526,183849538715762857392399,276317,276317,276317,276317,0,183849538715762857392399,50001782659301544506479
2026-07-09 10:30:00,-911980111,911347365800087313671,276317,276317,276317,276317,0,911347365800087313671,50001782659301544506479
2026-07-09 10:32:00,-161806951723,161694161864920917599436,276317,276317,276317,276317,0,161694161864920917599436,50001782659301544506479
2026-07-09 10:33:00,16757228,-16745660425760006520,276317,276317,276317,276317,16757228,0,50001782659301544506479
2026-07-09 10:34:00,20552472,-20538284570613696381,276317,276317,276317,276317,20552472,0,50001782659301544506479
2026-07-09 10:35:00,-101502149994,101430862667676766663385,276317,276317,276317,276317,0,101430862667676766663385,50001782659301544506479
2026-07-09 10:41:00,-37199950400,37173720925995883415489,276317,276317,276317,276317,0,37173720925995883415489,50001782659301544506479
2026-07-09 10:44:00,146246767167,-146145429461237406912993,276317,276317,276317,276317,146246767167,0,50001782659301544506479
2026-07-09 10:45:00,-42734386451,42704436152281508421989,276317,276317,276317,276317,0,42704436152281508421989,50001782659301544506479
2026-07-09 10:46:00,-11300000000,11292068221947083900916,276317,276317,276317,276317,0,11292068221947083900916,50001782659301544506479
2026-07-09 10:47:00,-178984049262,178857735067025452955042,276316,276316,276316,276316,0,178857735067025452955042,50001782659301543506831
2026-07-09 10:51:00,-36425532431,36399669128504513029876,276316,276316,276316,276316,0,36399669128504513029876,50001782659301543506831
2026-07-09 10:54:00,-198000000000,197858486320530575066444,276316,276316,276316,276316,0,197858486320530575066444,50001782659301543506831
2026-07-09 10:55:00,-14909926844,14899206167780866784167,276316,276316,276316,276316,90073156,14989215437780866784167,50001782659301543506831
2026-07-09 10:56:00,101060563725,-100989088135185869485127,276316,276316,276316,276316,101060563725,0,50001782659301543506831
2026-07-09 10:57:00,1103200579,-1102422587032460511690,276316,276316,276316,276316,1103200579,0,50001782659301543506831
2026-07-09 11:00:00,330757535,-330524290000000000000,276316,276316,276316,276316,330757535,0,50001782659301543506831
2026-07-09 11:01:00,17464206954,-17451897661000000000000,276316,276316,276316,276316,17464206954,0,50001782659301543506831
2026-07-09 11:03:00,6819803492,-6815000000000000000000,276316,276316,276316,276316,6819803492,0,50001782659301543506831
2026-07-09 11:04:00,8536718193,-8530708021000000000000,276316,276316,276316,276316,8536718193,0,50001782659301543506831
2026-07-09 11:05:00,11201040,-11193156367821097398,276316,276316,276316,276316,11201040,0,50001782659301543506831
2026-07-09 11:06:00,1726854457,-1725639041000000000000,276316,276316,276316,276316,1726854457,0,50001782659301543506831
2026-07-09 11:07:00,86923581249,-86862555566000000000000,276316,276316,276316,276316,86923581249,0,50001782659301543506831
2026-07-09 11:08:00,337806697381,-337598758044352197512529,276317,276316,276316,276318,2975076116688,2635570678654139755703332,50001782659301544506479
2026-07-09 11:09:00,-10166834760,10159745812294539138243,276317,276317,276317,276317,243351273,10402929947067360105594,50001782659301544506479
2026-07-09 11:10:00,-269959989484,269770310316419065186262,276316,276317,276316,276317,9813249,269780116715821090191894,50001782659301543506831
2026-07-09 11:11:00,-277418338496,277220369685218288070574,276316,276316,276316,276316,1565870014,278785143044773422518650,50001782659301543506831
2026-07-09 11:12:00,-47500000,47465842352115501392,276316,276316,276316,276316,0,47465842352115501392,50001782659301543506831
2026-07-09 11:13:00,100070,-100000000000000000,276316,276316,276316,276316,100070,0,50001782659301543506831
2026-07-09 11:14:00,3368754586,-3366366009517922244348,276316,276316,276316,276316,3368754586,0,50001782659301543506831
2026-07-09 11:15:00,249620312,-249443339865262391296,276316,276316,276316,276316,249620312,0,50001782659301543506831
2026-07-09 11:16:00,-248678687822,248498663792355096675076,276316,276316,276316,276316,0,248498663792355096675076,50001782659301543506831
2026-07-09 11:17:00,206398868231,-206283652783803603051672,276316,276316,276316,276318,3439905445103,3231385264271816335925627,50001782659301543506831
2026-07-09 11:18:00,-501255071079,500888825141396556763576,276316,276316,276316,276316,58917522,500947700793883171246520,50001782659301543506831
2026-07-09 11:19:00,10007310117,-10000000000000000000000,276316,276316,276316,276316,10007310117,0,50001782659301543506831
2026-07-09 11:20:00,27191288543,-27171446120000000000000,276316,276316,276316,276316,27191288543,0,50001782659301543506831
2026-07-09 11:21:00,533170776,-532781998990000000000,276316,276316,276316,276316,533170776,0,50001782659301543506831
2026-07-09 11:22:00,30382289134,-30360153719887339704009,276316,276316,276316,276316,30382289134,0,50001782659301543506831
2026-07-09 11:23:00,306898387,-306674980575793643520,276316,276316,276316,276316,306898387,0,50001782659301543506831
2026-07-09 11:24:00,-17177726285,17165041657913845653675,276316,276316,276316,276316,265981682,17430829537059343152086,50001782659301543506831
2026-07-09 11:25:00,-49893881940,49856979442956256924176,276316,276316,276316,276316,0,49856979442956256924176,50001782659301543506831
2026-07-09 11:27:00,-582109424151,581670521572697098879896,276316,276316,276316,276316,101438750637,683033838451697098879895,50001782659301543506831
2026-07-09 11:28:00,102490147218,-102413091666000000000000,276316,276316,276316,276316,102490147218,0,50001782659301543506831
2026-07-09 11:29:00,172765591962,-172639923949961304859930,276316,276316,276316,276316,500310540320,327296934722038695140070,50001782659301543506831
2026-07-09 11:30:00,230099972379,-229932791653335077996976,276316,276316,276316,276316,500205685743,269905892151664922003024,50001782659301543506831
2026-07-09 11:31:00,131518874966,-131426409918712912053064,276316,276316,276316,276316,500136899595,368348541259287087946936,50001782659301543506831
2026-07-09 11:32:00,-346187503870,345929475180283100089320,276316,276316,276316,276316,0,345929475180283100089320,50001782659301543506831
2026-07-09 11:33:00,-583603811708,583155972713497160607049,276316,276316,276316,276316,201521115296,784521995496932616710538,50001782659301543506831
2026-07-09 11:35:00,2236358754,-2234646735000000000000,276316,276316,276316,276316,2236358754,0,50001782659301543506831
2026-07-09 11:36:00,589612140022,-589168598315144235881647,276316,276316,276316,276316,675508666009,85831401684855764118353,50001782659301543506831
2026-07-09 11:37:00,7150548016,-7149672301599196842952,276316,276316,276316,276316,450330842474,442850327698400803157048,50001782659301543506831
2026-07-09 11:39:00,127894295934,-127800677236730750327672,276316,276316,276316,276316,218715473213,90753139057534873623386,50001782659301543506831
2026-07-09 11:40:00,-490650978630,490277619337884782949871,276316,276316,276316,276316,226411374143,716516985624884782949871,50001782659301543506831
2026-07-09 11:41:00,-78073019997,78009583598768732268130,276316,276316,276316,276316,350264954074,428009583598768732268130,50001782659301543506831
2026-07-09 11:42:00,82667129739,-82604500083000000000000,276316,276316,276316,276316,82667129739,0,50001782659301543506831
2026-07-09 11:43:00,-16250000000,16237547979309165524601,276316,276316,276316,276316,0,16237547979309165524601,50001782659301543506831
2026-07-09 11:44:00,-43161940277,43128814996208671722811,276316,276316,276316,276316,0,43128814996208671722811,50001782659301543506831
2026-07-09 11:45:00,96072670871,-96000000000000000000000,276316,276316,276316,276316,96072670871,0,50001782659301543506831
2026-07-09 11:46:00,73477340970,-73422050203705648834866,276316,276316,276316,276316,77457679878,3977307984196375120805,50001782659301543506831
2026-07-09 11:47:00,-276554455263,276342219760997919247726,276316,276316,276316,276316,9679968573,286014804422997919247726,50001782659301543506831
2026-07-09 11:48:00,49209896839,-49174725537303955593813,276316,276316,276316,276316,280214712129,230825274462696044406187,50001782659301543506831
2026-07-09 11:49:00,-130750290854,130649188446589871707895,276316,276316,276316,276316,0,130649188446589871707895,50001782659301543506831
2026-07-09 11:51:00,242303855312,-242119455477589423910422,276316,276316,276316,276316,242303855312,0,50001782659301543506831
2026-07-09 11:52:00,54312479077,-54271481762508973613418,276316,276316,276316,276316,55727548461,1413985146491026386582,50001782659301543506831
2026-07-09 11:54:00,278732712160,-278524394504031545516675,276316,276316,276316,276316,308704361528,29949102463968454483325,50001782659301543506831
2026-07-09 11:55:00,-86889343224,86823775755616623679291,276316,276316,276316,276316,0,86823775755616623679291,50001782659301543506831
2026-07-09 11:56:00,-24447367878,24428678293301928316602,276316,276316,276316,276316,18714925010,43129642100301928316602,50001782659301543506831
2026-07-09 11:57:00,1103251505,-1102427037901971045247,276316,276316,276316,276316,1103251505,0,50001782659301543506831
2026-07-09 11:58:00,51624574957,-51586724922496637936905,276316,276316,276316,276316,119173380545,67497573398503362063095,50001782659301543506831
2026-07-09 11:59:00,161788868614,-161668829144708868160327,276316,276316,276316,276316,162416326726,626984237849853717925,50001782659301543506831
2026-07-09 12:01:00,-60045599063,60000567856812076599510,276316,276316,276316,276316,0,60000567856812076599510,50001782659301543506831
2026-07-09 12:03:00,33900483238,-33875380613000000000000,276316,276316,276316,276316,33900483238,0,50001782659301543506831
2026-07-09 12:05:00,-304926014860,304695525365697003603855,276316,276316,276316,276316,0,304695525365697003603855,50001782659301543506831
2026-07-09 12:06:00,17517814482,-17504647470142363080496,276316,276316,276316,276316,17517814482,0,50001782659301543506831
2026-07-09 12:07:00,913115206,-912429212471691542228,276316,276316,276316,276316,913115206,0,50001782659301543506831
2026-07-09 12:09:00,39694161145,-39664606744017205640509,276316,276316,276316,276316,63144450641,23432486334982794359491,50001782659301543506831
2026-07-09 12:10:00,-215247648710,215083209072159435352360,276316,276316,276316,276316,0,215083209072159435352360,50001782659301543506831
2026-07-09 12:12:00,24256262993,-24237882120000000000000,276316,276316,276316,276316,24256262993,0,50001782659301543506831
2026-07-09 12:13:00,18864038674,-18849760162000000000000,276316,276316,276316,276316,18864038674,0,50001782659301543506831
2026-07-09 12:14:00,288500901342,-288287960860823874074720,276316,276316,276316,276316,654707411452,365932700995176125925280,50001782659301543506831
2026-07-09 12:15:00,-224668730816,224497003550505572100870,276316,276316,276316,276316,109350115894,333764648502505572100870,50001782659301543506831
2026-07-09 12:16:00,387074903786,-386786046324211969398990,276316,276316,276316,276316,387074903786,0,50001782659301543506831
2026-07-09 12:17:00,-45829004035,45794658274585737943604,276316,276316,276316,276316,0,45794658274585737943604,50001782659301543506831
2026-07-09 12:18:00,490648271272,-490289826232361353796493,276316,276316,276316,276316,490648271272,0,50001782659301543506831
2026-07-09 12:19:00,174703112030,-174578658362258226990066,276316,276316,276316,276316,260186177299,85421341638707831308565,50001782659301543506831
2026-07-09 12:20:00,-170981531241,170857196833923667838780,276316,276316,276316,276316,0,170857196833923667838780,50001782659301543506831
2026-07-09 12:21:00,-67770779000,67721174179931296806640,276316,276316,276316,276316,0,67721174179931296806640,50001782659301543506831
2026-07-09 12:22:00,-195995132110,195850640720137262900159,276316,276316,276316,276316,0,195850640720137262900159,50001782659301543506831
2026-07-09 12:26:00,368791377454,-368524455655410112616467,276316,276316,276316,276316,368791377454,0,50001782659301543506831
2026-07-09 12:27:00,-94994218873,94924381051578440382903,276316,276316,276316,276316,65424191619,160301368497578440382903,50001782659301543506831
2026-07-09 12:28:00,34035591893,-34011419790562113658488,276316,276316,276316,276316,65785484444,31726688792567812186694,50001782659301543506831
2026-07-09 12:29:00,-297993677857,297774560886231497489024,276316,276316,276316,276316,15478122143,313241373473053049133951,50001782659301543506831
2026-07-09 12:30:00,4977635992,-4973999085933009895661,276316,276316,276316,276316,4977635992,0,50001782659301543506831
2026-07-09 12:32:00,66801931315,-66753218318038178464640,276316,276316,276316,276316,66801931315,0,50001782659301543506831
2026-07-09 12:33:00,100010595983,-99938000000000000000000,276316,276316,276316,276316,100010595983,0,50001782659301543506831
2026-07-09 12:34:00,-15302064041,15290086437539075120049,276316,276316,276316,276316,74362107551,89598229633539075120049,50001782659301543506831
2026-07-09 12:37:00,100010257248,-99938000000000000000000,276316,276316,276316,276316,100010257248,0,50001782659301543506831
2026-07-09 12:38:00,-250000000,249817375456083536391,276316,276316,276316,276316,0,249817375456083536391,50001782659301543506831
2026-07-09 12:43:00,100009858326,-99938000000000000000000,276316,276316,276316,276316,100009858326,0,50001782659301543506831
2026-07-09 12:45:00,-36498786536,36472228290916527503484,276316,276316,276316,276316,1500798674,37971951666523836763665,50001782659301543506831
2026-07-09 12:46:00,902660342,-902012273546147954471,276316,276316,276316,276316,902660342,0,50001782659301543506831
2026-07-09 12:47:00,-3300361418,3297958769715290277718,276316,276316,276316,276316,0,3297958769715290277718,50001782659301543506831
2026-07-09 12:48:00,99997605372,-99926000000711627894128,276316,276316,276316,276316,99997605372,0,50001782659301543506831
2026-07-09 12:49:00,59957295700,-59914553668799441030509,276316,276316,276316,276316,59961695700,4396814109366137491,50001782659301543506831
2026-07-09 12:50:00,536473070066,-536097024023000000000000,276316,276317,276316,276317,536473070066,0,50001782659301543506831
2026-07-09 12:52:00,-228686469,228526333113495591566,276317,276317,276317,276317,0,228526333113495591566,50001782659301544506479
2026-07-09 12:53:00,123311329742,-123226517750973752293177,276317,276317,276317,276317,123311329742,0,50001782659301544506479
2026-07-09 12:57:00,-78494205713,78439493236017991080794,276317,276317,276317,276317,1103189409,79541924724807442392470,50001782659301544506479
2026-07-09 12:58:00,1995373,-1994000000000000000,276317,276317,276317,276317,1995373,0,50001782659301544506479
2026-07-09 12:59:00,374138654964,-373883872000000000000000,276317,276317,276317,276317,374138654964,0,50001782659301544506479
2026-07-09 13:01:00,-100647057,100578263389958663234,276317,276317,276317,276317,0,100578263389958663234,50001782659301544506479
2026-07-09 13:02:00,-7102603,7097747827806524259,276317,276317,276317,276317,0,7097747827806524259,50001782659301544506479
2026-07-09 13:03:00,-4087808176,4085013791271419546332,276317,276317,276317,276317,0,4085013791271419546332,50001782659301544506479
2026-07-09 13:04:00,160839294750,-160731457672000000000000,276317,276317,276317,276317,160839294750,0,50001782659301544506479
2026-07-09 13:05:00,122877688634,-122796000000000000000000,276317,276317,276317,276317,122877688634,0,50001782659301544506479
2026-07-09 13:08:00,-19903267748,19889873212134280172537,276317,276317,276317,276317,496673687,20386217937529619387385,50001782659301544506479
2026-07-09 13:09:00,-33848917426,33826109162753784229767,276317,276317,276317,276317,65223865,33891289775506112695988,50001782659301544506479
2026-07-09 13:10:00,-2998500000,2996477384124053597042,276317,276317,276317,276317,0,2996477384124053597042,50001782659301544506479
2026-07-09 13:11:00,-13763533249,13753735936104708427899,276317,276317,276317,276317,50895546857,64615445907104708427899,50001782659301544506479
2026-07-09 13:12:00,47110488,-47079152082401697539,276317,276317,276317,276317,47110488,0,50001782659301544506479
2026-07-09 13:13:00,65126181907,-65083308887673597634357,276317,276317,276317,276317,101287982150,36137505820333864397343,50001782659301544506479
2026-07-09 13:15:00,6079676405,-6075852376874006204921,276317,276317,276317,276317,26428248302,20334878232125993795079,50001782659301544506479
2026-07-09 13:16:00,-63738799509,63695865969998590881694,276317,276317,276317,276317,44921535,63740757661968220008350,50001782659301544506479
2026-07-09 13:17:00,2709787706,-2707993148971084805348,276317,276317,276317,276317,3402261880,692006851028915194652,50001782659301544506479
2026-07-09 13:18:00,-58612964061,58573346695121786411018,276317,276317,276317,276317,0,58573346695121786411018,50001782659301544506479
2026-07-09 13:20:00,5496808317,-5493142042000000000000,276317,276317,276317,276317,5496808317,0,50001782659301544506479
2026-07-09 13:22:00,-20000000200,19986454885046661799186,276317,276317,276317,276317,0,19986454885046661799186,50001782659301544506479
2026-07-09 13:23:00,22520449542,-22505423402121786411018,276317,276317,276317,276317,22520449542,0,50001782659301544506479
2026-07-09 13:24:00,-44379194610,44349120957011459686017,276317,276317,276317,276317,0,44349120957011459686017,50001782659301544506479
2026-07-09 13:28:00,37585044549,-37559945464000000000000,276317,276317,276317,276317,37585044549,0,50001782659301544506479
2026-07-09 13:30:00,-497474909,497138094576067763972,276317,276317,276317,276317,0,497138094576067763972,50001782659301544506479
2026-07-09 13:31:00,-32955786,32933472820135195986,276317,276317,276317,276317,0,32933472820135195986,50001782659301544506479
2026-07-09 13:33:00,-5107148291,5103689933701336775194,276317,276317,276317,276317,0,5103689933701336775194,50001782659301544506479
2026-07-09 13:34:00,200035678115,-199903000000000000000000,276317,276317,276317,276317,200035678115,0,50001782659301544506479
2026-07-09 13:35:00,-109799853700,109726127186957446046525,276317,276317,276317,276317,0,109726127186957446046525,50001782659301544506479
2026-07-09 13:36:00,-2341494000,2339916527386045831800,276317,276317,276317,276317,0,2339916527386045831800,50001782659301544506479
2026-07-09 13:37:00,-43752098283,43722582059806480839965,276317,276317,276317,276317,0,43722582059806480839965,50001782659301544506479
2026-07-09 13:38:00,-43164781212,43135586252407564707732,276317,276317,276317,276317,0,43135586252407564707732,50001782659301544506479
2026-07-09 13:39:00,52985444,-52951071506711327036,276317,276317,276317,276317,151069424,98017555089331701927,50001782659301544506479
2026-07-09 13:40:00,2050899332,-2049531000000000000000,276317,276317,276317,276317,2050899332,0,50001782659301544506479
2026-07-09 13:41:00,291563205,-291368691647244116471,276317,276317,276317,276317,291563205,0,50001782659301544506479
2026-07-09 13:42:00,20820430,-20806540506451855860,276317,276317,276317,276317,20820430,0,50001782659301544506479
2026-07-09 13:43:00,-132706050696,132615840067368332619634,276317,276317,276317,276317,0,132615840067368332619634,50001782659301544506479
2026-07-09 13:44:00,-115348873549,115264210149683592075276,276317,276317,276317,276317,568398037575,683282210149855391594087,50001782659301544506479
2026-07-09 13:45:00,38514705198,-38488691409473008598648,276317,276317,276317,276317,41792556313,3275598891183979696200,50001782659301544506479
2026-07-09 13:46:00,70871902217,-70826173962416985436954,276317,276317,276317,276317,275587643688,204576826037593014563046,50001782659301544506479
2026-07-09 13:49:00,252610810,-252440887314860221950,276317,276317,276317,276317,252610810,0,50001782659301544506479
2026-07-09 13:51:00,34456475001,-34433321097000000000000,276317,276317,276317,276317,34456475001,0,50001782659301544506479
2026-07-09 13:52:00,-250257735076,250084918787191422018670,276317,276317,276317,276317,107011512822,357023297301989482253414,50001782659301544506479
2026-07-09 13:53:00,29394284626,-29374279677819820853117,276317,276317,276317,276317,29767055343,372513025180179146883,50001782659301544506479
2026-07-09 13:55:00,94464067883,-94400000000000000000000,276317,276317,276317,276317,94464067883,0,50001782659301544506479
2026-07-09 13:56:00,-22188192000,22172953723924214177692,276317,276317,276317,276317,0,22172953723924214177692,50001782659301544506479
2026-07-09 13:57:00,-483721205253,483384065342270988248760,276317,276317,276317,276317,4362965636,487744013658270988248760,50001782659301544506479
2026-07-09 13:58:00,-942573243803,941889513036219146188498,276316,276316,276316,276317,1103204384,942991949005586810871346,50001782659301543506831
2026-07-09 13:59:00,-428256145046,427931771858976712890370,276316,276316,276316,276316,200019988896,627800681806976712890370,50001782659301543506831
2026-07-09 14:00:00,2220841250,-2219172778690071000000,276316,276316,276316,276316,2220841250,0,50001782659301543506831
2026-07-09 14:05:00,215803121237,-215641932764000000000000,276316,276316,276316,276316,215803121237,0,50001782659301543506831
2026-07-09 14:06:00,184644084960,-184507647009604754302467,276316,276316,276316,276316,184644084960,0,50001782659301543506831
2026-07-09 14:07:00,-121597887666,121506974136898661445683,276316,276316,276316,276316,0,121506974136898661445683,50001782659301543506831
2026-07-09 14:10:00,100338102672,-100264044198898661445683,276316,276316,276316,276316,100338102672,0,50001782659301543506831
2026-07-09 14:11:00,112819111400,-112736876927464354005368,276316,276316,276316,276316,168428240854,55567953179535645994632,50001782659301543506831
2026-07-09 14:12:00,577741148,-577318493418879451136,276316,276316,276316,276316,577741148,0,50001782659301543506831
2026-07-09 14:14:00,49894253,-49857753392040249419,276316,276316,276316,276316,49894253,0,50001782659301543506831
2026-07-09 14:16:00,1606741779,-1605566416632171792603,276316,276316,276316,276316,1606741779,0,50001782659301543506831
2026-07-09 14:17:00,-1650000,1648775807641691879,276316,276316,276316,276316,0,1648775807641691879,50001782659301543506831
2026-07-09 14:18:00,31324546508,-31301652583000000000000,276316,276316,276316,276316,31324546508,0,50001782659301543506831
2026-07-09 14:19:00,198700423871,-198556114343000000000000,276316,276316,276316,276316,198700423871,0,50001782659301543506831
2026-07-09 14:20:00,136075055396,-135977138665000000000000,276316,276316,276316,276316,136075055396,0,50001782659301543506831
2026-07-09 14:21:00,-303035683234,302813340479841571130602,276316,276316,276316,276316,24595042572,327390441964841571130602,50001782659301543506831
2026-07-09 14:22:00,200004823452,-199859825444000000000000,276316,276316,276316,276316,200004823452,0,50001782659301543506831
2026-07-09 14:24:00,-132255133870,132158109940869584430147,276316,276316,276316,276316,0,132158109940869584430147,50001782659301543506831
2026-07-09 14:25:00,175201371867,-175076320361929297644356,276316,276316,276316,276316,333038261117,157721855924070702355644,50001782659301543506831
2026-07-09 14:26:00,31074799851,-31053326886761876606803,276316,276316,276316,276316,117000001575,85862794629190431347895,50001782659301543506831
2026-07-09 14:27:00,-100271600000,100198400197595641107153,276316,276316,276316,276316,0,100198400197595641107153,50001782659301543506831
2026-07-09 14:28:00,-23941590398,23924048746001669439350,276316,276316,276316,276316,451716226,24375438825884534536662,50001782659301543506831
2026-07-09 14:29:00,-85569744800,85506874472646297708430,276316,276316,276316,276316,356465428,85863081570921577280478,50001782659301543506831
2026-07-09 14:30:00,-947536238,946838459817563029968,276316,276316,276316,276316,0,946838459817563029968,50001782659301543506831
2026-07-09 14:31:00,-24999999,24981588193706727221,276316,276316,276316,276316,0,24981588193706727221,50001782659301543506831
2026-07-09 14:32:00,17500000,-17487287304896600829,276316,276316,276316,276316,17500000,0,50001782659301543506831
2026-07-09 14:33:00,21261185931,-21245750000000000000000,276316,276316,276316,276316,21261185931,0,50001782659301543506831
2026-07-09 14:34:00,-42744490161,42713011457194072695821,276316,276316,276316,276316,10000000,42723004201297254941191,50001782659301543506831
2026-07-09 14:35:00,27026752788,-27007110885000000000000,276316,276316,276316,276316,27026752788,0,50001934159685541533775
2026-07-09 14:36:00,40453132249,-40423788024000000000000,276316,276316,276316,276316,40540074563,86878305000000000000,50001934159685541533775
2026-07-09 14:38:00,-105682329331,105604469418512263659220,276316,276316,276316,276316,315606631,105919846058058009219702,50001934159685541533775
2026-07-09 14:39:00,88619212645,-88554781720332228497408,276316,276316,276316,276316,88619212645,0,50001934159685541533775
2026-07-09 14:40:00,118353822384,-118268693584555189862304,276316,276316,276316,276316,161526416961,43141092191941259762495,50001934159685541533775
2026-07-09 14:42:00,-30899958800,30877365845507355069041,276316,276316,276316,276316,0,30877365845507355069041,50001934159685541533775
2026-07-09 14:43:00,41690459485,-41660402490000000000000,276316,276316,276316,276316,41690459485,0,50001934159685541533775
2026-07-09 14:45:00,34797225027,-34772190924447887887519,276316,276316,276316,276316,34797225027,0,50001934159685541533775
2026-07-09 14:46:00,1762563833,-1761297083184451553724,276316,276316,276316,276316,1762563833,0,50001934159685541533775
2026-07-09 14:47:00,10011264497,-10004071779000000000000,276316,276316,276316,276316,10011264497,0,50001934159685541533775
2026-07-09 14:49:00,2201581216,-2200000000000000000000,276316,276316,276316,276316,2201581216,0,50001934159685541533775
2026-07-09 14:50:00,3067347751,-3065145047960155306598,276316,276316,276316,276316,3067347751,0,50001934159685541533775
2026-07-09 14:51:00,-69578201700,69527448934700861661427,276316,276316,276316,276316,0,69527448934700861661427,50001934159685541533775
2026-07-09 14:53:00,5479994833,-5476045278183113311124,276316,276316,276316,276316,5479994833,0,50001934159685541533775
2026-07-09 14:54:00,327071404,-326835715097270356031,276316,276316,276316,276316,327071404,0,50001934159685541533775
2026-07-09 14:56:00,-62559606897,62513822413032675082117,276316,276316,276316,276316,70000000,62583771795963280985439,50001934159685541533775
2026-07-09 14:57:00,1103238132,-1102440405454762782889,276316,276316,276316,276316,1103238132,0,50001934159685541533775
2026-07-09 14:59:00,-10793253985,10785339681014818043635,276316,276316,276316,276316,0,10785339681014818043635,50001934159685541533775
2026-07-09 15:00:00,-25721600999,25702721514181759472274,276316,276316,276316,276316,0,25702721514181759472274,50001934159685541533775
2026-07-09 15:01:00,156747623069,-156634980248474684171701,276316,276316,276316,276316,200004176754,43224744054525315828299,50001934159685541533775
2026-07-09 15:02:00,-8266985316,8260939362754464192532,276316,276316,276316,276316,2421871056,10681070886811096717332,50001934159685541533775
2026-07-09 15:03:00,4534972291,-4531713954079996265377,276316,276316,276316,276316,4534972291,0,50001934159685541533775
2026-07-09 15:04:00,-199859009427,199712635462018907485456,276316,276316,276316,276316,0,199712635462018907485456,50001934159685541533775
2026-07-09 15:05:00,204352911553,-204205306716298112708818,276316,276316,276316,276316,204352911553,0,50001934159685541533775
2026-07-09 15:06:00,36043194130,-36017333101000000000000,276316,276316,276316,276316,36043194130,0,50001934159685541533775
2026-07-09 15:07:00,21332906456,-21317624527000000000000,276316,276316,276316,276316,21332906456,0,50001934159685541533775
2026-07-09 15:09:00,-669855955418,669359964359844898840670,276316,276316,276316,276316,76494044679,745799361659906693390843,50001934159685541533775
2026-07-09 15:11:00,20030856942,-20015988195762003708222,276316,276316,276316,276316,20030856942,0,50001934159685541533775
2026-07-09 15:12:00,177952639922,-177821250899063743291392,276316,276316,276316,276316,177952639922,0,50001934159685541533775
2026-07-09 15:13:00,95967730532,-95897399152000000000000,276316,276316,276316,276316,95967730532,0,50001934159685541533775
2026-07-09 15:15:00,220030430571,-219870567000216130410118,276316,276316,276316,276316,220030430571,0,50001934159685541533775
2026-07-09 15:16:00,45251819950,-45219181965000000000000,276316,276316,276316,276316,45251819950,0,50001934159685541533775
2026-07-09 15:17:00,-1158819117,1157971959964914284902,276316,276316,276316,276316,79675359,1237589921299755563366,50001934159685541533775
2026-07-09 15:18:00,-320437490261,320200103046660089993351,276316,276316,276316,276316,129337509739,449442448649879402537967,50001934159685541533775
2026-07-09 15:20:00,83043123503,-82982374249000000000000,276316,276316,276316,276316,83043123503,0,50001934159685541533775
2026-07-09 15:21:00,-100768002787,100693243659299864994582,276316,276316,276316,276316,81733213,100774916888242484699926,50001934159685541533775
2026-07-09 15:22:00,132883341784,-132786170687120708872500,276316,276316,276316,276316,132883341784,0,50001934159685541533775
2026-07-09 15:24:00,2500000,-2498178508846364004,276316,276316,276316,276316,2500000,0,50001934159685541533775
2026-07-09 15:25:00,61636527005,-61591694749000000000000,276316,276316,276316,276316,61636527005,0,50001934159685541533775
2026-07-09 15:26:00,206235027111,-206086122600000000000000,276316,276316,276316,276316,206235027111,0,50001934159685541533775
2026-07-09 15:28:00,24971185760,-24953271563219616174080,276316,276316,276316,276316,24971185760,0,50001934159685541533775
2026-07-09 15:29:00,447481286405,-447166270348874336220866,276316,276316,276316,276317,625713476732,178106456676407533507312,50001934159685541533775
2026-07-09 15:30:00,217574855882,-217423713255515195072497,276317,276317,276316,276317,217574855882,0,50001934159685542533423
2026-07-09 15:32:00,-684852153,684372530082421848088,276317,276317,276317,276317,0,684372530082421848088,50001934159685542533423
2026-07-09 15:35:00,14392407913,-14382476252440443070362,276317,276317,276317,276317,14392407913,0,50001934159685542533423
2026-07-09 15:37:00,7204969,-7200000000000000000,276317,276317,276317,276317,7204969,0,50001934159685542533423
2026-07-09 15:38:00,80141240767,-80086521111793346187431,276317,276317,276317,276317,123314365118,43143088672856499252253,50001934159685542533423
2026-07-09 15:40:00,46210704752,-46179020414000000000000,276317,276317,276317,276317,46210704752,0,50001934159685542533423
2026-07-09 15:41:00,-77625324776,77571276585178924220813,276317,276317,276317,276317,0,77571276585178924220813,50001934159685542533423
2026-07-09 15:42:00,19405844076,-19392503722000000000000,276317,276317,276317,276317,19405844076,0,50001934159685542533423
2026-07-09 15:47:00,86985822807,-86926210161000000000000,276317,276317,276317,276317,86985822807,0,50001934159685542533423
2026-07-09 15:48:00,400156704591,-399886365973000000000000,276317,276317,276317,276317,400161059219,4351607000000000000,50001934159685542533423
2026-07-09 15:49:00,-67166952684,67121351529794432112398,276317,276317,276317,276317,0,67121351529794432112398,50001934159685542533423
2026-07-09 15:50:00,-106348409214,106275738231872105943011,276317,276317,276317,276317,10005237588,116274225081872105943011,50001934159685542533423
2026-07-09 15:51:00,919430144,-918811988150560420720,276317,276317,276317,276317,1119564201,199997070002507673462,50001934159685542533423
2026-07-09 15:52:00,12512736277,-12504299767000000000000,276317,276317,276317,276317,12512736277,0,50001934159685542533423
2026-07-09 15:55:00,111074616004,-111000000000000000000000,276317,276317,276317,276317,111074616004,0,50001934159685542533423
2026-07-09 15:56:00,-11152599653,11145017695052999154680,276317,276317,276317,276317,84827743,11229788604270791647850,50001934159685542533423
2026-07-09 15:57:00,445778056,-445479392863265680289,276317,276317,276317,276317,445778056,0,50001934159685542533423
2026-07-09 15:58:00,-222339089023,222186607573035384968652,276317,276317,276317,276317,31085916449,253251448466394116019362,50001934159685542533423
2026-07-09 15:59:00,-78900416229,78845941250882944527700,276317,276317,276317,276317,0,78845941250882944527700,50001934159685542533423
2026-07-09 16:00:00,1275313489,-1274443746046207744268,276317,276317,276317,276317,1275313489,0,50001934159685542533423
2026-07-09 16:01:00,99136942,-99069335779919527936,276317,276317,276317,276317,99136942,0,50001934159685542533423
2026-07-09 16:02:00,37903173665,-37877354100595672518656,276317,276317,276317,276317,37903173665,0,50001934159685542533423
2026-07-09 16:04:00,45218040418,-45187313073000000000000,276317,276317,276317,276317,45218040418,0,50001934159685542533423
2026-07-09 16:06:00,777103753663,-776588449911000000000000,276317,276317,276317,276317,777103753663,0,50001934159685542533423
2026-07-09 16:07:00,-191155659158,191027553524681982524720,276317,276317,276317,276317,167740066817,358659557069681982524720,50001934159685542533423
2026-07-09 16:09:00,125874203304,-125792044532754409988696,276317,276317,276317,276317,125874203304,0,50001934159685542533423
2026-07-09 16:12:00,-49678658863,49644535151100762797583,276317,276317,276317,276317,127818154612,177379910034278565639695,50001934159685542533423
2026-07-09 16:15:00,1578944410,-1577914711545290424320,276317,276317,276317,276317,1578944410,0,50001934159685542533423
2026-07-09 16:16:00,-140918385657,140824685983738883602402,276317,276317,276317,276317,2493474,140827177817672638743249,50001934159685542533423
2026-07-09 16:17:00,-177677972380,177558699527007271746743,276317,276317,276317,276317,0,177558699527007271746743,50001934159685542533423
2026-07-09 16:18:00,2161139936,-2159703210609850728049,276317,276317,276317,276317,2161139936,0,50001934159685542533423
2026-07-09 16:21:00,115075897110,-114999664200000000000000,276317,276317,276317,276317,115075897110,0,50001934159685542533423
2026-07-09 16:25:00,-94948379262,94884568792892809603583,276317,276317,276317,276317,51620738,94936155257892809603583,50001934159685542533423
2026-07-09 16:26:00,-76214002953,76162521113828552839836,276317,276317,276317,276317,167780486,76330189691624806180755,50001934159685542533423
2026-07-09 16:27:00,75415270806,-75365082610859922769853,276317,276317,276317,276317,75415270806,0,50001934159685542533423
2026-07-09 16:29:00,-13456350600,13447277701063279358169,276317,276317,276317,276317,0,13447277701063279358169,50001934159685542533423
2026-07-09 16:31:00,19831538896,-19818368257520857776128,276317,276317,276317,276317,19831538896,0,50001934159685542533423
2026-07-09 16:32:00,246760593069,-246598027300000000000000,276317,276317,276317,276317,246760593069,0,50001934159685542533423
2026-07-09 16:35:00,56886592999,-56849461252000000000000,276317,276317,276317,276317,56886592999,0,50001934159685542533423
2026-07-09 16:36:00,27442990527,-27425123824000000000000,276317,276317,276317,276317,27442990527,0,50001934159685542533423
2026-07-09 16:38:00,49608786240,-49576572140154372252110,276317,276317,276317,276317,50332013140,722750656845627747890,50001934159685542533423
2026-07-09 16:39:00,30246656201,-30227058999000000000000,276317,276317,276317,276317,30246656201,0,50001934159685542533423
2026-07-09 16:42:00,49951050222,-49918766326212886917120,276317,276317,276317,276317,49951050222,0,50001934159685542533423
2026-07-09 16:43:00,-143837370518,143656101330680331721528,276314,276317,275174,276317,8666363616114,8802636148707748869277499,50001934249115932824615
2026-07-09 16:44:00,85484629662,-85429120166000000000000,276317,276317,276317,276317,85484629662,0,50001934159685542533423
2026-07-09 16:45:00,56730145289,-56694223753616829189438,276317,276317,276317,276317,132281512831,75501967542081229467438,50001934159685542533423
2026-07-09 16:46:00,155510939317,-155411059518000000000000,276317,276317,276317,276317,155510939317,0,50001934159685542533423
2026-07-09 16:47:00,1207326388,-1206554741000000000000,276317,276317,276317,276317,1207326388,0,50001934159685542533423
2026-07-09 16:48:00,361087090392,-360858919923857146434284,276317,276317,276317,276317,361087090392,0,50001934159685542533423
2026-07-09 16:49:00,104064791241,-104000000000000000000000,276317,276317,276317,276317,104064791241,0,50001934159685542533423
2026-07-09 16:50:00,91780183344,-91723399704265097384118,276317,276317,276317,276317,91780183344,0,50001934159685542533423
2026-07-09 16:52:00,448865573604,-448592713073890387045754,276317,276317,276317,276317,448865573604,0,50001934159685542533423
2026-07-09 16:53:00,40973333536,-40948827317066322853888,276318,276317,276317,276318,40973333536,0,50001934159685543533122
2026-07-09 16:54:00,34756338359,-34735603126951311519744,276318,276318,276318,276318,34756338359,0,50001934159685543533122
2026-07-09 16:55:00,-90726119876,90670985533894053459716,276317,276317,276317,276317,0,90670985533894053459716,50001934159685542533423
2026-07-09 16:56:00,53235198487,-53203795938056494407142,276318,276318,276318,276318,98899684999,45636792194943505592858,50001934159685543533122
2026-07-09 16:57:00,-7871450113,7866319092087007981360,276317,276317,276317,276317,34897966861,42743402867087007981360,50001934159685542533423
2026-07-09 16:58:00,-30672687309,30653903697454065715726,276317,276318,276317,276318,12506972376,43153403697454065715726,50001934159685542533423
2026-07-09 17:00:00,-260983700402,260822982639580803384477,276317,276317,276317,276317,43718415808,304514719919705258694340,50001934159685542533423
2026-07-09 17:01:00,300011016875,-299830000000000000000000,276318,276318,276318,276318,300011016875,0,50001934159685543533122
2026-07-09 17:04:00,54971636138,-54938857957001200346165,276318,276318,276318,276318,54971636141,1998799653835,50001934159685543533122
2026-07-09 17:08:00,-22989284381,22975361392210151089481,276318,276318,276318,276318,0,22975361392210151089481,50001934159685543533122
2026-07-09 17:10:00,24014303277,-24000000000000000000000,276318,276318,276318,276318,24014303277,0,50001934159685543533122
2026-07-09 17:12:00,104375080410,-104313180818365134929920,276318,276318,276318,276318,104375080410,0,50001934159685543533122
2026-07-09 17:13:00,12005743332,-11998651264148279295474,276318,276318,276318,276318,12007092879,1348736374288858742,50001934159685543533122
2026-07-09 17:14:00,-18581921605,18570756665427103662739,276318,276318,276318,276318,0,18570756665427103662739,50001934159685543533122
2026-07-09 17:15:00,39050034385,-39026977430336019788686,276318,276318,276318,276318,39050034385,0,50001934159685543533122
2026-07-09 17:17:00,-14763938,14755083223013972102,276318,276318,276318,276318,0,14755083223013972102,50001934159685543533122
2026-07-09 17:19:00,40133828688,-40110195684956775300313,276318,276318,276318,276318,40173584580,39732051694549362906,50001934159685543533122
2026-07-09 17:20:00,-182389446,182280365991505403997,276318,276318,276318,276318,0,182280365991505403997,50001934159685543533122
2026-07-09 17:22:00,35516448950,-35495587989000000000000,276318,276318,276318,276318,35516448950,0,50001934159685543533122
2026-07-09 17:24:00,6335588866,-6331872890496889590102,276318,276318,276318,276318,6335588866,0,50001934159685543533122
2026-07-09 17:25:00,-37236660299,37213938103266367034997,276318,276318,276318,276318,48713698765,85899056210266367034997,50001934159685543533122
2026-07-09 17:27:00,170151421,-170051392000000000000,276318,276318,276318,276318,170151421,0,50001934159685543533122
2026-07-09 17:28:00,-70000000,69958148787700055995,276318,276318,276318,276318,0,69958148787700055995,50001934159685543533122
2026-07-09 17:30:00,-141523608450,141438594698084048476623,276318,276318,276318,276318,0,141438594698084048476623,50001934159685543533122
2026-07-09 17:31:00,29473061488,-29455585481607650782998,276318,276318,276318,276318,29473061488,0,50001934159685543533122
2026-07-09 17:32:00,26255137439,-26239598730000000000000,276318,276318,276318,276318,26255137439,0,50001934159685543533122
2026-07-09 17:33:00,-44668628479,44641348923417588811754,276318,276318,276318,276318,38046785843,82665561213194729373293,50001934159685543533122
2026-07-09 17:35:00,8301093093,-8296171130000000000000,276318,276318,276318,276318,8301093093,0,50001934159685543533122
2026-07-09 17:36:00,-210385855128,210258159015879191344629,276317,276317,276317,276317,0,210258159015879191344629,50001934159685542533423
2026-07-09 17:37:00,-79341025826,79292409573271840531890,276317,276317,276317,276317,0,79292409573271840531890,50001934159685542533423
2026-07-09 17:38:00,271302650431,-271140161604000000000000,276318,276317,276317,276318,271302650431,0,50001934159685543533122
2026-07-09 17:39:00,-1024889485,1024270948830432025804,276318,276318,276318,276318,0,1024270948830432025804,50001934159685543533122
2026-07-09 17:42:00,195657608375,-195542363512341686883436,276318,276318,276318,276318,207764705221,12099887378285215059016,50001934159685543533122
2026-07-09 17:43:00,-606086654,605725590609105523980,276318,276318,276318,276318,0,605725590609105523980,50001934159685543533122
2026-07-09 17:45:00,-16006030260,15996285446226755707638,276318,276318,276318,276318,20437941746,36422234329476167099126,50001934159685543533122
2026-07-09 17:46:00,39016931251,-38994082699840130646016,276318,276318,276318,276318,39016931251,0,50001934159685543533122
2026-07-09 17:49:00,34398207096,-34378113758167113400320,276318,276318,276318,276318,34398207096,0,50001934159685543533122
2026-07-09 17:50:00,166343434378,-166246957167906444739539,276318,276318,276318,276318,168671338817,2326534557336771543223,50001934159685543533122
2026-07-09 17:51:00,50000,-49971159794509820,276318,276318,276318,276318,50000,0,50001934159685543533122
2026-07-09 17:52:00,295803244602,-295634372492172672137245,276318,276318,276318,276318,295803244602,0,50001934159685543533122
2026-07-09 17:53:00,448992879804,-448743247649832892765022,276318,276318,276318,276318,450259647860,1266062456167107234978,50001934159685543533122
2026-07-09 17:54:00,-315547819356,315370059124256293020279,276318,276318,276318,276318,0,315370059124256293020279,50001934159685543533122
2026-07-09 17:55:00,360359913945,-360160833636000000000000,276318,276318,276318,276318,360359913945,0,50001934159685543533122
2026-07-09 17:57:00,17750425362,-17740753283367482326285,276318,276318,276318,276318,17750425362,0,50001934159685543533122
2026-07-09 17:58:00,-135401937419,135326127227489392390510,276318,276318,276318,276318,35923063777,171229655312489392390510,50001934159685543533122
2026-07-09 17:59:00,123069667768,-123002288320596327550596,276318,276318,276318,276318,123069667768,0,50001934159685543533122
2026-07-09 18:01:00,80007135538,-79963831197561833785810,276318,276318,276318,276318,97428137522,17411394650438166214190,50001934159685543533122
2026-07-09 18:03:00,29890924780,-29874747983607256841734,276318,276318,276318,276318,30016246253,125252316392743158266,50001934159685543533122
2026-07-09 18:06:00,-594364069,594036785041042411122,276318,276318,276318,276318,0,594036785041042411122,50001934159685543533122
2026-07-09 18:07:00,-2370499300,2369193854763035271565,276318,276318,276318,276318,0,2369193854763035271565,50001934159685543533122
2026-07-09 18:08:00,-34432438461,34413363580353319030734,276318,276318,276318,276318,8750546566,43159179754271136477937,50001934159685543533122
2026-07-09 18:10:00,-140901167736,140822975537691708635402,276318,276318,276318,276318,0,140822975537691708635402,50001934159685543533122
2026-07-09 18:11:00,42767682848,-42744292832335277986394,276318,276318,276318,276318,42773447266,5761202664722013606,50001934159685543533122
2026-07-09 18:12:00,187675517272,-187573743283082588838639,276318,276318,276318,276318,188015781033,340074933917411161361,50001934159685543533122
2026-07-09 18:14:00,42838108170,-42815077622353075120151,276318,276318,276318,276318,43183180721,344883258646924879849,50001934159685543533122
2026-07-09 18:18:00,25843860741,-25830000000000000000000,276318,276318,276318,276318,25843860741,0,50001934159685543533122
2026-07-09 18:19:00,-240681853,240550486022435247237,276318,276318,276318,276318,0,240550486022435247237,50001934159685543533122
2026-07-09 18:20:00,73138667179,-73099715785581063126257,276318,276318,276318,276318,86228738912,13082968262418936873743,50001934159685543533122
2026-07-09 18:21:00,296674186997,-296517849240000000000000,276318,276318,276318,276318,296674186997,0,50001934159685543533122
2026-07-09 18:22:00,-24778490162,24764050950776861063093,276318,276318,276318,276318,126938201153,151636434317776861063093,50001934159685543533122
2026-07-09 18:23:00,-33227845947,33210145860536125510984,276318,276318,276318,276318,0,33210145860536125510984,50001934159685543533122
2026-07-09 18:25:00,36822016057,-36802772071947945513111,276318,276318,276318,276318,36822016057,0,50001934159685543533122
2026-07-09 18:26:00,-47500000000,47474690580815285738685,276318,276318,276318,276318,0,47474690580815285738685,50001934159685543533122
2026-07-09 18:27:00,26628444852,-26614511461034670876792,276318,276318,276318,276318,26628444852,0,50001934159685543533122
2026-07-09 18:28:00,-47500000000,47474650958460453036437,276318,276318,276318,276318,0,47474650958460453036437,50001934159685543533122
2026-07-09 18:29:00,-36299951700,36280518933745120019249,276318,276318,276318,276318,0,36280518933745120019249,50001934159685543533122
2026-07-09 18:30:00,14123320139,-14115894281000000000000,276318,276318,276318,276318,14123320139,0,50001934159685543533122
2026-07-09 18:31:00,-31031915324,31015266531720837252208,276318,276318,276318,276318,1197686799,32212322427295938548103,50001934159685543533122
2026-07-09 18:32:00,-150712820,150631925545511995099,276318,276318,276318,276318,0,150631925545511995099,50001934159685543533122
2026-07-09 18:33:00,-15438606967,15430116396459088534734,276318,276318,276318,276318,19930393364,35349991169586897372103,50001934159685543533122
2026-07-09 18:34:00,-6666336491,6662623573572713695908,276318,276318,276318,276318,12985616917,19641395660441810808908,50001934159685543533122
2026-07-09 18:35:00,-21938708144,21926691284594698103165,276318,276318,276318,276318,21246228579,43161718640594698103165,50001934159685543533122
2026-07-09 18:36:00,50000000,-49973574482482292862,276318,276318,276318,276318,50000000,0,50001934159685543533122
2026-07-09 18:37:00,-112726666473,112665708777160094191057,276318,276318,276318,276318,0,112665708777160094191057,50001934159685543533122
2026-07-09 18:38:00,-125530883108,125462403785185687503047,276318,276318,276318,276318,0,125462403785185687503047,50001934159685543533122
2026-07-09 18:40:00,-36449368826,36429367069095181258354,276318,276318,276318,276318,0,36429367069095181258354,50001934159685543533122
2026-07-09 18:45:00,-23889803786,23876665341767981908793,276318,276318,276318,276318,0,23876665341767981908793,50001934159685543533122
2026-07-09 18:49:00,30689150502,-30672584434236586524975,276318,276318,276318,276318,30774217449,85020226763413475025,50001934159685543533122
2026-07-09 18:50:00,1653153734,-1652497836958498811805,276318,276318,276318,276318,25211454017,23545374448041501188195,50001934159685543533122
2026-07-09 18:51:00,-64006381704,63971151048810601372421,276318,276318,276318,276318,0,63971151048810601372421,50001934159685543533122
2026-07-09 18:52:00,-13858569337,13850238395028610608055,276318,276318,276318,276318,68165917531,81979099259028610608055,50001934159685543533122
2026-07-09 18:53:00,45132862154,-45108992347606195010383,276318,276318,276318,276318,101497850598,56333797001531894138975,50001934159685543533122
2026-07-09 18:55:00,-102754274445,102697321796588131294639,276318,276318,276318,276318,18034173180,120721667693588131294639,50001934159685543533122
2026-07-09 18:56:00,149543809684,-149462820206652703163355,276318,276318,276318,276318,149543809684,0,50001934159685543533122
2026-07-09 18:57:00,22094098890,-22082209015000000000000,276318,276318,276318,276318,22094098890,0,50001934159685543533122
2026-07-09 18:58:00,61593861223,-61560817672948553909799,276318,276318,276318,276318,61593861223,0,50001934159685543533122
2026-07-09 18:59:00,61142710550,-61110058992000000000000,276318,276318,276318,276318,61142710550,0,50001934159685543533122
2026-07-09 19:02:00,-1000526639,999983537845941081360,276318,276318,276318,276318,0,999983537845941081360,50001934159685543533122
2026-07-09 19:03:00,1600000,-1599147455624353329,276318,276318,276318,276318,1600000,0,50001934159685543533122
2026-07-09 19:06:00,275145095536,-275000000000000000000000,276318,276318,276318,276318,275145095536,0,50001934159685543533122
2026-07-09 19:07:00,-76027944329,75987290858209354652654,276318,276318,276318,276318,10344174550,86326034957212013301320,50001934159685543533122
2026-07-09 19:08:00,-42775987769,42753071317642723499771,276318,276318,276318,276318,0,42753071317642723499771,50001934159685543533122
2026-07-09 19:09:00,-14923053,14915045102759877888,276318,276318,276318,276318,0,14915045102759877888,50001934159685543533122
2026-07-09 19:10:00,15269763130,-15261726849000000000000,276318,276318,276318,276318,15269763130,0,50001934159685543533122
2026-07-09 19:11:00,128768899879,-128701932744642101531437,276318,276318,276318,276318,171955746216,43163958719357898468563,50001934159685543533122
2026-07-09 19:12:00,-118354154123,118291048228595019300346,276318,276318,276318,276318,0,118291048228595019300346,50001934159685543533122
2026-07-09 19:15:00,48062762823,-48041057591005551374740,276318,276318,276318,276318,399121512959,350873734622994448625260,50008249968650772200218
2026-07-09 19:16:00,18810774466,-18800931368000000000000,276318,276318,276318,276318,18810774466,0,50008249968650772200218
2026-07-09 19:17:00,68957895860,-68921933250000000000000,276318,276318,276318,276318,68957895860,0,50008249968650772200218
2026-07-09 19:18:00,88879753429,-88834113229569456172688,276318,276318,276318,276318,132068345557,43165887122430543827312,50008249968650772200218
2026-07-09 19:19:00,-43188764567,43165984931422447227131,276318,276318,276318,276318,0,43165984931422447227131,50008249968650772200218
2026-07-09 19:20:00,2801490807,-2800038919061588917290,276318,276318,276318,276318,2801490807,0,50008249968650772200218
2026-07-09 19:21:00,15954694084,-15946431452000000000000,276318,276318,276318,276318,15954694084,0,50008249968650772200218
2026-07-09 19:22:00,-13678964015,13671743842349851535455,276318,276318,276318,276318,0,13671743842349851535455,50008249968650772200218
2026-07-09 19:23:00,-68658210896,68621858058181474879017,276318,276318,276318,276318,0,68621858058181474879017,50008249968650772200218
2026-07-09 19:25:00,169753915723,-169666290589402505882310,276318,276318,276318,276318,191348770796,21583547312597494117690,50008249968650772200218
2026-07-09 19:26:00,-85966511466,85921311881199675654282,276318,276318,276318,276318,0,85921311881199675654282,50008249968650772200218
2026-07-09 19:28:00,7414177239,-7410341470000000000000,276318,276318,276318,276318,7414177239,0,50008249968650772200218
2026-07-09 19:29:00,-32454287111,32437074282211395618380,276318,276318,276318,276318,8183731352,40616574282211395618380,50008249968650772200218
2026-07-09 19:33:00,-67841215151,67803300202586478551664,276318,276318,276318,276318,196995580152,264697380221586478551664,50008249968650772200218
2026-07-09 19:34:00,670356691,-670007299451140440064,276318,276318,276318,276318,670356691,0,50008249968650772200218
2026-07-09 19:35:00,-40851186702,40829434607886657244833,276318,276318,276318,276318,1927007555,42755434607886657244833,50008249968650772200218
2026-07-09 19:36:00,-112734503088,112674182371963239230294,276318,276318,276318,276318,0,112674182371963239230294,50008249968650772200218
2026-07-09 19:37:00,132742483047,-132672836492170397499308,276318,276318,276318,276318,132743383509,899982000000000000,50008249968650772200218
2026-07-09 19:38:00,7127224774,-7123505222309510050964,276318,276318,276318,276318,7127224774,0,50008249968650772200218
2026-07-09 19:39:00,-28087848108,28071883533392614591015,276318,276318,276318,276318,101413617864,129432795645392614591015,50008249968650772200218
2026-07-09 19:41:00,-191872007941,191769032529385580012256,276318,276318,276318,276318,0,191769032529385580012256,50008249968650772200218
2026-07-09 19:43:00,111491205919,-111432305183778194603271,276318,276318,276318,276318,111491205919,0,50008249968650772200218
2026-07-09 19:45:00,26981179872,-26967000383000000000000,276318,276318,276318,276318,26981179872,0,50008249968650772200218
2026-07-09 19:49:00,144244506803,-144169195111000000000000,276318,276318,276318,276318,144244506803,0,50008249968650772200218
2026-07-09 19:50:00,5050000,-5047377893126542602,276318,276318,276318,276318,5050000,0,50008249968650772200218
2026-07-09 19:53:00,133470948847,-133402002816000000000000,276318,276318,276318,276318,133470948847,0,50008249968650772200218
2026-07-09 19:54:00,25012841477,-25000000000000000000000,276318,276318,276318,276318,25012841477,0,50008249968650772200218
2026-07-09 19:55:00,-1301074687,1300394333028201143537,276318,276318,276318,276318,0,1300394333028201143537,50008249968650772200218
2026-07-09 19:56:00,-50000000000,49973802925716858366878,276318,276318,276318,276318,0,49973802925716858366878,50008249968650772200218
2026-07-09 19:57:00,131136880570,-131069695812000000000000,276318,276318,276318,276318,131136880570,0,50008249968650772200218
2026-07-09 20:01:00,-129869104657,129799527292604880098185,276318,276318,276318,276318,174829543193,304538440900604880098185,50008249968650772200218
2026-07-09 20:02:00,50025707981,-50000000000000000000000,276318,276318,276318,276318,50025707981,0,50008249968650772200218
2026-07-09 20:03:00,49893670,-49868079956879132075,276318,276318,276318,276318,49893670,0,50008249968650772200218
2026-07-09 20:05:00,-7200000000,7196234165667667386516,276318,276318,276318,276318,0,7196234165667667386516,50008249968650772200218
2026-07-09 20:06:00,137432393738,-137362243368000000000000,276318,276318,276318,276318,137432393738,0,50008249968650772200218
2026-07-09 20:09:00,-8138772572,8134557931567284301042,276318,276318,276318,276318,0,8134557931567284301042,50008249968650772200218
2026-07-09 20:13:00,106373641259,-106319827990000000000000,276318,276318,276318,276318,106373641259,0,50008249968650772200218
2026-07-09 20:14:00,75754974404,-75716926473689347379107,276318,276318,276318,276318,75754974404,0,50008249968650772200218
2026-07-09 20:20:00,25567862102,-25555072409494342961582,276318,276318,276318,276318,25567862102,0,50008249968650772200218
2026-07-09 20:21:00,59447913,-59418206499340550144,276318,276318,276318,276318,59447913,0,50008249968650772200218
2026-07-09 20:23:00,57807265,-57778378216268458036,276318,276318,276318,276318,57807265,0,50008249968650772200218
2026-07-09 20:24:00,30012051149,-29997071832000000000000,276318,276318,276318,276318,30012051149,0,50008249968650772200218
2026-07-09 20:26:00,117776579937,-117718142112000000000000,276319,276319,276319,276319,117776579937,0,50647145029935698917615
2026-07-09 20:27:00,-289925311090,289777565383369624230106,276318,276318,276318,276318,0,289777565383369624230106,50008249968650772200218
2026-07-09 20:29:00,-272387407377,272245540534941631766910,276318,276318,276318,276318,0,272245540534941631766910,50008249968650772200218
2026-07-09 20:30:00,31598372829,-31582554725081827150338,276318,276318,276318,276318,79163160201,47539860717227255571996,50008249968650772200218
2026-07-09 20:31:00,138247598935,-138176781590028266419740,276318,276318,276318,276318,138247598935,0,50008249968650772200218
2026-07-09 20:32:00,109577016272,-109521428048000000000000,276318,276318,276318,276318,109577016272,0,50008249968650772200218
2026-07-09 20:34:00,-64220000000,64186837637795967673529,276318,276318,276318,276318,0,64186837637795967673529,50008249968650772200218
2026-07-09 20:35:00,40857115029,-40836406244000000000000,276318,276318,276318,276318,40857115029,0,50008249968650772200218
2026-07-09 20:36:00,-130162928936,130095421485634963580997,276318,276318,276318,276318,0,130095421485634963580997,50008249968650772200218
2026-07-09 20:37:00,-54576160515,54547653784419592688734,276318,276318,276318,276318,0,54547653784419592688734,50008249968650772200218
2026-07-09 20:39:00,-43182204167,43159564485392443265295,276318,276318,276318,276318,0,43159564485392443265295,50008249968650772200218
2026-07-09 20:40:00,-175199766400,175107147724585092649054,276318,276318,276318,276318,0,175107147724585092649054,50008249968650772200218
2026-07-09 20:41:00,578344593,-578042616383769935872,276318,276318,276318,276318,578344593,0,50008249968650772200218
2026-07-09 20:42:00,-5657030088,5654007077578922539093,276318,276318,276318,276318,1213756496,6867129532829443650390,50008249968650772200218
2026-07-09 20:44:00,108540895,-108484199514665923362,276318,276318,276318,276318,108540895,0,50008249968650772200218
2026-07-09 20:45:00,12281574042,-12275161918619738790967,276318,276318,276318,276318,12296450116,14868154000000000000,50008249968650772200218
2026-07-09 20:46:00,-100803001370,100749007240378495797770,276318,276318,276318,276318,17865855686,118605545832378495797770,50008249968650772200218
2026-07-09 20:48:00,731235807,-730851270166008823808,276318,276318,276318,276318,731235807,0,50008249968650772200218
2026-07-09 20:49:00,2043090240,-2042015947000000000000,276318,276318,276318,276318,2043090240,0,50008249968650772200218
2026-07-09 20:50:00,836656660,-836216779000000000000,276318,276318,276318,276318,836656660,0,50008249968650772200218
2026-07-09 20:51:00,-52512234003,52484025307273608276046,276318,276318,276318,276318,2078497913,54561430549609940501710,50008249968650772200218
2026-07-09 20:52:00,-176468154615,176372620305578988773595,276318,276318,276318,276318,100861863,176473428930215584833755,50008249968650772200218
2026-07-09 20:53:00,15236864914,-15228719444566831938926,276318,276318,276318,276318,15236864914,0,50008249968650772200218
2026-07-09 20:54:00,-19282419066,19271506649362344027048,276318,276318,276318,276318,41017500534,60267125755362344027048,50008249968650772200218
2026-07-09 20:55:00,15048818450,-15040771018493772675598,276318,276318,276318,276318,15048818450,0,50008249968650772200218
2026-07-09 20:56:00,-50742237489,50714455874774668226701,276318,276318,276318,276318,10366162041,61075078942023593570445,50008249968650772200218
2026-07-09 20:57:00,1027256667,-1026705583363385038790,276318,276318,276318,276318,1027256667,0,50008249968650772200218
2026-07-09 20:59:00,-87368563251,87320669438089910635429,276318,276318,276318,276318,0,87320669438089910635429,50008249968650772200218
2026-07-09 21:01:00,1744679710,-1743737762000000000000,276318,276318,276318,276318,1744679710,0,50008249968650772200218
2026-07-09 21:04:00,12414699152,-12408000000000000000000,276318,276318,276318,276318,12414699152,0,50008249968650772200218
2026-07-09 21:08:00,260966590,-260825834980208803840,276318,276318,276318,276318,260966590,0,50008249968650772200218
2026-07-09 21:10:00,660279297948,-659940675934175656586252,276318,276319,276318,276319,1539993362334,879269407172060626551753,50008249968650772200218
2026-07-09 21:11:00,-667400350462,667042423651717826906778,276318,276318,276318,276318,0,667042423651717826906778,50008249968650772200218
2026-07-09 21:13:00,243000000,-242868868569653690494,276318,276318,276318,276318,243000000,0,50008249968650772200218
2026-07-09 21:14:00,900000,-899514332421666599,276318,276318,276318,276318,900000,0,50008249968650772200218
2026-07-09 21:15:00,203436172714,-203328992358774253032747,276318,276318,276318,276318,380841800678,177310192419225746967253,50008249968650772200218
2026-07-09 21:16:00,-6237560600,6234182210176938695093,276318,276318,276318,276318,0,6234182210176938695093,50008249968650772200218
2026-07-09 21:17:00,316450972,-316282701195788681216,276318,276318,276318,276318,316450972,0,50008249968650772200218
2026-07-09 21:20:00,-276500000,276350208988291495466,276318,276318,276318,276318,0,276350208988291495466,50008249968650772200218
2026-07-09 21:22:00,295531769,-295374622989465955999,276318,276318,276318,276318,295531769,0,50008249968650772200218
2026-07-09 21:25:00,-124485284913,124417537678553074571790,276318,276318,276318,276318,0,124417537678553074571790,50008249968650772200218
2026-07-09 21:26:00,-168051752077,167959312896229150586116,276318,276318,276318,276318,0,167959312896229150586116,50008249968650772200218
2026-07-09 21:27:00,326770815,-326593241849060179737,276318,276318,276318,276318,326770815,0,50008249968650772200218
2026-07-09 21:28:00,-788805550,784012109945497630428,276318,276318,276318,276318,435929387164,436472698576267720701660,50008249968650772200218
2026-07-09 21:29:00,-1484606715,1483785029492118108598,276318,276318,276318,276318,0,1483785029492118108598,50008249968650772200218
2026-07-09 21:30:00,-140301641978,140223586838333917809403,276318,276318,276318,276318,500274712,140723586839089650711751,50008249968650772200218
2026-07-09 21:31:00,92312715,-92262026195893223424,276318,276318,276318,276318,92312715,0,50008249968650772200218
2026-07-09 21:34:00,-117018094562,116952395931350406920639,276318,276318,276318,276318,0,116952395931350406920639,50008249968650772200218
2026-07-09 21:37:00,-150706369332,150618945135729961067514,276318,276318,276318,276318,200661764468,351167573530729961067514,50008249968650772200218
2026-07-09 21:40:00,-260225991423,260075835951904135255267,276318,276318,276318,276318,52603993186,312649857160139394531138,50008249968650772200218
2026-07-09 21:41:00,251743836453,-251601755932300786320228,276318,276318,276318,276318,271617098774,19861892017699213679771,50008249968650772200218
2026-07-09 21:42:00,3225519336,-3223712787037240270471,276318,276318,276318,276318,3225519336,0,50008249968650772200218
2026-07-09 21:43:00,122958582683,-122890149048157688724920,276318,276318,276318,276318,135267275150,12301673361842311275080,50008249968650772200218
2026-07-09 21:45:00,250000,-249861224450553957,276318,276318,276318,276318,250000,0,50008249968650772200218
2026-07-09 21:48:00,820698574,-820243016403824117153,276318,276318,276318,276318,820698574,0,50008249968650772200218
2026-07-09 21:49:00,61980238220,-61945911642434011729637,276318,276318,276318,276318,61980238220,0,50008249968650772200218
2026-07-09 21:52:00,-201172265453,201058279944642682542853,276318,276318,276318,276318,0,201058279944642682542853,50008249968650772200218
2026-07-09 21:53:00,193827679940,-193719764676000000000000,276318,276318,276318,276318,193827679940,0,50008249968650772200218
2026-07-09 21:55:00,460055763,-459801409179352409740,276318,276318,276318,276318,460055763,0,50008249968650772200218
2026-07-09 21:56:00,-2654362356,2652868174000000000000,276318,276318,276318,276318,0,2652868174000000000000,50008249968650772200218
2026-07-09 21:58:00,1103081542,-1102471592096006521559,276318,276318,276318,276318,1103081542,0,50008249968650772200218
2026-07-09 22:00:00,-198591823630,198479243519723593023804,276318,276318,276318,276318,0,198479243519723593023804,50008249968650772200218
2026-07-09 22:01:00,169243434819,-169149084326000000000000,276318,276318,276318,276318,169243434819,0,50008249968650772200218
2026-07-09 22:03:00,-1585428999,1584534612378201201913,276318,276318,276318,276318,0,1584534612378201201913,50008249968650772200218
2026-07-09 22:11:00,-401000000,400773768535185539320,276318,276318,276318,276318,0,400773768535185539320,50008249968650772200218
2026-07-09 22:12:00,-7556861,7552597381758923354,276318,276318,276318,276318,0,7552597381758923354,50008249968650772200218
2026-07-09 22:13:00,-10481773,10475858836416136538,276318,276318,276318,276318,0,10475858836416136538,50008249968650772200218
2026-07-09 22:14:00,503062297,-502783513775255831357,276318,276318,276318,276318,503062297,0,50008249968650772200218
2026-07-09 22:15:00,-364981360574,364772792322711600071593,276318,276318,276318,276318,0,364772792322711600071593,50008249968650772200218
2026-07-09 22:16:00,635819757,-635458145052019951908,276318,276318,276318,276318,635819757,0,50008249968650772200218
2026-07-09 22:17:00,348566615,-348368381000000000000,276318,276318,276318,276318,348566615,0,50008249968650772200218
2026-07-09 22:18:00,73923070,-73881030394823725469,276318,276318,276318,276318,73923070,0,50008249968650772200218
2026-07-09 22:19:00,-142141618932,142058693799039418090522,276318,276318,276318,276318,26442368369,168485860115039418090522,50008249968650772200218
2026-07-09 22:24:00,1278250,-1277516284136036875,276318,276318,276318,276318,1278250,0,50008249968650772200218
2026-07-09 22:26:00,59885175,-59850778366345569632,276318,276318,276318,276318,59885175,0,50008249968650772200218
2026-07-09 22:27:00,360048595592,-359844380226751018162115,276318,276318,276318,276318,360048595592,0,50008249968650772200218
2026-07-09 22:29:00,-79120281909,79075059141988311140360,276318,276318,276318,276318,0,79075059141988311140360,50008249968650772200218
2026-07-09 22:31:00,-60000005474,59965544506856759621125,276318,276318,276318,276318,0,59965544506856759621125,50008249968650772200218
2026-07-09 22:32:00,350831703947,-350635748909000000000000,276318,276318,276318,276318,350831703947,0,50008249968650772200218
2026-07-09 22:34:00,829171414,-828714111741859615238,276318,276318,276318,276318,829171414,0,50008249968650772200218
2026-07-09 22:35:00,-217744654184,217621444139528391891313,276318,276318,276318,276318,0,217621444139528391891313,50008249968650772200218
2026-07-09 22:36:00,100103242881,-100047365000474212107435,276318,276318,276318,276318,100103242881,0,50008249968650772200218
2026-07-09 22:43:00,12523320893,-12516358525521907481041,276318,276318,276318,276318,12523320893,0,50008249968650772200218
2026-07-09 22:45:00,18010712408,-18000710301000000000000,276318,276318,276318,276318,18010712408,0,50008249968650772200218
2026-07-09 22:46:00,37511826468,-37491036183000000000000,276318,276318,276318,276318,37511826468,0,50008249968650772200218
2026-07-09 22:47:00,-79200000000,79155247234709596909561,276318,276318,276318,276318,0,79155247234709596909561,50008249968650772200218
2026-07-09 22:48:00,9006833233,-9001821216773453113127,276318,276318,276318,276318,9006833233,0,50008249968650772200218
2026-07-09 22:53:00,3095767198,-3094045251000000000000,276318,276318,276318,276318,3095767198,0,50008249968650772200218
2026-07-09 22:56:00,24313534419,-24300023906154224692090,276318,276318,276318,276318,24313534419,0,50008249968650772200218
2026-07-09 22:57:00,1103088416,-1102476013489525901005,276318,276318,276318,276318,1103088416,0,50008249968650772200218
2026-07-09 22:59:00,3797280375,-3795172608000000000000,276318,276318,276318,276318,3797280375,0,50008249968650772200218
2026-07-09 23:00:00,17515160122,-17505445388000000000000,276318,276318,276318,276318,17515160122,0,50008249968650772200218
2026-07-09 23:01:00,17513751984,-17504050289000000000000,276318,276318,276318,276318,17513751984,0,50008249968650772200218
2026-07-09 23:11:00,-4013283,4011020213118448788,276318,276318,276318,276318,0,4011020213118448788,50008249968650772200218
2026-07-09 23:14:00,5002769020,-5000000000000000000000,276318,276318,276318,276318,5002769020,0,50008249968650772200218
2026-07-09 23:17:00,901441663,-900942823570445604219,276318,276318,276318,276318,901441663,0,50008249968650772200218
2026-07-09 23:18:00,899921518,-899423552872477594389,276318,276318,276318,276318,899921518,0,50008249968650772200218
2026-07-09 23:20:00,872094996,-871612458797003983601,276318,276318,276318,276318,872094996,0,50008249968650772200218
2026-07-09 23:21:00,20011063936,-20000000000000000000000,276318,276318,276318,276318,20011063936,0,50008249968650772200218
2026-07-09 23:23:00,259016433,-258873330934045101650,276318,276318,276318,276318,259016433,0,50008249968650772200218
2026-07-09 23:26:00,-500248456,499967072862445636075,276318,276318,276318,276318,0,499967072862445636075,50008249968650772200218
2026-07-09 23:27:00,20011048119,-20000000000000000000000,276318,276318,276318,276318,20011048119,0,50008249968650772200218
2026-07-09 23:28:00,9539160254,-9533903972076765198166,276318,276318,276318,276318,10005777741,466355385923234801834,50008249968650772200218
2026-07-09 23:30:00,4227030089,-4224700000000000000000,276318,276318,276318,276318,4227030089,0,50008249968650772200218
2026-07-09 23:31:00,-14525154942,14517000000000000000000,276318,276318,276318,276318,0,14517000000000000000000,50008249968650772200218
2026-07-09 23:37:00,431446854,-431208815439493726208,276318,276318,276318,276318,431446854,0,50008249968650772200218
2026-07-09 23:38:00,9649444,-9644120266205387136,276318,276318,276318,276318,9649444,0,50008249968650772200218
2026-07-09 23:43:00,-999771824,999210223745402662545,276318,276318,276318,276318,0,999210223745402662545,50008249968650772200218
2026-07-09 23:45:00,605749361,-605415144174718550016,276318,276318,276318,276318,605749361,0,50008249968650772200218
2026-07-09 23:49:00,74513528769,-74472528385107754611502,276318,276318,276318,276318,74513528769,0,50008249968650772200218
2026-07-09 23:50:00,12510290720,-12503428800000000000000,276318,276318,276318,276318,12510290720,0,50008249968650772200218
2026-07-09 23:53:00,471854238,-471595548000000000001,276318,276318,276318,276318,471854238,0,50008249968650772200218
2026-07-09 23:54:00,100056064558,-100001410525000000000000,276318,276318,276318,276318,100056064558,0,50008249968650772200218
2026-07-09 23:56:00,-4573841,4571305000000000000,276318,276318,276318,276318,0,4571305000000000000,50008249968650772200218
2026-07-09 23:57:00,69488947744,-69451225897000000000000,276318,276318,276318,276318,69488947744,0,50008249968650772200218
2026-07-09 23:59:00,110694039976,-110634348593000000000000,276318,276318,276318,276318,110694039976,0,50008249968650772200218
