timestamp,netAmount0,netAmount1,closeTick,openTick,lowestTick,highestTick,inAmount0,inAmount1,currentLiquidity
2026-06-18 00:00:00,-9910006895,9902667448038250187006,276317,276317,276317,276317,90089993105,99934574018114898823422,20001676750855009920952
2026-06-18 00:02:00,88509015764,-88453737496104222390627,276317,276317,276317,276317,188509015764,99934475028406036368617,20001676750855009920952
2026-06-18 00:03:00,-70945572115,70899524915732072147081,276317,276317,276317,276317,29054427885,99935602992939232564723,20001676750855009920952
2026-06-18 00:04:00,117717608363,-117644140294121220102157,276317,276317,276317,276317,218109019393,100326441390850401130483,20001676750855009920952
2026-06-18 00:05:00,-98106377896,98043409883293598045978,276317,276317,276317,276317,1893622104,99935826428293598045978,20001676750855009920952
2026-06-18 00:06:00,-45539831211,45509739994308811249551,276317,276317,276317,276317,54460168789,99934846400655315523471,20001676750855009920952
2026-06-18 00:07:00,-20691388817,20677100991770829007714,276317,276317,276317,276317,79498850356,100124662832337047432033,20001676750855009920952
2026-06-18 00:08:00,-15097782743,15087061658885020511748,276317,276317,276317,276317,84902217257,99934184802727573384708,20001676750855009920952
2026-06-18 00:09:00,9981429771,-9975000000000000000000,276317,276317,276317,276317,9981429771,0,20001676750855009920952
2026-06-18 00:10:00,-52622895,52588496054781757473,276317,276317,276317,276317,0,52588496054781757473,20001676750855009920952
2026-06-18 00:12:00,26945338796,-26928030883339153488332,276317,276317,276317,276317,26945338796,0,20001676750855009920952
2026-06-18 00:13:00,-11042682949,11034599272804556789934,276317,276317,276317,276317,88957317051,99934403057029834939796,20001676750855009920952
2026-06-18 00:14:00,-99989993575,99924292134893548439559,276317,276317,276317,276317,10006425,99934292134893548439559,20001676750855009920952
2026-06-18 00:15:00,4337893624,-4336065257960582008037,276317,276317,276317,276317,104337893624,99933885597457691906842,20001676750855009920952
2026-06-18 00:16:00,-54945936977,54908981519488097518013,276317,276317,276317,276317,45054063023,99933336551106258207165,20001676750855009920952
2026-06-18 00:19:00,17554661844,-17543141451000000000000,276317,276317,276317,276317,17554661844,0,20001676750855009920952
2026-06-18 00:21:00,9981536738,-9975000000000000000000,276317,276317,276317,276317,9981536738,0,20001676750855009920952
2026-06-18 00:22:00,1100720233,-1100000000000000000000,276317,276317,276317,276317,1100720233,0,20001676750855009920952
2026-06-18 00:23:00,-54951881245,54914777468102667470188,276317,276317,276317,276317,45048118755,99933073750847131288940,20001676750855009920952
2026-06-18 00:25:00,279337604,-279153312000000000000,276317,276317,276317,276317,279337604,0,20001676750855009920952
2026-06-18 00:26:00,998158471,-997500000000000000000,276317,276317,276317,276317,998158471,0,20001676750855009920952
2026-06-18 00:27:00,1054471807,-1053776295000000000000,276317,276317,276317,276317,1054471807,0,20001676750855009920952
2026-06-18 00:29:00,257650785,-257480860000000000000,276317,276317,276317,276317,257650785,0,20001676750855009920952
2026-06-18 00:33:00,9981577925,-9975000000774531583441,276317,276317,276317,276317,9981577925,0,20001676750855009920952
2026-06-18 00:37:00,29519395534,-29500000300000000000000,276317,276317,276317,276317,29519395534,0,20001676750855009920952
2026-06-18 00:38:00,3528125129,-3525839846424708211532,276317,276317,276317,276317,6228855544,2698934252575291788468,20001676750855009920952
2026-06-18 00:39:00,421882173,-421605762325516458288,276317,276317,276317,276317,421882173,0,20001676750855009920952
2026-06-18 00:40:00,134274947,-134186976000000000000,276317,276317,276317,276317,134274947,0,20001676750855009920952
2026-06-18 00:43:00,4002621522,-4000000000000000000000,276317,276317,276317,276317,4002621522,0,20001676750855009920952
2026-06-18 00:44:00,-18981259,18968641195115185116,276317,276317,276317,276317,0,18968641195115185116,20001676750855009920952
2026-06-18 00:46:00,364347026,-364108476000000000000,276317,276317,276317,276317,364347026,0,20001676750855009920952
2026-06-18 00:47:00,-300000000,299800582414220218634,276317,276317,276317,276317,0,299800582414220218634,20001676750855009920952
2026-06-18 00:49:00,998153488,-997500000000000000000,276317,276317,276317,276317,998153488,0,20001676750855009920952
2026-06-18 00:51:00,108642308995,-108571776151418308599260,276317,276317,276317,276317,108642308995,0,20001676750855009920952
2026-06-18 00:56:00,-10007434092,10000886349210762317355,276317,276317,276317,276317,0,10000886349210762317355,20001676750855009920952
2026-06-18 00:57:00,1100846990,-1100137231642738873457,276317,276317,276317,276317,1100846990,0,20001676750855009920952
2026-06-18 00:58:00,46309458767,-46279710909749549596672,276317,276317,276317,276317,46309458767,0,20001676750855009920952
2026-06-18 01:00:00,115100509290,-115027500000000000000000,276317,276317,276317,276317,115100509290,0,20001676750855009920952
2026-06-18 01:03:00,-100000000000,99935645161468279516200,276317,276317,276317,276317,0,99935645161468279516200,20001676750855009920952
2026-06-18 01:04:00,16010210509,-16000000000000000000000,276317,276317,276317,276317,16010210509,0,20001676750855009920952
2026-06-18 01:06:00,-30020087155,30000620833164768947885,276317,276317,276317,276317,0,30000620833164768947885,20001676750855009920952
2026-06-18 01:09:00,-152248818,152149862093257937753,276317,276317,276317,276317,0,152149862093257937753,20001676750855009920952
2026-06-18 01:10:00,1123727292,-1123008211495310846349,276317,276317,276317,276317,1123727292,0,20001676750855009920952
2026-06-18 01:11:00,-356437774,356206137337066350536,276317,276317,276317,276317,0,356206137337066350536,20001676750855009920952
2026-06-18 01:12:00,653449549,-653033902355170224901,276317,276317,276317,276317,900150036,246540179644829775099,20001676750855009920952
2026-06-18 01:13:00,2904981082,-2903122832000000000000,276317,276317,276317,276317,2904981082,0,20001676750855009920952
2026-06-18 01:14:00,-63640457299,63598555534293513033164,276317,276317,276317,276317,36359542701,99934911172293513033164,20001676750855009920952
2026-06-18 01:17:00,10243810317,-10237199190613855602571,276317,276317,276317,276317,10243810317,0,20001676750855009920952
2026-06-18 01:18:00,44534379,-44505661447361467480,276317,276317,276317,276317,44534379,0,20001676750855009920952
2026-06-18 01:20:00,31278696201,-31258574635000000000000,276317,276317,276317,276317,31278696201,0,20001676750855009920952
2026-06-18 01:21:00,1046841142,-1046169400905426871513,276317,276317,276317,276317,1046841142,0,20001676750855009920952
2026-06-18 01:22:00,-100000000000,99934337925389929274297,276317,276317,276317,276317,0,99934337925389929274297,20001676750855009920952
2026-06-18 01:23:00,35016216089,-34993459997028137304064,276317,276317,276317,276317,35016216089,0,20001676750855009920952
2026-06-18 01:24:00,10062206220,-10055689721270144985375,276317,276317,276317,276317,10062206220,0,20001676750855009920952
2026-06-18 01:25:00,5333960,-5330509000000000000,276317,276317,276317,276317,5333960,0,20001676750855009920952
2026-06-18 01:26:00,1997338775,-1996046460300000000000,276317,276317,276317,276317,1997338775,0,20001676750855009920952
2026-06-18 01:28:00,15974044474,-15963723310010793568102,276317,276317,276317,276317,15974044474,0,20001676750855009920952
2026-06-18 01:29:00,322442722,-322234648000000000000,276317,276317,276317,276317,322442722,0,20001676750855009920952
2026-06-18 01:30:00,622005185,-621603832000000000000,276317,276317,276317,276317,622005185,0,20001676750855009920952
2026-06-18 01:32:00,-58465602047,58426708282478006085233,276317,276317,276317,276317,41534397953,99933978311001084765809,20001676750855009920952
2026-06-18 01:33:00,-54951441574,54914514227096415808955,276317,276317,276317,276317,45048558426,99933394288942577528251,20001676750855009920952
2026-06-18 01:34:00,5725363546,-5722605489976929818796,276317,276317,276317,276317,105725363546,99932845570928832907671,20001676750855009920952
2026-06-18 01:35:00,-54950566742,54913369769373696455929,276317,276317,276317,276317,45049433258,99932902571690850186489,20001676750855009920952
2026-06-18 01:36:00,-9859913605,9852387324027741984244,276317,276317,276317,276317,90140086395,99932353670889400952308,20001676750855009920952
2026-06-18 01:37:00,-9899237043,9891674963378822619123,276317,276317,276317,276317,90100762957,99932255184862810120179,20001676750855009920952
2026-06-18 01:38:00,-22467647464,22451716780179485824744,276317,276317,276317,276317,77532352536,99932156306179485824743,20001676750855009920952
2026-06-18 01:39:00,-10467538938,10459565962154249822417,276317,276317,276317,276317,89532461062,99932376206525927776465,20001676750855009920952
2026-06-18 01:40:00,7005644,-7000973808359183141,276317,276317,276317,276317,7005644,0,20001676750855009920952
2026-06-18 01:41:00,-16706979912,16694827460964896161227,276317,276317,276317,276317,83293020088,99931827396964896161227,20001676750855009920952
2026-06-18 01:42:00,27606300546,-27588885697250208597486,276317,276317,276317,276317,127606300546,99932594148244119923218,20001676750855009920952
2026-06-18 01:43:00,-25718947028,25700786496845274056513,276317,276317,276317,276317,75117673579,100767983379960540051265,20001676750855009920952
2026-06-18 01:44:00,-32359095153,32336420582356363622078,276317,276317,276317,276317,67640904847,99931905018972633762897,20001676750855009920952
2026-06-18 01:45:00,14775429486,-14766518746617769120061,276317,276317,276317,276317,114775429486,99932121186579311482795,20001676750855009920952
2026-06-18 01:46:00,998168698,-997500000000000000000,276317,276317,276317,276317,998168698,0,20001676750855009920952
2026-06-18 01:47:00,-19593174015,19579030536914806799668,276317,276317,276317,276317,80406825985,99931513718090519313716,20001676750855009920952
2026-06-18 01:48:00,-10071073212,10063302748594504792814,276317,276317,276317,276317,89928926788,99931766274010123074286,20001676750855009920952
2026-06-18 01:49:00,-1648563487,1647437660123709223975,276317,276317,276317,276317,0,1647437660123709223975,20001676750855009920952
2026-06-18 01:50:00,15342896866,-15332582811000000000000,276317,276317,276317,276317,15342896866,0,20001676750855009920952
2026-06-18 01:52:00,-19984583938,19970145614219301975490,276317,276317,276317,276317,80015416062,99931354206219301975489,20001676750855009920952
2026-06-18 01:53:00,-12667132588,12657594262983872679379,276317,276317,276317,276317,87342867412,99941147740408971537919,20001676750855009920952
2026-06-18 01:54:00,15069294837,-15060137774643484429354,276317,276317,276317,276317,115069294837,99932177481619500804984,20001676750855009920952
2026-06-18 01:55:00,-25732085580,25713729667944999481726,276317,276317,276317,276317,74267914420,99931178592515740856702,20001676750855009920952
2026-06-18 01:57:00,2099059990,-2097641673285462198103,276317,276317,276317,276317,2099059990,0,20001676750855009920952
2026-06-18 01:58:00,-18299083602,18285704933109475767830,276317,276317,276317,276317,81700916398,99930942530800326096406,20001676750855009920952
2026-06-18 01:59:00,104289507529,-104219403480891567437452,276317,276317,276317,276317,104289507529,0,20001676750855009920952
2026-06-18 02:00:00,-2101369660,2099946831625584773778,276317,276317,276317,276317,0,2099946831625584773778,20001676750855009920952
2026-06-18 02:01:00,-1033352310,1032652469638769992437,276317,276317,276317,276317,0,1032652469638769992437,20001676750855009920952
2026-06-18 02:02:00,-94759629418,94694947518517376869525,276317,276317,276317,276317,5240370582,99931822518517376869525,20001676750855009920952
2026-06-18 02:03:00,-724204702,723707312304170840887,276317,276317,276317,276317,0,723707312304170840887,20001676750855009920952
2026-06-18 02:04:00,375603396031,-375357646403194468474762,276317,276317,276317,276317,518761321009,143065993036312135148659,20001676750855009920952
2026-06-18 02:05:00,-34773557261,34750265788202313480256,276317,276317,276317,276317,65226442739,99934898191120153623207,20001676750855009920952
2026-06-18 02:06:00,-19964425561,19950573130075631458445,276317,276317,276317,276317,80035574439,99934220985075631458444,20001676750855009920952
2026-06-18 02:08:00,-19466906164,19453335696768530203354,276317,276317,276317,276317,80533093836,99934021559287989917161,20001676750855009920952
2026-06-18 02:09:00,-22613879956,22598229745949341644024,276317,276317,276317,276317,77386120044,99933827103949341644023,20001676750855009920952
2026-06-18 02:10:00,-100000000000,99933601213327904834404,276317,276317,276317,276317,0,99933601213327904834404,20001676750855009920952
2026-06-18 02:11:00,-9888937027,9881416104270947937875,276317,276317,276317,276317,90111062973,99932602302877392957011,20001676750855009920952
2026-06-18 02:12:00,-276907566959,276718217480677587730425,276317,276317,276317,276317,0,276718217480677587730425,20001676750855009920952
2026-06-18 02:13:00,-186255380122,186123259919256618181524,276316,276316,276316,276316,45057148249,231148485552977744929684,20001676750855008921304
2026-06-18 02:15:00,-54942248268,54902295729828013774246,276316,276316,276316,276316,45057751732,99927877147919702791590,20001676750855008921304
2026-06-18 02:18:00,-287084500,286877299064429026815,276316,276316,276316,276316,0,286877299064429026815,20001676750855008921304
2026-06-18 02:19:00,-23280531,23263727633516062680,276316,276316,276316,276316,0,23263727633516062680,20001676750855008921304
2026-06-18 02:21:00,28193703326,-28173685859093782558440,276316,276316,276316,276316,29193703326,999278196906217441560,20001676750855008921304
2026-06-18 02:22:00,-17801507,17788707829377563097,276316,276316,276316,276316,0,17788707829377563097,20001676750855008921304
2026-06-18 02:23:00,5001994122,-4998449228178974839457,276316,276316,276316,276316,5001994122,0,20001676750855008921304
2026-06-18 02:26:00,-156661818,156549183687029495563,276316,276316,276316,276316,8006779,164550290611728232713,20001676750855008921304
2026-06-18 02:27:00,-169975211,169853089916372024900,276316,276316,276316,276316,0,169853089916372024900,20001676750855008921304
2026-06-18 02:28:00,54037706284,-53999567543771554280685,276316,276316,276316,276316,54037706284,0,20001676750855008921304
2026-06-18 02:29:00,-100000000000,99928193149369320679916,276316,276316,276316,276316,0,99928193149369320679916,20001676750855008921304
2026-06-18 02:30:00,-31620594949,31596998039744714290375,276316,276316,276316,276316,68379405051,99927194320003923621063,20001676750855008921304
2026-06-18 02:31:00,-25107566697,25088553188448189735814,276316,276316,276316,276316,74892433303,99926878490747389272966,20001676750855008921304
2026-06-18 02:32:00,-38098175615,38069721321299342728946,276316,276316,276316,276316,61901824385,99926628710818543378162,20001676750855008921304
2026-06-18 02:33:00,-79230423198,79171863171606652658597,276316,276316,276316,276316,20769576802,99926247190781219054501,20001676750855008921304
2026-06-18 02:34:00,19243573626,-19230534829880178171905,276316,276316,276316,276316,119243573626,99926646853390760823740,20001676750855008921304
2026-06-18 02:35:00,125024035634,-124934731437509191503198,276316,276316,276316,276316,225024035634,99927895633490808496802,20001676750855008921304
2026-06-18 02:37:00,-67921552228,67871687665346010978511,276316,276316,276316,276316,32078447772,99926896808586114013391,20001676750855008921304
2026-06-18 02:38:00,-93998103506,93928718401348991165671,276316,276316,276316,276316,6001896494,99926218401348991165671,20001676750855008921304
2026-06-18 02:39:00,28003145340,-27983681808709360691042,276316,276316,276316,276316,128247106659,100170341423940209265793,20001676750855008921304
2026-06-18 02:40:00,32790800509,-32766935915371353186304,276316,276316,276316,276316,32790800509,0,20001676750855008921304
2026-06-18 02:41:00,-54931264349,54890226290926379555106,276316,276316,276316,276316,45068735651,99925886764984123742498,20001676750855008921304
2026-06-18 02:42:00,72067845547,-72016377040307038339738,276316,276316,276316,276316,172067845547,99925338114777217630537,20001676750855008921304
2026-06-18 02:43:00,-123699961330,123608348617503276247319,276316,276316,276316,276316,0,123608348617503276247319,20001676750855008921304
2026-06-18 02:44:00,26481229897,-26462753095258231672912,276316,276316,276316,276316,126481229897,99924822426867438072723,20001676750855008921304
2026-06-18 02:45:00,-10018124271,10010009036747855715453,276316,276316,276316,276316,65585096905,75546683081747855715453,20001676750855008921304
2026-06-18 02:46:00,-87586470483,87520823424469451136930,276316,276316,276316,276316,0,87520823424469451136930,20001676750855008921304
2026-06-18 02:47:00,-64477697747,64428762316147931426627,276316,276316,276316,276316,11910820938,76330729964930891602340,20001676750855008921304
2026-06-18 02:48:00,-65950332659,65899631509716477987231,276316,276316,276316,276316,34049667341,99923468085964491712591,20001676750855008921304
2026-06-18 02:49:00,-47074031414,47037290247135007333538,276316,276316,276316,276316,52925968586,99922971372135007333538,20001676750855008921304
2026-06-18 02:50:00,103738719972,-103661247013046954245431,276316,276316,276316,276316,203738719972,99922339250941286518991,20001676750855008921304
2026-06-18 02:51:00,-91015754526,90945965090301821077623,276316,276316,276316,276316,8984245474,99923465090664071315027,20001676750855008921304
2026-06-18 02:52:00,-345284931,345018934674173841213,276316,276316,276316,276316,0,345018934674173841213,20001676750855008921304
2026-06-18 02:53:00,5959441105,-5954911409000000000000,276316,276316,276316,276316,5959441105,0,20001676750855008921304
2026-06-18 02:54:00,23540038818,-23522195628154719351080,276316,276316,276316,276316,25002969435,1461804371845280648920,20001676750855008921304
2026-06-18 02:55:00,-100000000000,99922757512180297215200,276316,276316,276316,276316,0,99922757512180297215200,20001676750855008921304
2026-06-18 02:56:00,-8568423773,8560845242191907753265,276316,276316,276316,276316,91431576227,99922207008084571753777,20001676750855008921304
2026-06-18 02:57:00,115906907429,-115818529122638922135590,276316,276316,276316,276316,115906907429,0,20001676750855008921304
2026-06-18 02:58:00,-32615470177,32589737506073288922779,276316,276316,276316,276316,67384529823,99922830816073288922779,20001676750855008921304
2026-06-18 02:59:00,-96764340044,96689335890989133282024,276316,276316,276316,276316,3235659956,99922505071121005843194,20001676750855008921304
2026-06-18 03:00:00,31685689397,-31662352584256890166797,276316,276316,276316,276316,131685689397,99922211643743109833203,20001676750855008921304
2026-06-18 03:01:00,-66512523816,66460324285850473638156,276316,276316,276316,276316,33487476184,99921944838275255544076,20001676750855008921304
2026-06-18 03:03:00,32536828327,-32512726005946285235382,276316,276316,276316,276316,132536828327,99921190823572856230730,20001676750855008921304
2026-06-18 03:04:00,-98443907613,98366636786656989771946,276316,276316,276316,276316,1556092387,99921515786656989771946,20001676750855008921304
2026-06-18 03:05:00,-53472709375,53429875334021864324319,276316,276316,276316,276316,46527290625,99920532598517634268383,20001676750855008921304
2026-06-18 03:06:00,10399158755,-10391999734500050002724,276316,276316,276316,276316,110399158755,99921101145753115479676,20001676750855008921304
2026-06-18 03:07:00,-18238971526,18223656529835737506310,276316,276316,276316,276316,81761028474,99920454338745619145222,20001676750855008921304
2026-06-18 03:08:00,34175260470,-34148468585569281868515,276316,276316,276316,276316,34686238078,510572726110243131485,20001676750855008921304
2026-06-18 03:09:00,-43130141953,43095304683963490199289,276316,276316,276316,276316,56890990953,99941497501963490199289,20001676750855008921304
2026-06-18 03:10:00,-7758765377,7751658888030024385136,276316,276316,276316,276316,92281324308,99960809944987072756795,20001676750855008921304
2026-06-18 03:11:00,63626804564,-63576902372130348932266,276316,276316,276316,276316,63679501814,52655558869651067734,20001676750855008921304
2026-06-18 03:12:00,-62153810715,62104068629219288147330,276316,276316,276316,276316,37846189285,99920388813332926293378,20001676750855008921304
2026-06-18 03:13:00,-53447760558,53404537481760762899157,276315,276316,276315,276316,46552239442,99919768074673326533333,20001676750855007921705
2026-06-18 03:14:00,-3860798066,3856737771348560411345,276316,276315,276315,276316,96139201934,99919234290682891487953,20001676750855008921304
2026-06-18 03:15:00,4160990252,-4158855140609299255985,276316,276315,276315,276316,120645990358,116390916211819700354087,20001676750855008921304
2026-06-18 03:16:00,-3333455423,3329813426170636274222,276316,276316,276316,276316,96666544577,99920202723670224565137,20001676750855008921304
2026-06-18 03:17:00,-39255955410,39223750290226464534470,276315,276316,276315,276316,60744044590,99919204012518026739654,20001676750855007921705
2026-06-18 03:18:00,-3333043935,3329388091790046894893,276316,276316,276316,276316,96666956065,99919777389289635185808,20001676750855008921304
2026-06-18 03:20:00,29066041130,-29043910268025583200856,276316,276315,276315,276316,129066041130,99918778684994934355368,20001676750855008921304
2026-06-18 03:21:00,19196865618,-19182635556607003036253,276316,276315,276315,276316,119284422588,100006555687551340909987,20001676750855008921304
2026-06-18 03:22:00,-99698702254,99618204707660694147664,276315,276316,276315,276316,301297746,99919263707660694147664,20001676750855007921705
2026-06-18 03:23:00,1708863497,-1707492512000000000000,276315,276315,276315,276315,1708863497,0,20001676750855007921705
2026-06-18 03:24:00,270166068,-269949347175057306477,276315,276315,276315,276315,270166068,0,20001676750855007921705
2026-06-18 03:25:00,96667466100,-96590389297499588290915,276316,276316,276316,276316,96667466100,0,20001676750855008921304
2026-06-18 03:26:00,32644021284,-32618203705000000000000,276316,276316,276316,276316,32644021284,0,20001676750855008921304
2026-06-18 03:27:00,-166743116956,166607690365381545023156,276315,276316,276315,276316,77036192985,243581511040268320171497,20001676750855007921705
2026-06-18 03:30:00,-74197329113,74136259021335195904868,276315,276315,276315,276315,25802670887,99917931468290159663972,20001676750855007921705
2026-06-18 03:31:00,44882595915,-44846192816000000000000,276315,276315,276315,276315,44882595915,0,20001676750855007921705
2026-06-18 03:32:00,589390900,-589913385365400161425,276315,276315,276315,276315,100589390900,99917618206905538834219,20001676750855007921705
2026-06-18 03:33:00,-64158832123,64105737408797508916269,276315,276315,276315,276315,35841167877,99917961520797508916269,20001676750855007921705
2026-06-18 03:34:00,139875862758,-139763814762700034406476,276315,276315,276315,276315,239875862758,99916983362525856393140,20001676750855007921705
2026-06-18 03:35:00,-100000000000,99918380285731844039703,276315,276315,276315,276315,0,99918380285731844039703,20001676750855007921705
2026-06-18 03:36:00,-55115911921,55070051091542344089308,276315,276315,276315,276315,44884088079,99917381603488759551219,20001676750855007921705
2026-06-18 03:37:00,-24906992432,24885620658335074327341,276315,276315,276315,276315,75093007568,99917146140620167577400,20001676750855007921705
2026-06-18 03:38:00,31904532984,-31878447924415391858688,276315,276315,276315,276315,31904532984,0,20001676750855007921705
2026-06-18 03:39:00,8970724397,-8963408408713728622161,276315,276315,276315,276315,8984827638,14091591286271377839,20001676750855007921705
2026-06-18 03:42:00,59912665232,-59864009166000000000000,276315,276315,276315,276315,59912665232,0,20001676750855007921705
2026-06-18 03:43:00,91609745,-91535622061547014276,276315,276315,276315,276315,91609745,0,20001676750855007921705
2026-06-18 03:44:00,49062382,-49022685547719262427,276315,276315,276315,276315,49062382,0,20001676750855007921705
2026-06-18 03:45:00,-5017415809,5012355716261833681055,276315,276315,276315,276315,94982584191,99918538976261833681055,20001676750855007921705
2026-06-18 03:46:00,47740891,-47702240000000000000,276315,276315,276315,276315,47740891,0,20001676750855007921705
2026-06-18 03:51:00,8984770102,-8977500000000000000000,276315,276315,276315,276315,8984770102,0,20001676750855007921705
2026-06-18 03:54:00,2059038490,-2057373538000000000000,276315,276315,276315,276315,2059038490,0,20001676750855007921705
2026-06-18 03:56:00,-40879641,40844284637380822194,276315,276315,276315,276315,189709176,230400082637380822194,20001676750855007921705
2026-06-18 03:57:00,1101040696,-1100150556624706363009,276315,276315,276315,276315,1101040696,0,20001676750855007921705
2026-06-18 03:59:00,2058387933,-2056724148000000000000,276315,276315,276315,276315,2058387933,0,20001676750855007921705
2026-06-18 04:00:00,358522994,-358233245000000000000,276315,276315,276315,276315,358522994,0,20001676750855007921705
2026-06-18 04:01:00,2421164821,-2419208434000000000000,276315,276315,276315,276315,2421164821,0,20001676750855007921705
2026-06-18 04:05:00,102452917328,-102370668229000000000000,276315,276315,276315,276315,102452917328,0,20001676750855007921705
2026-06-18 04:08:00,100100341810,-100020993837666971945396,276316,276316,276316,276316,100100341810,0,20001676750855008921304
2026-06-18 04:11:00,-82169608052,82103726021930606778072,276316,276316,276316,276316,0,82103726021930606778072,20001676750855008921304
2026-06-18 04:12:00,-2384490229,2382568321623665538508,276316,276316,276316,276316,0,2382568321623665538508,20001676750855008921304
2026-06-18 04:13:00,-107978228369,107890601521061451890369,276315,276315,276315,276315,98172894,107988695198034825655929,20001676750855007921705
2026-06-18 04:14:00,62225102485,-62175085519770564085408,276315,276315,276315,276315,62225102485,0,20001676750855007921705
2026-06-18 04:18:00,220068883967,-219895093310000000000000,276316,276316,276316,276316,220068883967,0,20001676750855008921304
2026-06-18 04:19:00,382397610191,-382107131607164927679011,276316,276316,276316,276316,382397610191,0,20001676750855008921304
2026-06-18 04:21:00,-99956857898,99881338842956726843121,276316,276316,276316,276316,43142102,99924448566888594216056,20001676750855008921304
2026-06-18 04:22:00,-97057060241,96982748134348806621284,276316,276316,276316,276316,2942939759,99923450357410622224456,20001676750855008921304
2026-06-18 04:23:00,150688604708,-150575184406948492102865,276316,276316,276316,276316,150688604708,0,20001676750855008921304
2026-06-18 04:24:00,14359966762,-14350275915718039933197,276316,276316,276316,276316,114359966762,99923985887875355345585,20001676750855008921304
2026-06-18 04:25:00,-27062819691,27041656693322648791204,276316,276316,276316,276316,72937180309,99924129317322648791204,20001676750855008921304
2026-06-18 04:26:00,-100000000000,99923859024586110817677,276316,276316,276316,276316,0,99923859024586110817677,20001676750855008921304
2026-06-18 04:27:00,-47847536495,47810230516020593947411,276316,276316,276316,276316,52152463505,99922880912020593947410,20001676750855008921304
2026-06-18 04:28:00,50386398285,-50348171444953506087940,276316,276316,276316,276316,50386398285,0,20001676750855008921304
2026-06-18 04:29:00,30557463130,-30535402746431980374950,276316,276316,276316,276316,130557463130,99922885622384939304026,20001676750855008921304
2026-06-18 04:30:00,-70106319782,70051726668213523852349,276316,276316,276316,276316,85033111234,155020310801213523852349,20001676750855008921304
2026-06-18 04:31:00,-47925090736,47887548581008176773672,276316,276316,276316,276316,52074909264,99923010740731152635428,20001676750855008921304
2026-06-18 04:32:00,2071185263,-2069601240000000000000,276316,276316,276316,276316,2071185263,0,20001676750855008921304
2026-06-18 04:33:00,17042666321,-17029648518000000000000,276316,276316,276316,276316,17042666321,0,20001676750855008921304
2026-06-18 04:34:00,-100000000000,99922202888773520463225,276316,276316,276316,276316,0,99922202888773520463225,20001676750855008921304
2026-06-18 04:35:00,2072372554,-2070770882000000000000,276316,276316,276316,276316,2072372554,0,20001676750855008921304
2026-06-18 04:36:00,-31912896718,31887185449775718772852,276316,276316,276316,276316,68087103282,99921224846775718772851,20001676750855008921304
2026-06-18 04:37:00,2073574886,-2071966105000000000000,276316,276316,276316,276316,2073574886,0,20001676750855008921304
2026-06-18 04:38:00,16954879625,-16941741305262949531648,276316,276316,276316,276316,16954879625,0,20001676750855008921304
2026-06-18 04:39:00,-50957558631,50916985918255418899095,276316,276316,276316,276316,49042441369,99921116891585142738934,20001676750855008921304
2026-06-18 04:40:00,-13367534615,13356111270887261324907,276316,276316,276316,276316,86632465385,99920587245893923882603,20001676750855008921304
2026-06-18 04:41:00,-18353736614,18338395911382947692322,276316,276316,276316,276316,81646263386,99920474478983961988898,20001676750855008921304
2026-06-18 04:42:00,-44457776701,44421899036093352383355,276316,276316,276316,276316,55542223299,99920360178056768263035,20001676750855008921304
2026-06-18 04:43:00,2028451365,-2026856175205711707067,276316,276316,276316,276316,2077189716,48699527794288292933,20001676750855008921304
2026-06-18 04:45:00,2294468330,-2292663886719636154525,276316,276316,276316,276316,2294468330,0,20001676750855008921304
2026-06-18 04:46:00,15121515,-15109625535020903053,276316,276316,276316,276316,15121515,0,20001676750855008921304
2026-06-18 04:47:00,-10339407572,10330272976953660509452,276316,276316,276316,276316,89660592428,99919869768627184307468,20001676750855008921304
2026-06-18 04:48:00,182069338587,-181928641034227724128942,276316,276316,276316,276316,282069338587,99919858358002449010002,20001676750855008921304
2026-06-18 04:50:00,-57279090672,57233870533619317074041,276316,276316,276316,276316,42720909328,99921584896802749990190,20001676750855008921304
2026-06-18 04:51:00,-199375140488,199216664089519763630805,276316,276316,276316,276316,624859512,199841039426519763630805,20001676750855008921304
2026-06-18 04:52:00,55759392722,-55716229733917926707942,276316,276316,276316,276316,155759392722,99920022510086927767332,20001676750855008921304
2026-06-18 04:53:00,-23461708338,23442142085730506081137,276316,276316,276315,276316,78829308133,102208758382368266376049,20001676750855008921304
2026-06-18 04:54:00,-45846386733,45808991839725712450922,276316,276316,276315,276316,54153613267,99919420051033089725802,20001676750855008921304
2026-06-18 04:55:00,17555805352,-17542842878532825847421,276316,276316,276315,276316,117555805352,99919730710021549783427,20001676750855008921304
2026-06-18 04:56:00,-23415838586,23396210514450864434975,276316,276316,276315,276316,76584161414,99919361532733089218335,20001676750855008921304
2026-06-18 04:57:00,-16492839577,16478686351416896498430,276315,276316,276315,276316,83507160423,99918859615389200835425,20001676750855007921705
2026-06-18 04:58:00,-20534377943,20516963385273316426585,276315,276315,276315,276315,79465622057,99918701113666787015905,20001676750855007921705
2026-06-18 04:59:00,-28989454880,28965209574949588418055,276315,276315,276315,276315,71010545120,99918478852949588418054,20001676750855007921705
2026-06-18 05:00:00,-4072003,4068690513676785863,276315,276315,276315,276315,0,4068690513676785863,20001676750855007921705
2026-06-18 05:01:00,47325255785,-47288349051046665870960,276315,276316,276315,276316,147325255785,99919639842953334129040,20001676750855007921705
2026-06-18 05:02:00,-61039948669,60990016728006539593662,276315,276315,276315,276315,38960051331,99918641574775424067878,20001676750855007921705
2026-06-18 05:03:00,-68911081621,68854591841420248050636,276315,276315,276315,276315,11149862063,79995415988646119533942,20001676750855007921705
2026-06-18 05:04:00,1855072446,-1853567076000000000000,276315,276315,276315,276315,1855072446,0,20001676750855007921705
2026-06-18 05:05:00,2202297079,-2200510386766219770038,276315,276315,276315,276315,2202297079,0,20001676750855007921705
2026-06-18 05:06:00,-4527215399,4523496770426929416614,276315,276315,276315,276315,0,4523496770426929416614,20001676750855007921705
2026-06-18 05:07:00,-100000000000,99917338653571434727495,276315,276315,276315,276315,0,99917338653571434727495,20001676750855007921705
2026-06-18 05:10:00,5202292155,-5198019225670424716353,276315,276315,276315,276315,5202292155,0,20001676750855007921705
2026-06-18 05:11:00,3143046151,-3140482984214068638782,276315,276315,276315,276315,4852362961,1707896072225738215943,20001676750855007921705
2026-06-18 05:13:00,2167252431,-2165473824987299353791,276315,276315,276315,276315,2167252431,0,20001676750855007921705
2026-06-18 05:14:00,257871597,-257660000000000000000,276315,276315,276315,276315,257871597,0,20001676750855007921705
2026-06-18 05:15:00,89875017415,-89801674765725523522952,276315,276315,276315,276315,89875017415,0,20001676750855007921705
2026-06-18 05:17:00,89538798808,-89466532708456024674580,276315,276315,276315,276315,89538798808,0,20001676750855007921705
2026-06-18 05:18:00,-100000000000,99918239316286182533992,276315,276315,276315,276315,0,99918239316286182533992,20001676750855007921705
2026-06-18 05:19:00,4977037672,-4972994779859649199682,276315,276315,276315,276315,5002317243,25258775384690081236,20001676750855007921705
2026-06-18 05:20:00,-23282680,23263538620771127815,276315,276315,276315,276315,0,23263538620771127815,20001676750855007921705
2026-06-18 05:22:00,-22918802,22893607195666576931,276315,276315,276315,276315,635603257,657980703126483736094,20001676750855007921705
2026-06-18 05:23:00,-97911301657,97830308442750389047506,276315,276315,276315,276315,2088698343,99917310738750389047506,20001676750855007921705
2026-06-18 05:24:00,53620433,-53576851686227831775,276315,276315,276315,276315,102289259,48628337313772168225,20001676750855007921705
2026-06-18 05:25:00,2116465670,-2114726395000000000000,276315,276315,276315,276315,2116465670,0,20001676750855007921705
2026-06-18 05:26:00,9655601709,-9647672573895280229856,276315,276315,276315,276315,9655601709,0,20001676750855007921705
2026-06-18 05:27:00,51265848182,-51223904860645138026625,276315,276315,276315,276315,51265848182,0,20001676750855007921705
2026-06-18 05:28:00,2140674720,-2138929030000000000000,276315,276315,276315,276315,2140674720,0,20001676750855007921705
2026-06-18 05:30:00,2207307181,-2205507785478390154018,276315,276315,276315,276315,2222603262,15283455521609845982,20001676750855007921705
2026-06-18 05:32:00,-43639593765,43602926274654781341799,276315,276315,276315,276315,56360406235,99917548428941096990553,20001676750855007921705
2026-06-18 05:33:00,40034267142,-40001538400000000000000,276315,276315,276315,276315,40034267142,0,20001676750855007921705
2026-06-18 05:35:00,14963562,-14951359612025660180,276315,276315,276315,276315,14963562,0,20001676750855007921705
2026-06-18 05:36:00,2095117323,-2093408938000000000000,276315,276315,276315,276315,2095117323,0,20001676750855007921705
2026-06-18 05:37:00,-369332417,369027599725543176265,276315,276315,276315,276315,0,369027599725543176265,20001676750855007921705
2026-06-18 05:38:00,-454995719,454620182792228850859,276315,276315,276315,276315,0,454620182792228850859,20001676750855007921705
2026-06-18 05:39:00,-41148919,41114954061583329312,276315,276315,276315,276315,0,41114954061583329312,20001676750855007921705
2026-06-18 05:40:00,20328852002,-20312296598096309292962,276315,276315,276315,276315,20328852002,0,20001676750855007921705
2026-06-18 05:41:00,101084219,-101002001500876526542,276315,276315,276315,276315,101084219,0,20001676750855007921705
2026-06-18 05:42:00,-81396831790,81329296928656239446989,276315,276315,276315,276315,18639635292,99953602787656239446989,20001676750855007921705
2026-06-18 05:43:00,2096406263,-2094684320000000000000,276315,276315,276315,276315,2096406263,0,20001676750855007921705
2026-06-18 05:45:00,2097709428,-2095986854000000000000,276315,276315,276315,276315,2097709428,0,20001676750855007921705
2026-06-18 05:46:00,117698716348,-117602769840541074036086,276315,276315,276315,276315,117698716348,0,20001676750855007921705
2026-06-18 05:47:00,2098989329,-2097290816000000000000,276315,276315,276315,276315,2098989329,0,20001676750855007921705
2026-06-18 05:49:00,6692848676,-6687435880187085071098,276315,276315,276315,276315,6708144757,15283561812914928902,20001676750855007921705
2026-06-18 05:54:00,-156930698,156802260576504117552,276315,276315,276315,276315,0,156802260576504117552,20001676750855007921705
2026-06-18 05:56:00,1043025774,-1042182597231877937973,276315,276315,276315,276315,1043025774,0,20001676750855007921705
2026-06-18 05:57:00,1101049405,-1100159440035681031397,276315,276315,276315,276315,1101049405,0,20001676750855007921705
2026-06-18 06:00:00,-70065742459,70007868642913476090721,276315,276315,276315,276315,29934257541,99917678105913476090721,20001676750855007921705
2026-06-18 06:02:00,100924977301,-100843208758000000000000,276315,276315,276315,276315,100924977301,0,20001676750855007921705
2026-06-18 06:03:00,455205059,-454838562623189451582,276315,276315,276315,276315,455205059,0,20001676750855007921705
2026-06-18 06:05:00,-95755681368,95677118872916598765441,276315,276315,276315,276315,5440538166,101113278306916598765441,20001676750855007921705
2026-06-18 06:08:00,19261810,-19246118643757526784,276315,276315,276315,276315,19261810,0,20001676750855007921705
2026-06-18 06:09:00,88558200873,-88486447016000000000000,276315,276315,276315,276315,88558200873,0,20001676750855007921705
2026-06-18 06:10:00,998304407,-997500000622526662754,276315,276315,276315,276315,998304407,0,20001676750855007921705
2026-06-18 06:11:00,-1484462383,1483251373652157974739,276315,276315,276315,276315,0,1483251373652157974739,20001676750855007921705
2026-06-18 06:13:00,-2347864205,2345948392316641648121,276315,276315,276315,276315,0,2345948392316641648121,20001676750855007921705
2026-06-18 06:16:00,470680558,-470301150788212916173,276315,276315,276315,276315,470680558,0,20001676750855007921705
2026-06-18 06:18:00,-99979478913,99897391217505759410933,276315,276315,276315,276315,20521087,99917895763755377380373,20001676750855007921705
2026-06-18 06:19:00,325555355,-325289692815728448016,276315,276315,276315,276315,325555355,0,20001676750855007921705
2026-06-18 06:20:00,29780717323,-29756460204000000000000,276315,276315,276315,276315,29780717323,0,20001676750855007921705
2026-06-18 06:21:00,7276572672,-7270659192000000000000,276315,276315,276315,276315,7276572672,0,20001676750855007921705
2026-06-18 06:22:00,-74350180328,74288509677013649665182,276315,276315,276315,276315,25649819672,99917270422013649665182,20001676750855007921705
2026-06-18 06:23:00,97283730667,-97204456298934918189056,276315,276315,276315,276315,97283730667,0,20001676750855007921705
2026-06-18 06:24:00,-67971462256,67915174116601021565000,276315,276315,276315,276315,32028537744,99917499459741749839944,20001676750855007921705
2026-06-18 06:25:00,3431702978,-3429899701720238899294,276315,276315,276315,276315,103431702978,99916828545531842850833,20001676750855007921705
2026-06-18 06:26:00,-2058780834,2056100519694235403804,276315,276315,276315,276315,97941219166,99916854937973006471440,20001676750855007921705
2026-06-18 06:28:00,40776848070,-40743629824081952505856,276315,276315,276315,276315,40776848070,0,20001676750855007921705
2026-06-18 06:29:00,-47189289772,47149833434515938471382,276315,276315,276315,276315,52810710228,99917303746415299620310,20001676750855007921705
2026-06-18 06:31:00,9915271,-9907167683833798413,276315,276315,276315,276315,9915271,0,20001676750855007921705
2026-06-18 06:32:00,11006489670,-10997500000320173099033,276315,276315,276315,276315,11006489670,0,20001676750855007921705
2026-06-18 06:33:00,2107320135,-2105600339351820583861,276315,276315,276315,276315,2107320135,0,20001676750855007921705
2026-06-18 06:34:00,19193333586,-19178689387011227769114,276315,276315,276315,276315,119193333586,99916901399436107855779,20001676750855007921705
2026-06-18 06:35:00,-14298317621,14285668200110403769253,276315,276315,276315,276315,85701682379,99917093083259365377751,20001676750855007921705
2026-06-18 06:36:00,-100000000000,99916950294621600836125,276315,276315,276315,276315,0,99916950294621600836125,20001676750855007921705
2026-06-18 06:37:00,74717984572,-74656583747000000000000,276315,276315,276315,276315,74717984572,0,20001676750855007921705
2026-06-18 06:38:00,-5236555431,5231271187586687888880,276315,276315,276315,276315,94763444569,99916718821614357371574,20001676750855007921705
2026-06-18 06:39:00,-5052425941,5047289777514580990652,276315,276315,276315,276315,94947574059,99916649054514580990652,20001676750855007921705
2026-06-18 06:40:00,1581255808,-1579966014602443696741,276315,276315,276315,276315,2104709280,523019595397556303259,20001676750855007921705
2026-06-18 06:42:00,2103888375,-2102165709000000000000,276315,276315,276315,276315,2103888375,0,20001676750855007921705
2026-06-18 06:43:00,998317268,-997500000000000000000,276315,276315,276315,276315,998317268,0,20001676750855007921705
2026-06-18 06:44:00,2107264303,-2105539526000000000000,276315,276315,276315,276315,2107264303,0,20001676750855007921705
2026-06-18 06:45:00,-79307715055,79241497487052971046202,276315,276315,276315,276315,20692284945,99916662889370031446231,20001676750855007921705
2026-06-18 06:46:00,-1053102320,1052221555822779660178,276315,276315,276315,276315,0,1052221555822779660178,20001676750855007921705
2026-06-18 06:47:00,943563336,-942783609283546332589,276315,276315,276315,276315,943563336,0,20001676750855007921705
2026-06-18 06:51:00,7879214703,-7872707983946203676814,276315,276315,276315,276315,7970346978,91056132053796323187,20001676750855007921705
2026-06-18 06:53:00,-29763491,29738622721229456555,276315,276315,276315,276315,0,29738622721229456555,20001676750855007921705
2026-06-18 06:54:00,2111076931,-2109334390000000000000,276315,276315,276315,276315,2111076931,0,20001676750855007921705
2026-06-18 06:56:00,998323889,-997500000000000000000,276315,276315,276315,276315,998323889,0,20001676750855007921705
2026-06-18 06:57:00,-95103072220,95023140205349905366103,276315,276315,276315,276315,4896927780,99916000320630837716903,20001676750855007921705
2026-06-18 06:58:00,741608216,-741988371983692649506,276315,276315,276315,276315,100741608216,99915360131346480397278,20001676750855007921705
2026-06-18 07:00:00,-35079307637,35048968219576429560755,276315,276315,276315,276315,64920692363,99915057981358749000627,20001676750855007921705
2026-06-18 07:01:00,-15807158223,15792897828501406589421,276315,276315,276315,276315,84192841777,99914686581072004780525,20001676750855007921705
2026-06-18 07:02:00,-15283657,15270669585268704928,276315,276315,276315,276315,0,15270669585268704928,20001676750855007921705
2026-06-18 07:03:00,3115236283,-3112620813000000000000,276315,276315,276315,276315,3115236283,0,20001676750855007921705
2026-06-18 07:05:00,9276812611,-9269029783000000000000,276315,276315,276315,276315,9276812611,0,20001676750855007921705
2026-06-18 07:06:00,3115419104,-3112807336000000000000,276315,276315,276315,276315,3115419104,0,20001676750855007921705
2026-06-18 07:07:00,40655316602,-40621322628804597397860,276315,276315,276315,276315,40655316602,0,20001676750855007921705
2026-06-18 07:08:00,-48300569790,48259165632242456554095,276315,276315,276315,276315,51699430210,99915111066117974506095,20001676750855007921705
2026-06-18 07:09:00,10310596341,-10301951634000000000000,276315,276315,276315,276315,10310596341,0,20001676750855007921705
2026-06-18 07:10:00,32896701281,-32869190693000000000000,276315,276315,276315,276315,32896701281,0,20001676750855007921705
2026-06-18 07:11:00,52271775520,-52229283570034726499384,276315,276315,276315,276315,152271775520,99916559254359359018594,20001676750855007921705
2026-06-18 07:12:00,-49934090873,49891551416561939195188,276315,276315,276315,276315,50065909127,99915595296993726556046,20001676750855007921705
2026-06-18 07:13:00,-43083520,43047140143751150941,276315,276315,276315,276315,0,43047140143751150941,20001676750855007921705
2026-06-18 07:14:00,35772228393,-35743443103446090761746,276315,276315,276315,276315,135772228393,99915082703819409328622,20001676750855007921705
2026-06-18 07:16:00,-60811952844,60760244776436340869757,276315,276315,276315,276315,39188047156,99915418751516507283462,20001676750855007921705
2026-06-18 07:17:00,-28934150488,28908883960738906276375,276315,276315,276315,276315,72122395258,100970479237956426322455,20001676750855007921705
2026-06-18 07:18:00,-7881656289,7874034902676256068552,276315,276315,276315,276315,92137328402,99933491040375926907848,20001676750855007921705
2026-06-18 07:19:00,-36021174949,35989832430064733599788,276315,276315,276315,276315,63978825051,99914443813749057853484,20001676750855007921705
2026-06-18 07:20:00,-9929692463,9920305776259726150410,276315,276315,276315,276315,90092253028,99936031862685670517514,20001676750855007921705
2026-06-18 07:21:00,1188516707,-1187512284000000000000,276315,276315,276315,276315,1188516707,0,20001676750855007921705
2026-06-18 07:22:00,-402714147,402369802275113690502,276315,276315,276315,276315,0,402369802275113690502,20001676750855007921705
2026-06-18 07:23:00,2125950243,-2124153855000000000000,276315,276315,276315,276315,2125950243,0,20001676750855007921705
2026-06-18 07:24:00,399272862,-398935535497419431440,276315,276315,276315,276315,399272862,0,20001676750855007921705
2026-06-18 07:25:00,2110736077,-2108953241019718733017,276315,276315,276315,276315,2127321817,16571561980281266983,20001676750855007921705
2026-06-18 07:26:00,198798354,-198630447000000000000,276315,276315,276315,276315,198798354,0,20001676750855007921705
2026-06-18 07:27:00,9371500122,-9364589751068126388323,276315,276315,276315,276315,109501942285,100044370553828909121437,20001676750855007921705
2026-06-18 07:28:00,2128678206,-2126882534000000000000,276315,276315,276315,276315,2128678206,0,20001676750855007921705
2026-06-18 07:29:00,-673295175,671728104775855181488,276315,276315,276315,276315,99326704825,99914155921417404939951,20001676750855007921705
2026-06-18 07:30:00,-53047197416,53001293499378169634574,276315,276315,276315,276315,48725360087,101685205839570568343310,20001676750855007921705
2026-06-18 07:31:00,92512189774,-92435090005076230577334,276315,276315,276315,276315,192512189774,99913619463951064621898,20001676750855007921705
2026-06-18 07:32:00,-42863270383,42826192255862308082646,276315,276315,276315,276315,57136729617,99915113914755623711702,20001676750855007921705
2026-06-18 07:33:00,-14442216189,14429018798035924213583,276315,276315,276315,276315,85615506883,99972040013783310126885,20001676750855007921705
2026-06-18 07:34:00,-48505769493,48463647554649499940383,276315,276315,276315,276315,51809550982,100229070914158750902986,20001676750855007921705
2026-06-18 07:35:00,2134164670,-2132350541000000000000,276315,276315,276315,276315,2134164670,0,20001676750855007921705
2026-06-18 07:36:00,-325135793,324856194348285690642,276315,276315,276315,276315,0,324856194348285690642,20001676750855007921705
2026-06-18 07:37:00,-3563913533,3560845371055445758378,276315,276315,276315,276315,270756737,3831371874055445758378,20001676750855007921705
2026-06-18 07:38:00,427522171,-427158648000000000000,276315,276315,276315,276315,427522171,0,20001676750855007921705
2026-06-18 07:39:00,36019068529,-35988506972272581410816,276315,276315,276315,276315,36019068529,0,20001676750855007921705
2026-06-18 07:40:00,513462481500,-513041175166387957717736,276316,276316,276316,276316,540443000029,26958824833612042282264,20001676750855008921304
2026-06-18 07:41:00,-170500517031,170361744691337954421543,276315,276315,276315,276315,0,170361744691337954421543,20001676750855007921705
2026-06-18 07:42:00,-25915490945,25893403216020966796195,276315,276315,276315,276315,74124078824,99956795181862342421411,20001676750855007921705
2026-06-18 07:43:00,-97863176748,97781938733751502399022,276315,276315,276315,276315,2136823252,99916999316751502399022,20001676750855007921705
2026-06-18 07:44:00,-39797248842,39763346013794559162588,276315,276315,276315,276315,60202751158,99916021994794559162587,20001676750855007921705
2026-06-18 07:45:00,-24211669299,24190574224728229246622,276315,276315,276315,276315,75862810539,99990057177771628341320,20001676750855007921705
2026-06-18 07:46:00,3815056656,-3811886357000000000000,276315,276315,276315,276315,3815056656,0,20001676750855007921705
2026-06-18 07:47:00,56746989659,-56700004698000000000000,276315,276315,276315,276315,56746989659,0,20001676750855007921705
2026-06-18 07:49:00,2137497443,-2135733939000000000000,276315,276315,276315,276315,2137497443,0,20001676750855007921705
2026-06-18 07:50:00,153979683,-153852663000000000000,276315,276315,276315,276315,153979683,0,20001676750855007921705
2026-06-18 07:52:00,-48396895096,48356370400410122309391,276315,276315,276315,276315,107266884,48463548280410122309391,20001676750855007921705
2026-06-18 07:53:00,2138840993,-2137066532000000000000,276315,276315,276315,276315,2138840993,0,20001676750855007921705
2026-06-18 07:55:00,5733131981,-5728377820257834448100,276315,276315,276315,276315,5733131981,0,20001676750855007921705
2026-06-18 07:56:00,-7239882263,7233799539529707022185,276315,276315,276315,276315,621735021,7855018700202066783222,20001676750855007921705
2026-06-18 07:57:00,-42673574431,42637640688413318104749,276315,276315,276315,276315,1101086626,43737809011931704887220,20001676750855007921705
2026-06-18 07:58:00,2141545756,-2139760060000000000000,276315,276315,276315,276315,2141545756,0,20001676750855007921705
2026-06-18 07:59:00,225795568,-225607319000000000000,276315,276315,276315,276315,225795568,0,20001676750855007921705
2026-06-18 08:00:00,30832436911,-30806779203000000000000,276315,276315,276315,276315,30832436911,0,20001676750855007921705
2026-06-18 08:02:00,-61629343753,61576963967234722722792,276315,276315,276315,276315,38370656247,99915438855234722722792,20001676750855007921705
2026-06-18 08:03:00,111156518798,-111064194421114572476411,276315,276315,276315,276315,118396595675,7233943558885427523589,20001676750855007921705
2026-06-18 08:04:00,-100000000000,99915933465868229608048,276315,276315,276315,276315,0,99915933465868229608048,20001676750855007921705
2026-06-18 08:05:00,3143907817,-3141281051000000000000,276315,276315,276315,276315,3143907817,0,20001676750855007921705
2026-06-18 08:07:00,119530371829,-119431235197472745132739,276315,276315,276315,276315,119530371829,0,20001676750855007921705
2026-06-18 08:08:00,2146907290,-2145139723000000000000,276315,276315,276315,276315,2146907290,0,20001676750855007921705
2026-06-18 08:11:00,-1367430879,1366291450673082065026,276315,276315,276315,276315,0,1366291450673082065026,20001676750855007921705
2026-06-18 08:12:00,-2393942984,2391947753610081610222,276315,276315,276315,276315,0,2391947753610081610222,20001676750855007921705
2026-06-18 08:13:00,-2562333298,2560168222332468462400,276315,276315,276315,276315,2888878073,5446665926332468462400,20001676750855007921705
2026-06-18 08:15:00,-735000000,734387111850524856496,276315,276315,276315,276315,0,734387111850524856496,20001676750855007921705
2026-06-18 08:16:00,-147532461696,147405985746480639382063,276315,276315,276315,276315,236407604270,383612538557240234498349,20001676750855007921705
2026-06-18 08:17:00,8843812,-8836396000000000000,276315,276315,276315,276315,8843812,0,20001676750855007921705
2026-06-18 08:18:00,133021157457,-132910484289000000000000,276315,276315,276315,276315,133021157457,0,20001676750855007921705
2026-06-18 08:22:00,-21182039552,21163266375728023830131,276315,276315,276315,276315,105731269376,126806491121903066738775,20001676750855007921705
2026-06-18 08:23:00,-671585943,671023492996088731664,276315,276315,276315,276315,0,671023492996088731664,20001676750855007921705
2026-06-18 08:24:00,1854348911,-1852814544271407554782,276315,276315,276315,276315,1854348950,37968363852138,20001676750855007921705
2026-06-18 08:25:00,65337413154,-65283569298000000000000,276315,276315,276315,276315,65337413154,0,20001676750855007921705
2026-06-18 08:26:00,-55207563932,55161481393334951268312,276315,276315,276315,276315,6293923823,61450202317334951268312,20001676750855007921705
2026-06-18 08:27:00,45084346,-45047092000000000000,276315,276315,276315,276315,45084346,0,20001676750855007921705
2026-06-18 08:28:00,65200916856,-65148025655878328551405,276315,276315,276315,276315,142700916856,77434884727121671448595,20001676750855007921705
2026-06-18 08:29:00,25804954828,-25784531980786259630919,276315,276315,276315,276315,95804954828,69941668219213740369081,20001676750855007921705
2026-06-18 08:30:00,-10616732114,10607050812454835211518,276315,276315,276315,276315,89383267886,99917669445454835211518,20001676750855007921705
2026-06-18 08:31:00,1001429314,-1000609887600197035511,276315,276315,276315,276315,1001429314,0,20001676750855007921705
2026-06-18 08:32:00,99998038376,-99916718596054443979722,276315,276315,276315,276315,99998038376,0,20001676750855007921705
2026-06-18 08:33:00,72739320445,-72680795252000000000000,276315,276315,276315,276315,72739320445,0,20001676750855007921705
2026-06-18 08:34:00,360604243496,-360323555428793165205604,276316,276316,276316,276316,525379232165,164648654928904396978474,20001676750855008921304
2026-06-18 08:35:00,-12109913849,12100522151888952568499,276316,276316,276316,276316,0,12100522151888952568499,20001676750855008921304
2026-06-18 08:41:00,19516013,-19501060993328007167,276316,276316,276316,276316,19516013,0,20001676750855008921304
2026-06-18 08:42:00,22126469248,-22109541539821254845426,276316,276316,276316,276316,22126469248,0,20001676750855008921304
2026-06-18 08:43:00,-99868533365,99790742659257544893267,276316,276316,276316,276316,131466635,99922108863439809542642,20001676750855008921304
2026-06-18 08:46:00,266399371851,-266196746011000000000000,276316,276316,276316,276316,266399371851,0,20001676750855008921304
2026-06-18 08:47:00,249083608754,-248901402182525967980918,276316,276316,276316,276316,332802486212,83656022848474032019081,20001676750855008921304
2026-06-18 08:48:00,-49458058714,49421207455042342625647,276316,276316,276316,276316,50541941286,99926258640730089151623,20001676750855008921304
2026-06-18 08:49:00,-101386924643,101311652686081711435333,276316,276316,276316,276316,0,101311652686081711435333,20001676750855008921304
2026-06-18 08:50:00,101084140961,-101010102371375493032083,276316,276316,276316,276316,101084140961,0,20001676750855008921304
2026-06-18 08:52:00,91665440649,-91599916270805813843774,276316,276316,276316,276316,165032799362,73314198939224860133843,20001676750855008921304
2026-06-18 08:53:00,-100023807,99950964895545332320,276316,276316,276316,276316,0,99950964895545332320,20001676750855008921304
2026-06-18 08:54:00,-9930000,9922768183751858845,276316,276316,276316,276316,0,9922768183751858845,20001676750855008921304
2026-06-18 08:55:00,-99849286791,99776074156805458671730,276316,276316,276316,276316,0,99776074156805458671730,20001676750855008921304
2026-06-18 08:56:00,-665986013,665494346954990328861,276316,276316,276316,276316,0,665494346954990328861,20001676750855008921304
2026-06-18 08:57:00,3229502632,-3227151331080237837055,276316,276316,276316,276316,3249165908,19648758206401157963,20001676750855008921304
2026-06-18 08:58:00,216518356795,-216363099621522904885791,276316,276316,276316,276316,218544405538,2024597616749995114209,20001676750855008921304
2026-06-18 08:59:00,389057276,-388782476905838410274,276316,276316,276316,276316,389057276,0,20001676750855008921304
2026-06-18 09:00:00,-55873315874,55832765173862653201926,276316,276316,276316,276316,37319111119,93125239840829849244099,20001676750855008921304
2026-06-18 09:01:00,149539214,-149432761192481226121,276316,276316,276316,276316,149539214,0,20001676750855008921304
2026-06-18 09:03:00,30867851856,-30845925558000000000000,276316,276316,276316,276316,30867851856,0,20001676750855008921304
2026-06-18 09:04:00,-56940799,56899870678077418998,276316,276316,276316,276316,0,56899870678077418998,20001676750855008921304
2026-06-18 09:05:00,44990869254,-44959081498269103498276,276316,276316,276316,276316,45022982874,32090536730896501724,20001676750855008921304
2026-06-18 09:08:00,-34519174303,34494458056340288560997,276316,276316,276316,276316,0,34494458056340288560997,20001676750855008921304
2026-06-18 09:10:00,80053194445,-79996857172085278429809,276316,276316,276316,276316,80053194445,0,20001676750855008921304
2026-06-18 09:11:00,82449343570,-82391989164000000000000,276317,276317,276317,276317,82449343570,0,20001676750855009920952
2026-06-18 09:12:00,-149941385,149836198606032605428,276317,276317,276317,276317,0,149836198606032605428,20001676750855009920952
2026-06-18 09:13:00,-343350795,343109920630004118458,276317,276317,276317,276317,0,343109920630004118458,20001676750855009920952
2026-06-18 09:14:00,110460741137,-110385225473136736406515,276317,276317,276317,276317,137034738442,26555682619863263593485,20001676750855009920952
2026-06-18 09:15:00,76044770358,-75993308684404905386232,276317,276317,276317,276317,76068050064,23263630201127219196,20001676750855009920952
2026-06-18 09:16:00,83003831966,-82948320000000000000000,276317,276317,276317,276317,83003831966,0,20001676750855009920952
2026-06-18 09:17:00,200218863096,-200087890518814591827146,276317,276317,276317,276317,210137460728,9912109481185408172854,20001676750855009920952
2026-06-18 09:18:00,-288057606020,287864010739961644057821,276317,276317,276317,276317,87880266531,375688011719763991678721,20001676750855009920952
2026-06-18 09:19:00,45812197338,-45781451475000000000000,276317,276317,276317,276317,45812197338,0,20001676750855009920952
2026-06-18 09:20:00,1008012215,-1007338066718214916045,276317,276317,276317,276317,1008012215,0,20001676750855009920952
2026-06-18 09:23:00,-18390610970,18377655540857425821338,276317,276317,276317,276317,45652996345,64000226021121524468866,20001676750855009920952
2026-06-18 09:24:00,245122438785,-244961066436000000000000,276317,276317,276317,276317,245122438785,0,20001676750855009920952
2026-06-18 09:26:00,100257367,-100192592161511830044,276317,276317,276317,276317,100257367,0,20001676750855009920952
2026-06-18 09:27:00,-2206701180,2205253176770617819354,276317,276317,276317,276317,0,2205253176770617819354,20001676750855009920952
2026-06-18 09:28:00,54066485667,-54031838350154489332580,276317,276317,276317,276317,69066485667,14990144343845510667420,20001676750855009920952
2026-06-18 09:30:00,186593744191,-186475895304459153321004,276317,276317,276317,276317,186593744191,0,20001676750855009920952
2026-06-18 09:35:00,36368660,-36346030227922351748,276317,276317,276317,276317,36368660,0,20001676750855009920952
2026-06-18 09:36:00,93220297105,-93162725239569484103791,276317,276317,276317,276317,93319797105,99438017704131406580,20001676750855009920952
2026-06-18 09:37:00,-99113564774,99051323677738551510716,276317,276317,276317,276317,886435226,99937215608553968192779,20001676750855009920952
2026-06-18 09:39:00,108388733901,-108321811328999999999999,276317,276317,276317,276317,108388733901,0,20001676750855009920952
2026-06-18 09:40:00,-99215026195,99152813836826222926668,276317,276317,276317,276317,784973805,99937307255111556448612,20001676750855009920952
2026-06-18 09:41:00,42017739140,-41991695295024239957900,276317,276317,276317,276317,42017739140,0,20001676750855009920952
2026-06-18 09:42:00,715260623,-714818810049571342060,276317,276317,276317,276317,715260623,0,20001676750855009920952
2026-06-18 09:43:00,39579966641,-39555597946020000000000,276317,276317,276317,276317,39579966641,0,20001676750855009920952
2026-06-18 09:44:00,33436384,-33415864003503010529,276317,276317,276317,276317,33436384,0,20001676750855009920952
2026-06-18 09:48:00,-100000000000,99937130906440997656510,276317,276317,276317,276317,0,99937130906440997656510,20001676750855009920952
2026-06-18 09:49:00,1882761677,-1881587591513657963404,276317,276317,276317,276317,1882761677,0,20001676750855009920952
2026-06-18 09:51:00,99675098574,-99613447008000000000000,276317,276317,276317,276317,99675098574,0,20001676750855009920952
2026-06-18 09:52:00,35640985126,-35619181172883000000000,276317,276317,276317,276317,35640985126,0,20001676750855009920952
2026-06-18 09:53:00,152007473597,-151917046162309666317360,276318,276318,276318,276318,266158700565,114082839837690333682640,20001676750855010920651
2026-06-18 09:55:00,-39363026719,39339134422601373573178,276317,276318,276317,276318,836991371,40175625027691474511416,20001676750855009920952
2026-06-18 09:57:00,-8776079621,8770731360665175785653,276317,276317,276317,276317,217940181,8988541056546085977791,20001676750855009920952
2026-06-18 09:59:00,218066053,-217935301091717525414,276317,276317,276317,276317,218066053,0,20001676750855009920952
2026-06-18 10:01:00,25621550023,-25606220451733456902939,276318,276318,276317,276318,25621550023,0,20001676750855010920651
2026-06-18 10:02:00,401722185,-401482354670663609239,276318,276318,276318,276318,401722185,0,20001676750855010920651
2026-06-18 10:04:00,-42065137,42039603461683113984,276318,276318,276318,276318,0,42039603461683113984,20001676750855010920651
2026-06-18 10:09:00,-100000000000,99938801891081783123407,276317,276317,276317,276317,0,99938801891081783123407,20001676750855009920952
2026-06-18 10:10:00,324415526,-324218617949036932296,276317,276317,276317,276317,324415526,0,20001676750855009920952
2026-06-18 10:11:00,236034840,-235891583044740479586,276317,276317,276317,276317,236034840,0,20001676750855009920952
2026-06-18 10:12:00,218911386,-218778525864511460022,276317,276317,276317,276317,218911386,0,20001676750855009920952
2026-06-18 10:13:00,24441945,-24427111894636321838,276317,276317,276317,276317,24441945,0,20001676750855009920952
2026-06-18 10:14:00,11665392126,-11658319176000000000000,276317,276317,276317,276317,11665392126,0,20001676750855009920952
2026-06-18 10:16:00,81633980,-81584531689365169739,276317,276317,276317,276317,81633980,0,20001676750855009920952
2026-06-18 10:17:00,2326797987,-2325388851349471995371,276317,276317,276317,276317,2326797987,0,20001676750855009920952
2026-06-18 10:20:00,936539487,-935972460999931384198,276317,276317,276317,276317,936539487,0,20001676750855009920952
2026-06-18 10:21:00,-99657259004,99595430802116081171055,276317,276317,276317,276317,342740996,99937961227284532036992,20001676750855009920952
2026-06-18 10:22:00,254775114371,-254622578146470189531105,276318,276317,276317,276318,354775114371,99936965333500909387807,20001676750855010920651
2026-06-18 10:23:00,-99600668069,99540418136864914528476,276317,276318,276317,276318,399331931,99939512028842347127288,20001676750855009920952
2026-06-18 10:25:00,-79124478774,79075703366924255049710,276317,276317,276317,276317,20875521226,99938724059006033146288,20001676750855009920952
2026-06-18 10:26:00,-3557176947,3554015014924349938168,276317,276317,276317,276317,96442823053,99937741020017246454366,20001676750855009920952
2026-06-18 10:28:00,114184020753,-114116234292906649607523,276317,276318,276317,276318,214184020753,99937689541093350392476,20001676750855009920952
2026-06-18 10:29:00,-99399058170,99338252976607823526154,276317,276317,276317,276317,600941830,99938830234279339704313,20001676750855009920952
2026-06-18 10:30:00,-98367565015,98306408737128454720466,276317,276317,276317,276317,1632434985,99937853558498462802168,20001676750855009920952
2026-06-18 10:31:00,44088599434,-44062516814793637477655,276317,276317,276317,276317,144088599434,99938294004190865981995,20001676750855009920952
2026-06-18 10:32:00,-32309401,32289302274350844422,276317,276317,276317,276317,0,32289302274350844422,20001676750855009920952
2026-06-18 10:33:00,-100000000000,99937294700615525224835,276317,276317,276317,276317,0,99937294700615525224835,20001676750855009920952
2026-06-18 10:34:00,124813181106,-124736318685938401264780,276317,276317,276317,276317,124813181106,0,20001676750855009920952
2026-06-18 10:35:00,-99421547391,99359448351759975647851,276317,276317,276317,276317,578452609,99937543354867651014519,20001676750855009920952
2026-06-18 10:36:00,185835956,-185720830279283197379,276317,276317,276317,276317,185835956,0,20001676750855009920952
2026-06-18 10:37:00,3772884024,-3770547438624428077028,276317,276317,276317,276317,3772884024,0,20001676750855009920952
2026-06-18 10:38:00,5956834332,-5953148098256719623719,276317,276317,276317,276317,5956834332,0,20001676750855009920952
2026-06-18 10:39:00,150598731051,-150506714541783086065397,276317,276317,276317,276317,150598731051,0,20001676750855009920952
2026-06-18 10:40:00,-98965179908,98903967582034289404873,276317,276317,276317,276317,1034820092,99938162892191228924926,20001676750855009920952
2026-06-18 10:42:00,437955686,-437687068583725001820,276317,276317,276317,276317,437955686,0,20001676750855009920952
2026-06-18 10:43:00,317692330,-317497488063120844550,276317,276317,276317,276317,317692330,0,20001676750855009920952
2026-06-18 10:44:00,7445421410,-7440857953000000000000,276317,276317,276317,276317,7445421410,0,20001676750855009920952
2026-06-18 10:45:00,2229871082,-2228505424304430887221,276317,276317,276317,276317,2229871082,0,20001676750855009920952
2026-06-18 10:46:00,10305527220,-10299222177903553465537,276317,276317,276317,276317,10305527220,0,20001676750855009920952
2026-06-18 10:47:00,1100742017,-1100069199102983582382,276317,276317,276317,276317,1100742017,0,20001676750855009920952
2026-06-18 10:48:00,11435893985,-11428911047000000000000,276317,276317,276317,276317,11435893985,0,20001676750855009920952
2026-06-18 10:49:00,52491229647,-52459345277000000000000,276317,276317,276317,276317,52491229647,0,20001676750855009920952
2026-06-18 10:50:00,64245981032,-64207331180103411536660,276317,276317,276317,276317,64245981032,0,20001676750855009920952
2026-06-18 10:51:00,68010795282,-67970329853419762366437,276318,276317,276317,276318,68010795282,0,20001676750855010920651
2026-06-18 10:52:00,2386725059,-2385313391613145026708,276318,276318,276318,276318,2387299582,574177386854973292,20001676750855010920651
2026-06-18 10:53:00,2783583159,-2781937475791866367598,276318,276318,276318,276318,2783583159,0,20001676750855010920651
2026-06-18 10:54:00,835074796,-834581242737559910279,276318,276318,276318,276318,835074796,0,20001676750855010920651
2026-06-18 10:55:00,-1482028100,1481137316766068431132,276318,276318,276318,276318,0,1481137316766068431132,20001676750855010920651
2026-06-18 10:56:00,-26801747163,26785596331668206039943,276318,276318,276318,276318,360782629,27146165695659496984447,20001676750855010920651
2026-06-18 10:57:00,-2414317933,2412859857233184862005,276318,276318,276318,276318,0,2412859857233184862005,20001676750855010920651
2026-06-18 10:59:00,-96194475657,96135907197453278883701,276317,276318,276317,276318,6604825,96142508099129068873047,20001676750855009920952
2026-06-18 11:01:00,100342738,-100282165976289480458,276317,276317,276317,276317,100342738,0,20001676750855009920952
2026-06-18 11:03:00,113948012452,-113880875147176832875538,276318,276317,276317,276318,213948012452,99940272972823167124462,20001676750855010920651
2026-06-18 11:04:00,-168932153883,168828986418707171273006,276317,276317,276317,276317,0,168828986418707171273006,20001676750855009920952
2026-06-18 11:05:00,16564092,-16554002687855356261,276317,276317,276317,276317,16564092,0,20001676750855009920952
2026-06-18 11:06:00,299317839,-299135516825552270213,276317,276317,276317,276317,299317839,0,20001676750855009920952
2026-06-18 11:08:00,748671791,-748215792467540078689,276317,276317,276317,276317,748671791,0,20001676750855009920952
2026-06-18 11:09:00,2011217787,-2009993077066836570330,276317,276317,276317,276317,2011217787,0,20001676750855009920952
2026-06-18 11:10:00,-99850657584,99788367072864532914675,276317,276317,276317,276317,149342416,99937617072864532914675,20001676750855009920952
2026-06-18 11:11:00,502491430,-502180495160293892159,276317,276317,276317,276317,502491430,0,20001676750855009920952
2026-06-18 11:12:00,33035102619,-33014716158707904356085,276317,276317,276317,276317,33035102619,0,20001676750855009920952
2026-06-18 11:13:00,3615468209,-3613243670808815246793,276317,276317,276317,276317,3615468209,0,20001676750855009920952
2026-06-18 11:15:00,97910173088,-97850427000757922164119,276317,276317,276317,276317,97910173088,0,20001676750855009920952
2026-06-18 11:16:00,716912435,-716478499228709920400,276317,276317,276317,276317,716912435,0,20001676750855009920952
2026-06-18 11:17:00,-400389736444,400135198930419425807533,276317,276317,276317,276317,19250782926,419373610112012915933798,20001676750855009920952
2026-06-18 11:18:00,148471890851,-148377190580947142087937,276317,276317,276317,276317,148471890851,0,20001676750855009920952
2026-06-18 11:19:00,471450306,-471153110420271545618,276317,276317,276317,276317,471450306,0,20001676750855009920952
2026-06-18 11:20:00,69198409578,-69155028151315386084001,276317,276317,276317,276317,69198409578,0,20001676750855009920952
2026-06-18 11:21:00,-25150302196,25134337233220770236214,276317,276317,276317,276317,188344854,25322564188146347340664,20001676750855009920952
2026-06-18 11:22:00,298151555,-297964927260557271060,276317,276317,276317,276317,298151555,0,20001676750855009920952
2026-06-18 11:23:00,15520287,-15510573096482604655,276317,276317,276317,276317,15520287,0,20001676750855009920952
2026-06-18 11:24:00,134065474,-133981558818112753032,276317,276317,276317,276317,134065474,0,20001676750855009920952
2026-06-18 11:25:00,-60522785136,60484112027415918910157,276317,276317,276317,276317,257656533,60741607208887028757480,20001676750855009920952
2026-06-18 11:26:00,130878412,-130795703097777837340,276317,276317,276317,276317,130878412,0,20001676750855009920952
2026-06-18 11:28:00,-99986426266,99921740345362610073595,276317,276317,276317,276317,13573734,99935305502279891926155,20001676750855009920952
2026-06-18 11:29:00,-74617852573,74568674482859629129493,276317,276317,276317,276317,25382147427,99934329096067284579693,20001676750855009920952
2026-06-18 11:30:00,42504538744,-42477026533451778454143,276317,276317,276317,276317,42504538744,0,20001676750855009920952
2026-06-18 11:31:00,-100000000000,99933985781389917048066,276317,276317,276317,276317,0,99933985781389917048066,20001676750855009920952
2026-06-18 11:32:00,-1522689037,1520692000173349594505,276317,276317,276317,276317,98477310963,99932986865173349594504,20001676750855009920952
2026-06-18 11:33:00,-52666718365,52631068227416225962449,276317,276317,276317,276317,47333281635,99932971659819929000401,20001676750855009920952
2026-06-18 11:34:00,-41424074244,41395620800090207047167,276317,276317,276317,276317,59123061414,100479212098916943023615,20001676750855009920952
2026-06-18 11:35:00,174684,-174568163485046747,276317,276317,276317,276317,174684,0,20001676750855009920952
2026-06-18 11:38:00,-100000000000,99932031792586579414796,276317,276317,276317,276317,0,99932031792586579414796,20001676750855009920952
2026-06-18 11:39:00,50234438928,-50200672628615288664024,276317,276317,276317,276317,50234438928,0,20001676750855009920952
2026-06-18 11:40:00,1001280360,-1000609888109208310473,276317,276317,276317,276317,1001280360,0,20001676750855009920952
2026-06-18 11:41:00,7963608865,-7959279203237857319976,276317,276317,276317,276317,107963608865,99931544693253220267216,20001676750855009920952
2026-06-18 11:42:00,-15407339282,15396024135425659819322,276317,276317,276317,276317,84592660718,99931683355100633972418,20001676750855009920952
2026-06-18 11:43:00,-98658330988,98590713980448648438908,276317,276317,276317,276317,1341669012,99931470348448648438908,20001676750855009920952
2026-06-18 11:44:00,283350853632,-283162138811921458946991,276317,276317,276317,276317,283366288881,15424611422657400003,20001676750855009920952
2026-06-18 11:46:00,-97830399598,97765150564945886931901,276317,276317,276317,276317,2169600402,99933315255945886931901,20001676750855009920952
2026-06-18 11:47:00,-11875935602,11867071578584871329840,276317,276317,276317,276317,88138721424,99946985173308251783216,20001676750855009920952
2026-06-18 11:48:00,33494902717,-33473774457804662590617,276317,276317,276317,276317,135236183297,101672310878637904012135,20001676750855009920952
2026-06-18 11:49:00,-18480791365,18467586927180098617232,276317,276317,276317,276317,81566676048,99979989532180098617232,20001676750855009920952
2026-06-18 11:50:00,-4735422515,4731290439448403687632,276317,276317,276317,276317,95264577485,99932369384448403687632,20001676750855009920952
2026-06-18 11:51:00,-66044834403,65999909317868246879230,276317,276317,276317,276317,33955165597,99932322087112825457662,20001676750855009920952
2026-06-18 11:52:00,-24203223298,24186017555875192025921,276317,276317,276317,276317,75796776702,99931682436255019343751,20001676750855009920952
2026-06-18 11:53:00,-21228248710,21212986838485999113024,276317,276317,276317,276317,78771751290,99931428050485999113023,20001676750855009920952
2026-06-18 11:54:00,-37652140319,37625733062031450192270,276317,276317,276317,276317,62347859681,99931365783525073127822,20001676750855009920952
2026-06-18 11:55:00,420284392,-420000000000000000000,276317,276317,276317,276317,420284392,0,20001676750855009920952
2026-06-18 11:56:00,100067209921,-100000000000833946202989,276317,276317,276317,276317,100067209921,0,20001676750855009920952
2026-06-18 11:57:00,-98899069038,98831650141863459702223,276317,276317,276317,276317,1100930962,99931836232562453551741,20001676750855009920952
2026-06-18 11:58:00,174421,-174303214531673389,276317,276317,276317,276317,174421,0,20001676750855009920952
2026-06-18 11:59:00,150100422001,-150000000000000000000000,276317,276317,276317,276317,150100422001,0,20001676750855009920952
2026-06-18 12:00:00,-66533834336,66488599431769909627599,276317,276317,276317,276317,33466165664,99932347689769909627599,20001676750855009920952
2026-06-18 12:01:00,-100000000000,99931683088854513921429,276317,276317,276317,276317,0,99931683088854513921429,20001676750855009920952
2026-06-18 12:03:00,-2679326711,2677420253672773005322,276317,276317,276317,276317,6232509848,8905705338672773005322,20001676750855009920952
2026-06-18 12:04:00,-11500818787,11492002309681737681066,276317,276317,276317,276317,89295981213,100726900911681737681065,20001676750855009920952
2026-06-18 12:05:00,-99153392031,99084518365051526955093,276317,276317,276317,276317,846607969,99930551026843210918550,20001676750855009920952
2026-06-18 12:06:00,14078700377,-14069013083286218660518,276317,276317,276317,276317,15073700377,994304348857019188362,20001676750855009920952
2026-06-18 12:07:00,23683135344,-23667866666770141460078,276317,276317,276316,276317,123683135344,99929698316452494178607,20001676750855009920952
2026-06-18 12:08:00,89116246899,-89056534160108966989312,276317,276317,276317,276317,189116246899,99930082174392365882798,20001676750855009920952
2026-06-18 12:09:00,6552374328,-6547941714000000000000,276317,276317,276317,276317,6552374328,0,20001676750855009920952
2026-06-18 12:10:00,-100000000000,99930884971925557811840,276317,276317,276317,276317,0,99930884971925557811840,20001676750855009920952
2026-06-18 12:11:00,8663268747,-8657328181000000000000,276317,276317,276317,276317,8663268747,0,20001676750855009920952
2026-06-18 12:12:00,20791902072,-20778674572241500717895,276317,276317,276317,276317,120791902072,99929980452384201081296,20001676750855009920952
2026-06-18 12:13:00,6945507394,-6940765563896618023106,276317,276317,276317,276317,7045107394,99531026636630132542,20001676750855009920952
2026-06-18 12:14:00,-62364245539,62320863514833051974059,276317,276317,276317,276317,0,62320863514833051974059,20001676750855009920952
2026-06-18 12:16:00,-98553948444,98484569586404634482776,276316,276317,276316,276317,3039651556,101522128059668144602033,20001676750855008921304
2026-06-18 12:17:00,2164170994,-2162659362488330278922,276316,276316,276316,276316,2164170994,0,20001676750855008921304
2026-06-18 12:18:00,44660373687,-44630283009636476179012,276317,276317,276317,276317,144660373687,99930108933363523820988,20001676750855009920952
2026-06-18 12:19:00,-9082275447,9074969724278536121392,276316,276317,276316,276317,90917724553,99929126992952341366149,20001676750855008921304
2026-06-18 12:20:00,-18955442702,18941254850095939982990,276317,276317,276316,276317,81044557298,99929107745095939982989,20001676750855009920952
2026-06-18 12:21:00,-34361919052,34336906486664121760472,276316,276317,276316,276317,67031080948,101320831576664121760471,20001676750855008921304
2026-06-18 12:22:00,-26056935511,26037658679804686591878,276316,276316,276316,276316,73943064489,99928489450380806980225,20001676750855008921304
2026-06-18 12:23:00,-10777834684,10769215417596653367050,276316,276316,276316,276316,93232648632,103935810568533005856522,20001676750855008921304
2026-06-18 12:24:00,39678216995,-39650369147215300891246,276316,276316,276316,276316,39678216995,0,20001676750855008921304
2026-06-18 12:25:00,115503702232,-115424531355453673981155,276317,276317,276317,276317,215503702232,99929903142643022032308,20001676750855009920952
2026-06-18 12:26:00,-37334661983,37307894745966139226740,276316,276317,276316,276317,62665338017,99929668940966139226739,20001676750855008921304
2026-06-18 12:27:00,45865630909,-45834993866728570548553,276317,276317,276317,276317,145865630909,99930753033271429451447,20001676750855009920952
2026-06-18 12:28:00,250352540480,-250184560082921232274534,276317,276317,276317,276317,350352540480,99933253807231279139738,20001676750855009920952
2026-06-18 12:30:00,-20815414534,20800604116085270543627,276317,276317,276317,276317,79184585466,99932254901989622054155,20001676750855009920952
2026-06-18 12:31:00,-442440458229,442132238134057589058056,276316,276316,276316,276317,149354682,442281488134057589058056,20001676750855008921304
2026-06-18 12:32:00,35297263058,-35272308812206082883584,276316,276316,276316,276316,35297263058,0,20001676750855008921304
2026-06-18 12:33:00,160156434,-160043492024366277235,276316,276316,276316,276316,160156434,0,20001676750855008921304
2026-06-18 12:34:00,-53382777391,53343990505082110388968,276316,276316,276316,276316,46617222609,99927981775630390045416,20001676750855008921304
2026-06-18 12:35:00,-54286128902,54246410666930285580580,276316,276316,276316,276316,45713871098,99927448574930285580580,20001676750855008921304
2026-06-18 12:36:00,-43092481966,43060530986377457160476,276316,276316,276316,276316,57599887476,100618879914099463905423,20001676750855008921304
2026-06-18 12:38:00,-10588141605,10579510582859708216871,276316,276316,276316,276316,89411858395,99926475944608646542887,20001676750855008921304
2026-06-18 12:39:00,4731570755,-4729158213228646703836,276316,276316,276316,276316,104731570755,99926370193623535856576,20001676750855008921304
2026-06-18 12:40:00,-65576179100,65527695228187932422669,276316,276316,276316,276316,34423820900,99926417458249893212685,20001676750855008921304
2026-06-18 12:41:00,94925340861,-94857742549849509311963,276316,276316,276316,276316,194925340861,99925762481603665841638,20001676750855008921304
2026-06-18 12:43:00,-65055283804,65007117605620012135739,276316,276316,276316,276316,60154891867,125118252259542940180906,20001676750855008921304
2026-06-18 12:44:00,2672893490,-2670957590000000000000,276316,276316,276316,276316,2672893490,0,20001676750855008921304
2026-06-18 12:45:00,24195943510,-24178451549000000000000,276316,276316,276316,276316,24195943510,0,20001676750855008921304
2026-06-18 12:49:00,-99495015952,99421714461467880056370,276316,276316,276316,276316,523437802,99944769272467880056370,20001676750855008921304
2026-06-18 12:50:00,-27309127230,27288109754339656000153,276316,276316,276316,276316,72690872770,99925693162327540126361,20001676750855008921304
2026-06-18 12:52:00,43580932335,-43550021203743431446436,276316,276316,276316,276316,143580932335,99925062691020895431015,20001676750855008921304
2026-06-18 12:53:00,-26269598681,26249387265571652689384,276316,276316,276316,276316,73730401319,99925497981571652689384,20001676750855008921304
2026-06-18 12:54:00,-100000000000,99925235605952960988861,276316,276316,276316,276316,0,99925235605952960988861,20001676750855008921304
2026-06-18 12:55:00,-47961489081,47924756574513358548096,276316,276316,276316,276316,52038510919,99924756574513358548096,20001676750855008921304
2026-06-18 12:56:00,-8353533791,8346287329126548302442,276316,276316,276316,276316,91646466209,99923757796672666659434,20001676750855008921304
2026-06-18 12:57:00,-24537349847,24517959971104448974039,276316,276316,276316,276316,75462650153,99923674368682664266967,20001676750855008921304
2026-06-18 12:58:00,401070762,-400769678710709439815,276316,276316,276316,276316,401070762,0,20001676750855008921304
2026-06-18 12:59:00,-34351562613,34324717387209378357509,276316,276316,276316,276316,65648437387,99923433307209378357508,20001676750855008921304
2026-06-18 13:00:00,-12762416215,12751757943872852011014,276316,276316,276316,276316,89900102988,102584445931441662993962,20001676750855008921304
2026-06-18 13:01:00,573842980,-573409524814796207631,276316,276316,276316,276316,573842980,0,20001676750855008921304
2026-06-18 13:02:00,99733568959,-99659733298198816964676,276316,276316,276316,276316,199733568959,99922991678488278431587,20001676750855008921304
2026-06-18 13:03:00,-82619421424,82556499456016534799171,276316,276316,276316,276316,17380578576,99923964604751025079107,20001676750855008921304
2026-06-18 13:04:00,929522144,-928821683689188849342,276316,276316,276316,276316,929522144,0,20001676750855008921304
2026-06-18 13:05:00,-30224540260,30200676464888754506872,276316,276316,276316,276316,74172428435,104316845059084890281417,20001676750855008921304
2026-06-18 13:06:00,-42710376742,42677546271118277638566,276316,276316,276316,276316,25862034,42703388629319567837358,20001676750855008921304
2026-06-18 13:07:00,212465107,-212303464394086629288,276316,276316,276316,276316,212465107,0,20001676750855008921304
2026-06-18 13:08:00,-26208000029,26187765066269642283014,276316,276316,276316,276316,0,26187765066269642283014,20001676750855008921304
2026-06-18 13:09:00,-11336434248,11326770449644686578512,276316,276316,276316,276316,89046640752,100305229726644686578512,20001676750855008921304
2026-06-18 13:10:00,-65535270845,65483846256249625113542,276316,276316,276316,276316,45129792824,110578786537439666926513,20001676750855008921304
2026-06-18 13:11:00,-99324316576,99246237213033874410420,276316,276316,276316,276316,675683424,99921392903418768777110,20001676750855008921304
2026-06-18 13:12:00,-6751275506,6745001236020081535121,276316,276316,276316,276316,93248724494,99920400924227943344273,20001676750855008921304
2026-06-18 13:13:00,-64268787469,64217344419987939799214,276316,276316,276316,276316,35731212531,99920338766041710000538,20001676750855008921304
2026-06-18 13:14:00,-54501739908,54457554284371261446206,276316,276316,276316,276316,54042491567,108457554805347161446206,20001676750855008921304
2026-06-18 13:15:00,6410139623,-6406054173333457484777,276316,276316,276315,276316,106410139623,99919167066448109697827,20001676750855008921304
2026-06-18 13:16:00,30652065894,-30627822137431696430892,276316,276316,276316,276316,31990305622,1337167001227972719923,20001676750855008921304
2026-06-18 13:17:00,-100000000000,99919517480912932429126,276315,276315,276315,276315,0,99919517480912932429126,20001676750855007921705
2026-06-18 13:18:00,226622824,-226450244240853920177,276315,276315,276315,276315,1094933011,867607070028788362837,20001676750855007921705
2026-06-18 13:19:00,2620639743,-2618559277873789470419,276315,276315,276315,276315,4140677560,1518806780173198358287,20001676750855007921705
2026-06-18 13:20:00,1112874197,-1111984469528652001788,276315,276315,276315,276315,1112874197,0,20001676750855007921705
2026-06-18 13:21:00,1369442418,-1368347738692371314633,276315,276315,276315,276315,1369442418,0,20001676750855007921705
2026-06-18 13:22:00,-17833235065,17817959959046192968211,276315,276315,276315,276315,82769319534,100520637913127483567978,20001676750855007921705
2026-06-18 13:23:00,-69777453250,69720313924629330220791,276315,276315,276315,276315,30222546750,99918417916606150399567,20001676750855007921705
2026-06-18 13:24:00,35256375365,-35230263697971650989665,276315,276315,276315,276315,266940363260,231494360406028349010335,20001676750855007921705
2026-06-18 13:25:00,-99869503358,99787652846986575790383,276315,276315,276315,276315,728036642,100515103751939620110096,20001676750855007921705
2026-06-18 13:26:00,-100597540000,100514093147436791089004,276315,276315,276315,276315,0,100514093147436791089004,20001676750855007921705
2026-06-18 13:27:00,-68459457880,68401776900306472485206,276315,276315,276315,276315,31540542120,99916068839492820151905,20001676750855007921705
2026-06-18 13:28:00,16152021691,-16138606249527272029784,276315,276315,276315,276315,16152021691,0,20001676750855007921705
2026-06-18 13:29:00,149216563968,-149094859959314781973902,276315,276315,276315,276315,249216563968,99915524802015812707536,20001676750855007921705
2026-06-18 13:30:00,-2527480059,2525391722166594123134,276315,276315,276315,276315,321094941,2846225019398089407304,20001676750855007921705
2026-06-18 13:31:00,865235731,-864530500344376622122,276315,276315,276315,276315,865235731,0,20001676750855007921705
2026-06-18 13:32:00,323464034,-323200406257811096274,276315,276315,276315,276315,323464034,0,20001676750855007921705
2026-06-18 13:33:00,-10123158753,10114802125212926075490,276315,276315,276315,276315,0,10114802125212926075490,20001676750855007921705
2026-06-18 13:35:00,60984015751,-60934437911000000000000,276315,276315,276315,276315,60984015751,0,20001676750855007921705
2026-06-18 13:36:00,34286117793,-34258407506481183379471,276315,276315,276315,276315,34286117793,0,20001676750855007921705
2026-06-18 13:37:00,-99182982060,99101501060667846188585,276315,276315,276315,276315,817017940,99917860113964341636107,20001676750855007921705
2026-06-18 13:38:00,-100000000000,99916861439519887368241,276315,276315,276315,276315,0,99916861439519887368241,20001676750855007921705
2026-06-18 13:39:00,162121292,-161987319000000000000,276315,276315,276315,276315,162121292,0,20001676750855007921705
2026-06-18 13:40:00,15394005257,-15382295099864810177664,276315,276315,276315,276315,115394005257,99915864399083539775717,20001676750855007921705
2026-06-18 13:41:00,-100000000000,99916018137565844048166,276315,276315,276315,276315,0,99916018137565844048166,20001676750855007921705
2026-06-18 13:42:00,-100484262037,100398867568983445300403,276315,276315,276315,276315,0,100398867568983445300403,20001676750855007921705
2026-06-18 13:43:00,101936884959,-101852488289516909833324,276315,276315,276315,276315,222674688974,120636471909471108838645,20001676750855007921705
2026-06-18 13:44:00,-66550937934,66492522784738415134905,276315,276315,276315,276315,198231680855,264555465022870542352376,20001676750855007921705
2026-06-18 13:45:00,-201335865131,201162441334801233293069,276315,276315,276315,276315,0,201162441334801233293069,20001676750855007921705
2026-06-18 13:47:00,148867295,-148739058544592905837,276315,276315,276315,276315,148867295,0,20001676750855007921705
2026-06-18 13:48:00,-98999127892,98912360334275250313294,276315,276315,276315,276315,1000872108,99912360334942247423477,20001676750855007921705
2026-06-18 13:50:00,-96808792712,96722976299555288590533,276315,276315,276315,276315,3191207288,99911376059940938624680,20001676750855007921705
2026-06-18 13:51:00,-26997000301,26972910747179699253741,276315,276315,276315,276315,0,26972910747179699253741,20001676750855007921705
2026-06-18 13:53:00,-149916810387,149781122226141188264720,276314,276315,276314,276315,59298510165,209026470387141188264720,20001676840285400212144
2026-06-18 13:54:00,40441047,-40404706065953835912,276314,276314,276314,276314,40441047,0,20001676840285400212144
2026-06-18 13:56:00,-100000000000,99908638848670129911142,276314,276314,276314,276314,0,99908638848670129911142,20001676840285400212144
2026-06-18 13:57:00,30608719656,-30581954037298973542555,276314,276314,276314,276314,130608719656,99908478827576385226238,20001676840285400212144
2026-06-18 13:59:00,-75847257897,75777270614425972232398,276314,276314,276314,276314,25851023145,101604913170462245114062,20001676840285400212144
2026-06-18 14:00:00,92345126529,-92261229140151187268411,276314,276314,276314,276314,92345126529,0,20001676840285400212144
2026-06-18 14:01:00,180226543167,-180065256459161253146195,276315,276315,276315,276315,180226543167,0,20001676750855007921705
2026-06-18 14:02:00,-100000000000,99909910359165753274466,276315,276315,276315,276315,0,99909910359165753274466,20001676750855007921705
2026-06-18 14:03:00,-97004817069,96916441710520565331448,276314,276315,276314,276315,2995182931,99908941710520565331448,20001676840285400212144
2026-06-18 14:04:00,-130390710641,130270479245976973901495,276314,276314,276314,276314,0,130270479245976973901495,20001676840285400212144
2026-06-18 14:05:00,-87902573501,87820154054543523885280,276314,276314,276314,276314,40811916887,128594139547488837087456,20001676840285400212144
2026-06-18 14:06:00,-111311140,111206798913547674910,276314,276314,276314,276314,0,111206798913547674910,20001676840285400212144
2026-06-18 14:07:00,-328697171,328387079574770852865,276314,276314,276314,276314,197130111,525334365349088404667,20001676840285400212144
2026-06-18 14:08:00,-513161352,512680291672294373878,276314,276314,276314,276314,0,512680291672294373878,20001676840285400212144
2026-06-18 14:09:00,-2568551451,2543179058227372135139,276314,275915,275915,276314,697543930946,699415880207700009426958,20001676840285400212144
2026-06-18 14:10:00,-186942025719,186764589957952773975912,276314,276314,276314,276314,39901627069,226628384117889447795856,20001676840285400212144
2026-06-18 14:11:00,113218404542,-113112898345404166075053,276314,276314,276314,276314,213218404542,99904314053019299517765,20001676840285400212144
2026-06-18 14:12:00,522481638,-522002889959589048594,276314,276314,276314,276314,1502018348,978610956193154788693,20001676840285400212144
2026-06-18 14:13:00,-100901498034,100785437898395961053380,276141,276314,276141,276314,622549494619,722733538650154339351269,4999993390435
2026-06-18 14:14:00,-486769740,486269584169853992258,276314,276314,276314,276314,3531707330,4014638676641069027635,20001676840285400212144
2026-06-18 14:15:00,2013696132,-2011793306414542207276,276314,276314,276314,276314,2013696132,0,20001676840285400212144
2026-06-18 14:17:00,-29896320,29867773456635274530,276314,276314,276314,276314,0,29867773456635274530,20001676840285400212144
2026-06-18 14:18:00,-256653240464,256404890315101930149583,276314,276314,276314,276314,0,256404890315101930149583,20001676840285400212144
2026-06-18 14:19:00,-151799135096,151649151548942478582653,276314,276314,276314,276314,0,151649151548942478582653,20001676840285400212144
2026-06-18 14:21:00,3210502357,-3207338513843784278950,276314,276314,276314,276314,3210502357,0,20001676840285400212144
2026-06-18 14:22:00,-116979789939,116862666170398924281490,276314,276314,276314,276314,1101294817,117962862951634605769052,20001676840285400212144
2026-06-18 14:23:00,914958506,-920824357308462443495,276314,276314,276134,276314,2774821419,1851230283738349880937,20001676840285400212144
2026-06-18 14:24:00,623971828,-623349860809663096875,276314,276314,276314,276314,623971828,0,20001676840285400212144
2026-06-18 14:26:00,-125166562,125040199721021409327,276314,276314,276314,276314,35028438,160033722849146393220,20001676840285400212144
2026-06-18 14:27:00,-858916332,851519681592440927657,276162,276162,276162,276314,2847419490,3696100140342517183913,153761230576560665955
2026-06-18 14:28:00,-698461644,697758406301265139615,276314,276314,276314,276314,0,697758406301265139615,20001676840285400212144
2026-06-18 14:29:00,37745515487,-37707958792004499931136,276314,276314,276314,276314,37745515487,0,20001676840285400212144
2026-06-18 14:30:00,1287882005,-1286603077327576228848,276314,276314,276314,276314,1287882005,0,20001676840285400212144
2026-06-18 14:31:00,8995894018,-8986965274218553033079,276314,276314,276314,276314,8995894018,0,20001676840285400212144
2026-06-18 14:32:00,-3716407459,3638922811394107055849,275809,276035,275672,276314,146627393465,150120463186990403257259,4353844714904235570531
2026-06-18 14:33:00,10376328755,-10366037585137321938828,276314,276314,276314,276314,10376328755,0,20001676840285400212144
2026-06-18 14:34:00,562381685,-561833361455480983475,276314,276314,276314,276314,1476747056,913449806955670570379,20001676840285400212144
2026-06-18 14:35:00,-59784842067,59706443209474816796403,276314,276121,276121,276314,57952815661,117601641527129628927731,20001676840285400212144
2026-06-18 14:37:00,622382346,-631769255363840812281,275800,276314,275800,276314,1137674405,504767525478263756807,4999993390435
2026-06-18 14:38:00,587069328,-586492022416857341550,276314,276314,276314,276314,1387069328,799194365915441879256,20001676840285400212144
2026-06-18 14:39:00,-19860000,19840001372066854601,276314,276314,276314,276314,0,19840001372066854601,20001676840285400212144
2026-06-18 14:40:00,119021618,-118960184382713112385,276314,276314,276314,276314,5846960264,5722172625495075867831,20001676840285400212144
2026-06-18 14:42:00,-325843549,325515438921480558032,276314,276314,276314,276314,0,325515438921480558032,20001676840285400212144
2026-06-18 14:43:00,40039838752,-40000000000000000000000,276314,276314,276314,276314,40039838752,0,20001676840285400212144
2026-06-18 14:44:00,-10000000000,9989965317350658363646,276314,276314,276314,276314,0,9989965317350658363646,20001676840285400212144
2026-06-18 14:45:00,71802939223,-71731826100000000000000,276314,276314,276314,276314,71802939223,0,20001676840285400212144
2026-06-18 14:46:00,2995455492,-2992500000000000000000,276314,276314,276314,276314,2995455492,0,20001676840285400212144
2026-06-18 14:47:00,-79898818141,79818880325933797590986,276314,276314,276314,276314,0,79818880325933797590986,20001676840285400212144
2026-06-18 14:48:00,-578098710,577518006148102681484,276314,276314,276314,276314,0,577518006148102681484,20001676840285400212144
2026-06-18 14:49:00,123347462762,-123225547774950855399157,276314,276314,276314,276314,123347462762,0,20001676840285400212144
2026-06-18 14:51:00,1160233963,-1159094415089152096963,276314,276314,276314,276314,1160233963,0,20001676840285400212144
2026-06-18 14:52:00,2203911797,-2201747769248484687448,276314,276314,276314,276314,2225757797,21824328751515312552,20001676840285400212144
2026-06-18 14:54:00,2184339301,-2182194752000000000000,276314,276314,276314,276314,2184339301,0,20001676840285400212144
2026-06-18 14:55:00,1323820773,-1322521299000000000000,276314,276314,276314,276314,1323820773,0,20001676840285400212144
2026-06-18 14:56:00,-173915860,173743413764954921696,276314,276314,276314,276314,0,173743413764954921696,20001676840285400212144
2026-06-18 14:58:00,186343597398,-186162423456000000000000,276314,276314,276314,276314,186343597398,0,20001676840285400212144
2026-06-18 14:59:00,12597795597,-12585672415442230418169,276314,276314,276314,276314,12597795597,0,20001676840285400212144
2026-06-18 15:00:00,-1493901658,1492449940160136457351,276314,276314,276314,276314,0,1492449940160136457351,20001676840285400212144
2026-06-18 15:02:00,-272975394571,272705743226451164036482,276314,276314,276314,276314,64462315030,337104721814938452108648,20001676840285400212144
2026-06-18 15:03:00,181307051961,-181130582979456375576309,276314,276314,276314,276314,303520650810,122094454342454458474725,20001676840285400212144
2026-06-18 15:05:00,-380978257,380604514290393921676,276314,276314,276314,276314,0,380604514290393921676,20001676840285400212144
2026-06-18 15:06:00,-937683765,936763827704178270562,276314,276314,276314,276314,0,936763827704178270562,20001676840285400212144
2026-06-18 15:07:00,122567704154,-122449424959454458474725,276314,276314,276314,276314,122567704154,0,20001676840285400212144
2026-06-18 15:09:00,40840659208,-40801588366747571683482,276314,276314,276314,276314,41608341850,766938857854094383620,20001676840285400212144
2026-06-18 15:10:00,-113482737421,113372427384788985729644,276314,276314,276314,276314,17860560229,131215943312185324928885,20001676840285400212144
2026-06-18 15:12:00,179643928681,-179471977710715126479134,276314,276314,276314,276314,179643928681,0,20001676840285400212144
2026-06-18 15:14:00,-10095214571,10085184181096952436223,276314,276314,276314,276314,35241571647,45293397973373778791561,20001676840285400212144
2026-06-18 15:15:00,-119999298791,119883378397293705704314,276314,276314,276314,276314,9748673776,129622803320582554940448,20001676840285400212144
2026-06-18 15:16:00,245056243206,-244824374977174459513029,276314,276314,276314,276314,313239705189,68117010929186110954864,20001676840285400212144
2026-06-18 15:18:00,-15896683517,15881621198049489349758,276314,276314,276314,276314,0,15881621198049489349758,20001676840285400212144
2026-06-18 15:19:00,-1443180299,1420339476870161570807,275795,276314,275795,276314,587574877180,588426579930256047676407,12061115218333845976419
2026-06-18 15:20:00,-315417861,315118706565059180760,276314,276314,276314,276314,0,315118706565059180760,20001676840285400212144
2026-06-18 15:22:00,-190076180556,189894098842828018667153,276314,276314,276314,276314,0,189894098842828018667153,20001676840285400212144
2026-06-18 15:23:00,620192182,-619598404799694190826,276314,276314,276314,276314,620192182,0,20001676840285400212144
2026-06-18 15:25:00,12620344408,-12608269924105647188079,276314,276314,276314,276314,12620344408,0,20001676840285400212144
2026-06-18 15:30:00,924189577,-923305986000000000000,276314,276314,276314,276314,924189577,0,20001676840285400212144
2026-06-18 15:32:00,109474562,-109369902356407166396,276314,276314,276314,276314,109474562,0,20001676840285400212144
2026-06-18 15:34:00,1176936060,-1201905686614248340731,276314,276314,275583,276314,414732881348,413126026818797856338693,20001676840285400212144
2026-06-18 15:35:00,58823374566,-58767320081412373884945,276314,276314,276314,276314,58823374566,0,20001676840285400212144
2026-06-18 15:36:00,4589358802,-4585000000000000000000,276314,276314,276314,276314,4589358802,0,20001676840285400212144
2026-06-18 15:39:00,6084540270,-6078764642611486296426,276314,276314,276314,276314,6084540270,0,20001676840285400212144
2026-06-18 15:40:00,4855395569,-4850789333606045208471,276314,276314,276314,276314,4855395569,0,20001676840285400212144
2026-06-18 15:41:00,-4473203985,4468915723411034258166,276314,276314,276314,276314,0,4468915723411034258166,20001676840285400212144
2026-06-18 15:42:00,254787233,-254545472439402301573,276314,276314,276314,276314,254787233,0,20001676840285400212144
2026-06-18 15:43:00,-182823189878,182646220631583060690991,276314,276314,276314,276314,0,182646220631583060690991,20001676840285400212144
2026-06-18 15:44:00,45094320269,-45050810301729241825280,276314,276314,276314,276314,45094320269,0,20001676840285400212144
2026-06-18 15:45:00,205300677857,-205105707260571621269572,276314,276314,276314,276314,260413830223,55059397406428378730428,20001676840285400212144
2026-06-18 15:48:00,781419803,-780683645761577080439,276314,276314,276314,276314,781419803,0,20001676840285400212144
2026-06-18 15:51:00,209902166,-209704433313292437937,276314,276314,276314,276314,209902166,0,20001676840285400212144
2026-06-18 15:52:00,28324476923,-28297834852678318716676,276314,276314,276314,276314,28324476923,0,20001676840285400212144
2026-06-18 15:55:00,50423320109,-50376090051000000000000,276314,276314,276314,276314,50423320109,0,20001676840285400212144
2026-06-18 15:57:00,-5742414469,5736981350909557089899,276314,276314,276314,276314,981342137,6717406812029130972434,20001676840285400212144
2026-06-18 15:58:00,216463458,-216261126176432438389,276314,276314,276314,276314,216463458,0,20001676840285400212144
2026-06-18 16:00:00,-4290717241,4286660807293650499868,276314,276314,276314,276314,209282759,4495747951389192577620,20001676840285400212144
2026-06-18 16:01:00,7205047348,-7198314285458353331547,276314,276314,276314,276314,7408039239,202800166164213551999,20001676840285400212144
2026-06-18 16:02:00,-14097715,14074551105905015181,276314,276314,276314,276314,985902285,999055643590174774048,20001676840285400212144
2026-06-18 16:07:00,566674471,-566144977742053564275,276314,276314,276314,276314,566674471,0,20001676840285400212144
2026-06-18 16:09:00,-940714410,939826000972797922667,276314,276314,276314,276314,0,939826000972797922667,20001676840285400212144
2026-06-18 16:10:00,471062652,-470622477993262698139,276314,276314,276314,276314,471062652,0,20001676840285400212144
2026-06-18 16:12:00,-850428789,849625609941214987975,276314,276314,276314,276314,0,849625609941214987975,20001676840285400212144
2026-06-18 16:15:00,166343935237,-166189869806999999999999,276314,276314,276314,276314,166343935237,0,20001676840285400212144
2026-06-18 16:16:00,-118791071040,118680131548543430269561,276314,276314,276314,276314,1208928960,119887950929177588759786,20001676840285400212144
2026-06-18 16:17:00,68914810463,-68850974537000000000000,276314,276314,276314,276314,68914810463,0,20001676840285400212144
2026-06-18 16:19:00,319416634990,-319126951661327257725687,276315,276314,276314,276315,319416634990,0,20001676750855007921705
2026-06-18 16:22:00,8985501744,-8977500000000000000000,276315,276315,276315,276315,8985501744,0,20001676750855007921705
2026-06-18 16:23:00,-28549695586,28522411807471023179026,276315,276314,276314,276315,154804245414,183187233007341155195192,20001676750855007921705
2026-06-18 16:27:00,-33698060567,33667577539191046438272,276315,276315,276315,276315,0,33667577539191046438272,20001676750855007921705
2026-06-18 16:28:00,-209375601867,209183661192805951885213,276314,276315,276314,276315,0,209183661192805951885213,20001676840285400212144
2026-06-18 16:29:00,77606878601,-77535998930542682701824,276314,276314,276314,276314,77606878601,0,20001676840285400212144
2026-06-18 16:30:00,-100000000000,99907557429762033072652,276314,276314,276314,276314,0,99907557429762033072652,20001676840285400212144
2026-06-18 16:31:00,-99907977970,99814622355665729650788,276314,276314,276314,276314,97022030,99911554212809891626374,20001676840285400212144
2026-06-18 16:32:00,480748534,-481300803455205190864,276314,276314,276314,276314,100480748534,99905561323609833666178,20001676840285400212144
2026-06-18 16:33:00,-90718607171,90632877567577470816852,276314,276314,276314,276314,10264086581,100887339692681547139697,20001676840285400212144
2026-06-18 16:35:00,-32729250629,32697484510448469888334,276314,276314,276314,276314,67270749371,99904660312432979357006,20001676840285400212144
2026-06-18 16:36:00,-6716746360,6709420016332816378295,276314,276314,276314,276314,93283253640,99904333520251097835959,20001676840285400212144
2026-06-18 16:37:00,73480403115,-73412419683444028628298,276314,276314,276314,276314,172718045137,99142642090088767791425,20001676840285400212144
2026-06-18 16:41:00,1158917621,-1157842506810185685438,276314,276314,276314,276314,2002039442,842325198516576761768,20001676840285400212144
2026-06-18 16:42:00,49876376795,-49829871588872029141667,276314,276314,276314,276314,49876376795,0,20001676840285400212144
2026-06-18 16:43:00,1170374311,-1169286026091562711908,276314,276314,276314,276314,1170374311,0,20001676840285400212144
2026-06-18 16:44:00,9678033983,-9669040000000000000000,276314,276314,276314,276314,9678033983,0,20001676840285400212144
2026-06-18 16:46:00,339315162,-339000000000000000000,276314,276314,276314,276314,339315162,0,20001676840285400212144
2026-06-18 16:47:00,-502499874065,502015524596885221049250,276314,276314,276314,276314,0,502015524596885221049250,20001676840285400212144
2026-06-18 16:48:00,237728854428,-237498945028209776932444,276314,276314,276314,276314,237728854428,0,20001676840285400212144
2026-06-18 16:50:00,148930085362,-148791297151749626353317,276314,276314,276314,276314,385986853285,236834284394266873106687,20001676840285400212144
2026-06-18 16:54:00,25147284860,-25123668711793161349186,276314,276314,276314,276314,25147284860,0,20001676840285400212144
2026-06-18 16:55:00,-818890480,818114261957225721689,276314,276314,276314,276314,0,818114261957225721689,20001676840285400212144
2026-06-18 16:56:00,-2321508512,2303384559037613146559,276228,276314,276227,276314,591323348743,593054582867989296906687,4999993390435
2026-06-18 16:57:00,1101241264,-1100208300078250340692,276314,276314,276314,276314,1101241264,0,20001676840285400212144
2026-06-18 16:58:00,33539252,-33507794478060814893,276314,276314,276314,276314,33539252,0,20001676840285400212144
2026-06-18 17:01:00,7361719488,-7354817333207777894810,276314,276314,276314,276314,7361719488,0,20001676840285400212144
2026-06-18 17:02:00,-202367518166,202173528154429856817766,276314,276314,276314,276314,26379813527,228528050570976495569543,20001676840285400212144
2026-06-18 17:03:00,151144950,-151000243431097084335,276314,276314,276314,276314,151144950,0,20001676840285400212144
2026-06-18 17:04:00,132601189,-132474238348694965422,276314,276314,276314,276314,132601189,0,20001676840285400212144
2026-06-18 17:07:00,7947406716,-7939801146196401882835,276314,276314,276314,276314,7947406716,0,20001676840285400212144
2026-06-18 17:08:00,424610599,-424204429948693648005,276314,276314,276314,276314,424610599,0,20001676840285400212144
2026-06-18 17:10:00,-100000000000,99902846883740192844337,276314,276314,276314,276314,0,99902846883740192844337,20001676840285400212144
2026-06-18 17:11:00,1001141751,-1000174164508428483561,276314,276314,276314,276314,1001141751,0,20001676840285400212144
2026-06-18 17:14:00,6677207,-6670754781544563055,276314,276314,276314,276314,6677207,0,20001676840285400212144
2026-06-18 17:17:00,-65014271725,64950579292179116222523,276314,276314,276314,276314,0,64950579292179116222523,20001676840285400212144
2026-06-18 17:19:00,-229211986142,228984067665351803803560,276314,276314,276314,276314,0,228984067665351803803560,20001676840285400212144
2026-06-18 17:20:00,-10093845351,10083687882823452722331,276314,276314,276314,276314,0,10083687882823452722331,20001676840285400212144
2026-06-18 17:23:00,343936412,-343593576538066179507,276314,276314,276314,276314,343936412,0,20001676840285400212144
2026-06-18 17:25:00,124798765,-124674368838958353867,276314,276314,276314,276314,124798765,0,20001676840285400212144
2026-06-18 17:29:00,-2400000000,2397583488118514350355,276314,276314,276314,276314,0,2397583488118514350355,20001676840285400212144
2026-06-18 17:35:00,284874280,-284590261946856560224,276314,276314,276314,276314,284874280,0,20001676840285400212144
2026-06-18 17:42:00,354049044,-353696070007753525111,276314,276314,276314,276314,354049044,0,20001676840285400212144
2026-06-18 17:46:00,-1496155258,1494648613487540657021,276314,276314,276314,276314,0,1494648613487540657021,20001676840285400212144
2026-06-18 17:58:00,1618167612,-1616554276430120223325,276314,276314,276314,276314,1618167612,0,20001676840285400212144
2026-06-18 17:59:00,-1622666206,1621032172690265877471,276314,276314,276314,276314,0,1621032172690265877471,20001676840285400212144
2026-06-18 18:00:00,208895089,-208686803200235360616,276314,276314,276314,276314,208895089,0,20001676840285400212144
2026-06-18 18:02:00,-20853000,20831998918894040750,276314,276314,276314,276314,0,20831998918894040750,20001676840285400212144
2026-06-18 18:03:00,470328790,-469859847669780433735,276314,276314,276314,276314,470328790,0,20001676840285400212144
2026-06-18 18:04:00,130343863,-130213907476221511823,276314,276314,276314,276314,130343863,0,20001676840285400212144
2026-06-18 18:05:00,38847988299,-38809331532326510788608,276314,276314,276314,276314,38847988299,0,20001676840285400212144
2026-06-18 18:06:00,-14457075098,14440162932391529333385,276314,276314,276314,276314,240180654841,254385164976223925624097,20001676840285400212144
2026-06-18 18:08:00,22535502326,-22513116037881965838604,276314,276314,276314,276314,22711293578,175615054107182753061,20001676840285400212144
2026-06-18 18:10:00,-46000000000,45953787568819768174269,276314,276314,276314,276314,0,45953787568819768174269,20001676840285400212144
2026-06-18 18:16:00,-1721000000,1719266952456501890147,276314,276314,276314,276314,0,1719266952456501890147,20001676840285400212144
2026-06-18 18:17:00,18700825,-18682178976192643587,276314,276314,276314,276314,18700825,0,20001676840285400212144
2026-06-18 18:21:00,31550837778,-31520277543954339902850,276314,276314,276314,276314,116558509546,84922690395886292519550,20001676840285400212144
2026-06-18 18:22:00,-31571736578,31539990870717545990678,276314,276314,276314,276314,0,31539990870717545990678,20001676840285400212144
2026-06-18 18:24:00,490722770,-490233484537603835380,276314,276314,276314,276314,490722770,0,20001676840285400212144
2026-06-18 18:29:00,-114901230,114785519012184570411,276314,276314,276314,276314,0,114785519012184570411,20001676840285400212144
2026-06-18 18:32:00,211324663,-211113962127106161527,276314,276314,276314,276314,211324663,0,20001676840285400212144
2026-06-18 18:35:00,301234880,-300934542748990982955,276314,276314,276314,276314,301234880,0,20001676840285400212144
2026-06-18 18:37:00,472840970,-472369555728719597835,276314,276314,276314,276314,472840970,0,20001676840285400212144
2026-06-18 18:38:00,334532630,-334199119787265788557,276314,276314,276314,276314,334532630,0,20001676840285400212144
2026-06-18 18:40:00,120119029621,-120000000000438960311661,276314,276314,276314,276314,120119029621,0,20001676840285400212144
2026-06-18 18:42:00,-79840000,79760564135523289064,276314,276314,276314,276314,0,79760564135523289064,20001676840285400212144
2026-06-18 18:44:00,-118382121696,118263639909508181327182,276314,276314,276314,276314,0,118263639909508181327182,20001676840285400212144
2026-06-18 18:45:00,166542507955,-166378725640179485071982,276314,276314,276314,276314,250246309656,83621274359820514928018,20001676840285400212144
2026-06-18 18:46:00,-141231031100,141090199188962778960129,276314,276314,276314,276314,0,141090199188962778960129,20001676840285400212144
2026-06-18 18:48:00,401421259,-401022160956957409470,276314,276314,276314,276314,401421259,0,20001676840285400212144
2026-06-18 18:54:00,2100732990,-2098644673945117544012,276314,276314,276314,276314,2100732990,0,20001676840285400212144
2026-06-18 18:57:00,65054830,-64990167392300211310,276314,276314,276314,276314,65054830,0,20001676840285400212144
2026-06-18 18:59:00,43457920377,-43414818441439121071654,276314,276314,276314,276314,43457920377,0,20001676840285400212144
2026-06-18 19:01:00,-64986840828,64921657253040363435566,276314,276314,276314,276314,1001607666,65922267140640560471077,20001676840285400212144
2026-06-18 19:14:00,2511281372,-2508780131416375892172,276314,276314,276314,276314,2511281372,0,20001676840285400212144
2026-06-18 19:17:00,40958036,-40917247880795489210,276314,276314,276314,276314,40958036,0,20001676840285400212144
2026-06-18 19:18:00,-9441000000,9431499201190006010773,276314,276314,276314,276314,0,9431499201190006010773,20001676840285400212144
2026-06-18 19:24:00,128944023454,-128816320106507001919182,276314,276314,276314,276314,128944023454,0,20001676840285400212144
2026-06-18 19:25:00,95528633950,-95435094977000000000000,276314,276314,276314,276314,95528633950,0,20001676840285400212144
2026-06-18 19:31:00,-1000000000,999015556760910075983,276314,276314,276314,276314,0,999015556760910075983,20001676840285400212144
2026-06-18 19:33:00,50461247,-50412073489684207798,276314,276314,276314,276314,50461247,0,20001676840285400212144
2026-06-18 19:36:00,79341652539,-79264648618000009658368,276314,276314,276314,276314,79341652539,0,19996423507595018807473
2026-06-18 19:37:00,7106223948,-7099373786471747937292,276314,276314,276314,276314,8708399860,1600612549528252062708,19996423507595018807473
2026-06-18 19:38:00,994707070,-993746368020818949995,276314,276314,276314,276314,994707070,0,19996423507595018807473
2026-06-18 19:39:00,895086552,-894222877905675455974,276314,276314,276314,276314,968026359,72868642094324544026,19996423507595018807473
2026-06-18 19:40:00,20349119638,-20329489672000000000000,276314,276314,276314,276314,20349119638,0,19996423507595018807473
2026-06-18 19:41:00,38625253548,-38588107090662609664924,276314,276314,276314,276314,38625253548,0,19996423507595018807473
2026-06-18 19:42:00,-1002007020,1001035246703738738419,276314,276314,276314,276314,0,1001035246703738738419,19996423507595018807473
2026-06-18 19:45:00,7006732,-7000006627880720795,276314,276314,276314,276314,7006732,0,19996423507595018807473
2026-06-18 19:46:00,166128133,-165968670503029630122,276314,276314,276314,276314,166128133,0,19996423507595018807473
2026-06-18 19:49:00,368499829,-368146125072321131715,276314,276314,276314,276314,368499829,0,19996423507595018807473
2026-06-18 19:51:00,3468464248,-3465136558684864190072,276314,276314,276314,276314,3553520154,84973415845898921697,19996423507595018807473
2026-06-18 19:53:00,-21481762,21460935346329949545,276314,276314,276314,276314,0,21460935346329949545,19996423507595018807473
2026-06-18 19:56:00,-1000285035,999315230571430205269,276314,276314,276314,276314,0,999315230571430205269,19996423507595018807473
2026-06-18 19:58:00,-899291717,898408740665823257322,276314,276314,276314,276314,1101278352,1998630381393411438103,19996423507595018807473
2026-06-18 20:00:00,-1600000000,1598448404533102771168,276314,276314,276314,276314,0,1598448404533102771168,19996423507595018807473
2026-06-18 20:01:00,-41398288857,41358054093284805648497,276314,276314,276314,276314,0,41358054093284805648497,19996423507595018807473
2026-06-18 20:02:00,-910590469,909703547407042817563,276314,276314,276314,276314,0,909703547407042817563,19996423507595018807473
2026-06-18 20:04:00,-2492006291,2489578634892057050799,276314,276314,276314,276314,0,2489578634892057050799,19996423507595018807473
2026-06-18 20:05:00,-9877952859,9868323882927705333195,276314,276314,276314,276314,0,9868323882927705333195,19996423507595018807473
2026-06-18 20:06:00,24367423,-24343901539336509798,276314,276314,276314,276314,24367423,0,19996423507595018807473
2026-06-18 20:07:00,110105679085,-110000000000000000000000,276314,276314,276314,276314,110105679085,0,19996423507595018807473
2026-06-18 20:08:00,938199899,-937304620810995035093,276314,276314,276314,276314,938199899,0,19996423507595018807473
2026-06-18 20:12:00,470312487,-469863724437777305976,276314,276314,276314,276314,470312487,0,19996423507595018807473
2026-06-18 20:13:00,4023838568,-4020000000000000000000,276314,276314,276314,276314,4023838568,0,19996423507595018807473
2026-06-18 20:14:00,-782027135,781273426757307283402,276314,276314,276314,276314,0,781273426757307283402,19996423507595018807473
2026-06-18 20:21:00,98290680,-98196927967748245188,276314,276314,276314,276314,98290680,0,19996423507595018807473
2026-06-18 20:24:00,918943483,-918067015499343308563,276314,276314,276314,276314,918943483,0,19996423507595018807473
2026-06-18 20:25:00,-564333557,563789678585349776150,276314,276314,276314,276314,0,563789678585349776150,19996423507595018807473
2026-06-18 20:31:00,-598594490,598017558116076270051,276314,276314,276314,276314,0,598017558116076270051,19996423507595018807473
2026-06-18 20:32:00,-6926394200,6919715874996893898386,276314,276314,276314,276314,0,6919715874996893898386,19996423507595018807473
2026-06-18 20:33:00,856305136,-855487794976584254288,276314,276314,276314,276314,856305136,0,19996423507595018807473
2026-06-18 20:34:00,-278807429,278538529642539832473,276314,276314,276314,276314,0,278538529642539832473,19996423507595018807473
2026-06-18 20:35:00,-15349412142,15334596280043890739008,276314,276314,276314,276314,0,15334596280043890739008,19996423507595018807473
2026-06-18 20:36:00,-3445332418,3442003612657976368588,276314,276314,276314,276314,0,3442003612657976368588,19996423507595018807473
2026-06-18 20:39:00,-13932878400,13919404665294473901619,276314,276314,276314,276314,0,13919404665294473901619,19996423507595018807473
2026-06-18 20:40:00,7503074268,-7495891000657976368588,276314,276314,276314,276314,7503074268,0,19996423507595018807473
2026-06-18 20:41:00,2132676867,-2130636119000000000000,276314,276314,276314,276314,2132676867,0,19996423507595018807473
2026-06-18 20:45:00,8891626498,-8883123036000000000000,276314,276314,276314,276314,8891626498,0,19996423507595018807473
2026-06-18 20:47:00,-12834712134,12822306970089642098122,276314,276314,276314,276314,0,12822306970089642098122,19996423507595018807473
2026-06-18 20:48:00,99990302774,-99895093203327722472622,276314,276314,276314,276314,100005197774,14880593419766632424,19996423507595018807473
2026-06-18 20:53:00,-63065000000,63004436407291911636195,276314,276314,276314,276314,0,63004436407291911636195,19996423507595018807473
2026-06-18 20:54:00,62906301,-62846320810150373796,276314,276314,276314,276314,62906301,0,19996423507595018807473
2026-06-18 20:56:00,70574497,-70507206208002802181,276314,276314,276314,276314,70574497,0,19996423507595018807473
2026-06-18 20:57:00,1101276053,-1100226067904459306978,276314,276314,276314,276314,1101276053,0,19996423507595018807473
2026-06-18 20:58:00,4968448231,-4963712687000000000000,276314,276314,276314,276314,4968448231,0,19996423507595018807473
2026-06-18 20:59:00,57538042621,-57483381365504838470932,276314,276314,276314,276314,57538042621,0,19996423507595018807473
2026-06-18 21:00:00,50047402,-50000001000000000000,276314,276314,276314,276314,50047402,0,19996423507595018807473
2026-06-18 21:03:00,324618305,-324310857159072651432,276314,276314,276314,276314,324618305,0,19996423507595018807473
2026-06-18 21:04:00,1251843201,-1250657670353476979154,276314,276314,276314,276314,1251843201,0,19996423507595018807473
2026-06-18 21:06:00,57961657705,-57906937741000000000000,276314,276314,276314,276314,57961657705,0,19996423507595018807473
2026-06-18 21:07:00,62558683372,-62500000000000000000000,276314,276314,276314,276314,62558683372,0,19996423507595018807473
2026-06-18 21:08:00,50046790,-50000000000000000000,276314,276314,276314,276314,50046790,0,19996423507595018807473
2026-06-18 21:11:00,22485211755,-22464215037000000000000,276314,276314,276314,276314,22485211755,0,19996423507595018807473
2026-06-18 21:19:00,30209980617,-30181850000000000000000,276314,276314,276314,276314,30209980617,0,19996423507595018807473
2026-06-18 21:23:00,2987297317,-2984520590000000000000,276314,276314,276314,276314,2987297317,0,19996423507595018807473
2026-06-18 21:24:00,51966033682,-51917873251888498536448,276314,276314,276314,276314,51966033682,0,19996423507595018807473
2026-06-18 21:26:00,-85744935,85664834603874357359,276314,276314,276314,276314,0,85664834603874357359,19996423507595018807473
2026-06-18 21:27:00,-9978401000,9923316245611645001568,276314,276314,270255,276314,730029692512,739251249519960104434717,19996423507595018807473
2026-06-18 21:30:00,-546278299,545767426175853561093,276314,276314,276314,276314,0,545767426175853561093,19996423507595018807473
2026-06-18 21:31:00,-419882713593,419374641607670697954171,276314,276314,276309,276314,512338581533,931215479482188151013772,19996423507595018807473
2026-06-18 21:37:00,-63432686,63369541690736508660,276314,276314,276314,276314,247543355,310678603690736508660,19996423507595018807473
2026-06-18 21:39:00,596272365,-595708033000000000000,276314,276314,276314,276314,596272365,0,19996423507595018807473
2026-06-18 21:40:00,20414966512,-20395666517687111471884,276314,276314,276314,276314,20414966512,0,19996423507595018807473
2026-06-18 21:44:00,2160134825,-2158097367840045132564,276314,276314,276314,276314,2386775305,226424235036495720189,19996423507595018807473
2026-06-18 21:45:00,478216571414,-477778489583645761228370,276315,276315,276314,276315,678936377677,200539890660394339905431,19996423418164626517034
2026-06-18 21:46:00,7859488662,-7852449823670280735597,276315,276315,276315,276315,8180167156,320387976329719264403,19996423418164626517034
2026-06-18 21:47:00,-1359104572,1357873686130297063317,276315,276315,276315,276315,0,1357873686130297063317,19996423418164626517034
2026-06-18 21:48:00,470424941,-470003575550641177188,276315,276315,276315,276315,470424941,0,19996423418164626517034
2026-06-18 21:53:00,-8059156396,8051854135636787845907,276315,276315,276315,276315,0,8051854135636787845907,19996423418164626517034
2026-06-18 21:55:00,184681446,-184515882163896224675,276315,276315,276315,276315,184681446,0,19996423418164626517034
2026-06-18 21:59:00,12510090771,-12498883598000000000000,276315,276315,276315,276315,12510090771,0,19996423418164626517034
2026-06-18 22:04:00,-141148990856,141020225426375841230732,276314,276314,276314,276314,0,141020225426375841230732,19996423507595018807473
2026-06-18 22:05:00,-3987305140,3983638756048528739088,276314,276314,276314,276314,0,3983638756048528739088,19996423507595018807473
2026-06-18 22:06:00,220223360882,-220025440823000000000000,276315,276314,276314,276315,220223360882,0,19996423418164626517034
2026-06-18 22:08:00,125164402273,-125054073003000000000000,276315,276315,276315,276315,125164402273,0,19996423418164626517034
2026-06-18 22:11:00,998981128,-998106846426568737122,276315,276315,276315,276315,998981128,0,19996423418164626517034
2026-06-18 22:12:00,100321183,-100233390233013155285,276315,276315,276315,276315,100321183,0,19996423418164626517034
2026-06-18 22:13:00,225878027394,-225682906555101200000000,276315,276315,276315,276315,225878027394,0,19996423418164626517034
2026-06-18 22:15:00,-7170312822,7164123425102538751738,276315,276315,276315,276315,212691578,7376633518713585488065,19996423418164626517034
2026-06-18 22:17:00,-336022513,335732431976905378407,276315,276315,276315,276315,0,335732431976905378407,19996423418164626517034
2026-06-18 22:18:00,497272220,-496847910305153690570,276315,276315,276315,276315,497272220,0,19996423418164626517034
2026-06-18 22:19:00,-350566812,350264181347003102666,276315,276315,276315,276315,0,350264181347003102666,19996423418164626517034
2026-06-18 22:20:00,-15927643702,15913881046123328503438,276315,276315,276315,276315,0,15913881046123328503438,19996423418164626517034
2026-06-18 22:26:00,-70132409,70071753069809080990,276315,276315,276315,276315,0,70071753069809080990,19996423418164626517034
2026-06-18 22:28:00,33964118484,-33935140697808900000000,276315,276315,276315,276315,33964118484,0,19996423418164626517034
2026-06-18 22:29:00,704011170,-703411735389362024173,276315,276315,276315,276315,704011170,0,19996423418164626517034
2026-06-18 22:31:00,848693390,-847970831000000000000,276315,276315,276315,276315,848693390,0,19996423418164626517034
2026-06-18 22:34:00,12290988268,-12280532043000000000000,276315,276315,276315,276315,12290988268,0,19996423418164626517034
2026-06-18 22:35:00,431689833,-431322859224813807729,276315,276315,276315,276315,431689833,0,19996423418164626517034
2026-06-18 22:36:00,330322910,-330042119539317034125,276315,276315,276315,276315,330322910,0,19996423418164626517034
2026-06-18 22:39:00,1982206066,-1980521781632313100445,276315,276315,276315,276315,2028152738,45907156367686899555,19996423418164626517034
2026-06-18 22:40:00,149294360837,-149168598496000000000000,276315,276315,276315,276315,149294360837,0,19996423418164626517034
2026-06-18 22:41:00,2747205073,-2744911749000000000000,276315,276315,276315,276315,2747205073,0,19996423418164626517034
2026-06-18 22:43:00,-398000000,397663825785499366435,276315,276315,276315,276315,0,397663825785499366435,19996423418164626517034
2026-06-18 22:44:00,-640382000,639841062387148135531,276315,276315,276315,276315,0,639841062387148135531,19996423418164626517034
2026-06-18 22:46:00,-2537135951,2534992402162866244440,276315,276315,276315,276315,0,2534992402162866244440,19996423418164626517034
2026-06-18 22:50:00,480606805,-480205508081091427349,276315,276315,276315,276315,480606805,0,19996423418164626517034
2026-06-18 22:55:00,972638593,-971826530246631503594,276315,276315,276315,276315,972638593,0,19996423418164626517034
2026-06-18 22:59:00,14013998992,-14002309083861000000000,276315,276315,276315,276315,14013998992,0,19996423418164626517034
2026-06-18 23:00:00,-12694409834,12683671634866436570438,276315,276315,276315,276315,2305590166,14987340450877944312152,19996423418164626517034
2026-06-18 23:03:00,71114712242,-71055603431000000000000,276315,276315,276315,276315,71114712242,0,19996423418164626517034
2026-06-18 23:05:00,750909065,-750287623431912046470,276315,276315,276315,276315,750909065,0,19996423418164626517034
2026-06-18 23:18:00,-4477574112,4473818557373467054368,276315,276315,276315,276315,440642040,4914095738588510804946,19996423418164626517034
2026-06-18 23:19:00,214661305,-214483569505078010654,276315,276315,276315,276315,214661305,0,19996423418164626517034
2026-06-18 23:22:00,500414317,-500000000000000000000,276315,276315,276315,276315,500414317,0,19996423418164626517034
2026-06-18 23:26:00,88403931681,-88331130252107429553755,276315,276315,276315,276315,88403931681,0,19996423418164626517034
2026-06-18 23:27:00,-4695241642,4691347784650886194937,276315,276315,276315,276315,0,4691347784650886194937,19996423418164626517034
2026-06-18 23:28:00,-50109970024,50068275669328027056634,276315,276315,276315,276315,0,50068275669328027056634,19996423418164626517034
2026-06-18 23:29:00,-3274473674,3271738588122353951818,276315,276315,276315,276315,180628984,3452218588122353951818,19996423418164626517034
2026-06-18 23:30:00,-25677618,25656179447001931245,276315,276315,276315,276315,0,25656179447001931245,19996423418164626517034
2026-06-18 23:31:00,-1549961455,1548667287221535183517,276315,276315,276315,276315,0,1548667287221535183517,19996423418164626517034
2026-06-18 23:32:00,3833267691,-3830109389032019432933,276315,276315,276315,276315,4194643671,361074208382226967012,19996423418164626517034
2026-06-18 23:34:00,-81818487779,81749820510057460734443,276315,276315,276315,276315,4221439853,85967743681533034960651,19996423418164626517034
2026-06-18 23:35:00,-14895000,14882445445327986397,276315,276315,276315,276315,0,14882445445327986397,19996423418164626517034
2026-06-18 23:36:00,-25482625303,25461115197056845311454,276315,276315,276315,276315,0,25461115197056845311454,19996423418164626517034
2026-06-18 23:38:00,-4445410118,4441651062943870957661,276315,276315,276315,276315,0,4441651062943870957661,19996423418164626517034
2026-06-18 23:39:00,-27651217356,27627791063432830490912,276315,276315,276315,276315,0,27627791063432830490912,19996423418164626517034
2026-06-18 23:44:00,-19985305294,19968326063212942356520,276315,276315,276315,276315,0,19968326063212942356520,19996423418164626517034
2026-06-18 23:46:00,-280183615,279945291324253619566,276315,276315,276315,276315,0,279945291324253619566,19996423418164626517034
2026-06-18 23:47:00,-527743103,527294184246367915201,276315,276315,276315,276315,0,527294184246367915201,19996423418164626517034
2026-06-18 23:48:00,1986972823,-1985317409506093876242,276315,276315,276315,276315,3466565507,1478333937493906123758,19996423418164626517034
2026-06-18 23:53:00,913956268,-913193310328959534094,276315,276315,276315,276315,1429993769,515598671229078952793,19996423418164626517034
2026-06-18 23:54:00,-105362956797,105272752874127443403955,276315,276315,276315,276315,5150442460,110418811457753064944131,19996423418164626517034
2026-06-18 23:55:00,27343857271,-27320639235561467232471,276315,276315,276315,276315,28517609330,1172741507438532767529,19996423418164626517034
2026-06-18 23:57:00,1101173322,-1100239393962421273797,276315,276315,276315,276315,1101173322,0,19996423418164626517034
