timestamp,netAmount0,netAmount1,closeTick,openTick,lowestTick,highestTick,inAmount0,inAmount1,currentLiquidity
2026-02-27 00:00:00,-2551817245,2551999309684932647970,276324,276324,276324,276324,0,2551999309684932647970,200066494227105597812
2026-02-27 00:01:00,-44502637,44505234081923264362,276324,276324,276324,276324,0,44505234081923264362,200066494227105597812
2026-02-27 00:04:00,327870924,-327898758901078854041,276324,276324,276324,276324,823107166,495263811405245074880,200066494227105597812
2026-02-27 00:10:00,-2699309007,2699438387866499878328,276324,276324,276324,276324,0,2699438387866499878328,200066494227105597812
2026-02-27 00:11:00,1743495770,-1743591790898195959773,276324,276324,276324,276324,2078025369,334547509677964412820,200066494227105597812
2026-02-27 00:13:00,-56695052,56697976107591237465,276324,276324,276324,276324,0,56697976107591237465,200066494227105597812
2026-02-27 00:14:00,-979560112,979596957653874994049,276324,276324,276324,276324,860990968,1840628569937584060711,200066494227105597812
2026-02-27 00:15:00,20751543,-20754411753949554915,276324,276324,276324,276324,200391542,179647293560536387018,200066494227105597812
2026-02-27 00:16:00,422514240,-422536984050917864758,276324,276324,276324,276324,422514240,0,200066494227105597812
2026-02-27 00:20:00,1789625827,-1789749337137987650453,276324,276324,276324,276324,2528186527,738610570562085262140,200066494227105597812
2026-02-27 00:22:00,-231424441,231438944758570601553,276324,276324,276324,276324,0,231438944758570601553,200066494227105597812
2026-02-27 00:25:00,-414322737,414323934914154178213,276324,276324,276324,276324,2342922100,2757422240361339284463,200066494227105597812
2026-02-27 00:26:00,3381404123,-3381689110244405278557,276324,276324,276324,276324,3381404123,0,200066494227105597812
2026-02-27 00:29:00,-1166855195,1166950134849733131685,276324,276324,276324,276324,464904609,1631895281412756896486,200066494227105597812
2026-02-27 00:31:00,-666035407,666085149766905946026,276324,276324,276324,276324,99990999,766085149766905946026,200066494227105597812
2026-02-27 00:33:00,856636738,-875557431447772976196,276324,276732,276324,276733,102376731077,101583981371923075635277,200066494227105597812
2026-02-27 00:36:00,-624418920,624465141159029379852,276324,276324,276324,276324,0,624465141159029379852,200066494227105597812
2026-02-27 00:37:00,-2491850361,2491996000147664471926,276324,276324,276324,276324,0,2491996000147664471926,200066494227105597812
2026-02-27 00:38:00,4948906350,-4949305874957488727864,276325,276325,276325,276325,4948906350,0,200066494227105597812
2026-02-27 00:39:00,-450000000,450041948467014762972,276324,276324,276324,276324,0,450041948467014762972,200066494227105597812
2026-02-27 00:40:00,419970089,-420013375884851432839,276325,276325,276325,276325,419970089,0,200066494227105597812
2026-02-27 00:41:00,-98510064,98519390059866061920,276325,276325,276325,276325,0,98519390059866061920,200066494227105597812
2026-02-27 00:42:00,-5897964316,5898345912147033082195,276324,276324,276324,276324,0,5898345912147033082195,200066494227105597812
2026-02-27 00:43:00,3805659413,-3805903895877683807546,276324,276324,276324,276324,3805659413,0,200066494227105597812
2026-02-27 00:45:00,-1948555988,1948679768388033385000,276324,276324,276324,276324,0,1948679768388033385000,200066494227105597812
2026-02-27 00:46:00,1735300708,-1735431302504262786451,276324,276324,276324,276324,2220788446,485519263395271072165,200066494227105597812
2026-02-27 00:47:00,569657674,-569705515101058338504,276324,276324,276324,276324,569657674,0,200066494227105597812
2026-02-27 00:49:00,-250000000,250018894604007925360,276324,276324,276324,276324,0,250018894604007925360,200066494227105597812
2026-02-27 00:57:00,619912227,-619966425000000000000,276324,276324,276324,276324,619912227,0,200066494227105597812
2026-02-27 00:58:00,-11887053,11888008951523077209,276324,276324,276324,276324,0,11888008951523077209,200066494227105597812
2026-02-27 01:01:00,-53498187,53502473846954894882,276324,276324,276324,276324,0,53502473846954894882,200066494227105597812
2026-02-27 01:03:00,-331451938,331477862064084881262,276324,276324,276324,276324,0,331477862064084881262,200066494227105597812
2026-02-27 01:05:00,-248050000,248068682129145817795,276324,276324,276324,276324,0,248068682129145817795,200066494227105597812
2026-02-27 01:06:00,1010944319,-1011034428811099240004,276324,276324,276324,276324,1010944319,0,200066494227105597812
2026-02-27 01:07:00,-1438821618,1438932397428365712545,276324,276324,276324,276324,0,1438932397428365712545,200066494227105597812
2026-02-27 01:08:00,-1732096110,1732202014804029920594,276324,276324,276324,276324,0,1732202014804029920594,200066494227105597812
2026-02-27 01:10:00,160381610,-160391760288642621160,276324,276324,276324,276324,160381610,0,200066494227105597812
2026-02-27 01:11:00,873822998,-873882817000000000000,276324,276324,276324,276324,873822998,0,200066494227105597812
2026-02-27 01:15:00,516301194,-516340126477353533138,276324,276324,276324,276324,516301194,0,200066494227105597812
2026-02-27 01:17:00,-1441486007,1417813638633437781979,276324,276324,276182,276324,119638673341,120992205496987035228321,200066494227105597812
2026-02-27 01:18:00,388268402,-388300205000000000000,276324,276324,276324,276324,388268402,0,200066494227105597812
2026-02-27 01:19:00,245808411,-245831507055224122858,276324,276324,276324,276324,463938411,218146882170788995775,200066494227105597812
2026-02-27 01:20:00,-30019163,30021448238980677477,276324,276324,276324,276324,0,30021448238980677477,200066494227105597812
2026-02-27 01:21:00,471269800,-471313617335140659952,276324,276324,276324,276324,688637864,217384348939781031015,200066494227105597812
2026-02-27 01:22:00,-72724747,72730589364535429317,276324,276324,276324,276324,0,72730589364535429317,200066494227105597812
2026-02-27 01:23:00,-993000,993079390815572380,276324,276324,276324,276324,0,993079390815572380,200066494227105597812
2026-02-27 01:25:00,444278929,-444319893000000000000,276324,276324,276324,276324,444278929,0,200066494227105597812
2026-02-27 01:28:00,-399959405,399992370750848414057,276324,276324,276324,276324,0,399992370750848414057,200066494227105597812
2026-02-27 01:32:00,40913101,-40918808022329831920,276324,276324,276324,276324,240713101,199816349977670168080,200066494227105597812
2026-02-27 01:33:00,113971375,-113981792965573302603,276324,276324,276324,276324,113971375,0,200066494227105597812
2026-02-27 01:35:00,714207156,-714275673895117142634,276324,276324,276324,276324,742186185,27981526104882857366,200066494227105597812
2026-02-27 01:38:00,-1854625063,1854773138857186892684,276324,276324,276324,276324,0,1854773138857186892684,200066494227105597812
2026-02-27 01:40:00,201357073,-201373500000000000000,276324,276324,276324,276324,201357073,0,200066494227105597812
2026-02-27 01:43:00,-681269896,681317024467644242397,276324,276324,276324,276324,0,681317024467644242397,200066494227105597812
2026-02-27 01:44:00,-999913984,999974752758703944659,276324,276324,276324,276324,0,999974752758703944659,200066494227105597812
2026-02-27 01:46:00,8725256,-8725831000000000000,276324,276324,276324,276324,8725256,0,200066494227105597812
2026-02-27 01:48:00,399972856,-400000000000000000000,276324,276324,276324,276324,399972856,0,200066494227105597812
2026-02-27 01:49:00,476824250,-476858699000000000000,276324,276324,276324,276324,476824250,0,200066494227105597812
2026-02-27 01:50:00,-208228272,208241512020422629030,276324,276324,276324,276324,0,208241512020422629030,200066494227105597812
2026-02-27 01:51:00,1248036869,-1248135199000000000000,276324,276324,276324,276324,1248036869,0,200066494227105597812
2026-02-27 01:57:00,721396001,-721459939967231992463,276324,276324,276324,276324,721396001,0,200066494227105597812
2026-02-27 01:59:00,-2107475503,2107626613277955790156,276324,276324,276324,276324,0,2107626613277955790156,200066494227105597812
2026-02-27 02:00:00,49553864,-49557403000000000000,276324,276324,276324,276324,49553864,0,200066494227105597812
2026-02-27 02:01:00,610413917,-610459525000000000000,276324,276324,276324,276324,610413917,0,200066494227105597812
2026-02-27 02:05:00,-224931601,224944570160285408228,276324,276324,276324,276324,201991094,426950714160285408228,200066494227105597812
2026-02-27 02:06:00,1020880924,-1020963229000000000000,276324,276324,276324,276324,1020880924,0,200066494227105597812
2026-02-27 02:07:00,-3973145458,3958378505903181011977,276324,276324,276238,276324,116697490270,120591345714198203472905,200066494227105597812
2026-02-27 02:09:00,4424900455,-4425273360965184476118,276325,276324,276324,276325,4424900455,0,200066494227105597812
2026-02-27 02:10:00,-2227921985,2228108550671695546852,276324,276324,276324,276324,337649798,2565786181724511677705,200066494227105597812
2026-02-27 02:11:00,872465204,-872542401504651596789,276324,276324,276324,276324,872465204,0,200066494227105597812
2026-02-27 02:13:00,-287680246,287703663560089995529,276324,276324,276324,276324,0,287703663560089995529,200066494227105597812
2026-02-27 02:14:00,-659936815,659987409645710841750,276324,276324,276324,276324,0,659987409645710841750,200066494227105597812
2026-02-27 02:15:00,449990340,-450028868000000000000,276324,276324,276324,276324,449990340,0,200066494227105597812
2026-02-27 02:16:00,455828856,-455869947287350467998,276324,276324,276324,276324,455828856,0,200066494227105597812
2026-02-27 02:17:00,-3238220409,3238424013573855293611,276324,276325,276324,276325,1087907584,4326438064335490990369,200066494227105597812
2026-02-27 02:19:00,701777405,-701822010000000000000,276324,276324,276324,276324,701777405,0,200066494227105597812
2026-02-27 02:20:00,2873418073,-2873681911184287525877,276324,276324,276324,276324,5858591938,2985299669815712474122,200066494227105597812
2026-02-27 02:21:00,557672287,-557727264075565947952,276324,276324,276324,276324,557672287,0,200066494227105597812
2026-02-27 02:22:00,-360686753,360708082144986260396,276324,276324,276324,276325,1097317880,1458132898144986260396,200066494227105597812
2026-02-27 02:23:00,-3850963521,3851227358464130951303,276324,276324,276324,276324,0,3851227358464130951303,200066494227105597812
2026-02-27 02:24:00,2537849389,-2538031986015680888932,276324,276324,276324,276324,2537849389,0,200066494227105597812
2026-02-27 02:25:00,80558620,-80566764800145905578,276324,276324,276324,276324,209843371,129294587199854094422,200066494227105597812
2026-02-27 02:26:00,-1195015286,1195098298165440518564,276324,276324,276324,276324,0,1195098298165440518564,200066494227105597812
2026-02-27 02:27:00,377585338,-377613802000000000000,276324,276324,276324,276324,377585338,0,200066494227105597812
2026-02-27 02:28:00,389249048,-389281980176252562592,276324,276324,276324,276324,598993139,209759235823747437408,200066494227105597812
2026-02-27 02:30:00,-1264956223,1265038237169492627510,276324,276324,276324,276324,0,1265038237169492627510,200066494227105597812
2026-02-27 02:32:00,17488701,-17489901175458125769,276324,276324,276324,276324,17488701,0,200066494227105597812
2026-02-27 02:35:00,338685976,-338709814000000000000,276324,276324,276324,276324,338685976,0,200066494227105597812
2026-02-27 02:36:00,-480350515,480379178335140065392,276324,276324,276324,276324,0,480379178335140065392,200066494227105597812
2026-02-27 02:37:00,280902594,-280921886000000000000,276324,276324,276324,276324,280902594,0,200066494227105597812
2026-02-27 02:38:00,126023061,-126031973000000000000,276324,276324,276324,276324,126023061,0,200066494227105597812
2026-02-27 02:45:00,384748403,-384776591000000000000,276324,276324,276324,276324,384748403,0,200066494227105597812
2026-02-27 02:47:00,27194154,-27196203000000000000,276324,276324,276324,276324,27194154,0,200066494227105597812
2026-02-27 02:48:00,-203002868,203015949132792824858,276324,276324,276324,276324,0,203015949132792824858,200066494227105597812
2026-02-27 02:51:00,24823174,-24825000000000000000,276324,276324,276324,276324,24823174,0,200066494227105597812
2026-02-27 02:53:00,1060658143,-1060741914262983521912,276324,276324,276324,276324,1060658143,0,200066494227105597812
2026-02-27 02:54:00,9874464,-9875297694042275015,276324,276324,276324,276324,9874464,0,200066494227105597812
2026-02-27 02:56:00,873802502,-873880051643976980598,276324,276324,276324,276324,873802502,0,200066494227105597812
2026-02-27 02:57:00,-12055095,12056095514211063155,276324,276324,276324,276324,0,12056095514211063155,200066494227105597812
2026-02-27 02:58:00,-990000000,990077265582072084340,276324,276324,276324,276324,0,990077265582072084340,200066494227105597812
2026-02-27 03:00:00,494568413,-494610734187352765016,276324,276324,276324,276324,494568413,0,200066494227105597812
2026-02-27 03:02:00,875038071,-875118940112606340441,276324,276324,276324,276324,875038071,0,200066494227105597812
2026-02-27 03:03:00,-3309008539,3309240992384381024073,276324,276324,276324,276324,0,3309240992384381024073,200066494227105597812
2026-02-27 03:04:00,1414678451,-1414778582994844668655,276324,276324,276324,276324,1414678451,0,200066494227105597812
2026-02-27 03:06:00,148744022,-148762953298622807649,276324,276324,276324,276324,872686734,723989212278425233474,200066494227105597812
2026-02-27 03:07:00,557351048,-557396821109620926260,276324,276324,276324,276324,557351048,0,200066494227105597812
2026-02-27 03:10:00,-325546825,325570681874222355788,276324,276324,276324,276324,0,325570681874222355788,200066494227105597812
2026-02-27 03:12:00,-9826491,9827193775916648301,276324,276324,276324,276324,0,9827193775916648301,200066494227105597812
2026-02-27 03:13:00,-380425080,380451578008979253750,276324,276324,276324,276324,0,380451578008979253750,200066494227105597812
2026-02-27 03:14:00,-85535185,85540943479663722985,276324,276324,276324,276324,0,85540943479663722985,200066494227105597812
2026-02-27 03:15:00,-260135669,260152733259869406549,276324,276324,276324,276324,0,260152733259869406549,200066494227105597812
2026-02-27 03:18:00,-424900113,424926530417289785315,276324,276324,276324,276324,0,424926530417289785315,200066494227105597812
2026-02-27 03:19:00,51546640,-51550264580592924807,276324,276324,276324,276324,51546640,0,200066494227105597812
2026-02-27 03:22:00,117790886,-117799268364742043511,276324,276324,276324,276324,117790886,0,200066494227105597812
2026-02-27 03:23:00,-497054,497084173806187404,276324,276324,276324,276324,0,497084173806187404,200066494227105597812
2026-02-27 03:26:00,633529739,-633577195000000000000,276324,276324,276324,276324,633529739,0,200066494227105597812
2026-02-27 03:27:00,197384027,-197399633000000000000,276324,276324,276324,276324,197384027,0,200066494227105597812
2026-02-27 03:30:00,215240578,-215258039000000000000,276324,276324,276324,276324,215240578,0,200066494227105597812
2026-02-27 03:31:00,-184903632,184916629034046523023,276324,276324,276324,276324,18095357,203013439034046523023,200066494227105597812
2026-02-27 03:33:00,556041731,-556087955327167153783,276324,276324,276324,276324,556041731,0,200066494227105597812
2026-02-27 03:35:00,-663219043,663262378197627042509,276324,276324,276324,276324,480833260,1144138102136062889376,200066494227105597812
2026-02-27 03:36:00,76348132,-85930484989898846207,276324,276324,276324,276904,102449881856,102437485072094498213488,200066494227105597812
2026-02-27 03:39:00,-556972003,557008667920123852764,276324,276324,276324,276324,0,557008667920123852764,200066494227105597812
2026-02-27 03:41:00,189375052,-189389065000000000000,276324,276324,276324,276324,189375052,0,200066494227105597812
2026-02-27 03:42:00,16499295,-16500533000000000000,276324,276324,276324,276324,16499295,0,200066494227105597812
2026-02-27 03:43:00,912675659,-912748369000000000000,276324,276324,276324,276324,912675659,0,200066494227105597812
2026-02-27 03:49:00,-2017875910,2009067934772567024256,276324,276247,276247,276324,117244657654,119189241638091521073792,200066494227105597812
2026-02-27 03:51:00,99900910,-99908371000000000000,276324,276324,276324,276324,99900910,0,200066494227105597812
2026-02-27 03:52:00,-2515654176,2515786507172027082715,276324,276324,276324,276324,0,2515786507172027082715,200066494227105597812
2026-02-27 03:53:00,188391082,-188400685000000000000,276324,276324,276324,276324,188391082,0,200066494227105597812
2026-02-27 03:54:00,-2530892432,2530966487775603850489,276324,276324,276324,276324,0,2530966487775603850489,200066494227105597812
2026-02-27 03:55:00,9732633659,-9733366154452862303509,276325,276324,276324,276325,9732633659,0,200066494227105597812
2026-02-27 03:56:00,-3960162556,3960483028608888220677,276324,276325,276324,276325,5223903927,9184771461968873599679,200066494227105597812
2026-02-27 03:57:00,1359489736,-1359613609822320734256,276324,276324,276324,276324,1359489736,0,200066494227105597812
2026-02-27 03:58:00,-670557201,670613902885498388480,276324,276324,276324,276324,0,670613902885498388480,200066494227105597812
2026-02-27 03:59:00,-962586553,962660091001960462167,276324,276324,276324,276324,0,962660091001960462167,200066494227105597812
2026-02-27 04:00:00,-982424484,982489984778818168590,276324,276324,276324,276324,0,982489984778818168590,200066494227105597812
2026-02-27 04:01:00,1999836492,-2000000000000000000000,276324,276324,276324,276324,1999836492,0,200066494227105597812
2026-02-27 04:02:00,-100991068,100999273640480768788,276324,276324,276324,276324,0,100999273640480768788,200066494227105597812
2026-02-27 04:04:00,-3473998148,3474218332666252147971,276324,276324,276324,276324,0,3474218332666252147971,200066494227105597812
2026-02-27 04:05:00,1025481655,-1025544355000000000000,276324,276324,276324,276324,1025481655,0,200066494227105597812
2026-02-27 04:07:00,397172891,-397200000000000000000,276324,276324,276324,276324,397172891,0,200066494227105597812
2026-02-27 04:08:00,2003229028,-2003389793000000000000,276324,276324,276324,276324,2003229028,0,200066494227105597812
2026-02-27 04:09:00,-1262168884,581104032419423991558,276324,228128,228116,276324,118922666774,119369788909129067249579,200066494227105597812
2026-02-27 04:10:00,-6159413594,6159682862000717182725,276324,276324,276324,276324,0,6159682862000717182725,200066494227105597812
2026-02-27 04:11:00,5796608089,-5796910597219167273022,276324,276324,276324,276324,5960752335,164156014780832726977,200066494227105597812
2026-02-27 04:12:00,-92523165,92529679768739077943,276324,276324,276324,276324,0,92529679768739077943,200066494227105597812
2026-02-27 04:13:00,-265841470,265856712265433218209,276324,276324,276324,276324,299973179,565854325589908016066,200059744540378135492
2026-02-27 04:14:00,-134170212,134174564426608127386,276324,276324,276324,276324,458453708,592662044720941230499,200059744540378135492
2026-02-27 04:15:00,-100156557,100163112427894450173,276324,276324,276324,276324,0,100163112427894450173,200059744540378135492
2026-02-27 04:17:00,2091345941,-2091524623811263042414,276324,276324,276324,276324,2097429612,6084065387788857146,200059744540378135492
2026-02-27 04:18:00,-350058776,350086214658198643964,276324,276324,276324,276324,200449451,550553979758682183685,200059744540378135492
2026-02-27 04:20:00,-680545061,680596693397280903363,276324,276324,276324,276324,210208672,890823130397280903363,200059744540378135492
2026-02-27 04:29:00,-18237975,18239350565911351163,276324,276324,276324,276324,0,18239350565911351163,200059744540378135492
2026-02-27 04:30:00,-1662269,1662393593365788583,276324,276324,276324,276324,0,1662393593365788583,200059744540378135492
2026-02-27 04:31:00,488949700,-489031683828389377151,276324,276324,276324,276324,4393669868,3904938208171610622849,200059744540378135492
2026-02-27 04:32:00,3270621504,-3270970153000000000000,276325,276325,276325,276325,3270621504,0,200059744540378135492
2026-02-27 04:33:00,-3567740706,3568080047255170853879,276324,276324,276324,276324,0,3568080047255170853879,200059744540378135492
2026-02-27 04:35:00,-1023663444,1023737310679247163218,276324,276324,276324,276324,0,1023737310679247163218,200059744540378135492
2026-02-27 04:36:00,1415370852,-1415501042452061888336,276324,276324,276324,276324,2528133177,1112858865248011024257,200059744540378135492
2026-02-27 04:37:00,34343307,-34346445603976865771,276324,276324,276324,276324,34343307,0,200059744540378135492
2026-02-27 04:38:00,-1021156871,1021234920017281998397,276324,276324,276324,276324,0,1021234920017281998397,200059744540378135492
2026-02-27 04:39:00,880217538,-880292999459225673081,276324,276324,276324,276324,880217538,0,200059744540378135492
2026-02-27 04:41:00,-1167235362,1167322079538450784333,276324,276324,276324,276324,0,1167322079538450784333,200059744540378135492
2026-02-27 04:42:00,709235769,-709293929946179299622,276324,276324,276324,276324,709235769,0,200059744540378135492
2026-02-27 04:43:00,-491272644,491308552389054219129,276324,276324,276324,276324,0,491308552389054219129,200059744540378135492
2026-02-27 04:44:00,219718082,-219736042000000000000,276324,276324,276324,276324,219718082,0,200059744540378135492
2026-02-27 04:45:00,-550066627,550105177732559563477,276324,276324,276324,276324,0,550105177732559563477,200059744540378135492
2026-02-27 04:46:00,795899809,-795974861015523244741,276324,276324,276324,276324,1829037674,1033220988338730939129,200059744540378135492
2026-02-27 04:48:00,-213514173,213530020734730018209,276324,276324,276324,276324,0,213530020734730018209,200059744540378135492
2026-02-27 04:52:00,213756809,-213781378449642548828,276324,276324,276324,276324,870143954,656438721550357451172,200059744540378135492
2026-02-27 04:53:00,-25896449,25892397195874803786,276324,276324,276324,276324,599680051,625625397195874803786,200059744540378135492
2026-02-27 05:00:00,221836097,-221855207438430838070,276324,276324,276324,276324,221836097,0,200059744540378135492
2026-02-27 05:01:00,399964301,-400000000000000000000,276324,276324,276324,276324,399964301,0,200059744540378135492
2026-02-27 05:04:00,529892801,-529942560251427719434,276324,276324,276324,276324,529892801,0,200059744540378135492
2026-02-27 05:05:00,-2575344486,1780511735678040387344,276324,276324,268140,276324,118856947984,120572259516668772913352,200059744540378135492
2026-02-27 05:07:00,-51164204,51168028548995228210,276324,276324,276324,276324,0,51168028548995228210,200059744540378135492
2026-02-27 05:09:00,399514293,-399548850000000000000,276324,276324,276324,276324,399514293,0,200059744540378135492
2026-02-27 05:12:00,-345177413,345203911142256036080,276324,276324,276324,276324,0,345203911142256036080,200059744540378135492
2026-02-27 05:13:00,-502684000,502720458364545779979,276324,276324,276324,276324,0,502720458364545779979,200059744540378135492
2026-02-27 05:16:00,883823,-883894000000000000,276324,276324,276324,276324,883823,0,200059744540378135492
2026-02-27 05:17:00,1133931558,-1134028729745374438111,276324,276324,276324,276324,1133931558,0,200059744540378135492
2026-02-27 05:21:00,-18081119,18080577590178386996,276324,276324,276324,276324,200944292,219042990590178386996,200059744540378135492
2026-02-27 05:23:00,-1689641526,1689764420125548886301,276324,276324,276324,276324,0,1689764420125548886301,200059744540378135492
2026-02-27 05:26:00,2597578895,-2597805597954654959342,276324,276324,276324,276324,2597578895,0,200059744540378135492
2026-02-27 05:27:00,-496830354,496851742554281491746,276324,276325,276324,276325,2221752569,2718851742554281491746,200059744540378135492
2026-02-27 05:29:00,-828080408,803731401266740347019,276324,275762,275762,276324,118953344008,119692728992146971967627,200059744540378135492
2026-02-27 05:34:00,-207807047,207823718210573474943,276324,276324,276324,276324,0,207823718210573474943,200059744540378135492
2026-02-27 05:38:00,843486901,-843566967930244597585,276324,276324,276324,276324,971212077,127735461134838442824,200059744540378135492
2026-02-27 05:39:00,-2497563722,2497751384154590830726,276324,276324,276324,276324,0,2497751384154590830726,200059744540378135492
2026-02-27 05:43:00,384965185,-384993895335906379761,276324,276324,276324,276324,384965185,0,200059744540378135492
2026-02-27 05:49:00,56840191,-56844555932795892306,276324,276324,276324,276324,56840191,0,200059744540378135492
2026-02-27 05:50:00,51356971,-51360942881251206661,276324,276324,276324,276324,51356971,0,200059744540378135492
2026-02-27 05:51:00,1088314093,-1088404450431824490899,276324,276324,276324,276324,1088314093,0,200059744540378135492
2026-02-27 05:52:00,30977765,-30980510754834787754,276324,276324,276324,276324,30977765,0,200059744540378135492
2026-02-27 05:53:00,-260253956,260265340967863658065,276324,276324,276324,276324,877494369,1137831477874158559935,200059744540378135492
2026-02-27 05:54:00,-5689363,5689795656438515656,276324,276324,276324,276324,0,5689795656438515656,200059744540378135492
2026-02-27 05:55:00,-1203866291,1203947714814322816381,276324,276324,276324,276324,296294758,1500268427910222346603,200059744540378135492
2026-02-27 05:56:00,273761056,-273781711247554956014,276324,276324,276324,276324,273761056,0,200059744540378135492
2026-02-27 05:57:00,68234523,-68253102233884124864,276324,276324,276324,276324,1399271663,1331117216475655570090,200059744540378135492
2026-02-27 06:02:00,108729773,-108738260000000000000,276324,276324,276324,276324,108729773,0,200059744540378135492
2026-02-27 06:05:00,2021948581,-2022127917048254905899,276324,276324,276324,276324,2021948581,0,200059744540378135492
2026-02-27 06:06:00,-859577249,859649886802722580055,276324,276324,276324,276324,0,859649886802722580055,200059744540378135492
2026-02-27 06:07:00,-199659998,199675812166229484860,276324,276324,276324,276324,0,199675812166229484860,200059744540378135492
2026-02-27 06:09:00,-217847864,217864664065679473997,276324,276324,276324,276324,0,217864664065679473997,200059744540378135492
2026-02-27 06:11:00,876352774,-876432009895739281078,276324,276324,276324,276324,876352774,0,200059744540378135492
2026-02-27 06:12:00,-101934012,101942603199002493745,276324,276324,276324,276324,0,101942603199002493745,200059744540378135492
2026-02-27 06:13:00,-238984282,239004017461514333632,276324,276324,276324,276324,0,239004017461514333632,200059744540378135492
2026-02-27 06:17:00,648771898,-648833292050201227069,276324,276324,276324,276324,648771898,0,200059744540378135492
2026-02-27 06:18:00,-1010123543,1010207203168738707031,276324,276324,276324,276324,0,1010207203168738707031,200059744540378135492
2026-02-27 06:19:00,-3563142485,3563356134256103510951,276324,276324,276324,276324,0,3563356134256103510951,200059744540378135492
2026-02-27 06:20:00,2329760775,-2329957465042900640386,276324,276324,276324,276324,7135182639,4805678018270540455927,200059744540378135492
2026-02-27 06:21:00,224981456,-224998683288567554956,276324,276324,276324,276324,224981456,0,200059744540378135492
2026-02-27 06:22:00,1353662621,-1353776952517512770390,276324,276324,276324,276324,1353662621,0,200059744540378135492
2026-02-27 06:24:00,14241448,-14242749108361348999,276324,276324,276324,276324,14241448,0,200059744540378135492
2026-02-27 06:25:00,-793552890,793612271431803577299,276324,276324,276324,276324,203862422,997493528680839957107,200059744540378135492
2026-02-27 06:26:00,911944290,-912024535729142463271,276324,276324,276324,276324,911944290,0,200059744540378135492
2026-02-27 06:27:00,1332805335,-1332937571602939573435,276325,276324,276324,276325,1332805335,0,200059744540378135492
2026-02-27 06:28:00,-706633308,706689801725509859467,276324,276324,276324,276324,875773981,1582546487843731961323,200059744540378135492
2026-02-27 06:30:00,-268977372,269000896812062374840,276324,276324,276324,276324,0,269000896812062374840,200059744540378135492
2026-02-27 06:31:00,968879024,-968976850473570582611,276325,276325,276325,276325,968879024,0,200059744540378135492
2026-02-27 06:32:00,-550551161,550599387149496403056,276324,276325,276324,276325,300635748,851267398251991310203,200059744540378135492
2026-02-27 06:34:00,-450000000,450039625381465164468,276324,276324,276324,276324,0,450039625381465164468,200059744540378135492
2026-02-27 06:35:00,2528085746,-2528359907700072912593,276325,276325,276325,276325,2528085746,0,200059744540378135492
2026-02-27 06:36:00,-481118170,481170456853393072441,276325,276325,276325,276325,0,481170456853393072441,200059744540378135492
2026-02-27 06:38:00,-1385423833,1385561470212923047987,276325,276325,276325,276325,0,1385561470212923047987,200059744540378135492
2026-02-27 06:40:00,-733507071,733572171453726636450,276324,276324,276324,276324,0,733572171453726636450,200059744540378135492
2026-02-27 06:41:00,-740428918,740489177629817458538,276324,276324,276324,276324,0,740489177629817458538,200059744540378135492
2026-02-27 06:44:00,-18918624,18920091486569671776,276324,276324,276324,276324,0,18920091486569671776,200059744540378135492
2026-02-27 06:47:00,209981407,-210000000000000000000,276324,276324,276324,276324,209981407,0,200059744540378135492
2026-02-27 06:50:00,-9620692,9619454864121311765,276324,276324,276324,276324,200156536,209794124864121311765,200059744540378135492
2026-02-27 06:58:00,-49650000,49653934029556601234,276324,276324,276324,276324,0,49653934029556601234,200059744540378135492
2026-02-27 07:00:00,-61939278,61944150852938454227,276324,276324,276324,276324,0,61944150852938454227,200059744540378135492
2026-02-27 07:02:00,-1000000000,1000073383803704918110,276324,276324,276324,276324,0,1000073383803704918110,200059744540378135492
2026-02-27 07:04:00,1094830610,-1094922422372722305088,276324,276324,276324,276324,1094830610,0,200059744540378135492
2026-02-27 07:05:00,-210000000,210016439060516850750,276324,276324,276324,276324,0,210016439060516850750,200059744540378135492
2026-02-27 07:08:00,-475984149,476019777267219395309,276324,276324,276324,276324,0,476019777267219395309,200059744540378135492
2026-02-27 07:13:00,199464731,-199481380488289697695,276324,276324,276324,276324,199464731,0,200059744540378135492
2026-02-27 07:15:00,1406940339,-1407071085245448224349,276324,276324,276324,276324,1607765996,200843637594577721863,200059744540378135492
2026-02-27 07:16:00,-208740767,208759028476737241528,276324,276324,276324,276324,0,208759028476737241528,200059744540378135492
2026-02-27 07:17:00,202983678,-203012312388655073612,276324,276325,276324,276325,1087927562,885026095202110750971,200059744540378135492
2026-02-27 07:22:00,-1619913543,1620043414590208493798,276324,276324,276324,276324,33268612,1653314758590208493798,200059744540378135492
2026-02-27 07:23:00,1022312818,-1022402159459063838072,276324,276324,276324,276324,1022312818,0,200059744540378135492
2026-02-27 07:24:00,-409296307,409329235494564782444,276324,276324,276324,276324,0,409329235494564782444,200059744540378135492
2026-02-27 07:25:00,-484559345,471068463936245547704,275814,276324,275813,276324,118431285615,118837962061165555303096,4999993390435
2026-02-27 07:27:00,892894098,-892975725180808333542,276324,276324,276324,276324,973691077,80803877409448892850,200059744540378135492
2026-02-27 07:28:00,-1097442998,1064007216165528576009,276324,275202,275202,276324,238488546606,239423906531319699311417,200059744540378135492
2026-02-27 07:29:00,-1451414412,1451526353941136190053,276324,276324,276324,276324,0,1451526353941136190053,200059744540378135492
2026-02-27 07:30:00,342998059,-343026044000000000000,276324,276324,276324,276324,342998059,0,200059744540378135492
2026-02-27 07:32:00,99868217,-99876587000000000000,276324,276324,276324,276324,99868217,0,200059744540378135492
2026-02-27 07:34:00,67146105,-82551252129863136034,276324,279889,276324,279890,101838203321,101835120471726956911003,200059744540378135492
2026-02-27 07:36:00,104772797,-104781720000000000000,276324,276324,276324,276324,104772797,0,200059744540378135492
2026-02-27 07:37:00,498244494,-498288429293288630219,276324,276324,276324,276324,498244494,0,200059744540378135492
2026-02-27 07:38:00,-1447515909,1447602315001976316821,276324,276324,276324,276324,1988419305,3436153368572060510906,200059744540378135492
2026-02-27 07:40:00,-149477892,149484389463157876155,276324,276324,276324,276324,328517836,478027797412060312216,200059744540378135492
2026-02-27 07:42:00,1588686741,-1588818038295775343303,276324,276324,276324,276324,1588686741,0,200059744540378135492
2026-02-27 07:47:00,-599400000,599446507092769350467,276324,276324,276324,276324,0,599446507092769350467,200059744540378135492
2026-02-27 07:49:00,-224599577,224616078370336102071,276324,276324,276324,276324,0,224616078370336102071,200059744540378135492
2026-02-27 07:51:00,-490114267,490148524239594060798,276324,276324,276324,276324,0,490148524239594060798,200059744540378135492
2026-02-27 07:57:00,-799200000,799250710867752221051,276324,276324,276324,276324,0,799250710867752221051,200059744540378135492
2026-02-27 08:01:00,216401340,-216416605000000000000,276324,276324,276324,276324,216401340,0,200059744540378135492
2026-02-27 08:04:00,-2730340296,2730471274961241351070,276324,276324,276324,276324,0,2730471274961241351070,200059744540378135492
2026-02-27 08:05:00,-97865793,93950896573253603121,276324,275750,275750,276324,114210352175,114239636044191916543793,200059744540378135492
2026-02-27 08:06:00,-2449358286,2449411201678266572340,276324,276324,276324,276324,0,2449411201678266572340,200059744540378135492
2026-02-27 08:08:00,2065661,-2065702000000000000,276324,276324,276324,276324,2065661,0,200059744540378135492
2026-02-27 08:09:00,55197365,-55198451000000000000,276324,276324,276324,276324,55197365,0,200059744540378135492
2026-02-27 08:10:00,1942282279,-1942345535988623622563,276324,276324,276324,276324,2510300820,568036824011376377437,200059744540378135492
2026-02-27 08:11:00,-142895461,142889882805963195764,276324,276324,276324,276324,966890161,1109822765805963195764,200059744540378135492
2026-02-27 08:12:00,-3226632775,3226670780299539208150,276324,276324,276324,276324,4805434,3231476313299539208150,200059744540378135492
2026-02-27 08:14:00,2510336637,-2510382360000000000000,276324,276324,276324,276324,2510336637,0,200059744540378135492
2026-02-27 08:15:00,1604432969,-1604495192376956236845,276324,276324,276324,276324,1604432969,0,200059744540378135492
2026-02-27 08:17:00,1087986441,-1088043279022023165119,276324,276324,276324,276324,1087986441,0,200059744540378135492
2026-02-27 08:18:00,1358424932,-1358512511262795772562,276324,276324,276324,276324,1358424932,0,200059744540378135492
2026-02-27 08:19:00,-1992104327,1982001202358085581238,276233,276324,276233,276324,115960586284,117878016537603779426742,4999993390435
2026-02-27 08:20:00,-1048990650,1049039012322186366773,276324,276324,276324,276324,0,1049039012322186366773,200059744540378135492
2026-02-27 08:21:00,566718940,-566753870287283442407,276324,276324,276324,276324,1016718940,450017374742951957733,200059744540378135492
2026-02-27 08:23:00,-379896924,379913846217075602074,276324,276324,276324,276324,2992234,382906238858946825827,200059744540378135492
2026-02-27 08:24:00,-484336606,478581866791451241570,276324,276132,276132,276324,114858598485,115272547514396145101922,200059744540378135492
2026-02-27 08:25:00,-361478852,361492776603008388215,276324,276324,276324,276324,0,361492776603008388215,200059744540378135492
2026-02-27 08:26:00,111638016,-111643293652963627585,276324,276324,276324,276324,111638016,0,200059744540378135492
2026-02-27 08:28:00,105928787,-105933910504135557397,276324,276324,276324,276324,105928787,0,200059744540378135492
2026-02-27 08:32:00,236559871,-236571717000000000000,276324,276324,276324,276324,236559871,0,200059744540378135492
2026-02-27 08:33:00,-56649324,56646893538970041650,276324,276324,276324,276324,475034601,531704446538970041650,200059744540378135492
2026-02-27 08:34:00,1221524473,-1221593852886833295558,276324,276324,276324,276324,1221524473,0,200059744540378135492
2026-02-27 08:35:00,-4048610064,4048742307340139954958,276324,276324,276324,276324,0,4048742307340139954958,200059744540378135492
2026-02-27 08:36:00,2034882428,-2034948763168719565574,276324,276324,276324,276324,2034882428,0,200059744540378135492
2026-02-27 08:38:00,662266912,-662297430077297174668,276324,276324,276324,276324,662266912,0,200059744540378135492
2026-02-27 08:39:00,913761216,-913810523336427508921,276324,276324,276324,276324,913761216,0,200059744540378135492
2026-02-27 08:40:00,-2512929573,2492252436968820307490,276324,276324,275841,276324,114132352166,116559935395224329029154,200059744540378135492
2026-02-27 08:41:00,43897909,-43899570197443772474,276324,276324,276324,276324,43897909,0,200059744540378135492
2026-02-27 08:43:00,1068441391,-1068487712000000000000,276324,276324,276324,276324,1068441391,0,200059744540378135492
2026-02-27 08:49:00,-239556119,239565101290336996134,276324,276324,276324,276324,0,239565101290336996134,200059744540378135492
2026-02-27 08:52:00,689257734,-689292022539094879146,276324,276324,276324,276324,689257734,0,200059744540378135492
2026-02-27 09:05:00,94038253,-94049945146060565553,276324,276324,276324,276324,758464753,664458027163961308225,200059744540378135492
2026-02-27 09:07:00,901844789,-901897672829023186434,276324,276324,276324,276324,901844789,0,200059744540378135492
2026-02-27 09:08:00,-297450000,297465365412769103482,276324,276324,276324,276324,0,297465365412769103482,200059744540378135492
2026-02-27 09:09:00,205935020,-205954585107357673123,276324,276324,276324,276324,901791138,695891713527675477992,200059744540378135492
2026-02-27 09:10:00,-31510115,31511755413046094962,276324,276324,276324,276324,0,31511755413046094962,200059744540378135492
2026-02-27 09:11:00,-2239015736,2236195551957342701039,276304,276324,276304,276324,115017029453,117188868894855502972399,17571389335553285018047
2026-02-27 09:12:00,242253545,-242267616854888385684,276324,276324,276324,276324,451610973,209365212145111614316,200059744540378135492
2026-02-27 09:15:00,-247645871,247655630625689969110,276324,276324,276324,276324,0,247655630625689969110,200059744540378135492
2026-02-27 09:18:00,-29143688,29144796026774834365,276324,276324,276324,276324,0,29144796026774834365,200059744540378135492
2026-02-27 09:19:00,-379382255,374956615188993066717,274255,274255,274255,276324,114599492253,114909750237337676465885,4999993390435
2026-02-27 09:20:00,-17134851,17133608050915644273,276324,276324,276324,276324,182865149,200007020181808222174,200059744540378135492
2026-02-27 09:21:00,-449502183,449516501049646765092,276324,276324,276324,276324,0,449516501049646765092,200059744540378135492
2026-02-27 09:22:00,1016682490,-1016727926321370430993,276324,276324,276324,276324,1016682490,0,200059744540378135492
2026-02-27 09:23:00,-839705197,839735068302497909829,276324,276324,276324,276324,0,839735068302497909829,200059744540378135492
2026-02-27 09:25:00,-199800000,199806069504753960660,276324,276324,276324,276324,0,199806069504753960660,200059744540378135492
2026-02-27 09:26:00,-1209623120,1167723014522290560801,275648,275648,275648,276324,113178977589,114281992086630702243617,4999993390435
2026-02-27 09:30:00,444812440,-444828347000000000000,276324,276324,276324,276324,444812440,0,200059744540378135492
2026-02-27 09:33:00,355652806,-355666948000000000000,276324,276324,276324,276324,355652806,0,200059744540378135492
2026-02-27 09:34:00,-706195033,703340023254640687112,276324,276324,276274,276324,113623433098,114262086169473216105115,200059744540378135492
2026-02-27 09:36:00,-175253756,175258504614210353884,276324,276324,276324,276324,0,175258504614210353884,200059744540378135492
2026-02-27 09:37:00,447771434,-447793530016849345151,276324,276324,276324,276324,934759313,486999466909120711001,200059744540378135492
2026-02-27 09:38:00,-5408818641,5408818205879435478042,276324,276324,276323,276324,2027976959,7436873473288509421776,200059744540378135492
2026-02-27 09:39:00,2219806066,-2220132730062077399844,276324,276320,276320,276324,35392848104,33166767112971726649469,200059744540378135492
2026-02-27 09:41:00,492281970,-492287527614785698920,276324,276324,276324,276324,492281970,0,200059744540378135492
2026-02-27 09:43:00,1218247376,-1218271544297043154416,276324,276324,276324,276324,1218247376,0,200059744540378135492
2026-02-27 09:44:00,1141577031,-1141619071000826173650,276324,276324,276324,276324,1734120105,592558463144408419427,200059744540378135492
2026-02-27 09:46:00,1978912730,-1979006199071953574290,276324,276324,276324,276324,1978912730,0,200059744540378135492
2026-02-27 09:47:00,-220396189,220406332183521931830,276324,276324,276324,276324,0,220406332183521931830,200059744540378135492
2026-02-27 09:48:00,191332445,-191343137084241669465,276324,276324,276324,276324,191332445,0,200059744540378135492
2026-02-27 09:50:00,-2976382786,2976477896698268401339,276324,276324,276324,276324,0,2976477896698268401339,200059744540378135492
2026-02-27 09:51:00,2082135569,-2082213621177136530369,276324,276324,276324,276324,2082135569,0,200059744540378135492
2026-02-27 09:52:00,4037822,-4038015722709681274,276324,276324,276324,276324,4037822,0,200059744540378135492
2026-02-27 09:53:00,1220134462,-1220200390831785389156,276324,276324,276324,276324,1220134462,0,200059744540378135492
2026-02-27 09:54:00,126314749,-126322425090589124832,276324,276324,276324,276324,126314749,0,200059744540378135492
2026-02-27 09:55:00,367478603,-367501839820344271861,276324,276324,276324,276324,367478603,0,200059744540378135492
2026-02-27 09:58:00,514256309,-634701193324105377248,276324,276324,267845,276324,117309818663,116609724366795018712626,200059744540378135492
2026-02-27 09:59:00,-2029112048,2029180706545094710298,276324,276325,276324,276325,3717273828,5746781970849522849992,200059744540378135492
2026-02-27 10:00:00,1387710618,-1387792428593680456872,276324,276324,276324,276324,1387710618,0,200059744540378135492
2026-02-27 10:01:00,-2243820638,2241214589221346838066,276324,276282,276282,276324,116048741815,118225390983397561959986,200059744540378135492
2026-02-27 10:05:00,2528208793,-2528359907700072912593,276324,276324,276324,276324,2528208793,0,200059744540378135492
2026-02-27 10:06:00,-52670905,52674177623481086519,276324,276324,276324,276324,0,52674177623481086519,200059744540378135492
2026-02-27 10:07:00,363726184,-366460829987750225449,276324,276194,276193,276324,117496935228,117066009392570802653179,200059744540378135492
2026-02-27 10:08:00,-277142391,277160494272795432162,276324,276324,276324,276324,0,277160494272795432162,200059744540378135492
2026-02-27 10:09:00,-1538343888,1538430414526117206266,276324,276324,276324,276324,0,1538430414526117206266,200059744540378135492
2026-02-27 10:11:00,2449786860,-2449960314634958879234,276324,276324,276324,276324,2449786860,0,200059744540378135492
2026-02-27 10:12:00,-2307140144,2307282070179853087046,276324,276324,276324,276324,0,2307282070179853087046,200059744540378135492
2026-02-27 10:13:00,135122381,-135130578140559862708,276324,276324,276324,276324,135122381,0,200059744540378135492
2026-02-27 10:15:00,-1198000000,1198054323637798259265,276324,276324,276324,276324,0,1198054323637798259265,200059744540378135492
2026-02-27 10:16:00,-527543,527371406117446763,276324,276324,276324,276324,19136267,19664585050623550275,200059744540378135492
2026-02-27 10:17:00,984804623,-984858073570895889940,276324,276324,276324,276324,984804623,0,200059744540378135492
2026-02-27 10:18:00,-4204000713,4204119189899173597181,276324,276324,276324,276324,0,4204119189899173597181,200059744540378135492
2026-02-27 10:20:00,98381697,-98383434670130165742,276324,276324,276324,276324,98381697,0,200059744540378135492
2026-02-27 10:21:00,369312442,-369319828000000000000,276324,276324,276324,276324,369312442,0,200059744540378135492
2026-02-27 10:22:00,2445713249,-2445796573000000000000,276324,276324,276324,276324,2445713249,0,200059744540378135492
2026-02-27 10:24:00,399980683,-400000000000000000000,276324,276324,276324,276324,399980683,0,200059744540378135492
2026-02-27 10:26:00,-405335452,405350962704454379393,276324,276324,276324,276324,0,405350962704454379393,200059744540378135492
2026-02-27 10:29:00,294105967,-294120000000000000000,276324,276324,276324,276324,294105967,0,200059744540378135492
2026-02-27 10:30:00,1595882,-1595960767295770911,276324,276324,276324,276324,1595882,0,200059744540378135492
2026-02-27 10:31:00,599701698,-599733000000000000000,276324,276324,276324,276324,599701698,0,200059744540378135492
2026-02-27 10:34:00,85345378,-89929704474996407698,276324,276324,274791,276324,115586673670,115432121365836665108953,200059744540378135492
2026-02-27 10:35:00,179773744,-179784026414583779375,276324,276324,276324,276324,179773744,0,200059744540378135492
2026-02-27 10:36:00,-4965000,4965238469745937604,276324,276324,276324,276324,0,4965238469745937604,200059744540378135492
2026-02-27 10:38:00,-4965000,4965238223290179134,276324,276324,276324,276324,0,4965238223290179134,200059744540378135492
2026-02-27 10:39:00,-1261852075,1256632480000238514675,276324,275674,275674,276324,215958464911,217104905475198177546739,200059744540378135492
2026-02-27 10:40:00,1453496701,-1453574451441085163659,276324,276324,276324,276324,1503496701,50001781558914836341,200059744540378135492
2026-02-27 10:45:00,-266071413,266084469851436334612,276324,276324,276324,276324,0,266084469851436334612,200059744540378135492
2026-02-27 10:46:00,-1609055035,1605044165363626445994,276324,276324,276270,276324,114560553701,116100950893579825876138,200059744540378135492
2026-02-27 10:48:00,-472316212,472246001277650872948,276324,276324,276323,276324,8660828659,9133162669601787406964,200059744540378135492
2026-02-27 10:49:00,1590326414,-1590406441807125300238,276324,276324,276324,276324,1590326414,0,200059744540378135492
2026-02-27 10:50:00,1232462992,-1232586148348544623671,276324,276324,276324,276324,5606625872,4374278378419695319108,200059744540378135492
2026-02-27 10:51:00,3912226941,-3912579632054637270159,276325,276324,276324,276325,3912226941,0,200059744540378135492
2026-02-27 10:52:00,-3089590578,3086668629723875828797,276324,276324,276277,276324,119655819530,122678183644001848890001,200059744540378135492
2026-02-27 10:53:00,857560702,-857635613997024835921,276324,276324,276324,276324,857560702,0,200059744540378135492
2026-02-27 10:54:00,406077436,-406115474000000000000,276324,276324,276324,276324,406077436,0,200059744540378135492
2026-02-27 10:55:00,-2741660083,2741847533669664053698,276324,276324,276324,276324,993339917,3735250353796580282448,200059744540378135492
2026-02-27 10:56:00,-1030000000,1030054734641678522226,276324,276324,276324,276324,0,1030054734641678522226,200059744540378135492
2026-02-27 10:59:00,21701971,-21705515870719710197,276324,276324,276324,276324,249985190,228294484129280289803,200059744540378135492
2026-02-27 11:00:00,-2206133020,2175849045888224186076,276324,276324,275920,276324,346215194660,348197230147021557202816,200059744540378135492
2026-02-27 11:01:00,264167640,-264179539000000000000,276324,276324,276324,276324,264167640,0,200059744540378135492
2026-02-27 11:02:00,-162795100,162800886149204214972,276324,276324,276324,276324,0,162800886149204214972,200059744540378135492
2026-02-27 11:03:00,750782,-750816000000000000,276324,276324,276324,276324,750782,0,200059744540378135492
2026-02-27 11:04:00,2500045034,-2500188123010199176853,276324,276324,276324,276324,2500045034,0,200059744540378135492
2026-02-27 11:05:00,2376586848,-2376782323786246017224,276324,276324,276324,276324,2528151738,151577583913826895369,200059744540378135492
2026-02-27 11:08:00,-3653351411,3653589716706672757194,276324,276324,276324,276324,0,3653589716706672757194,200059744540378135492
2026-02-27 11:10:00,96118620,-96125681864225895929,276324,276324,276324,276324,249985446,153874318135774104071,200059744540378135492
2026-02-27 11:11:00,-49064707,49067045838733645950,276324,276324,276324,276324,0,49067045838733645950,200059744540378135492
2026-02-27 11:13:00,-199800000,199809278353484285364,276324,276324,276324,276324,0,199809278353484285364,200059744540378135492
2026-02-27 11:14:00,853515132,-853566093201180364827,276324,276324,276324,276324,853515132,0,200059744540378135492
2026-02-27 11:15:00,-742198815,742236119787395528976,276324,276324,276324,276324,0,742236119787395528976,200059744540378135492
2026-02-27 11:17:00,-435524675,435544001148360302505,276324,276324,276324,276324,0,435544001148360302505,200059744540378135492
2026-02-27 11:18:00,438258715,-438282552727021346938,276324,276324,276324,276324,438258715,0,200059744540378135492
2026-02-27 11:21:00,2528184910,-2528359907700072912593,276324,276324,276324,276324,2528184910,0,200059744540378135492
2026-02-27 11:22:00,-767214940,767267125825073855914,276324,276324,276324,276324,0,767267125825073855914,200059744540378135492
2026-02-27 11:24:00,-1809223000,1809322762469501928465,276324,276324,276324,276324,0,1809322762469501928465,200059744540378135492
2026-02-27 11:25:00,213620594,-213632806237506099843,276324,276324,276324,276324,213620594,0,200059744540378135492
2026-02-27 11:26:00,-630145812,630172886436586980336,276324,276324,276324,276324,133335232,763515972436586980336,200059744540378135492
2026-02-27 11:29:00,499972784,-500000000000000000000,276324,276324,276324,276324,499972784,0,200059744540378135492
2026-02-27 11:31:00,-2368845783,2368928906017680838373,276324,276324,276324,276324,0,2368928906017680838373,200059744540378135492
2026-02-27 11:32:00,7043736,-7043971000000000000,276324,276324,276324,276324,7043736,0,200059744540378135492
2026-02-27 11:34:00,688427621,-688452929364524105624,276324,276324,276324,276324,688427621,0,200059744540378135492
2026-02-27 11:35:00,2528226314,-2528359907700072912593,276324,276324,276324,276324,2528226314,0,200059744540378135492
2026-02-27 11:36:00,1964937696,-1965085659931937845006,276324,276324,276324,276324,1964937696,0,200059744540378135492
2026-02-27 11:37:00,-911013961,911035996764688080329,276324,276325,276324,276325,4224908719,5136393597246801337099,200059744540378135492
2026-02-27 11:38:00,1586468611,-1586603950895023799977,276324,276324,276324,276324,1802297646,215843049422884894635,200059744540378135492
2026-02-27 11:39:00,-846535802,846601531561557689111,276324,276324,276324,276324,0,846601531561557689111,200059744540378135492
2026-02-27 11:40:00,-1264375341,1257599868739840531367,276324,276234,276234,276324,117538329501,118731467658983436868519,200059744540378135492
2026-02-27 11:41:00,1431806728,-1431927401475528236477,276324,276324,276324,276324,1431806728,0,200059744540378135492
2026-02-27 11:42:00,-3520788789,3521006577206025705173,276324,276324,276324,276324,696557311,4217627284809084009370,200059744540378135492
2026-02-27 11:43:00,612788478,-612824817905487052800,276324,276324,276324,276324,612788478,0,200059744540378135492
2026-02-27 11:44:00,2226136850,-2226300453975901597564,276324,276324,276324,276324,2226136850,0,200059744540378135492
2026-02-27 11:45:00,-1060019679,1058920688738114835034,276324,276305,242310,276324,117275725717,118228366536269695652442,200059744540378135492
2026-02-27 11:46:00,-1742335760,1742377991636956052771,276324,276325,276324,276325,5414316872,7157242228175309918003,200059744540378135492
2026-02-27 11:47:00,465911369,-465938830129254550102,276324,276324,276324,276324,465911369,0,200059744540378135492
2026-02-27 11:49:00,-332667000,332683500762850604906,276324,276324,276324,276324,0,332683500762850604906,200059744540378135492
2026-02-27 11:52:00,-720881337,720913297062667496277,276324,276324,276324,276324,0,720913297062667496277,200059744540378135492
2026-02-27 11:53:00,-779754691,779783412458748749870,276324,276324,276324,276324,0,779783412458748749870,200059744540378135492
2026-02-27 11:55:00,18425273,-18426065870710642916,276324,276324,276324,276324,18425273,0,200059744540378135492
2026-02-27 11:56:00,439649919,-439669844925972707591,276324,276324,276324,276324,439649919,0,200059744540378135492
2026-02-27 11:57:00,-192762835,192769881026994102025,276324,276324,276324,276324,0,192769881026994102025,200059744540378135492
2026-02-27 11:58:00,-241882352,238603554302360119672,276324,276146,276146,276324,114264651021,114438593669177809922424,200059744540378135492
2026-02-27 11:59:00,-2053068464,2052886612868931779177,276321,276324,276321,276324,23139334809,25190248922811568526219,200049416117217715427
2026-02-27 12:00:00,2426695136,-2426782494461816416754,276324,276324,276324,276324,2426695136,0,200059744540378135492
2026-02-27 12:01:00,-957929353,957961289006396894881,276324,276324,276324,276324,0,957961289006396894881,200059744540378135492
2026-02-27 12:03:00,-508844886,508853692289024192061,276324,276324,276324,276324,442648989,951520726289024192061,200059744540378135492
2026-02-27 12:04:00,-1889690,1889733771157838708,276324,276324,276324,276324,0,1889733771157838708,200059744540378135492
2026-02-27 12:05:00,1600321587,-1633259852978133072448,276324,276713,276324,276714,107690534422,106154347801024403337150,200059744540378135492
2026-02-27 12:06:00,-200000000,200006090141008959278,276324,276324,276324,276324,0,200006090141008959278,200059744540378135492
2026-02-27 12:07:00,-421292966,421304485738628071226,276324,276324,276324,276324,0,421304485738628071226,200059744540378135492
2026-02-27 12:12:00,-550750000,550762383974998344600,276324,276324,276324,276324,0,550762383974998344600,200059744540378135492
2026-02-27 12:15:00,-3629461564,3629467152763787363441,276323,276324,276323,276324,18400989,3647868200038091302946,200049416117217715427
2026-02-27 12:16:00,2997202514,-2997227783791417443558,276324,276324,276324,276324,2997202514,0,200059744540378135492
2026-02-27 12:17:00,591531373,-591551937808220228864,276324,276324,276324,276324,1088031373,496510827156939936685,200059744540378135492
2026-02-27 12:18:00,-998322045,998336340214475435643,276324,276324,276324,276324,1649385,999985757115517980296,200059744540378135492
2026-02-27 12:21:00,1674338275,-1674384680776762093755,276324,276324,276324,276324,1674338275,0,200059744540378135492
2026-02-27 12:22:00,106092215,-106106100725544989843,276324,276324,276324,276324,1106092215,1000032144002870729788,200059744540378135492
2026-02-27 12:23:00,305000563,-305012358415185629661,276324,276324,276324,276324,305000563,0,200059744540378135492
2026-02-27 12:24:00,-825966687,825988216277758058145,276324,276324,276324,276324,0,825988216277758058145,200059744540378135492
2026-02-27 12:26:00,-71914279,71915830304349369948,276324,276324,276324,276324,0,71915830304349369948,200059744540378135492
2026-02-27 12:28:00,-2928354561,2914515294238855511240,276236,276324,276236,276324,111489128975,114338898959644012690632,2267647479998609388899
2026-02-27 12:30:00,16378987,-16379261000000000000,276324,276324,276324,276324,16378987,0,200059744540378135492
2026-02-27 12:32:00,1827185095,-1827232495368644392744,276324,276324,276324,276324,1827185095,0,200059744540378135492
2026-02-27 12:33:00,-17626726,17627164567465065181,276324,276324,276324,276324,0,17627164567465065181,200059744540378135492
2026-02-27 12:34:00,-578915265,578925291264381589854,276324,276324,276324,276324,271085280,850020399909672104254,200059744540378135492
2026-02-27 12:36:00,499993896,-500010228527202390987,276324,276324,276324,276324,552651432,52658818702084580351,200059744540378135492
2026-02-27 12:37:00,1402116997,-1402174650690946772684,276324,276324,276324,276324,1402116997,0,200059744540378135492
2026-02-27 12:38:00,-99875000,99878757476965827526,276324,276324,276324,276324,0,99878757476965827526,200059744540378135492
2026-02-27 12:39:00,-182661758,182668372535578338769,276324,276324,276324,276324,0,182668372535578338769,200059744540378135492
2026-02-27 12:40:00,-530108685,530125993053475421704,276324,276324,276324,276324,0,530125993053475421704,200059744540378135492
2026-02-27 12:41:00,-458847778,458851833026150972687,276324,276324,276324,276324,865679696,1324569906969651319239,200059744540378135492
2026-02-27 12:42:00,1008840069,-1008880886501546481719,276324,276324,276324,276324,1008840069,0,200059744540378135492
2026-02-27 12:43:00,-400000000,400013400806352714574,276324,276324,276324,276324,0,400013400806352714574,200059744540378135492
2026-02-27 12:44:00,-2098173001,2098214032527637737341,276324,276324,276324,276324,305797699,2404018765637039788247,200059744540378135492
2026-02-27 12:45:00,1688663496,-1688712413638891436888,276324,276324,276324,276324,1688663496,0,200059744540378135492
2026-02-27 12:46:00,-619694321,619705652174492973061,276324,276324,276324,276324,373305678,993025992740842765539,200059744540378135492
2026-02-27 12:48:00,5000100,-5000256996601588428,276324,276324,276324,276324,5000100,0,200059744540378135492
2026-02-27 12:49:00,139482317,-139486775718424777856,276324,276324,276324,276324,139482317,0,200059744540378135492
2026-02-27 12:50:00,2528245387,-2528359907700072912593,276324,276324,276324,276324,2528245387,0,200059744540378135492
2026-02-27 12:51:00,-1733993286,1734061312150810662936,276324,276324,276324,276324,6006714,1740068375325742790921,200059744540378135492
2026-02-27 12:52:00,192380615,-192390934104451814454,276324,276324,276324,276324,424639093,232266300373157109133,200059744540378135492
2026-02-27 12:53:00,-35000000,35001132134238931230,276324,276324,276324,276324,0,35001132134238931230,200059744540378135492
2026-02-27 12:54:00,-207595933,207602395275698566352,276324,276324,276324,276324,0,207602395275698566352,200059744540378135492
2026-02-27 12:55:00,-351513735,351522955131628036921,276324,276324,276324,276324,74008026,425533662131628036921,200059744540378135492
2026-02-27 12:58:00,390217362,-390232398590529902226,276324,276324,276324,276324,390217362,0,200059744540378135492
2026-02-27 13:01:00,-819388708,819371623624962547422,276324,276324,276324,276324,3870379996,4689983189624962547422,200059744540378135492
2026-02-27 13:03:00,-19830295,19830734237075940593,276324,276324,276324,276324,0,19830734237075940593,200059744540378135492
2026-02-27 13:04:00,-2195240390,2195264800990909080040,276324,276324,276324,276324,0,2195264800990909080040,200059744540378135492
2026-02-27 13:06:00,19646475,-19646677000000000000,276324,276324,276324,276324,19646475,0,200059744540378135492
2026-02-27 13:07:00,498667867,-498679267799487738264,276324,276324,276324,276324,998566611,499897666200512261736,200059744540378135492
2026-02-27 13:10:00,2150499,-2150532000000000000,276324,276324,276324,276324,2150499,0,200059744540378135492
2026-02-27 13:11:00,629988345,-630000000000000000000,276324,276324,276324,276324,629988345,0,200059744540378135492
2026-02-27 13:12:00,1105951550,-1105981607419492267900,276324,276324,276324,276324,1105951550,0,200059744540378135492
2026-02-27 13:13:00,1341115915,-1341168767578789800023,276324,276324,276324,276324,1341115915,0,200059744540378135492
2026-02-27 13:14:00,890928456,-890976508049603574428,276324,276324,276324,276324,1190928456,300010383970624339062,200059744540378135492
2026-02-27 13:15:00,-1260000000,1260048789187491953946,276324,276324,276324,276324,0,1260048789187491953946,200059744540378135492
2026-02-27 13:16:00,-18146574,18147160455486459379,276324,276324,276324,276324,0,18147160455486459379,200059744540378135492
2026-02-27 13:17:00,-1002272423,1002288833483813950776,276324,276324,276324,276324,1088015758,2090356469989285764267,200059744540378135492
2026-02-27 13:18:00,-4911532,4911640579398383990,276324,276324,276324,276324,0,4911640579398383990,200059744540378135492
2026-02-27 13:23:00,-501771001,501780866865056351581,276324,276324,276324,276324,0,501780866865056351581,200059744540378135492
2026-02-27 13:26:00,-961824009,961835885132748913751,276324,276324,276324,276324,0,961835885132748913751,200059744540378135492
2026-02-27 13:28:00,6925751382,-6926112638670149662649,276324,276324,276324,276324,6925751382,0,200059744540378135492
2026-02-27 13:29:00,-13312417234,13175066152734385977062,276323,276324,275648,276324,109186397279,122296700689822801722620,200049416117217715427
2026-02-27 13:30:00,6473086199,-6473254362646091999650,276324,276324,276324,276324,6473086199,0,200059744540378135492
2026-02-27 13:32:00,-2482500,2482619374826806726,276324,276324,276324,276324,0,2482619374826806726,200059744540378135492
2026-02-27 13:33:00,-636508,636537930679339231,276324,276324,276324,276324,0,636537930679339231,200059744540378135492
2026-02-27 13:34:00,-2250000000,2250083378546454582331,276324,276324,276324,276324,0,2250083378546454582331,200059744540378135492
2026-02-27 13:35:00,2117527422,-2117625666532006918307,276324,276324,276324,276324,2117527422,0,200059744540378135492
2026-02-27 13:36:00,-6310808072,6310890048186769789410,276323,276324,276323,276324,1542255034,7853194071079891136343,200049416117217715427
2026-02-27 13:37:00,9596542674,-9596947262999324266778,276324,276324,276324,276324,9884291614,287772324028870821807,200059744540378135492
2026-02-27 13:38:00,-9628725270,9629030485215511785082,276323,276324,276323,276324,0,9629030485215511785082,200049416117217715427
2026-02-27 13:39:00,2073070007,-2073078156482158096181,276324,276323,276323,276324,2073070007,0,200059744540378135492
2026-02-27 13:40:00,240146279,-240150000000000000000,276324,276324,276324,276324,240146279,0,200059744540378135492
2026-02-27 13:42:00,468055070,-468065278777132165181,276324,276324,276324,276324,597874342,129820831747291831625,200059744540378135492
2026-02-27 13:43:00,1101600594,-1101694545477414151816,276324,276324,276324,276324,7535159093,6433909425065307184281,200059744540378135492
2026-02-27 13:44:00,-2653142898,2642754080292213342476,276253,276324,276253,276324,111741843628,114319856957312289194252,2268066044284094412131
2026-02-27 13:46:00,977267774,-977291284000000000000,276324,276324,276324,276324,977267774,0,200059744540378135492
2026-02-27 13:47:00,1007783970,-1007818214000000000000,276324,276324,276324,276324,1007783970,0,200059744540378135492
2026-02-27 13:50:00,-19247355,19247910863841635920,276324,276324,276324,276324,0,19247910863841635920,200059744540378135492
2026-02-27 13:51:00,-311910772,311919275584451338681,276324,276324,276324,276324,0,311919275584451338681,200059744540378135492
2026-02-27 13:54:00,-276932305,276939039894112274744,276324,276324,276324,276324,0,276939039894112274744,200059744540378135492
2026-02-27 13:56:00,1952967676,-1953051067000000000000,276324,276324,276324,276324,1952967676,0,200059744540378135492
2026-02-27 13:58:00,-10000000,10000424114315704447,276324,276324,276324,276324,0,10000424114315704447,200059744540378135492
2026-02-27 13:59:00,25519755,-25521440576864197745,276324,276324,276324,276324,60082281,34564004720818546285,200059744540378135492
2026-02-27 14:00:00,-617984753,618009180255651356208,276324,276324,276324,276324,0,618009180255651356208,200059744540378135492
2026-02-27 14:01:00,-365091810,365104446463914400995,276324,276324,276324,276324,0,365104446463914400995,200059744540378135492
2026-02-27 14:03:00,-872402750,872427549091707106667,276324,276324,276324,276324,0,872427549091707106667,200059744540378135492
2026-02-27 14:04:00,-1289372403,1289395123329306284135,276324,276324,276324,276324,0,1289395123329306284135,200059744540378135492
2026-02-27 14:05:00,277035299,-277041550000000000000,276324,276324,276324,276324,277035299,0,200059744540378135492
2026-02-27 14:06:00,383645040,-383654964416905462446,276324,276324,276324,276324,383645040,0,200059744540378135492
2026-02-27 14:07:00,594110894,-594129165000000000000,276324,276324,276324,276324,594110894,0,200059744540378135492
2026-02-27 14:11:00,-556804679,556816336130557502341,276324,276324,276324,276324,0,556816336130557502341,200059744540378135492
2026-02-27 14:12:00,580577242,-580595273682294901701,276324,276324,276324,276324,580577242,0,200059744540378135492
2026-02-27 14:13:00,-109230000,109232556495122517925,276324,276324,276324,276324,0,109232556495122517925,200059744540378135492
2026-02-27 14:15:00,96551201,-96554421000000000000,276324,276324,276324,276324,96551201,0,200059744540378135492
2026-02-27 14:17:00,1088029780,-1088072508067594615874,276324,276324,276324,276324,1088029780,0,200059744540378135492
2026-02-27 14:18:00,-430069169,390890401173279798186,276324,274545,274545,276324,114100817265,114427000436583228175274,200059744540378135492
2026-02-27 14:19:00,-6958529729,6958515578409443032545,276323,276324,276323,276324,0,6958515578409443032545,200049416117217715427
2026-02-27 14:20:00,3379652644,-3379619110700073071092,276324,276323,276323,276324,3379652644,0,200059744540378135492
2026-02-27 14:21:00,1282858313,-1282875483000000000000,276324,276324,276324,276324,1282858313,0,200059744540378135492
2026-02-27 14:23:00,458420993,-458431118848170337629,276324,276324,276324,276324,458420993,0,200059744540378135492
2026-02-27 14:28:00,594679638,-594700150181341389192,276324,276324,276324,276324,1019106138,424436025651148625027,200059744540378135492
2026-02-27 14:30:00,-696988254,696999991277763689872,276324,276324,276324,276324,0,696999991277763689872,200059744540378135492
2026-02-27 14:32:00,15935331,-15935705406991619212,276324,276324,276324,276324,15935331,0,200059744540378135492
2026-02-27 14:35:00,518797215,-518810762092915369445,276324,276324,276324,276324,518797215,0,200059744540378135492
2026-02-27 14:36:00,-5023433043,5023400851125077920245,276323,276323,276323,276323,0,5023400851125077920245,200049416117217715427
2026-02-27 14:37:00,12496970,-12496702838087650718,276323,276323,276323,276323,12496970,0,200049416117217715427
2026-02-27 14:38:00,5553187077,-5553222425552717408469,276324,276324,276324,276324,5553187077,0,200059744540378135492
2026-02-27 14:39:00,-497752500,497763268740988413811,276324,276324,276324,276324,0,497763268740988413811,200059744540378135492
2026-02-27 14:40:00,30092414,-30095395924505652063,276324,276324,276324,276324,239984502,209895886075494347937,200059744540378135492
2026-02-27 14:41:00,-1204752523,1204758955472616208001,276324,276324,276324,276324,974126838,2178919223507451226671,200059744540378135492
2026-02-27 14:42:00,263089813,-263094738000000000000,276324,276324,276324,276324,263089813,0,200059744540378135492
2026-02-27 14:43:00,-3009180697,3009156942715276779023,276323,276324,276323,276324,868351429,3877529538435704333866,200049416117217715427
2026-02-27 14:44:00,1215901549,-1215896721000000000000,276323,276323,276323,276323,1215901549,0,200049416117217715427
2026-02-27 14:45:00,8697856101,-8698252593393499120983,276324,276324,276324,276324,8697856101,0,200059744540378135492
2026-02-27 14:46:00,-48345719,48349529457932526782,276324,276324,276324,276324,0,48349529457932526782,200059744540378135492
2026-02-27 14:47:00,-602334896,602380413929808925986,276324,276324,276324,276324,0,602380413929808925986,200059744540378135492
2026-02-27 14:48:00,-4980416990,4980654365220826333562,276324,276324,276324,276324,0,4980654365220826333562,200059744540378135492
2026-02-27 14:49:00,21960054,-21960776920000000000,276324,276324,276324,276324,21960054,0,200059744540378135492
2026-02-27 14:50:00,-433376621,433309966744470727610,276324,276324,276323,276324,7567334186,8000582829052473644112,200059744540378135492
2026-02-27 14:51:00,1018668608,-1018702983756252634414,276324,276324,276324,276324,1018668608,0,200059744540378135492
2026-02-27 14:54:00,265569339,-265580006008967112955,276324,276324,276324,276324,265569339,0,200059744540378135492
2026-02-27 14:57:00,-1000046146,1000072639745118929701,276324,276324,276324,276324,0,1000072639745118929701,200059744540378135492
2026-02-27 14:58:00,837671042,-837700932130118364297,276324,276324,276324,276324,837671042,0,200059744540378135492
2026-02-27 15:05:00,2748106353,-2748253670292849028766,276324,276324,276324,276324,2748106353,0,200059744540378135492
2026-02-27 15:07:00,-1032497909,1032451791758372652296,276324,276325,276324,276325,9998618306,11032243234815877574737,200059744540378135492
2026-02-27 15:09:00,-264147529,264159600556064986307,276324,276324,276324,276324,0,264159600556064986307,200059744540378135492
2026-02-27 15:10:00,-498750000,498770891119597164001,276324,276324,276324,276324,0,498770891119597164001,200059744540378135492
2026-02-27 15:14:00,-500000000,500018447458337248960,276324,276324,276324,276324,0,500018447458337248960,200059744540378135492
2026-02-27 15:15:00,100889229,-100893759000000000000,276324,276324,276324,276324,100889229,0,200059744540378135492
2026-02-27 15:16:00,78136603,-78140182000000000000,276324,276324,276324,276324,78136603,0,200059744540378135492
2026-02-27 15:17:00,1088021227,-1088077395890178257237,276324,276324,276324,276324,1088021227,0,200059744540378135492
2026-02-27 15:23:00,286492415,-286509174000000000000,276324,276324,276324,276324,286492415,0,200059744540378135492
2026-02-27 15:25:00,-5850820241,5850932234511954838465,276323,276323,276323,276323,900265703,6751195178511954838465,200049416117217715427
2026-02-27 15:26:00,1319674418,-1319685018491519885970,276324,276324,276324,276324,1319674418,0,200059744540378135492
2026-02-27 15:27:00,3940806841,-3940942117000000000000,276324,276324,276324,276324,3940806841,0,200059744540378135492
2026-02-27 15:28:00,55604980,-55608000000000000000,276324,276324,276324,276324,55604980,0,200059744540378135492
2026-02-27 15:33:00,286605434,-286621489000000000000,276324,276324,276324,276324,286605434,0,200059744540378135492
2026-02-27 15:34:00,354214129,-354235107000000000000,276324,276324,276324,276324,354214129,0,200059744540378135492
2026-02-27 15:36:00,2441630672,-2441809387320711494022,276324,276324,276324,276324,2441630672,0,200059744540378135492
2026-02-27 15:40:00,-4925147665,4902168576801453178205,276324,276234,276234,276324,115914792257,120752387088911393160541,200059744540378135492
2026-02-27 15:44:00,248234576,-248250000000000000000,276324,276324,276324,276324,248234576,0,200059744540378135492
2026-02-27 15:46:00,1034696124,-1034767047000000000000,276324,276324,276324,276324,1034696124,0,200059744540378135492
2026-02-27 15:47:00,509782372,-516068666429091768588,276343,276713,276324,276713,103115717632,102669899946533559269108,20015983941558661743
2026-02-27 15:48:00,1199980464,-1200079205137619788484,276324,276324,276324,276324,1199980464,0,200059744540378135492
2026-02-27 15:49:00,-2751567639,2751635953966320919317,276324,276323,276323,276324,10923201854,13674905224966320919317,200059744540378135492
2026-02-27 15:50:00,49646970,-49650000000000000000,276324,276324,276324,276324,49646970,0,200059744540378135492
2026-02-27 15:51:00,220047986,-220061711000000000000,276324,276324,276324,276324,220047986,0,200059744540378135492
2026-02-27 15:53:00,-156800047,156808307146172192715,276324,276324,276324,276324,0,156808307146172192715,200059744540378135492
2026-02-27 15:56:00,134599120,-134702542968459300628,276324,276324,276323,276324,9633853109,9499332176590738538732,200059744540378135492
2026-02-27 15:57:00,-734634803,734596826346741927832,276324,276323,276323,276324,7439103289,8173839363346741927831,200059744540378135492
2026-02-27 15:58:00,160622396,-160631505000000000000,276324,276324,276324,276324,160622396,0,200059744540378135492
2026-02-27 16:03:00,1234308563,-1234387166000000000000,276324,276324,276324,276324,1234308563,0,200059744540378135492
2026-02-27 16:04:00,-19729134,19730311492157805684,276324,276324,276324,276324,0,19730311492157805684,200059744540378135492
2026-02-27 16:05:00,4319358690,-4319752817503410157655,276325,276325,276325,276325,4319358690,0,200059744540378135492
2026-02-27 16:08:00,-1130263047,1130372894933434147228,276325,276324,276324,276325,0,1130372894933434147228,200059744540378135492
2026-02-27 16:11:00,-39720000,39723627607048494428,276324,276324,276324,276324,0,39723627607048494428,200059744540378135492
2026-02-27 16:12:00,-79440000,79447207891539255538,276324,276324,276324,276324,0,79447207891539255538,200059744540378135492
2026-02-27 16:13:00,-2108394183,2108562445751021107355,276324,276324,276324,276324,0,2108562445751021107355,200059744540378135492
2026-02-27 16:15:00,-24825000,24826715587530127528,276324,276324,276324,276324,0,24826715587530127528,200059744540378135492
2026-02-27 16:17:00,-3528051820,3528233097402767824409,276324,276324,276324,276324,0,3528233097402767824409,200059744540378135492
2026-02-27 16:18:00,13423996,-13424585000000000000,276324,276324,276324,276324,13423996,0,200059744540378135492
2026-02-27 16:19:00,-126138925,126143118745633875426,276324,276324,276324,276324,0,126143118745633875426,200059744540378135492
2026-02-27 16:20:00,83652904,-83656505000000000000,276324,276324,276324,276324,83652904,0,200059744540378135492
2026-02-27 16:23:00,2964779220,-2964951997000000000000,276324,276324,276324,276324,2964779220,0,200059744540378135492
2026-02-27 16:24:00,-1944698026,1944801823780407753324,276324,276324,276324,276324,0,1944801823780407753324,200059744540378135492
2026-02-27 16:28:00,3101236242,-3101450716546071099720,276324,276324,276324,276324,3101236242,0,200059744540378135492
2026-02-27 16:30:00,-28302669,28304777576325445615,276324,276324,276324,276324,0,28304777576325445615,200059744540378135492
2026-02-27 16:35:00,-35731382,35734032224665551426,276324,276324,276324,276324,0,35734032224665551426,200059744540378135492
2026-02-27 16:37:00,-9595790464,9576484694054033506793,276287,276324,276287,276324,113632600990,123144399096284743848425,11885623733129076569443
2026-02-27 16:38:00,1271253672,-1271310153000000000000,276324,276324,276324,276324,1271253672,0,200059744540378135492
2026-02-27 16:40:00,3822857895,-3823125089894468218242,276324,276324,276324,276324,3822857895,0,200059744540378135492
2026-02-27 16:41:00,5199402743,-5200000662224104489657,276325,276325,276325,276325,5199402743,0,200059744540378135492
2026-02-27 16:42:00,-517232234,517298648009244601868,276325,276325,276325,276325,0,517298648009244601868,200059744540378135492
2026-02-27 16:43:00,978212733,-978352694979836732974,276325,276325,276325,276325,1209786412,231602546004310917027,200059744540378135492
2026-02-27 16:44:00,-4998343826,4998585245320383346834,276322,276321,276321,276324,31144417638,36141132605724460890258,200049416117217715427
2026-02-27 16:45:00,-1104846232,1086989023501290250506,276019,276023,276019,276324,118844962937,119867598487967380076147,2551737620207030670
2026-02-27 16:46:00,-745009146,745066108920013164796,276324,276324,276324,276324,0,745066108920013164796,200059744540378135492
2026-02-27 16:47:00,936364857,-936446712869117503209,276324,276324,276324,276324,936364857,0,200059744540378135492
2026-02-27 16:48:00,-1266291665,1265982899973036441160,276324,276321,276320,276324,40471356748,41732367932165806539786,200059744540378135492
2026-02-27 16:50:00,39627411,-39630567613225338892,276324,276324,276324,276324,39627411,0,200059744540378135492
2026-02-27 16:51:00,-984343327,984404824966419792239,276324,276324,276324,276324,239996979,1224418315124083967516,200059744540378135492
2026-02-27 16:52:00,-229473298,229486801272773488974,276324,276324,276324,276324,0,229486801272773488974,200059744540378135492
2026-02-27 16:53:00,-793299150,793341777145423043675,276324,276324,276324,276324,0,793341777145423043675,200059744540378135492
2026-02-27 16:54:00,-832439884,832475673549333858188,276324,276324,276324,276324,217560116,1050046746263033476921,200059744540378135492
2026-02-27 16:55:00,34754043,-34755837715181372780,276324,276324,276324,276324,34754043,0,200059744540378135492
2026-02-27 16:56:00,-2800000000,2800077833215158603167,276324,276324,276324,276324,0,2800077833215158603167,200059744540378135492
2026-02-27 16:57:00,2526469686,-2526570126213248824526,276324,276324,276324,276324,3365926766,839469111281070070665,200059744540378135492
2026-02-27 17:00:00,-840000000,840029282905613857100,276324,276324,276324,276324,0,840029282905613857100,200059744540378135492
2026-02-27 17:01:00,-152356199,152360754241986227139,276324,276324,276324,276324,0,152360754241986227139,200059744540378135492
2026-02-27 17:03:00,-440483199,440495063553453876687,276324,276324,276324,276324,0,440495063553453876687,200059744540378135492
2026-02-27 17:07:00,-599400000,599413030117601832627,276324,276324,276324,276324,0,599413030117601832627,200059744540378135492
2026-02-27 17:11:00,675078439,-675100120785480329405,276324,276324,276324,276324,675078439,0,200059744540378135492
2026-02-27 17:12:00,517440545,-517460248592500000000,276324,276324,276324,276324,517440545,0,200059744540378135492
2026-02-27 17:14:00,-416278772,416290670161496076187,276324,276324,276324,276324,0,416290670161496076187,200059744540378135492
2026-02-27 17:16:00,2520156796,-2520280539000000000000,276324,276324,276324,276324,2520156796,0,200059744540378135492
2026-02-27 17:17:00,-6155985925,6156103863598317625709,276323,276324,276323,276324,1088014075,7244190986483148551922,200049416117217715427
2026-02-27 17:18:00,4231902904,-4231993082414833420549,276324,276323,276323,276324,4231902904,0,200059744540378135492
2026-02-27 17:19:00,75531205,-75594069337314366831,276324,276324,276324,276324,6037852919,5962673084754055641321,200059744540378135492
2026-02-27 17:21:00,-370634849,370646473178858498542,276324,276324,276324,276324,0,370646473178858498542,200059744540378135492
2026-02-27 17:22:00,-633884247,633891395570022149944,276324,276324,276324,276324,954915753,1588849439045426153957,200059744540378135492
2026-02-27 17:23:00,2563783017,-2563900931200568341512,276324,276324,276324,276324,2563783017,0,200059744540378135492
2026-02-27 17:24:00,957743000,-957803908726771902527,276324,276324,276324,276324,957743000,0,200059744540378135492
2026-02-27 17:25:00,-458643919,458669643344913296361,276324,276324,276324,276324,0,458669643344913296361,200059744540378135492
2026-02-27 17:26:00,-1359113477,1359177357699871905342,276324,276324,276324,276324,0,1359177357699871905342,200059744540378135492
2026-02-27 17:28:00,514652220,-514682500274372232841,276324,276324,276324,276324,826177942,311537762586019402317,200059744540378135492
2026-02-27 17:29:00,-2327296230,2327374707141578007760,276324,276324,276324,276324,0,2327374707141578007760,200059744540378135492
2026-02-27 17:32:00,2865578364,-2866742267315896821636,276342,276324,276324,276342,105921342615,103117675879065256633833,20015983941558661743
2026-02-27 17:33:00,2426484871,-2426661693697251737543,276324,276324,276324,276324,2426484871,0,200059744540378135492
2026-02-27 17:34:00,-2219634979,2219765720200436640689,276324,276324,276324,276324,1110365021,3330194320200436640689,200059744540378135492
2026-02-27 17:35:00,-3723750000,3723877333335277543196,276324,276324,276324,276324,0,3723877333335277543196,200059744540378135492
2026-02-27 17:38:00,338154792,-338164015000000000000,276324,276324,276324,276324,338154792,0,200059744540378135492
2026-02-27 17:40:00,-480174996,480182947284752082991,276324,276324,276324,276324,0,480182947284752082991,200059744540378135492
2026-02-27 17:42:00,3152363721,-3152489562000000000000,276324,276324,276324,276324,3152363721,0,200059744540378135492
2026-02-27 17:43:00,-24825000,24826129975548809091,276324,276324,276324,276324,0,24826129975548809091,200059744540378135492
2026-02-27 17:44:00,-448753189,448772568423611481662,276324,276324,276324,276324,0,448772568423611481662,200059744540378135492
2026-02-27 17:45:00,-626398738,626422420814989562003,276324,276324,276324,276324,0,626422420814989562003,200059744540378135492
2026-02-27 17:48:00,-1538806013,1529994714564119514311,276324,276223,276223,276324,113527905355,114993209441200638282951,200059744540378135492
2026-02-27 17:49:00,-6476170,6476344198798415987,276324,276324,276324,276324,0,6476344198798415987,200059744540378135492
2026-02-27 17:56:00,-450000000,450011120515001153068,276324,276324,276324,276324,0,450011120515001153068,200059744540378135492
2026-02-27 18:00:00,-324826495,317162398810488864646,276324,276324,275909,276324,112910858795,113163307592006507674601,200059744540378135492
2026-02-27 18:01:00,-3093857034,3076570327727943323844,276324,276324,276242,276324,111807631346,114819462184412735836356,200059744540378135492
2026-02-27 18:03:00,34225953,-34226638000000000000,276324,276324,276324,276324,34225953,0,200059744540378135492
2026-02-27 18:06:00,5015347,-5015449000000000000,276324,276324,276324,276324,5015347,0,200059744540378135492
2026-02-27 18:07:00,-332667000,332669846225950869761,276324,276324,276324,276324,0,332669846225950869761,200059744540378135492
2026-02-27 18:09:00,253477538,-253482142682308236600,276324,276324,276324,276324,253477538,0,200059744540378135492
2026-02-27 18:10:00,27216673,-27217206000000000000,276324,276324,276324,276324,27216673,0,200059744540378135492
2026-02-27 18:13:00,9946586,-9946783000000000000,276324,276324,276324,276324,9946586,0,200059744540378135492
2026-02-27 18:14:00,289557331,-289566889545265577273,276324,276324,276324,276324,629984519,340432088249080912181,200059744540378135492
2026-02-27 18:15:00,-14047410,14047586586626875547,276324,276324,276324,276324,0,14047586586626875547,200059744540378135492
2026-02-27 18:17:00,728833484,-728856171818189608397,276324,276324,276324,276324,1088061535,359235822716009714510,200059744540378135492
2026-02-27 18:18:00,-1808184764,1808204297453897514557,276324,276324,276324,276324,0,1808204297453897514557,200059744540378135492
2026-02-27 18:20:00,450143691,-450150000000000000000,276324,276324,276324,276324,450143691,0,200059744540378135492
2026-02-27 18:21:00,-1461189783,1461188263264730511609,276323,276323,276323,276323,0,1461188263264730511609,200049416117217715427
2026-02-27 18:22:00,5658580793,-5658755024208347331573,276324,276324,276324,276324,6138003246,479423175791652668427,200059744540378135492
2026-02-27 18:23:00,-1306324551,1306379021574474321139,276324,276324,276324,276324,0,1306379021574474321139,200059744540378135492
2026-02-27 18:24:00,-44200,44200775376913400,276324,276324,276324,276324,0,44200775376913400,200059744540378135492
2026-02-27 18:25:00,-475415183,475415770968417325638,276324,276324,276324,276324,1499950626,1975415770968417325638,200059744540378135492
2026-02-27 18:28:00,-1198800000,1198829277182347305226,276324,276324,276324,276324,0,1198829277182347305226,200059744540378135492
2026-02-27 18:32:00,210138201,-210144396196601247018,276324,276324,276324,276324,210138201,0,200059744540378135492
2026-02-27 18:33:00,-309298896,309304766356005357550,276324,276324,276324,276324,0,309304766356005357550,200059744540378135492
2026-02-27 18:34:00,-817650000,817660915894541904427,276324,276324,276324,276324,0,817660915894541904427,200059744540378135492
2026-02-27 18:35:00,1748071537,-1755977527916269842389,276324,276324,275793,276324,115635701243,113815092263547238869474,200059744540378135492
2026-02-27 18:36:00,-2143326744,2143363913559940880713,276324,276324,276324,276324,0,2143363913559940880713,200059744540378135492
2026-02-27 18:37:00,-415520840,415522130113206401127,276324,276324,276324,276324,59988623,475511769656037765388,200059744540378135492
2026-02-27 18:42:00,1063621395,-1063640321041765778018,276324,276324,276324,276324,1063621395,0,200059744540378135492
2026-02-27 18:44:00,-345000125,345004051377734035361,276324,276324,276324,276324,0,345004051377734035361,200059744540378135492
2026-02-27 18:47:00,-320327134,320329713836364971721,276324,276324,276324,276324,0,320329713836364971721,200059744540378135492
2026-02-27 18:48:00,-210000000,210001135501555588587,276324,276324,276324,276324,0,210001135501555588587,200059744540378135492
2026-02-27 18:50:00,458505096,-458512731119133695964,276324,276324,276324,276324,458505096,0,200059744540378135492
2026-02-27 18:51:00,-2852911327,2852896150842646619209,276323,276323,276323,276323,0,2852896150842646619209,200049416117217715427
2026-02-27 18:52:00,9892517385,-9892911803048064960755,276324,276324,276324,276324,9892517385,0,200059744540378135492
2026-02-27 18:53:00,-12452067569,12452229809253541263877,276323,276323,276323,276323,5038974343,17490900031253541263877,200049416117217715427
2026-02-27 18:54:00,767838129,-767814075420772706931,276323,276323,276323,276323,767838129,0,200049416117217715427
2026-02-27 18:55:00,373937991,-373982887946495587960,276323,276323,276323,276324,5821589319,5447615798109225370920,200049416117217715427
2026-02-27 18:56:00,60872641,-60877491537278526009,276323,276323,276323,276323,688520246,627628770801437321017,200049416117217715427
2026-02-27 18:57:00,138296615,-138293510649386253049,276323,276323,276323,276323,138296615,0,200049416117217715427
2026-02-27 18:59:00,37270424,-37269619894013696576,276323,276323,276323,276323,37270424,0,200049416117217715427
2026-02-27 19:00:00,1793193712,-1793171432185228657531,276323,276323,276323,276323,1793193712,0,200049416117217715427
2026-02-27 19:02:00,6642189,-6642166937238344841,276323,276323,276323,276323,6642189,0,200049416117217715427
2026-02-27 19:04:00,-4188866365,4188707866100780417064,276323,276323,276323,276323,1468083635,5656714266100780417064,200049416117217715427
2026-02-27 19:05:00,849593343,-849558488711465403801,276323,276323,276323,276323,849593343,0,200049416117217715427
2026-02-27 19:06:00,-58796428,58793660325550660969,276323,276323,276323,276323,0,58793660325550660969,200049416117217715427
2026-02-27 19:08:00,2464559134,-2464497406341755514937,276323,276323,276323,276323,2464559134,0,200049416117217715427
2026-02-27 19:09:00,-682449093,682421696943983285554,276323,276323,276323,276323,955717649,1638116096416267891386,200049416117217715427
2026-02-27 19:10:00,-1028323500,1028287827054181470709,276323,276323,276323,276323,0,1028287827054181470709,200049416117217715427
2026-02-27 19:17:00,250007145,-250000000000000000000,276323,276323,276323,276323,250007145,0,200049416117217715427
2026-02-27 19:19:00,-469053124,469034513441033170131,276323,276323,276323,276323,0,469034513441033170131,200049416117217715427
2026-02-27 19:22:00,-18544352,18543570772125945240,276323,276323,276323,276323,0,18543570772125945240,200049416117217715427
2026-02-27 19:24:00,-13269489,13266826763600709656,276323,276323,276323,276323,210007011,223266826763600709656,200049416117217715427
2026-02-27 19:26:00,374092394,-374080997402585225074,276323,276323,276323,276323,374092394,0,200049416117217715427
2026-02-27 19:27:00,32222398,-32221482000000000000,276323,276323,276323,276323,32222398,0,200049416117217715427
2026-02-27 19:29:00,184944985,-184939928000000000000,276323,276323,276323,276323,184944985,0,200049416117217715427
2026-02-27 19:33:00,61369918,-67934533500186538855,276323,276323,276323,278554,112901511426,112904321359501227367062,200049416117217715427
2026-02-27 19:34:00,466105302,-466094257881396440843,276323,276323,276323,276323,466105302,0,200049416117217715427
2026-02-27 19:35:00,300442724,-300436756389614771260,276323,276323,276323,276323,300442724,0,200049416117217715427
2026-02-27 19:36:00,912276412,-912263821493884542742,276323,276323,276323,276323,912276412,0,200049416117217715427
2026-02-27 19:38:00,823920906,-823916685312643492286,276323,276323,276323,276323,823920906,0,200049416117217715427
2026-02-27 19:39:00,-694551261,675477699075265030840,276323,275923,275923,276323,109487947355,110098664547799873745201,200049416117217715427
2026-02-27 19:40:00,-87778524,87777312421685277342,276323,276323,276323,276323,0,87777312421685277342,200049416117217715427
2026-02-27 19:42:00,-450408413,450400984063635302853,276323,276323,276323,276323,0,450400984063635302853,200049416117217715427
2026-02-27 19:43:00,-619468785,616528951087694147633,276323,276323,276229,276323,108754972526,109306748009318645297201,200049416117217715427
2026-02-27 19:44:00,953884026,-953876256919163367761,276323,276323,276323,276323,959394026,5509872827852693301,200049416117217715427
2026-02-27 19:47:00,136987448,-137001497141963205847,276323,276323,276323,276323,1579432196,1442414967932794177405,200049416117217715427
2026-02-27 19:49:00,-46536532,46535959384707802927,276323,276323,276323,276323,0,46535959384707802927,200049416117217715427
2026-02-27 19:50:00,-210000000,209997148166661366325,276323,276323,276323,276323,0,209997148166661366325,200049416117217715427
2026-02-27 19:51:00,-3388748420,3388641441256593710213,276323,276323,276323,276323,0,3388641441256593710213,200049416117217715427
2026-02-27 19:53:00,311558051,-311546539000000000000,276323,276323,276323,276323,311558051,0,200049416117217715427
2026-02-27 19:55:00,5073297283,-5073246381296342942272,276324,276323,276323,276324,5073297283,0,200059744540378135492
2026-02-27 19:57:00,-21094311,21094420588775767839,276324,276324,276324,276324,0,21094420588775767839,200059744540378135492
2026-02-27 19:58:00,-2149817103,2149800044455838522955,276323,276324,276323,276324,495046769,2644854375455838522955,200049416117217715427
2026-02-27 20:00:00,-402300000,402292601969915775388,276323,276323,276323,276323,0,402292601969915775388,200049416117217715427
2026-02-27 20:02:00,-343255013,343246420320876889952,276323,276323,276323,276323,100000989,443246420320876889952,200049416117217715427
2026-02-27 20:03:00,-2590894383,2581465300843920328117,276259,276323,276259,276323,107149482898,109666224838361187845557,4999993390435
2026-02-27 20:06:00,509925860,-509913525000000000000,276323,276323,276323,276323,509925860,0,200049416117217715427
2026-02-27 20:07:00,1737364712,-1737342200000000000000,276323,276323,276323,276323,1737364712,0,200049416117217715427
2026-02-27 20:08:00,-199566591,199563543274454628965,276323,276323,276323,276323,0,199563543274454628965,200049416117217715427
2026-02-27 20:10:00,-626247000,626234850786355421763,276323,276323,276323,276323,0,626234850786355421763,200049416117217715427
2026-02-27 20:15:00,-41856011,41855058541692217409,276323,276323,276323,276323,0,41855058541692217409,200049416117217715427
2026-02-27 20:17:00,1078469907,-1078461854512487675246,276323,276323,276323,276323,1088109908,9639883385883466852,200049416117217715427
2026-02-27 20:18:00,-1978530369,1978466655962695509834,276323,276324,276323,276324,2007199950,3985682398613586524655,200049416117217715427
2026-02-27 20:21:00,-200051254,200044662486952134379,276323,276323,276323,276323,0,200044662486952134379,200049416117217715427
2026-02-27 20:23:00,-250540,250530747737245982,276323,276323,276323,276323,0,250530747737245982,200049416117217715427
2026-02-27 20:25:00,961317093,-961298690633253248358,276323,276323,276323,276323,961317093,0,200049416117217715427
2026-02-27 20:26:00,-100213853,100211362918450714823,276323,276323,276323,276323,0,100211362918450714823,200049416117217715427
2026-02-27 20:27:00,-220404189,220398360309616108315,276323,276323,276323,276323,0,220398360309616108315,200049416117217715427
2026-02-27 20:28:00,688425519,-688415811552036275193,276323,276323,276323,276323,688425519,0,200049416117217715427
2026-02-27 20:29:00,744627089,-744621922916448388204,276323,276323,276323,276323,744627089,0,200049416117217715427
2026-02-27 20:30:00,668991884,-668994644904549937306,276324,276324,276324,276324,936413787,267420513841834200279,200059744540378135492
2026-02-27 20:31:00,2997983455,-2998038810885140347508,276324,276324,276324,276324,2999908157,1924689040545279137,200059744540378135492
2026-02-27 20:32:00,-4807296588,4807293767353488011327,276323,276324,276323,276324,0,4807293767353488011327,200049416117217715427
2026-02-27 20:33:00,2828143705,-2828142376928601649159,276324,276323,276323,276324,2830580845,2437099223904075512,200059744540378135492
2026-02-27 20:34:00,-3081141302,3081105116601187445037,276323,276323,276323,276323,0,3081105116601187445037,200049416117217715427
2026-02-27 20:36:00,-1807549400,1807400659579975576444,276323,276322,276322,276323,8334589739,10141353991275585022844,200049416117217715427
2026-02-27 20:37:00,2146038881,-2145999015303558935337,276323,276323,276323,276323,3414635884,1268531599696441064663,200049416117217715427
2026-02-27 20:38:00,-2099374156,2099283215599905242337,276323,276323,276323,276323,1902727508,4001926511599905242337,200049416117217715427
2026-02-27 20:39:00,2231655152,-2232720878165779144604,286962,276323,276323,286962,114028652899,111862595651834220855396,4999993390435
2026-02-27 20:40:00,-139491480,139481650449276316482,276323,276323,276323,276323,660156028,799631650449276316482,200049416117217715427
2026-02-27 20:41:00,-1093661292,1093629254082145914014,276323,276323,276323,276323,0,1093629254082145914014,200049416117217715427
2026-02-27 20:43:00,-210000000,209992479916508306250,276323,276323,276323,276323,0,209992479916508306250,200049416117217715427
2026-02-27 20:44:00,210096330,-210090908000000000000,276323,276323,276323,276323,210096330,0,200049416117217715427
2026-02-27 20:45:00,558768099,-558755825906888822083,276323,276323,276323,276323,558768099,0,200049416117217715427
2026-02-27 20:47:00,-1058231216,1058194745550400255210,276323,276323,276323,276323,0,1058194745550400255210,200049416117217715427
2026-02-27 20:53:00,99705108,-99702191245258168864,276323,276323,276323,276323,99705108,0,200049416117217715427
2026-02-27 20:56:00,-978194008,978071101101484057572,276323,276322,276322,276323,8021805992,8999246342451468739556,200049416117217715427
2026-02-27 20:57:00,197015954,-197008556453444256756,276323,276323,276323,276323,197015954,0,200049416117217715427
2026-02-27 20:58:00,46093521,-46091846322265718002,276323,276323,276323,276323,46093521,0,200049416117217715427
2026-02-27 20:59:00,96792876,-96789428652820534570,276323,276323,276323,276323,96792876,0,200049416117217715427
2026-02-27 21:00:00,1245290281,-1253216712411996198820,276323,276323,276323,276881,114876613711,113695413289628726637756,200049416117217715427
2026-02-27 21:01:00,1110890877,-1110870525136807889904,276323,276323,276323,276323,1110890877,0,200049416117217715427
2026-02-27 21:02:00,269936245,-269933164083631891350,276323,276323,276323,276323,269936245,0,200049416117217715427
2026-02-27 21:03:00,-2099477264,2099413097021653589533,276323,276323,276323,276323,0,2099413097021653589533,200049416117217715427
2026-02-27 21:04:00,571067534,-571055452129150129427,276323,276323,276323,276323,973367534,402286587870849870573,200049416117217715427
2026-02-27 21:05:00,-1170229795,1170176659029288789868,276323,276323,276323,276323,492455905,1662613108029288789868,200049416117217715427
2026-02-27 21:07:00,980179330,-980147820000000000000,276323,276323,276323,276323,980179330,0,200049416117217715427
2026-02-27 21:09:00,258526315,-267320609052593999755,276323,276323,276202,276323,109537863878,109205770564731619307412,200049416117217715427
2026-02-27 21:12:00,-592493460,592474977110233002471,276323,276323,276323,276323,0,592474977110233002471,200049416117217715427
2026-02-27 21:14:00,-2885868,2885768818652396611,276323,276323,276323,276323,0,2885768818652396611,200049416117217715427
2026-02-27 21:16:00,2747055,-2746989476100164882,276323,276323,276323,276323,2747055,0,200049416117217715427
2026-02-27 21:17:00,1088126993,-1088106625852260579652,276323,276323,276323,276323,1088126993,0,200049416117217715427
2026-02-27 21:18:00,18437365,-18437122347730223631,276323,276323,276323,276323,18437365,0,200049416117217715427
2026-02-27 21:19:00,-97758748,97756442313952703892,276323,276323,276323,276323,0,97756442313952703892,200049416117217715427
2026-02-27 21:21:00,-3802266426,3802102631988287083807,276323,276323,276323,276323,0,3802102631988287083807,200049416117217715427
2026-02-27 21:22:00,-251451485,251434745073916057073,276323,276323,276323,276323,81269110,332699385073916057073,200049416117217715427
2026-02-27 21:23:00,1415645198,-1415577926972075208704,276323,276323,276323,276323,1415645198,0,200049416117217715427
2026-02-27 21:25:00,450239536,-450222339771357348391,276323,276323,276323,276323,450239536,0,200049416117217715427
2026-02-27 21:26:00,17961449,-17960805661071031249,276323,276323,276323,276323,17961449,0,200049416117217715427
2026-02-27 21:29:00,916704053,-916675468066994560354,276323,276323,276323,276323,916704053,0,200049416117217715427
2026-02-27 21:30:00,-14895000,14894453211276350593,276323,276323,276323,276323,0,14894453211276350593,200049416117217715427
2026-02-27 21:31:00,39849398,-39857535063065586863,276323,276323,276323,276323,959216742,919329332356639288042,200049416117217715427
2026-02-27 21:32:00,-974255,969229177819054905,276323,276323,276323,276323,499025745,499983069598521106653,200049416117217715427
2026-02-27 21:33:00,-2047559189,2047462997923535561050,276323,276323,276323,276323,78378427,2125837724549222739848,200049416117217715427
2026-02-27 21:35:00,2214700050,-2214620855360432811934,276323,276323,276323,276323,2214700050,0,200049416117217715427
2026-02-27 21:38:00,-999934270,999894584109357870724,276323,276323,276323,276323,0,999894584109357870724,200049416117217715427
2026-02-27 21:42:00,879463298,-879436659813167062223,276323,276323,276323,276323,879463298,0,200049416117217715427
2026-02-27 21:46:00,186502374,-186497719284383426036,276323,276323,276323,276323,186502374,0,200049416117217715427
2026-02-27 21:47:00,1413335038,-1413311062130122954750,276323,276323,276323,276323,1413335038,0,200049416117217715427
2026-02-27 21:48:00,345730662,-352452740382830554541,276323,276643,276323,276643,111398942611,111117379251488027513540,200049416117217715427
2026-02-27 21:49:00,-200000000,199996166894221531246,276323,276323,276323,276323,0,199996166894221531246,200049416117217715427
2026-02-27 21:50:00,327411124,-327408332626499214434,276323,276323,276323,276323,327411124,0,200049416117217715427
2026-02-27 21:55:00,-474397193,474388054502602283300,276323,276323,276323,276323,0,474388054502602283300,200049416117217715427
2026-02-27 21:56:00,24052948,-24052671091424374410,276323,276323,276323,276323,24052948,0,200049416117217715427
2026-02-27 22:04:00,196709860,-196707813000000000000,276323,276323,276323,276323,196709860,0,200049416117217715427
2026-02-27 22:05:00,-332520604,332513590810565428222,276323,276323,276323,276323,0,332513590810565428222,200049416117217715427
2026-02-27 22:07:00,-399154155,399144276849740260616,276323,276323,276323,276323,0,399144276849740260616,200049416117217715427
2026-02-27 22:10:00,-207016441,203491023590926340986,276323,276323,276291,276323,109984523120,110123248170186339695120,200049416117217715427
2026-02-27 22:11:00,-188670000,188665801025479653959,276323,276323,276323,276323,0,188665801025479653959,200049416117217715427
2026-02-27 22:12:00,-44922083,44921030542445177615,276323,276323,276323,276323,0,44921030542445177615,200049416117217715427
2026-02-27 22:14:00,-10000000,9999763056282267877,276323,276323,276323,276323,0,9999763056282267877,200049416117217715427
2026-02-27 22:15:00,-450000000,449988302830083604109,276323,276323,276323,276323,0,449988302830083604109,200049416117217715427
2026-02-27 22:17:00,1088125413,-1088111481349790313409,276323,276323,276323,276323,1088125413,0,200049416117217715427
2026-02-27 22:18:00,-2148875183,2148814785794034924408,276323,276323,276323,276323,0,2148814785794034924408,200049416117217715427
2026-02-27 22:22:00,-873777355,873735467045795126054,276323,276323,276323,276323,412762132,1286481234764558464925,200049416117217715427
2026-02-27 22:23:00,130150077,-130145270521380470784,276323,276323,276323,276323,130150077,0,200049416117217715427
2026-02-27 22:24:00,-899100000,899054347442394292176,276323,276323,276323,276323,0,899054347442394292176,200049416117217715427
2026-02-27 22:26:00,826947871,-826913854077987067586,276323,276323,276323,276323,826947871,0,200049416117217715427
2026-02-27 22:27:00,50001751,-49999913470618108728,276323,276323,276323,276323,50001751,0,200049416117217715427
2026-02-27 22:28:00,-899444614,899398742992278406241,276323,276323,276323,276323,0,899398742992278406241,200049416117217715427
2026-02-27 22:29:00,483250127,-483233555589383863807,276323,276323,276323,276323,907822406,424551669694253174945,200049416117217715427
2026-02-27 22:31:00,924262414,-924229100437270671157,276323,276323,276323,276323,924262414,0,200049416117217715427
2026-02-27 22:33:00,524460728,-524448623034221294970,276323,276323,276323,276323,824351415,299880285817423685158,200049416117217715427
2026-02-27 22:34:00,-1030862357,1030815865983827923726,276323,276323,276323,276323,388073806,1418879362984638846766,200049416117217715427
2026-02-27 22:35:00,402227787,-402213920831408425854,276323,276323,276323,276323,402227787,0,200049416117217715427
2026-02-27 22:36:00,4551365205,-4551326857120181481092,276324,276323,276323,276324,5137877405,586487745775856893364,200059744540378135492
2026-02-27 22:37:00,-2376770499,2376749475293084823604,276323,276323,276323,276323,0,2376749475293084823604,200049416117217715427
2026-02-27 22:38:00,-3841289877,3841127384687437983994,276323,276323,276323,276323,912469984,4753591744573535534408,200049416117217715427
2026-02-27 22:39:00,3395541025,-3395431845000000000000,276323,276323,276323,276323,3395541025,0,200049416117217715427
2026-02-27 22:40:00,-915927856,915900598218383929812,276323,276323,276323,276323,0,915900598218383929812,200049416117217715427
2026-02-27 22:41:00,-732267000,732239174759904104484,276323,276323,276323,276323,0,732239174759904104484,200049416117217715427
2026-02-27 22:43:00,6507778227,-6507783899767516992834,276324,276324,276324,276324,6507778227,0,200059744540378135492
2026-02-27 22:44:00,-4796611914,4796609154181867559864,276323,276324,276323,276324,0,4796609154181867559864,200049416117217715427
2026-02-27 22:45:00,198203236,-198200549000000000000,276323,276323,276323,276323,198203236,0,200049416117217715427
2026-02-27 22:46:00,-2659647000,2659551613644660030721,276323,276323,276323,276323,0,2659551613644660030721,200049416117217715427
2026-02-27 22:52:00,226108596,-226099998000000000000,276323,276323,276323,276323,226108596,0,200049416117217715427
2026-02-27 22:53:00,-525338830,525312812027265783747,276323,276323,276323,276323,0,525312812027265783747,200049416117217715427
2026-02-27 22:54:00,-183336169,183326439797849106292,276323,276323,276323,276323,0,183326439797849106292,200049416117217715427
2026-02-27 22:56:00,-59580000,59576765897960402267,276323,276323,276323,276323,0,59576765897960402267,200049416117217715427
2026-02-27 23:02:00,-537735700,537704904934109490197,276323,276323,276323,276323,0,537704904934109490197,200049416117217715427
2026-02-27 23:06:00,-294980700,294962579902939417017,276323,276323,276323,276323,0,294962579902939417017,200049416117217715427
2026-02-27 23:08:00,797516624,-797477613000000000000,276323,276323,276323,276323,797516624,0,200049416117217715427
2026-02-27 23:09:00,-821795190,821745598033881969125,276323,276323,276323,276323,107484810,929224638033881969125,200049416117217715427
2026-02-27 23:10:00,599604617,-599574548097207343213,276323,276323,276323,276323,599604617,0,200049416117217715427
2026-02-27 23:13:00,-495145280,495115756364204250092,276323,276323,276323,276323,0,495115756364204250092,200049416117217715427
2026-02-27 23:14:00,2276004557,-2275911868804346202306,276323,276323,276323,276323,2276004557,0,200049416117217715427
2026-02-27 23:15:00,-2896743907,2896587984170019003428,276323,276323,276323,276323,0,2896587984170019003428,200049416117217715427
2026-02-27 23:16:00,142773348,-142765126000000000000,276323,276323,276323,276323,142773348,0,200049416117217715427
2026-02-27 23:17:00,1095998920,-1095942586108217900252,276323,276323,276323,276323,1095998920,0,200049416117217715427
2026-02-27 23:19:00,1408303002,-1408251713133614248476,276323,276323,276323,276323,1755216102,346899185045431537520,200049416117217715427
2026-02-27 23:20:00,-1029600000,1029551619179353231107,276323,276323,276323,276323,0,1029551619179353231107,200049416117217715427
2026-02-27 23:22:00,-672854244,672816900253702729341,276323,276323,276323,276323,0,672816900253702729341,200049416117217715427
2026-02-27 23:27:00,796572504,-810957791093462813481,276343,277023,276323,277023,115485449348,114752916876605740245495,20015983941558661743
2026-02-27 23:33:00,-217846277,217834164120759359252,276323,276323,276323,276323,0,217834164120759359252,200049416117217715427
2026-02-27 23:34:00,-28871564,28869922513990375788,276323,276323,276323,276323,0,28869922513990375788,200049416117217715427
2026-02-27 23:44:00,-228438304,228425026667687199592,276323,276323,276323,276323,0,228425026667687199592,200049416117217715427
2026-02-27 23:46:00,-8208750,8208262252797772012,276323,276323,276323,276323,0,8208262252797772012,200049416117217715427
2026-02-27 23:51:00,243955297,-243943557144919702603,276323,276323,276323,276323,243955297,0,200049416117217715427
2026-02-27 23:52:00,-1986000,1985886899414696216,276323,276323,276323,276323,0,1985886899414696216,200049416117217715427
2026-02-27 23:54:00,281412237,-281400919547671330246,276323,276323,276323,276323,430498563,149077727802379308308,200049416117217715427
2026-02-27 23:56:00,234989250,-234979161227329505960,276323,276323,276323,276323,234989250,0,200049416117217715427
