timestamp,netAmount0,netAmount1,closeTick,openTick,lowestTick,highestTick,inAmount0,inAmount1,currentLiquidity
2026-07-21 00:00:00,82444552409,-82395627138098677632505,276318,276318,276318,276318,82444552409,0,50006175704242302224134
2026-07-21 00:06:00,-2125541,2124261521300647245,276318,276318,276318,276318,0,2124261521300647245,50006175704242302224134
2026-07-21 00:07:00,-33801028123,33780663451947015900217,276318,276318,276318,276318,108135133,33888734489158626068355,50006175704242302224134
2026-07-21 00:08:00,-24315296528,24300619327191473315827,276318,276318,276318,276318,10178481,24310791761871550407602,50006175704242302224134
2026-07-21 00:09:00,200380832,-200261789482235584361,276318,276318,276318,276318,200759514,378453131059486921,50006175704242302224134
2026-07-21 00:12:00,-26998324079,26982000000000000000000,276318,276318,276318,276318,0,26982000000000000000000,50006175704242302224134
2026-07-21 00:13:00,11938135709,-11931033921441220298865,276318,276318,276318,276318,12006709867,68532658586701670387,50006175704242302224134
2026-07-21 00:15:00,4152817265,-4150347924000000000000,276318,276318,276318,276318,4152817265,0,50006175704242302224134
2026-07-21 00:21:00,-77573000,77526104581120965267,276318,276318,276318,276318,0,77526104581120965267,50006175704242302224134
2026-07-21 00:24:00,200101711,-199982743913889113515,276318,276318,276318,276318,200101711,0,50006175704242302224134
2026-07-21 00:26:00,-120000000,119927456764737507530,276318,276318,276318,276318,0,119927456764737507530,50006175704242302224134
2026-07-21 00:30:00,35187471,-35166551366022777233,276318,276318,276318,276318,35187471,0,50006175704242302224134
2026-07-21 00:33:00,-110067,110000000000000000,276318,276318,276318,276318,0,110000000000000000,50006175704242302224134
2026-07-21 00:38:00,34471084,-34450589986677508939,276318,276318,276318,276318,34471084,0,50006175704242302224134
2026-07-21 00:39:00,-29467358309,29449527157920359386293,276318,276318,276318,276318,0,29449527157920359386293,50006175704242302224134
2026-07-21 00:40:00,-333871621,333669390736632781873,276318,276318,276318,276318,0,333669390736632781873,50006175704242302224134
2026-07-21 00:42:00,-120000000,119927313624746735755,276318,276318,276318,276318,0,119927313624746735755,50006175704242302224134
2026-07-21 00:44:00,-345659708,345450331000000000000,276318,276318,276318,276318,0,345450331000000000000,50006175704242302224134
2026-07-21 00:48:00,140208803,-140125275455924870979,276318,276318,276318,276318,140208803,0,50006175704242302224134
2026-07-21 00:49:00,-67130453941,67089695694275704353484,276317,276317,276317,276317,525541914,67614923108612627280197,50006175704242301224435
2026-07-21 00:50:00,1034368088,-1033749124310859012204,276317,276317,276317,276317,1034368088,0,50006175704242301224435
2026-07-21 00:51:00,-5407225700,5403935512942595797447,276317,276317,276317,276317,0,5403935512942595797447,50006175704242301224435
2026-07-21 00:52:00,7003884589,-6999693089362514833796,276317,276317,276317,276317,7003884589,0,50006175704242301224435
2026-07-21 00:53:00,-106056171727,105990043619713227506358,276317,276317,276317,276317,138943828273,244849765365101915777452,50006175704242301224435
2026-07-21 00:54:00,459575249355,-459302562357842589090893,276318,276318,276318,276318,460666267637,1090370042157410909107,50006175704242302224134
2026-07-21 00:57:00,1104305717,-1103660620902077610909,276318,276318,276318,276318,1104305717,0,50006175704242302224134
2026-07-21 00:58:00,-20989776838,20977297227702765512748,276318,276318,276318,276318,0,20977297227702765512748,50006175704242302224134
2026-07-21 00:59:00,-19247999939,19236540438592789674794,276318,276318,276318,276318,0,19236540438592789674794,50006175704242302224134
2026-07-21 01:00:00,-121111851030,121039406176108768616927,276318,276318,276318,276318,0,121039406176108768616927,50006175704242302224134
2026-07-21 01:01:00,120133534,-120062585072943114081,276318,276318,276318,276318,120133534,0,50006175704242302224134
2026-07-21 01:03:00,-74794921,74750000000000000000,276318,276318,276318,276318,0,74750000000000000000,50006175704242302224134
2026-07-21 01:05:00,-120000000,119927929776029345955,276318,276318,276318,276318,0,119927929776029345955,50006175704242302224134
2026-07-21 01:06:00,-62883215348,62845369405087062032641,276318,276318,276318,276318,5789299,62851155270595133985013,50006175704242302224134
2026-07-21 01:10:00,-49575000,49545101126673245760,276318,276318,276318,276318,0,49545101126673245760,50006175704242302224134
2026-07-21 01:16:00,36024676843,-36003336238527221322424,276318,276318,276318,276318,36024676843,0,50006175704242302224134
2026-07-21 01:24:00,-3373740673,3371710591005704086009,276318,276318,276318,276318,0,3371710591005704086009,50006175704242302224134
2026-07-21 01:27:00,176043889798,-175940325600000000000000,276318,276318,276318,276318,176043889798,0,50006175704242302224134
2026-07-21 01:29:00,36014491380,-35993457240837008224449,276318,276318,276318,276318,36024471380,9974064162991775551,50006175704242302224134
2026-07-21 01:31:00,9901258,-9895483017200801206,276318,276318,276318,276318,9901258,0,50006175704242302224134
2026-07-21 01:34:00,-105607254,105544593546737224893,276318,276318,276318,276318,0,105544593546737224893,50006175704242302224134
2026-07-21 01:35:00,-412404800,412160104000000000000,276318,276318,276318,276318,0,412160104000000000000,50006175704242302224134
2026-07-21 01:42:00,-8969996451,8964672546893477864647,276318,276318,276318,276318,0,8964672546893477864647,50006175704242302224134
2026-07-21 01:44:00,-628897798,628524411297305087592,276318,276318,276318,276318,0,628524411297305087592,50006175704242302224134
2026-07-21 01:45:00,514789059410,-514493854620000000000000,276318,276318,276318,276318,514789059410,0,50006175704242302224134
2026-07-21 01:46:00,-55158194808,55126519727101607257826,276318,276318,276318,276318,0,55126519727101607257826,50006175704242302224134
2026-07-21 01:49:00,-182851480616,182745606996647369293971,276318,276318,276318,276318,0,182745606996647369293971,50006175704242302224134
2026-07-21 01:50:00,-39924000000,39900705729590847299157,276318,276318,276318,276318,0,39900705729590847299157,50006175704242302224134
2026-07-21 01:52:00,-1813556557,1812496896029992488686,276318,276318,276318,276318,0,1812496896029992488686,50006175704242302224134
2026-07-21 01:53:00,41010286819,-40986766523401722552836,276318,276318,276318,276318,41010286819,0,50006175704242302224134
2026-07-21 01:58:00,-209822265,209700000000000000000,276318,276318,276318,276318,0,209700000000000000000,50006175704242302224134
2026-07-21 01:59:00,-93615707532,93560646430883684935558,276318,276318,276318,276318,33584122868,127125387137513570257049,50006175704242302224134
2026-07-21 02:00:00,255476240,-255328971738587620846,276318,276318,276318,276318,255476240,0,50006175704242302224134
2026-07-21 02:06:00,-112000000,111934318944293212170,276318,276318,276318,276318,0,111934318944293212170,50006175704242302224134
2026-07-21 02:13:00,-49218912,49190047096359032438,276318,276318,276318,276318,0,49190047096359032438,50006175704242302224134
2026-07-21 02:15:00,9390983,-9385570382239225182,276318,276318,276318,276318,9390983,0,50006175704242302224134
2026-07-21 02:17:00,-118199842400,118130245925270138315275,276318,276318,276318,276318,0,118130245925270138315275,50006175704242302224134
2026-07-21 02:19:00,7887002334,-7882419881046850614276,276318,276318,276318,276318,7887002334,0,50006175704242302224134
2026-07-21 02:20:00,-31500000,31481387709006960526,276318,276318,276318,276318,0,31481387709006960526,50006175704242302224134
2026-07-21 02:24:00,26738052,-26722521607106971629,276318,276318,276318,276318,26738052,0,50006175704242302224134
2026-07-21 02:26:00,-3065720266,3063908696760910173752,276318,276318,276318,276318,0,3063908696760910173752,50006175704242302224134
2026-07-21 02:27:00,-11100300000,11093737564703133732424,276318,276318,276318,276318,0,11093737564703133732424,50006175704242302224134
2026-07-21 02:29:00,-4200000000,4197515699748187985584,276318,276318,276318,276318,0,4197515699748187985584,50006175704242302224134
2026-07-21 02:30:00,800606,-800141000000000000,276318,276318,276318,276318,800606,0,50006175704242302224134
2026-07-21 02:31:00,-22500000,22486688851464038363,276318,276318,276318,276318,0,22486688851464038363,50006175704242302224134
2026-07-21 02:32:00,-93464303041,93408836440386315788218,276318,276318,276318,276318,0,93408836440386315788218,50006175704242302224134
2026-07-21 02:33:00,-80630770510,80582639535768775016931,276318,276318,276318,276318,0,80582639535768775016931,50006175704242302224134
2026-07-21 02:34:00,-152511300566,152419551498399558062450,276318,276318,276318,276318,0,152419551498399558062450,50006175704242302224134
2026-07-21 02:35:00,-42594434771,42568644404658874335110,276318,276318,276318,276318,0,42568644404658874335110,50006175704242302224134
2026-07-21 02:37:00,-19644490181,19632571274368001691071,276318,276318,276318,276318,0,19632571274368001691071,50006175704242302224134
2026-07-21 02:38:00,-51103035700,51071957709111811633338,276317,276317,276317,276317,0,51071957709111811633338,50006175704242301224435
2026-07-21 02:39:00,-145941784426,145852456304452406077156,276317,276317,276317,276317,0,145852456304452406077156,50006175704242301224435
2026-07-21 02:41:00,7404155269,-7399676833331466944603,276317,276317,276317,276317,7404155269,0,50006175704242301224435
2026-07-21 02:42:00,-27297482178,27280534265178340787579,276317,276317,276317,276317,15334294171,42605534265178340787579,50006175704242301224435
2026-07-21 02:43:00,41539514157,-41514384107848442902513,276317,276317,276317,276317,41539514157,0,50006175704242301224435
2026-07-21 02:45:00,-118015640445,117942885079401389378322,276317,276317,276317,276317,0,117942885079401389378322,50006175704242301224435
2026-07-21 02:46:00,5626584723,-5623159592521836830480,276317,276317,276317,276317,5626584723,0,50006175704242301224435
2026-07-21 02:51:00,-114886630381,114815295129763447274204,276317,276317,276317,276317,13216419,114828503445060670274784,50006175704242301224435
2026-07-21 02:52:00,-42597205170,42570621794222399262742,276317,276317,276317,276317,0,42570621794222399262742,50006175704242301224435
2026-07-21 02:53:00,-16872996965,16862447090469312565159,276317,276317,276317,276317,0,16862447090469312565159,50006175704242301224435
2026-07-21 02:54:00,-17588688863,17577679390346022084752,276317,276317,276317,276317,0,17577679390346022084752,50006175704242301224435
2026-07-21 02:56:00,-39410259731,39385469158889895876942,276317,276317,276317,276317,7726386695,47107093230616355398419,50006175704242301224435
2026-07-21 02:57:00,-1070858632,1070186252022699004219,276317,276317,276317,276317,0,1070186252022699004219,50006175704242301224435
2026-07-21 02:59:00,-126000000,125920883100763182155,276317,276317,276317,276317,0,125920883100763182155,50006175704242301224435
2026-07-21 03:03:00,-67444229,67401878927086722339,276317,276317,276317,276317,0,67401878927086722339,50006175704242301224435
2026-07-21 03:05:00,2779857549,-2778141164340739288747,276317,276317,276317,276317,2899857549,119924663272096250356,50006175704242301224435
2026-07-21 03:06:00,5981460,-5977764852897007305,276317,276317,276317,276317,5981460,0,50006175704242301224435
2026-07-21 03:07:00,-3999544291,3997031983079017578133,276317,276317,276317,276317,105065704,4102032776741597745884,50006175704242301224435
2026-07-21 03:08:00,-91424002,91366589824688595108,276317,276317,276317,276317,0,91366589824688595108,50006175704242301224435
2026-07-21 03:11:00,20315726,-20303171629703521520,276317,276317,276317,276317,20315726,0,50006175704242301224435
2026-07-21 03:12:00,1639306902,-1638293905920407277472,276317,276317,276317,276317,1639306902,0,50006175704242301224435
2026-07-21 03:14:00,4467051778,-4464291944562988310500,276317,276317,276317,276317,4467051778,0,50006175704242301224435
2026-07-21 03:19:00,119944739,-119870646957559179668,276317,276317,276317,276317,119944739,0,50006175704242301224435
2026-07-21 03:23:00,805350000,-804852527434599736813,276317,276317,276317,276317,805350000,0,50006175704242301224435
2026-07-21 03:24:00,-97500000,97438799781023575560,276317,276317,276317,276317,0,97438799781023575560,50006175704242301224435
2026-07-21 03:25:00,-108000000,107932209098305748458,276317,276317,276317,276317,0,107932209098305748458,50006175704242301224435
2026-07-21 03:27:00,13517614,-13509265116073069153,276317,276317,276317,276317,13517614,0,50006175704242301224435
2026-07-21 03:28:00,-42598108164,42571333284359972638166,276317,276317,276317,276317,0,42571333284359972638166,50006175704242301224435
2026-07-21 03:29:00,-82047706,81996045263718757854,276317,276317,276317,276317,1952294,83947130489580130186,50006175704242301224435
2026-07-21 03:31:00,-464501015,464208653008001895682,276317,276317,276317,276317,0,464208653008001895682,50006175704242301224435
2026-07-21 03:33:00,-710892,710444105729588781,276317,276317,276317,276317,0,710444105729588781,50006175704242301224435
2026-07-21 03:34:00,-79005995329,78956142737550130750528,276317,276317,276317,276317,0,78956142737550130750528,50006175704242301224435
2026-07-21 03:37:00,-128265130625,128183664499314103862474,276317,276317,276317,276317,0,128183664499314103862474,50006175704242301224435
2026-07-21 03:38:00,-88712638628,88655909256742876612721,276317,276317,276317,276317,0,88655909256742876612721,50006175704242301224435
2026-07-21 03:41:00,-27973548,27955609934779994229,276317,276317,276317,276317,0,27955609934779994229,50006175704242301224435
2026-07-21 03:42:00,-42601984790,42574630143611426704898,276317,276317,276317,276317,0,42574630143611426704898,50006175704242301224435
2026-07-21 03:45:00,-42602303082,42574875711992960856764,276317,276317,276317,276317,0,42574875711992960856764,50006175704242301224435
2026-07-21 03:46:00,-42602720462,42575220303383606836005,276317,276317,276317,276317,0,42575220303383606836005,50006175704242301224435
2026-07-21 03:47:00,-42602893625,42575320833873387887462,276317,276317,276317,276317,0,42575320833873387887462,50006175704242301224435
2026-07-21 03:49:00,-42603579523,42575933766073792588021,276317,276317,276317,276317,0,42575933766073792588021,50006175704242301224435
2026-07-21 03:51:00,4425914,-4423082866962686761,276317,276317,276317,276317,4425914,0,50006175704242301224435
2026-07-21 03:59:00,327200076185,-326992884151000000000000,276317,276317,276317,276317,327200076185,0,50006175704242301224435
2026-07-21 04:00:00,137610856718,-137525640299758222763527,276317,276317,276317,276317,202115799601,64463840137241777236473,50006175704242301224435
2026-07-21 04:01:00,-73367185008,73320672917132578406966,276317,276317,276317,276317,9630546317,82945206733132578406966,50006175704242301224435
2026-07-21 04:02:00,-218609050909,218469472415297312507687,276317,276317,276317,276317,0,218469472415297312507687,50006175704242301224435
2026-07-21 04:03:00,-50832660929,50799930447661888946826,276317,276317,276317,276317,98210302,50898078400519962796873,50006175704242301224435
2026-07-21 04:04:00,185277652,-185160022470664505776,276317,276317,276317,276317,185277652,0,50006175704242301224435
2026-07-21 04:05:00,120251732,-120175387228934918117,276317,276317,276317,276317,120251732,0,50006175704242301224435
2026-07-21 04:06:00,-171361949227,171250856252414892532126,276317,276317,276317,276317,0,171250856252414892532126,50006175704242301224435
2026-07-21 04:11:00,33709052255,-33687443042000000000000,276317,276317,276317,276317,33709052255,0,50006175704242301224435
2026-07-21 04:16:00,81351963732,-81300000000000000000000,276317,276317,276317,276317,81351963732,0,50006175704242301224435
2026-07-21 04:22:00,102140838,-102075762006372621024,276317,276317,276317,276317,102140838,0,50006175704242301224435
2026-07-21 04:27:00,34230409200,-34208623640690923564376,276317,276317,276317,276317,34230409200,0,50006175704242301224435
2026-07-21 04:35:00,3506180487,-3503951661995137536993,276317,276317,276317,276317,3506180487,0,50006175704242301224435
2026-07-21 04:38:00,10969594,-10962622060985476579,276317,276317,276317,276317,10969594,0,50006175704242301224435
2026-07-21 04:40:00,16442167,-16432513369273707312,276317,276317,276317,276317,96118710,79625102746558251248,50006175704242301224435
2026-07-21 04:42:00,-10814602496,10807618171384875214833,276317,276317,276317,276317,0,10807618171384875214833,50006175704242301224435
2026-07-21 04:47:00,30000000,-29980918641996333295,276317,276317,276317,276317,30000000,0,50006175704242301224435
2026-07-21 04:48:00,-8000040919,7994871306902256435801,276317,276317,276317,276317,0,7994871306902256435801,50006175704242301224435
2026-07-21 04:53:00,-37704140717,37679741945352762326982,276317,276317,276317,276317,0,37679741945352762326982,50006175704242301224435
2026-07-21 04:54:00,-42608161652,42580521069564982752930,276317,276317,276317,276317,0,42580521069564982752930,50006175704242301224435
2026-07-21 04:56:00,-5253414,5250000000000000000,276317,276317,276317,276317,0,5250000000000000000,50006175704242301224435
2026-07-21 04:57:00,24147808476,-24132375828311411500304,276317,276317,276317,276317,24147808476,0,50006175704242301224435
2026-07-21 04:58:00,-85217677793,85162260332277333046377,276317,276317,276317,276317,0,85162260332277333046377,50006175704242301224435
2026-07-21 04:59:00,554824789915,-554480960440530507416529,276317,276317,276317,276318,1177773045545,622561646899676473550611,50006175704242301224435
2026-07-21 05:00:00,-425221373815,424949939983832647395155,276317,276317,276317,276317,84099453,425033986323469877273982,50006175704242301224435
2026-07-21 05:03:00,-85224880097,85169609105738310369673,276317,276317,276317,276317,0,85169609105738310369673,50006175704242301224435
2026-07-21 05:04:00,100011797343,-99947965599426915959823,276317,276317,276317,276317,100011797343,0,50006175704242301224435
2026-07-21 05:06:00,-42624717007,42597135009494574003413,276317,276317,276317,276317,0,42597135009494574003413,50006175704242301224435
2026-07-21 05:09:00,-110790658298,110718627287266380948860,276317,276317,276317,276317,0,110718627287266380948860,50006175704242301224435
2026-07-21 05:10:00,-73085489106,73037703791955870663391,276317,276317,276317,276317,0,73037703791955870663391,50006175704242301224435
2026-07-21 05:11:00,-165417375164,165307551640250297649915,276317,276317,276317,276317,88147095020,253397028027043506010875,50006175704242301224435
2026-07-21 05:12:00,31523680547,-31503150000000000000000,276317,276317,276317,276317,31523680547,0,50006175704242301224435
2026-07-21 05:13:00,-156107385826,156003768587531943639208,276317,276317,276317,276317,0,156003768587531943639208,50006175704242301224435
2026-07-21 05:14:00,48066150,-48034576749859960093,276317,276317,276317,276317,48066150,0,50006175704242301224435
2026-07-21 05:17:00,-110269938572,110196133514648617273391,276317,276317,276317,276317,2612703737,112807109373409451362351,50006175704242301224435
2026-07-21 05:19:00,-203112798352,202975503089949547559057,276317,276317,276317,276317,12589247933,215556320606912389354027,50006175704242301224435
2026-07-21 05:22:00,-4453749065,4450722818305518048338,276317,276317,276317,276317,0,4450722818305518048338,50006175704242301224435
2026-07-21 05:25:00,3676989761,-3674532117303817238580,276317,276317,276317,276317,4089146268,411876480747438161330,50006175704242301224435
2026-07-21 05:28:00,-696500000,696026770306762714388,276317,276317,276317,276317,0,696026770306762714388,50006175704242301224435
2026-07-21 05:30:00,-1244100000,1243254661334612187328,276317,276317,276317,276317,0,1243254661334612187328,50006175704242301224435
2026-07-21 05:31:00,107252560908,-107180984131000000000000,276317,276317,276317,276317,107252560908,0,50006175704242301224435
2026-07-21 05:34:00,-835000000,834436179630057355813,276317,276317,276317,276317,0,834436179630057355813,50006175704242301224435
2026-07-21 05:37:00,-600000,599594849598629032,276317,276317,276317,276317,0,599594849598629032,50006175704242301224435
2026-07-21 05:39:00,3778303568,-3775790309000000000000,276317,276317,276317,276317,3778303568,0,50006175704242301224435
2026-07-21 05:40:00,-98319726,98252773580863911424,276317,276317,276317,276317,57611569,155826025356288867382,50006175704242301224435
2026-07-21 05:41:00,-9506319319,9499894761240063919955,276317,276317,276317,276317,500326926,9999888920501010791707,50006175704242301224435
2026-07-21 05:42:00,-306273870,306066984559939592597,276317,276317,276317,276317,0,306066984559939592597,50006175704242301224435
2026-07-21 05:43:00,-40484735403,40457355394875647997486,276317,276317,276317,276317,0,40457355394875647997486,50006175704242301224435
2026-07-21 05:44:00,-42979894361,42950755200370047417273,276317,276317,276317,276317,0,42950755200370047417273,50006175704242301224435
2026-07-21 05:45:00,-53399822000,53363515606818814791445,276317,276317,276317,276317,0,53363515606818814791445,50006175704242301224435
2026-07-21 05:47:00,-364340689,364092583149574484688,276317,276317,276317,276317,0,364092583149574484688,50006175704242301224435
2026-07-21 05:49:00,-196270512,196136854568409287999,276317,276317,276317,276317,0,196136854568409287999,50006175704242301224435
2026-07-21 05:54:00,-59898521,59857730341641766349,276317,276317,276317,276317,0,59857730341641766349,50006175704242301224435
2026-07-21 05:55:00,5003356730,-5000000000000000000000,276317,276317,276317,276317,5003356730,0,50006175704242301224435
2026-07-21 05:57:00,-113797071753,113719341269879672521007,276317,276317,276317,276317,0,113719341269879672521007,50006175704242301224435
2026-07-21 05:58:00,88301641745,-88242163675000000000000,276317,276317,276317,276317,88301641745,0,50006175704242301224435
2026-07-21 05:59:00,600398329,-599994980361343219839,276317,276317,276317,276317,600398329,0,50006175704242301224435
2026-07-21 06:00:00,-127860836484,127773336474317840606413,276317,276317,276317,276317,0,127773336474317840606413,50006175704242301224435
2026-07-21 06:01:00,-7310067736,7304039224270560761854,276317,276317,276317,276317,100690004264,107925661070638920921296,50006175704242301224435
2026-07-21 06:02:00,-186528468,186400287543126556161,276317,276317,276317,276317,0,186400287543126556161,50006175704242301224435
2026-07-21 06:03:00,-160000000,159890048834187918679,276317,276317,276317,276317,0,159890048834187918679,50006175704242301224435
2026-07-21 06:04:00,1000333888,-999656478000000000000,276317,276317,276317,276317,1000333888,0,50006175704242301224435
2026-07-21 06:05:00,-3641019658,3638433827930793840657,276317,276317,276317,276317,8366567091,11999332759146914385937,50006175704242301224435
2026-07-21 06:07:00,275000000,-274813741182644390317,276317,276317,276317,276317,275000000,0,50006175704242301224435
2026-07-21 06:09:00,50033837872,-50000000000000000000000,276317,276317,276317,276317,50033837872,0,50006175704242301224435
2026-07-21 06:10:00,50033737783,-50000000000000000000000,276317,276317,276317,276317,50033737783,0,50006175704242301224435
2026-07-21 06:12:00,-390000000,389733512148105112138,276317,276317,276317,276317,0,389733512148105112138,50006175704242301224435
2026-07-21 06:14:00,-15031558843,15021283113906927801976,276317,276317,276317,276317,0,15021283113906927801976,50006175704242301224435
2026-07-21 06:19:00,5322944818,-5319358160749519742167,276317,276317,276317,276317,5322944818,0,50006175704242301224435
2026-07-21 06:20:00,479734145,-479410951423615685809,276317,276317,276317,276317,479734145,0,50006175704242301224435
2026-07-21 06:22:00,-690236310,689764229056387369713,276317,276317,276317,276317,17067011,706819742786987676554,50006175704242301224435
2026-07-21 06:23:00,-214389349412,214241606417873347350759,276317,276317,276317,276317,24561981603,238786817853857121684318,50006175704242301224435
2026-07-21 06:24:00,107465579,-107392257778326361994,276317,276317,276317,276317,107465579,0,50006175704242301224435
2026-07-21 06:25:00,93982013696,-93918405936499359017728,276317,276317,276317,276317,127736998004,33731594063500640982272,50006175704242301224435
2026-07-21 06:26:00,-708259925795,707761982432022999571975,276316,276316,276316,276316,27673356783,735415763986738854206983,50006175704242300224787
2026-07-21 06:27:00,-27812418480,27792466816824679358031,276316,276316,276316,276316,0,27792466816824679358031,50006175704242300224787
2026-07-21 06:29:00,1984652590,-1983247678013860331595,276316,276316,276316,276316,1984652590,0,50006175704242300224787
2026-07-21 06:30:00,12514794116,-12505938665000000000000,276316,276316,276316,276316,12514794116,0,50006175704242300224787
2026-07-21 06:31:00,-949661103,948979852935709490289,276316,276316,276316,276316,0,948979852935709490289,50006175704242300224787
2026-07-21 06:32:00,65526487454,-65480220670000000000000,276316,276316,276316,276316,65526487454,0,50006175704242300224787
2026-07-21 06:33:00,951463671,-950793647569872738067,276316,276316,276316,276316,1003463671,51962834430127261933,50006175704242300224787
2026-07-21 06:34:00,120286009023,-120201528824000000000000,276316,276316,276316,276316,120286009023,0,50006175704242300224787
2026-07-21 06:35:00,-211578830142,211427732317493747974254,276316,276316,276316,276316,0,211427732317493747974254,50006175704242300224787
2026-07-21 06:36:00,-226757075930,226593153124573311292766,276316,276316,276316,276316,0,226593153124573311292766,50006175704242300224787
2026-07-21 06:37:00,-97159328305,97088463110361953869842,276316,276316,276316,276316,0,97088463110361953869842,50006175704242300224787
2026-07-21 06:38:00,48528067,-48493062829304692469,276316,276316,276316,276316,48528067,0,50006175704242300224787
2026-07-21 06:39:00,-99853347941,99780032729234381585242,276316,276316,276316,276316,9237076040,109010447613234381585242,50006175704242300224787
2026-07-21 06:40:00,35955554934,-35929501967000000000000,276316,276316,276316,276316,35955554934,0,50006175704242300224787
2026-07-21 06:41:00,97618595432,-97548149608920168021135,276316,276316,276316,276316,100318438482,2697872410288104804810,50006175704242300224787
2026-07-21 06:42:00,-805577092,804989037749712696998,276316,276316,276316,276316,0,804989037749712696998,50006175704242300224787
2026-07-21 06:43:00,-45324354256,45291108583446446029783,276316,276316,276316,276316,11817531649,57100118569225600244953,50006175704242300224787
2026-07-21 06:44:00,-149867871500,149757748697560404166933,276316,276316,276316,276316,0,149757748697560404166933,50006175704242300224787
2026-07-21 06:45:00,-137755043443,137653029685620653796093,276316,276316,276316,276316,0,137653029685620653796093,50006175704242300224787
2026-07-21 06:47:00,158010597025,-157895226013000000000000,276316,276316,276316,276316,158010597025,0,50006175704242300224787
2026-07-21 06:48:00,76237181078,-76181873438000000000000,276316,276316,276316,276316,76237181078,0,50006175704242300224787
2026-07-21 06:49:00,20135241975,-20120673264385907128951,276316,276316,276316,276316,20135241975,0,50006175704242300224787
2026-07-21 06:50:00,215563758569,-215408803867000000000000,276316,276316,276316,276316,215563758569,0,50006175704242300224787
2026-07-21 06:51:00,-174426131,174299539176767299434,276316,276316,276316,276316,21573869,195857993037504493170,50006175704242300224787
2026-07-21 06:52:00,2371615476,-2369920985268641627566,276316,276316,276316,276316,2371615476,0,50006175704242300224787
2026-07-21 06:55:00,22237877768,-22222000000000000000000,276316,276316,276316,276316,22237877768,0,50006175704242300224787
2026-07-21 06:56:00,34992776440,-34967831724000000000000,276316,276316,276316,276316,34992776440,0,50006175704242300224787
2026-07-21 06:57:00,1104473887,-1103687356379272010223,276316,276316,276316,276316,1104473887,0,50006175704242300224787
2026-07-21 06:58:00,10509745324,-10502263435198994778267,276316,276316,276316,276316,10509745324,0,50006175704242300224787
2026-07-21 06:59:00,7555883761,-7550507453145621402965,276316,276316,276316,276316,7555883761,0,50006175704242300224787
2026-07-21 07:01:00,58784457910,-58742708358649379565568,276316,276316,276316,276316,58784457910,0,50006175704242300224787
2026-07-21 07:03:00,12400840532,-12392050915000000000000,276316,276316,276316,276316,12400840532,0,50006175704242300224787
2026-07-21 07:04:00,327690849884,-327460811459000000000000,276317,276316,276316,276317,327690849884,0,50006175704242301224435
2026-07-21 07:05:00,19874351598,-19860537827620324350882,276317,276317,276317,276317,19874351598,0,50006175704242301224435
2026-07-21 07:07:00,270433657,-270245801003313692142,276317,276317,276317,276317,270433657,0,50006175704242301224435
2026-07-21 07:08:00,172329161448,-172210048107062146957384,276317,276317,276317,276317,172469161448,139902311320413942493,50006175704242301224435
2026-07-21 07:09:00,160092018,-159983513036908261126,276317,276317,276317,276317,320092018,159888358640374658125,50006175704242301224435
2026-07-21 07:10:00,96181897083,-96115933829466061292163,276317,276317,276317,276317,96341897083,159888975533938707837,50006175704242301224435
2026-07-21 07:11:00,-160000000,159888974511133250920,276317,276317,276317,276317,0,159888974511133250920,50006175704242301224435
2026-07-21 07:12:00,-97215083,97146995893076653927,276317,276317,276317,276317,62784917,159888973488327803818,50006175704242301224435
2026-07-21 07:13:00,-160000000,159888972866879092413,276317,276317,276317,276317,0,159888972866879092413,50006175704242301224435
2026-07-21 07:16:00,-4912775623,4909366053824729877685,276317,276317,276317,276317,0,4909366053824729877685,50006175704242301224435
2026-07-21 07:17:00,16548811929,-16537495928981451440128,276317,276317,276317,276317,16548811929,0,50006175704242301224435
2026-07-21 07:22:00,60968360374,-60926764908456454301340,276317,276317,276317,276317,60968360374,0,50006175704242301224435
2026-07-21 07:23:00,232887895275,-232730375407000000000000,276317,276317,276317,276317,232887895275,0,50006175704242301224435
2026-07-21 07:25:00,483545420,-483220616109543032530,276317,276317,276317,276317,483545420,0,50006175704242301224435
2026-07-21 07:27:00,5235068487,-5231552616024266946322,276317,276317,276317,276317,5235068487,0,50006175704242301224435
2026-07-21 07:28:00,156329803127,-156225316608000000000000,276317,276317,276317,276317,156329803127,0,50006175704242301224435
2026-07-21 07:30:00,113208608,-113133296518625077010,276317,276317,276317,276317,113208608,0,50006175704242301224435
2026-07-21 07:32:00,18466242,-18453957435999314147,276317,276317,276317,276317,18466242,0,50006175704242301224435
2026-07-21 07:35:00,-185059133399,184933490403663797244962,276317,276317,276317,276317,0,184933490403663797244962,50006175704242301224435
2026-07-21 07:36:00,-85142060094,85083793444479376197964,276317,276317,276317,276317,120221403,85203933573243435763510,50006175704242301224435
2026-07-21 07:37:00,-84195931746,84138028910052636425578,276317,276317,276317,276317,3100000,84141126814329481092687,50006175704242301224435
2026-07-21 07:40:00,-55069884151,55031858556158274258288,276317,276317,276317,276317,0,55031858556158274258288,50006175704242301224435
2026-07-21 07:41:00,-42634333746,42604811649228720571427,276317,276317,276317,276317,0,42604811649228720571427,50006175704242301224435
2026-07-21 07:42:00,-394942403873,394665474148920190564503,276316,276316,276316,276316,0,394665474148920190564503,50006175704242300224787
2026-07-21 07:43:00,89760895208,-89698305515000000000000,276317,276317,276317,276317,89760895208,0,50006175704242301224435
2026-07-21 07:44:00,30344027738,-30323241871071681843712,276317,276317,276317,276317,60367263257,30002108726449300227911,50006175704242301224435
2026-07-21 07:45:00,-2110973736,2109486927875779516353,276317,276317,276317,276317,0,2109486927875779516353,50006175704242301224435
2026-07-21 07:46:00,-15892123431,15880918444089698181464,276317,276317,276317,276317,608143828,16488639600989202801464,50006175704242301224435
2026-07-21 07:48:00,230000000,-229840149359364962803,276317,276317,276317,276317,230000000,0,50006175704242301224435
2026-07-21 07:49:00,-70461456241,70411547331376478401641,276316,276317,276316,276317,13511543759,83913704239542980565879,50006175704242300224787
2026-07-21 07:51:00,326717,-326489028504851558,276316,276316,276316,276316,326717,0,50006175704242300224787
2026-07-21 07:52:00,-42636368282,42606153675840397398332,276316,276316,276316,276316,0,42606153675840397398332,50006175704242300224787
2026-07-21 07:53:00,-216852347493,216625238247016072512715,276316,276316,275325,276316,7236856593875,7447129436567188207150961,50006175704242300224787
2026-07-21 07:54:00,61144748246,-61101521497000000000000,276316,276316,276316,276316,61144748246,0,50006175704242300224787
2026-07-21 07:55:00,5599024450,-5595073642000000000000,276316,276316,276316,276316,5599024450,0,50006175704242300224787
2026-07-21 07:56:00,61948659018,-61905030126458830771812,276316,276316,276316,276316,61948659018,0,50006175704242300224787
2026-07-21 08:02:00,45001549832,-44969952509809470368434,276316,276316,276316,276316,45001549832,0,50006175704242300224787
2026-07-21 08:03:00,209105779871,-208960020152595626135838,276317,276316,276316,276317,209110613717,4830447565338916328,50006175704242301224435
2026-07-21 08:04:00,-59992302326,59950063070670582190866,276317,276317,276317,276317,7697674,59957755411255516070595,50006175704242301224435
2026-07-21 08:06:00,-1693822570,1692626699752466720382,276317,276317,276317,276317,120211040,1812754150790257697180,50006175704242301224435
2026-07-21 08:07:00,33022940707,-33000000000000000000000,276317,276317,276317,276317,33022940707,0,50006175704242301224435
2026-07-21 08:08:00,-25066158,25048510157953626085,276317,276317,276317,276317,0,25048510157953626085,50006175704242301224435
2026-07-21 08:10:00,37299486,-37273600000000000000,276317,276317,276317,276317,37299486,0,50006175704242301224435
2026-07-21 08:11:00,138047644717,-137952216837914300035487,276317,276317,276317,276317,138108071060,60383862747235446182,50006175704242301224435
2026-07-21 08:12:00,20674725727,-20660499421107478085402,276317,276317,276317,276317,20674725727,0,50006175704242301224435
2026-07-21 08:13:00,-17345506,17333229488814570327,276317,276317,276317,276317,17345027,34666329488814570327,50006175704242301224435
2026-07-21 08:14:00,14983904,-14973600000000000000,276317,276317,276317,276317,14983904,0,50006175704242301224435
2026-07-21 08:17:00,287011119,-286813747177357636484,276317,276317,276317,276317,287011119,0,50006175704242301224435
2026-07-21 08:18:00,120264681,-120181978309892241025,276317,276317,276317,276317,120264681,0,50006175704242301224435
2026-07-21 08:21:00,-47572801926,47539541569058534457520,276317,276317,276317,276317,2527198074,50064997951999462700924,50006175704242301224435
2026-07-21 08:22:00,-131043637,130951962213631659765,276317,276317,276317,276317,0,130951962213631659765,50006175704242301224435
2026-07-21 08:25:00,280364751,-280171419194771777995,276317,276317,276317,276317,280364751,0,50006175704242301224435
2026-07-21 08:26:00,58235514200,-58195424819000000000000,276317,276317,276317,276317,58250524667,15000000000000000000,50006175704242301224435
2026-07-21 08:27:00,1016699590,-1016000895158123674014,276317,276317,276317,276317,1016699590,0,50006175704242301224435
2026-07-21 08:28:00,20248974970,-20235068075100149383168,276317,276317,276317,276317,20248974970,0,50006175704242301224435
2026-07-21 08:32:00,871153290040,-870570499585000000000000,276317,276317,276317,276317,871153290040,0,50006175704242301224435
2026-07-21 08:33:00,327877188617,-327665696890999462700924,276317,276317,276317,276317,327877188617,0,50006175704242301224435
2026-07-21 08:34:00,820932553,-820408415842516190155,276317,276317,276317,276317,820932553,0,50006175704242301224435
2026-07-21 08:35:00,14374471,-14365293734932588964,276317,276317,276317,276317,14374471,0,50006175704242301224435
2026-07-21 08:36:00,3002793151,-3000876199999999836160,276317,276317,276317,276317,3002793151,0,50006175704242301224435
2026-07-21 08:37:00,-388969608585,388628353627677371541118,276317,276317,271142,276317,8614320107031,8990841936361340204383817,50006175704242301224435
2026-07-21 08:38:00,4406231052,-4403350340000000000000,276317,276317,276317,276317,4406231052,0,50006175704242301224435
2026-07-21 08:42:00,197530964459,-197402619259000000000000,276317,276317,276317,276317,197530964459,0,50006175704242301224435
2026-07-21 08:44:00,440577639297,-440297066549440931203531,276317,276317,276317,276317,448058054054,7475641943559068796469,50006175704242301224435
2026-07-21 08:46:00,-10500538087,10493829435521991590917,276317,276317,276317,276317,510564112,11004072614551300828713,50006175704242301224435
2026-07-21 08:47:00,-59484782,59445914322007378080,276317,276317,276317,276317,88000000,147390596226067844689,50006175704242301224435
2026-07-21 08:48:00,-106611957110,106543646298591292447308,276317,276317,276317,276317,0,106543646298591292447308,50006175704242301224435
2026-07-21 08:49:00,-85292061133,85237083884917508025663,276317,276317,276317,276317,0,85237083884917508025663,50006175704242301224435
2026-07-21 08:52:00,-37022400000,36998445767296495526536,276317,276317,276317,276317,0,36998445767296495526536,50006175537096230303476
2026-07-21 08:56:00,-265422324078,265248041626307001644528,276317,276317,276317,276317,94577675922,359764217399307001644528,50006175537096230303476
2026-07-21 08:57:00,2924600232,-2922704176174255118469,276317,276317,276317,276317,2924600232,0,50006175537096230303476
2026-07-21 08:58:00,-600397,600000000000000000,276317,276317,276317,276317,0,600000000000000000,50006175537096230303476
2026-07-21 08:59:00,11074239226,-11067062752069966747373,276317,276317,276317,276317,11074239226,0,50006175537096230303476
2026-07-21 09:00:00,120182094,-120104239848349164371,276317,276317,276317,276317,120182094,0,50006175537096230303476
2026-07-21 09:01:00,13944305447,-13935276111280135079651,276317,276317,276317,276317,13944305447,0,50006175537096230303476
2026-07-21 09:02:00,158277302185,-158175357689000000000000,276317,276317,276317,276317,158277302185,0,50006175537096230303476
2026-07-21 09:03:00,-24997908658,24981624529326178623852,276317,276317,276317,276317,2091342,24983714529326178623852,50006175537096230303476
2026-07-21 09:05:00,7171681261,-7167103795569497421800,276317,276317,276317,276317,9691719476,2518396204430502578200,50006175537096230303476
2026-07-21 09:10:00,35771562,-35748610314079158969,276317,276317,276317,276317,35771562,0,50006175537096230303476
2026-07-21 09:12:00,-150099,150000000000000000,276317,276317,276317,276317,0,150000000000000000,50006175537096230303476
2026-07-21 09:13:00,-496102801,495779520022071796012,276317,276317,276317,276317,0,495779520022071796012,50006175537096230303476
2026-07-21 09:19:00,140269871,-140179866452235762449,276317,276317,276317,276317,140269871,0,50006175537096230303476
2026-07-21 09:22:00,-7500000,7495112165948505456,276317,276317,276317,276317,0,7495112165948505456,50006175537096230303476
2026-07-21 09:23:00,125432692012,-125352522303598452724955,276317,276317,276317,276317,125432692012,0,50006175537096230303476
2026-07-21 09:24:00,-109784238112,109713007222171531253246,276317,276317,276317,276317,0,109713007222171531253246,50006175537096230303476
2026-07-21 09:25:00,45000000,-44971153875162943134,276317,276317,276317,276317,45000000,0,50006175537096230303476
2026-07-21 09:26:00,-3502281,3500000000000000000,276317,276317,276317,276317,0,3500000000000000000,50006175537096230303476
2026-07-21 09:27:00,-871293378,870726134801023834285,276317,276317,276317,276317,0,870726134801023834285,50006175537096230303476
2026-07-21 09:29:00,-102857579657,102790402600688856312539,276317,276317,276317,276317,0,102790402600688856312539,50006175537096230303476
2026-07-21 09:30:00,-3001921954,2999955027274959309879,276317,276317,276317,276317,0,2999955027274959309879,50006175537096230303476
2026-07-21 09:31:00,4395318452,-4392482588255107411691,276317,276317,276317,276317,4395318452,0,50006175537096230303476
2026-07-21 09:32:00,50032226438,-50000000000000000000000,276317,276317,276317,276317,50032226438,0,50006175537096230303476
2026-07-21 09:35:00,2324755471,-2323260496255819809857,276317,276317,276317,276317,2324755471,0,50006175537096230303476
2026-07-21 09:37:00,98005628,-97942609040332816384,276317,276317,276317,276317,98005628,0,50006175537096230303476
2026-07-21 09:38:00,4080285,-4077662278060887580,276317,276317,276317,276317,4080285,0,50006175537096230303476
2026-07-21 09:46:00,-22642416157,22627620175058238387551,276317,276317,276317,276317,0,22627620175058238387551,50006175537096230303476
2026-07-21 09:47:00,223004618152,-222862432046068005003890,276317,276317,276317,276317,264820081905,41788527504185004551095,50006175537096230303476
2026-07-21 09:48:00,-42647537658,42619993449886722800220,276317,276317,276317,276317,0,42619993449886722800220,50006175537096230303476
2026-07-21 09:50:00,-19643573194,19630808279579642889510,276317,276317,276317,276317,5356426806,24983825140579642889510,50006175537096230303476
2026-07-21 09:52:00,-19382404,19369851994519528090,276317,276317,276317,276317,34464,19404294775222560626,50006175537096230303476
2026-07-21 09:53:00,2001275735,-2000000000000000000000,276317,276317,276317,276317,2001275735,0,50006175537096230303476
2026-07-21 09:54:00,-4410469150,4407613358433785418351,276317,276317,276317,276317,0,4407613358433785418351,50006175537096230303476
2026-07-21 09:56:00,-32521061,32500000000000000000,276317,276317,276317,276317,0,32500000000000000000,50006175537096230303476
2026-07-21 09:57:00,2001275930,-2000000000000000000000,276317,276317,276317,276317,2001275930,0,50006175537096230303476
2026-07-21 09:59:00,-1990949626,1989660354839553424262,276317,276317,276317,276317,2681826,1992340471278941514280,50006175537096230303476
2026-07-21 10:00:00,-277206940,277023680059856060433,276317,276317,276317,276317,374312698,651097710374979378922,50006175537096230303476
2026-07-21 10:01:00,-34496286774,34473868105036407208660,276317,276317,276317,276317,5503713226,39974063922049257677632,50006175537096230303476
2026-07-21 10:02:00,500319693,-500000000000000000000,276317,276317,276317,276317,500319693,0,50006175537096230303476
2026-07-21 10:04:00,400255747,-400000000000000000000,276317,276317,276317,276317,400255747,0,50006175537096230303476
2026-07-21 10:05:00,159027797623,-158926693226323782937934,276317,276317,276317,276317,159169510528,141621501572269521887,50006175537096230303476
2026-07-21 10:06:00,99832521258,-99769566587000000000000,276317,276317,276317,276317,99832521258,0,50006175537096230303476
2026-07-21 10:07:00,65575075224,-65533940096000000000000,276317,276317,276317,276317,65575075224,0,50006175537096230303476
2026-07-21 10:08:00,49979949577,-49948712630023443319503,276317,276317,276317,276317,49979949577,0,50006175537096230303476
2026-07-21 10:09:00,42634186370,-42608620530163613714227,276317,276317,276317,276317,142816186370,100118854917202688847195,50006175537096230303476
2026-07-21 10:11:00,309860091,-309667271980041689160,276317,276317,276317,276317,309860091,0,50006175537096230303476
2026-07-21 10:15:00,1500933948,-1500000000000000000000,276317,276317,276317,276317,1500933948,0,50006175537096230303476
2026-07-21 10:16:00,-84250897957,84197476691449387040470,276317,276317,276317,276317,1529861220,85726386055449387040470,50006175537096230303476
2026-07-21 10:17:00,2035347281,-2034074089241854542942,276317,276317,276317,276317,2035347281,0,50006175537096230303476
2026-07-21 10:21:00,-120000000,119923740438537490345,276317,276317,276317,276317,0,119923740438537490345,50006175537096230303476
2026-07-21 10:23:00,500312943,-500000000000000000000,276317,276317,276317,276317,500312943,0,50006175537096230303476
2026-07-21 10:24:00,-540730630,540387000000000000000,276317,276317,276317,276317,0,540387000000000000000,50006175537096230303476
2026-07-21 10:26:00,1000625878,-1000000000000000000000,276317,276317,276317,276317,1000625878,0,50006175537096230303476
2026-07-21 10:28:00,25606804484,-25590801382755436267901,276317,276317,276317,276317,25606804484,0,50006175537096230303476
2026-07-21 10:29:00,4502957155,-4500145717973138997960,276317,276317,276317,276317,4502957155,0,50006175537096230303476
2026-07-21 10:30:00,92460144108,-92402595407259209684841,276317,276317,276317,276317,92460144108,0,50006175537096230303476
2026-07-21 10:31:00,-1000632,1000000000000000000,276317,276317,276317,276317,0,1000000000000000000,50006175537096230303476
2026-07-21 10:32:00,-500306105,499990625078260526394,276317,276317,276317,276317,0,499990625078260526394,50006175537096230303476
2026-07-21 10:33:00,-202154141923,202025848366721763544020,276317,276317,276317,276317,217359853,202243071572189349599772,50006175537096230303476
2026-07-21 10:34:00,-162309388463,162205194871242132296491,276317,276317,276317,276317,671657796,162876429283242132296491,50006175537096230303476
2026-07-21 10:35:00,153434705076,-153337722174416036497351,276317,276317,276317,276317,153546705076,111928430583963502649,50006175537096230303476
2026-07-21 10:41:00,-34982500000,34960121212482714233075,276317,276317,276317,276317,0,34960121212482714233075,50006175537096230303476
2026-07-21 10:42:00,-20000000000,19987183755451791404777,276317,276317,276317,276317,0,19987183755451791404777,50006175537096230303476
2026-07-21 10:44:00,23099570207,-23085000000090528045019,276317,276317,276317,276317,23099570207,0,50006175537096230303476
2026-07-21 10:45:00,23661477586,-23646587229572138415706,276317,276317,276317,276317,24879477586,1217220098591948638269,50006175537096230303476
2026-07-21 10:47:00,-207625152,207492406500166587026,276317,276317,276317,276317,0,207492406500166587026,50006175537096230303476
2026-07-21 10:48:00,-3251007500,3248928750816632175581,276317,276317,276317,276317,0,3248928750816632175581,50006175537096230303476
2026-07-21 10:49:00,-2030000000,2028701770088712360742,276317,276317,276317,276317,0,2028701770088712360742,50006175537096230303476
2026-07-21 10:51:00,-62090362558,62050573394559881683517,276317,276317,276317,276317,146332923,62196813828766995496731,50006175537096230303476
2026-07-21 10:52:00,4159415,-4156786513992051255,276317,276317,276317,276317,4159415,0,50006175537096230303476
2026-07-21 10:54:00,-36000000000,35976860544813582226856,276317,276317,276317,276317,0,35976860544813582226856,50006175537096230303476
2026-07-21 10:55:00,-64397187281,64355665682266324108715,276317,276317,276317,276317,32570276,64388215241694083644920,50006175537096230303476
2026-07-21 10:57:00,157736020913,-157636188210398286932385,276317,276317,276317,276317,157736020913,0,50006175537096230303476
2026-07-21 11:00:00,224104403,-223963272378715164131,276317,276317,276317,276317,224104403,0,50006175537096230303476
2026-07-21 11:01:00,77884049,-77835001989892810050,276317,276317,276317,276317,77884049,0,50006175537096230303476
2026-07-21 11:07:00,204116440,-203987899875637853931,276317,276317,276317,276317,204116440,0,50006175537096230303476
2026-07-21 11:09:00,-35436000700,35413306064416367912126,276317,276317,276317,276317,0,35413306064416367912126,50006175537096230303476
2026-07-21 11:10:00,-4833914377,4830814655139726158729,276317,276317,276317,276317,0,4830814655139726158729,50006175537096230303476
2026-07-21 11:11:00,2601681140,-2600038712014444575827,276317,276317,276317,276317,2601681140,0,50006175537096230303476
2026-07-21 11:13:00,28584196527,-28566174583000000000000,276317,276317,276317,276317,29116537271,532000000000000000000,50006175537096230303476
2026-07-21 11:14:00,-18000000,17988478282172308484,276317,276317,276317,276317,0,17988478282172308484,50006175537096230303476
2026-07-21 11:15:00,-335307812,335014970662854716963,276317,276317,276317,276317,7825868827,8155953925359796341277,50006175537096230303476
2026-07-21 11:17:00,102323672429,-102259405874826568371772,276317,276317,276317,276317,102323672429,0,50006175537096230303476
2026-07-21 11:19:00,-98601999872,98539092726682398428534,276317,276317,276317,276317,0,98539092726682398428534,50006175537096230303476
2026-07-21 11:23:00,19977911,-19965326211815073638,276317,276317,276317,276317,19977911,0,50006175537096230303476
2026-07-21 11:24:00,3002011,-3000120258743630295,276317,276317,276317,276317,3002011,0,50006175537096230303476
2026-07-21 11:25:00,-50038000000,50005927682586278112935,276317,276317,276317,276317,0,50005927682586278112935,50006175537096230303476
2026-07-21 11:26:00,-250000000000,249838261644366757112464,276317,276317,276317,276317,0,249838261644366757112464,50006175537096230303476
2026-07-21 11:27:00,148800000,-148704477631517907108,276317,276317,276317,276317,148800000,0,50006175537096230303476
2026-07-21 11:28:00,4018245560,-4015666378000000000000,276317,276317,276317,276317,4018245560,0,50006175537096230303476
2026-07-21 11:29:00,1747121220,-1746000000000000000000,276317,276317,276317,276317,1747121220,0,50006175537096230303476
2026-07-21 11:30:00,28423724266,-28405500389669314858732,276317,276317,276317,276317,28423724266,0,50006175537096230303476
2026-07-21 11:31:00,20000000,-19987188360949830132,276317,276317,276317,276317,20000000,0,50006175537096230303476
2026-07-21 11:33:00,100000036,-99935979000000000000,276317,276317,276317,276317,100000036,0,50006175537096230303476
2026-07-21 11:34:00,294529785082,-294342848994790763130880,276317,276317,276317,276317,294529785082,0,50006175537096230303476
2026-07-21 11:35:00,80088585010,-80038352729106243637230,276317,276317,276317,276317,80088585010,0,50006175537096230303476
2026-07-21 11:37:00,73116026456,-73070391222000000000000,276317,276317,276317,276317,73116026456,0,50006175537096230303476
2026-07-21 11:39:00,-27266538654,27249272775382227957442,276317,276317,276317,276317,0,27249272775382227957442,50006175537096230303476
2026-07-21 11:40:00,16922209809,-16911659846786538899551,276317,276317,276317,276317,16922209809,0,50006175537096230303476
2026-07-21 11:42:00,43133571241,-43106731852000000000000,276317,276317,276317,276317,43133571241,0,50006175537096230303476
2026-07-21 11:44:00,23132822660,-23118459143000000000000,276317,276317,276317,276317,23132822660,0,50006175537096230303476
2026-07-21 11:45:00,820509073,-820000000000000000000,276317,276317,276317,276317,820509073,0,50006175537096230303476
2026-07-21 11:46:00,210129486396,-210000000000000000000000,276317,276317,276317,276317,210129486396,0,50006175537096230303476
2026-07-21 11:47:00,-50038000000,50006825460584008028216,276317,276317,276317,276317,0,50006825460584008028216,50006175537096230303476
2026-07-21 11:48:00,-285493275958,285313250454542033786424,276317,276317,276317,276317,24461071233,309759313978420909766800,50006175537096230303476
2026-07-21 11:49:00,-71688148311,71642492564398219704359,276317,276317,276317,276317,66729734,71709180564406762344203,50006175537096230303476
2026-07-21 11:51:00,-341789069,341570906434691878104,276317,276317,276317,276317,0,341570906434691878104,50006175537096230303476
2026-07-21 11:54:00,-108111976733,108042735068929977986812,276317,276317,276317,276317,0,108042735068929977986812,50006175537096230303476
2026-07-21 11:55:00,195808116441,-195685008601000000000000,276317,276317,276317,276317,195808116441,0,50006175537096230303476
2026-07-21 11:59:00,1092982877,-1092300000000000000000,276317,276317,276317,276317,1092982877,0,50006175537096230303476
2026-07-21 12:00:00,90921400890,-90864761895827740818911,276317,276317,276317,276317,90921400890,0,50006175537096230303476
2026-07-21 12:01:00,-38921062355,38896468156999616837515,276317,276317,276317,276317,0,38896468156999616837515,50006175537096230303476
2026-07-21 12:02:00,168205910506,-168101736766999616837515,276317,276317,276317,276317,168205910506,0,50006175537096230303476
2026-07-21 12:04:00,10514028586,-10507554552000000000000,276317,276317,276317,276317,10514028586,0,50006175537096230303476
2026-07-21 12:06:00,-108000000,107932441897129682905,276317,276317,276317,276317,0,107932441897129682905,50006175537096230303476
2026-07-21 12:07:00,8194762476,-8189727636424965879141,276317,276317,276317,276317,9002700009,807432412919851256475,50006175537096230303476
2026-07-21 12:08:00,100061359601,-100000000000000000000000,276317,276317,276317,276317,100061359601,0,50006175537096230303476
2026-07-21 12:10:00,42652935299,-42626901294000000000000,276317,276317,276317,276317,42652935299,0,50006175537096230303476
2026-07-21 12:11:00,484123068444,-483834956243996201897929,276318,276317,276317,276318,712859207788,228599905199647023748251,50006175537096231303175
2026-07-21 12:13:00,-210034516856,209907580058004793560943,276317,276317,276317,276318,0,209907580058004793560943,50006175537096230303476
2026-07-21 12:14:00,-100062860515,100001766422550816409260,276317,276317,276317,276317,0,100001766422550816409260,50006175537096230303476
2026-07-21 12:15:00,15103253962,-15094157868000000000000,276317,276317,276317,276317,15103253962,0,50006175537096230303476
2026-07-21 12:16:00,42654122204,-42628482529000000000000,276317,276317,276317,276317,42654122204,0,50006175537096230303476
2026-07-21 12:19:00,5300161816,-5296980933000000000000,276317,276317,276317,276317,5300161816,0,50006175537096230303476
2026-07-21 12:21:00,-51283407964,51252053162189328477268,276317,276317,276317,276317,1751075246,53002077749723315993153,50006175537096230303476
2026-07-21 12:24:00,18294734577,-18283726154000000000000,276317,276317,276317,276317,18294734577,0,50006175537096230303476
2026-07-21 12:27:00,120185455,-120113180529986928084,276317,276317,276317,276317,120185455,0,50006175537096230303476
2026-07-21 12:29:00,64428378845,-64389717389000000000000,276317,276317,276317,276317,64428378845,0,50006175537096230303476
2026-07-21 12:30:00,85309981607,-85259044975000000000000,276318,276318,276318,276318,85309981607,0,50006175537096231303175
2026-07-21 12:34:00,-32966266385,32945861691210660606562,276318,276318,276318,276318,42655734002,75576235991210660606562,50006175537096231303175
2026-07-21 12:36:00,180310554329,-180203614420976725859682,276318,276318,276318,276318,180310554329,0,50006175537096231303175
2026-07-21 12:37:00,-14958968,14950000000000000000,276318,276318,276318,276318,0,14950000000000000000,50006175537096231303175
2026-07-21 12:39:00,41768384387,-41743797392102716866560,276318,276318,276318,276318,41768384387,0,50006175537096231303175
2026-07-21 12:41:00,-30465654728,30447423496710057475512,276318,276318,276318,276318,0,30447423496710057475512,50006175537096231303175
2026-07-21 12:42:00,-4172689,4170189000000000000,276318,276318,276318,276318,0,4170189000000000000,50006175537096231303175
2026-07-21 12:44:00,149882499799,-149794664717800232150716,276318,276318,276318,276318,150077499799,194884358199767849284,50006175537096231303175
2026-07-21 12:46:00,275792552257,-275633272610000000000000,276318,276318,276318,276318,275792552257,0,50006175537096231303175
2026-07-21 12:48:00,-128776829927,128701548139213411333545,276318,276318,276318,276318,0,128701548139213411333545,50006175537096231303175
2026-07-21 12:50:00,-39810400595,39786993693331452832429,276318,276318,276318,276318,0,39786993693331452832429,50006175537096231303175
2026-07-21 12:51:00,-68420612554,68378351982007164123902,276318,276318,276318,276318,188516706254,256786353109007164123902,50006175537096231303175
2026-07-21 12:52:00,89923128260,-89871000000000000000000,276318,276318,276318,276318,89923128260,0,50006175537096231303175
2026-07-21 12:53:00,83700000,-83651629796471475813,276318,276318,276318,276318,83700000,0,50006175537096231303175
2026-07-21 12:54:00,-236862348,236723096662573621426,276318,276318,276318,276318,0,236723096662573621426,50006175537096231303175
2026-07-21 12:55:00,-56618973,56585685642428068802,276318,276318,276318,276318,0,56585685642428068802,50006175537096231303175
2026-07-21 12:56:00,-455000000,454732499573313428486,276318,276318,276318,276318,0,454732499573313428486,50006175537096231303175
2026-07-21 12:57:00,-120000000,119929449058308357988,276318,276318,276318,276318,0,119929449058308357988,50006175537096231303175
2026-07-21 12:58:00,-122239305681,122167139353961194979607,276318,276318,276318,276318,0,122167139353961194979607,50006175537096231303175
2026-07-21 12:59:00,-97250402903,97192562778912719901661,276318,276318,276318,276318,0,97192562778912719901661,50006175537096231303175
2026-07-21 13:00:00,-7500000000,7495523644181660007970,276318,276318,276318,276318,0,7495523644181660007970,50006175537096231303175
2026-07-21 13:01:00,511474292868,-511179402704862326276929,276318,276318,276318,276318,523477928505,11996466619440152579992,50006175537096231303175
2026-07-21 13:02:00,-422717579240,422470287469926581598094,276318,276318,276318,276318,0,422470287469926581598094,50006175537096231303175
2026-07-21 13:03:00,-104092356644,104030366493547493176928,276318,276318,276318,276318,0,104030366493547493176928,50006175537096231303175
2026-07-21 13:07:00,249931083622,-249785557356971873490287,276318,276318,276318,276318,258851272606,8914948867019955292656,50006175537096231303175
2026-07-21 13:09:00,-8004705,8000000000000000000,276318,276318,276318,276318,0,8000000000000000000,50006175537096231303175
2026-07-21 13:10:00,-199370319074,199252370291567019730254,276318,276318,276318,276318,0,199252370291567019730254,50006175537096231303175
2026-07-21 13:11:00,-188288616592,188175765468723303677388,276318,276318,276318,276318,0,188175765468723303677388,50006175537096231303175
2026-07-21 13:12:00,-500177125,499875456204813942252,276318,276318,276318,276318,0,499875456204813942252,50006175537096231303175
2026-07-21 13:13:00,-111617629226,111549904222933292485511,276317,276318,276317,276318,15582699374,127123365732376387956159,50006175537096230303476
2026-07-21 13:14:00,-120000000,119927088458109074893,276317,276317,276317,276317,0,119927088458109074893,50006175537096230303476
2026-07-21 13:15:00,-8500000000,8494833968569462685019,276317,276317,276317,276317,0,8494833968569462685019,50006175537096230303476
2026-07-21 13:16:00,-100000000000,99939006385207104805166,276317,276317,276317,276317,0,99939006385207104805166,50006175537096230303476
2026-07-21 13:19:00,-429131938766,428865659102752283092783,276317,276317,276317,276317,0,428865659102752283092783,50006175537096230303476
2026-07-21 13:20:00,-10187884419,10179519491599778244925,276317,276317,276317,276317,195505724062,205564654510587731909128,50006175537096230303476
2026-07-21 13:22:00,-150094484,150000000000000000000,276317,276317,276317,276317,0,150000000000000000000,50006175537096230303476
2026-07-21 13:23:00,-357297468253,357070001071825029222308,276317,276317,276317,276317,0,357070001071825029222308,50006175537096230303476
2026-07-21 13:24:00,17976680938,-17965441646422699777258,276317,276317,276317,276317,32731992679,14745808353577300222742,50006175537096230303476
2026-07-21 13:25:00,67678664,-67635819520061208231,276317,276317,276317,276317,67678664,0,50006175537096230303476
2026-07-21 13:27:00,-42666877396,42639404102934707048136,276317,276317,276317,276317,0,42639404102934707048136,50006175537096230303476
2026-07-21 13:28:00,85018086975,-84964265224697631774286,276317,276317,276317,276317,85018086975,0,50006175537096230303476
2026-07-21 13:29:00,-227947903644,227800669479589638459712,276317,276317,276317,276317,0,227800669479589638459712,50006175537096230303476
2026-07-21 13:30:00,106714189,-106645842475439909095,276317,276317,276317,276317,106714189,0,50006175537096230303476
2026-07-21 13:32:00,-209737966,209601536000000000000,276317,276317,276317,276317,98527,209700000000000000000,50006175537096230303476
2026-07-21 13:34:00,36614092,-36590642342342333323,276317,276317,276317,276317,36614092,0,50006175537096230303476
2026-07-21 13:35:00,-42671403394,42643610630606610538961,276317,276317,276317,276317,0,42643610630606610538961,50006175537096230303476
2026-07-21 13:36:00,-584647719371,584259599252208776080143,276317,276317,276317,276317,0,584259599252208776080143,50006175537096230303476
2026-07-21 13:37:00,4148044928,-4145284584933665995863,276317,276317,276317,276317,4148044928,0,50006175537096230303476
2026-07-21 13:41:00,-60877447664,60836245386120259163392,276317,276317,276317,276317,1362967456,62198305997228564089306,50006175537096230303476
2026-07-21 13:43:00,41582193250,-41554458954337504673871,276317,276317,276317,276317,41582193250,0,50006175537096230303476
2026-07-21 13:44:00,-36767091688,36742204670786845932284,276317,276317,276317,276317,38647209,36780826078666809752927,50006175537096230303476
2026-07-21 13:45:00,-96563007,96497574000000000000,276317,276317,276317,276317,0,96497574000000000000,50006175537096230303476
2026-07-21 13:46:00,240494463,-240333906406726318264,276317,276317,276317,276317,240494463,0,50006175537096230303476
2026-07-21 13:47:00,-118799234149,118718453704611215862922,276317,276317,276317,276317,0,118718453704611215862922,50006175537096230303476
2026-07-21 13:49:00,20782249617,-20768285207949141649770,276317,276317,276317,276317,20782249617,0,50006175537096230303476
2026-07-21 13:50:00,90686438036,-90625704202000000000000,276317,276317,276317,276317,90686438036,0,50006175537096230303476
2026-07-21 13:51:00,-41996422256,41967911037205226189778,276317,276317,276317,276317,686499870,42653951232205226189778,50006175537096230303476
2026-07-21 13:53:00,60751280104,-60710678966257060689943,276317,276317,276317,276317,61040797888,289321033742939310057,50006175537096230303476
2026-07-21 13:54:00,-290915682,290718687000000000000,276317,276317,276317,276317,0,290718687000000000000,50006175537096230303476
2026-07-21 13:55:00,-2844000737,2842074741373752361793,276317,276317,276317,276317,0,2842074741373752361793,50006175537096230303476
2026-07-21 13:57:00,182326393,-182204732507240445888,276317,276317,276317,276317,182326393,0,50006175537096230303476
2026-07-21 13:58:00,-11177499689,11169927089486991058303,276317,276317,276317,276317,0,11169927089486991058303,50006175537096230303476
2026-07-21 13:59:00,154277471,-154174458228489469098,276317,276317,276317,276317,154277471,0,50006175537096230303476
2026-07-21 14:00:00,38175461015,-38150000001350591664932,276317,276317,276317,276317,38175461015,0,50006175537096230303476
2026-07-21 14:02:00,250166655,-250000000000000000000,276317,276317,276317,276317,250166655,0,50006175537096230303476
2026-07-21 14:04:00,2816127391,-2814251518000000000000,276317,276317,276317,276317,2816127391,0,50006175537096230303476
2026-07-21 14:05:00,87818338387,-87760000000000000000000,276317,276317,276317,276317,87818338387,0,50006175537096230303476
2026-07-21 14:08:00,280631064,-280445133541114292341,276317,276317,276317,276317,280631064,0,50006175537096230303476
2026-07-21 14:09:00,118174036926,-118096100504909486874455,276317,276317,276317,276317,126164036926,7984665444090513125545,50006175537096230303476
2026-07-21 14:11:00,54900808850,-54864754200000000000000,276317,276317,276317,276317,54900808850,0,50006175537096230303476
2026-07-21 14:12:00,139582174348,-139491049783498614871792,276317,276317,276317,276317,139582174348,0,50006175537096230303476
2026-07-21 14:17:00,109769858448,-109698743323056823371072,276317,276317,276317,276317,109769858448,0,50006175537096230303476
2026-07-21 14:18:00,510823045159,-510498438464000000000000,276317,276317,276317,276317,510823045159,0,50006175537096230303476
2026-07-21 14:19:00,-9850660441,9844400904716892574441,276317,276317,276317,276317,0,9844400904716892574441,50006175537096230303476
2026-07-21 14:20:00,45000000,-44971845955967866444,276317,276317,276317,276317,45000000,0,50006175537096230303476
2026-07-21 14:21:00,-2359235917,2357736184408518800296,276317,276317,276317,276317,0,2357736184408518800296,50006175537096230303476
2026-07-21 14:22:00,1822385853,-1821245581958204876530,276317,276317,276317,276317,1822385853,0,50006175537096230303476
2026-07-21 14:23:00,40821006503,-40795499480006720197462,276317,276317,276317,276317,40821006503,0,50006175537096230303476
2026-07-21 14:25:00,129098896562,-129018667327297622643559,276317,276317,276317,276317,129098896562,0,50006175537096230303476
2026-07-21 14:27:00,-82533273050,82481231221042344620599,276317,276317,276317,276317,302769361,82783812205420277215175,50006175537096230303476
2026-07-21 14:28:00,1017013735,-1016380995953759935941,276317,276317,276317,276317,1017013735,0,50006175537096230303476
2026-07-21 14:30:00,158371862,-158273391611170827810,276317,276317,276317,276317,163877982,5502638000000000000,50006175537096230303476
2026-07-21 14:33:00,378328241262,-378095732594589299064832,276317,276317,276317,276317,378328241262,0,50006175537096230303476
2026-07-21 14:34:00,489637630077,-489345205248000000000000,276318,276318,276318,276318,489648336506,10700000000000000000,50006175537096231303175
2026-07-21 14:35:00,154450161091,-154359906817720110247636,276318,276318,276318,276318,154450161091,0,50006175537096231303175
2026-07-21 14:36:00,192905658781,-192794271510000000000000,276318,276318,276318,276318,192905658781,0,50006175537096231303175
2026-07-21 14:37:00,207290984080,-207172947966705496869239,276318,276318,276318,276318,207290984080,0,50006175537096231303175
2026-07-21 14:39:00,376727890920,-376517769701949619549427,276318,276318,276318,276318,376727890920,0,50006175537096231303175
2026-07-21 14:41:00,-1841387889,1840356238088480435961,276318,276318,276318,276318,0,1840356238088480435961,50006175537096231303175
2026-07-21 14:43:00,-10157190,10151498771317583056,276318,276318,276318,276318,0,10151498771317583056,50006175537096231303175
2026-07-21 14:48:00,-18973575334,18962937351643958687274,276318,276318,276318,276318,0,18962937351643958687274,50006175537096231303175
2026-07-21 14:52:00,52666185190,-52637332109256005133279,276318,276318,276318,276318,64035205190,11362667890743994866721,50006175537096231303175
2026-07-21 14:54:00,83250957914,-83205395492000000000000,276318,276318,276318,276318,83250957914,0,50006175537096231303175
2026-07-21 14:55:00,42693167527,-42669909418000000000000,276318,276318,276318,276318,42693167527,0,50006175537096231303175
2026-07-21 14:56:00,-5000000000,4997229925252395087071,276318,276318,276318,276318,0,4997229925252395087071,50006175537096231303175
2026-07-21 14:57:00,50165565891,-50138320073000000000000,276318,276318,276318,276318,50165565891,0,50006175537096231303175
2026-07-21 14:58:00,156018599684,-155934505951088480435961,276318,276318,276318,276318,156018599684,0,50006175537096231303175
2026-07-21 15:03:00,195103791745,-195000000000000000000000,276318,276318,276318,276318,195103791745,0,50006175537096231303175
2026-07-21 15:04:00,-122927801134,122857168020666349804823,276318,276318,276318,276318,418863178746,541493588634983024426037,50006175537096231303175
2026-07-21 15:05:00,42694961471,-42672241643000000000000,276318,276318,276318,276318,42694961471,0,50006175537096231303175
2026-07-21 15:07:00,131102142915,-131032833100000000000000,276318,276318,276318,276318,131102142915,0,50006175537096231303175
2026-07-21 15:08:00,6750000,-6746449158598147815,276318,276318,276318,276318,6750000,0,50006175537096231303175
2026-07-21 15:10:00,-210000000,209887429635706410303,276318,276318,276318,276318,0,209887429635706410303,50006175537096231303175
2026-07-21 15:14:00,-49564184391,49537566247500118897177,276318,276318,276318,276318,0,49537566247500118897177,50006175537096231303175
2026-07-21 15:17:00,222951365226,-222834631320000000000000,276318,276318,276318,276318,222951365226,0,50006175537096231303175
2026-07-21 15:18:00,-99190359959,99137171271814119677281,276318,276318,276318,276318,50831783410,149942313269814119677281,50006175537096231303175
2026-07-21 15:19:00,348081866377,-347902208000650517506924,276318,276318,276318,276318,348081866377,0,50006175537096231303175
2026-07-21 15:22:00,209995677622,-209889634558610727514252,276318,276318,276318,276318,210191677622,195898240389272485748,50006175537096231303175
2026-07-21 15:23:00,451125593352,-450903740704000000000000,276319,276319,276319,276319,451125593352,0,50006175537076235828870
2026-07-21 15:24:00,183878472572,-183792288447141591222071,276319,276319,276319,276319,374928997650,190955654377858408777929,50006175537076235828870
2026-07-21 15:26:00,81023299945,-80985370846896016789734,276319,276319,276319,276319,126962041715,45916633699732376665882,50006175537076235828870
2026-07-21 15:27:00,147729376875,-147661356434692790972423,276319,276319,276319,276319,277528902718,129738043565307209027577,50006175537076235828870
2026-07-21 15:28:00,-15799178508,15791648925038404462256,276319,276319,276319,276319,0,15791648925038404462256,50006175537076235828870
2026-07-21 15:29:00,416144734138,-415953898947804277118709,276319,276319,276319,276319,416394734138,249884935195722881291,50006175537076235828870
2026-07-21 15:30:00,-2150991,2150000000000000000,276319,276319,276319,276319,0,2150000000000000000,50006175537076235828870
2026-07-21 15:32:00,-8583410,8579459000000000000,276319,276319,276319,276319,0,8579459000000000000,50006175537076235828870
2026-07-21 15:34:00,-1153006206,1152475490476018411020,276319,276319,276319,276319,0,1152475490476018411020,50006175537076235828870
2026-07-21 15:35:00,-140009104306,139944264883400304854085,276319,276319,276319,276319,0,139944264883400304854085,50006175537076235828870
2026-07-21 15:36:00,28005350155,-27992597879014809403392,276319,276319,276319,276319,28005350155,0,50006175537076235828870
2026-07-21 15:39:00,-7703582,7700000000000000000,276319,276319,276319,276319,0,7700000000000000000,50006175537076235828870
2026-07-21 15:40:00,100262477886,-100217080196153746613238,276319,276319,276319,276319,100262477886,0,50006175537076235828870
2026-07-21 15:42:00,-90462506801,90420659926535933087281,276319,276319,276319,276319,0,90420659926535933087281,50006175537076235828870
2026-07-21 15:43:00,1001172409,-1000717496797547862334,276319,276319,276319,276319,1001172409,0,50006175537076235828870
2026-07-21 15:45:00,138667893552,-138605272624000000000000,276319,276319,276319,276319,138667893552,0,50006175537076235828870
2026-07-21 15:46:00,-150239484453,150170101466098243523230,276319,276319,276319,276319,0,150170101466098243523230,50006175537076235828870
2026-07-21 15:48:00,-137281847217,137217659493472067463960,276319,276319,276319,276319,0,137217659493472067463960,50006175537076235828870
2026-07-21 15:49:00,-43941000000,43920295744725145061349,276319,276319,276319,276319,0,43920295744725145061349,50006175537076235828870
2026-07-21 15:52:00,-87749907130,87708329934546987808679,276319,276319,276319,276319,0,87708329934546987808679,50006175537076235828870
2026-07-21 15:53:00,28316304676,-28303137395732376665882,276319,276319,276319,276319,28316304676,0,50006175537076235828870
2026-07-21 15:56:00,-3233788395,3232253958690759462510,276319,276319,276319,276319,0,3232253958690759462510,50006175537076235828870
2026-07-21 15:57:00,-213535177736,213432918293910551127039,276319,276319,276319,276319,1178683627,214611044252545357169663,50006175537076235828870
2026-07-21 15:58:00,217000000,-216897337219769527340,276319,276319,276319,276319,217000000,0,50006175537076235828870
2026-07-21 16:01:00,4977529,-4975174561488965198,276319,276319,276319,276319,4977529,0,50006175537076235828870
2026-07-21 16:04:00,45000000000,-44978751153651294386031,276319,276319,276319,276319,45000000000,0,50006175537076235828870
2026-07-21 16:05:00,22147428221,-22137000000000000000000,276319,276319,276319,276319,22147428221,0,50006175537076235828870
2026-07-21 16:07:00,-804152226356,803751026087539919038639,276318,276319,276318,276319,195847773644,999499612220973360007343,50006175537096231303175
2026-07-21 16:08:00,199220071750,-199120746674987622221414,276319,276318,276318,276319,199220071750,0,50006175537076235828870
2026-07-21 16:09:00,49351013794,-49326660742767978669507,276319,276319,276319,276319,50024694053,673340321232021330493,50006175537076235828870
2026-07-21 16:11:00,-98440866363,98391180186206879840439,276319,276319,276319,276319,1503789616,99894229056524879886519,50006175537076235828870
2026-07-21 16:12:00,-636582780494,636252224826041856386802,276318,276318,276318,276318,0,636252224826041856386802,50006175537096231303175
2026-07-21 16:14:00,8211660237,-8207375171557413947929,276318,276318,276318,276318,8211660237,0,50006175537096231303175
2026-07-21 16:15:00,336913823258,-336740335978999999999999,276318,276318,276318,276318,336913823258,0,50006175537096231303175
2026-07-21 16:16:00,41468363286,-41447323490000000000000,276318,276318,276318,276318,41468363286,0,50006175537096231303175
2026-07-21 16:17:00,236471103774,-236352438800520672410408,276319,276318,276318,276319,236471103774,0,50006175537076235828870
2026-07-21 16:18:00,2871942050,-2870514599366599595006,276319,276319,276319,276319,2871942050,0,50006175537076235828870
2026-07-21 16:19:00,416328359061,-416124917492000000000000,276319,276319,276319,276319,416328359061,0,50006175537076235828870
2026-07-21 16:21:00,2130678,-2129654770163402759,276319,276319,276319,276319,2130678,0,50006175537076235828870
2026-07-21 16:26:00,50859976,-50835546854038445567,276319,276319,276319,276319,50859976,0,50006175537076235828870
2026-07-21 16:27:00,-5002454,5000000000000000000,276319,276319,276319,276319,0,5000000000000000000,50006175537076235828870
2026-07-21 16:29:00,213671551,-213568968691539644165,276319,276319,276319,276319,218671551,4997548391543307291,50006175537076235828870
2026-07-21 16:30:00,-86420980256,86377926388353277496886,276319,276319,276319,276319,53079021019,139431508441353277496886,50006175537076235828870
2026-07-21 16:34:00,125120840103,-125060701880959078340025,276319,276319,276319,276319,133120840103,7996048516040921659975,50006175537076235828870
2026-07-21 16:36:00,72000000,-71965527950510092241,276319,276319,276319,276319,72000000,0,50006175537076235828870
2026-07-21 16:37:00,-340800000000,340631105547919032322920,276319,276319,276319,276319,0,340631105547919032322920,50006175537076235828870
2026-07-21 16:40:00,460191096388,-459973173764230415823785,276319,276319,276319,276319,904634894358,444232634235769584176215,50006175537076235828870
2026-07-21 16:41:00,45901886830,-45880171200000000000000,276319,276319,276319,276319,45901886830,0,50006175537076235828870
2026-07-21 16:42:00,-575182643341,574898698846650912949762,276319,276319,276319,276319,0,574898698846650912949762,50006175537076235828870
2026-07-21 16:43:00,-161470453,161388884495315947899,276319,276319,276319,276319,0,161388884495315947899,50006175537076235828870
2026-07-21 16:46:00,229028893,-228915487356833984151,276319,276319,276319,276319,229028893,0,50006175537076235828870
2026-07-21 16:47:00,202392867570,-202293470157247094394519,276319,276319,276319,276319,202392867570,0,50006175537076235828870
2026-07-21 16:48:00,138402285907,-138335257516000000000000,276319,276319,276319,276319,138402285907,0,50006175537076235828870
2026-07-21 16:49:00,-269232339,269100000000000000000,276319,276319,276319,276319,0,269100000000000000000,50006175537076235828870
2026-07-21 16:50:00,540254324840,-540000000000000000000000,276319,276319,276319,276319,540254324840,0,50006175537076235828870
2026-07-21 16:51:00,975400000,-974951379820468477414,276319,276319,276319,276319,975400000,0,50006175537076235828870
2026-07-21 16:52:00,-2313541434,2312454169441791428869,276319,276319,276319,276319,0,2312454169441791428869,50006175537076235828870
2026-07-21 16:54:00,-60093863,60065618106402168943,276319,276319,276319,276319,0,60065618106402168943,50006175537076235828870
2026-07-21 16:57:00,-6940865914,6937570206725172367790,276319,276319,276319,276319,3251503623,10187576992977994589363,50006175537076235828870
2026-07-21 16:58:00,-107481976053,107431198281502731436049,276319,276319,276319,276319,0,107431198281502731436049,50006175537076235828870
2026-07-21 17:03:00,-316646281270,316493988023772961265656,276319,276319,276319,276319,1615747509,318108964384488159340060,50006175537076235828870
2026-07-21 17:04:00,-81289704814,81249965696343739600864,276319,276319,276319,276319,0,81249965696343739600864,50006175537076235828870
2026-07-21 17:06:00,-508334384207,508079411182889965419236,276318,276318,276318,276318,48065836325,556121129832625340906212,50006175537096231303175
2026-07-21 17:07:00,2062057545,-2061024945912376759656,276318,276318,276318,276318,2062057545,0,50006175537096231303175
2026-07-21 17:08:00,-237173442471,237051189562235835936221,276318,276318,276318,276318,74815459,237125967560235835936221,50006175537096231303175
2026-07-21 17:10:00,221541962,-221428932950021976609,276318,276318,276318,276318,221541962,0,50006175537096231303175
2026-07-21 17:11:00,-12485461855,12478963989239896774725,276318,276318,276318,276318,0,12478963989239896774725,50006175537096231303175
2026-07-21 17:12:00,139830978691,-139759959221000000000000,276318,276318,276318,276318,139830978691,0,50008487849829591555092
2026-07-21 17:13:00,50000000,-49974744995126173111,276318,276318,276318,276318,50000000,0,50008487849829591555092
2026-07-21 17:18:00,1318141175,-1317476419311736259838,276318,276318,276318,276318,1418158824,99966129395691293781,50008487849829591555092
2026-07-21 17:19:00,29007680146,-28993047633883014149572,276318,276318,276318,276318,29097680146,89953646116985850428,50008487849829591555092
2026-07-21 17:20:00,30189020883,-30173827233000000000000,276318,276318,276318,276318,30189020883,0,50008487849829591555092
2026-07-21 17:21:00,1457137499,-1456405067000000000000,276318,276318,276318,276318,1457137499,0,50008487849829591555092
2026-07-21 17:22:00,-1256677000,1256032773248637748767,276318,276318,276318,276318,0,1256032773248637748767,50008487849829591555092
2026-07-21 17:25:00,1833861933,-1832940168000000000000,276318,276318,276318,276318,1833861933,0,50008487849829591555092
2026-07-21 17:26:00,196336539,-196237861873334600041,276318,276318,276318,276318,196336539,0,50008487849829591555092
2026-07-21 17:27:00,46419598823,-46396311778000000000000,276318,276318,276318,276318,46419598823,0,50008487849829591555092
2026-07-21 17:29:00,1439440623,-1438719884000000000000,276318,276318,276318,276318,1439440623,0,50008487849829591555092
2026-07-21 17:30:00,-84000000,83957103244440720330,276318,276318,276318,276318,0,83957103244440720330,50008487849829591555092
2026-07-21 17:32:00,480248857,-480008409869157174532,276318,276318,276318,276318,480248857,0,50008487849829591555092
2026-07-21 17:33:00,-217632536935,217520440711927272689968,276318,276318,276318,276318,1401461610,218921200603727334113429,50008487849829591555092
2026-07-21 17:34:00,725323883,-724954442554185328448,276318,276318,276318,276318,725323883,0,50008487849829591555092
2026-07-21 17:37:00,-6027668029000,6023774346999776849012245,276316,276314,276314,276316,3750830623224,9771510532441793871634388,50008487849829589555745
2026-07-21 17:38:00,724114144691,-723581511390067552042749,276316,276316,276316,276316,734100948514,9979280094361661397960,50008487849829589555745
2026-07-21 17:39:00,1630059544103,-1628938316621495261410620,276317,276316,276316,276317,1766002664763,135849665062504738589380,50008487849829590555393
2026-07-21 17:40:00,266356783726,-266183739910072674078018,276317,276317,276317,276317,296346163842,29969385957927325921982,50008487849829590555393
2026-07-21 17:41:00,914160077610,-913586706620000000000000,276317,276317,276317,276317,914160077610,0,50008487849829590555393
2026-07-21 17:42:00,62912721233,-62874503466340220065291,276317,276317,276317,276317,64284947169,1371376570448201813960,50008487849829590555393
2026-07-21 17:43:00,-6110451627,6106684227108863714568,276317,276317,276317,276317,0,6106684227108863714568,50008487849829590555393
2026-07-21 17:45:00,271918666565,-271755176681000000000000,276318,276318,276318,276318,271918666565,0,50008487849829591555092
2026-07-21 17:46:00,54445435992,-54413055918000000000000,276318,276318,276318,276318,54445435992,0,50008487849829591555092
2026-07-21 17:47:00,115763326448,-115695419993342856608075,276318,276318,276318,276318,170521412014,54724971954323930371765,50008487849829591555092
2026-07-21 17:48:00,229346495273,-229212458361000000000000,276318,276318,276318,276318,229346495273,0,50008487849829591555092
2026-07-21 17:49:00,188679869292,-188571174984000000000000,276318,276318,276318,276318,188679869292,0,50008487849829591555092
2026-07-21 17:50:00,141069029582,-140988692216000000000000,276318,276318,276318,276318,141069029582,0,50008487849829591555092
2026-07-21 17:53:00,-501463443,501174259591773845181,276318,276318,276318,276318,0,501174259591773845181,50008487849829591555092
2026-07-21 17:54:00,74568181320,-74526039277024967249253,276318,276318,276318,276318,74968458712,400046553975032750747,50008487849829591555092
2026-07-21 17:55:00,230281041211,-230152288627000000000000,276318,276318,276318,276318,230281041211,0,50008487849829591555092
2026-07-21 17:58:00,-280812877553,280652782026442758171769,276318,276318,276318,276318,0,280652782026442758171769,50008487849829591555092
2026-07-21 18:01:00,42745995873,-42721849655000000000000,276318,276318,276318,276318,42745995873,0,50008487849829591555092
2026-07-21 18:03:00,1447523893,-1446707499493795282179,276318,276318,276318,276318,1447523893,0,50008487849829591555092
2026-07-21 18:04:00,36992121213,-36971286299000000000000,276318,276318,276318,276318,36992121213,0,50008487849829591555092
2026-07-21 18:05:00,-1047586234,1046986488787554792003,276318,276318,276318,276318,0,1046986488787554792003,50008487849829591555092
2026-07-21 18:06:00,34197437259,-34178223592000000000000,276318,276318,276318,276318,34197437259,0,50008487849829591555092
2026-07-21 18:09:00,-2629198545,2627696722392550238840,276318,276318,276318,276318,0,2627696722392550238840,50008487849829591555092
2026-07-21 18:11:00,128245927868,-128174276262000000000000,276318,276318,276318,276318,128245927868,0,50008487849829591555092
2026-07-21 18:13:00,-22633412891,22620589046654494301921,276318,276318,276318,276318,0,22620589046654494301921,50008487849829591555092
2026-07-21 18:14:00,8512573325,-8508175049276810702637,276318,276318,276318,276318,42749516716,34217506212723189297363,50008487849829591555092
2026-07-21 18:15:00,42966316322,-42942433574349098769974,276318,276318,276318,276318,42966316322,0,50008487849829591555092
2026-07-21 18:17:00,5068228620,-5065416319046339608207,276318,276318,276318,276318,5068228620,0,50008487849829591555092
2026-07-21 18:18:00,42750167388,-42726486657000000000000,276318,276318,276318,276318,42750167388,0,50008487849829591555092
2026-07-21 18:19:00,-14958423,14950000000000000000,276318,276318,276318,276318,0,14950000000000000000,50008487849829591555092
2026-07-21 18:22:00,195991960695,-195884329047000000000000,276318,276318,276318,276318,195991960695,0,50008487849829591555092
2026-07-21 18:23:00,-12792036,12783935433194186785,276318,276318,276318,276318,99785191,112514719009306376814,50008487849829591555092
2026-07-21 18:24:00,13805497640,-13797974026898491276177,276318,276318,276318,276318,13805497640,0,50008487849829591555092
2026-07-21 18:26:00,-453716745,453465067870504685927,276318,276318,276318,276318,0,453465067870504685927,50008487849829591555092
2026-07-21 18:27:00,-529237085,528943505940134259724,276318,276318,276318,276318,0,528943505940134259724,50008487849829591555092
2026-07-21 18:28:00,-659095859791,658719363021544068392465,276318,276318,276318,276318,219828659700,878421519054431168931345,50008487849829591555092
2026-07-21 18:29:00,66300783411,-66263008661000000000000,276318,276318,276318,276318,66300783411,0,50008487849829591555092
2026-07-21 18:30:00,61102954073,-61068296312855600098773,276318,276318,276318,276318,61102954073,0,50008487849829591555092
2026-07-21 18:31:00,382526592,-382310092399825442580,276318,276318,276318,276318,382526592,0,50008487849829591555092
2026-07-21 18:32:00,225409618626,-225283059465000000000000,276318,276318,276318,276318,225409618626,0,50008487849829591555092
2026-07-21 18:33:00,-220643298595,220516696165306257926059,276318,276318,276318,276318,53551230664,274037571527319174277035,50008487849829591555092
2026-07-21 18:34:00,8450156612,-8445377143280685752448,276318,276318,276318,276318,8450156612,0,50008487849829591555092
2026-07-21 18:35:00,541092793,-540786845000000000000,276318,276318,276318,276318,541092793,0,50008487849829591555092
2026-07-21 18:36:00,58417974991,-58385012670000000000000,276318,276318,276318,276318,58417974991,0,50008487849829591555092
2026-07-21 18:37:00,8505792768,-8501004751000000000000,276318,276318,276318,276318,8505792768,0,50008487849829591555092
2026-07-21 18:38:00,-4003272720,4000979577007548268256,276318,276318,276318,276318,0,4000979577007548268256,50008487849829591555092
2026-07-21 18:40:00,1038085772,-1037501453000000000000,276318,276318,276318,276318,1038085772,0,50008487849829591555092
2026-07-21 18:42:00,363898087827,-363695909522000000000000,276318,276318,276318,276318,363898087827,0,50008487849829591555092
2026-07-21 18:43:00,338414641879,-338231370663000000000000,276318,276318,276318,276318,338414641879,0,50008487849829591555092
2026-07-21 18:44:00,196596186752,-196491820046000000000000,276318,276318,276318,276318,196596186752,0,50008487849829591555092
2026-07-21 18:45:00,101619882310,-101567331073081414196459,276318,276318,276318,276318,180665525527,79003076001918585803541,50008487849829591555092
2026-07-21 18:46:00,602469105557,-602162395638214956597950,276318,276319,276318,276319,708144546787,105621896891785043402050,50008487849829591555092
2026-07-21 18:47:00,-85896719605,85852868081085954259325,276318,276318,276318,276318,0,85852868081085954259325,50008487849829591555092
2026-07-21 18:51:00,-9961418620,9955379267443751090886,276318,276318,276318,276318,93529370131,103437949267443751090886,50008487849829591555092
2026-07-21 18:56:00,-63004548611,62971743991996160998980,276318,276318,276318,276318,42756567895,105706676802996160998980,50008487849829591555092
2026-07-21 18:57:00,42756762009,-42735199884000000000000,276318,276318,276318,276318,42756762009,0,50008487849829591555092
2026-07-21 18:59:00,-6607281624,6603888321406210488445,276318,276318,276318,276318,0,6603888321406210488445,50008487849829591555092
2026-07-21 19:08:00,42742109670,-42720616818130742154960,276318,276318,276318,276318,42757030243,14912907869257845040,50008487849829591555092
2026-07-21 19:09:00,266703741394,-266571277683430026335965,276319,276318,276318,276319,266703741394,0,50008487849809596080787
2026-07-21 19:11:00,42758566140,-42737593651000000000000,276319,276319,276319,276319,42758566140,0,50008487849809596080787
2026-07-21 19:14:00,56576755868,-56549118046000000000000,276319,276319,276319,276319,56576755868,0,50008487849809596080787
2026-07-21 19:20:00,-121331950263,121271309721834464954819,276319,276319,276319,276319,0,121271309721834464954819,50008487849809596080787
2026-07-21 19:23:00,-470499463066,470257207186143484629589,276318,276318,276318,276318,154163614335,624341800117602100236885,50008487849829591555092
2026-07-21 19:25:00,753456025,-753071004000000000000,276318,276318,276318,276318,753456025,0,50008487849829591555092
2026-07-21 19:27:00,-50000000000,49973900701505802300250,276318,276318,276318,276318,0,49973900701505802300250,50008487849829591555092
2026-07-21 19:28:00,-119356088507,119293382095911637589939,276318,276318,276318,276318,32108291,119325473915858278400707,50008487849829591555092
2026-07-21 19:30:00,-686958373990,686586399485033725183590,276318,276318,276318,276318,0,686586399485033725183590,50008487849829591555092
2026-07-21 19:31:00,-57136486065,57104270920819489206806,276318,276318,276318,276318,42763513935,99844335524819489206806,50008487849829591555092
2026-07-21 19:32:00,42764035194,-42740658654000000000000,276318,276318,276318,276318,42764035194,0,50008487849829591555092
2026-07-21 19:33:00,42764470448,-42741166750000000000000,276318,276318,276318,276318,42764470448,0,50008487849829591555092
2026-07-21 19:36:00,42764620353,-42741389653000000000000,276318,276318,276318,276318,42764620353,0,50008487849829591555092
2026-07-21 19:37:00,44515715841,-44491611537372643931151,276318,276318,276318,276318,44515715841,0,50008487849829591555092
2026-07-21 19:41:00,84867229022,-84821494632000000000000,276318,276318,276318,276318,84867229022,0,50008487849829591555092
2026-07-21 19:44:00,42764732310,-42741795734000000000000,276318,276318,276318,276318,42764732310,0,50008487849829591555092
2026-07-21 19:45:00,42764942178,-42742078572000000000000,276318,276318,276318,276318,42764942178,0,50008487849829591555092
2026-07-21 19:47:00,-479189756326,478922628964667640697073,276318,276318,276318,276318,196939618546,675753315243893441044721,50008487849829591555092
2026-07-21 19:48:00,54921805174,-54891497616000000000000,276318,276318,276318,276318,54921805174,0,50008487849829591555092
2026-07-21 19:49:00,42766449556,-42742933173000000000000,276318,276318,276318,276318,42766449556,0,50008487849829591555092
2026-07-21 19:50:00,44977210861,-44952557677095908713298,276318,276318,276318,276318,44977210861,0,50008487849829591555092
2026-07-21 19:52:00,-11331039017,11321104872478195620868,276318,276318,276318,276318,361967795792,373088040277478195620868,50008487849829591555092
2026-07-21 19:53:00,361141532128,-360946347953175697719296,276318,276318,276318,276318,361141532128,0,50008487849829591555092
2026-07-21 19:55:00,19782549,-19772000000000000000,276318,276318,276318,276318,19782549,0,50008487849829591555092
2026-07-21 19:57:00,54042043632,-54013284179000000000000,276318,276318,276318,276318,54042043632,0,50008487849829591555092
2026-07-21 20:00:00,120193122,-120129289225264172541,276318,276318,276318,276318,120193122,0,50008487849829591555092
2026-07-21 20:01:00,19072422161,-19062300380000000000000,276318,276318,276318,276318,19072422161,0,50008487849829591555092
2026-07-21 20:02:00,12311834,-12305305123720350603,276318,276318,276318,276318,12311834,0,50008487849829591555092
2026-07-21 20:03:00,511867916,-511596468658862134571,276318,276318,276318,276318,511867916,0,50008487849829591555092
2026-07-21 20:04:00,548008820417,-547724211619154775837873,276318,276318,276318,276318,548008820417,0,50008487849829591555092
2026-07-21 20:07:00,-2799913235,2798461614550338180411,276318,276318,276318,276318,0,2798461614550338180411,50008487849829591555092
2026-07-21 20:10:00,-95646145,95596550782742722763,276318,276318,276318,276318,0,95596550782742722763,50008487849829591555092
2026-07-21 20:11:00,-50000000,49974074372405421246,276318,276318,276318,276318,0,49974074372405421246,50008487849829591555092
2026-07-21 20:12:00,-255892262977,255758249794442610014560,276318,276318,276318,276318,2122055535,257879204434738430796449,50008487849829591555092
2026-07-21 20:13:00,-321546569411,321372464674769112815701,276318,276318,276318,276318,202563247589,523827211004940935581710,50008487849829591555092
2026-07-21 20:14:00,374148695,-373949803453147043089,276318,276318,276318,276318,374148695,0,50008487849829591555092
2026-07-21 20:15:00,-1733736584,1732797577358285084456,276318,276318,276318,276318,0,1732797577358285084456,50008487849829591555092
2026-07-21 20:16:00,-1004664434,1004120243640633398443,276318,276318,276318,276318,0,1004120243640633398443,50008487849829591555092
2026-07-21 20:19:00,3306891930,-3305133912923645486480,276318,276318,276318,276318,3306891930,0,50008487849829591555092
2026-07-21 20:24:00,-850460583,850000000000000000000,276318,276318,276318,276318,0,850000000000000000000,50008487849829591555092
2026-07-21 20:26:00,86184494871,-86138828434000000000000,276318,276318,276318,276318,86184494871,0,50008487849829591555092
2026-07-21 20:28:00,150348954587,-150270000000000000000000,276318,276318,276318,276318,150348954587,0,50008487849829591555092
2026-07-21 20:31:00,-235442718487,235316320863085318456281,276318,276318,276318,276318,322279733,235638429288085318456281,50008487849829591555092
2026-07-21 20:32:00,110067287,-110008781692973683692,276318,276318,276318,276318,110067287,0,50008487849829591555092
2026-07-21 20:34:00,-90237520743,90188486117933108879578,276318,276318,276318,276318,497479257,90685699144933108879578,50008487849829591555092
2026-07-21 20:36:00,41104675828,-41082712489064103290324,276318,276318,276318,276318,41104675828,0,50008487849829591555092
2026-07-21 20:43:00,7798240417,-7794181326197996992584,276318,276318,276318,276318,17813593570,10009914929741006295497,50008487849829591555092
2026-07-21 20:44:00,27662700,-27647950586685596966,276318,276318,276318,276318,27662700,0,50008487849829591555092
2026-07-21 20:48:00,-147000000000,146919719663507828847837,276318,276318,276318,276318,0,146919719663507828847837,50008487849829591555092
2026-07-21 20:49:00,2152993510,-2151832994463640000000,276318,276318,276318,276318,2152993510,0,50008487849829591555092
2026-07-21 20:50:00,-125509352312,125440095154906059843942,276318,276318,276318,276318,4084531709,129522404559906059843942,50008487849829591555092
2026-07-21 20:51:00,27974201425,-27958999191000000000000,276318,276318,276318,276318,27974201425,0,50008487849829591555092
2026-07-21 20:52:00,156252079237,-156167741120000000000000,276318,276318,276318,276318,156252079237,0,50008487849829591555092
2026-07-21 20:53:00,2967392229,-2965800000000000000000,276318,276318,276318,276318,2967392229,0,50008487849829591555092
2026-07-21 20:54:00,160800516634,-160714761182000000000000,276318,276318,276318,276318,160800516634,0,50008487849829591555092
2026-07-21 20:57:00,2967372800,-2965800000000000000000,276318,276318,276318,276318,2967372800,0,50008487849829591555092
2026-07-21 21:01:00,9624284270,-9619185522000000000000,276318,276318,276318,276318,9624284270,0,50008487849829591555092
2026-07-21 21:03:00,203085632322,-202979188250529651666100,276318,276318,276318,276318,231441615264,28340928755470348333900,50008487849829591555092
2026-07-21 21:04:00,-2850000000,2848485158474432354709,276318,276318,276318,276318,0,2848485158474432354709,50008487849829591555092
2026-07-21 21:06:00,3956463321,-3954400000000000000000,276318,276318,276318,276318,3956463321,0,50008487849829591555092
2026-07-21 21:08:00,314701170639,-314539055679000000000000,276318,276318,276318,276318,314701170639,0,50008487849829591555092
2026-07-21 21:10:00,-122193687224,122129987158602274476953,276318,276318,276318,276318,200000000,122329885389148418761549,50008487849829591555092
2026-07-21 21:11:00,121203554505,-121141581600000000000000,276318,276318,276318,276318,121203554505,0,50008487849829591555092
2026-07-21 21:15:00,-35749110179,35730534939764734937248,276318,276318,276318,276318,0,35730534939764734937248,50008487849829591555092
2026-07-21 21:16:00,1180632769,-1180030298000000000000,276318,276318,276318,276318,1180632769,0,50008487849829591555092
2026-07-21 21:17:00,-18314213498,18303753272532979857959,276318,276318,276318,276318,92571200860,110827888846532979857959,50008487849829591555092
2026-07-21 21:21:00,215305972193,-215196876225000000000000,276318,276318,276318,276318,215305972193,0,50008487849829591555092
2026-07-21 21:22:00,-40000000000,39979472236324231369114,276318,276318,276318,276318,0,39979472236324231369114,50008487849829591555092
2026-07-21 21:23:00,-68765969898,68730530160572082866738,276318,276318,276318,276318,0,68730530160572082866738,50008487849829591555092
2026-07-21 21:38:00,2464085,-2462837000000000000,276318,276318,276318,276318,2464085,0,50008487849829591555092
2026-07-21 21:40:00,-112905207540,112846610048012836424451,276318,276318,276318,276318,0,112846610048012836424451,50008487849829591555092
2026-07-21 21:42:00,261470950003,-261338636866040000000000,276318,276318,276318,276318,261470950003,0,50008487849829591555092
2026-07-21 21:46:00,1677622328972,-1676840051822349902558898,276319,276319,276319,276319,1843028575388,165333392709650097441102,50008487849809596080787
2026-07-21 21:47:00,-250844411629,250731839881639440402981,276319,276319,276319,276319,0,250731839881639440402981,50008487849809596080787
2026-07-21 21:48:00,-42785258456,42765806617010597521943,276319,276319,276319,276319,0,42765806617010597521943,50008487849809596080787
2026-07-21 21:49:00,-28935603,28922422000000000000,276319,276319,276319,276319,0,28922422000000000000,50008487849809596080787
2026-07-21 21:50:00,-717694737,717367819871386537325,276319,276319,276319,276319,0,717367819871386537325,50008487849809596080787
2026-07-21 21:51:00,-71484110510,71451445697676407696757,276319,276319,276319,276319,0,71451445697676407696757,50008487849809596080787
2026-07-21 21:52:00,-85573228670,85533857237700516586796,276319,276319,276319,276319,0,85533857237700516586796,50008487849809596080787
2026-07-21 21:53:00,102127171,-102081029879593378920,276319,276319,276319,276319,102127171,0,50008487849809596080787
2026-07-21 21:54:00,-58751298429,58724098314903997096131,276319,276319,276319,276319,0,58724098314903997096131,50008487849809596080787
2026-07-21 21:55:00,-306006743051,305862840559767774343452,276319,276319,276319,276319,0,305862840559767774343452,50008487849809596080787
2026-07-21 21:58:00,-1560573666,1559830200543741616938,276319,276319,276319,276319,0,1559830200543741616938,50008487849809596080787
2026-07-21 22:00:00,3071959174,-3070526475184300041881,276319,276319,276319,276319,3071959174,0,50008487849809596080787
2026-07-21 22:01:00,-54159626041,54133770462642401951939,276319,276319,276319,276319,0,54133770462642401951939,50008487849809596080787
2026-07-21 22:02:00,65622704176,-65592047124000000000000,276319,276319,276319,276319,65622704176,0,50008487849809596080787
2026-07-21 22:04:00,-174281072506,174197532973128833254649,276319,276319,276319,276319,0,174197532973128833254649,50008487849809596080787
2026-07-21 22:06:00,17993467,-17984959271103452360,276319,276319,276319,276319,17993467,0,50008487849809596080787
2026-07-21 22:12:00,-343273951293,343105857240508438938353,276319,276319,276319,276319,0,343105857240508438938353,50008487849809596080787
2026-07-21 22:13:00,-541907836,541632366753818458731,276319,276319,276319,276319,638792164,1180113708930298589048,50008487849809596080787
2026-07-21 22:14:00,-33090811871,33074358419598961569308,276319,276319,276319,276319,0,33074358419598961569308,50008487849809596080787
2026-07-21 22:16:00,-179489366,179400000000000000000,276319,276319,276319,276319,0,179400000000000000000,50008487849809596080787
2026-07-21 22:19:00,6721678163,-6718399597000000000000,276319,276319,276319,276319,6721678163,0,50008487849809596080787
2026-07-21 22:20:00,-119844411104,119784487031872539601855,276319,276319,276319,276319,0,119784487031872539601855,50008487849809596080787
2026-07-21 22:21:00,1000394618,-999902029320488310177,276319,276319,276319,276319,1000394618,0,50008487849809596080787
2026-07-21 22:25:00,-32802983909,32786482142913027548124,276319,276319,276319,276319,102215131,32888646946183851735691,50008487849809596080787
2026-07-21 22:26:00,-57786015269,57756842818494695424698,276319,276319,276319,276319,0,57756842818494695424698,50008487849809596080787
2026-07-21 22:28:00,25494351109,-25481719140582399686455,276319,276319,276319,276319,25506629352,12272028959714624287,50008487849809596080787
2026-07-21 22:31:00,-50027,50000000000000000,276319,276319,276319,276319,0,50000000000000000,50008487849809596080787
2026-07-21 22:33:00,7500000,-7496287676641186559,276319,276319,276319,276319,7500000,0,50008487849809596080787
2026-07-21 22:38:00,1000496641,-1000001439728421837725,276319,276319,276319,276319,1000496641,0,50008487849809596080787
2026-07-21 22:44:00,4950000000,-4947550554844130278308,276319,276319,276319,276319,4950000000,0,50008487849809596080787
2026-07-21 22:45:00,-76997330196,76958348599806551558281,276318,276318,276318,276318,0,76958348599806551558281,50008487849829591555092
2026-07-21 22:49:00,-91678660,91632103835094515175,276318,276318,276318,276318,0,91632103835094515175,50008487849829591555092
2026-07-21 22:51:00,-8013798030,8007121061289431410783,276318,276319,276318,276319,260745827528,268624502833289431410783,50008487849829591555092
2026-07-21 22:53:00,85117506,-85075106507722158463,276318,276318,276318,276318,85117506,0,50008487849829591555092
2026-07-21 22:54:00,-83442760343,83400221365102967849802,276318,276318,276318,276318,0,83400221365102967849802,50008487849829591555092
2026-07-21 22:55:00,-230807952153,230688837383908708198990,276318,276318,276318,276318,0,230688837383908708198990,50008487849829591555092
2026-07-21 22:57:00,1104272574,-1103708654151454975458,276318,276318,276318,276318,1104322601,50000000000000000,50008487849829591555092
2026-07-21 22:58:00,-42694264866,42671998888599865312859,276318,276318,276318,276318,99750937,42771698888599865312859,50008487849829591555092
2026-07-21 22:59:00,-42794367417,42771977135973320971953,276318,276318,276318,276318,0,42771977135973320971953,50008487849829591555092
2026-07-21 23:01:00,-41661195437,41639316405147318929029,276318,276318,276318,276318,1133524227,42772257951903866431626,50008487849829591555092
2026-07-21 23:04:00,-42795011869,42772476817092009327469,276318,276318,276318,276318,0,42772476817092009327469,50008487849829591555092
2026-07-21 23:12:00,-61550429222,61517889592640400971073,276318,276318,276318,276318,0,61517889592640400971073,50008487849829591555092
2026-07-21 23:14:00,71253447817,-71216504509383205394370,276318,276318,276318,276318,71253447817,0,50008487849829591555092
2026-07-21 23:19:00,-5047252045,5044591388292171110395,276318,276318,276318,276318,0,5044591388292171110395,50008487849829591555092
2026-07-21 23:24:00,-21397784196,21386493060073363258884,276318,276318,276318,276318,0,21386493060073363258884,50008487849829591555092
2026-07-21 23:26:00,99201530,-99150133502784836890,276318,276318,276318,276318,99201530,0,50008487849829591555092
2026-07-21 23:27:00,2001039313,-2000002641664997042577,276318,276318,276318,276318,2001039313,0,50008487849829591555092
2026-07-21 23:34:00,-194792396906,194688784198627174006490,276318,276318,276318,276318,0,194688784198627174006490,50008487849829591555092
2026-07-21 23:35:00,-42797203220,42774235643311629770662,276318,276318,276318,276318,0,42774235643311629770662,50008487849829591555092
2026-07-21 23:43:00,120163679,-120100290737657008963,276318,276318,276318,276318,120163679,0,50008487849829591555092
2026-07-21 23:47:00,-200019443180,199911131163797502797238,276318,276318,276318,276318,0,199911131163797502797238,50008487849829591555092
2026-07-21 23:52:00,8425872511,-8421361797528874676474,276318,276318,276318,276318,8425872511,0,50008487849829591555092
2026-07-21 23:56:00,-455648469,455400059506111833012,276318,276318,276318,276318,0,455400059506111833012,50008487849829591555092
2026-07-21 23:57:00,264060402,-263919081043817400767,276318,276318,276318,276318,264060402,0,50008487849829591555092
2026-07-21 23:58:00,-5282471889,5279591460105562037027,276318,276318,276318,276318,0,5279591460105562037027,50008487849829591555092
