timestamp,netAmount0,netAmount1,closeTick,openTick,lowestTick,highestTick,inAmount0,inAmount1,currentLiquidity
2026-07-07 00:01:00,222683294,-222571791013918337153,276318,276318,276318,276318,222683294,0,50008858251286117790079
2026-07-07 00:04:00,-521241797,520975582972407258877,276318,276318,276318,276318,0,520975582972407258877,50008858251286117790079
2026-07-07 00:07:00,-1367829840,1367131197323516648287,276318,276318,276318,276318,0,1367131197323516648287,50008858251286117790079
2026-07-07 00:09:00,-57000000000,56970819826243332883909,276318,276318,276318,276318,0,56970819826243332883909,50008858251286117790079
2026-07-07 00:12:00,-4025,4021955508884775,276318,276318,276318,276318,0,4021955508884775,50008858251286117790079
2026-07-07 00:13:00,-99861426,99810189027383985686,276318,276318,276318,276318,0,99810189027383985686,50008858251286117790079
2026-07-07 00:15:00,713105488,-712746749491945714586,276318,276318,276318,276318,713105488,0,50008858251286117790079
2026-07-07 00:16:00,41621071,-41600133815371423288,276318,276318,276318,276318,41621071,0,50008858251286117790079
2026-07-07 00:17:00,1001113478,-1000609887600197035511,276318,276318,276318,276318,1001113478,0,50008858251286117790079
2026-07-07 00:19:00,-2688930000,2687550418989802909516,276318,276318,276318,276318,0,2687550418989802909516,50008858251286117790079
2026-07-07 00:21:00,100050137023,-100000000000000000000000,276318,276318,276318,276318,100050137023,0,50008858251286117790079
2026-07-07 00:22:00,57641672085,-57613392171444436856995,276319,276319,276319,276319,100049737684,42386607828555563143005,50647753312571044507476
2026-07-07 00:23:00,57515030154,-57486945655748481465661,276319,276319,276319,276319,100049509594,42513054344251518534339,50647753312571044507476
2026-07-07 00:24:00,57008405471,-56980705975864280016290,276319,276319,276319,276319,100049282420,43019294024135719983710,50647753312571044507476
2026-07-07 00:25:00,98854725325,-98806263304853354048614,276319,276319,276319,276319,100049061965,1193736695146645951386,50647753312571044507476
2026-07-07 00:26:00,59273790118,-59245317363939645008481,276319,276319,276319,276319,100048666792,40754682636060354991519,50647753312571044507476
2026-07-07 00:27:00,57462213351,-57434773713102113553828,276319,276319,276319,276319,100048432877,42565226286897886446172,50647753312571044507476
2026-07-07 00:28:00,100048205709,-100000000000000000000000,276319,276319,276319,276319,100048205709,0,50647753312571044507476
2026-07-07 00:29:00,-3602111161,3600346422751486374549,276319,276319,276319,276319,0,3600346422751486374549,50647753312571044507476
2026-07-07 00:30:00,-9342595068,9338015583560070007760,276319,276319,276319,276319,0,9338015583560070007760,50647753312571044507476
2026-07-07 00:31:00,-4244068740,4241987274788131094405,276319,276319,276319,276319,0,4241987274788131094405,50647753312571044507476
2026-07-07 00:33:00,-1044691286,1044178817442409158521,276319,276319,276319,276319,0,1044178817442409158521,50647753312571044507476
2026-07-07 00:34:00,-100000000002,99950746150839705668926,276319,276319,276319,276319,0,99950746150839705668926,50647753312571044507476
2026-07-07 00:35:00,95487846772,-95441806830254428990165,276319,276319,276319,276319,100048295547,4558193169745571009835,50647753312571044507476
2026-07-07 00:37:00,-1082124362,1081593292947872584587,276319,276319,276319,276319,0,1081593292947872584587,50647753312571044507476
2026-07-07 00:38:00,21764659610,-21754204702000000000000,276319,276319,276319,276319,21764659610,0,50647753312571044507476
2026-07-07 00:40:00,-2724544437,2723209461168664604189,276319,276319,276319,276319,0,2723209461168664604189,50647753312571044507476
2026-07-07 00:41:00,-61553643331,61522405143405451460504,276319,276319,276319,276319,100047833579,161522405143405451460504,50647753312571044507476
2026-07-07 00:42:00,100048072569,-100000000000000000000000,276319,276319,276319,276319,100048072569,0,50647753312571044507476
2026-07-07 00:43:00,22678172428,-22668106572719739722060,276319,276319,276319,276319,100312696671,77596786115112620811955,50647753312571044507476
2026-07-07 00:44:00,60345830098,-60317476046503069519279,276319,276319,276319,276319,100047587827,39682523953496930480721,50647753312571044507476
2026-07-07 00:45:00,100047349474,-100000000000000000000000,276319,276319,276319,276319,100047349474,0,50647753312571044507476
2026-07-07 00:46:00,41670452256,-41651430860592769926130,276319,276319,276319,276319,100046954312,58348569139407230073870,50647753312571044507476
2026-07-07 00:47:00,-11257770652,11251368389748791447427,276319,276319,276319,276319,100047229348,111251368389748791447427,50647753312571044507476
2026-07-07 00:48:00,100046834186,-100000000000000000000000,276319,276319,276319,276319,100046834186,0,50647753312571044507476
2026-07-07 00:49:00,22964939378,-22955015164014347372359,276319,276319,276319,276319,100046439026,77044984835985652627641,50647753312571044507476
2026-07-07 00:50:00,93293925254,-93250760184148009617808,276319,276319,276319,276319,100046348319,6749239815851990382192,50647753312571044507476
2026-07-07 00:51:00,-53915512,53890087319215859757,276319,276319,276319,276319,0,53890087319215859757,50647753312571044507476
2026-07-07 00:52:00,-90162379,90119861000000000000,276319,276319,276319,276319,0,90119861000000000000,50647753312571044507476
2026-07-07 00:54:00,173470243663,-173392065401045212871729,276319,276319,276319,276319,303138105343,129607934598954787128271,50647753312571044507476
2026-07-07 00:55:00,-165541975512,165464504695019763393949,276319,276319,276319,276319,0,165464504695019763393949,50647753312571044507476
2026-07-07 00:56:00,-296628875,296489086316303361443,276319,276319,276319,276319,0,296489086316303361443,50647753312571044507476
2026-07-07 00:57:00,-26293471032,26281055285777979211857,276319,276319,276319,276319,1102673178,27383219753122559205625,50647753312571044507476
2026-07-07 00:59:00,-10101592056,10096819077266099348888,276319,276319,276319,276319,0,10096819077266099348888,50647753312571044507476
2026-07-07 01:00:00,100046094003,-100000000000000000000000,276319,276319,276319,276319,100046094003,0,50647753312571044507476
2026-07-07 01:02:00,-35142983942,35126486332674167595746,276319,276319,276319,276319,0,35126486332674167595746,50647753312571044507476
2026-07-07 01:03:00,-23160780569,23149881270877603022919,276319,276319,276319,276319,0,23149881270877603022919,50647753312571044507476
2026-07-07 01:04:00,-95860379909,95815042563268079605456,276319,276319,276319,276319,102857799,95917852550464825501080,50647753312571044507476
2026-07-07 01:05:00,100046307752,-100000000000000000000000,276319,276319,276319,276319,100046307752,0,50647753312571044507476
2026-07-07 01:06:00,100358065129,-100312009899715470531328,276319,276319,276319,276319,100358065129,0,50647753312571044507476
2026-07-07 01:08:00,-95000000000,94955464117602899334660,276319,276319,276319,276319,0,94955464117602899334660,50647753312571044507476
2026-07-07 01:09:00,-133847159445,133783807715111512666438,276319,276319,276319,276319,0,133783807715111512666438,50647753312571044507476
2026-07-07 01:10:00,100046420089,-100000000000000000000000,276319,276319,276319,276319,100046420089,0,50647753312571044507476
2026-07-07 01:11:00,100046024932,-100000000000000000000000,276319,276319,276319,276319,100046024932,0,50647753312571044507476
2026-07-07 01:12:00,-747066627,746716944045815128376,276319,276319,276319,276319,0,746716944045815128376,50647753312571044507476
2026-07-07 01:13:00,-70441513486,70408442721196275159224,276319,276319,276319,276319,0,70408442721196275159224,50647753312571044507476
2026-07-07 01:14:00,-68163574272,68131386543072646406899,276319,276319,276319,276319,0,68131386543072646406899,50647753312571044507476
2026-07-07 01:15:00,99793225,-99746965322981710173,276319,276319,276319,276319,99793225,0,50647753312571044507476
2026-07-07 01:18:00,-150000000000,149928522975669462485861,276319,276319,276319,276319,0,149928522975669462485861,50647753312571044507476
2026-07-07 01:19:00,-403684608480,403487837414842882786249,276319,276319,276319,276319,0,403487837414842882786249,50647753312571044507476
2026-07-07 01:21:00,100048366693,-100000000000000000000000,276319,276319,276319,276319,100048366693,0,50647753312571044507476
2026-07-07 01:22:00,78199811304,-78162500316921926467391,276319,276319,276319,276319,100047971525,21837499683078073532609,50647753312571044507476
2026-07-07 01:23:00,-154508753290,154432825060524723055387,276319,276319,276319,276319,0,154432825060524723055387,50647753312571044507476
2026-07-07 01:24:00,12863232510,-12857875348654992626049,276319,276319,276319,276319,100048274783,87142124651345007373951,50647753312571044507476
2026-07-07 01:26:00,-4149039285,4146989494202905033720,276319,276319,276319,276319,0,4146989494202905033720,50647753312571044507476
2026-07-07 01:28:00,-4289321517,4287201707519177408082,276319,276319,276319,276319,0,4287201707519177408082,50647753312571044507476
2026-07-07 01:29:00,-12521761844,12515569358900746480894,276319,276319,276319,276319,0,12515569358900746480894,50647753312571044507476
2026-07-07 01:36:00,-125640806742,125578330128334088933334,276319,276319,276319,276319,0,125578330128334088933334,50647753312571044507476
2026-07-07 01:40:00,-6258475365,6255342612737349567129,276319,276319,276319,276319,435509159,6690638426043733704649,50647753312571044507476
2026-07-07 01:43:00,39447704,-39428375185616515970,276319,276319,276319,276319,39447704,0,50647753312571044507476
2026-07-07 01:44:00,-10000000000,9994998147901338499080,276319,276319,276319,276319,0,9994998147901338499080,50647753312571044507476
2026-07-07 01:46:00,-782907539,782515773210672040822,276319,276319,276319,276319,0,782515773210672040822,50647753312571044507476
2026-07-07 01:48:00,-871350505,870909465031376965533,276319,276319,276319,276319,499019407,1369684133730881062417,50647753312571044507476
2026-07-07 01:52:00,-74328233,74291035133288300729,276319,276319,276319,276319,0,74291035133288300729,50647753312571044507476
2026-07-07 01:54:00,205190142,-205089506956513628601,276319,276319,276319,276319,205190142,0,50647753312571044507476
2026-07-07 01:55:00,-85683742597,85640717953801865132187,276319,276319,276319,276319,0,85640717953801865132187,50647753312571044507476
2026-07-07 01:57:00,1097802413,-1097260360910258880424,276319,276319,276319,276319,1102713444,4908556261711263693,50647753312571044507476
2026-07-07 01:59:00,509001685,-508750353583803654914,276319,276319,276319,276319,509001685,0,50647753312571044507476
2026-07-07 02:00:00,7474909702,-7471219955080556616157,276319,276319,276319,276319,7474909702,0,50647753312571044507476
2026-07-07 02:01:00,509225599,-508974318000000000000,276319,276319,276319,276319,509225599,0,50647753312571044507476
2026-07-07 02:02:00,-922823424,922358794904168045101,276319,276319,276319,276319,2000987,924358794904168045101,50647753312571044507476
2026-07-07 02:03:00,-20000000000,19989922477478739169560,276319,276319,276319,276319,0,19989922477478739169560,50647753312571044507476
2026-07-07 02:04:00,2001127855,-2000138825301578898670,276319,276319,276319,276319,2001127855,0,50647753312571044507476
2026-07-07 02:06:00,-11280601972,11274911873988924862255,276319,276319,276319,276319,0,11274911873988924862255,50647753312571044507476
2026-07-07 02:07:00,-2050000000,2048965411516564393473,276319,276319,276319,276319,0,2048965411516564393473,50647753312571044507476
2026-07-07 02:08:00,565308829,-565029164911336989260,276319,276319,276319,276319,565308829,0,50647753312571044507476
2026-07-07 02:11:00,22884806,-22873485028869310720,276319,276319,276319,276319,22884806,0,50647753312571044507476
2026-07-07 02:12:00,-3391852458,3390140380853119823566,276319,276319,276319,276319,0,3390140380853119823566,50647753312571044507476
2026-07-07 02:13:00,-60000000000,59969639272009251753567,276319,276319,276319,276319,0,59969639272009251753567,50647753312571044507476
2026-07-07 02:15:00,247862971,-247739734561860106643,276319,276319,276319,276319,247862971,0,50647753312571044507476
2026-07-07 02:17:00,-566298360920,566001625633589053525749,276318,276318,276318,276318,311267062136,877104949789414819802865,50008858251286117790079
2026-07-07 02:18:00,4693629316,-4691189925000000000000,276318,276318,276318,276318,4693629316,0,50008858251286117790079
2026-07-07 02:19:00,140925133353,-140852301235358580985782,276318,276318,276318,276318,140925133353,0,50008858251286117790079
2026-07-07 02:20:00,76163861706,-76125429971108953297050,276318,276318,276318,276318,136240887493,60045525200933685280841,50008858251286117790079
2026-07-07 02:22:00,1032750869,-1032223201705172175167,276318,276318,276318,276318,1032750869,0,50008858251286117790079
2026-07-07 02:23:00,2690103332,-2688729067340371820047,276318,276318,276318,276318,2690103332,0,50008858251286117790079
2026-07-07 02:24:00,218197742,-218086287222463160106,276318,276318,276318,276318,218197742,0,50008858251286117790079
2026-07-07 02:25:00,169031507716,-168945737780762238134784,276318,276318,276318,276318,169031507716,0,50008858251286117790079
2026-07-07 02:30:00,1514282202,-1513518986232506676208,276318,276318,276318,276318,1514282202,0,50008858251286117790079
2026-07-07 02:31:00,110452140,-110396474883487642250,276318,276318,276318,276318,110452140,0,50008858251286117790079
2026-07-07 02:33:00,-67267632669,67232968550363487291505,276318,276318,276318,276318,0,67232968550363487291505,50008858251286117790079
2026-07-07 02:36:00,-12888000000,12881337960346988779113,276318,276318,276318,276318,0,12881337960346988779113,50008858251286117790079
2026-07-07 02:49:00,-591617342,591311364108293491449,276318,276318,276318,276318,0,591311364108293491449,50289596895136837769398
2026-07-07 02:51:00,-10849590096,10843976359254712237382,276318,276318,276318,276318,0,10843976359254712237382,50289596895136837769398
2026-07-07 02:52:00,-44747473,44723814442218636659,276318,276318,276318,276318,49469675,94168377267828108207,50289596895136837769398
2026-07-07 02:53:00,-160597187963,160513541369378369727856,276318,276318,276318,276318,389466164,160902809829006974203808,50289596895136837769398
2026-07-07 02:57:00,397544342,-397340000000000000000,276318,276318,276318,276318,397544342,0,50289596895136837769398
2026-07-07 02:58:00,7092497398,-7088852832416722349317,276318,276318,276318,276318,7092497398,0,50289596895136837769398
2026-07-07 03:04:00,-3518175383,3516332611383193694933,276318,276318,276318,276318,0,3516332611383193694933,50289596895136837769398
2026-07-07 03:05:00,405153485,-404945296000000000000,276318,276318,276318,276318,405153485,0,50289596895136837769398
2026-07-07 03:06:00,2579797288,-2578494079577732871255,276318,276318,276318,276318,4808389557,2227424928413783511750,50289596895136837769398
2026-07-07 03:08:00,1836905947,-1835973255805975307382,276318,276318,276318,276318,2931154659,1093675715910926391329,50289596895136837769398
2026-07-07 03:10:00,2061600230,-2060541333359096578155,276318,276318,276318,276318,2061600230,0,50289596895136837769398
2026-07-07 03:11:00,1260367884,-1259720606893489989191,276318,276318,276318,276318,1260367884,0,50289596895136837769398
2026-07-07 03:12:00,-70751959255,70714803845844100709915,276318,276318,276318,276318,1500979160,72215007932697745774301,50289596895136837769398
2026-07-07 03:15:00,1689252858,-1688380671000000000000,276318,276318,276318,276318,1689252858,0,50289596895136837769398
2026-07-07 03:16:00,-117045895,116984295413157736577,276318,276318,276318,276318,0,116984295413157736577,50289596895136837769398
2026-07-07 03:18:00,96000394,-95950831000000000000,276318,276318,276318,276318,96000394,0,50289596895136837769398
2026-07-07 03:19:00,-23077346,23062001569050029258,276318,276318,276318,276318,319923666,342820499250848658642,50289596895136837769398
2026-07-07 03:20:00,348359435,-348179585510183335709,276318,276318,276318,276318,348359435,0,50289596895136837769398
2026-07-07 03:21:00,104051657,-103997939096360405622,276318,276318,276318,276318,104051657,0,50289596895136837769398
2026-07-07 03:23:00,127104751,-127039132003278791867,276318,276318,276318,276318,127104751,0,50289596895136837769398
2026-07-07 03:27:00,59284675,-59254069030719788596,276318,276318,276318,276318,59284675,0,50289596895136837769398
2026-07-07 03:30:00,30652444,-30636620013156162889,276318,276318,276318,276318,30652444,0,50289596895136837769398
2026-07-07 03:32:00,-45978742820,45954504410398594953581,276318,276318,276318,276318,0,45954504410398594953581,50289596895136837769398
2026-07-07 03:33:00,17648879,-17639735719956390414,276318,276318,276318,276318,17648879,0,50289596895136837769398
2026-07-07 03:35:00,50882372,-50856010972683649220,276318,276318,276318,276318,50882372,0,50289596895136837769398
2026-07-07 03:37:00,-19846129213,19835639576737046294110,276318,276318,276318,276318,153870787,19989430647042044195769,50289596895136837769398
2026-07-07 03:38:00,-39999100600,39977914685082383505241,276318,276318,276318,276318,0,39977914685082383505241,50289596895136837769398
2026-07-07 03:41:00,37075088224,-37055819599833223821128,276318,276318,276318,276318,37075088224,0,50008858251286117790079
2026-07-07 03:42:00,-47376179211,47351072162413155043228,276318,276318,276318,276318,148448636,47499443757920446601205,50008858251286117790079
2026-07-07 03:43:00,35083697,-35065423114799871631,276318,276318,276318,276318,35083697,0,50008858251286117790079
2026-07-07 03:44:00,4668685155,-4666253813118120769621,276318,276318,276318,276318,4668685155,0,50008858251286117790079
2026-07-07 03:47:00,-85085337023,85040035944235560401004,276318,276318,276318,276318,349819342,85389673144368774146785,50008858251286117790079
2026-07-07 03:48:00,-53883650353,53854814251953495494274,276318,276318,276318,276318,0,53854814251953495494274,50008858251286117790079
2026-07-07 03:49:00,-27197942846,27183314670955773446909,276318,276318,276318,276318,2901557154,30083345087955773446909,50008858251286117790079
2026-07-07 03:51:00,406485543023,-406276066662836030502330,276318,276318,276318,276318,563731978921,157161450463676660397172,50008858251286117790079
2026-07-07 03:52:00,-90303239700,90256022035828146411753,276318,276318,276318,276318,0,90256022035828146411753,50008858251286117790079
2026-07-07 03:54:00,-154399692867,154318205606887169783870,276318,276318,276318,276318,0,154318205606887169783870,50008858251286117790079
2026-07-07 03:55:00,-122510406590,122445049233162331609631,276318,276318,276318,276318,2243444215,124687313848162331609631,50008858251286117790079
2026-07-07 03:58:00,-173867471650,173773718344224617990047,276318,276318,276318,276318,0,173773718344224617990047,50008858251286117790079
2026-07-07 03:59:00,-48521888,48495554893705143113,276318,276318,276318,276318,0,48495554893705143113,50008858251286117790079
2026-07-07 04:00:00,-209661426539,209546765284327268900206,276318,276318,276318,276318,0,209546765284327268900206,50008858251286117790079
2026-07-07 04:02:00,-273026409250,272874461390360015118669,276318,276318,276318,276318,0,272874461390360015118669,50008858251286117790079
2026-07-07 04:03:00,-80132143,80087109333917899810,276318,276318,276318,276318,0,80087109333917899810,50008858251286117790079
2026-07-07 04:06:00,1150092915,-1149458096000000000000,276318,276318,276318,276318,1150092915,0,50008858251286117790079
2026-07-07 04:07:00,200124889,-200014431579646421418,276318,276318,276318,276318,200124889,0,50008858251286117790079
2026-07-07 04:09:00,-70000000000,69960566583867533495190,276318,276318,276318,276318,0,69960566583867533495190,50008858251286117790079
2026-07-07 04:11:00,-42261627011,42237721977216105176027,276318,276318,276318,276318,281156239,42518722250229049836833,50008858251286117790079
2026-07-07 04:13:00,-54980364495,54949151862875452438527,276318,276318,276318,276318,1016435743,55965019779893663660288,50008858251286117790079
2026-07-07 04:15:00,-25000000000,24985772043995938467346,276318,276318,276318,276318,0,24985772043995938467346,50008858251286117790079
2026-07-07 04:19:00,-3174733779,3172925192670817091955,276318,276318,276318,276318,0,3172925192670817091955,50008858251286117790079
2026-07-07 04:20:00,-1166741003,1166076231143076032956,276318,276318,276318,276318,0,1166076231143076032956,50008858251286117790079
2026-07-07 04:21:00,-25000000000,24985742732857738927211,276318,276318,276318,276318,0,24985742732857738927211,50008858251286117790079
2026-07-07 04:25:00,-22000000000,21987432946328590044536,276318,276318,276318,276318,0,21987432946328590044536,50008858251286117790079
2026-07-07 04:26:00,560934774,-560619718000000000000,276318,276318,276318,276318,560934774,0,50008858251286117790079
2026-07-07 04:28:00,-399710896,399482398891229157327,276318,276318,276318,276318,0,399482398891229157327,50008858251286117790079
2026-07-07 04:32:00,-906139846,905621822840460007024,276318,276318,276318,276318,0,905621822840460007024,50008858251286117790079
2026-07-07 04:33:00,-150000000,149914244697175238297,276318,276318,276318,276318,0,149914244697175238297,50008858251286117790079
2026-07-07 04:37:00,1256394598,-1255688901346072453928,276318,276318,276318,276318,1256394598,0,50008858251286117790079
2026-07-07 04:41:00,11454399792,-11447968931000000000000,276318,276318,276318,276318,11454399792,0,50008858251286117790079
2026-07-07 04:42:00,-195024797200,194912639697483329939736,276318,276318,276318,276318,0,194912639697483329939736,50008858251286117790079
2026-07-07 04:43:00,21200804769,-21188750583000000000000,276318,276318,276318,276318,21200804769,0,50008858251286117790079
2026-07-07 04:45:00,303999816,-303827101361118395883,276318,276318,276318,276318,303999816,0,50008858251286117790079
2026-07-07 04:46:00,65550345,-65513103909313667238,276318,276318,276318,276318,65550345,0,50008858251286117790079
2026-07-07 04:47:00,347924941,-347727275626607350716,276318,276318,276318,276318,347924941,0,50008858251286117790079
2026-07-07 04:49:00,-537707547780,537390909806445353846538,276318,276318,276318,276318,515590817,537906207712069667866378,50008858251286117790079
2026-07-07 04:51:00,-3089414,3087561000000000000,276318,276318,276318,276318,0,3087561000000000000,50008858251286117790079
2026-07-07 04:52:00,25014267452,-24999531400246896635184,276318,276318,276318,276318,25014267452,0,50008858251286117790079
2026-07-07 04:53:00,-36616105067,36594100626493103303675,276318,276318,276318,276318,5927976634,42518578642493103303675,50008858251286117790079
2026-07-07 04:54:00,-42903325955,42877544469539010687875,276318,276318,276318,276318,0,42877544469539010687875,50008858251286117790079
2026-07-07 04:55:00,69387476395,-69346510220888106477567,276318,276318,276318,276318,69387476395,0,50008858251286117790079
2026-07-07 04:57:00,-63588888324,63550715190457714554485,276318,276318,276318,276318,228461618,63779042244016637444442,50008858251286117790079
2026-07-07 04:58:00,-70692639657,70650014950566207449136,276318,276318,276318,276318,0,70650014950566207449136,50008858251286117790079
2026-07-07 04:59:00,-224900000224,224763066799395907171880,276317,276317,276317,276317,0,224763066799395907171880,50008858251286116790380
2026-07-07 05:01:00,-13613000000,13604646673393043915750,276317,276317,276317,276317,0,13604646673393043915750,50008858251286116790380
2026-07-07 05:03:00,996807640,-996205681389126713089,276317,276317,276317,276317,996807640,0,50008858251286116790380
2026-07-07 05:06:00,-27429900,27413060995539022426,276317,276317,276317,276317,0,27413060995539022426,50008858251286116790380
2026-07-07 05:07:00,-43123055924,43096540847250844070253,276317,276317,276317,276317,632891846,43729049412632150152648,50008858251286116790380
2026-07-07 05:10:00,658020890,-657622407391916557117,276317,276317,276317,276317,658020890,0,50008858251286116790380
2026-07-07 05:11:00,52792050,-52760081605220192804,276317,276317,276317,276317,52792050,0,50008858251286116790380
2026-07-07 05:13:00,-105540010122,105474821755764302683935,276317,276317,276317,276317,0,105474821755764302683935,50008858251286116790380
2026-07-07 05:15:00,2465537840,-2464034527635108994397,276317,276317,276317,276317,2465537840,0,50008858251286116790380
2026-07-07 05:16:00,13332208686,-13324083847751231999446,276317,276317,276317,276317,13332208686,0,50008858251286116790380
2026-07-07 05:17:00,434696130,-434431340114913072829,276317,276317,276317,276317,434696130,0,50008858251286116790380
2026-07-07 05:18:00,315304142,-315112083435165647847,276317,276317,276317,276317,315304142,0,50008858251286116790380
2026-07-07 05:19:00,121417459884,-121343796804859881306911,276317,276317,276317,276317,121417459884,0,50008858251286116790380
2026-07-07 05:22:00,-126474700,126397010594148474593,276317,276317,276317,276317,0,126397010594148474593,50008858251286116790380
2026-07-07 05:25:00,-20000000000,19987706690196168943623,276317,276317,276317,276317,0,19987706690196168943623,50008858251286116790380
2026-07-07 05:27:00,178340197,-178232289380724567126,276317,276317,276317,276317,178340197,0,50008858251286116790380
2026-07-07 05:28:00,80081981,-80033527350616747575,276317,276317,276317,276317,80081981,0,50008858251286116790380
2026-07-07 05:29:00,-16096166183,16086260983761473591814,276317,276317,276317,276317,0,16086260983761473591814,50008858251286116790380
2026-07-07 05:30:00,-900000000,899445855743046992468,276317,276317,276317,276317,0,899445855743046992468,50008858251286116790380
2026-07-07 05:32:00,117862233828,-117791117499000000000000,276317,276317,276317,276317,117862233828,0,50008858251286116790380
2026-07-07 05:34:00,-35964000000,35941999275372154371343,276317,276317,276317,276317,0,35941999275372154371343,50008858251286116790380
2026-07-07 05:37:00,-1161859625,1161148003000000000000,276317,276317,276317,276317,0,1161148003000000000000,50008858251286116790380
2026-07-07 05:40:00,1048995305,-1048363293000000000000,276317,276317,276317,276317,1048995305,0,50008858251286116790380
2026-07-07 05:44:00,-164730395690,164628952193507821071478,276317,276317,276317,276317,961269493,165589642567906358641532,50008858251286116790380
2026-07-07 05:51:00,-25688818,25672914000000000000,276317,276317,276317,276317,0,25672914000000000000,50008858251286116790380
2026-07-07 05:53:00,1153885240,-1153182487535817058713,276317,276317,276317,276317,1153885240,0,50008858251286116790380
2026-07-07 05:54:00,3348993810,-3346954467011161227264,276317,276317,276317,276317,3348993810,0,50008858251286116790380
2026-07-07 05:56:00,75000000,-74954334475797985453,276317,276317,276317,276317,75000000,0,50008858251286116790380
2026-07-07 05:57:00,568570352,-568228490731535746053,276317,276317,276317,276317,1000609240,431771509268464253947,50008858251286116790380
2026-07-07 06:02:00,172545624622,-172441165110000000000000,276317,276317,276317,276317,172545624622,0,50008858251286116790380
2026-07-07 06:03:00,910772407,-911681220922350154132,276317,276318,276317,276318,146702498951,145702939379077649845868,50008858251286116790380
2026-07-07 06:04:00,53457612558,-53432583033888849369814,276317,276317,276317,276317,762942187166,709040664968111150630186,50008858251286116790380
2026-07-07 06:09:00,-2460000000,2458499828809683506188,276317,276317,276317,276317,0,2458499828809683506188,50008858251286116790380
2026-07-07 06:10:00,69936926861,-69895070756242190070112,276318,276318,276318,276318,69936926861,0,50008858251286117790079
2026-07-07 06:12:00,50000082739,-49970278317327757458265,276318,276318,276318,276318,50000082739,0,50008858251286117790079
2026-07-07 06:13:00,-2837098318,2835381477968754436087,276318,276318,276318,276318,0,2835381477968754436087,50008858251286117790079
2026-07-07 06:15:00,-62367285168,62329463029269142913990,276317,276318,276317,276318,0,62329463029269142913990,50008858251286116790380
2026-07-07 06:16:00,350000,-349790807138136937,276317,276317,276317,276317,350000,0,50008858251286116790380
2026-07-07 06:17:00,-100691482,100630292261738525150,276317,276317,276317,276317,0,100630292261738525150,50008858251286116790380
2026-07-07 06:18:00,169028692819,-168928235525865095309454,276318,276318,276318,276318,169028692819,0,50008858251286117790079
2026-07-07 06:21:00,-94715511,94658592000000000000,276318,276318,276318,276318,0,94658592000000000000,50008858251286117790079
2026-07-07 06:22:00,-14115327370,14106840898156278510716,276318,276318,276318,276318,0,14106840898156278510716,50008858251286117790079
2026-07-07 06:24:00,-16155360779,16145638019482671694101,276318,276318,276318,276318,0,16145638019482671694101,50008858251286117790079
2026-07-07 06:25:00,-51473360691,51442313003553326879078,276318,276318,276318,276318,0,51442313003553326879078,50008858251286117790079
2026-07-07 06:26:00,-83650000,83599457105609314483,276318,276318,276318,276318,0,83599457105609314483,50008858251286117790079
2026-07-07 06:29:00,-64165752,64126982066973207710,276318,276318,276318,276318,0,64126982066973207710,50008858251286117790079
2026-07-07 06:31:00,-104513616513,104450249698960171001624,276317,276317,276317,276318,0,104450249698960171001624,50008858251286116790380
2026-07-07 06:32:00,-11700000000,11692879102552333016995,276317,276317,276317,276317,0,11692879102552333016995,50008858251286116790380
2026-07-07 06:34:00,-153000000000,152906377141919168137537,276317,276317,276317,276317,0,152906377141919168137537,50008858251286116790380
2026-07-07 06:35:00,1013215579,-1012602627881260869988,276317,276317,276317,276317,1013215579,0,50008858251286116790380
2026-07-07 06:37:00,-90130868187,90075281696061475710251,276317,276317,276317,276317,0,90075281696061475710251,50008858251286116790380
2026-07-07 06:41:00,-14564748933,14555735938627572757366,276317,276317,276317,276317,0,14555735938627572757366,50008858251286116790380
2026-07-07 06:45:00,-297332130116,297146281633486364806722,276317,276317,276317,276317,0,297146281633486364806722,50008858251286116790380
2026-07-07 06:48:00,125032450783,-124955117986000000000000,276317,276317,276317,276317,125032450783,0,50008858251286116790380
2026-07-07 06:50:00,25265531745,-25249980831000000000000,276317,276317,276317,276317,25265531745,0,50008858251286116790380
2026-07-07 06:51:00,-62365961,62326982759380378392,276317,276317,276317,276317,0,62326982759380378392,50008858251286116790380
2026-07-07 06:54:00,60362037007,-60324987332000000000000,276317,276317,276317,276317,60362037007,0,50008858251286116790380
2026-07-07 06:56:00,24988308323,-24973013333000000000000,276317,276317,276317,276317,24988308323,0,50008858251286116790380
2026-07-07 06:57:00,-4864818031,4861783970196149484850,276317,276317,276317,276317,971687352,5832877070565822848863,50008858251286116790380
2026-07-07 07:02:00,-2325741165,2324294969184932295738,276317,276317,276317,276317,0,2324294969184932295738,50008858251286116790380
2026-07-07 07:04:00,-57000000000,56964488626745623899022,276317,276317,276317,276317,0,56964488626745623899022,50008858251286116790380
2026-07-07 07:08:00,-9009251152,9003626448171266730065,276317,276317,276317,276317,0,9003626448171266730065,50008858251286116790380
2026-07-07 07:13:00,-159313180,159213687142478541527,276317,276317,276317,276317,0,159213687142478541527,50008858251286116790380
2026-07-07 07:14:00,133849485423,-133767590455000000000000,276317,276317,276317,276317,133849485423,0,50008858251286116790380
2026-07-07 07:15:00,3001828,-3000000000000000000,276317,276317,276317,276317,3001828,0,50008858251286116790380
2026-07-07 07:20:00,103079453761,-103016873971802229589220,276317,276317,276317,276317,103159453761,79950796544140862584,50008858251286116790380
2026-07-07 07:22:00,-588746748,588384635185286995855,276317,276317,276317,276317,0,588384635185286995855,50008858251286116790380
2026-07-07 07:26:00,-226377834,226238544797254101759,276317,276317,276317,276317,5003027,231238544797254101759,50008858251286116790380
2026-07-07 07:29:00,-26460730000,26444440615585492578286,276317,276317,276317,276317,0,26444440615585492578286,50008858251286116790380
2026-07-07 07:30:00,-3638609982,3636367842946948999407,276317,276317,276317,276317,0,3636367842946948999407,50008858251286116790380
2026-07-07 07:32:00,-735270351,734817207131386847719,276317,276317,276317,276317,0,734817207131386847719,50008858251286116790380
2026-07-07 07:34:00,-1800782151,1799672247177630578282,276317,276317,276317,276317,0,1799672247177630578282,50008858251286116790380
2026-07-07 07:35:00,-112410744263,112341203933417342292159,276317,276317,276317,276317,0,112341203933417342292159,50008858251286116790380
2026-07-07 07:38:00,311288250,-311098092933787992490,276317,276317,276317,276317,311288250,0,50008858251286116790380
2026-07-07 07:40:00,206825809901,-206700321550028189287804,276317,276317,276317,276317,206825809901,0,50008858251286116790380
2026-07-07 07:43:00,-49829139111,49798564354293192653342,276317,276317,276317,276317,0,49798564354293192653342,50008858251286116790380
2026-07-07 07:44:00,-142720000,142632285280790614682,276317,276317,276317,276317,0,142632285280790614682,50008858251286116790380
2026-07-07 07:48:00,105630799962,-105567656282464359734695,276317,276317,276317,276317,155430799962,49769343717786194376008,50008858251286116790380
2026-07-07 07:49:00,85050918224,-85000000000000000000000,276318,276318,276318,276318,85050918224,0,50008858251286117790079
2026-07-07 07:50:00,-160391378182,160293510817243893457022,276317,276317,276317,276317,0,160293510817243893457022,50008858251286116790380
2026-07-07 07:51:00,-75000000,74953996180206165138,276317,276317,276317,276317,0,74953996180206165138,50008858251286116790380
2026-07-07 07:53:00,-86819181363,86765775938651555007622,276317,276317,276317,276317,118784560,86884488826209732159868,50008858251286116790380
2026-07-07 07:55:00,-219749093964,219612575979264015613761,276317,276317,276317,276317,0,219612575979264015613761,50008858251286116790380
2026-07-07 07:56:00,-113399848900,113328645093785931241736,276317,276317,276317,276317,0,113328645093785931241736,50008858251286116790380
2026-07-07 07:57:00,1102879567,-1102195616513589619599,276317,276317,276317,276317,1102879567,0,50008858251286116790380
2026-07-07 07:58:00,165101839698,-165000000000000000000000,276317,276317,276317,276317,165101839698,0,50008858251286116790380
2026-07-07 07:59:00,126737436474,-126660000000000000000000,276317,276317,276317,276317,126737436474,0,50008858251286116790380
2026-07-07 08:00:00,-156007783389,155910812409627202747587,276317,276317,276317,276317,0,155910812409627202747587,50008858251286116790380
2026-07-07 08:01:00,14649000463,-14640000000000000000000,276317,276317,276317,276317,14649000463,0,50008858251286116790380
2026-07-07 08:02:00,17352853678,-17342203040000000000000,276317,276317,276317,276317,17352853678,0,50008858251286116790380
2026-07-07 08:03:00,-62952000000,62912675554231382044921,276317,276317,276317,276317,0,62912675554231382044921,50008858251286116790380
2026-07-07 08:07:00,-57100000000,57064194197422358834692,276317,276317,276317,276317,0,57064194197422358834692,50008858251286116790380
2026-07-07 08:08:00,50000,-49969089061221802,276317,276317,276317,276317,50000,0,50008858251286116790380
2026-07-07 08:09:00,350216507,-350000000000000000000,276317,276317,276317,276317,350216507,0,50008858251286116790380
2026-07-07 08:10:00,19161838604,-19150000000000000000000,276317,276317,276317,276317,19161838604,0,50008858251286116790380
2026-07-07 08:15:00,-172897280777,172788202125961730498329,276317,276317,276317,276317,0,172788202125961730498329,50008858251286116790380
2026-07-07 08:16:00,-162486682955,162383083539672044266773,276317,276317,276317,276317,0,162383083539672044266773,50008858251286116790380
2026-07-07 08:17:00,-270000000027,269825518746656037697857,276317,276317,276317,276317,0,269825518746656037697857,50008858251286116790380
2026-07-07 08:18:00,-171247745526,171134824074273938854531,276317,276317,276317,276317,74751926720,245838164845273938854530,50008858251286116790380
2026-07-07 08:20:00,-178501647037,178383172619634778750443,276317,276317,276317,276317,30143003867,208506397758377955081707,50008858251286116790380
2026-07-07 08:21:00,-794859521,794330452656389338960,276317,276317,276317,276317,0,794330452656389338960,50008858251286116790380
2026-07-07 08:22:00,-651617317,651183574094890329509,276317,276317,276317,276317,0,651183574094890329509,50008858251286116790380
2026-07-07 08:23:00,444597558,-444306617318988717195,276317,276317,276317,276317,500405100,55770393681011282805,50008858251286116790380
2026-07-07 08:24:00,1292084967,-1291239615154520056542,276317,276317,276317,276317,1468047633,175845548712645666182,50008858251286116790380
2026-07-07 08:26:00,-141959174622,141864286468302247318030,276317,276317,276317,276317,0,141864286468302247318030,50008858251286116790380
2026-07-07 08:27:00,-4852719683,4848216376737043431056,276317,276317,276317,276317,124625369622,129390841670539963088298,50008858251286116790380
2026-07-07 08:29:00,14349487425,-14340000000000000000000,276317,276317,276317,276317,14349487425,0,50008858251286116790380
2026-07-07 08:30:00,3094314784,-3092270000000000000000,276317,276317,276317,276317,3094314784,0,50008858251286116790380
2026-07-07 08:31:00,-236824430379,236664459688347336688839,276317,276317,276317,276317,0,236664459688347336688839,50008858251286116790380
2026-07-07 08:32:00,-189690464684,189560715973060977853772,276317,276317,276317,276317,0,189560715973060977853772,50008858251286116790380
2026-07-07 08:35:00,-246763390736,246592452607380637678259,276317,276317,276317,276317,0,246592452607380637678259,50008858251286116790380
2026-07-07 08:37:00,-42557696355,42527969798091665797388,276317,276317,276317,276317,0,42527969798091665797388,50008858251286116790380
2026-07-07 08:41:00,172929048,-172809839326737031997,276317,276317,276317,276317,172929048,0,50008858251286116790380
2026-07-07 08:42:00,-124430219150,124342890428882648095897,276317,276317,276317,276317,0,124342890428882648095897,50008858251286116790380
2026-07-07 08:44:00,-85083062279,85022988446235215245261,276316,276317,276316,276317,400329952,85423040444116866579623,50008858251286115790732
2026-07-07 08:45:00,-3320492744,3318142565000000000000,276316,276316,276316,276316,0,3318142565000000000000,50008858251286115790732
2026-07-07 08:46:00,-77243119651,77188320790824563405990,276316,276316,276316,276316,343304123,77531385339824563405990,50008858251286115790732
2026-07-07 08:47:00,-32400000000,32376944832467420503415,276316,276316,276316,276316,0,32376944832467420503415,50008858251286115790732
2026-07-07 08:49:00,-124516061324,124427067995263766669566,276316,276316,276316,276316,0,124427067995263766669566,50008858251286115790732
2026-07-07 08:50:00,-249100408479,248920513997563127399994,276316,276316,276316,276316,0,248920513997563127399994,50008858251286115790732
2026-07-07 08:51:00,160548569424,-160433945368000000000000,276316,276316,276316,276316,160548569424,0,50008858251286115790732
2026-07-07 08:52:00,-180439477749,180308777736795752293320,276316,276316,276316,276316,0,180308777736795752293320,50008858251286115790732
2026-07-07 08:55:00,-96681366671,96610801064172501071807,276316,276316,276316,276316,0,96610801064172501071807,50008858251286115790732
2026-07-07 08:56:00,80000000,-79942254812025610600,276316,276316,276316,276316,80000000,0,50008858251286115790732
2026-07-07 08:57:00,200007070782,-199863502078000000000000,276316,276316,276316,276316,200007070782,0,50008858251286115790732
2026-07-07 08:58:00,-150189560818,150080400666551973693869,276316,276316,276316,276316,0,150080400666551973693869,50008858251286115790732
2026-07-07 09:00:00,165571492200,-165452858539764573809558,276316,276316,276316,276316,165663856904,92297294431991061349,50008858251286115790732
2026-07-07 09:01:00,-86764296650,86701398225202353723653,276316,276316,276316,276316,0,86701398225202353723653,50008858251286115790732
2026-07-07 09:03:00,44280358,-44248623650836423209,276316,276316,276316,276316,44280358,0,50008858251286115790732
2026-07-07 09:04:00,155260717257,-155149951053057857078135,276316,276316,276316,276316,157605607253,2343200698515072124620,50008858251286115790732
2026-07-07 09:07:00,199298095590,-199157293630795752293320,276316,276316,276316,276316,199298095590,0,50008858251286115790732
2026-07-07 09:08:00,-116214922704,116131849656553625051773,276316,276316,276316,276316,0,116131849656553625051773,50008858251286115790732
2026-07-07 09:13:00,-27500000,27480278027063564767,276316,276316,276316,276316,0,27480278027063564767,50008858251286115790732
2026-07-07 09:15:00,252507066138,-252329778851438992902638,276317,276317,276317,276317,252507066138,0,50008858251286116790380
2026-07-07 09:17:00,-5708000000,5703963466121659019030,276317,276317,276317,276317,0,5703963466121659019030,50008858251286116790380
2026-07-07 09:23:00,397037168,-396760320973157767264,276317,276317,276317,276317,397037168,0,50008858251286116790380
2026-07-07 09:24:00,-133879519384,133784472436878427283604,276317,276316,276316,276317,1995572,133786466617413104109358,50008858251286116790380
2026-07-07 09:26:00,-96450530,96381796684365197776,276316,276316,276316,276316,0,96381796684365197776,50008858251286115790732
2026-07-07 09:28:00,-66454502806,66407052989183908619798,276316,276316,276316,276316,467363464,66874088075235633407406,50008858251286115790732
2026-07-07 09:30:00,-433409576097,433093391126450882221702,276316,276316,276316,276316,242682013023,675599116770427633643133,50008858251286115790732
2026-07-07 09:32:00,500356555965,-500000000000940756599198,276316,276316,276316,276316,500356555965,0,50008858251286115790732
2026-07-07 09:33:00,-80210527162,80153240464037595540562,276316,276316,276316,276316,0,80153240464037595540562,50008858251286115790732
2026-07-07 09:35:00,2041900,-2040458799469377598,276316,276316,276316,276316,2041900,0,50008858251286115790732
2026-07-07 09:36:00,140887308330,-140792589760566636553248,276316,276317,276316,276317,573698349478,432507410239470958987314,50008858251286115790732
2026-07-07 09:37:00,-806740647813,806154718329975075004546,276316,276316,276316,276316,0,806154718329975075004546,50008858251286115790732
2026-07-07 09:38:00,57662085544,-57619919449606487801856,276316,276316,276316,276316,57662085544,0,50008858251286115790732
2026-07-07 09:39:00,-52426654821,52387798798309828795835,276316,276316,276316,276316,0,52387798798309828795835,50008858251286115790732
2026-07-07 09:40:00,197426259703,-197282481827585613538200,276316,276316,276316,276316,197426259703,0,50008858251286115790732
2026-07-07 09:42:00,27610475476,-27590491949627620116925,276316,276316,276316,276316,27610475476,0,50008858251286115790732
2026-07-07 09:43:00,-13740742743,13730663766104499008622,276316,276316,276316,276316,39151017,13769786446994586564569,50008858251286115790732
2026-07-07 09:45:00,-31724992052,31701261099130287952470,276316,276316,276316,276316,43275007948,74944855922130287952470,50008858251286115790732
2026-07-07 09:46:00,40568467,-40539053953485827880,276316,276316,276316,276316,40568467,0,50008858251286115790732
2026-07-07 09:47:00,-401352667,401057659491168986934,276316,276316,276316,276316,0,401057659491168986934,50008858251286115790732
2026-07-07 09:50:00,-510723809,510348401965246700058,276316,276316,276316,276316,0,510348401965246700058,50008858251286115790732
2026-07-07 09:51:00,-92099877200,92032008974130700759325,276316,276316,276316,276316,0,92032008974130700759325,50008858251286115790732
2026-07-07 09:52:00,-53654685828,53614835497558993314613,276316,276316,276316,276316,15620046481,69223460593558993314613,50008858251286115790732
2026-07-07 09:54:00,-29019996600,28998479409907407805818,276316,276316,276316,276316,0,28998479409907407805818,50008858251286115790732
2026-07-07 09:55:00,2501831335,-2500000000000000000000,276316,276316,276316,276316,2501831335,0,50008858251286115790732
2026-07-07 09:56:00,-210192697076,210035864123264775346313,276316,276316,276316,276316,0,210035864123264775346313,50008858251286115790732
2026-07-07 09:57:00,-242599472,242417438389009317578,276316,276316,276316,276316,0,242417438389009317578,50008858251286115790732
2026-07-07 09:59:00,-397027722,396719094643046304159,276316,276316,276316,276316,1072328950,1468254164240610480761,50008858251286115790732
2026-07-07 10:00:00,24568762507,-24550584582783995653559,276316,276316,276316,276316,24568762507,0,50008858251286115790732
2026-07-07 10:01:00,27484244053,-27463937601286627035300,276316,276316,276316,276316,27484244053,0,50008858251286115790732
2026-07-07 10:03:00,1068189926,-1067411233119966764946,276316,276316,276316,276316,2060721326,991788766880033235054,50008858251286115790732
2026-07-07 10:04:00,185758083652,-185621637323000000000000,276316,276316,276316,276316,185758083652,0,50008858251286115790732
2026-07-07 10:05:00,66069169709,-66020971743929832004652,276316,276316,276316,276316,66069169709,0,50008858251286115790732
2026-07-07 10:08:00,-138715812,138613413865438062519,276316,276316,276316,276316,0,138613413865438062519,50008858251286115790732
2026-07-07 10:10:00,100072672233,-100000000000000000000000,276316,276316,276316,276316,100072672233,0,50008858251286115790732
2026-07-07 10:11:00,100072271870,-100000000000000000000000,276316,276316,276316,276316,100072271870,0,50008858251286115790732
2026-07-07 10:12:00,100071871510,-100000000000000000000000,276316,276316,276316,276316,100071871510,0,50008858251286115790732
2026-07-07 10:13:00,100071471151,-100000000000000000000000,276316,276316,276316,276316,100071471151,0,50008858251286115790732
2026-07-07 10:14:00,100707511131,-100635990362552505546801,276316,276316,276316,276316,100782392362,74827151444209869920,50008858251286115790732
2026-07-07 10:15:00,25046639294,-25029664034660717682462,276316,276316,276316,276316,100070667896,74970335965339282317538,50008858251286115790732
2026-07-07 10:16:00,54306646459,-54268758209991718258803,276316,276316,276316,276316,100070750778,45731241790008281741197,50008858251286115790732
2026-07-07 10:17:00,100070350426,-100000000000000000000000,276316,276316,276316,276316,100070350426,0,50008858251286115790732
2026-07-07 10:18:00,-62042962076,61997772408828824443722,276316,276316,276316,276316,100070317160,161997772408828824443722,50008858251286115790732
2026-07-07 10:19:00,-911687845,911037353673453590279,276316,276316,276316,276316,0,911037353673453590279,50008858251286115790732
2026-07-07 10:20:00,-602169911197,601733008526050959875908,276316,276316,276316,276316,12500000,601745499731890684834068,50008858251286115790732
2026-07-07 10:22:00,100072611025,-100000000000000000000000,276316,276316,276316,276316,100072611025,0,50008858251286115790732
2026-07-07 10:23:00,250179775981,-250000000000000000000000,276316,276316,276316,276316,250179775981,0,50008858251286115790732
2026-07-07 10:24:00,100071209766,-100000000000000000000000,276316,276316,276316,276316,100071209766,0,50008858251286115790732
2026-07-07 10:25:00,80056679558,-80000000000000000000000,276316,276316,276316,276316,80056679558,0,50008858251286115790732
2026-07-07 10:26:00,-574148134553,573730237924063831573095,276316,276316,276316,276316,0,573730237924063831573095,50008858251286115790732
2026-07-07 10:28:00,260188411148,-260000000000000000000000,276316,276316,276316,276316,260188411148,0,50008858251286115790732
2026-07-07 10:29:00,260185704715,-260000000000000000000000,276316,276316,276316,276316,260185704715,0,50008858251286115790732
2026-07-07 10:31:00,-43840434681,43808895411352754333541,276316,276316,276316,276316,0,43808895411352754333541,50008858251286115790732
2026-07-07 10:33:00,58557006959,-58515484132071704496546,276316,276316,276316,276316,58690118542,133015868665970008094,50008858251286115790732
2026-07-07 10:34:00,100070645375,-100000000000000000000000,276316,276316,276316,276316,100070645375,0,50008858251286115790732
2026-07-07 10:35:00,97131608498,-97063449937544840850341,276316,276316,276316,276316,100070251739,2936550062455159149659,50008858251286115790732
2026-07-07 10:36:00,-60000000000,59957323974486646549114,276316,276316,276316,276316,0,59957323974486646549114,50008858251286115790732
2026-07-07 10:37:00,97223511115,-97155431519870115370472,276316,276316,276316,276316,100070096471,2844568480129884629528,50008858251286115790732
2026-07-07 10:39:00,-42987759552,42957262307622357781262,276316,276316,276316,276316,0,42957262307622357781262,50008858251286115790732
2026-07-07 10:40:00,-4383743482,4380629329899907399369,276316,276316,276316,276316,0,4380629329899907399369,50008858251286115790732
2026-07-07 10:43:00,-4269476623,4266442906215674974122,276316,276316,276316,276316,0,4266442906215674974122,50008858251286115790732
2026-07-07 10:45:00,-125929426864,125839619032898269698411,276316,276316,276316,276316,0,125839619032898269698411,50008858251286115790732
2026-07-07 10:46:00,-39787877651,39759343086036083488784,276316,276316,276316,276316,2775391549,42532776245298309299947,50008858251286115790732
2026-07-07 10:47:00,110000000,-109922200316233221781,276316,276316,276316,276316,110000000,0,50008858251286115790732
2026-07-07 10:48:00,-57000000000,56959051249855602688141,276316,276316,276316,276316,0,56959051249855602688141,50008858251286115790732
2026-07-07 10:49:00,-300661069601,300442926972951478762751,276316,276316,276316,276316,0,300442926972951478762751,50008858251286115790732
2026-07-07 10:50:00,13919813144,-13909774088080826320764,276316,276316,276316,276316,14019813144,99926900919173681633,50008858251286115790732
2026-07-07 10:53:00,-150405923871,150295526362040876233287,276316,276316,276316,276316,0,150295526362040876233287,50008858251286115790732
2026-07-07 10:54:00,100072553574,-100000000000000000000000,276316,276316,276316,276316,100072553574,0,50008858251286115790732
2026-07-07 10:55:00,100057142266,-99985000000000000000000,276316,276316,276316,276316,100072153211,15000000000000000000,50008858251286115790732
2026-07-07 10:57:00,-336783079,336537558647700461613,276316,276316,276316,276316,0,336537558647700461613,50008858251286115790732
2026-07-07 10:58:00,-342748381,342498508038212378530,276316,276316,276316,276316,0,342498508038212378530,50008858251286115790732
2026-07-07 11:00:00,-1136077493,1135249228060975673230,276316,276316,276316,276316,0,1135249228060975673230,50008858251286115790732
2026-07-07 11:01:00,-20223553176,20208800439816949642204,276316,276316,276316,276316,0,20208800439816949642204,50008858251286115790732
2026-07-07 11:02:00,-26419336305,26400039237196191792933,276316,276316,276316,276316,0,26400039237196191792933,50008858251286115790732
2026-07-07 11:03:00,-1544840354,1543711116495701197079,276316,276316,276316,276316,0,1543711116495701197079,50008858251286115790732
2026-07-07 11:09:00,-798368280,797782562141546897420,276316,276316,276316,276316,209506937,1007138435337458460449,50008858251286115790732
2026-07-07 11:10:00,-778419373,777850307543306657382,276316,276316,276316,276316,0,777850307543306657382,50008858251286115790732
2026-07-07 11:11:00,1289193062,-1288270611224496698524,276316,276316,276316,276316,2001443161,711729388775503301476,50008858251286115790732
2026-07-07 11:12:00,85787729796,-85726021905000000000000,276316,276316,276316,276316,85787729796,0,50008858251286115790732
2026-07-07 11:13:00,-137441350258,137340972221703267149151,276316,276316,276316,276316,0,137340972221703267149151,50008858251286115790732
2026-07-07 11:14:00,18224593553,-18211422236000000000000,276316,276316,276316,276316,18224593553,0,50008858251286115790732
2026-07-07 11:15:00,100072087847,-100000000000000000000000,276316,276316,276316,276316,100072087847,0,50008858251286115790732
2026-07-07 11:16:00,-143525691387,143420742542308049462747,276316,276316,276316,276316,0,143420742542308049462747,50008858251286115790732
2026-07-07 11:17:00,99276482483,-99204802196076520913655,276316,276316,276316,276316,100112261690,835168998772463807284,50008858251286115790732
2026-07-07 11:18:00,-190165596191,190026030008641953247260,276316,276316,276316,276316,0,190026030008641953247260,50008858251286115790732
2026-07-07 11:19:00,-420911906,420601387000000000000,276316,276316,276316,276316,0,420601387000000000000,50008858251286115790732
2026-07-07 11:20:00,-453777851829,453437819834559968256047,276316,276316,276316,276316,115234813302,568586417775647254585391,50008858251286115790732
2026-07-07 11:21:00,178766755148,-178634074552268552716789,276316,276316,276316,276316,180541950580,1773866369530833069930,50008858251286115790732
2026-07-07 11:22:00,202514112766,-202365341500990510492960,276316,276316,276316,276316,203754352805,1239316372401413091972,50008858251286115790732
2026-07-07 11:23:00,44033219356,-44001645738015727642212,276316,276316,276316,276316,100072917180,55998354261984272357788,50008858251286115790732
2026-07-07 11:24:00,100072740855,-100000000000000000000000,276316,276316,276316,276316,100072740855,0,50008858251286115790732
2026-07-07 11:28:00,52395384242,-52357558454412589727058,276316,276316,276316,276316,62381491162,9978766401006765015726,50008858251286115790732
2026-07-07 11:29:00,99487701585,-99415990801000000000000,276316,276316,276316,276316,99487701585,0,50008858251286115790732
2026-07-07 11:30:00,101322955,-101250127467510647872,276316,276316,276316,276316,101677686,354472245164681071,50008858251286115790732
2026-07-07 11:32:00,-1643265766892,1642000814678186071978924,276316,276316,276315,276316,1341163282236,2982076092259084871991874,50008858251286115790732
2026-07-07 11:33:00,208884612435,-208721623680000000000000,276316,276316,276316,276316,208884612435,0,50008858251286115790732
2026-07-07 11:35:00,207825455071,-207665022487568995844096,276316,276316,276316,276316,207825455071,0,50008858251286115790732
2026-07-07 11:36:00,80639049767,-80577464236480137013312,276316,276316,276316,276316,100638649767,19984036329603310131886,50008858251286115790732
2026-07-07 11:37:00,100076316915,-100000000000000000000000,276316,276316,276316,276316,100076316915,0,50008858251286115790732
2026-07-07 11:38:00,15123148240,-15112499201742495660901,276316,276316,276316,276316,100076256409,84887500798257504339099,50008858251286115790732
2026-07-07 11:39:00,100114178509,-100038293513921133444077,276316,276316,276316,276316,100114178509,0,50008858251286115790732
2026-07-07 11:40:00,100075455489,-100000000000000000000000,276316,276316,276316,276316,100075455489,0,50008858251286115790732
2026-07-07 11:41:00,100075055109,-100000000000000000000000,276316,276316,276316,276316,100075055109,0,50008858251286115790732
2026-07-07 11:42:00,-42910213099,42877650858494593745417,276316,276316,276316,276316,30197619,42907825838432190744809,50008858251286115790732
2026-07-07 11:43:00,96790793388,-96718448940355744573384,276316,276316,276316,276316,100075177060,3281901453686284649076,50008858251286115790732
2026-07-07 11:44:00,-284824267,283608986513510046240,276316,276316,276316,276316,100074838420,100283608986513510046240,50008858251286115790732
2026-07-07 11:45:00,99998473146,-99924089956655293140425,276316,276316,276316,276316,100074440305,75910043344706859575,50008858251286115790732
2026-07-07 11:46:00,-41162132491,41131133294142803007841,276316,276316,276316,276316,1778149773,42907960953777440079162,50008858251286115790732
2026-07-07 11:47:00,-300000000,299773951095739385343,276316,276316,276316,276316,0,299773951095739385343,50008858251286115790732
2026-07-07 11:48:00,-1000000000,999246477686511221461,276316,276316,276316,276316,0,999246477686511221461,50008858251286115790732
2026-07-07 11:49:00,43966078523,-43933996832244199309428,276316,276316,276316,276316,101074950194,57066003167755800690572,50008858251286115790732
2026-07-07 11:50:00,57132224158,-57090338152169873174898,276316,276316,276316,276316,100074034216,42909661847830126825102,50008858251286115790732
2026-07-07 11:51:00,-13841186328,13830808482399027537829,276316,276316,276316,276316,0,13830808482399027537829,50008858251286115790732
2026-07-07 11:52:00,30297073,-30274651864084256080,276316,276316,276316,276316,30297073,0,50008858251286115790732
2026-07-07 11:54:00,-53165295736,53125362364730104869199,276316,276316,276316,276316,0,53125362364730104869199,50008858251286115790732
2026-07-07 11:55:00,21840281598,-21824863318086054021335,276316,276316,276316,276316,100074073598,78175136681913945978665,50008858251286115790732
2026-07-07 11:56:00,-6332991494,6327231708098524643971,276316,276316,276316,276316,100171208506,106423956119265244620591,50008858251286115790732
2026-07-07 11:57:00,100074011553,-100000000000000000000000,276316,276316,276316,276316,100074011553,0,50008858251286115790732
2026-07-07 11:58:00,425933610,-425619458136488412290,276316,276316,276316,276316,425933610,0,50008858251286115790732
2026-07-07 11:59:00,-14895000,14883864790419297771,276316,276316,276316,276316,0,14883864790419297771,50008858251286115790732
2026-07-07 12:00:00,-94379829964,94309090314983733392603,276316,276316,276316,276316,852135746,95160594339347776075821,50008858251286115790732
2026-07-07 12:01:00,22968092,-22951066014779486899,276316,276316,276316,276316,22968092,0,50008858251286115790732
2026-07-07 12:02:00,-417431492,417115052666105568080,276316,276316,276316,276316,281428882,698335307261889636849,50008858251286115790732
2026-07-07 12:04:00,-7390243061,7384689447106809098828,276316,276316,276316,276316,0,7384689447106809098828,50008858251286115790732
2026-07-07 12:05:00,2457111040,-2456264328462087077632,276316,276316,276316,276316,100074238511,97543735671537912922368,50008858251286115790732
2026-07-07 12:06:00,-322936195816,322691417034540078339548,276316,276316,276316,276316,0,322691417034540078339548,50008858251286115790732
2026-07-07 12:07:00,-633370801,632886625853188834993,276316,276316,276316,276316,0,632886625853188834993,50008858251286115790732
2026-07-07 12:08:00,-726813826866,726247659925280294372845,276316,276316,276316,276316,0,726247659925280294372845,50008858251286115790732
2026-07-07 12:10:00,100078210786,-100000000000000000000000,276316,276316,276316,276316,100078210786,0,50008858251286115790732
2026-07-07 12:11:00,100077810389,-100000000000000000000000,276316,276316,276316,276316,100077810389,0,50008858251286115790732
2026-07-07 12:12:00,100077409996,-100000000000000000000000,276316,276316,276316,276316,100077409996,0,50008858251286115790732
2026-07-07 12:13:00,100077009604,-100000000000000000000000,276316,276316,276316,276316,100077009604,0,50008858251286115790732
2026-07-07 12:16:00,-50044239,50005328932004189848,276316,276316,276316,276316,0,50005328932004189848,50008858251286115790732
2026-07-07 12:17:00,99987565909,-99911025369442270383694,276316,276316,276316,276316,100076609772,88974630557729616306,50008858251286115790732
2026-07-07 12:18:00,40029701797,-39999770637122238445442,276316,276316,276316,276316,100076449619,60000229362877761554558,50008858251286115790732
2026-07-07 12:19:00,13246818929,-13237597137595772769846,276316,276316,276316,276316,100076049233,86762402862404227230154,50008858251286115790732
2026-07-07 12:20:00,-46833813,46797685624188536952,276316,276316,276316,276316,0,46797685624188536952,50008858251286115790732
2026-07-07 12:21:00,-49999200000,49960581768142250633962,276316,276316,276316,276316,0,49960581768142250633962,50008858251286115790732
2026-07-07 12:22:00,-739422290,738850427004415349460,276316,276316,276316,276316,0,738850427004415349460,50008858251286115790732
2026-07-07 12:23:00,100076199415,-100000000000000000000000,276316,276316,276316,276316,100076199415,0,50008858251286115790732
2026-07-07 12:24:00,-317341286,317097118942549984366,276316,276316,276316,276316,0,317097118942549984366,50008858251286115790732
2026-07-07 12:25:00,-534839714,534428191040094105863,276316,276316,276316,276316,0,534428191040094105863,50008858251286115790732
2026-07-07 12:26:00,-100288072316,100210705622455997885797,276316,276316,276316,276316,0,100210705622455997885797,50008858251286115790732
2026-07-07 12:27:00,-92615722221,92543917479570800405589,276316,276316,276316,276316,350000,92544267212361439830938,50008858251286115790732
2026-07-07 12:28:00,-6211556181,6206728114911310689118,276316,276316,276316,276316,0,6206728114911310689118,50008858251286115790732
2026-07-07 12:29:00,100016980068,-99940427122165789027322,276316,276316,276316,276316,100076599056,59572877834210972678,50008858251286115790732
2026-07-07 12:30:00,98931215774,-98855897846879770382832,276316,276316,276316,276316,100076203489,1144102153120229617168,50008858251286115790732
2026-07-07 12:31:00,-461807711,461452368695998258440,276316,276316,276316,276316,0,461452368695998258440,50008858251286115790732
2026-07-07 12:32:00,-48926995010,48889296073741319508209,276316,276316,276316,276316,343456980,49232491805099055239770,50008858251286115790732
2026-07-07 12:33:00,94793720492,-94721774097265810284391,276316,276316,276316,276316,100076021831,5278225902734189715609,50008858251286115790732
2026-07-07 12:34:00,-537837052,537424182217934987661,276316,276316,276316,276316,0,537424182217934987661,50008858251286115790732
2026-07-07 12:36:00,-54982219,54940011430042866726,276316,276316,276316,276316,0,54940011430042866726,50008858251286115790732
2026-07-07 12:38:00,-253378590407,253181800000000000000000,276316,276316,276316,276316,100077037918,353181800000000000000000,50008858251286115790732
2026-07-07 12:39:00,99390078577,-99313972304277476657844,276316,276316,276316,276316,100076640276,686027695722523342156,50008858251286115790732
2026-07-07 12:41:00,100076239889,-100000000000000000000000,276316,276316,276316,276316,100076239889,0,50008858251286115790732
2026-07-07 12:42:00,-12003761500,11994517987238874183946,276316,276316,276316,276316,0,11994517987238874183946,50008858251286115790732
2026-07-07 12:43:00,503479635,-503096846092720930816,276316,276316,276316,276316,503479635,0,50008858251286115790732
2026-07-07 12:47:00,19691514342,-19676551050397997959508,276316,276316,276316,276316,19691514342,0,50008858251286115790732
2026-07-07 12:48:00,-50038505,50000000000000000000,276316,276316,276316,276316,0,50000000000000000000,50008858251286115790732
2026-07-07 12:49:00,-333378899,333122366158336887497,276316,276316,276316,276316,0,333122366158336887497,50008858251286115790732
2026-07-07 12:50:00,-1811490359,1810096351658182197674,276316,276316,276316,276316,0,1810096351658182197674,50008858251286115790732
2026-07-07 12:51:00,-8305803170,8299211951782681380284,276316,276316,276316,276316,19807599122,28091773461157168059620,50008858251286115790732
2026-07-07 12:52:00,-1721437467,1720110015309553993559,276316,276316,276316,276316,205172764,1925126851322390980805,50008858251286115790732
2026-07-07 12:53:00,-45034716006,45000000000000000000000,276316,276316,276316,276316,0,45000000000000000000000,50008858251286115790732
2026-07-07 12:54:00,-42183847557,42151245712626640041573,276316,276316,276316,276316,1001372701,43151855600226837077084,50008858251286115790732
2026-07-07 12:55:00,-257702212867,257501564945259311889427,276316,276316,276316,276316,0,257501564945259311889427,50008858251286115790732
2026-07-07 12:56:00,-66465433,66413339898198723276,276316,276316,276316,276316,0,66413339898198723276,50008858251286115790732
2026-07-07 12:57:00,121105541930,-121012131423046555115369,276316,276316,276316,276316,121439170282,333368484961084994394,50008858251286115790732
2026-07-07 12:58:00,19794750,-19779529593327055471,276316,276316,276316,276316,19794750,0,50008858251286115790732
2026-07-07 13:00:00,-1288410113,1287406516883082033120,276316,276316,276316,276316,0,1287406516883082033120,50008858251286115790732
2026-07-07 13:01:00,-425991832,425654601462530802912,276316,276316,276316,276316,539559625,964799304893157167082,50008858251286115790732
2026-07-07 13:02:00,-4066928779,4063760370792465411593,276316,276316,276316,276316,0,4063760370792465411593,50008858251286115790732
2026-07-07 13:03:00,-600608530,600140381566445888668,276316,276316,276316,276316,17782436,617909140490018872029,50008858251286115790732
2026-07-07 13:04:00,-374199967,373907349597136322703,276316,276316,276316,276316,104975654,478802259046355495855,50008858251286115790732
2026-07-07 13:05:00,-101140440,101061631393258535536,276316,276316,276316,276316,0,101061631393258535536,50008858251286115790732
2026-07-07 13:06:00,3438735301,-3436094398567254835316,276316,276316,276316,276316,3831443810,392402571432745164684,50008858251286115790732
2026-07-07 13:07:00,-123415879212,123319413823003538644187,276316,276316,276316,276316,1384178755,124702521201565993533171,50008858251286115790732
2026-07-07 13:08:00,100077258688,-100000000000000000000000,276316,276316,276316,276316,100077258688,0,50008858251286115790732
2026-07-07 13:09:00,-499594016,499204335715459529999,276316,276316,276316,276316,0,499204335715459529999,50008858251286115790732
2026-07-07 13:10:00,58430658,-58385666282016925585,276316,276316,276316,276316,58430658,0,50008858251286115790732
2026-07-07 13:11:00,11951030,-11941828452054002712,276316,276316,276316,276316,11951030,0,50008858251286115790732
2026-07-07 13:12:00,270716890,-270514678017758902779,276316,276316,276316,276316,895100698,623896779134774230125,50008858251286115790732
2026-07-07 13:13:00,-443538294,443192334243398260935,276316,276316,276316,276316,0,443192334243398260935,50008858251286115790732
2026-07-07 13:14:00,-1104479897,1103618368979706500900,276316,276316,276316,276316,0,1103618368979706500900,50008858251286115790732
2026-07-07 13:15:00,-408521029,408201396789387697266,276316,276316,276316,276316,96052804,504180234638032860116,50008858251286115790732
2026-07-07 13:16:00,-125561326,125463379075752841137,276316,276316,276316,276316,0,125463379075752841137,50008858251286115790732
2026-07-07 13:18:00,50269905742,-50231244313000000000000,276316,276316,276316,276316,50269905742,0,50008858251286115790732
2026-07-07 13:19:00,-466224432,465861673330375827380,276316,276316,276316,276316,0,465861673330375827380,50008858251286115790732
2026-07-07 13:20:00,-214174662,214008015102783615001,276316,276316,276316,276316,0,214008015102783615001,50008858251286115790732
2026-07-07 13:21:00,12958315370,-12948365440000000000000,276316,276316,276316,276316,12958315370,0,50008858251286115790732
2026-07-07 13:25:00,-42961055701,42927613402240230205670,276316,276316,276316,276316,0,42927613402240230205670,50008858251286115790732
2026-07-07 13:26:00,-224415005650,224239115189504573702423,276316,276316,276316,276316,0,224239115189504573702423,50008858251286115790732
2026-07-07 13:27:00,-128101353294,128000048961022164721650,276316,276316,276316,276316,0,128000048961022164721650,50008858251286115790732
2026-07-07 13:28:00,109120626,-109035143476431057071,276316,276316,276316,276316,109120626,0,50008858251286115790732
2026-07-07 13:29:00,-48299935600,48261569379044957417991,276316,276316,276316,276316,0,48261569379044957417991,50008858251286115790732
2026-07-07 13:30:00,-35000000000,34972140123814889838169,276316,276316,276316,276316,0,34972140123814889838169,50008858251286115790732
2026-07-07 13:31:00,-85534559921,85466268799845611334228,276316,276316,276316,276316,0,85466268799845611334228,50008858251286115790732
2026-07-07 13:35:00,-42964517260,42930103958286977260591,276316,276316,276316,276316,0,42930103958286977260591,50008858251286115790732
2026-07-07 13:36:00,-1070649683129,1069767312207127543974978,276315,276316,276315,276316,100079046181,1169767312207127543974978,50008858251286114791133
2026-07-07 13:37:00,100083329716,-100000000000000000000000,276315,276315,276315,276315,100083329716,0,50008858251286114791133
2026-07-07 13:38:00,100002636602,-99919774486662049115391,276315,276315,276315,276315,100082929610,80225513337950884609,50008858251286114791133
2026-07-07 13:39:00,33083597243,-33056941302984968037732,276315,276315,276315,276315,100082797243,66943058697015031962268,50008858251286114791133
2026-07-07 13:42:00,113307891306,-113214635999748224068689,276315,276315,276315,276315,113307891306,0,50008858251286114791133
2026-07-07 13:43:00,-394437859,394110174052725737716,276315,276315,276315,276315,0,394110174052725737716,50008858251286114791133
2026-07-07 13:44:00,489004080,-488602721108506906557,276315,276315,276315,276315,489004080,0,50008858251286114791133
2026-07-07 13:47:00,-566145521760,565668794746969204301536,276315,276315,276315,276315,0,565668794746969204301536,50008858251286114791133
2026-07-07 13:48:00,333946508281,-333668970990164957204570,276315,276315,276315,276315,521778531243,187674943916835042795430,50008858251286114791133
2026-07-07 13:49:00,-70579410020,70520022044431404180053,276315,276315,276315,276315,0,70520022044431404180053,50008858251286114791133
2026-07-07 13:51:00,99934957853,-99851927684650994224643,276315,276315,276315,276315,100083155076,148072315349005775357,50008858251286114791133
2026-07-07 13:52:00,-24938939362,24918006814357132087799,276315,276315,276315,276315,2727063,24920731615093826966246,50008858251286114791133
2026-07-07 13:53:00,-272442810,272213996950087229031,276315,276315,276315,276315,0,272213996950087229031,50008858251286114791133
2026-07-07 13:54:00,100318528789,-100235487785528175472601,276315,276315,276315,276315,101234099770,914805672983031074855,50008858251286114791133
2026-07-07 13:55:00,-166793371828,166652365590382418077988,276315,276315,276315,276315,103679930555,270246846883565858969881,50008858251286114791133
2026-07-07 13:56:00,95980888124,-95901207790167721078670,276315,276315,276315,276315,100184173539,4199760534134762934386,50008858251286114791133
2026-07-07 13:57:00,100082737461,-100000000000000000000000,276315,276315,276315,276315,100082737461,0,50008858251286114791133
2026-07-07 13:58:00,100159981192,-100077580432148153761792,276315,276315,276315,276315,100159981192,0,50008858251286114791133
2026-07-07 13:59:00,6785752764,-6781116872403472930442,276315,276315,276315,276315,100081936306,93218883127596527069558,50008858251286114791133
2026-07-07 14:00:00,100081909155,-100000000000000000000000,276315,276315,276315,276315,100081909155,0,50008858251286114791133
2026-07-07 14:02:00,33729346491,-33702494800304989843865,276315,276315,276315,276315,100081508737,66297505199695010156135,50008858251286114791133
2026-07-07 14:03:00,100904862665,-100822820980200541519872,276315,276315,276315,276315,100904862665,0,50008858251286114791133
2026-07-07 14:05:00,-97763669776,97683211360240836287286,276315,276315,276315,276315,0,97683211360240836287286,50008858251286114791133
2026-07-07 14:06:00,-100741531007,100658222457035532426491,276315,276315,276315,276315,0,100658222457035532426491,50008858251286114791133
2026-07-07 14:07:00,-40136642447,40103338387264717193893,276315,276315,276315,276315,0,40103338387264717193893,50008858251286114791133
2026-07-07 14:08:00,-133422645,133311826207695863049,276315,276315,276315,276315,0,133311826207695863049,50008858251286114791133
2026-07-07 14:09:00,-3884460085,3881233451951516411171,276315,276315,276315,276315,0,3881233451951516411171,50008858251286114791133
2026-07-07 14:11:00,100081940930,-100000000000000000000000,276315,276315,276315,276315,100081940930,0,50008858251286114791133
2026-07-07 14:12:00,100081540512,-100000000000000000000000,276315,276315,276315,276315,100081540512,0,50008858251286114791133
2026-07-07 14:13:00,100081140096,-100000000000000000000000,276315,276315,276315,276315,100081140096,0,50008858251286114791133
2026-07-07 14:14:00,100004546318,-99923868713820085531873,276315,276315,276315,276315,100080739682,76131286179914468127,50008858251286114791133
2026-07-07 14:15:00,71130339575,-71073487776253354157621,276315,276315,276315,276315,100080339575,28926512223746645842379,50008858251286114791133
2026-07-07 14:16:00,129340743380,-129237606746119657651042,276316,276315,276315,276316,154227704223,24866890654554154697886,50008858251286115790732
2026-07-07 14:17:00,522296036246,-521885613707641769025749,276316,276316,276316,276316,548733253968,26415981380521175029013,50008858251286115790732
2026-07-07 14:18:00,80019358646,-79957601669509120707430,276316,276316,276316,276316,100077527906,20042398330490879292570,50008858251286115790732
2026-07-07 14:19:00,100077127747,-100000000000000000000000,276316,276316,276316,276316,100077127747,0,50008858251286115790732
2026-07-07 14:20:00,100076727357,-100000000000000000000000,276316,276316,276316,276316,100076727357,0,50008858251286115790732
2026-07-07 14:21:00,36479222074,-36451988972155516398069,276316,276316,276316,276316,100076326970,63548011027844483601931,50008858251286115790732
2026-07-07 14:22:00,-76495812452,76435547367592962212743,276316,276316,276316,276316,100076887452,176435547367592962212743,50008858251286115790732
2026-07-07 14:23:00,-42630025694,42596895669580311575121,276316,276316,276316,276316,100765730,42697584013518373349669,50008858251286115790732
2026-07-07 14:24:00,-4305877662,4302511621055618728293,276316,276316,276316,276316,1579269542,5880567983238618641144,50008858251286115790732
2026-07-07 14:25:00,-47476873691,47439884437343956495170,276316,276316,276316,276316,0,47439884437343956495170,50008858251286115790732
2026-07-07 14:26:00,96612694480,-96538519078955169301981,276316,276316,276316,276316,100154302543,3538845195804033464867,50008858251286115790732
2026-07-07 14:27:00,100076478260,-100000000000000000000000,276316,276316,276316,276316,100076478260,0,50008858251286115790732
2026-07-07 14:28:00,99579068899,-99503372829587172442578,276316,276316,276316,276316,100076079863,496627170412827557422,50008858251286115790732
2026-07-07 14:29:00,82139123331,-82077157682250982944553,276316,276316,276316,276316,100075751240,17922842317749017055447,50008858251286115790732
2026-07-07 14:30:00,218619306,-218454262617389361805,276316,276316,276316,276316,218619306,0,50008858251286115790732
2026-07-07 14:31:00,-100462165601,100385086488819717903644,276316,276316,276316,276316,3164693055,103547383206929592466775,50008858251286115790732
2026-07-07 14:32:00,289674063,-289454218320133513656,276316,276316,276316,276316,289674063,0,50008858251286115790732
2026-07-07 14:33:00,-1335561316,1334534333176839654137,276316,276316,276316,276316,0,1334534333176839654137,50008858251286115790732
2026-07-07 14:34:00,105526100658,-105446230211281486141303,276316,276316,276316,276316,105526100658,0,50008858251286115790732
2026-07-07 14:35:00,25784516344,-25765866992996762088390,276316,276316,276316,276316,105721854172,79876414028699369015617,50008858251286115790732
2026-07-07 14:36:00,2425947036,-2424118619739565406255,276316,276316,276316,276316,2425947036,0,50008858251286115790732
2026-07-07 14:37:00,70196234180,-70143729603428486378000,276316,276316,276316,276316,100215392734,29996217002213383803575,50008858251286115790732
2026-07-07 14:38:00,101193114614,-101117339338519600593158,276316,276316,276316,276316,101193114614,0,50008858251286115790732
2026-07-07 14:39:00,108125761601,-108045247098780628487315,276316,276316,276316,276316,108125761601,0,50008858251286115790732
2026-07-07 14:40:00,100074102765,-100000000000000000000000,276316,276316,276316,276316,100074102765,0,50008858251286115790732
2026-07-07 14:41:00,22862689645,-22846668439977376456447,276316,276316,276316,276316,108124861631,85198578658803252030869,50008858251286115790732
2026-07-07 14:42:00,-35077882406,35050635033111513349945,276316,276316,276316,276316,100073725147,135050635033111513349945,50008858251286115790732
2026-07-07 14:43:00,69066790675,-69016157653821911786280,276316,276316,276316,276316,100073875310,30983842346178088213720,50008858251286115790732
2026-07-07 14:44:00,-74802593153,74745663585101288148763,276316,276316,276316,276316,100074174575,174745663585101288148763,50008858251286115790732
2026-07-07 14:45:00,11088974926,-11080812095907285678872,276316,276316,276316,276316,14256357594,3165010399135747975108,50008858251286115790732
2026-07-07 14:46:00,-561094237,560666362956953934127,276316,276316,276316,276316,775483708,1335577150921016596783,50008858251286115790732
2026-07-07 14:47:00,1116076205,-1115251701633873497538,276316,276316,276316,276316,1116076205,0,50008858251286115790732
2026-07-07 14:48:00,100073727618,-100000000000000000000000,276316,276316,276316,276316,100073727618,0,50008858251286115790732
2026-07-07 14:49:00,377136384115,-376862505864967115896866,276316,276316,276316,276316,414733773879,37569361748134172251897,50008858251286115790732
2026-07-07 14:50:00,-26720130576,26700619688596526708349,276316,276316,276316,276316,0,26700619688596526708349,50008858251286115790732
2026-07-07 14:51:00,-160843120,160725586124503508525,276316,276316,276316,276316,0,160725586124503508525,50008858251286115790732
2026-07-07 14:52:00,-15618483686,15607065848855783728679,276316,276316,276316,276316,0,15607065848855783728679,50008858251286115790732
2026-07-07 14:53:00,-2559498228,2557626186135560808675,276316,276316,276316,276316,0,2557626186135560808675,50008858251286115790732
2026-07-07 14:54:00,597695426944,-597271764953450422591399,276316,276316,276316,276317,639743799260,42018214035556564841921,50008858251286115790732
2026-07-07 14:55:00,-319404000204,319175957597764305583608,276316,276316,276316,276316,0,319175957597764305583608,50008858251286115790732
2026-07-07 14:56:00,-382902960356,382624210321935330847518,276316,276316,276316,276316,0,382624210321935330847518,50008858251286115790732
2026-07-07 14:58:00,-1006652151,1005911596813352770045,276316,276316,276316,276316,0,1005911596813352770045,50001782659301543506831
2026-07-07 14:59:00,183193823894,-183067738640500099909035,276316,276316,276316,276316,802215825480,618558944655499900090965,50001782659301543506831
2026-07-07 15:00:00,-400330826675,400036039967145746789152,276316,276316,276316,276316,0,400036039967145746789152,50001782659301543506831
2026-07-07 15:01:00,100073290011,-100000000000000000000000,276316,276316,276316,276316,100073290011,0,50001782659301543506831
2026-07-07 15:04:00,-251339335,251153252637718493465,276316,276316,276316,276316,0,251153252637718493465,50001782659301543506831
2026-07-07 15:05:00,2489979957,-2488161464531596568420,276316,276316,276316,276316,2489979957,0,50001782659301543506831
2026-07-07 15:06:00,-647518414395,647030696568471752395651,276316,276316,276316,276316,519046831,647549360757386346291533,50001782659301543506831
2026-07-07 15:07:00,100155524207,-100079992449497703645184,276316,276316,276316,276316,100155524207,0,50001782659301543506831
2026-07-07 15:08:00,-336439233180,336178560805932342026345,276316,276316,276316,276316,200016869070,536045787604932342026345,50001782659301543506831
2026-07-07 15:09:00,-565000000000,564555421730037021487619,276316,276316,276316,276316,0,564555421730037021487619,50001782659301543506831
2026-07-07 15:10:00,32053670,-32028406909545324289,276316,276316,276316,276316,32053670,0,50001782659301543506831
2026-07-07 15:11:00,-158364124535,158234226882678840985798,276316,276316,276315,276316,300089635240,458085479938678840985798,50001782659301543506831
2026-07-07 15:12:00,49879311310,-49840234309528115101467,276316,276316,276316,276316,100079311310,50159765690471884898533,50001782659301543506831
2026-07-07 15:13:00,99968003873,-99888980870634528362375,276316,276316,276316,276316,100079111721,111019129365471637625,50001782659301543506831
2026-07-07 15:14:00,-98197054350,98117452449022011606459,276316,276316,276316,276316,100078711707,198117452449022011606459,50001782659301543506831
2026-07-07 15:15:00,77722062760,-77660818289579522540879,276316,276316,276316,276316,100079104631,22339181710420477459121,50001782659301543506831
2026-07-07 15:16:00,99155908327,-99079098592472477967330,276316,276316,276316,276316,225167303942,125911490168527522032670,50001782659301543506831
2026-07-07 15:18:00,93142888315,-93069980808809867350719,276316,276316,276316,276316,100078424617,6930019191190132649281,50001782659301543506831
2026-07-07 15:19:00,106122919488,-106040205338993068514462,276316,276316,276316,276316,107123892433,1000180530006931485538,50001782659301543506831
2026-07-07 15:20:00,2549754104,-2547772074321298000000,276316,276316,276316,276316,2549754104,0,50001782659301543506831
2026-07-07 15:21:00,-26491707897,26470837405655662509489,276316,276316,276316,276316,0,26470837405655662509489,50001782659301543506831
2026-07-07 15:23:00,-16083892134,16071207367974467747614,276316,276316,276316,276316,0,16071207367974467747614,50001782659301543506831
2026-07-07 15:25:00,97437196,-97361294008995940573,276316,276316,276316,276316,97437196,0,50001782659301543506831
2026-07-07 15:26:00,17127094047,-17113758107900082589123,276316,276316,276316,276316,17127094047,0,50001782659301543506831
2026-07-07 15:28:00,-89698295,89627585000000000000,276316,276316,276316,276316,0,89627585000000000000,50001782659301543506831
2026-07-07 15:29:00,136808060262,-136701955441420107943518,276316,276316,276316,276316,136808060262,0,50001782659301543506831
2026-07-07 15:30:00,-1023719357,1022914104558604214570,276316,276316,276316,276316,383145869,1405763865798000360963,50001782659301543506831
2026-07-07 15:31:00,100077147793,-100000000000000000000000,276316,276316,276316,276316,100077147793,0,50001782659301543506831
2026-07-07 15:32:00,-97891415644,97814978910992554074737,276316,276316,276316,276316,0,97814978910992554074737,50001782659301543506831
2026-07-07 15:33:00,745133751,-744557926691944956864,276316,276316,276316,276316,745133751,0,50001782659301543506831
2026-07-07 15:34:00,1082105,-1081269421631056226,276316,276316,276316,276316,1082105,0,50001782659301543506831
2026-07-07 15:35:00,100077136059,-100000000000000000000000,276316,276316,276316,276316,100077136059,0,50001782659301543506831
2026-07-07 15:36:00,96521602542,-96447621559963195277694,276316,276316,276316,276316,100076735613,3552378440036804722306,50001782659301543506831
2026-07-07 15:37:00,74614815,-74557742402414348283,276316,276316,276316,276316,74614815,0,50001782659301543506831
2026-07-07 15:39:00,758039818,-757459999468612250632,276316,276316,276316,276316,758039818,0,50001782659301543506831
2026-07-07 15:41:00,100101660234,-100025294911673859644567,276316,276316,276316,276316,100101660234,0,50001782659301543506831
2026-07-07 15:42:00,817129804927,-816521407312802698899726,276316,276316,276316,276316,817129804927,0,50001782659301543506831
2026-07-07 15:43:00,511535424713,-511168136486911141245687,276316,276316,276316,276316,511535424713,0,50001782659301543506831
2026-07-07 15:44:00,-1304203410,1303262380577853429371,276316,276316,276316,276316,486074263,1788992608904044038581,50001782659301543506831
2026-07-07 15:45:00,386267584275,-385997153446761650290784,276317,276316,276316,276317,386827847706,559861246238349709216,50001782659301544506479
2026-07-07 15:46:00,-7073135078,7068165884178167588839,276317,276317,276317,276317,0,7068165884178167588839,50001782659301544506479
2026-07-07 15:47:00,151542137987,-151437624645000000000000,276317,276317,276317,276317,151542137987,0,50001782659301544506479
2026-07-07 15:48:00,97739076251,-97672179438437345180751,276317,276317,276317,276317,100106497338,2365771759437428950083,50001782659301544506479
2026-07-07 15:49:00,-34510182016,34486252143825328769321,276317,276317,276317,276317,0,34486252143825328769321,50001782659301544506479
2026-07-07 15:50:00,72442215303,-72393037695196722109135,276317,276317,276317,276317,100068368288,27606962304803277890865,50001782659301544506479
2026-07-07 15:51:00,37452216894,-37427357580438747537534,276317,276317,276317,276317,100068048038,62572642419561252462466,50001782659301544506479
2026-07-07 15:52:00,-273399710403,273209649674897610554964,276317,276317,276317,276317,0,273209649674897610554964,50001782659301544506479
2026-07-07 15:53:00,-773577135,773035125878250317120,276317,276317,276317,276317,0,773035125878250317120,50001782659301544506479
2026-07-07 15:54:00,60001019406,-59959650115106628489498,276317,276317,276317,276317,60001019406,0,50001782659301544506479
2026-07-07 15:55:00,-20008371896,19994392635216149096983,276317,276317,276317,276317,0,19994392635216149096983,50001782659301544506479
2026-07-07 15:56:00,-15913335106,15902205506467840033700,276317,276317,276317,276317,0,15902205506467840033700,50001782659301544506479
2026-07-07 15:57:00,8108287592,-8102696514517155292935,276317,276317,276317,276317,8108287592,0,50001782659301544506479
2026-07-07 15:59:00,-8931085336,8924837498083894665371,276317,276317,276317,276317,0,8924837498083894665371,50001782659301544506479
2026-07-07 16:00:00,24598348354,-24582148017475439953789,276317,276317,276317,276317,100069123976,75417851982524560046211,50001782659301544506479
2026-07-07 16:01:00,116914697773,-116834444339000000000000,276317,276317,276317,276317,116914697773,0,50001782659301544506479
2026-07-07 16:03:00,1000402947,-999718600452228503856,276317,276317,276317,276317,1000402947,0,50001782659301544506479
2026-07-07 16:04:00,100876425371,-100807624008579167799465,276317,276317,276317,276317,100876425371,0,50001782659301544506479
2026-07-07 16:05:00,-1250541901,1249678978197900003781,276317,276317,276317,276317,0,1249678978197900003781,50001782659301544506479
2026-07-07 16:06:00,100067853152,-100000000000000000000000,276317,276317,276317,276317,100067853152,0,50001782659301544506479
2026-07-07 16:07:00,100067452761,-100000000000000000000000,276317,276317,276317,276317,100067452761,0,50001782659301544506479
2026-07-07 16:08:00,100067052373,-100000000000000000000000,276317,276317,276317,276317,100067052373,0,50001782659301544506479
2026-07-07 16:09:00,100066651987,-100000000000000000000000,276317,276317,276317,276317,100066651987,0,50001782659301544506479
2026-07-07 16:10:00,100142055581,-100075753942195643516025,276317,276317,276317,276317,100142055581,0,50001782659301544506479
2026-07-07 16:11:00,98738538911,-98673572197498626186891,276317,276317,276317,276317,100074467092,1335032981614913191627,50001782659301544506479
2026-07-07 16:12:00,-32387991889,32366387928476663069674,276317,276317,276317,276317,862008111,33227830466264650398698,50001782659301544506479
2026-07-07 16:15:00,100065585439,-100000000000000000000000,276317,276317,276317,276317,100065585439,0,50001782659301544506479
2026-07-07 16:16:00,69187478470,-69142365264298491236678,276317,276317,276317,276317,69187478470,0,50001782659301544506479
2026-07-07 16:19:00,101049123367,-100983578698758807151348,276317,276317,276317,276317,101049123367,0,50001782659301544506479
2026-07-07 16:20:00,100064503923,-100000000000000000000000,276317,276317,276317,276317,100064503923,0,50001782659301544506479
2026-07-07 16:21:00,100064103552,-100000000000000000000000,276317,276317,276317,276317,100064103552,0,50001782659301544506479
2026-07-07 16:22:00,65429610845,-65388257478373874219934,276317,276317,276317,276317,100063776087,34611742521626125780066,50001782659301544506479
2026-07-07 16:23:00,341934140462,-341719002667673843816291,276317,276317,276317,276317,341934140462,0,50001782659301544506479
2026-07-07 16:25:00,-36656165888,36632959851608875968261,276317,276317,276317,276317,0,36632959851608875968261,50001782659301544506479
2026-07-07 16:26:00,-133871516445,133786309851645145132991,276317,276317,276317,276317,0,133786309851645145132991,50001782659301544506479
2026-07-07 16:27:00,-31338548638,31318384900710633176620,276317,276317,276317,276317,11398933407,42710149134710633176621,50001782659301544506479
2026-07-07 16:28:00,306869129294,-306677556304999999999999,276317,276317,276317,276317,306869129294,0,50001782659301544506479
2026-07-07 16:29:00,-1561850826,1560869708117405406094,276317,276317,276317,276317,0,1560869708117405406094,50001782659301544506479
2026-07-07 16:30:00,-70488206967,70441055653986341897689,276317,276317,276317,276317,277255852166,347527040485986341897688,50001782659301544506479
2026-07-07 16:31:00,-7415176593,7407223164596835118683,276317,276317,276317,276317,327520674450,334726640747596835118682,50001782659301544506479
2026-07-07 16:32:00,-312737824177,312538432336663211607419,276317,276317,276317,276317,0,312538432336663211607419,50001782659301544506479
2026-07-07 16:34:00,100063222371,-100000000000000000000000,276317,276317,276317,276317,100063222371,0,50001782659301544506479
2026-07-07 16:35:00,-210954487787,210818626027333934234944,276317,276317,276317,276317,0,210818626027333934234944,50001782659301544506479
2026-07-07 16:37:00,19738053757,-19725464950083699131688,276317,276317,276317,276317,19869653357,131514394916300868312,50001782659301544506479
2026-07-07 16:38:00,-164238643,164131796731581111596,276317,276317,276317,276317,50717282,214816748573898223022,50001782659301544506479
2026-07-07 16:39:00,100063587738,-100000000000000000000000,276317,276317,276317,276317,100063587738,0,50001782659301544506479
2026-07-07 16:40:00,87031933883,-86977082987997853038668,276317,276317,276317,276317,100063239512,13022917012002146961332,50001782659301544506479
2026-07-07 16:41:00,99276038297,-99213699559912623976645,276317,276317,276317,276317,100062842297,786300440087376023355,50001782659301544506479
2026-07-07 16:42:00,-315793460332,315590615892719290835218,276317,276317,276317,276317,10129106,315600738529781651609848,50001782659301544506479
2026-07-07 16:43:00,253707457921,-253546714755668184187309,276317,276317,276317,276317,253765252156,57757209331815812691,50001782659301544506479
2026-07-07 16:44:00,-441144106928,440858546553021308041584,276317,276317,276317,276317,0,440858546553021308041584,50001782659301544506479
2026-07-07 16:45:00,59044351,-59006200747779029067,276317,276317,276317,276317,59044351,0,50001782659301544506479
2026-07-07 16:49:00,93822880545,-93762496484098507317025,276317,276317,276317,276317,100064455163,6237503515901492682975,50001782659301544506479
2026-07-07 16:50:00,100064079766,-100000000000000000000000,276317,276317,276317,276317,100064079766,0,50001782659301544506479
2026-07-07 16:51:00,-33809222199,33786278083122215853982,276317,276317,276317,276317,100064215039,133786278083122215853982,50001782659301544506479
2026-07-07 16:52:00,-100461568,100396293951383825962,276317,276317,276317,276317,0,100396293951383825962,50001782659301544506479
2026-07-07 16:53:00,182227529583,-182113643144421916798166,276317,276317,276317,276317,385243491526,202886356855578083201834,50001782659301544506479
2026-07-07 16:54:00,100063085956,-100000000000000000000000,276317,276317,276317,276317,100063085956,0,50001782659301544506479
2026-07-07 16:55:00,-60066319720,60027895370746626826777,276317,276317,276317,276317,254630695,60282365427628752796940,50001782659301544506479
2026-07-07 16:56:00,-338228758827,338008697465003223667572,276317,276317,276317,276317,102025571289,439968348305232941383994,50001782659301544506479
2026-07-07 16:57:00,2870678926,-2869803783588103578104,276317,276317,276317,276317,100383175225,97448888023450444635656,50001782659301544506479
2026-07-07 16:58:00,100064267718,-100000000000000000000000,276317,276317,276317,276317,100064267718,0,50001782659301544506479
2026-07-07 16:59:00,-570230899971,569850127603929439120147,276317,276317,276317,276317,348048112567,917666037171482931040174,50001782659301544506479
2026-07-07 17:00:00,100066148903,-100000000000000000000000,276317,276317,276317,276317,100066148903,0,50001782659301544506479
2026-07-07 17:02:00,375244492520,-375000000000000000000000,276317,276317,276317,276317,375244492520,0,50001782659301544506479
2026-07-07 17:03:00,-50045903625,50013120985908307624335,276317,276317,276317,276317,0,50013120985908307624335,50001782659301544506479
2026-07-07 17:06:00,-156618269016,156514029321820134290925,276317,276317,276317,276317,100064455359,256514029321820134290925,50001782659301544506479
2026-07-07 17:07:00,99743128836,-99678266776553431010658,276317,276317,276317,276317,100065075290,321733223446568989342,50001782659301544506479
2026-07-07 17:08:00,100064674916,-100000000000000000000000,276317,276317,276317,276317,100064674916,0,50001782659301544506479
2026-07-07 17:09:00,-3948170740,3945587039989456328118,276317,276317,276317,276317,0,3945587039989456328118,50001782659301544506479
2026-07-07 17:10:00,99705454636,-99641397714511936954094,276317,276317,276317,276317,100064290342,358602285488063045906,50001782659301544506479
2026-07-07 17:11:00,100338755120,-100274691015814152730815,276317,276317,276317,276317,100564289773,225387941593631095549,50001782659301544506479
2026-07-07 17:12:00,-25357372539,25339966417394954867430,276317,276317,276317,276317,100063991764,125339966417394954867430,50001782659301544506479
2026-07-07 17:13:00,-18075000000,18063289610865849622200,276317,276317,276317,276317,25000000,18088273655068272664695,50001782659301544506479
2026-07-07 17:14:00,-36722109297,36697278165764798708828,276317,276317,276317,276317,100064211012,136697278165764798708828,50001782659301544506479
2026-07-07 17:16:00,-14668339199,14658804991718908356008,276317,276317,276317,276317,0,14658804991718908356008,50001782659301544506479
2026-07-07 17:18:00,-599234656,598844978577638793037,276317,276317,276317,276317,0,598844978577638793037,50001782659301544506479
2026-07-07 17:25:00,-124790093693,124708616624353607020093,276317,276317,276317,276317,1463545808,126171220484944447532605,50001782659301544506479
2026-07-07 17:26:00,-195072322795,194943733765788425081324,276317,276317,276317,276317,0,194943733765788425081324,50001782659301544506479
2026-07-07 17:28:00,100065151534,-100000000000000000000000,276317,276317,276317,276317,100065151534,0,50001782659301544506479
2026-07-07 17:29:00,18586148158,-18574905199812156615321,276317,276317,276317,276317,100064751160,81425094800187843384679,50001782659301544506479
2026-07-07 17:31:00,-59978000000,59938442050661445056697,276317,276317,276317,276317,0,59938442050661445056697,50001782659301544506479
2026-07-07 17:33:00,100320134287,-100255052456280647295528,276317,276317,276317,276317,100320134287,0,50001782659301544506479
2026-07-07 17:34:00,255091241820,-254927564977000000000000,276317,276317,276317,276317,255091241820,0,50001782659301544506479
2026-07-07 17:35:00,93217408421,-93158313506596062747243,276317,276317,276317,276317,100063494727,6841686493403937252757,50001782659301544506479
2026-07-07 17:36:00,59228775894,-59191772998846809939652,276317,276317,276317,276317,100063285136,40808227001153190060348,50001782659301544506479
2026-07-07 17:37:00,100062884773,-100000000000000000000000,276317,276317,276317,276317,100062884773,0,50001782659301544506479
2026-07-07 17:39:00,99666316254,-99604082401310166755038,276317,276317,276317,276317,100062485997,395917598689833244962,50001782659301544506479
2026-07-07 17:40:00,36022634121,-36000877018916421087576,276317,276317,276317,276317,100062085639,63999122981083578912424,50001782659301544506479
2026-07-07 17:41:00,-457046308,455757897060830953090,276317,276317,276317,276317,100062343692,100455757897060830953090,50001782659301544506479
2026-07-07 17:42:00,19452554224,-19441286384305288770828,276317,276317,276317,276317,100061944484,80558713615694711229172,50001782659301544506479
2026-07-07 17:43:00,12077631465,-12071022263101535648820,276317,276317,276317,276317,100061896129,87928977736898464351180,50001782659301544506479
2026-07-07 17:44:00,100061817176,-100000000000000000000000,276317,276317,276317,276317,100061817176,0,50001782659301544506479
2026-07-07 17:45:00,-42595291600,42568599879652782639868,276317,276317,276317,276317,0,42568599879652782639868,50001782659301544506479
2026-07-07 17:46:00,73496250086,-73451240108189557520936,276317,276317,276317,276317,100061693538,26548759891810442479064,50001782659301544506479
2026-07-07 17:47:00,-10375005535,10367523680161454413868,276317,276317,276317,276317,100061465167,110367523680161454413868,50001782659301544506479
2026-07-07 17:48:00,100328594996,-100267097016177352010041,276317,276317,276317,276317,100328594996,0,50001782659301544506479
2026-07-07 17:49:00,-13554004022,13544582126276066827608,276317,276317,276317,276317,100241514565,113724881124185117000120,50001782659301544506479
2026-07-07 17:50:00,81957497931,-81907695846146929163439,276317,276317,276317,276317,100060987500,18092304153853070836561,50001782659301544506479
2026-07-07 17:51:00,-87987270228,87932719936623409510242,276317,276317,276317,276317,0,87932719936623409510242,50001782659301544506479
2026-07-07 17:52:00,100061011623,-100000000000000000000000,276317,276317,276317,276317,100061011623,0,50001782659301544506479
2026-07-07 17:53:00,-42785246302,42758777626556359833782,276317,276317,276317,276317,199321478,42957977626556359833782,50001782659301544506479
2026-07-07 17:56:00,71602255229,-71559003754276738936911,276317,276317,276317,276317,100060896323,28440996245723261063089,50001782659301544506479
2026-07-07 17:57:00,275056497389,-274891161656000000000000,276317,276317,276317,276318,275056497389,0,50001782659301544506479
2026-07-07 17:58:00,100059395462,-100000000000000000000000,276318,276318,276318,276318,100059395462,0,50001782659301545506178
2026-07-07 18:00:00,57461869941,-57428367039132353218169,276318,276318,276318,276318,100058995122,42571632960867646781831,50001782659301545506178
2026-07-07 18:01:00,-5980463295,5976878485352588590496,276318,276318,276318,276318,0,5976878485352588590496,50001782659301545506178
2026-07-07 18:02:00,-160708975,160612622660263809090,276318,276318,276318,276318,0,160612622660263809090,50001782659301545506178
2026-07-07 18:04:00,-22485793324,22472301955891089912365,276318,276318,276318,276318,0,22472301955891089912365,50001782659301545506178
2026-07-07 18:05:00,-653499273,653106873951856420576,276318,276318,276318,276318,0,653106873951856420576,50001782659301545506178
2026-07-07 18:07:00,-6573719712,6569766449878538997022,276318,276318,276318,276318,507550639,7077017397623581873692,50001782659301545506178
2026-07-07 18:08:00,100058908668,-100000000000000000000000,276318,276318,276318,276318,100058908668,0,50001782659301545506178
2026-07-07 18:10:00,-9506284014,9500609478773254460847,276318,276318,276318,276318,0,9500609478773254460847,50001782659301545506178
2026-07-07 18:11:00,-5000709875,4997723378328173163567,276318,276318,276318,276318,0,4997723378328173163567,50001782659301545506178
2026-07-07 18:13:00,-22953462599,22939741637751134215109,276318,276318,276318,276318,0,22939741637751134215109,50001782659301545506178
2026-07-07 18:14:00,21366545546,-21354772521964690841667,276318,276318,276318,276318,100058658210,78645227478035309158333,50001782659301545506178
2026-07-07 18:15:00,100058572721,-100000000000000000000000,276318,276318,276318,276318,100058572721,0,50001782659301545506178
2026-07-07 18:16:00,47007374310,-46980525267542753893405,276318,276318,276318,276318,100058384642,53019474732457246106595,50001782659301545506178
2026-07-07 18:18:00,-20104130154,20091230476619632540452,276318,276318,276318,276318,100057984308,120091230476619632540452,50001782659301545506178
2026-07-07 18:19:00,36892847487,-36872022902473782557161,276318,276318,276318,276318,100058064742,63127977097526217442839,50001782659301545506178
2026-07-07 18:20:00,-11573112,11566274000000000000,276318,276318,276318,276318,0,11566274000000000000,50001782659301545506178
2026-07-07 18:21:00,-8361006307,8356064975348976596773,276318,276318,276318,276318,0,8356064975348976596773,50001782659301545506178
2026-07-07 18:22:00,-7041731981,7037568170076532634178,276318,276318,276318,276318,0,7037568170076532634178,50001782659301545506178
2026-07-07 18:24:00,-19957325034,19945513402053134196197,276318,276318,276318,276318,0,19945513402053134196197,50001782659301545506178
2026-07-07 18:25:00,-43779244750,43753278494397578893646,276318,276318,276318,276318,0,43753278494397578893646,50001782659301545506178
2026-07-07 18:26:00,-1112974184,1112313059582259085446,276318,276318,276318,276318,0,1112313059582259085446,50001782659301545506178
2026-07-07 18:29:00,100058238267,-100000000000000000000000,276318,276318,276318,276318,100058238267,0,50001782659301545506178
2026-07-07 18:30:00,100057837934,-100000000000000000000000,276318,276318,276318,276318,100057837934,0,50001782659301545506178
2026-07-07 18:31:00,2987297307,-2986546808555907880739,276318,276318,276318,276318,100057452483,97013453191444092119261,50001782659301545506178
2026-07-07 18:32:00,100057425649,-100000000000000000000000,276318,276318,276318,276318,100057425649,0,50001782659301545506178
2026-07-07 18:34:00,5122836743,-5120856174617363035201,276318,276318,276318,276318,100057090420,94879143825382636964799,50001782659301545506178
2026-07-07 18:35:00,52341070457,-52311677502776093329197,276318,276318,276318,276318,100057004823,47688322497223906670803,50001782659301545506178
2026-07-07 18:36:00,-40023200,40000000000000000000,276318,276318,276318,276318,0,40000000000000000000,50001782659301545506178
2026-07-07 18:37:00,-16218461711,16209055797432415571750,276318,276318,276318,276318,0,16209055797432415571750,50001782659301545506178
2026-07-07 18:38:00,-173783520000,173682074293367004296190,276318,276318,276318,276318,0,173682074293367004296190,50001782659301545506178
2026-07-07 18:39:00,99662088769,-99604763660598040858445,276318,276318,276318,276318,100057555757,395236339401959141555,50001782659301545506178
2026-07-07 18:40:00,100057157011,-100000000000000000000000,276318,276318,276318,276318,100057157011,0,50001782659301545506178
2026-07-07 18:41:00,-534704718633,534389284118012381327630,276318,276318,276318,276318,0,534389284118012381327630,50001782659301545506178
2026-07-07 18:42:00,67224944420,-67185658947314906580840,276318,276318,276318,276318,100058896025,32814341052685093419160,50001782659301545506178
2026-07-07 18:43:00,588442884879,-588103842791954196235790,276318,276318,276318,276318,588442884879,0,50001782659301545506178
2026-07-07 18:44:00,100057272703,-100000999439588830836955,276318,276318,276318,276318,100057272703,0,50001782659301545506178
2026-07-07 18:45:00,206411173111,-206298086383651851314222,276318,276318,276318,276318,380210017257,173701745616348148685778,50001782659301545506178
2026-07-07 18:46:00,100055046534,-100000000000000000000000,276318,276318,276318,276318,100055046534,0,50001782659301545506178
2026-07-07 18:47:00,100054646220,-100000000000000000000000,276318,276318,276318,276318,100054646220,0,50001782659301545506178
2026-07-07 18:48:00,-13730178161,13721565694286951808622,276318,276318,276318,276318,100054701152,113721565694286951808622,50001782659301545506178
2026-07-07 18:50:00,100066014495,-100011707322167398798374,276318,276318,276318,276318,100066014495,0,50001782659301545506178
2026-07-07 18:51:00,-73751159516,73709435445049975883130,276318,276318,276318,276318,100053900484,173709435445049975883130,50001782659301545506178
2026-07-07 18:53:00,244068396820,-243936908631501223078285,276318,276318,276318,276318,245267996820,1198947564498776921715,50001782659301545506178
2026-07-07 18:54:00,184265216857,-184167546983214611949384,276318,276318,276318,276318,187475457656,3208518590785388050616,50001782659301545506178
2026-07-07 18:55:00,282150998,-282002436160412585269,276318,276318,276318,276318,282150998,0,50001782659301545506178
2026-07-07 18:57:00,100052480701,-100000000000000000000000,276318,276318,276318,276318,100052480701,0,50001782659301545506178
2026-07-07 18:58:00,98264161065,-98213025692288217604952,276318,276318,276318,276318,100052080403,1786974307711782395048,50001782659301545506178
2026-07-07 19:00:00,-79319143133,79277089325491015581560,276318,276318,276318,276318,0,79277089325491015581560,50001782659301545506178
2026-07-07 19:01:00,-73626643106,73586381083078037412659,276318,276318,276318,276318,100178696894,173713007776138283632893,50001782659301545506178
2026-07-07 19:02:00,-4700828,3698317051816505265,276318,276318,276318,276318,100052299172,100003698317051816505265,50001782659301545506178
2026-07-07 19:03:00,100052299189,-100000000000000000000000,276318,276318,276318,276318,100052299189,0,50001782659301545506178
2026-07-07 19:04:00,62552048924,-62519929872169227504958,276318,276318,276318,276318,100052048924,37480070127830772495042,50001782659301545506178
2026-07-07 19:05:00,-94155649439,94105737622568935104672,276318,276318,276318,276318,33850465,94139570418205939931480,50001782659301545506178
2026-07-07 19:06:00,-32556639849,32539299284192786053649,276318,276318,276318,276318,0,32539299284192786053649,50001782659301545506178
2026-07-07 19:07:00,-1910309456,1909282642118354172682,276318,276318,276318,276318,801759318,2710622339402222041866,50001782659301545506178
2026-07-07 19:08:00,80051743248,-80010175350393673157331,276318,276318,276318,276318,100052243248,19989824649606326842669,50001782659301545506178
2026-07-07 19:09:00,41462741594,-41441794266192461938068,276318,276318,276318,276318,100052077359,58558205733807538061932,50001782659301545506178
2026-07-07 19:10:00,91967941875,-91920506031286782416000,276318,276318,276318,276318,100051709405,8079493968713217584000,50001782659301545506178
2026-07-07 19:11:00,49555542212,-49530583436432767661028,276318,276318,276318,276318,100051511137,50469416563567232338972,50001782659301545506178
2026-07-07 19:12:00,101052230129,-101000609887600197035511,276318,276318,276318,276318,101052230129,0,50001782659301545506178
2026-07-07 19:13:00,99063138279,-99012940153876341806495,276318,276318,276318,276318,100050710500,987059846123658193505,50001782659301545506178
2026-07-07 19:14:00,100050310213,-100000000000000000000000,276318,276318,276318,276318,100050310213,0,50001782659301545506178
2026-07-07 19:15:00,100049909992,-100000000000000000000000,276319,276319,276319,276319,100049909992,0,50640677720586472223575
2026-07-07 19:16:00,99649600334,-99600288473713179702916,276319,276319,276319,276319,100049514562,399711526286820297084,50640677720586472223575
2026-07-07 19:17:00,-917030577639,916549187627150092415969,276318,276318,276318,276318,344241506849,1260606043849150092415969,50001782659301545506178
2026-07-07 19:18:00,427226194657,-427003617517511632926731,276318,276318,276318,276318,427226194657,0,50001782659301545506178
2026-07-07 19:19:00,-252996345790,252862891082455082743088,276318,276318,276318,276318,39967447,252902837644417072407829,50001782659301545506178
2026-07-07 19:20:00,-2999395879,2997798368773138742412,276318,276318,276318,276318,0,2997798368773138742412,50001782659301545506178
2026-07-07 19:21:00,95812435217,-95762582409222019669010,276318,276318,276318,276318,100073341791,4258636554712064406750,50001782659301545506178
2026-07-07 19:22:00,-18572417530,18561588779558008504874,276318,276318,276318,276318,100051711435,118561588779558008504874,50001782659301545506178
2026-07-07 19:23:00,-273405753926,273259468978477335808539,276318,276318,276318,276318,0,273259468978477335808539,50001782659301545506178
2026-07-07 19:24:00,980272044835,-979771925112056515746594,276318,276318,276318,276319,1053622896265,73314170973732459756430,50001782659301545506178
2026-07-07 19:25:00,-32504250000,32487931218484668392150,276319,276319,276319,276319,0,32487931218484668392150,50640677720586472223575
2026-07-07 19:26:00,-27154200000,27140535250013013830932,276319,276319,276319,276319,0,27140535250013013830932,50640677720586472223575
2026-07-07 19:27:00,100049203640,-100000000000000000000000,276319,276319,276319,276319,100049203640,0,50640677720586472223575
2026-07-07 19:28:00,100048808411,-100000000000000000000000,276319,276319,276319,276319,100048808411,0,50640677720586472223575
2026-07-07 19:29:00,5353001626,-5351347813057099363712,276319,276319,276319,276319,100048413185,94648652186942900636288,50640677720586472223575
2026-07-07 19:31:00,-918925287527,918452058358084199661645,276318,276319,276318,276319,100048392037,1018452058358084199661645,50001782659301545506178
2026-07-07 19:32:00,100052050832,-100000000000000000000000,276318,276318,276318,276318,100052050832,0,50001782659301545506178
2026-07-07 19:33:00,74270866558,-74232744565247531222082,276318,276318,276318,276318,100061040992,25776641052133228895290,50001782659301545506178
2026-07-07 19:34:00,99684490420,-99633328269240483438400,276318,276318,276318,276318,100051354855,366671730759516561600,50001782659301545506178
2026-07-07 19:35:00,100050954563,-100000000000000000000000,276318,276318,276318,276318,100050954563,0,50001782659301545506178
2026-07-07 19:36:00,7655980155,-7653021426545832520444,276318,276318,276318,276318,100090554274,92386958298686932164417,50001782659301545506178
2026-07-07 19:37:00,-36614351041,36594395527637009975932,276318,276318,276318,276318,100050523642,136594395527637009975932,50001782659301545506178
2026-07-07 19:38:00,100050670128,-100000000000000000000000,276318,276318,276318,276318,100050670128,0,50001782659301545506178
2026-07-07 19:39:00,-24823621969,24809839389340153201055,276318,276318,276318,276318,100050269840,124809839389340153201055,50001782659301545506178
2026-07-07 19:40:00,62150493576,-62119536397590609056481,276318,276318,276318,276318,100050509650,37880463602409390943519,50001782659301545506178
2026-07-07 19:41:00,100044162522,-99994045056356381379036,276318,276318,276318,276318,100050120522,5954943643618620964,50001782659301545506178
2026-07-07 19:42:00,-36505480231,36485873895711978750387,276318,276318,276318,276319,100074731133,136510871395713480793890,50001782659301545506178
2026-07-07 19:43:00,100049866470,-100000000000000000000000,276319,276319,276319,276319,100049866470,0,50640677720586472223575
2026-07-07 19:44:00,-44554228804,44530626245671498412276,276318,276318,276318,276318,100050044539,144530626245671498412276,50001782659301545506178
2026-07-07 19:45:00,-1145565121,1144982929125512486764,276318,276318,276318,276318,0,1144982929125512486764,50001782659301545506178
2026-07-07 19:46:00,100051542904,-100001891461062022109276,276319,276319,276319,276319,100051542904,0,50640677720586472223575
2026-07-07 19:47:00,57065434425,-57037721804689185053909,276319,276319,276319,276319,100049255182,42962278195310814946091,50640677720586472223575
2026-07-07 19:48:00,28629656473,-28616299815989123368114,276319,276319,276319,276319,100050743079,71385412669166668994385,50640677720586472223575
2026-07-07 19:49:00,23093255147,-23082698334368142011131,276319,276319,276319,276319,100048916654,76917301665631857988869,50640677720586472223575
2026-07-07 19:50:00,52690210706,-52664921156409072792131,276319,276319,276319,276319,100048825427,47335078843590927207869,50640677720586472223575
2026-07-07 19:51:00,-33188975785,33171429065430716327234,276319,276319,276319,276319,100048654839,133171429065430716327234,50640677720586472223575
2026-07-07 19:52:00,59167076130,-59138608078670870189887,276319,276319,276319,276319,100048767165,40861391921329129810113,50640677720586472223575
2026-07-07 19:53:00,52971707478,-52946442244557597968708,276319,276319,276319,276319,100049885613,47054910390140982871170,50640677720586472223575
2026-07-07 19:54:00,19214140361,-19205640678244994188403,276319,276319,276319,276319,100048323050,80794359321755005811597,50640677720586472223575
2026-07-07 19:55:00,70865158598,-70831248049785584929525,276319,276319,276319,276319,100048294915,29168751950214415070475,50640677720586472223575
2026-07-07 19:56:00,-4207478948,4205411736644640691508,276319,276319,276319,276319,0,4205411736644640691508,50640677720586472223575
2026-07-07 19:57:00,-38489395996,38470453027655018253007,276319,276319,276319,276319,0,38470453027655018253007,50640677720586472223575
2026-07-07 19:58:00,-8685531693,8681246530748163931299,276319,276319,276319,276319,240000000,8921130592389034069801,50640677720586472223575
2026-07-07 19:59:00,-12846671077,12840330866898918760373,276319,276319,276319,276319,16427691,12856750617584075462696,50640677720586472223575
2026-07-07 20:00:00,-48560179308,48536155021035794916689,276319,276319,276319,276319,19942218,48556087591610389451486,50640677720586472223575
2026-07-07 20:01:00,-269266231879,269131329626670098588403,276319,276319,276319,276319,0,269131329626670098588403,50640677720586472223575
2026-07-07 20:02:00,-47003721011,46979878760023299253894,276318,276319,276318,276319,0,46979878760023299253894,50001782659301545506178
2026-07-07 20:03:00,-8795160789,8790689750884111222219,276318,276318,276318,276318,0,8790689750884111222219,50001782659301545506178
2026-07-07 20:04:00,-80349287077,80308298213590658860348,276318,276318,276318,276318,0,80308298213590658860348,50001782659301545506178
2026-07-07 20:05:00,-51162997267,51136761850726950864881,276318,276318,276318,276318,99283674,51235995710597464774388,50001782659301545506178
2026-07-07 20:06:00,-693517295787,693151366216852243109087,276318,276318,276318,276318,2575000,693153939919595386126168,50001782659301545506178
2026-07-07 20:07:00,76586941740,-76547456989982370748725,276318,276318,276318,276318,187099571772,110452543197017629251275,50001782659301545506178
2026-07-07 20:08:00,31124880419,-31108490872287800946166,276318,276318,276318,276318,35018486327,3891509127712199053834,50001782659301545506178
2026-07-07 20:09:00,200031634571,-199927226159382079917606,276318,276318,276318,276318,224955426199,24910390231617920082394,50001782659301545506178
2026-07-07 20:10:00,-32115274011,32098248636231123477441,276318,276318,276318,276318,929189697,33026954681691809637538,50001782659301545506178
2026-07-07 20:12:00,60057035825,-60026248496286236355728,276318,276318,276318,276318,100052036075,39973751503713763644272,50001782659301545506178
2026-07-07 20:13:00,-60299121509,60267205757397546001800,276318,276318,276318,276318,0,60267205757397546001800,50001782659301545506178
2026-07-07 20:14:00,98264813291,-98213877211460460124300,276318,276318,276318,276318,100051884177,1786122788539539875700,50001782659301545506178
2026-07-07 20:15:00,104982966223,-104928988187100684244940,276318,276318,276318,276318,108295812330,3311101839899315755060,50001782659301545506178
2026-07-07 20:16:00,100051063859,-100000000000000000000000,276318,276318,276318,276318,100051063859,0,50001782659301545506178
2026-07-07 20:17:00,95465355153,-95417050577060601774764,276318,276318,276318,276318,100051263569,4583549120201595951574,50001782659301545506178
2026-07-07 20:18:00,-193641351360,193538901786475523128374,276318,276318,276318,276319,206159849239,399595579546475523128374,50001782659301545506178
2026-07-07 20:19:00,100051056349,-100000000000000000000000,276318,276318,276318,276318,100051056349,0,50001782659301545506178
2026-07-07 20:20:00,-138303692070,138230627242823095168075,276318,276318,276318,276318,100050656059,238230627242823095168075,50001782659301545506178
2026-07-07 20:21:00,100051209388,-100000000000000000000000,276318,276318,276318,276318,100051209388,0,50001782659301545506178
2026-07-07 20:22:00,98264428558,-98214540990768909500093,276318,276318,276318,276318,100050809097,1785459009231090499907,50001782659301545506178
2026-07-07 20:23:00,233181037069,-233064156110000000000000,276319,276319,276319,276319,233181037069,0,50640677720586472223575
2026-07-07 20:24:00,-1787504188,1786598589967043248590,276319,276319,276319,276319,0,1786598589967043248590,50640677720586472223575
2026-07-07 20:26:00,98260595966,-98212001562123546170718,276319,276319,276319,276319,100049493771,1787998437876453829282,50640677720586472223575
2026-07-07 20:27:00,96846883062,-96799383962833483093451,276319,276319,276319,276319,100941718273,4092792228342752194555,50640677720586472223575
2026-07-07 20:28:00,100048723029,-100000000000000000000000,276319,276319,276319,276319,100048723029,0,50640677720586472223575
2026-07-07 20:29:00,39751464345,-39732817995605277298622,276319,276319,276319,276319,100048327803,60267182004394722701378,50640677720586472223575
2026-07-07 20:30:00,50230813202,-50207076836712169553755,276319,276319,276319,276319,100048170771,49792923163287830446245,50640677720586472223575
2026-07-07 20:31:00,-24937950432,24924682088651620743683,276319,276319,276319,276319,100047972342,124924682088651620743683,50640677720586472223575
2026-07-07 20:32:00,100009038179,-99960986395461061162814,276319,276319,276319,276319,100048071006,39013604538938837186,50640677720586472223575
2026-07-07 20:33:00,-95289760839,95242032614747326002572,276319,276319,276319,276319,100047852302,195242032614747326002572,50640677720586472223575
2026-07-07 20:34:00,49457203141,-49433905570612967518746,276319,276319,276319,276319,100048054540,50566094429387032481254,50640677720586472223575
2026-07-07 20:35:00,47317547034,-47295391112746375906460,276319,276319,276319,276319,100058826082,52715572911758217221652,50640677720586472223575
2026-07-07 20:36:00,100047669912,-100000000000000000000000,276319,276319,276319,276319,100047669912,0,50640677720586472223575
2026-07-07 20:37:00,-227351526074,227239355903979317348577,276319,276319,276319,276319,100048568022,327239355903979317348577,50640677720586472223575
2026-07-07 20:38:00,100048172797,-100000000000000000000000,276319,276319,276319,276319,100048172797,0,50640677720586472223575
2026-07-07 20:39:00,-48302706803,48278015768893559764908,276319,276319,276319,276319,100048189799,148278015768893559764908,50640677720586472223575
2026-07-07 20:41:00,-15255675061,15247173179376524945394,276319,276319,276319,276319,100077901792,115277092296361288168512,50640677720586472223575
2026-07-07 20:42:00,99948028645,-99900048807884010131122,276319,276319,276319,276319,100048028645,99951192115989868878,50640677720586472223575
2026-07-07 20:44:00,-86756364379,86713871741488925598907,276319,276319,276319,276319,0,86713871741488925598907,50640677720586472223575
2026-07-07 20:46:00,14508117511,-14501990855066970061790,276319,276319,276319,276319,100047976804,85498009144933029938210,50640677720586472223575
2026-07-07 20:47:00,53648335104,-53623054206889775581084,276319,276319,276319,276319,100047919219,46376945793110224418916,50640677720586472223575
2026-07-07 20:48:00,-19033969,19024664077010396859,276319,276319,276319,276319,0,19024664077010396859,50640677720586472223575
2026-07-07 20:51:00,300143713,-300000000000000000000,276319,276319,276319,276319,300143713,0,50640677720586472223575
2026-07-07 20:53:00,-4739879530,4737562162507103916148,276319,276319,276319,276319,5002842,4742562609548369670229,50640677720586472223575
2026-07-07 20:56:00,71537788771,-71503628993416575695843,276319,276319,276319,276319,72090143418,552084544422010110214,50640677720586472223575
2026-07-07 20:57:00,-1421006309,1420315408812420946134,276319,276319,276319,276319,1250000,1421564813526890770310,50640677720586472223575
2026-07-07 20:58:00,-279958598973,279820929512965626387451,276319,276319,276319,276319,41403169,279862312964918208345268,50640677720586472223575
2026-07-07 20:59:00,100048553841,-100000000000000000000000,276319,276319,276319,276319,100048553841,0,50640677720586472223575
2026-07-07 21:00:00,-137156873382,137088839440043032696102,276319,276319,276319,276319,0,137088839440043032696102,50640677720586472223575
2026-07-07 21:04:00,-287487036123,287342023917124917214515,276318,276319,276318,276319,0,287342023917124917214515,50001782659301545506178
2026-07-07 21:05:00,-127569325,127504249491357045181,276318,276318,276318,276318,0,127504249491357045181,50001782659301545506178
2026-07-07 21:08:00,13759680114,-13752802337106310211374,276318,276318,276318,276318,13759680114,0,50001782659301545506178
2026-07-07 21:09:00,6971988236,-6968506175000000000000,276318,276318,276318,276318,6971988236,0,50001782659301545506178
2026-07-07 21:12:00,-1741285464,1740398580907113069567,276318,276318,276318,276318,0,1740398580907113069567,50001782659301545506178
2026-07-07 21:16:00,-343508420139,343331092252000508432428,276318,276318,276318,276318,0,343331092252000508432428,50001782659301545506178
2026-07-07 21:19:00,101227605029,-101175874068121478873184,276318,276318,276318,276318,101596357124,368560675961779763033,50001782659301545506178
2026-07-07 21:20:00,-26768111759,26753203461554280038947,276318,276318,276318,276318,100064730741,126767196319878148527028,50001782659301545506178
2026-07-07 21:21:00,100050837834,-100000000000000000000000,276318,276318,276318,276318,100050837834,0,50001782659301545506178
2026-07-07 21:22:00,32256154703,-32240527592633514096695,276318,276318,276318,276318,100050533477,67759472407366485903305,50001782659301545506178
2026-07-07 21:23:00,57437899978,-57409395364409732453077,276318,276318,276318,276318,100050308492,42590604635590267546923,50001782659301545506178
2026-07-07 21:24:00,31784155275,-31768886110130112309161,276318,276318,276318,276318,100150390387,68331101960506447792025,50001782659301545506178
2026-07-07 21:25:00,50865286704,-50840333412078373881326,276318,276318,276318,276318,100090665925,49200163816663304736322,50001782659301545506178
2026-07-07 21:26:00,-30148540569,30132169948246662524379,276318,276319,276318,276319,100049748830,130132169948246662524379,50001782659301545506178
2026-07-07 21:27:00,51159446834,-51134385708961728425962,276318,276319,276318,276319,100049870013,48865614291038271574038,50001782659301545506178
2026-07-07 21:28:00,33909511338,-33893296111232025377764,276319,276318,276318,276319,100149703005,66206691956453211391741,50640677720586472223575
2026-07-07 21:29:00,-11268090518,11262374240039794922350,276319,276319,276319,276319,42222154,11304575389892697247804,50640677720586472223575
2026-07-07 21:32:00,-16132751657,16124559364205011074063,276318,276318,276318,276318,0,16124559364205011074063,50001782659301545506178
2026-07-07 21:33:00,100049639699,-100000000000000000000000,276319,276319,276319,276319,100049639699,0,50640677720586472223575
2026-07-07 21:34:00,29212755399,-29199044015164494386373,276319,276319,276319,276319,100049244404,70800955984835505613627,50640677720586472223575
2026-07-07 21:35:00,-85119331608,85075372088757035344548,276319,276319,276319,276319,100049129002,185075372088757035344548,50640677720586472223575
2026-07-07 21:36:00,107553159211,-107500000000000000000000,276319,276319,276319,276319,107553159211,0,50640677720586472223575
2026-07-07 21:37:00,42345551783,-42325324079488413758830,276319,276319,276319,276319,100049040772,57674675920511586241170,50640677720586472223575
2026-07-07 21:38:00,22329470684,-22319381480214866866177,276319,276319,276319,276319,107652690159,85280606587202140964411,50640677720586472223575
2026-07-07 21:39:00,-8286086175,8280945255097266384543,276319,276319,276319,276319,100049184379,108280945255097266384543,50640677720586472223575
2026-07-07 21:40:00,335974134764,-335811829295993769400786,276319,276319,276319,276319,342474134884,6496837740014475330712,50640677720586472223575
2026-07-07 21:42:00,843,-843151411604891,276319,276319,276319,276319,843,0,50640677720586472223575
2026-07-07 21:43:00,-103150253228,103098845400869079525870,276319,276319,276319,276319,100048293105,203098845400869079525870,50640677720586472223575
2026-07-07 21:44:00,100047897881,-100000000000000000000000,276319,276319,276319,276319,100047897881,0,50640677720586472223575
2026-07-07 21:45:00,345501962147,-345339590905000000000000,276319,276319,276319,276319,345501962147,0,50640677720586472223575
2026-07-07 21:46:00,-65567212622,65534278001507943969634,276319,276319,276319,276319,182849180833,248299433878507943969634,50640677720586472223575
2026-07-07 21:47:00,460112392650,-459902283334000000000000,276319,276319,276319,276319,460112392650,0,50640677720586472223575
2026-07-07 21:48:00,92567722373,-92526462098834027879515,276319,276319,276319,276319,92667722373,99954609165972120485,50640677720586472223575
2026-07-07 21:50:00,-5158889199,5156547000242504823899,276319,276319,276319,276319,0,5156547000242504823899,50640677720586472223575
2026-07-07 21:51:00,-62340219147,62311832894695834100763,276319,276319,276319,276319,0,62311832894695834100763,50640677720586472223575
2026-07-07 21:53:00,100034261,-99989588895428207148,276319,276319,276319,276319,100034261,0,50640677720586472223575
2026-07-07 21:55:00,172829478592,-172752886745000000000000,276319,276319,276319,276319,172829478592,0,50640677720586472223575
2026-07-07 21:56:00,-47443851023,47422468767176231369634,276319,276319,276319,276319,0,47422468767176231369634,50640677720586472223575
2026-07-07 21:57:00,-5360469326,5358036830339821827571,276319,276319,276319,276319,1102745190,6460294762666437556248,50640677720586472223575
2026-07-07 21:58:00,-37538999832,37522010654381762525353,276319,276319,276319,276319,0,37522010654381762525353,50640677720586472223575
2026-07-07 21:59:00,-57518755767,57492616374975702620800,276319,276319,276319,276319,0,57492616374975702620800,50640677720586472223575
2026-07-07 22:00:00,-2031666749,2030741070135243374213,276319,276319,276319,276319,0,2030741070135243374213,50640677720586472223575
2026-07-07 22:01:00,-806199124245,805816205069846122887228,276319,276319,276319,276319,273800875755,1079484865103933417207868,50640677720586472223575
2026-07-07 22:02:00,-677920008743,677578688907940554338982,276318,276319,276318,276319,177079991257,854573187640940554338982,50001782659301545506178
2026-07-07 22:03:00,675252740256,-674921244470204904846883,276319,276319,276319,276319,675699996677,447031117795095153117,50640677720586472223575
2026-07-07 22:04:00,100047584443,-100000000000000000000000,276319,276319,276319,276319,100047584443,0,50640677720586472223575
2026-07-07 22:05:00,99547339224,-99500389779083478656432,276319,276319,276319,276319,100047189224,499610220916521343568,50640677720586472223575
2026-07-07 22:06:00,100046795981,-100000000000000000000000,276319,276319,276319,276319,100046795981,0,50640677720586472223575
2026-07-07 22:07:00,95043541280,-94999501424691231357003,276319,276319,276319,276319,100046400767,5000498575308768642997,50640677720586472223575
2026-07-07 22:08:00,-18638214366,18628410070516916166747,276319,276319,276319,276319,100046025317,118628410070516916166747,50640677720586472223575
2026-07-07 22:09:00,82877921963,-82839877247995450238916,276319,276319,276319,276319,100046098941,17160122752004549761084,50640677720586472223575
2026-07-07 22:10:00,54216343761,-54191948506494760898631,276319,276319,276319,276319,100045771550,45808051493505239101369,50640677720586472223575
2026-07-07 22:11:00,32804647348,-32790337789536866063507,276319,276319,276319,276319,100045566688,67209662210463133936493,50640677720586472223575
2026-07-07 22:12:00,-159187245516,159111557644679400330782,276319,276319,276319,276319,100045427790,259111557644679400330782,50640677720586472223575
2026-07-07 22:13:00,100046056619,-100000000000000000000000,276319,276319,276319,276319,100046056619,0,50640677720586472223575
2026-07-07 22:14:00,2001300149,-2000382872879136005429,276319,276319,276319,276319,2001300149,0,50640677720586472223575
2026-07-07 22:15:00,-277296352941,277164978742114705997565,276319,276319,276319,276319,0,277164978742114705997565,50640677720586472223575
2026-07-07 22:17:00,-20391640185,20380859492450085411290,276319,276319,276319,276319,100046748899,120380859492450085411290,50640677720586472223575
2026-07-07 22:18:00,10145833396,-10141964970357100796433,276319,276319,276319,276319,100046829449,89858035029642899203567,50640677720586472223575
2026-07-07 22:19:00,100389035702,-100342086951571575275520,276319,276319,276319,276319,100389035702,0,50640677720586472223575
2026-07-07 22:20:00,-34843826604,34827226487832270748331,276319,276319,276319,276319,156173396,34983327080375312848269,50640677720586472223575
2026-07-07 22:22:00,-11818430920,11812790090903004952302,276319,276319,276319,276319,0,11812790090903004952302,50640677720586472223575
2026-07-07 22:23:00,-18356376875,18346604618573230042387,276319,276319,276319,276319,100046577131,118346604618573230042387,50640677720586472223575
2026-07-07 22:26:00,-425008339212,424800515314676828588279,276319,276319,276319,276319,100046649642,524800515314676828588279,50640677720586472223575
2026-07-07 22:27:00,100048328548,-100000000000000000000000,276319,276319,276319,276319,100048328548,0,50640677720586472223575
2026-07-07 22:29:00,80752833,-80713985311733972992,276319,276319,276319,276319,80752833,0,50640677720586472223575
2026-07-07 22:30:00,100047933005,-100000000000000000000000,276319,276319,276319,276319,100047933005,0,50640677720586472223575
2026-07-07 22:31:00,-261451034179,261321326948159149959300,276319,276319,276319,276319,100048965821,361321326948159149959300,50640677720586472223575
2026-07-07 22:33:00,16881275359,-16873052300000000000000,276319,276319,276319,276319,16881275359,0,50640677720586472223575
2026-07-07 22:35:00,-308500000000,308344867161966884508592,276318,276318,276318,276318,0,308344867161966884508592,50001782659301545506178
2026-07-07 22:36:00,100267007257,-100217176775675396413848,276319,276319,276319,276319,100267007257,0,50640677720586472223575
2026-07-07 22:37:00,100049326492,-100000000000000000000000,276319,276319,276319,276319,100049326492,0,50640677720586472223575
2026-07-07 22:38:00,100048931263,-100000000000000000000000,276319,276319,276319,276319,100048931263,0,50640677720586472223575
2026-07-07 22:39:00,100048536036,-100000000000000000000000,276319,276319,276319,276319,100048536036,0,50640677720586472223575
2026-07-07 22:40:00,59844958595,-59816516971112421831265,276319,276319,276319,276319,100048140811,40183483028887578168735,50640677720586472223575
2026-07-07 22:41:00,40496846430,-40478003583379625108103,276319,276319,276319,276319,100047904403,59521996416620374891897,50640677720586472223575
2026-07-07 22:42:00,62034739153,-62005468573383645400159,276319,276319,276319,276319,100047894590,37994531426616354599841,50640677720586472223575
2026-07-07 22:43:00,45072092869,-45051194671301723704773,276319,276319,276319,276319,100047499369,54948805328698276295227,50640677720586472223575
2026-07-07 22:44:00,84699338668,-84659404537576218963272,276319,276319,276319,276319,100047358110,15340595462423781036728,50640677720586472223575
2026-07-07 22:45:00,-50000000000,49975869862502161157816,276319,276319,276319,276319,0,49975869862502161157816,50640677720586472223575
2026-07-07 22:46:00,-15722618345,15715010174909176237882,276319,276319,276319,276319,0,15715010174909176237882,50640677720586472223575
2026-07-07 22:47:00,7546146,-7542789030060123365,276319,276319,276319,276319,29615638,22058805072157842203,50640677720586472223575
2026-07-07 22:50:00,-4655501968,4653247300184377732426,276319,276319,276319,276319,0,4653247300184377732426,50640677720586472223575
2026-07-07 22:52:00,-12411759095,12405743881897642855865,276319,276319,276319,276319,0,12405743881897642855865,50640677720586472223575
2026-07-07 22:53:00,-130746371514,130682637482934842238233,276319,276319,276319,276319,0,130682637482934842238233,50640677720586472223575
2026-07-07 22:54:00,100047830231,-100000000000000000000000,276319,276319,276319,276319,100047830231,0,50640677720586472223575
2026-07-07 22:55:00,58515216522,-58487425027000000000000,276319,276319,276319,276319,58515216522,0,50640677720586472223575
2026-07-07 22:56:00,-1082810957,1082287084873565761491,276319,276319,276319,276319,0,1082287084873565761491,50640677720586472223575
2026-07-07 22:57:00,1102784879,-1102262367697311386557,276319,276319,276319,276319,1102784879,0,50640677720586472223575
2026-07-07 23:00:00,1151102981,-1150557628001297124934,276319,276319,276319,276319,1151102981,0,50640677720586472223575
2026-07-07 23:02:00,12180369020,-12175479826666815415011,276319,276319,276319,276319,100047546332,87824520173333184584989,50640677720586472223575
2026-07-07 23:03:00,-150096820969,150023840865444817537616,276319,276319,276319,276319,0,150023840865444817537616,50640677720586472223575
2026-07-07 23:04:00,404866797391,-404682224773607435345216,276319,276319,276319,276319,1025119146994,619959218094104400960875,50640677720586472223575
2026-07-07 23:06:00,-7000000000,6996686608226101692338,276319,276319,276319,276319,0,6996686608226101692338,50640677720586472223575
2026-07-07 23:07:00,-126065180897,126005177974788522762370,276319,276319,276319,276319,0,126005177974788522762370,50640677720586472223575
2026-07-07 23:11:00,-34311170414,34294730830376436327053,276319,276319,276319,276319,0,34294730830376436327053,50640677720586472223575
2026-07-07 23:13:00,3279651029,-3278110416000000000000,276319,276319,276319,276319,3279651029,0,50640677720586472223575
2026-07-07 23:15:00,-184367137,184278107584533005051,276319,276319,276319,276319,59075410,243325770588602303035,50640677720586472223575
2026-07-07 23:16:00,2011844,-2010900000000000000,276319,276319,276319,276319,2011844,0,50640677720586472223575
2026-07-07 23:17:00,-920324196,919882711423036414937,276319,276319,276319,276319,0,919882711423036414937,50640677720586472223575
2026-07-07 23:20:00,-50922821700,50898341668217587353963,276319,276319,276319,276319,0,50898341668217587353963,50640677720586472223575
2026-07-07 23:23:00,-7088835839,7085419920888067713075,276319,276319,276319,276319,0,7085419920888067713075,50640677720586472223575
2026-07-07 23:24:00,-50000000000,49975850033532607980996,276319,276319,276319,276319,0,49975850033532607980996,50640677720586472223575
2026-07-07 23:25:00,-511374394,511126890685037570348,276319,276319,276319,276319,0,511126890685037570348,50640677720586472223575
2026-07-07 23:26:00,99982303727,-99935108933354396716904,276319,276319,276319,276319,100047226217,64891066645603283096,50640677720586472223575
2026-07-07 23:32:00,-30614794794,30599879310120294686852,276319,276319,276319,276319,20013500605,50603980173438219048295,50640677720586472223575
2026-07-07 23:34:00,-51671512289,51646591730690528890876,276319,276319,276319,276319,0,51646591730690528890876,50640677720586472223575
2026-07-07 23:36:00,83752521310,-83713018611665966880734,276319,276319,276319,276319,83752521310,0,50640677720586472223575
2026-07-07 23:37:00,-83941486192,83901055036307353965259,276319,276319,276319,276319,0,83901055036307353965259,50640677720586472223575
2026-07-07 23:38:00,-139618846000,139550975499697231510841,276319,276319,276319,276319,593674526,140144369035633126292793,50640677720586472223575
2026-07-07 23:45:00,-4264751372,4262665974625042050238,276319,276319,276319,276319,31996800,4294647448451441634494,50640677720586472223575
2026-07-07 23:46:00,-18325734556,18316766762785295608185,276319,276319,276319,276319,0,18316766762785295608185,50640677720586472223575
2026-07-07 23:47:00,-151198428890,151123933380968314879660,276319,276319,276319,276319,0,151123933380968314879660,50640677720586472223575
2026-07-07 23:48:00,-62095492622,62064636808965043725340,276319,276319,276319,276319,0,62064636808965043725340,50640677720586472223575
2026-07-07 23:49:00,100048640150,-100000000000000000000000,276319,276319,276319,276319,100048640150,0,50640677720586472223575
2026-07-07 23:50:00,101648241245,-101599227986335908060124,276319,276319,276319,276319,101648241245,0,50640677720586472223575
2026-07-07 23:54:00,-63382615,63351546297732813513,276319,276319,276319,276319,0,63351546297732813513,50640677720586472223575
2026-07-07 23:55:00,-13469687167,13463081056642766395112,276319,276319,276319,276319,0,13463081056642766395112,50640677720586472223575
2026-07-07 23:56:00,78553413998,-78515988931793630847571,276319,276319,276319,276319,100047981750,21484011068206369152429,50640677720586472223575
2026-07-07 23:58:00,-49486809356,49462630848752622452684,276319,276319,276319,276319,0,49462630848752622452684,50640677720586472223575
2026-07-07 23:59:00,-177031414,176939174247746251391,276319,276319,276319,276319,557366281,734038167762032457648,50640677720586472223575
