timestamp,netAmount0,netAmount1,closeTick,openTick,lowestTick,highestTick,inAmount0,inAmount1,currentLiquidity
2026-07-03 00:00:00,3635261216,-3631836182172582619645,276314,276314,276314,276314,3635261216,0,49992612313801321765719
2026-07-03 00:03:00,-16789465950,16773475004922195217791,276314,276314,276314,276314,25937076,16799387646151569818169,49992612313801321765719
2026-07-03 00:04:00,19901443,-19887440448722477435,276314,276314,276314,276314,496274554,475919247003000216060,49992612313801321765719
2026-07-03 00:07:00,-259837444341,259587823567497057769589,276314,276314,276314,276314,71062254159,330582244026497057769589,49992612313801321765719
2026-07-03 00:08:00,155040066012,-154892770042000000000000,276314,276314,276314,276314,155040066012,0,49992612313801321765719
2026-07-03 00:11:00,-100000000000,99904105791225105056638,276314,276314,276314,276314,0,99904105791225105056638,49992612313801321765719
2026-07-03 00:16:00,-100000000000,99903706309623936362942,276314,276314,276314,276314,0,99903706309623936362942,49992612313801321765719
2026-07-03 00:17:00,235223520077,-235000000000000000000000,276314,276314,276314,276314,235223520077,0,49992612313801321765719
2026-07-03 00:19:00,-100000000000,99904246507976154167513,276314,276314,276314,276314,0,99904246507976154167513,49992612313801321765719
2026-07-03 00:21:00,-100000000000,99903847025530970362905,276314,276314,276314,276314,0,99903847025530970362905,49992612313801321765719
2026-07-03 00:23:00,-27421293902,27394132629481869465538,276314,276314,276314,276314,72578706098,99903447545481869465538,49992612313801321765719
2026-07-03 00:24:00,2374759117,-2372492209518111361296,276314,276314,276314,276314,2374759117,0,49992612313801321765719
2026-07-03 00:25:00,-100000000000,99903347491444762983214,276314,276314,276314,276314,0,99903347491444762983214,49992612313801321765719
2026-07-03 00:26:00,63957042,-63895738000000000000,276314,276314,276314,276314,63957042,0,49992612313801321765719
2026-07-03 00:27:00,-27615282730,27587798395886066225544,276314,276314,276314,276314,72384717270,99902948269886066225544,49992612313801321765719
2026-07-03 00:29:00,-50000000000,49951468911917365752791,276314,276314,276314,276314,0,49951468911917365752791,49992612313801321765719
2026-07-03 00:30:00,-100000000000,99902638217738162676680,276314,276314,276314,276314,0,99902638217738162676680,49992612313801321765719
2026-07-03 00:31:00,-17390932200,17373134010939423011939,276314,276314,276314,276314,82609067800,99902238744939423011939,49992612313801321765719
2026-07-03 00:32:00,-99759841967,99662244269157365649003,276314,276314,276314,276314,240158033,99902170234157365649003,49992612313801321765719
2026-07-03 00:33:00,4234077919,-4229969932291296707432,276314,276314,276314,276314,4234077919,0,49992612313801321765719
2026-07-03 00:34:00,-28937997044,28908907510072267337339,276314,276314,276314,276314,71062002956,99901787678072267337339,49992612313801321765719
2026-07-03 00:35:00,-61979797629,61918521419189819162677,276314,276314,276314,276314,38020202371,99901674104586002382901,49992612313801321765719
2026-07-03 00:36:00,-31234336834,31202903342117881977374,276314,276314,276314,276314,68765663166,99901428804885773097502,49992612313801321765719
2026-07-03 00:37:00,-62049851941,61988276468156552525482,276314,276314,276314,276314,37950148059,99901301497856643294890,49992612313801321765719
2026-07-03 00:39:00,8251112184,-8243048132194502898961,276314,276314,276314,276314,8251112184,0,49992612313801321765719
2026-07-03 00:40:00,273695937296,-273429987617970404451309,276314,276314,276314,276314,273695937296,0,49992612313801321765719
2026-07-03 00:41:00,100096516214,-100000000000000000000000,276314,276314,276314,276314,100096516214,0,49992612313801321765719
2026-07-03 00:43:00,-100000000000,99902578010285545124477,276314,276314,276314,276314,0,99902578010285545124477,49992612313801321765719
2026-07-03 00:44:00,596512598,-595936238644824509999,276314,276314,276314,276314,596512598,0,49992612313801321765719
2026-07-03 00:45:00,-100000000000,99902180920756152437012,276314,276314,276314,276314,0,99902180920756152437012,49992612313801321765719
2026-07-03 00:46:00,-100000000000,99901781450700242944559,276314,276314,276314,276314,0,99901781450700242944559,49992612313801321765719
2026-07-03 00:47:00,6129426404,-6123455913000000000000,276314,276314,276314,276314,6129426404,0,49992612313801321765719
2026-07-03 00:48:00,66872718460,-66808676272652580694519,276314,276314,276314,276314,166872718460,99901406468170038836804,49992612313801321765719
2026-07-03 00:49:00,-100000000000,99901673606219453866578,276314,276314,276314,276314,0,99901673606219453866578,49992612313801321765719
2026-07-03 00:50:00,-48767262767,48718654943206368433717,276314,276314,276314,276314,51232737233,99901274139206368433717,49992612313801321765719
2026-07-03 00:51:00,-57244022764,57187018338680957718899,276314,276314,276314,276314,42755977236,99901079331970856385744,49992612313801321765719
2026-07-03 00:52:00,13234869444,-13222908328885777707546,276314,276314,276314,276314,113234869444,99900855401418373553638,49992612313801321765719
2026-07-03 00:53:00,-27421128656,27393269961309726813124,276314,276314,276314,276314,72578871344,99900903534309726813124,49992612313801321765719
2026-07-03 00:54:00,-62493425788,62431100677980205098004,276314,276314,276314,276314,37506574212,99900793998423878542356,49992612313801321765719
2026-07-03 00:55:00,11109319736,-11098406529000000000000,276314,276314,276314,276314,11109319736,0,49992612313801321765719
2026-07-03 00:56:00,-26933971812,26906499495256221751735,276314,276314,276314,276314,73694805371,100528741434074609949111,49992612313801321765719
2026-07-03 00:57:00,-48233053742,48184585473299803903862,276314,276314,276314,276314,51766946258,99900481149908934444211,49992612313801321765719
2026-07-03 00:58:00,-24887083725,24861555384310085290774,276314,276314,276314,276314,75112916275,99900288478954393471766,49992612313801321765719
2026-07-03 00:59:00,5680637552,-5675036395587746133087,276314,276314,276314,276314,5680637552,0,49992612313801321765719
2026-07-03 01:03:00,-760922765,760164961394289555176,276314,276314,276314,276314,0,760164961394289555176,49992612313801321765719
2026-07-03 01:04:00,31658215,-31627003000000000000,276314,276314,276314,276314,31658215,0,49992612313801321765719
2026-07-03 01:05:00,81794310143,-81713800788000000000000,276314,276314,276314,276314,81794310143,0,49992612313801321765719
2026-07-03 01:06:00,73620562477,-73548326994000000000000,276314,276314,276314,276314,73620562477,0,49992612313801321765719
2026-07-03 01:07:00,-273039736,272769504652524881910,276314,276314,276314,276314,0,272769504652524881910,49992612313801321765719
2026-07-03 01:08:00,-1073854537,1072791701277778234257,276314,276314,276314,276314,0,1072791701277778234257,49992612313801321765719
2026-07-03 01:09:00,19964674809,-19945121989000000000000,276314,276314,276314,276314,19964674809,0,49992612313801321765719
2026-07-03 01:10:00,-81599864000,81519031821384289241448,276314,276314,276314,276314,0,81519031821384289241448,49992612313801321765719
2026-07-03 01:12:00,-112107745293,111996258509657063554608,276314,276314,276314,276314,0,111996258509657063554608,49992612313801321765719
2026-07-03 01:13:00,-167700720000,167533010957539732414107,276314,276314,276314,276314,0,167533010957539732414107,49992612313801321765719
2026-07-03 01:14:00,-91182999499,90359638417582969858917,276232,276314,276232,276314,179213336422,269394927320699946928806,1792987219986517304921
2026-07-03 01:17:00,42568107,-42525817756447626727,276314,276314,276314,276314,42568107,0,49992612313801321765719
2026-07-03 01:20:00,-931451168,930516489283365934678,276314,276314,276314,276314,0,930516489283365934678,49992612313801321765719
2026-07-03 01:24:00,-1250289734,1249033059063500593371,276314,276314,276314,276314,200224524,1449058654855949634070,49992612313801321765719
2026-07-03 01:25:00,-442310343,441866466171232681645,276314,276314,276314,276314,0,441866466171232681645,49992612313801321765719
2026-07-03 01:30:00,-7986255989,7978240111840509430444,276314,276314,276314,276314,0,7978240111840509430444,49992612313801321765719
2026-07-03 01:31:00,17412855037,-17395554832684762500000,276314,276314,276314,276314,17412855037,0,49992612313801321765719
2026-07-03 01:33:00,-10638000000,10627325986791200593253,276314,276314,276314,276314,0,10627325986791200593253,49992612313801321765719
2026-07-03 01:36:00,2969139059,-2966189826586155814399,276314,276314,276314,276314,3044291512,75077038951707856994,49992612313801321765719
2026-07-03 01:37:00,-6668067006,6661374850721589215335,276314,276314,276314,276314,0,6661374850721589215335,49992612313801321765719
2026-07-03 01:40:00,-24875000000,24850019470661810546880,276314,276314,276314,276314,0,24850019470661810546880,49992612313801321765719
2026-07-03 01:41:00,999279077,-998285065028728399299,276314,276314,276314,276314,999279077,0,49992612313801321765719
2026-07-03 01:45:00,20120005470,-20100000000000000000000,276314,276314,276314,276314,20120005470,0,49992612313801321765719
2026-07-03 01:52:00,10511063173,-10500618376000000000000,276314,276314,276314,276314,10511063173,0,49992612313801321765719
2026-07-03 01:57:00,-15889043980,15873094667170214337903,276314,276314,276314,276314,0,15873094667170214337903,49992612313801321765719
2026-07-03 01:58:00,-6982778392,6975765937582899074806,276314,276314,276314,276314,0,6975765937582899074806,49992612313801321765719
2026-07-03 01:59:00,-3010558578,3007534623833728827051,276314,276314,276314,276314,0,3007534623833728827051,49992612313801321765719
2026-07-03 02:04:00,-1680132416,1678444650147424706120,276314,276314,276314,276314,0,1678444650147424706120,49992612313801321765719
2026-07-03 02:16:00,-201054993,200853016304907029091,276314,276314,276314,276314,0,200853016304907029091,49992612313801321765719
2026-07-03 02:22:00,-176188639,176011641904905995806,276314,276314,276314,276314,0,176011641904905995806,49992612313801321765719
2026-07-03 02:25:00,12000000,-11988064781872351232,276314,276314,276314,276314,12000000,0,49992612313801321765719
2026-07-03 02:27:00,155357332764,-155203296233166430819266,276314,276314,276314,276314,155357332764,0,49992612313801321765719
2026-07-03 02:28:00,147029793,-146884470129246895941,276314,276314,276314,276314,147029793,0,49992612313801321765719
2026-07-03 02:36:00,265888775566,-265627385961000000000000,276314,276314,276314,276314,265888775566,0,49992612313801321765719
2026-07-03 02:38:00,570836637260,-570285000000161276110318,276314,276314,276314,276314,570836637260,0,49992612313801321765719
2026-07-03 02:39:00,-124279328755,124159096319950298216884,276314,276314,276314,276314,0,124159096319950298216884,49992612313801321765719
2026-07-03 02:40:00,-102280000000,102180587689251355877073,276314,276314,276314,276314,0,102180587689251355877073,49992612313801321765719
2026-07-03 02:41:00,-99522695288,99425557054363179055486,276314,276314,276314,276314,477304712,99902399735661126820691,49992612313801321765719
2026-07-03 02:42:00,26744058200,-26719183517664771237959,276314,276314,276314,276314,126744058200,99902002170992292316649,49992612313801321765719
2026-07-03 02:43:00,19312833582,-19294167024000000000000,276314,276314,276314,276314,19312833582,0,49992612313801321765719
2026-07-03 02:44:00,-100000000000,99902186157713035209349,276314,276314,276314,276314,0,99902186157713035209349,49992612313801321765719
2026-07-03 02:45:00,20706044951,-20685965639000000000000,276314,276314,276314,276314,20706044951,0,49992612313801321765719
2026-07-03 02:46:00,57085167297,-57030897715285472198600,276314,276314,276314,276314,157085167297,99901869402298443537044,49992612313801321765719
2026-07-03 02:48:00,4580396848,-4575967850000000000000,276314,276314,276314,276314,4580396848,0,49992612313801321765719
2026-07-03 02:49:00,-85296186820,85212573432802168319980,276314,276314,276314,276314,14703813180,99902174478802168319980,49992612313801321765719
2026-07-03 02:50:00,-14835556501,14820158696597453237151,276314,276314,276314,276314,85164443499,99901843853597453237151,49992612313801321765719
2026-07-03 02:51:00,-100120710607,100022307472733918392520,276314,276314,276314,276314,0,100022307472733918392520,49992612313801321765719
2026-07-03 02:52:00,-19068118084,19048523159057421558050,276314,276314,276314,276314,80931881916,99901315797626160427298,49992612313801321765719
2026-07-03 02:53:00,64819462380,-64756307386321408688128,276314,276314,276314,276314,64819462380,0,49992612313801321765719
2026-07-03 02:54:00,-75772737572,75697894965103578684200,276314,276314,276314,276314,24227262428,99901536168748385056939,49992612313801321765719
2026-07-03 02:55:00,-35095740615,35060461664781448551202,276314,276314,276314,276314,64904259385,99901196614781448551202,49992612313801321765719
2026-07-03 02:56:00,-51510249520,51458848519483694516288,276314,276314,276314,276314,48489750480,99901055681973171435584,49992612313801321765719
2026-07-03 02:57:00,-30744931366,30713798397667323982639,276314,276314,276314,276314,69255068634,99900976737452422505263,49992612313801321765719
2026-07-03 02:58:00,-30364001186,30333203466539796096738,276314,276314,276314,276314,69741324045,100005947565516100822754,49992612313801321765719
2026-07-03 02:59:00,-62489578246,62427139321072812936048,276314,276314,276314,276314,37510421754,99900605813579292724080,49992612313801321765719
2026-07-03 03:00:00,41535472575,-41494617411823845089013,276314,276314,276314,276314,41535472575,0,49992612313801321765719
2026-07-03 03:01:00,37288671860,-37252052646000000000000,276314,276314,276314,276314,37288671860,0,49992612313801321765719
2026-07-03 03:02:00,18057005504,-18039292645000000000000,276314,276314,276314,276314,18057005504,0,49992612313801321765719
2026-07-03 03:03:00,-94754990706,94660897458661144369475,276314,276314,276314,276314,5245009294,99900762549901371788242,49992612313801321765719
2026-07-03 03:04:00,17792970110,-17775461645000000000000,276314,276314,276314,276314,17792970110,0,49992612313801321765719
2026-07-03 03:06:00,100445704,-100355800042411076183,276314,276314,276314,276314,991156138,889825402957588923817,49992612313801321765719
2026-07-03 03:08:00,137250000,-137114994290174738921,276314,276314,276314,276314,137250000,0,49992612313801321765719
2026-07-03 03:09:00,-73242996623,73169845325057773143052,276314,276314,276314,276314,26757003377,99900543598138093101355,49992612313801321765719
2026-07-03 03:10:00,6881959236,-6875170640000000000000,276314,276314,276314,276314,6881959236,0,49992612313801321765719
2026-07-03 03:13:00,-100000000000,99900171628653915077760,276314,276314,276314,276314,0,99900171628653915077760,49992612313801321765719
2026-07-03 03:14:00,825563555,-824746020895943353815,276314,276314,276314,276314,825563555,0,49992612313801321765719
2026-07-03 03:15:00,70961457,-70891187000000000000,276314,276314,276314,276314,70961457,0,49992612313801321765719
2026-07-03 03:16:00,3059023836,-3055994809000000000000,276314,276314,276314,276314,3059023836,0,49992612313801321765719
2026-07-03 03:18:00,2003681959,-2001698128000000000000,276314,276314,276314,276314,2003681959,0,49992612313801321765719
2026-07-03 03:19:00,1766734909,-1764985810793941812772,276314,276314,276314,276314,1766734909,0,49992612313801321765719
2026-07-03 03:22:00,13447001267,-13433692586093234806784,276314,276314,276314,276314,13447001267,0,49992612313801321765719
2026-07-03 03:25:00,43862552581,-43819192615764636435867,276314,276314,276314,276314,43982281710,119609581235363572898,49992612313801321765719
2026-07-03 03:27:00,8558035568,-8549584319843090837250,276314,276314,276314,276314,8558035568,0,49992612313801321765719
2026-07-03 03:30:00,51741606154,-51690572494000000000000,276314,276314,276314,276314,51741606154,0,49992612313801321765719
2026-07-03 03:32:00,-100000000000,99900272834869742713850,276314,276314,276314,276314,0,99900272834869742713850,49992612313801321765719
2026-07-03 03:33:00,110230923,-110121875000000000000,276314,276314,276314,276314,110230923,0,49992612313801321765719
2026-07-03 03:35:00,173431339442,-173261168225242271976519,276314,276314,276314,276314,253431339442,79920740900757728023481,49992612313801321765719
2026-07-03 03:36:00,-100000000000,99900566609598476187682,276314,276314,276314,276314,0,99900566609598476187682,49992612313801321765719
2026-07-03 03:38:00,-96995787002,96898929149890582172876,276314,276314,276314,276314,3004212998,99900179149890582172876,49992612313801321765719
2026-07-03 03:39:00,629776057,-629152451889979270202,276314,276314,276314,276314,629776057,0,49992612313801321765719
2026-07-03 03:40:00,1767739311,-1765988974832979542016,276314,276314,276314,276314,1767739311,0,49992612313801321765719
2026-07-03 03:41:00,-190911102,190719072165161254382,276314,276314,276314,276314,109584752,300195322284818405195,49992612313801321765719
2026-07-03 03:42:00,159745923,-159587755198014016764,276314,276314,276314,276314,159745923,0,49992612313801321765719
2026-07-03 03:43:00,17805318,-17787689473611761411,276314,276314,276314,276314,17805318,0,49992612313801321765719
2026-07-03 03:44:00,745535539304,-744810022655761062188045,276314,276314,276314,276314,900847051692,155161286068238937811955,49992612313801321765719
2026-07-03 03:45:00,-97789732657,97694653214583699208349,276314,276314,276314,276314,25214231,97719843133326518478945,49992612313801321765719
2026-07-03 03:47:00,-99889827295,99792310717258567266226,276314,276314,276314,276314,110172705,99902377189312497135109,49992612313801321765719
2026-07-03 03:49:00,34518995,-34486423983262240066,276314,276314,276314,276314,119686729,85084420447579554355,49992612313801321765719
2026-07-03 03:50:00,113244897,-113135249723480934127,276314,276314,276314,276314,113244897,0,49992612313801321765719
2026-07-03 03:51:00,-5896092,5890323807724282177,276314,276314,276314,276314,0,5890323807724282177,49992612313801321765719
2026-07-03 03:52:00,-99785579368,99687766115626493342887,276314,276314,276314,276314,214420632,99901978681499710824721,49992612313801321765719
2026-07-03 03:53:00,-55107803750,55053167397508214703411,276314,276314,276314,276314,44892196250,99901579672508214703411,49992612313801321765719
2026-07-03 03:54:00,-90802111699,90712462725489705813148,276314,276314,276314,276314,9812503357,100515406535489705813148,49992612313801321765719
2026-07-03 03:56:00,43425134766,-43382700726230455267470,276314,276314,276314,276314,43425318107,183159769544732530,49992612313801321765719
2026-07-03 03:58:00,-73193379079,73120813652580217950251,276314,276314,276314,276314,26806620921,99901277365925154329330,49992612313801321765719
2026-07-03 03:59:00,15243236266,-15228314220942019874357,276314,276314,276314,276314,15243236266,0,49992612313801321765719
2026-07-03 04:00:00,14948539427,-14933914883000000000000,276314,276314,276314,276314,14948539427,0,49992612313801321765719
2026-07-03 04:01:00,86042451411,-85958447407509501885888,276314,276314,276314,276314,86042451411,0,49992612313801321765719
2026-07-03 04:02:00,277617812240,-277348788041000000000000,276314,276314,276314,276314,277617812240,0,49992612313801321765719
2026-07-03 04:05:00,16503896064,-16488000000000000000000,276314,276314,276314,276314,16503896064,0,49992612313801321765719
2026-07-03 04:06:00,-5381838598,5376602398622981775709,276314,276314,276314,276314,0,5376602398622981775709,49992612313801321765719
2026-07-03 04:07:00,-71962910821,71892504053879787970678,276314,276314,276314,276314,28037089179,99902607653879787970678,49992612313801321765719
2026-07-03 04:10:00,352240368088,-351902606619000000000000,276314,276314,276314,276314,352240368088,0,49992612313801321765719
2026-07-03 04:11:00,230115458143,-229897478358000000000000,276314,276314,276314,276314,230115458143,0,49992612313801321765719
2026-07-03 04:12:00,-2993172561,2989351764249134479901,276314,276314,276314,276314,97006827439,99904753901249134479901,49992612313801321765719
2026-07-03 04:15:00,63819273059,-63759186511000000000000,276314,276314,276314,276314,63819273059,0,49992612313801321765719
2026-07-03 04:16:00,2167194258,-2165156677730000000000,276314,276314,276314,276314,2167194258,0,49992612313801321765719
2026-07-03 04:17:00,11057449,-11047053345338725062,276314,276314,276314,276314,11057449,0,49992612313801321765719
2026-07-03 04:22:00,29854824813,-29826774626000000000000,276314,276314,276314,276314,29854824813,0,49992612313801321765719
2026-07-03 04:23:00,165302290115,-165147624256000000000000,276314,276314,276314,276314,165302290115,0,49992612313801321765719
2026-07-03 04:28:00,-100000000000,99905565911033412752399,276314,276314,276314,276314,0,99905565911033412752399,49992612313801321765719
2026-07-03 04:30:00,-85690608760,85609226821451804962239,276314,276314,276314,276314,14309391240,99905223585451804962239,49992612313801321765719
2026-07-03 04:32:00,10912143156,-10901890618929041101373,276314,276314,276314,276314,10912143156,0,49992612313801321765719
2026-07-03 04:33:00,2993089353,-2990278018842057539169,276314,276314,276314,276314,2993089353,0,49992612313801321765719
2026-07-03 04:34:00,20497550651,-20478307427416029049042,276314,276314,276314,276314,20497550651,0,49992612313801321765719
2026-07-03 04:35:00,29345629264,-29318108627000000000000,276314,276314,276314,276314,29345629264,0,49992612313801321765719
2026-07-03 04:37:00,2166830712,-2164800000000000000000,276314,276314,276314,276314,2166830712,0,49992612313801321765719
2026-07-03 04:41:00,-55656286637,55603511116928240435697,276314,276314,276314,276314,0,55603511116928240435697,49992612313801321765719
2026-07-03 04:44:00,36700654500,-36666206237000000000000,276314,276314,276314,276314,36700654500,0,49992612313801321765719
2026-07-03 04:45:00,214576880872,-214376549998022940445132,276314,276314,276314,276314,214576880872,0,49992612313801321765719
2026-07-03 04:46:00,-103334779622,103237502590704970150479,276314,276314,276314,276314,0,103237502590704970150479,49992612313801321765719
2026-07-03 04:48:00,-98011462524,97918782692924928800963,276314,276314,276314,276314,1988537476,99905456101924928800963,49992612313801321765719
2026-07-03 04:49:00,3103228741,-3100320072000000000000,276314,276314,276314,276314,3103228741,0,49992612313801321765719
2026-07-03 04:50:00,-48574531125,48527958823473898968909,276314,276314,276314,276314,51425468875,99905282393592194721732,49992612313801321765719
2026-07-03 04:51:00,25026814728,-25003322482735215546850,276314,276314,276314,276314,25026814728,0,49992612313801321765719
2026-07-03 04:52:00,32989388351,-32958460003793072972317,276314,276314,276314,276314,32989388351,0,49992612313801321765719
2026-07-03 04:53:00,-100000000000,99905114673952160977718,276314,276314,276314,276314,0,99905114673952160977718,49992612313801321765719
2026-07-03 04:54:00,15216311796,-15202000000000000000000,276314,276314,276314,276314,15216311796,0,49992612313801321765719
2026-07-03 04:55:00,1595300098,-1593800165054975124107,276314,276314,276314,276314,1595300098,0,49992612313801321765719
2026-07-03 04:56:00,91085471793,-91000000000000000000000,276314,276314,276314,276314,91085471793,0,49992612313801321765719
2026-07-03 04:57:00,104121399270,-104024100958000000000000,276314,276314,276314,276314,104121399270,0,49992612313801321765719
2026-07-03 04:58:00,99484206194,-99391646593338638127571,276314,276314,276314,276314,99563404764,79123934661361872429,49992612313801321765719
2026-07-03 04:59:00,-198212000000,198025211830277016039322,276314,276314,276314,276314,0,198025211830277016039322,49992612313801321765719
2026-07-03 05:00:00,-69503121782,69436948079464322335487,276314,276314,276314,276314,30496878218,99905289607464322335487,49992612313801321765719
2026-07-03 05:02:00,2323167307,-2320985705000000000000,276314,276314,276314,276314,2323167307,0,49992612313801321765719
2026-07-03 05:03:00,19471433634,-19453157181000000000000,276314,276314,276314,276314,19471433634,0,49992612313801321765719
2026-07-03 05:04:00,2035461223,-2033551620556176589318,276314,276314,276314,276314,2041915723,6448379443823410682,49992612313801321765719
2026-07-03 05:05:00,168500932995,-168343445657841161565875,276314,276314,276314,276314,171119030754,2615633171352895386603,49992612313801321765719
2026-07-03 05:10:00,43440033082,-43399609547000000000000,276314,276314,276314,276314,43440033082,0,49992612313801321765719
2026-07-03 05:11:00,545377489480,-544877396954000768715547,276314,276314,276314,276314,645377489480,99906926580032365169357,49992612313801321765719
2026-07-03 05:12:00,19102790428,-19085454226000000000000,276314,276314,276314,276314,19102790428,0,49992612313801321765719
2026-07-03 05:13:00,126742673313,-126628020800000000000000,276314,276314,276314,276314,126742673313,0,49992612313801321765719
2026-07-03 05:14:00,99836702742,-99746841474000000000000,276314,276314,276314,276314,99836702742,0,49992612313801321765719
2026-07-03 05:17:00,-75009543502,74941066827916344225182,276314,276314,276314,276314,24990456498,99908992327916344225182,49992612313801321765719
2026-07-03 05:19:00,402357955624,-401998630902000000000000,276315,276315,276315,276315,402357955624,0,49992612224370929475280
2026-07-03 05:21:00,47977153849,-47935738692160773475737,276315,276315,276315,276315,147977153849,99910300145839226524263,49992612224370929475280
2026-07-03 05:22:00,-100000000000,99910491827374132899542,276315,276315,276315,276315,0,99910491827374132899542,49992612224370929475280
2026-07-03 05:23:00,-5029425672,5024913372022915818940,276315,276315,276315,276315,0,5024913372022915818940,49992612224370929475280
2026-07-03 05:27:00,-97472085,97384624392917752509,276315,276315,276315,276315,0,97384624392917752509,49992612224370929475280
2026-07-03 05:28:00,119508961333,-119403207171356483340825,276315,276315,276315,276315,119508961333,0,49992612224370929475280
2026-07-03 05:31:00,-508980000,508525725240204350642,276315,276315,276315,276315,0,508525725240204350642,49992612224370929475280
2026-07-03 05:32:00,-93688370493,93604572104433739298620,276315,276315,276315,276315,338430744,93942704172618063490288,49992612224370929475280
2026-07-03 05:33:00,-288213078,287954756840601749256,276315,276315,276315,276315,0,287954756840601749256,49992612224370929475280
2026-07-03 05:34:00,-362912385,362587109221911180589,276315,276315,276315,276315,0,362587109221911180589,49992612224370929475280
2026-07-03 05:35:00,-59475030,59421721901099059882,276315,276315,276315,276315,0,59421721901099059882,49992612224370929475280
2026-07-03 05:36:00,-201543010643,201361321610091496900326,276315,276315,276315,276315,23456989357,224797531791091496900326,49992612224370929475280
2026-07-03 05:38:00,1502908501,-1501564402999999999999,276315,276315,276315,276315,1502908501,0,49992612224370929475280
2026-07-03 05:39:00,-186142628679,185973223461892974125294,276314,276315,276314,276315,38590372542,224529114297892974125294,49992612313801321765719
2026-07-03 05:41:00,20175043800,-20156859309000000000000,276314,276314,276314,276314,20175043800,0,49992612313801321765719
2026-07-03 05:43:00,30439440431,-30412035048000000000000,276314,276314,276314,276314,30439440431,0,49992612313801321765719
2026-07-03 05:45:00,9466989119,-9458473302000000000000,276314,276314,276314,276314,9466989119,0,49992612313801321765719
2026-07-03 05:46:00,10729586560,-10719939330475868930048,276314,276314,276314,276314,10729586560,0,49992612313801321765719
2026-07-03 05:47:00,12625597949,-12614251859588439580355,276314,276314,276314,276314,12625597949,0,49992612313801321765719
2026-07-03 05:50:00,55566902986,-55517043057000000000000,276315,276315,276315,276315,55566902986,0,49992612224370929475280
2026-07-03 05:51:00,-50000000500,49954641735282251027319,276314,276314,276314,276314,0,49954641735282251027319,49992612313801321765719
2026-07-03 05:54:00,-100000000000,99908982839491500780250,276314,276314,276314,276314,0,99908982839491500780250,49992612313801321765719
2026-07-03 05:57:00,19432051183,-19414527553000000000000,276314,276314,276314,276314,19432051183,0,49992612313801321765719
2026-07-03 05:58:00,58488963657,-58436319519238716125729,276314,276314,276314,276314,59448353282,958516732761283874271,49992612313801321765719
2026-07-03 06:00:00,-62223920816,62166901018477216927091,276314,276314,276314,276314,37776079184,99908968281477216927091,49992612313801321765719
2026-07-03 06:04:00,3885835891,-3882332914000000000000,276314,276314,276314,276314,3885835891,0,49992612313801321765719
2026-07-03 06:05:00,3415235149,-3412157204493965225500,276314,276314,276314,276314,3445207209,29944747828616815598,49992612313801321765719
2026-07-03 06:06:00,47991758588,-47948554955216493613684,276314,276314,276314,276314,48329812591,337746521783506386316,49992612313801321765719
2026-07-03 06:07:00,-76713069832,76642961891007304857949,276314,276314,276314,276314,23286930168,99908878971583589611972,49992612313801321765719
2026-07-03 06:08:00,152716513060,-152579226226079507622274,276315,276314,276314,276315,158692100342,5970143679920492377726,49992612224370929475280
2026-07-03 06:10:00,-102089413,101996888959423089855,276315,276315,276315,276315,0,101996888959423089855,49992612224370929475280
2026-07-03 06:11:00,12286610823,-12275601233000000000000,276315,276315,276315,276315,12286610823,0,49992612224370929475280
2026-07-03 06:14:00,-100011346059,99920555004315294377551,276314,276314,276314,276314,0,99920555004315294377551,49992612313801321765719
2026-07-03 06:15:00,-100000000000,99908819712429014743798,276314,276314,276314,276314,0,99908819712429014743798,49992612313801321765719
2026-07-03 06:16:00,24918011228,-24896501589446444173313,276314,276314,276314,276314,124918011228,99908420202553555826687,49992612313801321765719
2026-07-03 06:17:00,19422623481,-19405096002000000000000,276314,276314,276314,276314,19422623481,0,49992612313801321765719
2026-07-03 06:19:00,-25608288556,25584176710767756631482,276314,276314,276314,276314,74391711444,99908697385666048898766,49992612313801321765719
2026-07-03 06:20:00,-44633919036,44592572991643593401521,276314,276314,276314,276314,55366080964,99908534828840915567793,49992612313801321765719
2026-07-03 06:21:00,34524855257,-34493639452148206362633,276314,276314,276314,276314,34524855257,0,49992612313801321765719
2026-07-03 06:22:00,-79822494320,79749251126488758653263,276314,276314,276314,276314,20177505680,99908454659488758653263,49992612313801321765719
2026-07-03 06:23:00,3054450372,-3051681229000000000000,276314,276314,276314,276314,3054450372,0,49992612313801321765719
2026-07-03 06:24:00,-100000000000,99908147965503308022827,276314,276314,276314,276314,0,99908147965503308022827,49992612313801321765719
2026-07-03 06:25:00,-92763111641,92677477347870815522569,276314,276314,276314,276314,7236888359,99907777371513265553161,49992612313801321765719
2026-07-03 06:27:00,-50511067219,50463838288658562786390,276314,276314,276314,276314,49488932781,99907575578658562786390,49992612313801321765719
2026-07-03 06:28:00,30795341,-30767125000000000000,276314,276314,276314,276314,30795341,0,49992612313801321765719
2026-07-03 06:29:00,-100000000000,99907176199273911031532,276314,276314,276314,276314,0,99907176199273911031532,49992612313801321765719
2026-07-03 06:31:00,118489803313,-118381052146390529028001,276314,276314,276314,276314,119290530884,799982692609470971999,49992612313801321765719
2026-07-03 06:32:00,1000943961,-1000027606000000000000,276314,276314,276314,276314,1000943961,0,49992612313801321765719
2026-07-03 06:33:00,63682885269,-63624666446000000000000,276314,276314,276314,276314,63682885269,0,49992612313801321765719
2026-07-03 06:34:00,52311708709,-52264006614000000000000,276314,276314,276314,276314,52311708709,0,49992612313801321765719
2026-07-03 06:35:00,-88379112331,88297458264414272815785,276314,276314,276314,276314,11620887669,99907763897991553539308,49992612313801321765719
2026-07-03 06:36:00,-100000000000,99907364394448970331746,276314,276314,276314,276314,0,99907364394448970331746,49992612313801321765719
2026-07-03 06:41:00,4250000,-4246096958571982885,276314,276314,276314,276314,4250000,0,49992612313801321765719
2026-07-03 06:42:00,42128945664,-42090291469205550888151,276314,276314,276314,276314,42128945664,0,49992612313801321765719
2026-07-03 06:43:00,5214566523,-5209786980000000000000,276314,276314,276314,276314,5214566523,0,49992612313801321765719
2026-07-03 06:44:00,-100000000000,99907154048802431066519,276314,276314,276314,276314,0,99907154048802431066519,49992612313801321765719
2026-07-03 06:46:00,140655689742,-140526616121000000000000,276314,276314,276314,276314,140655689742,0,49992612313801321765719
2026-07-03 06:47:00,-625981526,625402586721566629412,276314,276314,276314,276314,0,625402586721566629412,49992612313801321765719
2026-07-03 06:48:00,-156669209624,156523781137914395174115,276314,276314,276314,276314,4070845103,160590901397906123002705,49992612313801321765719
2026-07-03 06:51:00,104348263974,-104252363060196143065560,276314,276314,276314,276314,104348263974,0,49992612313801321765719
2026-07-03 06:52:00,5748878,-6742686830787792841,276314,276314,276314,276314,100005748878,99907104950169212207159,49992612313801321765719
2026-07-03 06:53:00,-100000000000,99907104975133657071574,276314,276314,276314,276314,0,99907104975133657071574,49992612313801321765719
2026-07-03 06:54:00,-8246381644,8238686837676827566399,276314,276314,276314,276314,1651172970,9888339203676827566399,49992612313801321765719
2026-07-03 06:55:00,198807050,-198623892800811243159,276314,276314,276314,276314,198807050,0,49992612313801321765719
2026-07-03 06:56:00,185653905364,-185483554913131720906934,276314,276314,276314,276314,185653905364,0,49992612313801321765719
2026-07-03 06:57:00,-100000000000,99907415017503998290386,276314,276314,276314,276314,0,99907415017503998290386,49992612313801321765719
2026-07-03 07:00:00,141796567538,-141666820263000000000000,276314,276314,276314,276314,141796567538,0,49992612313801321765719
2026-07-03 07:01:00,2043830631,-2041966349568000000000,276314,276314,276314,276314,2043830631,0,49992612313801321765719
2026-07-03 07:02:00,-100000000000,99907590164159153595253,276314,276314,276314,276314,0,99907590164159153595253,49992612313801321765719
2026-07-03 07:04:00,-39460260912,39423685822965771929244,276314,276314,276314,276314,0,39423685822965771929244,49992612313801321765719
2026-07-03 07:09:00,-13233047245,13220767813689413598776,276314,276314,276314,276314,0,13220767813689413598776,49992612313801321765719
2026-07-03 07:10:00,1851091390,-1849391768000000000000,276314,276314,276314,276314,1851091390,0,49992612313801321765719
2026-07-03 07:11:00,-5035142036,5030468277862503104194,276314,276314,276314,276314,0,5030468277862503104194,49992612313801321765719
2026-07-03 07:12:00,-91875411573,91789952426985774691943,276314,276314,276314,276314,0,91789952426985774691943,49992612313801321765719
2026-07-03 07:13:00,58017473128,-57964047800000000000000,276314,276314,276314,276314,58017473128,0,49992612313801321765719
2026-07-03 07:15:00,-36724618963,36690445678164587757428,276314,276314,276314,276314,417381525,37107442726164587757428,49992612313801321765719
2026-07-03 07:17:00,3200842602,-3197894328000000000000,276314,276314,276314,276314,3200842602,0,49992612313801321765719
2026-07-03 07:18:00,-100000000000,99906698243142711027911,276314,276314,276314,276314,0,99906698243142711027911,49992612313801321765719
2026-07-03 07:19:00,298895948,-298619464000000000000,276314,276314,276314,276314,298895948,0,49992612313801321765719
2026-07-03 07:20:00,-100000000000,99906299940075190193980,276314,276314,276314,276314,0,99906299940075190193980,49992612313801321765719
2026-07-03 07:23:00,261132219,-260889628000000000000,276314,276314,276314,276314,261132219,0,49992612313801321765719
2026-07-03 07:24:00,100092985,-100000000000000000000,276314,276314,276314,276314,100092985,0,49992612313801321765719
2026-07-03 07:25:00,44955630936,-44913907842000000000000,276314,276314,276314,276314,44955630936,0,49992612313801321765719
2026-07-03 07:28:00,38987404813,-38951286173000000000000,276314,276314,276314,276314,38987404813,0,49992612313801321765719
2026-07-03 07:29:00,-85421980839,85341766058945342183230,276314,276314,276314,276314,14578019161,99906237237945342183230,49992612313801321765719
2026-07-03 07:30:00,-96759774420,96668693474627584787981,276314,276314,276314,276314,3240225580,99905908926627584787981,49992612313801321765719
2026-07-03 07:31:00,20018667761,-20000000000000000000000,276314,276314,276314,276314,20018667761,0,49992612313801321765719
2026-07-03 07:32:00,2644006828,-2641542442000000000000,276314,276314,276314,276314,2644006828,0,49992612313801321765719
2026-07-03 07:33:00,-100000000000,99905599970120243681861,276314,276314,276314,276314,0,99905599970120243681861,49992612313801321765719
2026-07-03 07:34:00,-100696342828,100600881777017990269774,276314,276314,276314,276314,0,100600881777017990269774,49992612313801321765719
2026-07-03 07:36:00,-95054604083,94964070379621158109501,276314,276314,276314,276314,4945395917,99904817965904253890794,49992612313801321765719
2026-07-03 07:37:00,19822682564,-19803981227000000000000,276314,276314,276314,276314,19822682564,0,49992612313801321765719
2026-07-03 07:38:00,1198401963,-1197271858000000000000,276314,276314,276314,276314,1198401963,0,49992612313801321765719
2026-07-03 07:40:00,-99993674169,99898182615250482984200,276314,276314,276314,276314,6325831,99904502481786344875464,49992612313801321765719
2026-07-03 07:41:00,-100000000000,99904102997805835840201,276314,276314,276314,276314,0,99904102997805835840201,49992612313801321765719
2026-07-03 07:43:00,-53620377014,53568328794902629771784,276314,276314,276314,276314,46379622986,99903888794902629771784,49992612313801321765719
2026-07-03 07:44:00,-82629208616,82549317727164394412886,276314,276314,276314,276314,17370791384,99903558707667477730316,49992612313801321765719
2026-07-03 07:45:00,-95395074336,95302655780060721480137,276314,276314,276314,276314,4604925664,99903177625066715807733,49992612313801321765719
2026-07-03 07:46:00,96573924819,-96481377856000000000000,276314,276314,276314,276314,96573924819,0,49992612313801321765719
2026-07-03 07:47:00,-100000000000,99903163940606787184319,276314,276314,276314,276314,0,99903163940606787184319,49992612313801321765719
2026-07-03 07:48:00,-5305317149,5299214197329594294077,276314,276314,276314,276314,95525052300,100732336718108003912643,49992612313801321765719
2026-07-03 07:49:00,-51703011331,51652294045456250066386,276314,276314,276314,276314,48296988669,99902762637595522870729,49992612313801321765719
2026-07-03 07:50:00,-53597487703,53544903873167370752740,276314,276314,276314,276314,39602505613,93109175479193450109796,49992612313801321765719
2026-07-03 07:51:00,327436382233,-327122617699639071831319,276314,276314,276314,276314,327436382233,0,49992612313801321765719
2026-07-03 07:55:00,-151343747723,151197743520895712306215,276314,276314,276314,276314,2689822,151200430783694742328876,49992612313801321765719
2026-07-03 07:56:00,-31151933090,31121428522008632751731,276314,276314,276314,276314,33848016910,64937050330008632751731,49992612313801321765719
2026-07-03 08:00:00,-451116078,450678948229625330597,276314,276314,276314,276314,0,450678948229625330597,49992612313801321765719
2026-07-03 08:03:00,409320541,-408928001073126162435,276314,276314,276314,276314,409320541,0,49992612313801321765719
2026-07-03 08:08:00,77960722633,-77886090282625498301763,276314,276314,276314,276314,79000580721,1038850848903098599059,49992612313801321765719
2026-07-03 08:13:00,21700000000,-21679266741274260266816,276314,276314,276314,276314,21700000000,0,49992612313801321765719
2026-07-03 08:18:00,1000000,-999044983750314627,276314,276314,276314,276314,1000000,0,49992612313801321765719
2026-07-03 08:20:00,4515304154,-4511011772310683099586,276314,276314,276314,276314,6457062436,1939884897689316900414,49992612313801321765719
2026-07-03 08:21:00,-73872942091,73801556831781810229000,276314,276314,276314,276314,170169905,73971564185148558961319,49992612313801321765719
2026-07-03 08:22:00,122686943776,-122569736478480652924636,276314,276314,276314,276314,122686943776,0,49992612313801321765719
2026-07-03 08:23:00,114902138102,-114792913200000000000000,276314,276314,276314,276314,114902138102,0,49992612313801321765719
2026-07-03 08:24:00,-100952024,100855282637815748126,276314,276314,276314,276314,0,100855282637815748126,49992612313801321765719
2026-07-03 08:27:00,5357283648,-5352203911466181778709,276314,276314,276314,276314,5357283648,0,49992612313801321765719
2026-07-03 08:29:00,42350756518,-42310640203000000000000,276314,276314,276314,276314,42350756518,0,49992612313801321765719
2026-07-03 08:34:00,4192779135,-4188811467148243778027,276314,276314,276314,276314,4192779135,0,49992612313801321765719
2026-07-03 08:36:00,591869317,-591309282000000000000,276314,276314,276314,276314,591869317,0,49992612313801321765719
2026-07-03 08:37:00,4904640302,-4900000000000000000000,276314,276314,276314,276314,4904640302,0,49992612313801321765719
2026-07-03 08:41:00,11949755736,-11938454040267878449047,276314,276314,276314,276314,11949755736,0,49992612313801321765719
2026-07-03 08:43:00,79541338284,-79466273337080735388534,276314,276314,276314,276314,81276696940,1733702806541441846914,49992612313801321765719
2026-07-03 08:44:00,129817455958,-129695459736472136166958,276314,276314,276314,276314,129902308791,84772463527863833042,49992612313801321765719
2026-07-03 08:51:00,6070979888,-6065291112000000000000,276314,276314,276314,276314,6070979888,0,49992612313801321765719
2026-07-03 08:52:00,69472145294,-69407151651975231184874,276314,276314,276314,276314,69472145294,0,49992612313801321765719
2026-07-03 08:54:00,3600000000,-3596637327507739370947,276314,276314,276314,276314,3600000000,0,49992612313801321765719
2026-07-03 08:58:00,19801638184,-19783151212000000000000,276314,276314,276314,276314,19801638184,0,49992612313801321765719
2026-07-03 09:01:00,2831341159,-2828699076938722356851,276314,276314,276314,276314,2831341159,0,49992612313801321765719
2026-07-03 09:02:00,100093196799,-100000000000000000000000,276314,276314,276314,276314,100093196799,0,49992612313801321765719
2026-07-03 09:13:00,18011064902,-17994337343412336303036,276314,276314,276314,276314,18016732882,5662656587663696964,49992612313801321765719
2026-07-03 09:15:00,455628917049,-455210066481838381059012,276314,276314,276314,276314,455628917049,0,49992612313801321765719
2026-07-03 09:17:00,124767921834,-124654671696000000000000,276314,276314,276314,276314,124767921834,0,49992612313801321765719
2026-07-03 09:18:00,-2761190408,2758663255783579329592,276314,276314,276314,276314,0,2758663255783579329592,49992612313801321765719
2026-07-03 09:19:00,-14887000000,14873369572600300691868,276314,276314,276314,276314,0,14873369572600300691868,49992612313801321765719
2026-07-03 09:25:00,273548574120,-273303260591319167759002,276315,276314,276314,276315,373548574120,99909703624680832240998,49992612224370929475280
2026-07-03 09:27:00,-33077328745,33046704557659005231272,276315,276315,276314,276315,66922671255,99909307149923191855407,49992612224370929475280
2026-07-03 09:28:00,-3390845298,3387771394267126240538,276315,276315,276315,276315,60809502,3448526394267126240538,49992612224370929475280
2026-07-03 09:32:00,-3451654800,3448525918288946369076,276315,276315,276315,276315,0,3448525918288946369076,49992612224370929475280
2026-07-03 09:33:00,21229620,-21210586895345899438,276315,276315,276315,276315,21229620,0,49992612224370929475280
2026-07-03 09:34:00,-238499479245,238282121339264208327827,276315,276315,276314,276315,868503992,239149846677250813831804,49992612224370929475280
2026-07-03 09:35:00,-6694410475,6688276938853283303402,276314,276314,276314,276314,0,6688276938853283303402,49992612313801321765719
2026-07-03 09:36:00,-109823685302,109721985143098569867316,276314,276314,276314,276314,82292480598,191939736493098569867316,49992612313801321765719
2026-07-03 09:38:00,4331110257,-4327166083000000000000,276314,276314,276314,276314,4331110257,0,49992612313801321765719
2026-07-03 09:39:00,11011241285,-11001217150000000000000,276314,276314,276314,276314,11011241285,0,49992612313801321765719
2026-07-03 09:40:00,-10000000000,9990796745693016848491,276314,276314,276314,276314,0,9990796745693016848491,49992612313801321765719
2026-07-03 09:41:00,13569987850,-13557635588947173449756,276314,276314,276314,276314,13569987850,0,49992612313801321765719
2026-07-03 09:42:00,-98092661088,98002206240137269127141,276314,276314,276314,276314,1907338912,99907801942137269127141,49992612313801321765719
2026-07-03 09:44:00,91613492938,-91529934010000000000000,276314,276314,276314,276314,91613492938,0,49992612313801321765719
2026-07-03 09:45:00,-2132378669,2130416273910136320015,276314,276314,276314,276314,0,2130416273910136320015,49992612313801321765719
2026-07-03 09:46:00,-99884035088,99791908658452814610981,276314,276314,276314,276314,115964912,99907767540456833583213,49992612313801321765719
2026-07-03 09:47:00,-99931736051,99839167238482191970621,276314,276314,276314,276314,68263949,99907368772894749561653,49992612313801321765719
2026-07-03 09:48:00,19194531038,-19176911697000000000000,276314,276314,276314,276314,19194531038,0,49992612313801321765719
2026-07-03 09:49:00,136449805153,-136325284264096178256233,276314,276314,276314,276314,167178610970,30700489899903821743767,49992612313801321765719
2026-07-03 09:50:00,-27828719748,27803043646380733784721,276314,276314,276314,276314,0,27803043646380733784721,49992612313801321765719
2026-07-03 09:52:00,20321740836,-20303191015302894794506,276314,276314,276314,276314,20321740836,0,49992612313801321765719
2026-07-03 09:54:00,-100000000000,99907561087184719523577,276314,276314,276314,276314,0,99907561087184719523577,49992612313801321765719
2026-07-03 09:55:00,-100000000000,99907161584858611050206,276314,276314,276314,276314,0,99907161584858611050206,49992612313801321765719
2026-07-03 09:56:00,-71363324785,71296827929399059338159,276314,276314,276314,276314,0,71296827929399059338159,49992612313801321765719
2026-07-03 09:58:00,-30081099551,30052809289089161450111,276314,276314,276314,276314,19970900449,50005239800089161450111,49992612313801321765719
2026-07-03 10:00:00,-210488000871,210290217849772610091908,276314,276314,276314,276314,21101229563,231371949410772610091908,49992612313801321765719
2026-07-03 10:01:00,15944160171,-15929292542837437257906,276314,276314,276314,276314,16028665441,84425594162562742094,49992612313801321765719
2026-07-03 10:02:00,162106607092,-161956431840701536986979,276314,276314,276314,276314,203959898273,41813821757667098504755,49992612313801321765719
2026-07-03 10:03:00,12745233171,-12734436724299838824185,276314,276314,276314,276314,112745233171,99906677652700161175815,49992612313801321765719
2026-07-03 10:05:00,-31706767147,31677094232472176322083,276314,276314,276314,276314,0,31677094232472176322083,49992612313801321765719
2026-07-03 10:06:00,41881335854,-41842567962801306161793,276314,276314,276314,276314,41881335854,0,49992612313801321765719
2026-07-03 10:10:00,97946661552,-97856269786000000000000,276314,276314,276314,276314,97946661552,0,49992612313801321765719
2026-07-03 10:11:00,-881453076,880632513747585078291,276314,276314,276314,276314,0,880632513747585078291,49992612313801321765719
2026-07-03 10:12:00,-1956159321,1954338183813002243190,276314,276314,276314,276314,0,1954338183813002243190,49992612313801321765719
2026-07-03 10:13:00,127803386128,-127686002400000000000000,276314,276314,276314,276314,127803386128,0,49992612313801321765719
2026-07-03 10:14:00,29713887686,-29686690317358168006653,276314,276314,276314,276314,29762544686,48611947279918300113,49992612313801321765719
2026-07-03 10:15:00,4058242050,-4054530179000000000000,276314,276314,276314,276314,4058242050,0,49992612313801321765719
2026-07-03 10:16:00,5962176793,-5956724681000000000000,276314,276314,276314,276314,5962176793,0,49992612313801321765719
2026-07-03 10:18:00,2232008353,-2229969640539632989579,276314,276314,276314,276314,2430241208,198049641700600023669,49992612313801321765719
2026-07-03 10:21:00,-20434239042,20415344712334553760366,276314,276314,276314,276314,0,20415344712334553760366,49992612313801321765719
2026-07-03 10:22:00,3152053659,-3149170836387479900933,276314,276314,276314,276314,3281137505,128964442612520099067,49992612313801321765719
2026-07-03 10:24:00,4501940181,-4497825943288297140032,276314,276314,276314,276314,4934844999,432504410184125697586,49992612313801321765719
2026-07-03 10:26:00,1143378959,-1142333077000000000000,276314,276314,276314,276314,1143378959,0,49992612313801321765719
2026-07-03 10:28:00,52246759793,-52199023866000000000000,276314,276314,276314,276314,52246759793,0,49992612313801321765719
2026-07-03 10:29:00,-33978525,33947175938733927716,276314,276314,276314,276314,0,33947175938733927716,49992612313801321765719
2026-07-03 10:31:00,56461810332,-56410345801000000000000,276314,276314,276314,276314,56461810332,0,49992612313801321765719
2026-07-03 10:34:00,-15632355,15617966829316504179,276314,276314,276314,276314,0,15617966829316504179,49992612313801321765719
2026-07-03 10:35:00,-197068922,196887546924130007212,276314,276314,276314,276314,0,196887546924130007212,49992612313801321765719
2026-07-03 10:37:00,135302122166,-135179312400000000000000,276314,276314,276314,276314,135302122166,0,49992612313801321765719
2026-07-03 10:38:00,41418870409,-41381421930410022856256,276314,276314,276314,276314,41418870409,0,49992612313801321765719
2026-07-03 10:40:00,45124682083,-45084010642923394868834,276314,276314,276314,276314,50089398341,4960186935990243285028,49992612313801321765719
2026-07-03 10:41:00,19781729801,-19763904184000000000000,276314,276314,276314,276314,19781729801,0,49992612313801321765719
2026-07-03 10:42:00,-73954900,73887548124206524029,276314,276314,276314,276314,0,73887548124206524029,49992612313801321765719
2026-07-03 10:43:00,-1076285066,1075304854453099955575,276314,276314,276314,276314,0,1075304854453099955575,49992612313801321765719
2026-07-03 10:44:00,-905287561,904463047122569711527,276314,276314,276314,276314,0,904463047122569711527,49992612313801321765719
2026-07-03 10:45:00,-498803551,498347238652595136033,276314,276314,276314,276314,200195597,698362500208001664762,49992612313801321765719
2026-07-03 10:47:00,-109221423,109121941571928321594,276314,276314,276314,276314,0,109121941571928321594,49992612313801321765719
2026-07-03 10:48:00,-101035814699,100943585603333483566378,276314,276314,276314,276314,0,100943585603333483566378,49992612313801321765719
2026-07-03 10:49:00,39680423893,-39644550000000000000000,276314,276314,276314,276314,39680423893,0,49992612313801321765719
2026-07-03 10:50:00,-94838533137,94751688355054839190258,276314,276314,276314,276314,5210481068,99957442628054839190258,49992612313801321765719
2026-07-03 10:51:00,80840182049,-80766985166016709747730,276314,276314,276314,276314,80840182049,0,49992612313801321765719
2026-07-03 10:55:00,1696838552,-1695306151361530434780,276314,276314,276314,276314,1817536696,120587854638469565220,49992612313801321765719
2026-07-03 10:57:00,1577906172,-1576480160000000000000,276314,276314,276314,276314,1577906172,0,49992612313801321765719
2026-07-03 11:03:00,-323949402098,323651300759838606961310,276314,276314,276314,276314,1346597902,324996681769838606961310,49992612313801321765719
2026-07-03 11:08:00,-4994519224,4989890609020159998517,276314,276314,276314,276314,0,4989890609020159998517,49992612313801321765719
2026-07-03 11:09:00,1001528116,-1000609887600197035510,276314,276314,276314,276314,1001528116,0,49992612313801321765719
2026-07-03 11:10:00,-28575304,28548820310885392971,276314,276314,276314,276314,0,28548820310885392971,49992612313801321765719
2026-07-03 11:12:00,-61449121856,61392095404515736296332,276314,276314,276314,276314,0,61392095404515736296332,49992612313801321765719
2026-07-03 11:13:00,-4901440327,4896885160537544128363,276314,276314,276314,276314,0,4896885160537544128363,49992612313801321765719
2026-07-03 11:14:00,-124697816685,124581605649898603597751,276314,276314,276314,276314,0,124581605649898603597751,49992612313801321765719
2026-07-03 11:17:00,-29219940221,29192619117725209481024,276314,276314,276314,276314,0,29192619117725209481024,49992612313801321765719
2026-07-03 11:18:00,164599989360,-164448651818234041966349,276314,276314,276314,276314,212287772813,47643410040765958033651,49992612313801321765719
2026-07-03 11:19:00,-75534882750,75463237464666660025904,276314,276314,276314,276314,135888059180,211226514125843954265824,49992612313801321765719
2026-07-03 11:21:00,114715308294,-114609847151536861878279,276314,276314,276314,276314,119648457518,4928551607463138121721,49992612313801321765719
2026-07-03 11:22:00,-110482978255,110380266077760516826569,276314,276314,276314,276314,0,110380266077760516826569,49992612313801321765719
2026-07-03 11:23:00,4604574365,-4600329918284424806425,276314,276314,276314,276314,4604574365,0,49992612313801321765719
2026-07-03 11:24:00,-143070388,142937089964550652710,276314,276314,276314,276314,0,142937089964550652710,49992612313801321765719
2026-07-03 11:28:00,4397166909,-4393114414016738534391,276314,276314,276314,276314,4397166909,0,49992612313801321765719
2026-07-03 11:29:00,-4631394712,4627079862658074049667,276314,276314,276314,276314,19168108,4646230307658074049667,49992612313801321765719
2026-07-03 11:30:00,380350570,-380000000000000000000,276314,276314,276314,276314,380350570,0,49992612313801321765719
2026-07-03 11:35:00,14900223603,-14886495689532053977281,276314,276314,276314,276314,15014904343,114573892473957574449,49992612313801321765719
2026-07-03 11:36:00,-46354489803,46311286552526707003583,276314,276314,276314,276314,0,46311286552526707003583,49992612313801321765719
2026-07-03 11:37:00,31889436764,-31860024601347642680783,276314,276314,276314,276314,31889436764,0,49992612313801321765719
2026-07-03 11:38:00,14443307938,-14430000000000000000000,276314,276314,276314,276314,14443307938,0,49992612313801321765719
2026-07-03 11:39:00,-157209434854,157062553583930674439050,276314,276314,276314,276314,1090683105,158152232081930674439050,49992612313801321765719
2026-07-03 11:42:00,28200418313,-28174281600000000000000,276314,276314,276314,276314,28200418313,0,49992612313801321765719
2026-07-03 11:46:00,11806677583,-11795970192277760787310,276314,276314,276314,276314,34411529015,22583677489879451592512,49992612313801321765719
2026-07-03 11:47:00,50000,-49953710747050638,276314,276314,276314,276314,50000,0,49992612313801321765719
2026-07-03 11:48:00,235216354623,-234999700000961270869834,276314,276314,276314,276314,235216354623,0,49992612313801321765719
2026-07-03 11:49:00,-2994754924,2991980467015498501233,276314,276314,276314,276314,0,2991980467015498501233,49992612313801321765719
2026-07-03 11:52:00,-9930000,9920799518372800054,276314,276314,276314,276314,0,9920799518372800054,49992612313801321765719
2026-07-03 11:54:00,47694468631,-47650910197000824047507,276314,276314,276314,276314,58553621783,10849089802999175952493,49992612313801321765719
2026-07-03 11:56:00,-4005761870,4002057848038427356440,276314,276314,276314,276314,0,4002057848038427356440,49992612313801321765719
2026-07-03 11:58:00,78033971,-77962589533208781789,276314,276314,276314,276314,78033971,0,49992612313801321765719
2026-07-03 12:05:00,40368411,-40331484375000000000,276314,276314,276314,276314,40368411,0,49992612313801321765719
2026-07-03 12:12:00,-450000000000,449579818120603509205301,276314,276314,276314,276314,0,449579818120603509205301,49992612313801321765719
2026-07-03 12:13:00,39086347302,-39049920594680120097210,276314,276314,276314,276314,39086347302,0,49992612313801321765719
2026-07-03 12:15:00,167239284479,-167084114283000000000000,276314,276314,276314,276314,167239284479,0,49992612313801321765719
2026-07-03 12:17:00,79000000,-78926965193829879775,276314,276314,276314,276314,79000000,0,49992612313801321765719
2026-07-03 12:20:00,196663540,-196481727826543054850,276314,276314,276314,276314,196663540,0,49992612313801321765719
2026-07-03 12:21:00,32980302840,-32949834879000000000000,276314,276314,276314,276314,32980302840,0,49992612313801321765719
2026-07-03 12:22:00,12755447263,-12743675141000000000000,276314,276314,276314,276314,12755447263,0,49992612313801321765719
2026-07-03 12:24:00,45114010530,-45072426535316336874731,276314,276314,276314,276314,45114010530,0,49992612313801321765719
2026-07-03 12:25:00,51549041236,-51501625265000000000000,276314,276314,276314,276314,51549041236,0,49992612313801321765719
2026-07-03 12:26:00,-20456428728,20437420771459138969764,276314,276314,276314,276314,0,20437420771459138969764,49992612313801321765719
2026-07-03 12:28:00,13824563543,-13811854152586206452056,276314,276314,276314,276314,13824563543,0,49992612313801321765719
2026-07-03 12:29:00,95217160576,-95129831603000000000000,276314,276314,276314,276314,95217160576,0,49992612313801321765719
2026-07-03 12:30:00,160146062133,-160000000146000000000000,276314,276314,276314,276314,160146062133,0,49992612313801321765719
2026-07-03 12:31:00,-82423063097,82347192262054797177486,276314,276314,276314,276314,97268048,82444371907724897177486,49992612313801321765719
2026-07-03 12:32:00,-87290194694,87209548749828860740881,276314,276314,276314,276314,0,87209548749828860740881,49992612313801321765719
2026-07-03 12:34:00,-177283185740,177118458689528800520252,276314,276314,276314,276314,117464281,177235814584091413340494,49992612313801321765719
2026-07-03 12:37:00,20712656825,-20693553443987204772381,276314,276314,276314,276314,20712656825,0,49994200107223174671641
2026-07-03 12:38:00,-34105589233,34073776681624970160323,276314,276314,276314,276314,694352883,34767488491624970160323,49994200107223174671641
2026-07-03 12:39:00,-11889036620,11877938419922600717110,276314,276314,276314,276314,0,11877938419922600717110,49994200107223174671641
2026-07-03 12:41:00,-238461592,238238933988903819742,276314,276314,276314,276314,0,238238933988903819742,49994200107223174671641
2026-07-03 12:43:00,-4995435262,4990770380972477729517,276314,276314,276314,276314,0,4990770380972477729517,49994200107223174671641
2026-07-03 12:44:00,-54995435262,54944013052619833300959,276314,276314,276314,276314,0,54944013052619833300959,49994200107223174671641
2026-07-03 12:46:00,-8592060441,8584015720239035985624,276314,276314,276314,276314,0,8584015720239035985624,49994200107223174671641
2026-07-03 12:48:00,-183870247150,183697383150322193745547,276314,276314,276314,276314,0,183697383150322193745547,49994200107223174671641
2026-07-03 12:49:00,493503894,-493043054000000000000,276314,276314,276314,276314,493503894,0,49994200107223174671641
2026-07-03 12:51:00,49938527,-49891894297172670173,276314,276314,276314,276314,49938527,0,49994200107223174671641
2026-07-03 12:52:00,11729535253,-11718584944000000000000,276314,276314,276314,276314,11729535253,0,49994200107223174671641
2026-07-03 12:56:00,-186299689500,186123255365625040838594,276314,276314,276314,276314,0,186123255365625040838594,49994200107223174671641
2026-07-03 12:57:00,-1889671633,1887863907948108641247,276314,276314,276314,276314,1102828367,2989654653921419514170,49994200107223174671641
2026-07-03 13:10:00,8593848752,-8585764699000000000000,276314,276314,276314,276314,8593848752,0,49994200107223174671641
2026-07-03 13:15:00,2576471436,-2574048379000000000000,276314,276314,276314,276314,2576471436,0,49994200107223174671641
2026-07-03 13:16:00,33664982682,-33633346618216776124331,276314,276314,276314,276314,33664982682,0,49994200107223174671641
2026-07-03 13:17:00,138006884178,-137877667907921419514170,276314,276314,276314,276314,138006884178,0,49994200107223174671641
2026-07-03 13:19:00,66005097741,-65943577601080465077767,276314,276314,276314,276314,67172773263,1166573748919534922233,49994200107223174671641
2026-07-03 13:20:00,-4713152792,4708716599504286585377,276314,276314,276314,276314,114189031,4822799331630443875634,49994200107223174671641
2026-07-03 13:21:00,-9954909,9945540321030013307,276314,276314,276314,276314,0,9945540321030013307,49994200107223174671641
2026-07-03 13:24:00,28269625455,-28243319616000000000000,276314,276314,276314,276314,28269625455,0,49994200107223174671641
2026-07-03 13:25:00,16935328602,-16919585000000000000000,276314,276314,276314,276314,16935328602,0,49994200107223174671641
2026-07-03 13:26:00,-1457804,1456433998875914703,276314,276314,276314,276314,0,1456433998875914703,49994200107223174671641
2026-07-03 13:29:00,-74468811,74398862928519681336,276314,276314,276314,276314,0,74398862928519681336,49994200107223174671641
2026-07-03 13:35:00,13760784052,-13748000000000000000000,276314,276314,276314,276314,13760784052,0,49994200107223174671641
2026-07-03 13:36:00,99454475603,-99362305248000000000000,276314,276314,276314,276314,99454475603,0,49994200107223174671641
2026-07-03 13:37:00,-1145409770,1144339055687076546340,276314,276314,276314,276314,0,1144339055687076546340,49994200107223174671641
2026-07-03 13:40:00,41180133426,-41142083152000000000000,276314,276314,276314,276314,41180133426,0,49994200107223174671641
2026-07-03 13:42:00,-441538275332,441122297020102401663055,276314,276314,276314,276314,5663012168,446779980718102401663055,49994200107223174671641
2026-07-03 13:43:00,356918544643,-356585296705092671070156,276314,276314,276314,276314,357000323815,81701415907328929844,49994200107223174671641
2026-07-03 13:44:00,306132888135,-305851111532000000000000,276314,276314,276314,276314,306132888135,0,49994200107223174671641
2026-07-03 13:45:00,145415429797,-145283045324953797737388,276314,276314,276314,276314,160424429797,14995122460046202262612,49994200107223174671641
2026-07-03 13:46:00,102089793882,-101997252000490242041865,276314,276314,276314,276314,102089793882,0,49994200107223174671641
2026-07-03 13:47:00,-74093119,74025365605682710697,276314,276314,276314,276314,0,74025365605682710697,49994200107223174671641
2026-07-03 13:48:00,-21822899986,21802934958494256331580,276314,276314,276314,276314,0,21802934958494256331580,49994200107223174671641
2026-07-03 13:50:00,134837937078,-134716230000000000000000,276314,276314,276314,276314,134837937078,0,49994200107223174671641
2026-07-03 13:51:00,9698669957,-9689943770000000000000,276314,276314,276314,276314,9698669957,0,49994200107223174671641
2026-07-03 13:53:00,139323746,-139203704754240910440,276314,276314,276314,276314,668188581,528383825707499542259,49994200107223174671641
2026-07-03 13:54:00,-52650000000,52602058295464600854096,276314,276314,276314,276314,0,52602058295464600854096,49994200107223174671641
2026-07-03 13:56:00,2808683154,-2806150907000000000000,276314,276314,276314,276314,2808683154,0,49994200107223174671641
2026-07-03 13:57:00,319105341849,-318820838337374291957800,276315,276315,276315,276315,433505341849,114297442738625708042200,49994200017792782381202
2026-07-03 13:58:00,-149400000000,149265278693328253000729,276315,276315,276315,276315,0,149265278693328253000729,49994200017792782381202
2026-07-03 13:59:00,46878762830,-46836862317000000000000,276315,276315,276315,276315,46878762830,0,49994200017792782381202
2026-07-03 14:00:00,18691682453,-18675000200319720372235,276315,276315,276315,276315,18691682453,0,49994200017792782381202
2026-07-03 14:03:00,122102161095,-121993528800000000000000,276315,276315,276315,276315,122102161095,0,49994200017792782381202
2026-07-03 14:05:00,386693405475,-386353300868082256341913,276315,276315,276315,276315,386693405475,0,49994200017792782381202
2026-07-03 14:06:00,1208580067,-1207526462160000000000,276315,276315,276315,276315,1208580067,0,49994200017792782381202
2026-07-03 14:07:00,402964838883,-402616873003793725578509,276315,276315,276315,276315,410354365731,7383126996206274421491,49994200017792782381202
2026-07-03 14:08:00,253947840392,-253732373910054553801864,276315,276315,276315,276315,307503932632,53509984291772952221963,49994200017792782381202
2026-07-03 14:09:00,180908895934,-180756592420584867563767,276315,276315,276315,276315,181052022923,143005579415132436233,49994200017792782381202
2026-07-03 14:11:00,61534262722,-61482755823000000000000,276315,276315,276315,276315,61534262722,0,49994200017792782381202
2026-07-03 14:13:00,469464331973,-469076349620000000000000,276315,276315,276315,276315,469464331973,0,49994200017792782381202
2026-07-03 14:15:00,-68029318878,67972962820193266139726,276315,276315,276315,276315,0,67972962820193266139726,49994200017792782381202
2026-07-03 14:16:00,-23682905629,23663243120051066751169,276315,276315,276315,276315,0,23663243120051066751169,49994200017792782381202
2026-07-03 14:17:00,6797084618,-6791681895126837860646,276315,276315,276315,276315,24298455474,17486826108873162139354,49994200017792782381202
2026-07-03 14:18:00,1001431492,-1000609887600197035511,276315,276315,276315,276315,1001431492,0,49994200017792782381202
2026-07-03 14:19:00,-16130208516,16116808006167516075416,276315,276315,276315,276315,75227260,16191973501317755224639,49994200017792782381202
2026-07-03 14:21:00,-18871107902,18855418018080857032676,276315,276315,276315,276315,0,18855418018080857032676,49994200017792782381202
2026-07-03 14:22:00,-1128240000,1127301503128851549827,276315,276315,276315,276315,0,1127301503128851549827,49994200017792782381202
2026-07-03 14:23:00,300244956543,-300000000000000000000000,276315,276315,276315,276315,300244956543,0,49994200017792782381202
2026-07-03 14:24:00,-5818101463,5813330818999198660235,276315,276315,276315,276315,0,5813330818999198660235,49994200017792782381202
2026-07-03 14:25:00,-11000000000,10990976683584471376297,276315,276315,276315,276315,0,10990976683584471376297,49994200017792782381202
2026-07-03 14:27:00,-118053139498,117955389467131658266298,276315,276315,276315,276315,60699590736,178605846966131658266298,49994200017792782381202
2026-07-03 14:28:00,490043031794,-489648326157326520770788,276316,276315,276315,276316,490297404421,254162775673479229212,49994200017792783380801
2026-07-03 14:29:00,-43188165943,43153331070877197033097,276315,276315,276315,276315,271585610,43424700120906004250815,49994200017792782381202
2026-07-03 14:31:00,-18919557044,18904274550994007133632,276315,276315,276315,276315,0,18904274550994007133632,49994200017792782381202
2026-07-03 14:32:00,-35011047535,34982729232395384795717,276315,276315,276315,276315,0,34982729232395384795717,49994200017792782381202
2026-07-03 14:37:00,-150451758,150329960319081652006,276315,276315,276315,276315,0,150329960319081652006,49994200017792782381202
2026-07-03 14:38:00,374442279880,-374146528271811073876478,276316,276316,276316,276316,457861896394,83353471728188926123522,49994200017792783380801
2026-07-03 14:39:00,-67760492407,67706559337501594468100,276316,276316,276316,276316,0,67706559337501594468100,49994200017792783380801
2026-07-03 14:42:00,-195802010,195645897158072675807,276316,276316,276316,276316,0,195645897158072675807,49994200017792783380801
2026-07-03 14:46:00,-42660231071,42626181780005994423831,276316,276316,276316,276316,0,42626181780005994423831,49994200017792783380801
2026-07-03 14:47:00,-142823350640,142708355855677035725271,276316,276316,276316,276316,47135928234,189806779952677035725271,49994200017792783380801
2026-07-03 14:49:00,515475321,-515065670000000000000,276316,276316,276316,276316,515475321,0,49994200017792783380801
2026-07-03 14:51:00,10000000009,-9992055037998319796224,276316,276316,276316,276316,10000000009,0,49994200017792783380801
2026-07-03 14:53:00,-6903852100,6898298451651635564483,276316,276316,276316,276316,0,6898298451651635564483,49994200017792783380801
2026-07-03 14:54:00,34337283,-34310000000000000000,276316,276316,276316,276316,34337283,0,49994200017792783380801
2026-07-03 14:55:00,200158239706,-200000000000000000000000,276316,276316,276316,276316,200158239706,0,49994200017792783380801
2026-07-03 14:56:00,172318365747,-172183879326000017926962,276316,276316,276316,276316,218505462494,46150630914999982073038,49994200017792783380801
2026-07-03 14:57:00,-9752685348,9744981937812460755529,276316,276316,276316,276316,0,9744981937812460755529,49994200017792783380801
2026-07-03 14:59:00,-146820421311,146703992150598940263092,276316,276316,276316,276316,0,146703992150598940263092,49994200017792783380801
2026-07-03 15:00:00,-53552467781,53509786089708680384740,276316,276316,276316,276316,0,53509786089708680384740,49994200017792783380801
2026-07-03 15:01:00,78865204,-78803052503361104481,276316,276316,276316,276316,78865204,0,49994200017792783380801
2026-07-03 15:03:00,19927930911,-19912234009000000000000,276316,276316,276316,276316,19927930911,0,49994200017792783380801
2026-07-03 15:05:00,150684103,-150565472741007171892,276316,276316,276316,276316,150684103,0,49994200017792783380801
2026-07-03 15:06:00,-126852632163,126751174698753621489919,276316,276316,276316,276316,0,126751174698753621489919,49994200017792783380801
2026-07-03 15:07:00,1424850890,-1423721953000000000000,276316,276316,276316,276316,1424850890,0,49994200017792783380801
2026-07-03 15:10:00,-1578067074,1576800966037295411693,276316,276316,276316,276316,0,1576800966037295411693,49994200017792783380801
2026-07-03 15:12:00,140093460276,-139982848751607419116523,276316,276316,276316,276316,140093460276,0,49994200017792783380801
2026-07-03 15:13:00,225735711342,-225559136094988972522298,276316,276316,276316,276316,226307102968,570938120011027477702,49994200017792783380801
2026-07-03 15:15:00,354007156,-353731835054475612610,276316,276316,276316,276316,354007156,0,49994200017792783380801
2026-07-03 15:16:00,-24932579446,24912791434809023979036,276316,276316,276316,276316,13594181866,38496404493809023979036,49994200017792783380801
2026-07-03 15:17:00,19996442225,-19980878613000000000000,276316,276316,276316,276316,19996442225,0,49994200017792783380801
2026-07-03 15:19:00,-5600000000,5595587067462280098240,276316,276316,276316,276316,0,5595587067462280098240,49994200017792783380801
2026-07-03 15:20:00,-3169014084,3166516269781768760835,276316,276316,276316,276316,0,3166516269781768760835,49994200017792783380801
2026-07-03 15:21:00,-862079512,861398772731593795362,276316,276316,276316,276316,117991373,979298312359301556122,49994200017792783380801
2026-07-03 15:22:00,1501329425,-1500160979252291712584,276316,276316,276316,276316,1501329425,0,49994200017792783380801
2026-07-03 15:24:00,204559657215,-204401295815000000000000,276316,276316,276316,276316,204559657215,0,49994200017792783380801
2026-07-03 15:25:00,-10759949946,10751126608550275798748,276316,276316,276316,276316,42791626667,53509745720096741707221,49994200017792783380801
2026-07-03 15:26:00,61699643738,-61652180187000000000000,276316,276316,276316,276316,61699643738,0,49994200017792783380801
2026-07-03 15:27:00,22301382454,-22284264146000000000000,276316,276316,276316,276316,22301382454,0,49994200017792783380801
2026-07-03 15:28:00,10062788018,-10055070434000000000000,276316,276316,276316,276316,10062788018,0,49994200017792783380801
2026-07-03 15:29:00,19145578079,-19130905686000000000000,276316,276316,276316,276316,19145578079,0,49994200017792783380801
2026-07-03 15:30:00,-137467098,137360426723642188460,276316,276316,276316,276316,0,137360426723642188460,49994200017792783380801
2026-07-03 15:31:00,-135000000000,134894879299556624086373,276316,276316,276316,276316,0,134894879299556624086373,49994200017792783380801
2026-07-03 15:33:00,-258000000000,257797076932755671455811,276316,276316,276316,276316,0,257797076932755671455811,49994200017792783380801
2026-07-03 15:34:00,491058692688,-490679656773000000000000,276316,276316,276316,276316,491058692688,0,49994200017792783380801
2026-07-03 15:38:00,19204147546,-19189520125000000000000,276316,276316,276316,276316,19204147546,0,49994200017792783380801
2026-07-03 15:39:00,-311862771261,311620291811845472094705,276316,276316,276316,276316,0,311620291811845472094705,49994200017792783380801
2026-07-03 15:40:00,183331292234,-183190109663000000000000,276316,276316,276316,276316,183331292234,0,49994200017792783380801
2026-07-03 15:43:00,9607361550,-9600000000000000000000,276316,276316,276316,276316,9607361550,0,49994200017792783380801
2026-07-03 15:50:00,270562500,-270355237431561385232,276316,276316,276316,276316,270562500,0,49994200017792783380801
2026-07-03 15:53:00,1013773541,-1012996973102244221324,276316,276316,276316,276316,1013773541,0,49994200017792783380801
2026-07-03 15:56:00,-850273316,849613497656061556799,276316,276316,276316,276316,0,849613497656061556799,49994200017792783380801
2026-07-03 16:00:00,91637400089,-91567370750000000000000,276316,276316,276316,276316,91637400089,0,49994200017792783380801
2026-07-03 16:01:00,411035001476,-410725301173688679396694,276316,276316,276316,276316,439529221157,28472696055311320603306,49994200017792783380801
2026-07-03 16:02:00,321189896013,-320952367248000000000000,276316,276316,276316,276316,321189896013,0,49994200017792783380801
2026-07-03 16:04:00,87119579661,-87055863065000000000000,276316,276316,276316,276316,87119579661,0,49994200017792783380801
2026-07-03 16:05:00,84595400982,-84533820734446426550919,276316,276316,276316,276316,84595400982,0,49994200017792783380801
2026-07-03 16:07:00,69901598482,-69850930200000000000000,276316,276316,276316,276316,69901598482,0,49994200017792783380801
2026-07-03 16:08:00,-1000000000,999266532390874417874,276316,276316,276316,276316,0,999266532390874417874,49994200017792783380801
2026-07-03 16:09:00,-7145514148,7140271981463885001728,276316,276316,276316,276316,0,7140271981463885001728,49994200017792783380801
2026-07-03 16:12:00,248093899254,-247915563576720746394409,276316,276316,276316,276316,248093899254,0,49994200017792783380801
2026-07-03 16:13:00,-2031940475,2030469552718199840406,276316,276316,276316,276316,0,2030469552718199840406,49994200017792783380801
2026-07-03 16:14:00,-5549058875,5545041071025093496239,276316,276316,276316,276316,0,5545041071025093496239,49994200017792783380801
2026-07-03 16:15:00,270191503759,-270000000000000000000000,276316,276316,276316,276316,270191503759,0,49994200017792783380801
2026-07-03 16:16:00,-54048872085,54010257157294355973653,276316,276316,276316,276316,0,54010257157294355973653,49994200017792783380801
2026-07-03 16:17:00,-10039500000,10032314476551353121511,276316,276316,276316,276316,0,10032314476551353121511,49994200017792783380801
2026-07-03 16:18:00,-30000000000,29978504243966545770216,276316,276316,276316,276316,0,29978504243966545770216,49994200017792783380801
2026-07-03 16:19:00,-28927000000,28906239016679699269368,276316,276316,276316,276316,0,28906239016679699269368,49994200017792783380801
2026-07-03 16:22:00,2598703541,-2596863047000000000000,276316,276316,276316,276316,2598703541,0,49994200017792783380801
2026-07-03 16:24:00,560985183,-560587909607377635654,276316,276316,276316,276316,560985183,0,49994200017792783380801
2026-07-03 16:25:00,42141767977,-42111960288000000000000,276316,276316,276316,276316,42141767977,0,49994200017792783380801
2026-07-03 16:27:00,142474664379,-142374889492586179259472,276316,276316,276316,276316,189971889733,47463510509045792357999,49994200017792783380801
2026-07-03 16:29:00,3750000,-3747372061300586708,276316,276316,276316,276316,3750000,0,49994200017792783380801
2026-07-03 16:30:00,42664434980,-42634572816000000000000,276316,276316,276316,276316,42664434980,0,49994200017792783380801
2026-07-03 16:31:00,19871578680,-19857694775000000000000,276316,276316,276316,276316,19871578680,0,49994200017792783380801
2026-07-03 16:34:00,150124041700,-150019662737000000000000,276317,276317,276317,276317,150124041700,0,49994200017792784380449
2026-07-03 16:35:00,199167820023,-199030881633682161099556,276317,276317,276317,276317,214167820023,14989589713317838900444,49994200017792784380449
2026-07-03 16:36:00,317670963488,-317456124663386624991236,276317,276317,276317,276317,371218183703,53510778459613375008764,49994200017792784380449
2026-07-03 16:37:00,23194865484,-23179297860000000000000,276317,276317,276317,276317,23194865484,0,49994200017792784380449
2026-07-03 16:38:00,25541369069,-25524251423000000000000,276317,276317,276317,276317,25541369069,0,49994200017792784380449
2026-07-03 16:39:00,4242909464,-4240068421637940991550,276317,276317,276317,276317,4242909464,0,49994200017792784380449
2026-07-03 16:41:00,209823131347,-209683531757000000000000,276317,276317,276317,276317,209823131347,0,49994200017792784380449
2026-07-03 16:42:00,27800000,-27781620669416689254,276317,276317,276317,276317,27800000,0,49994200017792784380449
2026-07-03 16:44:00,-70840477751,70792835023904151134779,276317,276317,276317,276317,0,70792835023904151134779,49994200017792784380449
2026-07-03 16:47:00,173594713992,-173483882469634237878847,276317,276317,276317,276317,556432329610,382576673225348504153537,49994200017792784380449
2026-07-03 16:48:00,519769072616,-519433030012142456822830,276317,276317,276317,276317,525514162140,5741377473857543177170,49994200017792784380449
2026-07-03 16:50:00,-19762814647,19750035311472953727261,276317,276317,276317,276317,0,19750035311472953727261,49994200017792784380449
2026-07-03 16:51:00,-132716000000,132629776762848646756710,276317,276317,276317,276317,0,132629776762848646756710,49994200017792784380449
2026-07-03 16:54:00,-59873324,59834265870164658785,276317,276317,276317,276317,0,59834265870164658785,49994200017792784380449
2026-07-03 16:55:00,-7000000000,6995432663725243334892,276317,276317,276317,276317,0,6995432663725243334892,49994200017792784380449
2026-07-03 16:57:00,-6455170800,6450957216283851056826,276317,276317,276317,276317,0,6450957216283851056826,49994200017792784380449
2026-07-03 16:59:00,-57437071970,57399506848127125594620,276317,276317,276317,276317,0,57399506848127125594620,49994200017792784380449
2026-07-03 17:00:00,-258238935831,258068227022008723142137,276317,276317,276317,276317,18595388201,276651502873876063935091,49994200017792784380449
2026-07-03 17:01:00,-40401429038,40374087155890769562028,276317,276317,276317,276317,42277748434,82624087155890769562028,49994200017792784380449
2026-07-03 17:02:00,201128801,-200996638208090955168,276317,276317,276317,276317,201128801,0,49994200017792784380449
2026-07-03 17:03:00,-353400000000,353161752309265481268107,276317,276317,276317,276317,0,353161752309265481268107,49994200017792784380449
2026-07-03 17:04:00,12083791141,-12075683091000000000000,276317,276317,276317,276317,12083791141,0,49994200017792784380449
2026-07-03 17:05:00,-20799578670,20785410973518862930083,276317,276317,276317,276317,0,20785410973518862930083,49994200017792784380449
2026-07-03 17:08:00,-204966497,204826797252414248048,276317,276317,276317,276317,0,204826797252414248048,49994200017792784380449
2026-07-03 17:09:00,2374872267,-2373277455000000000000,276317,276317,276317,276317,2374872267,0,49994200017792784380449
2026-07-03 17:11:00,394155427,-393890760136540760810,276317,276317,276317,276317,394155427,0,49994200017792784380449
2026-07-03 17:12:00,-2112544,2111103935615148544,276317,276317,276317,276317,0,2111103935615148544,49994200017792784380449
2026-07-03 17:13:00,-270873335623,270687278473760063842814,276317,276317,276317,276317,0,270687278473760063842814,49994200017792784380449
2026-07-03 17:14:00,-125000000000,124913151380392713812509,276317,276317,276317,276317,0,124913151380392713812509,49994200017792784380449
2026-07-03 17:22:00,540371387,-540000000000000000000,276317,276317,276317,276317,540371387,0,49994200017792784380449
2026-07-03 17:24:00,-266280784626,266093699562964089353438,276316,276316,276316,276316,0,266093699562964089353438,49994200017792783380801
2026-07-03 17:26:00,50034869975,-50000000000000000000000,276317,276317,276317,276317,50034869975,0,49994200017792784380449
2026-07-03 17:27:00,-16856159759,16844255204726333957700,276317,276317,276317,276317,0,16844255204726333957700,49994200017792784380449
2026-07-03 17:28:00,-39939570136,39911317745159718824598,276316,276316,276316,276316,0,39911317745159718824598,49994200017792783380801
2026-07-03 17:29:00,7824657461,-7819195639000000000000,276316,276316,276316,276316,7824657461,0,49994200017792783380801
2026-07-03 17:30:00,3118584423,-3116408249000000000000,276316,276316,276316,276316,3118584423,0,49994200017792783380801
2026-07-03 17:39:00,9740500301,-9733705802000000000000,276317,276317,276317,276317,9740500301,0,49994200017792784380449
2026-07-03 17:40:00,200137510,-199997944102826197163,276317,276317,276317,276317,200137510,0,49994200017792784380449
2026-07-03 17:42:00,150032569832,-149928394569000000000000,276317,276317,276317,276317,150032569832,0,49994200017792784380449
2026-07-03 17:43:00,-8944767,8938493344262034103,276317,276317,276317,276317,0,8938493344262034103,49994200017792784380449
2026-07-03 17:45:00,20255805136,-20241809414000000000000,276317,276317,276317,276317,20255805136,0,49994200017792784380449
2026-07-03 17:48:00,425280590,-424986919340106450731,276317,276317,276317,276317,425280590,0,49994200017792784380449
2026-07-03 17:50:00,-23164228,23148000000000000000,276317,276317,276317,276317,0,23148000000000000000,49994200017792784380449
2026-07-03 17:51:00,-4743793073,4740469496689201303263,276317,276317,276317,276317,0,4740469496689201303263,49994200017792784380449
2026-07-03 18:01:00,1732193723,-1730997327000000000000,276317,276317,276317,276317,1732193723,0,49994200017792784380449
2026-07-03 18:09:00,8992331343,-8986122421000000000000,276317,276317,276317,276317,8992331343,0,49994200017792784380449
2026-07-03 18:17:00,1085170177,-1084421120000000000000,276317,276317,276317,276317,1085170177,0,50004905550698072506424
2026-07-03 18:18:00,27609495681,-27590453578000000000000,276317,276317,276317,276317,27609495681,0,50004905550698072506424
2026-07-03 18:20:00,-7351264745,7346124134505930574179,276317,276317,276317,276317,0,7346124134505930574179,50004905550698072506424
2026-07-03 18:22:00,-124783365396,124695777204338877266078,276317,276317,276317,276317,0,124695777204338877266078,50004905550698072506424
2026-07-03 18:23:00,1491035363,-1490000000000000000000,276317,276317,276317,276317,1491035363,0,50004905550698072506424
2026-07-03 18:24:00,5016391911,-5012909221847178445895,276317,276317,276317,276317,5016391911,0,50004905550698072506424
2026-07-03 18:25:00,-70000000000,69950611277085572894627,276317,276317,276317,276317,0,69950611277085572894627,50004905550698072506424
2026-07-03 18:26:00,320273786,-320050571249564664501,276317,276317,276317,276317,320273786,0,50004905550698072506424
2026-07-03 18:28:00,48861191332,-48827185425992335297780,276317,276317,276317,276317,48861191332,0,50004905550698072506424
2026-07-03 18:29:00,4827916902,-4824561997018051270544,276317,276317,276317,276317,4827916902,0,50004905550698072506424
2026-07-03 18:31:00,21571922374,-21556943485421894941772,276317,276317,276317,276317,21571922374,0,50004905550698072506424
2026-07-03 18:32:00,17503350,-17491203753110369161,276317,276317,276317,276317,17503350,0,50004905550698072506424
2026-07-03 18:40:00,-100784244117,100713096037387979934046,276316,276317,276316,276317,0,100713096037387979934046,50004905550698071506776
2026-07-03 18:41:00,-96630532576,96561935704232030254286,276316,276316,276316,276316,0,96561935704232030254286,50004905550698071506776
2026-07-03 18:42:00,1136422869,-1135625325000000000000,276316,276316,276316,276316,1136422869,0,50004905550698071506776
2026-07-03 18:45:00,47593614330,-47560259328000000000000,276316,276316,276316,276316,47593614330,0,50004905550698071506776
2026-07-03 18:46:00,128490979,-128401051834662621530,276316,276316,276316,276316,128490979,0,50004905550698071506776
2026-07-03 18:47:00,38629884508,-38602878288000000000000,276316,276316,276316,276316,38629884508,0,50004905550698071506776
2026-07-03 18:48:00,-750253507850,749710594374766201958433,276316,276316,276316,276316,24746492150,774439051301111656288366,50004905550698071506776
2026-07-03 18:50:00,-231469545956,231296125188957502199199,276316,276316,276316,276316,145817220607,377005378916417551205042,50004905550698071506776
2026-07-03 18:51:00,52684074020,-52645272195000000000000,276316,276316,276316,276316,52684074020,0,50004905550698071506776
2026-07-03 18:53:00,31689878727,-31666592541000000000000,276316,276316,276316,276316,31689878727,0,50004905550698071506776
2026-07-03 18:54:00,64531097193,-64483802834723859803968,276316,276316,276316,276316,64531097193,0,50004905550698071506776
2026-07-03 18:55:00,-869927415443,869266912202017275369648,276316,276316,276316,276316,25177178813,894425683967017275369648,50004905550698071506776
2026-07-03 18:56:00,381136935565,-380847750000000000000000,276316,276316,276316,276316,381136935565,0,50004905550698071506776
2026-07-03 18:57:00,204229741639,-204077171482968802154514,276316,276316,276316,276316,204229741639,0,50004905550698071506776
2026-07-03 18:58:00,-650000000000,649502133554422252613561,276316,276316,276316,276316,0,649502133554422252613561,50004905550698071506776
2026-07-03 19:00:00,-587548404,587090735604020330360,276316,276316,276316,276316,0,587090735604020330360,50004905550698071506776
2026-07-03 19:02:00,899611902,-898920150762474303601,276316,276316,276316,276316,899611902,0,50004905550698071506776
2026-07-03 19:04:00,69507615264,-69454265467000000000000,276316,276316,276316,276316,69507615264,0,50004905550698071506776
2026-07-03 19:05:00,19290741037,-19275968860859457611265,276316,276316,276316,276316,19290741037,0,50004905550698071506776
2026-07-03 19:06:00,214587032299,-214424710762185247122430,276316,276316,276316,276316,314587032299,99922263039882280807426,50004905550698071506776
2026-07-03 19:07:00,374035703691,-373757321755301424020468,276316,276316,276316,276316,563805203691,189624574737038526005065,50004905550698071506776
2026-07-03 19:08:00,74446749092,-74391630455000000000000,276316,276316,276316,276316,74446749092,0,50004905550698071506776
2026-07-03 19:14:00,276956217760,-276753109954000000000000,276316,276316,276316,276316,276956217760,0,50004905550698071506776
2026-07-03 19:16:00,-92867939,92799418595749861558,276316,276316,276316,276316,0,92799418595749861558,50004905550698071506776
2026-07-03 19:18:00,-590291935,589856397706895732488,276316,276316,276316,276316,0,589856397706895732488,50004905550698071506776
2026-07-03 19:21:00,-26752805312,26733051601263169003749,276316,276316,276316,276316,0,26733051601263169003749,50004905550698071506776
2026-07-03 19:22:00,-1012000000,1011252199166325383698,276316,276316,276316,276316,0,1011252199166325383698,50004905550698071506776
2026-07-03 19:24:00,32500000,-32476308783391896586,276316,276316,276316,276316,32500000,0,50004905550698071506776
2026-07-03 19:25:00,50000000,-49963552056850588836,276316,276316,276316,276316,50000000,0,50004905550698071506776
2026-07-03 19:27:00,-48829919009,48793788483572404318261,276316,276316,276316,276316,0,48793788483572404318261,50004905550698071506776
2026-07-03 19:28:00,8214559877,-8208557132533899666540,276316,276316,276316,276316,8214559877,0,50004905550698071506776
2026-07-03 19:32:00,10461557830,-10453917005497719032630,276316,276316,276316,276316,10461557830,0,50013783018958239786724
2026-07-03 19:33:00,-870590386,869945998714941331922,276316,276316,276316,276316,0,869945998714941331922,50014669625452231215399
2026-07-03 19:34:00,930657783,-929978943505255169114,276316,276316,276316,276316,1001341044,70630944094941866397,50014669625452231215399
2026-07-03 19:35:00,-1574276937,1573111681226061340171,276316,276316,276316,276316,0,1573111681226061340171,50014669625452231215399
2026-07-03 19:37:00,-840000000000,839364126803541358395407,276316,276316,276316,276316,0,839364126803541358395407,50014669625452231215399
2026-07-03 19:38:00,68632294650,-68579969066000000000000,276316,276316,276316,276316,68632294650,0,50014669625452231215399
2026-07-03 19:39:00,-82241902230,82178356472971126579881,276316,276316,276316,276316,0,82178356472971126579881,50014669625452231215399
2026-07-03 19:46:00,-35000000000,34972874640169435882573,276316,276316,276316,276316,0,34972874640169435882573,50014669625452231215399
2026-07-03 19:47:00,140715188987,-140607836428000000000000,276316,276316,276316,276316,140715188987,0,50014669625452231215399
2026-07-03 19:48:00,-5323241974,5319124214632509465844,276316,276316,276316,276316,1783672815,7101441330632509465844,50014669625452231215399
2026-07-03 19:49:00,-680689316083,680153335727428581062760,276316,276316,276316,276316,239310683917,919274419550428581062760,50014669625452231215399
2026-07-03 19:50:00,194500512171,-194348099135000000000000,276316,276316,276316,276316,194500512171,0,50014669625452231215399
2026-07-03 19:51:00,25178052300,-25159032455520066875814,276316,276316,276316,276316,85178052300,59952749008479933124186,50014669625452231215399
2026-07-03 19:53:00,-57102491313,57057385615959271949950,276316,276316,276316,276316,300355403,57357506438936995176390,50014669625452231215399
2026-07-03 19:54:00,106175344426,-106092646265696666506313,276316,276316,276316,276316,106175344426,0,50014669625452231215399
2026-07-03 19:55:00,300581751738,-300350075463454031573037,276316,276316,276316,276316,300581751738,0,50014669625452231215399
2026-07-03 19:56:00,-153996092486,153876310560990950384200,276316,276316,276316,276316,0,153876310560990950384200,50014669625452231215399
2026-07-03 19:57:00,-18076331677,18060028328199192110497,276316,276316,276316,276316,218271111366,236161776491133556202095,50014669625452231215399
2026-07-03 19:59:00,59352991908,-59307263740826492060910,276316,276316,276316,276316,59352991908,0,50014669625452231215399
2026-07-03 20:00:00,42680296126,-42647500310000000000000,276316,276316,276316,276316,42680296126,0,50014669625452231215399
2026-07-03 20:01:00,85195399358,-85130152233788939369483,276316,276316,276316,276316,85195399358,0,50014669625452231215399
2026-07-03 20:03:00,224822952148,-224652165136160985746108,276316,276316,276316,276316,225049965361,226839510839014253892,50014669625452231215399
2026-07-03 20:06:00,-37800000,37771076785774827962,276316,276316,276316,276316,0,37771076785774827962,50014669625452231215399
2026-07-03 20:08:00,1928511417,-1927055975239096608633,276316,276316,276316,276316,2012733105,84157250237603603332,50014669625452231215399
2026-07-03 20:09:00,83107925028,-83045308533603309210013,276316,276316,276316,276316,83107925028,0,50014669625452231215399
2026-07-03 20:11:00,34946371,-34920099527790307374,276316,276316,276316,276316,34946371,0,50014669625452231215399
2026-07-03 20:12:00,1112024683,-1111188716213908071251,276316,276316,276316,276316,1112024683,0,50014669625452231215399
2026-07-03 20:14:00,21239038883,-21223081863000000000000,276316,276316,276316,276316,21239038883,0,50014669625452231215399
2026-07-03 20:15:00,-64144877389,64095989018046975043183,276316,276316,276316,276316,0,64095989018046975043183,50014669625452231215399
2026-07-03 20:17:00,-42152165070,42119949082565437336167,276316,276316,276316,276316,0,42119949082565437336167,50014669625452231215399
2026-07-03 20:18:00,-42152380777,42120093654590152934015,276316,276316,276316,276316,0,42120093654590152934015,50014669625452231215399
2026-07-03 20:19:00,2001514689,-2000000000000000000000,276316,276316,276316,276316,2001514689,0,50014669625452231215399
2026-07-03 20:20:00,8572030267,-8565545010000000000000,276316,276316,276316,276316,8572030267,0,50014669625452231215399
2026-07-03 20:21:00,-121824484888,121730824460556362624043,276316,276316,276316,276316,0,121730824460556362624043,50014669625452231215399
2026-07-03 20:22:00,-835601241898,834942798557713869521961,276316,276316,276316,276316,4398758102,839338208469713869521961,50014669625452231215399
2026-07-03 20:24:00,-878998804440,878276103270826472924671,276315,276316,276315,276316,1001195560,879276503270826472924671,50014669625452230215800
2026-07-03 20:25:00,30925641038,-30900000000000000000000,276315,276315,276315,276315,30925641038,0,50014669625452230215800
2026-07-03 20:26:00,-30565630735,30539983004269178444843,276315,276315,276315,276315,0,30539983004269178444843,50014669625452230215800
2026-07-03 20:27:00,-2457884065,2455820023290331316279,276315,276315,276315,276315,0,2455820023290331316279,50014669625452230215800
2026-07-03 20:28:00,-997645905,996808049257043390767,276315,276315,276315,276315,0,996808049257043390767,50014669625452230215800
2026-07-03 20:29:00,5504631962,-5500064492028056283711,276315,276315,276315,276315,5504631962,0,50014669625452230215800
2026-07-03 20:30:00,990882449,-990060393000000000000,276315,276315,276315,276315,990882449,0,50014669625452230215800
2026-07-03 20:33:00,4489323944,-4485600000000000000000,276315,276315,276315,276315,4489323944,0,50014669625452230215800
2026-07-03 20:34:00,17296506650,-17282166529000000000000,276315,276315,276315,276315,17296506650,0,50014669625452230215800
2026-07-03 20:35:00,7541637319,-7535409815430016534886,276315,276315,276315,276315,9677928249,2134499747569983465114,50014669625452230215800
2026-07-03 20:36:00,6967853650,-6962094662296827872920,276315,276315,276315,276315,8210421311,1241526050616184690148,50014669625452230215800
2026-07-03 20:37:00,1759379634,-1757922664000000000000,276315,276315,276315,276315,1759379634,0,50014669625452230215800
2026-07-03 20:38:00,-63489199317,63435910259631750603774,276315,276315,276315,276315,0,63435910259631750603774,50014669625452230215800
2026-07-03 20:39:00,317886266684,-317624242997000000000000,276315,276315,276315,276315,317886266684,0,50014669625452230215800
2026-07-03 20:40:00,95879104254,-95800866331915000000000,276315,276315,276315,276315,95879104254,0,50014669625452230215800
2026-07-03 20:42:00,-10098474157,10090150137392657411050,276315,276315,276315,276315,0,10090150137392657411050,50014669625452230215800
2026-07-03 20:43:00,-4008973655,4005572047748039875072,276315,276315,276315,276315,9601685555,13599436285429398170112,50014669625452230215800
2026-07-03 20:44:00,28337946807,-28314877201000000000000,276315,276315,276315,276315,28337946807,0,50014669625452230215800
2026-07-03 20:45:00,94820862681,-94743903280000000000000,276315,276315,276315,276315,94820862681,0,50014669625452230215800
2026-07-03 20:46:00,-5676694130,5672040142268076105519,276315,276315,276315,276315,0,5672040142268076105519,50014669625452230215800
2026-07-03 20:47:00,10008104350,-10000000161000000000000,276315,276315,276315,276315,10008104350,0,50014669625452230215800
2026-07-03 20:48:00,-896108288,895373861699834727072,276315,276315,276315,276315,0,895373861699834727072,50014669625452230215800
2026-07-03 20:50:00,-1752369744,1750933456857740280176,276315,276315,276315,276315,0,1750933456857740280176,50014669625452230215800
2026-07-03 20:52:00,-338840135351,338555108558303191735613,276315,276315,276315,276315,500429672713,838573473445303191735613,50014669625452230215800
2026-07-03 20:53:00,-9098853232,9091270475099048759431,276315,276315,276315,276315,0,9091270475099048759431,50014669625452230215800
2026-07-03 20:56:00,19982054302,-19965605758547856963675,276315,276315,276315,276315,19982054302,0,50014669625452230215800
2026-07-03 20:57:00,9685324955,-9677358065000000000000,276315,276315,276315,276315,9685324955,0,50014669625452230215800
2026-07-03 20:58:00,21607325364,-21589565256588280579864,276315,276315,276315,276315,21607325364,0,50014669625452230215800
2026-07-03 20:59:00,13493618206,-13482536605756579302197,276315,276315,276315,276315,13493618206,0,50014669625452230215800
2026-07-03 21:00:00,2155947617,-2154177725000000000000,276315,276315,276315,276315,2155947617,0,50014669625452230215800
2026-07-03 21:01:00,234034116,-233842001235621799326,276315,276315,276315,276315,234034116,0,50014669625452230215800
2026-07-03 21:02:00,285642371854,-285409522334000000000000,276315,276315,276315,276315,285642371854,0,50014669625452230215800
2026-07-03 21:03:00,-147477335270,147356013718533442771576,276315,276315,276315,276315,3456220843,150809437078533442771576,50014669625452230215800
2026-07-03 21:04:00,810511729,-809850897606823143394,276315,276315,276315,276315,812155706,1642619353757947426,50014669625452230215800
2026-07-03 21:05:00,574995311,-574526506523319913471,276315,276315,276315,276315,574995311,0,50014669625452230215800
2026-07-03 21:07:00,775468153,-774835919000000000000,276315,276315,276315,276315,775468153,0,50014669625452230215800
2026-07-03 21:08:00,9067776357,-9060385240000000000000,276315,276315,276315,276315,9067776357,0,50014669625452230215800
2026-07-03 21:09:00,-26277181908,26255445470860956674311,276315,276315,276315,276315,4643268049,30894930077860956674311,50014669625452230215800
2026-07-03 21:10:00,375097622,-374791559000000000000,276315,276315,276315,276315,375097622,0,50014669625452230215800
2026-07-03 21:12:00,-132772004116,132661990075223541385755,276315,276315,276315,276315,0,132661990075223541385755,50014669625452230215800
2026-07-03 21:13:00,309312159,-309089029013348032848,276315,276315,276315,276315,3400849417,3088967661835064991494,50014669625452230215800
2026-07-03 21:14:00,39877916252,-39845215181850808954874,276315,276315,276315,276315,41533811469,1654520258149191045126,50014669625452230215800
2026-07-03 21:15:00,126768248167,-126664664445699138457793,276315,276315,276315,276315,126841260817,72952074757594971207,50014669625452230215800
2026-07-03 21:20:00,4756677729,-4752803462000000000000,276315,276315,276315,276315,4756677729,0,50014669625452230215800
2026-07-03 21:21:00,6015995460,-6011096785546277886859,276315,276315,276315,276315,6015995460,0,50014669625452230215800
2026-07-03 21:23:00,34343524725,-34315587329000000000000,276315,276315,276315,276315,34343524725,0,50014669625452230215800
2026-07-03 21:24:00,2495812914,-2493784484000000000000,276315,276315,276315,276315,2495812914,0,50014669625452230215800
2026-07-03 21:25:00,2891255983,-2888906474417203307582,276315,276315,276315,276315,2891255983,0,50014669625452230215800
2026-07-03 21:27:00,19627157183,-19611216474000000000000,276315,276315,276315,276315,19627157183,0,50014669625452230215800
2026-07-03 21:28:00,49915269,-49874749286235910844,276315,276315,276315,276315,49915269,0,50014669625452230215800
2026-07-03 21:29:00,147405150117,-147285923146000000000000,276315,276315,276315,276315,147405150117,0,50014669625452230215800
2026-07-03 21:30:00,18945316814,-18930070696365508382263,276315,276315,276315,276315,20411182996,1464670159122050134018,50014669625452230215800
2026-07-03 21:31:00,-21912162042,21894096145269466146750,276315,276315,276315,276315,19520118447,41398473506269466146750,50014669625452230215800
2026-07-03 21:32:00,121071103617,-120973811410720223078752,276315,276315,276315,276315,121071103617,0,50014669625452230215800
2026-07-03 21:33:00,9000000,-8992789401202192083,276315,276315,276315,276315,9000000,0,50014669625452230215800
2026-07-03 21:34:00,19198964232,-19183589816000000000000,276315,276315,276315,276315,19198964232,0,50014669625452230215800
2026-07-03 21:39:00,30024031,-30000000000000000000,276315,276315,276315,276315,30024031,0,50014669625452230215800
2026-07-03 21:40:00,110087873459,-110000000110000000000000,276316,276316,276316,276316,110087873459,0,50014669625452231215399
2026-07-03 21:42:00,3843058827,-3840000000000000000000,276316,276316,276316,276316,3843058827,0,50014669625452231215399
2026-07-03 21:44:00,1173877390,-1172943177000000000000,276316,276316,276316,276316,1173877390,0,50014669625452231215399
2026-07-03 21:45:00,150000,-149880628180240890,276316,276316,276316,276316,150000,0,50014669625452231215399
2026-07-03 21:53:00,-1156544294,1155612318823321586672,276316,276316,276316,276316,0,1155612318823321586672,50014669625452231215399
2026-07-03 21:54:00,777210582,-776592809989453922383,276316,276316,276316,276316,853687394,76415185010546077617,50014669625452231215399
2026-07-03 21:55:00,-893155090,892435352239271675401,276316,276316,276316,276316,0,892435352239271675401,50014669625452231215399
2026-07-03 21:56:00,10007964,-10000000000000000000,276316,276316,276316,276316,10007964,0,50014669625452231215399
2026-07-03 21:59:00,3004341,-3001950290000000000,276316,276316,276316,276316,3004341,0,50014669625452231215399
2026-07-03 22:05:00,9919002144,-9911120984122050134018,276316,276316,276316,276316,11023414095,1103521930418716830097,50014669625452231215399
2026-07-03 22:10:00,78853332442,-78790731449000000000000,276316,276316,276316,276316,78853332442,0,50014669625452231215399
2026-07-03 22:12:00,-3749659650,3746650983330340522399,276316,276316,276316,276316,0,3746650983330340522399,50014669625452231215399
2026-07-03 22:13:00,29944574,-29920844184739438798,276316,276316,276316,276316,29944574,0,50014669625452231215399
2026-07-03 22:14:00,-22500000000,22481934597914228441824,276316,276316,276316,276316,0,22481934597914228441824,50014669625452231215399
2026-07-03 22:15:00,813091810,-812446746314442988015,276316,276316,276316,276316,813091810,0,50014669625452231215399
2026-07-03 22:16:00,207634359,-207469637792064507971,276316,276316,276316,276316,207634359,0,50014669625452231215399
2026-07-03 22:17:00,-16547883778,16534585140494063850197,276316,276316,276316,276316,0,16534585140494063850197,50014669625452231215399
2026-07-03 22:21:00,47221222766,-47183774393101699704339,276316,276316,276316,276316,47221222766,0,50014669625452231215399
2026-07-03 22:23:00,455919408,-455558280518512255954,276316,276316,276316,276316,455919408,0,50014669625452231215399
2026-07-03 22:26:00,-40000000000,39967885167858639625333,276316,276316,276316,276316,0,39967885167858639625333,50014707143450318946105
2026-07-03 22:31:00,29557836015,-29534394072000000000000,276316,276316,276316,276316,29557836015,0,50014707143450318946105
2026-07-03 22:33:00,77253206721,-77192102970000000000000,276316,276316,276316,276316,77253206721,0,50014707143450318946105
2026-07-03 22:34:00,-1043574107,1042739848285617071079,276316,276316,276316,276316,0,1042739848285617071079,50014707143450318946105
2026-07-03 22:38:00,-48103046412,48064544451801046609679,276316,276316,276316,276316,0,48064544451801046609679,50014707143450318946105
2026-07-03 22:40:00,14932360450,-14920547816000000000000,276316,276316,276316,276316,14932360450,0,50014707143450318946105
2026-07-03 22:41:00,39046861102,-39016014153000000000000,276316,276316,276316,276316,39046861102,0,50014707143450318946105
2026-07-03 22:42:00,61431639871,-61383232254000000000000,276316,276316,276316,276316,61431639871,0,50014707143450318946105
2026-07-03 22:44:00,-2150000000,2148286880339869512224,276316,276316,276316,276316,0,2148286880339869512224,50014707143450318946105
2026-07-03 22:50:00,-660000000000,659465384871724750051325,276315,276315,276315,276315,0,659465384871724750051325,50014707143450317946506
2026-07-03 22:51:00,90770091038,-90696440333000000000000,276315,276315,276315,276315,90770091038,0,50014707143450317946506
2026-07-03 22:52:00,106041473467,-105955861479448886960100,276315,276315,276315,276315,107354347979,1311804103551113039900,50014707143450317946506
2026-07-03 22:54:00,-372115514510,371804190677330919864699,276315,276315,276315,276315,516137920020,887513448216330919864699,50014707143450317946506
2026-07-03 22:55:00,42158115352,-42123572237000000000000,276315,276315,276315,276315,42158115352,0,50014707143450317946506
2026-07-03 22:56:00,6466385061,-6461092975000000000000,276315,276315,276315,276315,6466385061,0,50014707143450317946506
2026-07-03 22:57:00,1102737557,-1101835244795240648983,276315,276315,276315,276315,1102737557,0,50014707143450317946506
2026-07-03 22:58:00,84482469026,-84414485867808977061382,276315,276315,276315,276315,184573569026,100008002752191022938618,50014707143450317946506
2026-07-03 22:59:00,3002446369,-3000000000000000000000,276315,276315,276315,276315,3002446369,0,50014707143450317946506
2026-07-03 23:00:00,1439157936,-1437985450000000000000,276315,276315,276315,276315,1439157936,0,50014707143450317946506
2026-07-03 23:01:00,-288162804574,287917053965018081080036,276315,276315,276315,276315,645957195426,933332237949519027279298,50014707143450317946506
2026-07-03 23:02:00,234591187476,-234398471095000000000000,276315,276315,276315,276315,234591187476,0,50014707143450317946506
2026-07-03 23:04:00,137220088432,-137108398736723187259561,276315,276315,276315,276315,138981446764,1759901968276812740439,50014707143450317946506
2026-07-03 23:05:00,19710997117,-19695012681000000000000,276315,276315,276315,276315,19710997117,0,50014707143450317946506
2026-07-03 23:07:00,177865900569,-177722363771000000000000,276315,276315,276315,276315,177865900569,0,50014707143450317946506
2026-07-03 23:08:00,-2282419535,2280562831391389388020,276315,276315,276315,276315,0,2280562831391389388020,50014707143450317946506
2026-07-03 23:16:00,57285198,-57239167570641216174,276315,276315,276315,276315,57285198,0,50014707143450317946506
2026-07-03 23:17:00,300284305,-300043019361287717868,276315,276315,276315,276315,300284305,0,50014707143450317946506
2026-07-03 23:20:00,129902460357,-129798418200000000000000,276315,276315,276315,276315,129902460357,0,50014707143450317946506
2026-07-03 23:23:00,-383078801961,382760365533132249910883,276315,276315,276315,276315,585927595552,968204376518627581775459,50014707143450317946506
2026-07-03 23:30:00,275822297,-275597881426087433695,276315,276315,276315,276315,275822297,0,50014707143450317946506
2026-07-03 23:32:00,-2314451141,2312544824041753454566,276315,276315,276315,276315,0,2312544824041753454566,50014707143450317946506
2026-07-03 23:34:00,-2293453946,2291564712526891974561,276315,276315,276315,276315,0,2291564712526891974561,50014707143450317946506
2026-07-03 23:35:00,3273394542,-3270730855301240156874,276315,276315,276315,276315,3273394542,0,50014707143450317946506
2026-07-03 23:47:00,-3529555885,3526648464050495418523,276315,276315,276315,276315,0,3526648464050495418523,50014707143450317946506
2026-07-03 23:54:00,-5000000000,4995880470500389185679,276315,276315,276315,276315,0,4995880470500389185679,50014707143450317946506
2026-07-03 23:55:00,3720105766,-3717077824589311266279,276315,276315,276315,276315,3720105766,0,50014707143450317946506
2026-07-03 23:56:00,-79038894295,78973588431676897453231,276315,276315,276315,276315,6440383241,85408708909676897453231,50014707143450317946506
2026-07-03 23:57:00,1102740632,-1101839693293443041143,276315,276315,276315,276315,1102740632,0,50014707143450317946506
2026-07-03 23:58:00,122369530746,-122269856561000000000000,276315,276315,276315,276315,122369530746,0,50014707143450317946506
