minute,frax_price
2026-01-20 01:00:35.000 UTC,0.99339871
2026-01-20 02:01:11.000 UTC,0.99327674
2026-01-20 03:01:35.000 UTC,0.99347057
2026-01-20 04:02:11.000 UTC,0.99335495
2026-01-20 05:02:47.000 UTC,0.99340445
2026-01-20 06:03:23.000 UTC,0.99339238
2026-01-20 07:03:47.000 UTC,0.99314059
2026-01-20 08:04:11.000 UTC,0.99320785
2026-01-20 09:04:35.000 UTC,0.99315518
2026-01-20 10:04:47.000 UTC,0.99332804
2026-01-20 11:05:23.000 UTC,0.99336324
2026-01-20 12:05:59.000 UTC,0.99334755
2026-01-20 13:06:23.000 UTC,0.99322045
2026-01-20 14:06:59.000 UTC,0.99319848
2026-01-20 15:07:23.000 UTC,0.99335415
2026-01-20 16:07:35.000 UTC,0.99344317
2026-01-20 17:07:59.000 UTC,0.99306664
2026-01-20 18:07:59.000 UTC,0.9932363
2026-01-20 19:08:11.000 UTC,0.99317952
2026-01-20 20:08:35.000 UTC,0.99319627
2026-01-20 21:09:11.000 UTC,0.99320361
2026-01-20 22:09:35.000 UTC,0.99317593
2026-01-20 23:09:47.000 UTC,0.99319643
2026-01-21 00:10:11.000 UTC,0.99321064
2026-01-21 01:11:11.000 UTC,0.99328572
2026-01-21 02:11:23.000 UTC,0.99321612
2026-01-21 03:11:47.000 UTC,0.99322559
2026-01-21 04:12:23.000 UTC,0.99338573
2026-01-21 05:12:59.000 UTC,0.9933064
2026-01-21 06:13:23.000 UTC,0.99340452
2026-01-21 07:13:59.000 UTC,0.99336316
2026-01-21 08:14:35.000 UTC,0.99333546
2026-01-21 09:14:59.000 UTC,0.99338096
2026-01-21 10:15:35.000 UTC,0.99344194
2026-01-21 11:15:59.000 UTC,0.99341754
2026-01-21 12:16:23.000 UTC,0.99330719
2026-01-21 13:16:35.000 UTC,0.99341857
2026-01-21 14:17:11.000 UTC,0.99345633
2026-01-21 15:17:35.000 UTC,0.99365108
2026-01-21 16:17:47.000 UTC,0.99357393
2026-01-21 17:18:23.000 UTC,0.99337707
2026-01-21 18:18:47.000 UTC,0.99334369
2026-01-21 19:19:11.000 UTC,0.99335659
2026-01-21 20:19:23.000 UTC,0.99332607
2026-01-21 21:19:47.000 UTC,0.99347011
2026-01-21 22:19:47.000 UTC,0.99345861
2026-01-21 23:20:23.000 UTC,0.99347646
2026-01-22 00:20:59.000 UTC,0.99345056
2026-01-22 01:21:23.000 UTC,0.99360324
2026-01-22 02:21:35.000 UTC,0.99350883
2026-01-22 03:21:59.000 UTC,0.99352421
2026-01-22 04:22:35.000 UTC,0.99359114
2026-01-22 05:23:11.000 UTC,0.99353206
2026-01-22 06:23:59.000 UTC,0.99340894
2026-01-22 07:24:11.000 UTC,0.99344248
2026-01-22 08:24:47.000 UTC,0.99351758
2026-01-22 09:25:11.000 UTC,0.99341857
2026-01-22 10:25:23.000 UTC,0.99343828
2026-01-22 11:25:47.000 UTC,0.99362019
2026-01-22 12:26:23.000 UTC,0.99358181
2026-01-22 13:26:47.000 UTC,0.99359378
2026-01-22 14:26:59.000 UTC,0.99357235
2026-01-22 15:27:23.000 UTC,0.99349617
2026-01-22 16:27:35.000 UTC,0.99354278
2026-01-22 17:28:23.000 UTC,0.99356248
2026-01-22 18:28:35.000 UTC,0.99355946
2026-01-22 19:29:11.000 UTC,0.99342799
2026-01-22 20:29:47.000 UTC,0.99398699
2026-01-22 21:30:23.000 UTC,0.99351527
2026-01-22 22:30:47.000 UTC,0.99349882
2026-01-22 23:31:11.000 UTC,0.99339787
2026-01-23 00:31:23.000 UTC,0.99335119
2026-01-23 01:31:47.000 UTC,0.99341948
2026-01-23 02:32:23.000 UTC,0.99346271
2026-01-23 03:32:59.000 UTC,0.99341617
2026-01-23 04:33:23.000 UTC,0.99322807
2026-01-23 05:33:59.000 UTC,0.99319013
2026-01-23 06:34:23.000 UTC,0.99323485
2026-01-23 07:34:35.000 UTC,0.99302422
2026-01-23 08:34:59.000 UTC,0.99302964
2026-01-23 09:35:35.000 UTC,0.99262708
2026-01-23 10:36:11.000 UTC,0.99308161
2026-01-23 11:36:35.000 UTC,0.99319884
2026-01-23 12:37:11.000 UTC,0.9931343
2026-01-23 13:37:47.000 UTC,0.99262069
2026-01-23 14:39:35.000 UTC,0.99250852
2026-01-23 15:39:47.000 UTC,0.99321242
2026-01-23 16:40:23.000 UTC,0.99319049
2026-01-23 17:40:47.000 UTC,0.99316738
2026-01-23 18:41:23.000 UTC,0.99312725
2026-01-23 19:41:47.000 UTC,0.99306666
2026-01-23 20:41:59.000 UTC,0.99264982
2026-01-23 21:42:23.000 UTC,0.99314086
2026-01-23 22:42:59.000 UTC,0.9932002
2026-01-23 23:43:35.000 UTC,0.99268493
2026-01-24 00:43:59.000 UTC,0.99313727
2026-01-24 01:44:35.000 UTC,0.99272715
2026-01-24 02:44:59.000 UTC,0.99267979
2026-01-24 03:45:11.000 UTC,0.99265952
2026-01-24 04:45:35.000 UTC,0.99275505
2026-01-24 05:46:11.000 UTC,0.99272904
2026-01-24 06:46:35.000 UTC,0.99262407
2026-01-24 07:46:47.000 UTC,0.99260328
2026-01-24 08:47:11.000 UTC,0.99258944
2026-01-24 09:47:47.000 UTC,0.99250471
2026-01-24 10:48:11.000 UTC,0.99251666
2026-01-24 11:48:23.000 UTC,0.99259594
2026-01-24 12:48:47.000 UTC,0.99257391
2026-01-24 13:49:23.000 UTC,0.99258605
2026-01-24 14:49:59.000 UTC,0.99261971
2026-01-24 15:50:23.000 UTC,0.99311491
2026-01-24 16:50:59.000 UTC,0.99295902
2026-01-24 17:51:35.000 UTC,0.99291292
2026-01-24 18:51:59.000 UTC,0.99301114
2026-01-24 19:52:35.000 UTC,0.99254764
2026-01-24 20:52:59.000 UTC,0.99258619
2026-01-24 21:53:11.000 UTC,0.99255114
2026-01-24 22:53:35.000 UTC,0.99256667
2026-01-24 23:54:23.000 UTC,0.99251907
2026-01-25 00:54:47.000 UTC,0.99244909
2026-01-25 01:55:11.000 UTC,0.99238454
2026-01-25 02:55:47.000 UTC,0.99244764
2026-01-25 03:56:11.000 UTC,0.99256635
2026-01-25 04:56:23.000 UTC,0.99240936
2026-01-25 05:56:47.000 UTC,0.99240525
2026-01-25 06:57:23.000 UTC,0.99235105
2026-01-25 07:57:47.000 UTC,0.99242344
2026-01-25 08:57:59.000 UTC,0.99233134
2026-01-25 09:58:23.000 UTC,0.99243366
2026-01-25 10:58:23.000 UTC,0.99243859
2026-01-25 11:58:35.000 UTC,0.99238105
2026-01-25 12:58:59.000 UTC,0.99254739
2026-01-25 13:59:35.000 UTC,0.99311887
2026-01-25 15:00:23.000 UTC,0.99309027
2026-01-25 16:00:35.000 UTC,0.99257302
2026-01-25 17:01:11.000 UTC,0.99238997
2026-01-25 18:01:47.000 UTC,0.99239625
2026-01-25 19:02:11.000 UTC,0.99243063
2026-01-25 20:02:47.000 UTC,0.99254731
2026-01-25 21:03:11.000 UTC,0.99262989
2026-01-25 22:03:35.000 UTC,0.99257266
2026-01-25 23:03:47.000 UTC,0.99244994
2026-01-26 00:04:35.000 UTC,0.99256247
2026-01-26 01:05:59.000 UTC,0.99249479
2026-01-26 02:06:23.000 UTC,0.99265856
2026-01-26 03:06:59.000 UTC,0.99250814
2026-01-26 04:07:35.000 UTC,0.99261912
2026-01-26 05:07:59.000 UTC,0.99240589
2026-01-26 06:08:47.000 UTC,0.99252194
2026-01-26 07:08:59.000 UTC,0.99244338
2026-01-26 08:09:11.000 UTC,0.99250162
2026-01-26 09:09:35.000 UTC,0.99250645
2026-01-26 10:10:11.000 UTC,0.99248708
2026-01-26 11:10:35.000 UTC,0.99272277
2026-01-26 12:10:35.000 UTC,0.992724
2026-01-26 13:10:47.000 UTC,0.99259694
2026-01-26 14:11:11.000 UTC,0.9925686
2026-01-26 15:12:11.000 UTC,0.99274724
2026-01-26 16:12:23.000 UTC,0.99265468
2026-01-26 17:12:47.000 UTC,0.99300024
2026-01-26 18:12:47.000 UTC,0.99306199
2026-01-26 19:12:59.000 UTC,0.99314016
2026-01-26 20:13:23.000 UTC,0.99310113
2026-01-26 21:13:35.000 UTC,0.99300087
2026-01-26 22:13:59.000 UTC,0.99325225
2026-01-26 23:14:35.000 UTC,0.99256537
2026-01-27 00:14:59.000 UTC,0.99258155
2026-01-27 01:15:23.000 UTC,0.99256834
2026-01-27 02:15:35.000 UTC,0.99257547
2026-01-27 03:16:23.000 UTC,0.99301322
2026-01-27 04:16:35.000 UTC,0.99308433
2026-01-27 05:16:47.000 UTC,0.99265092
2026-01-27 06:17:11.000 UTC,0.992601
2026-01-27 07:17:47.000 UTC,0.99266769
2026-01-27 08:18:11.000 UTC,0.99267691
2026-01-27 09:18:23.000 UTC,0.99255937
2026-01-27 10:18:47.000 UTC,0.99255966
2026-01-27 11:18:59.000 UTC,0.99261021
2026-01-27 12:19:23.000 UTC,0.99259361
2026-01-27 13:19:59.000 UTC,0.9925541
2026-01-27 14:20:23.000 UTC,0.99309938
2026-01-27 15:20:35.000 UTC,0.99254358
2026-01-27 16:20:59.000 UTC,0.99268033
2026-01-27 17:21:35.000 UTC,0.9924238
2026-01-27 18:22:11.000 UTC,0.99254944
2026-01-27 19:22:35.000 UTC,0.99238013
2026-01-27 20:23:11.000 UTC,0.99251523
2026-01-27 21:23:35.000 UTC,0.99262922
2026-01-27 22:23:47.000 UTC,0.99260922
2026-01-27 23:24:23.000 UTC,0.99256387
2026-01-28 00:24:47.000 UTC,0.9925996
2026-01-28 01:25:11.000 UTC,0.99263281
2026-01-28 02:25:35.000 UTC,0.99247237
2026-01-28 03:25:47.000 UTC,0.992165
2026-01-28 04:26:23.000 UTC,0.99223785
2026-01-28 05:26:59.000 UTC,0.99225905
2026-01-28 06:27:23.000 UTC,0.99242641
2026-01-28 07:27:59.000 UTC,0.99238777
2026-01-28 08:28:35.000 UTC,0.99248163
2026-01-28 09:28:59.000 UTC,0.99239319
2026-01-28 10:29:35.000 UTC,0.99241138
2026-01-28 11:29:59.000 UTC,0.99240408
2026-01-28 12:30:11.000 UTC,0.9923799
2026-01-28 13:30:35.000 UTC,0.99244881
2026-01-28 14:31:11.000 UTC,0.99238748
2026-01-28 15:31:47.000 UTC,0.99248142
2026-01-28 16:32:11.000 UTC,0.99248935
2026-01-28 17:32:47.000 UTC,0.99250629
2026-01-28 18:33:23.000 UTC,0.99243715
2026-01-28 19:33:47.000 UTC,0.99276653
2026-01-28 20:34:23.000 UTC,0.99260248
2026-01-28 21:34:59.000 UTC,0.99248636
2026-01-28 22:35:23.000 UTC,0.99246849
2026-01-28 23:35:23.000 UTC,0.99234705
2026-01-29 00:35:35.000 UTC,0.99218274
2026-01-29 01:35:59.000 UTC,0.99208288
2026-01-29 02:36:35.000 UTC,0.99157731
2026-01-29 03:37:11.000 UTC,0.99224529
2026-01-29 04:37:35.000 UTC,0.99223892
2026-01-29 05:38:11.000 UTC,0.99220631
2026-01-29 06:38:47.000 UTC,0.99225746
2026-01-29 07:39:11.000 UTC,0.9923344
2026-01-29 08:39:47.000 UTC,0.99233321
2026-01-29 09:40:11.000 UTC,0.99231014
2026-01-29 10:40:23.000 UTC,0.9920018
2026-01-29 11:40:47.000 UTC,0.99195917
2026-01-29 12:41:23.000 UTC,0.99181797
2026-01-29 13:41:59.000 UTC,0.99199019
2026-01-29 14:42:23.000 UTC,0.99182351
2026-01-29 15:42:47.000 UTC,0.99195568
2026-01-29 16:43:23.000 UTC,0.99231104
2026-01-29 17:43:47.000 UTC,0.9921251
2026-01-29 18:44:23.000 UTC,0.99236078
2026-01-29 19:44:47.000 UTC,0.99224643
2026-01-29 20:45:23.000 UTC,0.99206236
2026-01-29 21:45:59.000 UTC,0.99219881
2026-01-29 22:46:23.000 UTC,0.99227352
2026-01-29 23:46:59.000 UTC,0.99229348
2026-01-30 00:47:35.000 UTC,0.99224923
2026-01-30 01:47:59.000 UTC,0.99215838
2026-01-30 02:48:35.000 UTC,0.99237623
2026-01-30 03:48:59.000 UTC,0.99230128
2026-01-30 04:48:59.000 UTC,0.99230496
2026-01-30 05:49:11.000 UTC,0.99217573
2026-01-30 06:49:35.000 UTC,0.99219769
2026-01-30 07:49:59.000 UTC,0.99222429
2026-01-30 08:50:35.000 UTC,0.99229693
2026-01-30 09:50:47.000 UTC,0.99231631
2026-01-30 10:51:11.000 UTC,0.99229378
2026-01-30 11:51:23.000 UTC,0.99233858
2026-01-30 12:51:47.000 UTC,0.99224043
2026-01-30 13:52:23.000 UTC,0.9923094
2026-01-30 14:53:35.000 UTC,0.99245898
2026-01-30 15:53:59.000 UTC,0.99237295
2026-01-30 16:54:23.000 UTC,0.99240148
2026-01-30 17:54:59.000 UTC,0.99235636
2026-01-30 18:55:35.000 UTC,0.99264171
2026-01-30 19:55:59.000 UTC,0.99238558
2026-01-30 20:56:35.000 UTC,0.99214213
2026-01-30 21:56:59.000 UTC,0.99220849
2026-01-30 22:56:59.000 UTC,0.99202214
2026-01-30 23:57:11.000 UTC,0.99200956
2026-01-31 00:57:35.000 UTC,0.99224617
2026-01-31 01:57:47.000 UTC,0.99220106
2026-01-31 02:58:11.000 UTC,0.99231273
2026-01-31 03:58:47.000 UTC,0.9922308
2026-01-31 04:59:23.000 UTC,0.992132
2026-01-31 05:59:47.000 UTC,0.99219725
2026-01-31 07:00:23.000 UTC,0.99210331
2026-01-31 08:00:47.000 UTC,0.99208298
2026-01-31 09:00:59.000 UTC,0.99210654
2026-01-31 10:01:35.000 UTC,0.99191947
2026-01-31 11:01:59.000 UTC,0.99194501
2026-01-31 12:02:35.000 UTC,0.99191743
2026-01-31 13:02:59.000 UTC,0.99174168
2026-01-31 14:03:35.000 UTC,0.9916554
2026-01-31 15:03:59.000 UTC,0.99191003
2026-01-31 16:04:11.000 UTC,0.99178734
2026-01-31 17:04:35.000 UTC,0.99145572
2026-01-31 18:05:23.000 UTC,0.99226645
2026-01-31 19:05:59.000 UTC,0.99098045
2026-01-31 20:06:35.000 UTC,0.99186533
2026-01-31 21:06:59.000 UTC,0.99172743
2026-01-31 22:07:35.000 UTC,0.99211707
2026-01-31 23:08:23.000 UTC,0.99207805
2026-02-01 00:08:35.000 UTC,0.99220191
2026-02-01 01:09:11.000 UTC,0.99219565
2026-02-01 02:09:35.000 UTC,0.99228943
2026-02-01 03:09:47.000 UTC,0.99216189
2026-02-01 04:10:11.000 UTC,0.99208858
2026-02-01 05:10:11.000 UTC,0.99230447
2026-02-01 06:10:23.000 UTC,0.99216853
2026-02-01 07:11:11.000 UTC,0.99207031
2026-02-01 08:11:23.000 UTC,0.99220687
2026-02-01 09:11:47.000 UTC,0.99178572
2026-02-01 10:11:59.000 UTC,0.9918872
2026-02-01 11:12:23.000 UTC,0.99155989
2026-02-01 12:12:23.000 UTC,0.99202633
2026-02-01 13:12:35.000 UTC,0.99186198
2026-02-01 14:12:59.000 UTC,0.99187779
2026-02-01 15:13:47.000 UTC,0.99185291
2026-02-01 16:14:11.000 UTC,0.99192952
2026-02-01 17:14:35.000 UTC,0.99211186
2026-02-01 18:15:11.000 UTC,0.99224108
2026-02-01 19:15:35.000 UTC,0.99210983
2026-02-01 20:15:47.000 UTC,0.99224793
2026-02-01 21:16:11.000 UTC,0.99204885
2026-02-01 22:16:47.000 UTC,0.9921931
2026-02-01 23:17:11.000 UTC,0.99163094
2026-02-02 00:18:23.000 UTC,0.99228604
2026-02-02 01:18:35.000 UTC,0.99221693
2026-02-02 02:19:11.000 UTC,0.99223849
2026-02-02 03:20:47.000 UTC,0.99161759
2026-02-02 04:21:11.000 UTC,0.99171403
2026-02-02 05:21:59.000 UTC,0.99128732
2026-02-02 06:22:35.000 UTC,0.99161941
2026-02-02 07:23:11.000 UTC,0.99150431
2026-02-02 08:23:35.000 UTC,0.99162322
2026-02-02 09:23:47.000 UTC,0.99164367
2026-02-02 10:24:11.000 UTC,0.99156579
2026-02-02 11:24:47.000 UTC,0.99167953
2026-02-02 12:25:11.000 UTC,0.99184575
2026-02-02 13:25:23.000 UTC,0.99180885
2026-02-02 14:25:47.000 UTC,0.99174142
2026-02-02 15:25:59.000 UTC,0.99191024
2026-02-02 16:26:23.000 UTC,0.99204701
2026-02-02 17:26:35.000 UTC,0.99228857
2026-02-02 18:26:59.000 UTC,0.9921261
2026-02-02 19:27:35.000 UTC,0.99245979
2026-02-02 20:28:11.000 UTC,0.99244143
2026-02-02 21:28:35.000 UTC,0.99244067
2026-02-02 22:29:11.000 UTC,0.99251709
2026-02-02 23:29:47.000 UTC,0.99251084
2026-02-03 00:30:23.000 UTC,0.99242071
2026-02-03 01:30:47.000 UTC,0.99234722
2026-02-03 02:32:11.000 UTC,0.992328
2026-02-03 03:32:23.000 UTC,0.99233448
2026-02-03 04:32:47.000 UTC,0.9923155
2026-02-03 05:33:59.000 UTC,0.99220895
2026-02-03 06:34:23.000 UTC,0.99227977
2026-02-03 07:35:11.000 UTC,0.99228338
2026-02-03 08:35:47.000 UTC,0.99208915
2026-02-03 09:36:11.000 UTC,0.99209172
2026-02-03 10:36:23.000 UTC,0.99213965
2026-02-03 11:36:35.000 UTC,0.99216542
2026-02-03 12:36:59.000 UTC,0.9921123
2026-02-03 13:36:59.000 UTC,0.99197582
2026-02-03 14:37:11.000 UTC,0.99201698
2026-02-03 15:37:35.000 UTC,0.99219191
2026-02-03 16:38:11.000 UTC,0.99170483
2026-02-03 17:38:59.000 UTC,0.99153114
2026-02-03 18:39:11.000 UTC,0.99183853
2026-02-03 19:39:47.000 UTC,0.99208829
2026-02-03 20:40:11.000 UTC,0.99223784
2026-02-03 21:40:23.000 UTC,0.99157308
2026-02-03 22:40:47.000 UTC,0.99187118
2026-02-03 23:41:23.000 UTC,0.99196827
2026-02-04 00:41:59.000 UTC,0.99162373
2026-02-04 01:42:23.000 UTC,0.99206324
2026-02-04 02:42:59.000 UTC,0.99155319
2026-02-04 03:43:23.000 UTC,0.99212283
2026-02-04 04:43:47.000 UTC,0.99206365
2026-02-04 05:44:11.000 UTC,0.9920583
2026-02-04 06:44:35.000 UTC,0.99209968
2026-02-04 07:44:59.000 UTC,0.99209707
2026-02-04 08:45:11.000 UTC,0.99159815
2026-02-04 09:45:35.000 UTC,0.9917017
2026-02-04 10:45:47.000 UTC,0.99175484
2026-02-04 11:46:11.000 UTC,0.99209243
2026-02-04 12:46:47.000 UTC,0.99161213
2026-02-04 13:47:23.000 UTC,0.99148558
2026-02-04 14:47:47.000 UTC,0.99161691
2026-02-04 15:48:11.000 UTC,0.99157219
2026-02-04 16:48:35.000 UTC,0.99142335
2026-02-04 17:49:11.000 UTC,0.99181328
2026-02-04 18:49:47.000 UTC,0.99162603
2026-02-04 19:50:11.000 UTC,0.99162249
2026-02-04 20:50:47.000 UTC,0.99157584
2026-02-04 21:51:11.000 UTC,0.9910399
2026-02-04 22:51:23.000 UTC,0.99135772
2026-02-04 23:51:47.000 UTC,0.99147887
2026-02-05 00:52:11.000 UTC,0.99132455
2026-02-05 01:52:23.000 UTC,0.99123819
2026-02-05 02:52:59.000 UTC,0.99127336
2026-02-05 03:53:23.000 UTC,0.99137125
2026-02-05 04:53:47.000 UTC,0.99131661
2026-02-05 05:53:59.000 UTC,0.99129059
2026-02-05 06:54:11.000 UTC,0.99130028
2026-02-05 07:54:35.000 UTC,0.99119591
2026-02-05 08:54:47.000 UTC,0.9914349
2026-02-05 09:55:11.000 UTC,0.99159769
2026-02-05 10:56:11.000 UTC,0.99154047
2026-02-05 11:56:11.000 UTC,0.99157877
2026-02-05 12:56:11.000 UTC,0.99121897
2026-02-05 13:56:23.000 UTC,0.99107035
2026-02-05 14:56:47.000 UTC,0.99113176
2026-02-05 15:56:59.000 UTC,0.99097534
2026-02-05 16:57:23.000 UTC,0.99116055
2026-02-05 17:57:59.000 UTC,0.99056423
2026-02-05 18:58:23.000 UTC,0.99062238
2026-02-05 19:02:11.000 UTC,0.9905269
2026-02-05 20:02:11.000 UTC,0.99027301
2026-02-05 21:02:23.000 UTC,0.99019464
2026-02-05 22:02:47.000 UTC,0.99008875
2026-02-05 23:02:47.000 UTC,0.99045453
2026-02-06 00:04:35.000 UTC,0.99042466
2026-02-06 01:05:11.000 UTC,0.99110586
2026-02-06 02:05:23.000 UTC,0.99215177
2026-02-06 03:05:59.000 UTC,0.99217062
2026-02-06 04:06:35.000 UTC,0.99194612
2026-02-06 05:06:59.000 UTC,0.99223324
2026-02-06 06:06:59.000 UTC,0.99209046
2026-02-06 07:07:11.000 UTC,0.99170514
2026-02-06 08:07:35.000 UTC,0.99179851
2026-02-06 09:08:11.000 UTC,0.99204306
2026-02-06 10:08:35.000 UTC,0.99217052
2026-02-06 11:08:47.000 UTC,0.99189995
2026-02-06 12:09:11.000 UTC,0.99213224
2026-02-06 13:09:23.000 UTC,0.99210133
2026-02-06 14:09:47.000 UTC,0.99214517
2026-02-06 15:09:59.000 UTC,0.99222481
2026-02-06 16:10:23.000 UTC,0.99282079
2026-02-06 17:10:59.000 UTC,0.99290375
2026-02-06 18:11:35.000 UTC,0.99225104
2026-02-06 19:11:59.000 UTC,0.99238819
2026-02-06 20:12:35.000 UTC,0.99248233
2026-02-06 21:12:59.000 UTC,0.99212002
2026-02-06 22:13:11.000 UTC,0.99229951
2026-02-06 23:13:47.000 UTC,0.99241144
2026-02-07 00:14:35.000 UTC,0.99240395
2026-02-07 01:14:47.000 UTC,0.99249592
2026-02-07 02:15:11.000 UTC,0.99262516
2026-02-07 03:15:59.000 UTC,0.99258567
2026-02-07 04:16:11.000 UTC,0.99251485
2026-02-07 05:16:23.000 UTC,0.99248517
2026-02-07 06:17:47.000 UTC,0.99233271
2026-02-07 07:18:59.000 UTC,0.9921893
2026-02-07 08:19:23.000 UTC,0.99241805
2026-02-07 09:19:59.000 UTC,0.99257155
2026-02-07 10:20:23.000 UTC,0.99230594
2026-02-07 11:20:59.000 UTC,0.99250471
2026-02-07 12:21:47.000 UTC,0.99247877
2026-02-07 13:21:59.000 UTC,0.99225933
2026-02-07 14:22:35.000 UTC,0.99217428
2026-02-07 15:22:59.000 UTC,0.99236016
2026-02-07 16:23:11.000 UTC,0.99184872
2026-02-07 17:23:35.000 UTC,0.99223331
2026-02-07 18:24:11.000 UTC,0.99237207
2026-02-07 19:24:35.000 UTC,0.99228877
2026-02-07 20:24:35.000 UTC,0.99227469
2026-02-07 21:24:47.000 UTC,0.992314
2026-02-07 22:25:11.000 UTC,0.99234875
2026-02-07 23:25:23.000 UTC,0.99228965
2026-02-08 00:25:47.000 UTC,0.9923516
2026-02-08 01:26:35.000 UTC,0.99233929
2026-02-08 02:26:47.000 UTC,0.99236216
2026-02-08 03:26:59.000 UTC,0.99233483
2026-02-08 04:27:23.000 UTC,0.99235654
2026-02-08 05:27:59.000 UTC,0.99226119
2026-02-08 06:28:23.000 UTC,0.99231147
2026-02-08 07:29:47.000 UTC,0.99226405
2026-02-08 08:29:59.000 UTC,0.99230777
2026-02-08 09:30:35.000 UTC,0.99213024
2026-02-08 10:31:35.000 UTC,0.99213687
2026-02-08 11:32:35.000 UTC,0.99230936
2026-02-08 12:33:11.000 UTC,0.99227868
2026-02-08 13:33:35.000 UTC,0.99229918
2026-02-08 14:33:35.000 UTC,0.99230417
2026-02-08 15:33:47.000 UTC,0.99201395
2026-02-08 16:34:11.000 UTC,0.99218772
2026-02-08 17:34:11.000 UTC,0.99215483
2026-02-08 18:34:23.000 UTC,0.99238082
2026-02-08 19:34:47.000 UTC,0.99232994
2026-02-08 20:35:23.000 UTC,0.99231895
2026-02-08 21:36:23.000 UTC,0.99258686
2026-02-08 22:36:59.000 UTC,0.99213461
2026-02-08 23:38:23.000 UTC,0.99228449
2026-02-09 00:38:59.000 UTC,0.99240409
2026-02-09 01:39:35.000 UTC,0.99230796
2026-02-09 02:39:59.000 UTC,0.99239224
2026-02-09 03:40:35.000 UTC,0.99262827
2026-02-09 04:40:59.000 UTC,0.99250368
2026-02-09 05:41:11.000 UTC,0.99256478
2026-02-09 06:41:47.000 UTC,0.99233173
2026-02-09 07:42:35.000 UTC,0.9922665
2026-02-09 08:43:35.000 UTC,0.99212906
2026-02-09 09:43:47.000 UTC,0.99218247
2026-02-09 10:44:23.000 UTC,0.99187334
2026-02-09 11:44:47.000 UTC,0.99204743
2026-02-09 12:45:11.000 UTC,0.9921835
2026-02-09 13:45:23.000 UTC,0.9921571
2026-02-09 14:45:47.000 UTC,0.99236361
2026-02-09 15:45:47.000 UTC,0.99238052
2026-02-09 16:46:59.000 UTC,0.99254271
2026-02-09 17:47:35.000 UTC,0.99266457
2026-02-09 18:48:35.000 UTC,0.99240055
2026-02-09 19:48:59.000 UTC,0.99234335
2026-02-09 20:49:35.000 UTC,0.9924
2026-02-09 21:49:59.000 UTC,0.99241959
2026-02-09 22:49:59.000 UTC,0.99235854
2026-02-09 23:50:11.000 UTC,0.99239767
2026-02-10 00:50:35.000 UTC,0.99244035
2026-02-10 01:51:11.000 UTC,0.99252045
2026-02-10 02:51:35.000 UTC,0.9924883
2026-02-10 03:51:59.000 UTC,0.99225083
2026-02-10 04:52:11.000 UTC,0.99231972
2026-02-10 05:53:35.000 UTC,0.99227961
2026-02-10 06:53:47.000 UTC,0.99204124
2026-02-10 07:54:35.000 UTC,0.99209658
2026-02-10 08:54:59.000 UTC,0.99224298
2026-02-10 09:55:23.000 UTC,0.99224377
2026-02-10 10:55:47.000 UTC,0.99217067
2026-02-10 11:55:59.000 UTC,0.99189913
2026-02-10 12:56:23.000 UTC,0.99185396
2026-02-10 13:56:35.000 UTC,0.99198659
2026-02-10 14:56:59.000 UTC,0.99194404
2026-02-10 15:57:23.000 UTC,0.99229883
2026-02-10 16:57:59.000 UTC,0.99224197
2026-02-10 17:58:23.000 UTC,0.99235436
2026-02-10 18:58:59.000 UTC,0.99211734
2026-02-10 19:59:35.000 UTC,0.99235435
2026-02-10 20:59:59.000 UTC,0.99231747
2026-02-10 22:00:35.000 UTC,0.99221158
2026-02-10 23:00:47.000 UTC,0.99204036
2026-02-11 00:00:59.000 UTC,0.99206393
2026-02-11 01:02:11.000 UTC,0.99213042
2026-02-11 02:02:47.000 UTC,0.99212878
2026-02-11 03:03:11.000 UTC,0.99202752
2026-02-11 04:03:59.000 UTC,0.99184189
2026-02-11 05:04:23.000 UTC,0.99174266
2026-02-11 06:04:35.000 UTC,0.9918181
2026-02-11 07:04:59.000 UTC,0.99219682
2026-02-11 08:05:23.000 UTC,0.99215115
2026-02-11 09:05:35.000 UTC,0.99217701
2026-02-11 10:05:47.000 UTC,0.99218918
2026-02-11 11:06:11.000 UTC,0.99215021
2026-02-11 12:06:23.000 UTC,0.9920468
2026-02-11 13:06:35.000 UTC,0.99212758
2026-02-11 14:08:23.000 UTC,0.99283631
2026-02-11 15:08:47.000 UTC,0.99220848
2026-02-11 16:09:59.000 UTC,0.99238058
2026-02-11 17:10:23.000 UTC,0.99223032
2026-02-11 18:10:35.000 UTC,0.99235838
2026-02-11 19:11:11.000 UTC,0.99246055
2026-02-11 20:11:35.000 UTC,0.99240814
2026-02-11 21:11:59.000 UTC,0.99233329
2026-02-11 22:12:23.000 UTC,0.99231372
2026-02-11 23:12:59.000 UTC,0.99218146
2026-02-12 00:13:11.000 UTC,0.99231242
2026-02-12 01:13:47.000 UTC,0.99227019
2026-02-12 02:14:11.000 UTC,0.992337
2026-02-12 03:14:23.000 UTC,0.99229287
2026-02-12 04:14:35.000 UTC,0.99202032
2026-02-12 05:15:23.000 UTC,0.99180939
2026-02-12 06:15:35.000 UTC,0.99199609
2026-02-12 07:15:47.000 UTC,0.99179284
2026-02-12 08:15:59.000 UTC,0.99179967
2026-02-12 09:16:35.000 UTC,0.99171679
2026-02-12 10:17:11.000 UTC,0.99176944
2026-02-12 11:18:35.000 UTC,0.99186651
2026-02-12 12:18:59.000 UTC,0.99191213
2026-02-12 13:19:35.000 UTC,0.99200427
2026-02-12 14:20:11.000 UTC,0.99190568
2026-02-12 15:20:35.000 UTC,0.99195956
2026-02-12 16:20:47.000 UTC,0.99179927
2026-02-12 17:21:11.000 UTC,0.9917227
2026-02-12 18:21:47.000 UTC,0.99172072
2026-02-12 19:23:11.000 UTC,0.99170326
2026-02-12 19:30:23.000 UTC,0.99170326
2026-02-12 20:30:47.000 UTC,0.99169436
2026-02-12 21:31:23.000 UTC,0.99176269
2026-02-12 22:31:47.000 UTC,0.99182914
2026-02-12 23:32:11.000 UTC,0.99169198
2026-02-13 00:32:59.000 UTC,0.99170319
2026-02-13 01:33:23.000 UTC,0.99168534
2026-02-13 02:33:35.000 UTC,0.99174216
2026-02-13 03:33:59.000 UTC,0.99167906
2026-02-13 04:34:35.000 UTC,0.99190969
2026-02-13 05:34:59.000 UTC,0.99170091
2026-02-13 06:35:11.000 UTC,0.99176722
2026-02-13 07:35:35.000 UTC,0.99178252
2026-02-13 08:36:11.000 UTC,0.99185634
2026-02-13 09:36:35.000 UTC,0.99214131
2026-02-13 10:36:47.000 UTC,0.99213678
2026-02-13 11:37:11.000 UTC,0.99202431
2026-02-13 12:37:59.000 UTC,0.99215667
2026-02-13 13:38:23.000 UTC,0.9921362
2026-02-13 14:38:59.000 UTC,0.99217293
2026-02-13 15:39:23.000 UTC,0.99253005
2026-02-13 16:39:59.000 UTC,0.99203976
2026-02-13 17:40:23.000 UTC,0.99189874
2026-02-13 18:40:59.000 UTC,0.99171085
2026-02-13 19:41:23.000 UTC,0.99170864
2026-02-13 20:41:35.000 UTC,0.99167777
2026-02-13 21:41:59.000 UTC,0.99172683
2026-02-13 22:42:35.000 UTC,0.99171772
2026-02-13 23:42:59.000 UTC,0.99168675
2026-02-14 00:43:23.000 UTC,0.9917155
2026-02-14 01:43:35.000 UTC,0.99173341
2026-02-14 02:44:23.000 UTC,0.99163303
2026-02-14 03:44:35.000 UTC,0.99158194
2026-02-14 04:44:47.000 UTC,0.99160721
2026-02-14 05:45:11.000 UTC,0.99158788
2026-02-14 06:45:47.000 UTC,0.9915998
2026-02-14 07:46:23.000 UTC,0.99164521
2026-02-14 08:46:47.000 UTC,0.9917969
2026-02-14 09:47:23.000 UTC,0.99177103
2026-02-14 10:47:59.000 UTC,0.99177061
2026-02-14 11:48:23.000 UTC,0.99175219
2026-02-14 12:48:59.000 UTC,0.99165945
2026-02-14 13:49:23.000 UTC,0.99179
2026-02-14 14:49:35.000 UTC,0.99187109
2026-02-14 15:49:59.000 UTC,0.99182549
2026-02-14 16:50:35.000 UTC,0.99191888
2026-02-14 17:51:11.000 UTC,0.99189399
2026-02-14 18:51:35.000 UTC,0.99185298
2026-02-14 19:52:23.000 UTC,0.99193124
2026-02-14 20:52:35.000 UTC,0.99183769
2026-02-14 21:52:35.000 UTC,0.9917161
2026-02-14 22:52:47.000 UTC,0.99168653
2026-02-14 23:53:11.000 UTC,0.99176228
2026-02-15 00:53:47.000 UTC,0.99171295
2026-02-15 01:54:23.000 UTC,0.99165564
2026-02-15 02:54:47.000 UTC,0.99170581
2026-02-15 03:55:23.000 UTC,0.99170377
2026-02-15 04:55:59.000 UTC,0.99173303
2026-02-15 05:56:23.000 UTC,0.9917098
2026-02-15 06:57:11.000 UTC,0.99175535
2026-02-15 07:57:23.000 UTC,0.99174271
2026-02-15 08:57:35.000 UTC,0.99170952
2026-02-15 09:57:59.000 UTC,0.99170564
2026-02-15 10:58:35.000 UTC,0.99160823
2026-02-15 11:59:11.000 UTC,0.99155406
2026-02-15 12:59:35.000 UTC,0.99151159
2026-02-15 14:01:11.000 UTC,0.99153286
2026-02-15 14:08:35.000 UTC,0.99153304
2026-02-15 15:09:11.000 UTC,0.9915927
2026-02-15 16:09:47.000 UTC,0.99155868
2026-02-15 17:10:11.000 UTC,0.99152835
2026-02-15 18:10:47.000 UTC,0.99121787
2026-02-15 19:11:11.000 UTC,0.99134169
2026-02-15 20:11:11.000 UTC,0.9914084
2026-02-15 21:11:23.000 UTC,0.99140581
2026-02-15 22:11:47.000 UTC,0.99149576
2026-02-15 23:12:35.000 UTC,0.99134158
2026-02-16 00:12:59.000 UTC,0.99150815
2026-02-16 01:13:23.000 UTC,0.99151913
2026-02-16 02:13:59.000 UTC,0.99152275
2026-02-16 03:14:23.000 UTC,0.99148552
2026-02-16 04:14:35.000 UTC,0.99154347
2026-02-16 05:14:59.000 UTC,0.99152864
2026-02-16 06:15:35.000 UTC,0.99155633
2026-02-16 07:15:59.000 UTC,0.99156636
2026-02-16 08:16:11.000 UTC,0.99152702
2026-02-16 09:16:35.000 UTC,0.99157354
2026-02-16 10:17:11.000 UTC,0.99153693
2026-02-16 11:17:47.000 UTC,0.99151712
2026-02-16 12:18:23.000 UTC,0.9915419
2026-02-16 13:19:11.000 UTC,0.99163267
2026-02-16 14:19:11.000 UTC,0.99141496
2026-02-16 15:19:23.000 UTC,0.99160177
2026-02-16 16:19:47.000 UTC,0.99161738
2026-02-16 17:20:23.000 UTC,0.9916799
2026-02-16 18:20:59.000 UTC,0.99159051
2026-02-16 19:21:23.000 UTC,0.99161639
2026-02-16 20:21:59.000 UTC,0.99163426
2026-02-16 21:22:23.000 UTC,0.99158953
2026-02-16 22:22:59.000 UTC,0.99152852
2026-02-16 23:23:35.000 UTC,0.99160361
2026-02-17 00:24:23.000 UTC,0.99136865
2026-02-17 01:24:35.000 UTC,0.99133175
2026-02-17 02:25:23.000 UTC,0.99147575
2026-02-17 03:25:35.000 UTC,0.99138381
2026-02-17 04:25:35.000 UTC,0.99145612
2026-02-17 05:25:47.000 UTC,0.99135526
2026-02-17 06:26:11.000 UTC,0.9913547
2026-02-17 07:26:47.000 UTC,0.99129429
2026-02-17 08:27:23.000 UTC,0.99140948
2026-02-17 09:27:47.000 UTC,0.9913677
2026-02-17 10:28:23.000 UTC,0.99133731
2026-02-17 11:28:47.000 UTC,0.99135863
2026-02-17 12:28:59.000 UTC,0.99142433
2026-02-17 13:29:23.000 UTC,0.99136551
2026-02-17 14:29:59.000 UTC,0.99144815
2026-02-17 15:30:23.000 UTC,0.99141127
2026-02-17 16:30:23.000 UTC,0.99163069
2026-02-17 17:30:35.000 UTC,0.99142891
2026-02-17 18:30:59.000 UTC,0.99142681
2026-02-17 19:31:23.000 UTC,0.99152259
2026-02-17 20:32:11.000 UTC,0.99149353
2026-02-17 21:32:23.000 UTC,0.99152278
2026-02-17 22:33:23.000 UTC,0.99147843
2026-02-17 23:33:47.000 UTC,0.99142818
2026-02-18 00:33:59.000 UTC,0.99144129
2026-02-18 01:34:35.000 UTC,0.99135915
2026-02-18 02:35:47.000 UTC,0.99114746
2026-02-18 03:36:11.000 UTC,0.9912356
2026-02-18 04:36:35.000 UTC,0.99121734
2026-02-18 05:37:11.000 UTC,0.99130998
2026-02-18 06:38:11.000 UTC,0.99123007
2026-02-18 07:38:47.000 UTC,0.99127223
2026-02-18 08:39:11.000 UTC,0.9913294
2026-02-18 09:39:35.000 UTC,0.99125844
2026-02-18 10:39:59.000 UTC,0.99124791
2026-02-18 11:40:11.000 UTC,0.99122259
2026-02-18 12:40:35.000 UTC,0.99129343
2026-02-18 13:41:23.000 UTC,0.99128756
2026-02-18 14:42:11.000 UTC,0.99136093
2026-02-18 15:42:35.000 UTC,0.99149198
2026-02-18 16:43:11.000 UTC,0.99126517
2026-02-18 17:43:35.000 UTC,0.99118659
2026-02-18 18:44:11.000 UTC,0.99075373
2026-02-18 19:44:35.000 UTC,0.99074649
2026-02-18 20:45:11.000 UTC,0.99102754
2026-02-18 21:45:35.000 UTC,0.99101648
2026-02-18 22:45:47.000 UTC,0.99113778
2026-02-18 23:46:11.000 UTC,0.99109132
2026-02-19 00:47:11.000 UTC,0.99106615
2026-02-19 01:47:47.000 UTC,0.99110695
2026-02-19 02:48:23.000 UTC,0.99082388
2026-02-19 03:48:59.000 UTC,0.99120734
2026-02-19 04:49:23.000 UTC,0.99116039
2026-02-19 05:49:47.000 UTC,0.9912219
2026-02-19 06:49:59.000 UTC,0.99129766
2026-02-19 07:50:23.000 UTC,0.99162258
2026-02-19 08:50:35.000 UTC,0.99161498
2026-02-19 09:50:59.000 UTC,0.99161901
2026-02-19 10:52:35.000 UTC,0.99163447
2026-02-19 11:53:11.000 UTC,0.99162309
2026-02-19 12:53:59.000 UTC,0.992047
2026-02-19 13:54:11.000 UTC,0.99173485
2026-02-19 14:54:47.000 UTC,0.99174316
2026-02-19 15:55:11.000 UTC,0.99175647
2026-02-19 16:55:11.000 UTC,0.99155114
2026-02-19 17:55:23.000 UTC,0.99154376
2026-02-19 18:55:47.000 UTC,0.99176562
2026-02-19 19:56:35.000 UTC,0.99167739
2026-02-19 20:56:59.000 UTC,0.99173868
2026-02-19 21:57:23.000 UTC,0.99176255
2026-02-19 22:57:59.000 UTC,0.9917033
2026-02-19 23:58:23.000 UTC,0.99168512
2026-02-20 00:58:23.000 UTC,0.99175568
2026-02-20 01:58:35.000 UTC,0.99176504
2026-02-20 02:58:59.000 UTC,0.99164944
2026-02-20 03:59:11.000 UTC,0.99188101
2026-02-20 04:59:35.000 UTC,0.99187433
2026-02-20 06:00:11.000 UTC,0.99204982
2026-02-20 07:00:35.000 UTC,0.99203063
2026-02-20 08:00:59.000 UTC,0.99206185
2026-02-20 09:01:11.000 UTC,0.99180585
2026-02-20 10:01:47.000 UTC,0.99176023
2026-02-20 11:02:11.000 UTC,0.99178135
2026-02-20 12:02:23.000 UTC,0.99183072
2026-02-20 13:02:47.000 UTC,0.99185127
2026-02-20 14:03:23.000 UTC,0.99182491
2026-02-20 15:04:59.000 UTC,0.99237426
2026-02-20 16:05:23.000 UTC,0.99220841
2026-02-20 17:06:11.000 UTC,0.99183093
2026-02-20 18:06:23.000 UTC,0.99186794
2026-02-20 19:06:35.000 UTC,0.99194912
2026-02-20 20:07:11.000 UTC,0.9918585
2026-02-20 21:07:35.000 UTC,0.99186231
2026-02-20 22:07:59.000 UTC,0.99179295
2026-02-20 23:08:23.000 UTC,0.99183493
2026-02-21 00:08:47.000 UTC,0.99196472
2026-02-21 01:09:23.000 UTC,0.99182553
2026-02-21 02:09:59.000 UTC,0.99180724
2026-02-21 03:10:11.000 UTC,0.99181294
2026-02-21 04:10:47.000 UTC,0.99202676
2026-02-21 05:10:59.000 UTC,0.99214783
2026-02-21 06:11:23.000 UTC,0.99217535
2026-02-21 07:11:59.000 UTC,0.99180926
2026-02-21 08:12:35.000 UTC,0.99180249
2026-02-21 09:12:59.000 UTC,0.9920418
2026-02-21 10:13:35.000 UTC,0.99208134
2026-02-21 11:13:59.000 UTC,0.99185102
2026-02-21 12:13:59.000 UTC,0.99174807
2026-02-21 13:14:11.000 UTC,0.99193572
2026-02-21 14:14:35.000 UTC,0.99182731
2026-02-21 15:15:11.000 UTC,0.992011
2026-02-21 16:15:35.000 UTC,0.99208312
2026-02-21 17:15:35.000 UTC,0.99207009
2026-02-21 18:15:59.000 UTC,0.99210414
2026-02-21 19:16:11.000 UTC,0.99186902
2026-02-21 20:16:23.000 UTC,0.99211735
2026-02-21 21:16:47.000 UTC,0.99197238
2026-02-21 22:17:23.000 UTC,0.99188545
2026-02-21 23:17:47.000 UTC,0.99185353
2026-02-22 00:17:59.000 UTC,0.99193775
2026-02-22 01:18:23.000 UTC,0.99187667
2026-02-22 02:18:59.000 UTC,0.99193939
2026-02-22 03:19:35.000 UTC,0.99180665
2026-02-22 04:19:59.000 UTC,0.9917987
2026-02-22 05:20:35.000 UTC,0.99179733
2026-02-22 06:21:11.000 UTC,0.99180991
2026-02-22 07:21:35.000 UTC,0.9917934
2026-02-22 08:22:11.000 UTC,0.99179248
2026-02-22 09:22:35.000 UTC,0.99180955
2026-02-22 10:23:11.000 UTC,0.9918354
2026-02-22 11:23:47.000 UTC,0.99184286
2026-02-22 12:24:11.000 UTC,0.9918143
2026-02-22 13:24:47.000 UTC,0.99194224
2026-02-22 14:25:11.000 UTC,0.99174904
2026-02-22 15:25:35.000 UTC,0.99169769
2026-02-22 16:26:11.000 UTC,0.99183905
2026-02-22 17:26:47.000 UTC,0.99177832
2026-02-22 18:27:11.000 UTC,0.99167976
2026-02-22 19:27:47.000 UTC,0.99167119
2026-02-22 20:28:11.000 UTC,0.99157372
2026-02-22 21:28:23.000 UTC,0.99158728
2026-02-22 22:28:47.000 UTC,0.99147091
2026-02-22 23:29:23.000 UTC,0.99147965
2026-02-23 00:29:47.000 UTC,0.99152088
2026-02-23 01:29:47.000 UTC,0.99135114
2026-02-23 02:30:11.000 UTC,0.99139009
2026-02-23 03:30:23.000 UTC,0.99138692
2026-02-23 04:30:47.000 UTC,0.99148184
2026-02-23 05:31:23.000 UTC,0.99138174
2026-02-23 06:31:47.000 UTC,0.99134957
2026-02-23 07:32:23.000 UTC,0.99136659
2026-02-23 08:33:47.000 UTC,0.99140186
2026-02-23 09:33:59.000 UTC,0.99147811
2026-02-23 10:34:23.000 UTC,0.99149674
2026-02-23 11:34:59.000 UTC,0.99156967
2026-02-23 12:35:23.000 UTC,0.99152338
2026-02-23 13:35:35.000 UTC,0.99149968
2026-02-23 14:35:59.000 UTC,0.99145606
2026-02-23 15:36:35.000 UTC,0.99151466
2026-02-23 16:37:23.000 UTC,0.99145815
2026-02-23 17:37:35.000 UTC,0.9914021
2026-02-23 18:38:11.000 UTC,0.99141765
2026-02-23 19:38:35.000 UTC,0.99143184
2026-02-23 20:38:59.000 UTC,0.99141392
2026-02-23 21:39:11.000 UTC,0.99142495
2026-02-23 22:39:35.000 UTC,0.99142864
2026-02-23 23:40:11.000 UTC,0.99143266
2026-02-24 00:40:35.000 UTC,0.99146936
2026-02-24 01:41:11.000 UTC,0.99145985
2026-02-24 02:41:35.000 UTC,0.99137859
2026-02-24 03:41:35.000 UTC,0.99136182
2026-02-24 04:41:59.000 UTC,0.99144982
2026-02-24 05:42:11.000 UTC,0.99139631
2026-02-24 06:42:47.000 UTC,0.99131654
2026-02-24 07:43:23.000 UTC,0.99135794
2026-02-24 08:43:47.000 UTC,0.9913887
2026-02-24 09:44:23.000 UTC,0.99142293
2026-02-24 10:44:35.000 UTC,0.99139402
2026-02-24 11:44:47.000 UTC,0.99143681
2026-02-24 12:45:11.000 UTC,0.99145926
2026-02-24 13:45:47.000 UTC,0.99140759
2026-02-24 14:46:11.000 UTC,0.99155188
2026-02-24 15:46:23.000 UTC,0.99163939
2026-02-24 16:46:47.000 UTC,0.99158037
2026-02-24 17:47:23.000 UTC,0.9917357
2026-02-24 18:47:47.000 UTC,0.99174375
2026-02-24 19:47:59.000 UTC,0.9917971
2026-02-24 20:48:23.000 UTC,0.99167193
2026-02-24 21:48:59.000 UTC,0.99163653
2026-02-24 22:49:35.000 UTC,0.991627
2026-02-24 23:49:59.000 UTC,0.99163607
2026-02-25 00:50:35.000 UTC,0.99156954
2026-02-25 01:50:59.000 UTC,0.99201917
2026-02-25 02:51:59.000 UTC,0.99193076
2026-02-25 03:52:11.000 UTC,0.99179527
2026-02-25 04:52:47.000 UTC,0.99168864
2026-02-25 05:53:11.000 UTC,0.99167179
2026-02-25 06:53:47.000 UTC,0.99169738
2026-02-25 07:54:11.000 UTC,0.99167153
2026-02-25 08:55:35.000 UTC,0.99164626
2026-02-25 09:55:47.000 UTC,0.99161828
2026-02-25 10:56:23.000 UTC,0.99166501
2026-02-25 11:56:47.000 UTC,0.99172062
2026-02-25 12:57:23.000 UTC,0.99203524
2026-02-25 13:57:59.000 UTC,0.99177784
2026-02-25 14:58:35.000 UTC,0.99214016
2026-02-25 15:58:59.000 UTC,0.99209125
2026-02-25 16:59:23.000 UTC,0.99195697
2026-02-25 17:59:35.000 UTC,0.99227274
2026-02-25 18:59:59.000 UTC,0.9921007
2026-02-25 20:00:47.000 UTC,0.99197896
2026-02-25 21:00:59.000 UTC,0.99213352
2026-02-25 22:01:11.000 UTC,0.99214865
2026-02-25 23:01:35.000 UTC,0.99183056
2026-02-26 00:02:11.000 UTC,0.99187104
2026-02-26 01:02:35.000 UTC,0.991815
2026-02-26 02:03:47.000 UTC,0.99202546
2026-02-26 03:04:35.000 UTC,0.99200343
2026-02-26 04:04:47.000 UTC,0.992046
2026-02-26 05:05:23.000 UTC,0.991975
2026-02-26 06:05:59.000 UTC,0.99175494
2026-02-26 07:06:23.000 UTC,0.99194508
2026-02-26 08:06:59.000 UTC,0.99192755
2026-02-26 09:07:35.000 UTC,0.99174211
2026-02-26 10:07:59.000 UTC,0.99193934
2026-02-26 11:08:23.000 UTC,0.99162559
2026-02-26 12:08:35.000 UTC,0.99167287
2026-02-26 13:08:59.000 UTC,0.99199733
2026-02-26 14:09:35.000 UTC,0.99190037
2026-02-26 15:10:23.000 UTC,0.99165747
2026-02-26 16:10:47.000 UTC,0.99164653
2026-02-26 17:11:11.000 UTC,0.991522
2026-02-26 18:11:47.000 UTC,0.99160243
2026-02-26 19:12:11.000 UTC,0.99188945
2026-02-26 20:12:47.000 UTC,0.99195968
2026-02-26 21:13:11.000 UTC,0.9918478
2026-02-26 22:13:11.000 UTC,0.99189687
2026-02-26 23:13:23.000 UTC,0.99193934
2026-02-27 00:13:47.000 UTC,0.99210575
2026-02-27 01:14:47.000 UTC,0.99204133
2026-02-27 02:14:59.000 UTC,0.9918512
2026-02-27 03:15:23.000 UTC,0.99180558
2026-02-27 04:15:59.000 UTC,0.99202671
2026-02-27 05:16:23.000 UTC,0.99201195
2026-02-27 06:16:35.000 UTC,0.99205577
2026-02-27 07:16:59.000 UTC,0.99199084
2026-02-27 08:18:23.000 UTC,0.99199375
2026-02-27 09:18:35.000 UTC,0.99199175
2026-02-27 10:19:11.000 UTC,0.99173297
2026-02-27 11:19:59.000 UTC,0.99171662
2026-02-27 12:20:11.000 UTC,0.99164988
2026-02-27 13:20:47.000 UTC,0.99164809
2026-02-27 14:21:11.000 UTC,0.99167846
2026-02-27 15:21:47.000 UTC,0.9917127
2026-02-27 16:22:11.000 UTC,0.99171031
2026-02-27 17:22:23.000 UTC,0.99166272
2026-02-27 18:22:47.000 UTC,0.99169029
2026-02-27 19:23:23.000 UTC,0.99161962
2026-02-27 20:23:59.000 UTC,0.99158241
2026-02-27 21:24:35.000 UTC,0.99156731
2026-02-27 22:25:11.000 UTC,0.9915963
2026-02-27 23:25:23.000 UTC,0.99168758
2026-02-28 00:25:23.000 UTC,0.99179318
2026-02-28 01:25:35.000 UTC,0.99181285
2026-02-28 02:25:59.000 UTC,0.99178498
2026-02-28 03:25:59.000 UTC,0.99170812
2026-02-28 04:26:11.000 UTC,0.99172697
2026-02-28 05:26:35.000 UTC,0.991706
2026-02-28 06:27:23.000 UTC,0.99167808
2026-02-28 07:27:35.000 UTC,0.99165506
2026-02-28 08:27:47.000 UTC,0.99171821
2026-02-28 09:28:23.000 UTC,0.99174831
2026-02-28 10:28:59.000 UTC,0.99181419
2026-02-28 11:29:35.000 UTC,0.991799
2026-02-28 12:29:47.000 UTC,0.991863
2026-02-28 13:30:35.000 UTC,0.99186616
2026-02-28 14:30:59.000 UTC,0.99189797
2026-02-28 15:31:23.000 UTC,0.99186283
2026-02-28 16:32:11.000 UTC,0.99183859
2026-02-28 17:32:23.000 UTC,0.991803
2026-02-28 18:32:35.000 UTC,0.99183926
2026-02-28 19:32:59.000 UTC,0.99194575
2026-02-28 20:33:11.000 UTC,0.99207494
2026-02-28 21:33:35.000 UTC,0.99202307
2026-02-28 22:34:47.000 UTC,0.99202572
2026-02-28 23:35:23.000 UTC,0.99204624
2026-03-01 00:35:47.000 UTC,0.99208275
2026-03-01 01:36:11.000 UTC,0.99192567
2026-03-01 02:36:47.000 UTC,0.99225431
2026-03-01 03:37:11.000 UTC,0.992197
2026-03-01 04:37:23.000 UTC,0.99180236
2026-03-01 05:37:47.000 UTC,0.99174571
2026-03-01 06:38:23.000 UTC,0.99180798
2026-03-01 07:38:47.000 UTC,0.99175695
2026-03-01 08:38:59.000 UTC,0.9917942
2026-03-01 09:39:35.000 UTC,0.99172591
2026-03-01 10:40:47.000 UTC,0.99175515
2026-03-01 11:40:59.000 UTC,0.99176463
2026-03-01 12:41:35.000 UTC,0.99175971
2026-03-01 13:41:59.000 UTC,0.991723
2026-03-01 14:41:59.000 UTC,0.991908
2026-03-01 15:42:11.000 UTC,0.991916
2026-03-01 16:42:35.000 UTC,0.99192775
2026-03-01 17:43:11.000 UTC,0.99191859
2026-03-01 18:43:47.000 UTC,0.99199514
2026-03-01 19:44:35.000 UTC,0.9919036
2026-03-01 20:44:47.000 UTC,0.991852
2026-03-01 21:45:11.000 UTC,0.99186586
2026-03-01 22:45:11.000 UTC,0.99196163
2026-03-01 23:45:23.000 UTC,0.9919578
2026-03-02 00:47:11.000 UTC,0.9920829
2026-03-02 01:47:23.000 UTC,0.992056
2026-03-02 02:47:59.000 UTC,0.99169736
2026-03-02 03:48:23.000 UTC,0.99172338
2026-03-02 04:48:59.000 UTC,0.99173706
2026-03-02 05:49:35.000 UTC,0.99178764
2026-03-02 06:49:59.000 UTC,0.99163208
2026-03-02 07:50:35.000 UTC,0.99167431
2026-03-02 08:51:35.000 UTC,0.99171828
2026-03-02 09:52:11.000 UTC,0.99178631
2026-03-02 10:52:35.000 UTC,0.99142823
2026-03-02 11:53:11.000 UTC,0.99167453
2026-03-02 12:53:35.000 UTC,0.99152911
2026-03-02 13:53:47.000 UTC,0.99144487
2026-03-02 14:54:11.000 UTC,0.99145298
2026-03-02 15:54:23.000 UTC,0.99172076
2026-03-02 16:54:47.000 UTC,0.99188455
2026-03-02 17:55:23.000 UTC,0.99165336
2026-03-02 18:55:47.000 UTC,0.99163371
2026-03-02 19:55:47.000 UTC,0.99161649
2026-03-02 20:55:59.000 UTC,0.99174927
2026-03-02 21:56:23.000 UTC,0.99186734
2026-03-02 22:56:59.000 UTC,0.99189507
2026-03-02 23:57:35.000 UTC,0.99190396
2026-03-03 00:58:11.000 UTC,0.99196037
2026-03-03 01:58:35.000 UTC,0.99171895
2026-03-03 02:59:11.000 UTC,0.99175524
2026-03-03 03:59:35.000 UTC,0.99169821
2026-03-03 05:00:11.000 UTC,0.9917383
2026-03-03 06:00:47.000 UTC,0.99179528
2026-03-03 07:01:11.000 UTC,0.99221707
2026-03-03 08:01:47.000 UTC,0.992418
2026-03-03 09:02:11.000 UTC,0.992348
2026-03-03 10:02:11.000 UTC,0.9922675
2026-03-03 11:02:23.000 UTC,0.99224355
2026-03-03 12:02:47.000 UTC,0.99234339
2026-03-03 13:03:23.000 UTC,0.99214368
2026-03-03 14:03:47.000 UTC,0.99216635
2026-03-03 15:03:59.000 UTC,0.99184074
2026-03-03 16:04:47.000 UTC,0.9923931
2026-03-03 17:05:11.000 UTC,0.99218663
2026-03-03 18:05:47.000 UTC,0.992224
2026-03-03 19:06:23.000 UTC,0.99230891
2026-03-03 20:06:47.000 UTC,0.99224117
2026-03-03 21:07:23.000 UTC,0.99249804
2026-03-03 22:07:47.000 UTC,0.99224707
2026-03-03 23:07:59.000 UTC,0.99228779
2026-03-04 00:08:35.000 UTC,0.99224285
2026-03-04 01:08:59.000 UTC,0.99223528
2026-03-04 02:09:35.000 UTC,0.99221276
2026-03-04 03:09:59.000 UTC,0.99222576
2026-03-04 04:10:35.000 UTC,0.99219431
2026-03-04 05:10:59.000 UTC,0.992153
2026-03-04 06:11:23.000 UTC,0.99213881
2026-03-04 07:11:35.000 UTC,0.99203582
2026-03-04 08:12:11.000 UTC,0.99215537
2026-03-04 09:12:47.000 UTC,0.99247523
2026-03-04 10:13:11.000 UTC,0.99241228
2026-03-04 11:13:47.000 UTC,0.99242192
2026-03-04 12:14:11.000 UTC,0.9919636
2026-03-04 13:14:35.000 UTC,0.99190369
2026-03-04 14:15:11.000 UTC,0.99213513
2026-03-04 15:15:35.000 UTC,0.99214
2026-03-04 16:15:59.000 UTC,0.99228085
2026-03-04 17:16:11.000 UTC,0.99245818
2026-03-04 18:16:23.000 UTC,0.9923749
2026-03-04 19:16:47.000 UTC,0.9925965
2026-03-04 20:17:23.000 UTC,0.99260596
2026-03-04 21:17:47.000 UTC,0.99266333
2026-03-04 22:17:59.000 UTC,0.9926166
2026-03-04 23:18:35.000 UTC,0.99246138
2026-03-05 00:18:59.000 UTC,0.99251627
2026-03-05 01:19:11.000 UTC,0.99254522
2026-03-05 02:19:23.000 UTC,0.99247471
2026-03-05 03:19:47.000 UTC,0.99242888
2026-03-05 04:20:23.000 UTC,0.99242275
2026-03-05 05:20:47.000 UTC,0.992539
2026-03-05 06:20:59.000 UTC,0.99246597
2026-03-05 07:21:23.000 UTC,0.99237403
2026-03-05 08:22:11.000 UTC,0.99219465
2026-03-05 09:23:11.000 UTC,0.99216554
2026-03-05 10:23:35.000 UTC,0.99218298
2026-03-05 11:23:59.000 UTC,0.99218695
2026-03-05 12:24:35.000 UTC,0.99213062
2026-03-05 13:24:59.000 UTC,0.99213588
2026-03-05 14:24:59.000 UTC,0.99226899
2026-03-05 15:25:11.000 UTC,0.991885
2026-03-05 16:25:35.000 UTC,0.99200429
2026-03-05 17:25:35.000 UTC,0.9919038
2026-03-05 18:25:47.000 UTC,0.99189422
2026-03-05 19:26:11.000 UTC,0.99204172
2026-03-05 20:26:47.000 UTC,0.99191386
2026-03-05 21:27:47.000 UTC,0.99187423
2026-03-05 22:28:35.000 UTC,0.99186121
2026-03-05 23:28:47.000 UTC,0.99180513
2026-03-06 00:29:11.000 UTC,0.99194973
2026-03-06 01:29:47.000 UTC,0.99180787
2026-03-06 02:30:11.000 UTC,0.99178361
2026-03-06 03:30:47.000 UTC,0.99178981
2026-03-06 04:31:11.000 UTC,0.991873
2026-03-06 05:31:23.000 UTC,0.99172798
2026-03-06 06:31:59.000 UTC,0.99168606
2026-03-06 07:32:35.000 UTC,0.9919242
2026-03-06 08:32:59.000 UTC,0.991872
2026-03-06 09:33:35.000 UTC,0.99177239
2026-03-06 10:33:59.000 UTC,0.99177165
2026-03-06 11:34:11.000 UTC,0.99182916
2026-03-06 12:34:35.000 UTC,0.99185849
2026-03-06 13:34:47.000 UTC,0.99208503
2026-03-06 14:35:59.000 UTC,0.99194651
2026-03-06 15:36:11.000 UTC,0.991945
2026-03-06 16:36:47.000 UTC,0.991878
2026-03-06 17:37:35.000 UTC,0.99203858
2026-03-06 18:37:47.000 UTC,0.9920644
2026-03-06 19:38:35.000 UTC,0.99206447
2026-03-06 20:38:47.000 UTC,0.99201731
2026-03-06 21:38:47.000 UTC,0.99208193
2026-03-06 22:39:35.000 UTC,0.99204689
2026-03-06 23:39:59.000 UTC,0.99202578
2026-03-07 00:40:23.000 UTC,0.99201481
2026-03-07 01:40:35.000 UTC,0.99189675
2026-03-07 02:40:59.000 UTC,0.99202153
2026-03-07 03:41:35.000 UTC,0.99206884
2026-03-07 04:41:59.000 UTC,0.99194163
2026-03-07 05:41:59.000 UTC,0.99196222
2026-03-07 06:42:11.000 UTC,0.99193228
2026-03-07 07:42:35.000 UTC,0.99176667
2026-03-07 08:42:35.000 UTC,0.99193102
2026-03-07 09:42:47.000 UTC,0.99198168
2026-03-07 10:43:11.000 UTC,0.99198064
2026-03-07 11:43:47.000 UTC,0.99199391
2026-03-07 12:44:11.000 UTC,0.99201135
2026-03-07 13:44:23.000 UTC,0.99190349
2026-03-07 14:44:47.000 UTC,0.99209184
2026-03-07 15:45:23.000 UTC,0.99211438
2026-03-07 16:45:59.000 UTC,0.99215153
2026-03-07 17:46:23.000 UTC,0.99210432
2026-03-07 18:46:35.000 UTC,0.99218815
2026-03-07 19:46:59.000 UTC,0.992203
2026-03-07 20:47:35.000 UTC,0.99211978
2026-03-07 21:48:23.000 UTC,0.99217
2026-03-07 22:48:47.000 UTC,0.99217272
2026-03-07 23:49:11.000 UTC,0.99220001
2026-03-08 00:49:35.000 UTC,0.99215664
2026-03-08 01:49:35.000 UTC,0.99218451
2026-03-08 02:50:11.000 UTC,0.99213918
2026-03-08 03:50:47.000 UTC,0.99201256
2026-03-08 04:51:11.000 UTC,0.99201973
2026-03-08 05:51:23.000 UTC,0.99209824
2026-03-08 06:51:47.000 UTC,0.99208598
2026-03-08 07:52:23.000 UTC,0.99196661
2026-03-08 08:52:59.000 UTC,0.99197758
2026-03-08 09:53:35.000 UTC,0.99199576
2026-03-08 10:53:59.000 UTC,0.99213092
2026-03-08 11:54:23.000 UTC,0.99181265
2026-03-08 12:54:35.000 UTC,0.99212653
2026-03-08 13:54:59.000 UTC,0.99205802
2026-03-08 14:55:35.000 UTC,0.9920423
2026-03-08 15:56:11.000 UTC,0.99204823
2026-03-08 16:56:35.000 UTC,0.9921211
2026-03-08 17:57:11.000 UTC,0.9922244
2026-03-08 18:57:35.000 UTC,0.992142
2026-03-08 19:57:35.000 UTC,0.99229897
2026-03-08 20:57:47.000 UTC,0.99213742
2026-03-08 21:58:11.000 UTC,0.99227508
2026-03-08 22:58:47.000 UTC,0.992183
2026-03-08 23:59:11.000 UTC,0.99207528
2026-03-09 00:59:23.000 UTC,0.99223796
2026-03-09 01:59:47.000 UTC,0.99222408
2026-03-09 03:00:23.000 UTC,0.99221484
2026-03-09 04:01:11.000 UTC,0.99208499
2026-03-09 05:01:23.000 UTC,0.99212311
2026-03-09 06:01:59.000 UTC,0.99209917
2026-03-09 07:02:35.000 UTC,0.99209632
2026-03-09 08:02:59.000 UTC,0.9920426
2026-03-09 09:03:35.000 UTC,0.9919358
2026-03-09 10:03:59.000 UTC,0.99208905
2026-03-09 11:03:59.000 UTC,0.99199209
2026-03-09 12:04:11.000 UTC,0.99204384
2026-03-09 13:04:35.000 UTC,0.99209202
2026-03-09 14:05:11.000 UTC,0.99225792
2026-03-09 15:05:59.000 UTC,0.99228936
2026-03-09 16:06:11.000 UTC,0.99232641
2026-03-09 17:06:47.000 UTC,0.99238833
2026-03-09 18:07:11.000 UTC,0.99239087
2026-03-09 19:07:23.000 UTC,0.992389
2026-03-09 20:07:47.000 UTC,0.99253404
2026-03-09 21:08:23.000 UTC,0.99241984
2026-03-09 22:08:47.000 UTC,0.992441
2026-03-09 23:09:11.000 UTC,0.99226282
2026-03-10 00:09:23.000 UTC,0.99222363
2026-03-10 01:09:47.000 UTC,0.99227951
2026-03-10 02:10:47.000 UTC,0.99220585
2026-03-10 03:11:23.000 UTC,0.992281
2026-03-10 04:11:59.000 UTC,0.99238648
2026-03-10 05:12:23.000 UTC,0.99241851
2026-03-10 06:12:59.000 UTC,0.99243547
2026-03-10 07:13:23.000 UTC,0.992542
2026-03-10 08:13:59.000 UTC,0.99245808
2026-03-10 09:14:23.000 UTC,0.99254037
2026-03-10 10:14:35.000 UTC,0.99246172
2026-03-10 11:14:59.000 UTC,0.992419
2026-03-10 12:15:23.000 UTC,0.99244358
2026-03-10 13:15:59.000 UTC,0.99242478
2026-03-10 14:16:23.000 UTC,0.992262
2026-03-10 15:16:35.000 UTC,0.99245168
2026-03-10 16:17:11.000 UTC,0.99241135
2026-03-10 17:17:47.000 UTC,0.99246834
2026-03-10 18:18:11.000 UTC,0.99244887
2026-03-10 19:19:23.000 UTC,0.99239307
2026-03-10 20:19:47.000 UTC,0.99235809
2026-03-10 21:20:11.000 UTC,0.99230821
2026-03-10 22:20:11.000 UTC,0.99230547
2026-03-10 23:20:23.000 UTC,0.992394
2026-03-11 00:20:47.000 UTC,0.99237794
2026-03-11 01:21:23.000 UTC,0.99240122
2026-03-11 02:21:47.000 UTC,0.99238463
2026-03-11 03:21:59.000 UTC,0.99239583
2026-03-11 04:22:23.000 UTC,0.992379
2026-03-11 05:22:59.000 UTC,0.99239652
2026-03-11 06:23:35.000 UTC,0.992351
2026-03-11 07:23:59.000 UTC,0.99226759
2026-03-11 08:24:35.000 UTC,0.99226048
2026-03-11 09:24:59.000 UTC,0.99224038
2026-03-11 10:25:11.000 UTC,0.9920117
2026-03-11 11:25:35.000 UTC,0.99217038
2026-03-11 12:26:11.000 UTC,0.99220226
2026-03-11 13:26:47.000 UTC,0.99226276
2026-03-11 14:27:11.000 UTC,0.99215846
2026-03-11 15:27:47.000 UTC,0.99227215
2026-03-11 16:28:11.000 UTC,0.99230481
2026-03-11 17:28:35.000 UTC,0.99237
2026-03-11 18:29:11.000 UTC,0.99232872
2026-03-11 19:29:35.000 UTC,0.99233393
2026-03-11 20:30:11.000 UTC,0.99229849
2026-03-11 21:30:47.000 UTC,0.99225712
2026-03-11 22:31:11.000 UTC,0.992251
2026-03-11 23:31:47.000 UTC,0.99226046
2026-03-12 00:32:11.000 UTC,0.99230203
2026-03-12 01:32:23.000 UTC,0.99224502
2026-03-12 02:32:47.000 UTC,0.99227273
2026-03-12 03:33:23.000 UTC,0.99226467
2026-03-12 04:33:59.000 UTC,0.992263
2026-03-12 05:34:23.000 UTC,0.992249
2026-03-12 06:34:59.000 UTC,0.99230566
2026-03-12 07:35:23.000 UTC,0.992326
2026-03-12 08:35:59.000 UTC,0.99231477
2026-03-12 09:36:35.000 UTC,0.99223045
2026-03-12 10:37:59.000 UTC,0.9923222
2026-03-12 11:38:35.000 UTC,0.99230341
2026-03-12 12:39:11.000 UTC,0.992169
2026-03-12 13:39:35.000 UTC,0.992176
2026-03-12 14:40:11.000 UTC,0.99182969
2026-03-12 15:40:35.000 UTC,0.9922399
2026-03-12 16:40:47.000 UTC,0.99241758
2026-03-12 17:41:11.000 UTC,0.99244595
2026-03-12 18:41:47.000 UTC,0.99263968
2026-03-12 19:42:11.000 UTC,0.99262305
2026-03-12 20:42:23.000 UTC,0.9924881
2026-03-12 21:42:59.000 UTC,0.99247805
2026-03-12 22:43:23.000 UTC,0.992505
2026-03-12 23:43:59.000 UTC,0.99253683
2026-03-13 00:44:23.000 UTC,0.99255892
2026-03-13 01:44:35.000 UTC,0.99249505
2026-03-13 02:44:59.000 UTC,0.99247768
2026-03-13 03:45:35.000 UTC,0.99249031
2026-03-13 04:45:59.000 UTC,0.992572
2026-03-13 05:46:11.000 UTC,0.992559
2026-03-13 06:46:47.000 UTC,0.99254168
2026-03-13 07:47:11.000 UTC,0.99253692
2026-03-13 08:47:47.000 UTC,0.99261519
2026-03-13 09:48:47.000 UTC,0.99259153
2026-03-13 10:49:11.000 UTC,0.99264736
2026-03-13 11:49:23.000 UTC,0.99260934
2026-03-13 12:49:47.000 UTC,0.99262422
2026-03-13 13:50:11.000 UTC,0.9929037
2026-03-13 14:50:35.000 UTC,0.9927148
2026-03-13 15:51:11.000 UTC,0.99280238
2026-03-13 16:51:47.000 UTC,0.99269758
2026-03-13 17:52:11.000 UTC,0.9925606
2026-03-13 18:52:47.000 UTC,0.99285008
2026-03-13 19:53:11.000 UTC,0.99286933
2026-03-13 20:53:11.000 UTC,0.99294588
2026-03-13 21:53:23.000 UTC,0.99297437
2026-03-13 22:53:59.000 UTC,0.99274505
2026-03-13 23:54:23.000 UTC,0.99279849
2026-03-14 00:54:59.000 UTC,0.99275701
2026-03-14 01:55:23.000 UTC,0.99274013
2026-03-14 02:55:59.000 UTC,0.99268797
2026-03-14 03:56:35.000 UTC,0.992696
2026-03-14 04:56:59.000 UTC,0.99272657
2026-03-14 05:57:35.000 UTC,0.99270357
2026-03-14 06:58:11.000 UTC,0.99285634
2026-03-14 07:58:35.000 UTC,0.99286445
2026-03-14 08:59:11.000 UTC,0.99283671
2026-03-14 09:59:35.000 UTC,0.99285263
2026-03-14 10:59:35.000 UTC,0.99272209
2026-03-14 11:59:47.000 UTC,0.992892
2026-03-14 13:00:11.000 UTC,0.99292422
2026-03-14 14:00:47.000 UTC,0.99275473
2026-03-14 15:01:23.000 UTC,0.99272147
2026-03-14 16:01:47.000 UTC,0.99276469
2026-03-14 17:02:23.000 UTC,0.99290723
2026-03-14 18:02:59.000 UTC,0.99293041
2026-03-14 19:03:23.000 UTC,0.99295119
2026-03-14 20:03:59.000 UTC,0.99275642
2026-03-14 21:04:23.000 UTC,0.992748
2026-03-14 22:04:47.000 UTC,0.9927815
2026-03-14 23:04:59.000 UTC,0.99278442
2026-03-15 00:05:47.000 UTC,0.99282045
2026-03-15 01:05:59.000 UTC,0.99290645
2026-03-15 02:06:11.000 UTC,0.99296833
2026-03-15 03:06:35.000 UTC,0.99298
2026-03-15 04:07:11.000 UTC,0.99291544
2026-03-15 05:07:35.000 UTC,0.99274805
2026-03-15 06:07:47.000 UTC,0.99276813
2026-03-15 07:08:11.000 UTC,0.99273178
2026-03-15 08:08:47.000 UTC,0.99264942
2026-03-15 09:09:23.000 UTC,0.99271621
2026-03-15 10:09:47.000 UTC,0.99256275
2026-03-15 11:10:23.000 UTC,0.99259706
2026-03-15 12:10:47.000 UTC,0.9926595
2026-03-15 13:10:47.000 UTC,0.99266982
2026-03-15 14:10:59.000 UTC,0.99266647
2026-03-15 15:11:23.000 UTC,0.99262404
2026-03-15 16:11:59.000 UTC,0.99264873
2026-03-15 17:12:23.000 UTC,0.99269571
2026-03-15 18:12:35.000 UTC,0.99291689
2026-03-15 19:13:23.000 UTC,0.99277801
2026-03-15 20:13:35.000 UTC,0.99280785
2026-03-15 21:14:11.000 UTC,0.99278681
2026-03-15 22:14:47.000 UTC,0.9929176
2026-03-15 23:15:23.000 UTC,0.99306964
2026-03-16 00:15:47.000 UTC,0.99302228
2026-03-16 01:16:11.000 UTC,0.99291131
2026-03-16 02:16:47.000 UTC,0.9928353
2026-03-16 03:17:11.000 UTC,0.99278666
2026-03-16 04:17:23.000 UTC,0.99303015
2026-03-16 05:17:47.000 UTC,0.99294852
2026-03-16 06:18:23.000 UTC,0.9927843
2026-03-16 07:18:47.000 UTC,0.992814
2026-03-16 08:18:47.000 UTC,0.99291702
2026-03-16 09:18:59.000 UTC,0.99305397
2026-03-16 10:19:23.000 UTC,0.99311105
2026-03-16 11:20:11.000 UTC,0.9931329
2026-03-16 12:20:47.000 UTC,0.99311763
2026-03-16 13:21:11.000 UTC,0.99313478
2026-03-16 14:21:35.000 UTC,0.99290743
2026-03-16 15:22:11.000 UTC,0.99291871
2026-03-16 16:22:47.000 UTC,0.99292047
2026-03-16 17:23:11.000 UTC,0.99290831
2026-03-16 18:23:47.000 UTC,0.99292918
2026-03-16 19:24:11.000 UTC,0.992939
2026-03-16 20:24:23.000 UTC,0.99295449
2026-03-16 21:24:47.000 UTC,0.99278824
2026-03-16 22:25:23.000 UTC,0.99289513
2026-03-16 23:25:59.000 UTC,0.99272055
2026-03-17 00:26:35.000 UTC,0.99274564
2026-03-17 01:26:59.000 UTC,0.99273842
2026-03-17 02:27:35.000 UTC,0.992724
2026-03-17 03:27:59.000 UTC,0.99269982
2026-03-17 04:28:35.000 UTC,0.99267131
2026-03-17 05:28:59.000 UTC,0.99266778
2026-03-17 06:29:35.000 UTC,0.99265995
2026-03-17 07:30:11.000 UTC,0.992986
2026-03-17 08:30:35.000 UTC,0.99274288
2026-03-17 09:31:11.000 UTC,0.99276966
2026-03-17 10:31:35.000 UTC,0.992944
2026-03-17 11:31:47.000 UTC,0.99299037
2026-03-17 12:32:11.000 UTC,0.993059
2026-03-17 13:32:35.000 UTC,0.99304579
2026-03-17 14:33:11.000 UTC,0.993037
2026-03-17 15:33:35.000 UTC,0.99280719
2026-03-17 16:34:23.000 UTC,0.99292671
2026-03-17 17:34:35.000 UTC,0.9931125
2026-03-17 18:34:47.000 UTC,0.99301355
2026-03-17 19:35:23.000 UTC,0.9930844
2026-03-17 20:35:47.000 UTC,0.99305342
2026-03-17 21:36:23.000 UTC,0.99282309
2026-03-17 22:36:47.000 UTC,0.99295064
2026-03-17 23:37:23.000 UTC,0.99292454
2026-03-18 00:37:47.000 UTC,0.99298221
2026-03-18 01:38:59.000 UTC,0.99294563
2026-03-18 02:39:11.000 UTC,0.99281473
2026-03-18 03:39:47.000 UTC,0.993009
2026-03-18 04:40:11.000 UTC,0.99272464
2026-03-18 05:40:47.000 UTC,0.992733
2026-03-18 06:41:11.000 UTC,0.992706
2026-03-18 07:41:23.000 UTC,0.99257763
2026-03-18 08:41:47.000 UTC,0.992592
2026-03-18 09:42:11.000 UTC,0.99273952
2026-03-18 10:43:47.000 UTC,0.99269443
2026-03-18 11:44:11.000 UTC,0.99254294
2026-03-18 12:44:11.000 UTC,0.99254735
2026-03-18 13:44:23.000 UTC,0.99221963
2026-03-18 14:44:47.000 UTC,0.99194793
2026-03-18 15:45:23.000 UTC,0.99200444
2026-03-18 16:45:47.000 UTC,0.99208951
2026-03-18 17:46:23.000 UTC,0.992108
2026-03-18 18:46:35.000 UTC,0.9920746
2026-03-18 19:46:59.000 UTC,0.99211207
2026-03-18 20:47:35.000 UTC,0.99209091
2026-03-18 21:47:59.000 UTC,0.99205078
2026-03-18 22:48:35.000 UTC,0.99200131
2026-03-18 23:48:59.000 UTC,0.99226183
2026-03-19 00:49:11.000 UTC,0.99232401
2026-03-19 01:49:47.000 UTC,0.99235233
2026-03-19 02:50:47.000 UTC,0.99221438
2026-03-19 03:51:23.000 UTC,0.99227928
2026-03-19 04:51:47.000 UTC,0.99220941
2026-03-19 05:52:11.000 UTC,0.99214652
2026-03-19 06:53:11.000 UTC,0.99205691
2026-03-19 07:53:23.000 UTC,0.99209457
2026-03-19 08:53:47.000 UTC,0.9921284
2026-03-19 09:54:35.000 UTC,0.99224497
2026-03-19 10:54:59.000 UTC,0.99223733
2026-03-19 11:55:23.000 UTC,0.99226251
2026-03-19 12:56:11.000 UTC,0.99185073
2026-03-19 13:56:23.000 UTC,0.99222098
2026-03-19 14:56:35.000 UTC,0.99222542
2026-03-19 15:56:59.000 UTC,0.99212
2026-03-19 16:57:35.000 UTC,0.99214932
2026-03-19 17:57:59.000 UTC,0.992159
2026-03-19 18:58:23.000 UTC,0.99219521
2026-03-19 19:58:35.000 UTC,0.99216
2026-03-19 20:59:11.000 UTC,0.99216154
2026-03-19 21:59:47.000 UTC,0.99210899
2026-03-19 23:00:35.000 UTC,0.99188627
2026-03-20 00:00:47.000 UTC,0.99203035
2026-03-20 01:01:11.000 UTC,0.9920952
2026-03-20 02:01:59.000 UTC,0.99213598
2026-03-20 03:02:23.000 UTC,0.99213436
2026-03-20 04:02:47.000 UTC,0.992142
2026-03-20 05:02:59.000 UTC,0.99210506
2026-03-20 06:03:35.000 UTC,0.99209221
2026-03-20 07:03:59.000 UTC,0.99206723
2026-03-20 08:04:11.000 UTC,0.99195741
2026-03-20 09:04:35.000 UTC,0.99224391
2026-03-20 10:05:11.000 UTC,0.99215422
2026-03-20 11:05:35.000 UTC,0.99232166
2026-03-20 12:05:59.000 UTC,0.99236937
2026-03-20 13:06:35.000 UTC,0.99240385
2026-03-20 14:07:47.000 UTC,0.99217522
2026-03-20 15:07:59.000 UTC,0.99225186
2026-03-20 16:08:11.000 UTC,0.99222755
2026-03-20 17:08:59.000 UTC,0.99217886
2026-03-20 18:09:11.000 UTC,0.99220702
2026-03-20 19:09:47.000 UTC,0.9921453
2026-03-20 20:10:11.000 UTC,0.99216302
2026-03-20 21:10:47.000 UTC,0.99223611
2026-03-20 22:11:11.000 UTC,0.99236259
2026-03-20 23:11:35.000 UTC,0.99234264
2026-03-21 00:11:47.000 UTC,0.99229953
2026-03-21 01:12:23.000 UTC,0.99234419
2026-03-21 02:12:47.000 UTC,0.9923154
2026-03-21 03:12:59.000 UTC,0.99228872
2026-03-21 04:13:23.000 UTC,0.9923631
2026-03-21 05:13:59.000 UTC,0.992321
2026-03-21 06:14:23.000 UTC,0.992404
2026-03-21 07:14:35.000 UTC,0.99237922
2026-03-21 08:14:59.000 UTC,0.99232347
2026-03-21 09:15:35.000 UTC,0.99234425
2026-03-21 10:15:59.000 UTC,0.99233206
2026-03-21 11:15:59.000 UTC,0.99231474
2026-03-21 12:16:11.000 UTC,0.99232075
2026-03-21 13:16:47.000 UTC,0.99233225
2026-03-21 14:17:23.000 UTC,0.99240778
2026-03-21 15:17:47.000 UTC,0.99230746
2026-03-21 16:18:11.000 UTC,0.9922791
2026-03-21 17:19:11.000 UTC,0.99228567
2026-03-21 18:19:23.000 UTC,0.99217083
2026-03-21 19:20:11.000 UTC,0.9921591
2026-03-21 20:20:23.000 UTC,0.99219422
2026-03-21 21:20:47.000 UTC,0.99216838
2026-03-21 22:20:59.000 UTC,0.99217842
2026-03-21 23:21:23.000 UTC,0.99214199
2026-03-22 00:21:59.000 UTC,0.991869
2026-03-22 01:22:23.000 UTC,0.99210833
2026-03-22 02:22:35.000 UTC,0.99207211
2026-03-22 03:23:11.000 UTC,0.99194034
2026-03-22 04:23:35.000 UTC,0.99213395
2026-03-22 05:23:59.000 UTC,0.99230334
2026-03-22 06:24:11.000 UTC,0.99221566
2026-03-22 07:24:35.000 UTC,0.99218122
2026-03-22 08:25:23.000 UTC,0.99187594
2026-03-22 09:25:35.000 UTC,0.99190699
2026-03-22 10:25:47.000 UTC,0.99196969
2026-03-22 11:26:35.000 UTC,0.99189265
2026-03-22 12:26:47.000 UTC,0.99191162
2026-03-22 13:27:23.000 UTC,0.99181092
2026-03-22 14:27:47.000 UTC,0.99181079
2026-03-22 15:28:23.000 UTC,0.9917816
2026-03-22 16:28:59.000 UTC,0.99176674
2026-03-22 17:29:23.000 UTC,0.99183705
2026-03-22 18:29:59.000 UTC,0.99178213
2026-03-22 19:30:35.000 UTC,0.99171918
2026-03-22 20:30:59.000 UTC,0.99175573
2026-03-22 21:31:35.000 UTC,0.99163237
2026-03-22 22:31:59.000 UTC,0.99183343
2026-03-22 23:32:35.000 UTC,0.99192653
2026-03-23 00:33:59.000 UTC,0.99171593
2026-03-23 01:34:11.000 UTC,0.99186315
2026-03-23 02:34:35.000 UTC,0.99187431
2026-03-23 03:35:23.000 UTC,0.99176424
2026-03-23 04:35:47.000 UTC,0.99125433
2026-03-23 05:36:11.000 UTC,0.99136688
2026-03-23 06:38:11.000 UTC,0.99118149
2026-03-23 07:39:35.000 UTC,0.99129026
2026-03-23 08:39:47.000 UTC,0.99122325
2026-03-23 09:40:23.000 UTC,0.99107753
2026-03-23 10:40:47.000 UTC,0.99113135
2026-03-23 11:41:23.000 UTC,0.99130638
2026-03-23 12:42:47.000 UTC,0.9914305
2026-03-23 13:44:23.000 UTC,0.99140324
2026-03-23 14:44:59.000 UTC,0.99139326
2026-03-23 15:45:23.000 UTC,0.99141856
2026-03-23 16:45:59.000 UTC,0.99107
2026-03-23 17:46:47.000 UTC,0.99136121
2026-03-23 18:47:35.000 UTC,0.99135815
2026-03-23 19:48:11.000 UTC,0.99136713
2026-03-23 20:48:35.000 UTC,0.9913772
2026-03-23 21:49:11.000 UTC,0.99139158
2026-03-23 22:49:47.000 UTC,0.9912463
2026-03-23 23:50:11.000 UTC,0.99134987
2026-03-24 00:50:47.000 UTC,0.9913964
2026-03-24 01:51:47.000 UTC,0.99142162
2026-03-24 02:52:11.000 UTC,0.99140671
2026-03-24 03:52:23.000 UTC,0.99135124
2026-03-24 04:52:47.000 UTC,0.99130542
2026-03-24 05:52:59.000 UTC,0.9913204
2026-03-24 06:54:11.000 UTC,0.9912401
2026-03-24 07:54:23.000 UTC,0.99139301
2026-03-24 08:54:59.000 UTC,0.99136778
2026-03-24 09:55:23.000 UTC,0.99139112
2026-03-24 10:55:35.000 UTC,0.99134603
2026-03-24 11:55:59.000 UTC,0.99142307
2026-03-24 12:56:35.000 UTC,0.99143312
2026-03-24 13:56:59.000 UTC,0.99137373
2026-03-24 14:57:11.000 UTC,0.99125353
2026-03-24 15:57:35.000 UTC,0.99142449
2026-03-24 16:58:11.000 UTC,0.99123775
2026-03-24 17:58:47.000 UTC,0.99110863
2026-03-24 18:59:11.000 UTC,0.9910695
2026-03-24 19:59:47.000 UTC,0.99109148
2026-03-24 21:00:11.000 UTC,0.991227
2026-03-24 22:00:23.000 UTC,0.99122872
2026-03-24 23:00:59.000 UTC,0.99125676
2026-03-25 00:01:23.000 UTC,0.99129091
2026-03-25 01:01:47.000 UTC,0.99126396
2026-03-25 02:01:59.000 UTC,0.99096743
2026-03-25 03:02:23.000 UTC,0.9909296
2026-03-25 04:02:59.000 UTC,0.991224
2026-03-25 05:03:23.000 UTC,0.99119975
2026-03-25 06:03:35.000 UTC,0.99118933
2026-03-25 07:03:59.000 UTC,0.99122431
2026-03-25 08:04:35.000 UTC,0.99125821
2026-03-25 09:04:59.000 UTC,0.99126452
2026-03-25 10:05:11.000 UTC,0.991279
2026-03-25 11:05:35.000 UTC,0.99125779
2026-03-25 12:06:11.000 UTC,0.991238
2026-03-25 13:06:47.000 UTC,0.991218
2026-03-25 14:07:11.000 UTC,0.99121234
2026-03-25 15:07:59.000 UTC,0.991233
2026-03-25 16:08:23.000 UTC,0.991236
2026-03-25 17:08:47.000 UTC,0.99130778
2026-03-25 18:09:23.000 UTC,0.99128387
2026-03-25 19:09:47.000 UTC,0.99158844
2026-03-25 20:10:23.000 UTC,0.99157671
2026-03-25 21:10:59.000 UTC,0.991472
2026-03-25 22:11:23.000 UTC,0.991463
2026-03-25 23:11:59.000 UTC,0.991552
2026-03-26 00:12:23.000 UTC,0.99151246
2026-03-26 01:12:35.000 UTC,0.9914391
2026-03-26 02:12:59.000 UTC,0.99148131
2026-03-26 03:14:35.000 UTC,0.99144851
2026-03-26 04:15:11.000 UTC,0.9913563
2026-03-26 05:15:47.000 UTC,0.991275
2026-03-26 06:16:11.000 UTC,0.99118643
2026-03-26 07:16:23.000 UTC,0.99124143
2026-03-26 08:16:47.000 UTC,0.9912796
2026-03-26 09:16:59.000 UTC,0.99124736
2026-03-26 10:17:35.000 UTC,0.99100356
2026-03-26 11:18:11.000 UTC,0.99105512
2026-03-26 12:18:35.000 UTC,0.99106003
2026-03-26 13:19:11.000 UTC,0.99102425
2026-03-26 14:19:35.000 UTC,0.9911679
2026-03-26 15:20:11.000 UTC,0.9911649
2026-03-26 16:20:47.000 UTC,0.991174
2026-03-26 17:21:11.000 UTC,0.99110934
2026-03-26 18:21:47.000 UTC,0.990954
2026-03-26 19:22:11.000 UTC,0.99108706
2026-03-26 20:22:23.000 UTC,0.99145832
2026-03-26 21:22:47.000 UTC,0.9912784
2026-03-26 22:23:23.000 UTC,0.99133723
2026-03-26 23:24:35.000 UTC,0.99132135
2026-03-27 00:24:59.000 UTC,0.99134496
2026-03-27 01:25:23.000 UTC,0.99129975
2026-03-27 02:25:59.000 UTC,0.99135901
2026-03-27 03:26:23.000 UTC,0.99132545
2026-03-27 04:26:35.000 UTC,0.990348
2026-03-27 05:27:11.000 UTC,0.99050833
2026-03-27 06:27:35.000 UTC,0.99050731
2026-03-27 07:28:11.000 UTC,0.99057325
2026-03-27 08:28:47.000 UTC,0.99048902
2026-03-27 09:29:23.000 UTC,0.990523
2026-03-27 10:29:47.000 UTC,0.99052236
2026-03-27 11:30:11.000 UTC,0.99036876
2026-03-27 12:30:47.000 UTC,0.990404
2026-03-27 13:31:11.000 UTC,0.99060438
2026-03-27 14:31:23.000 UTC,0.99045691
2026-03-27 15:31:47.000 UTC,0.99055853
2026-03-27 16:32:23.000 UTC,0.990502
2026-03-27 17:32:47.000 UTC,0.99054
2026-03-27 18:32:59.000 UTC,0.992617
2026-03-27 19:33:23.000 UTC,0.992476
2026-03-27 20:33:59.000 UTC,0.992517
2026-03-27 21:34:23.000 UTC,0.992537
2026-03-27 22:34:35.000 UTC,0.992602
2026-03-27 23:34:59.000 UTC,0.99257427
2026-03-28 00:35:35.000 UTC,0.992538
2026-03-28 01:36:35.000 UTC,0.99254644
2026-03-28 02:37:11.000 UTC,0.992614
2026-03-28 03:37:35.000 UTC,0.992485
2026-03-28 04:38:11.000 UTC,0.992542
2026-03-28 05:38:47.000 UTC,0.992586
2026-03-28 06:39:23.000 UTC,0.992596
2026-03-28 07:39:47.000 UTC,0.992589
2026-03-28 08:40:23.000 UTC,0.992524
2026-03-28 09:40:47.000 UTC,0.992615
2026-03-28 10:41:23.000 UTC,0.99264
2026-03-28 11:41:47.000 UTC,0.992641
2026-03-28 12:41:59.000 UTC,0.99273548
2026-03-28 13:42:23.000 UTC,0.99269964
2026-03-28 14:43:47.000 UTC,0.992711
2026-03-28 15:44:23.000 UTC,0.991788
2026-03-28 16:44:35.000 UTC,0.99170261
2026-03-28 17:44:59.000 UTC,0.991887
2026-03-28 18:45:35.000 UTC,0.9918475
2026-03-28 19:45:47.000 UTC,0.991766
2026-03-28 20:46:11.000 UTC,0.99199938
2026-03-28 21:46:47.000 UTC,0.9919649
2026-03-28 22:47:11.000 UTC,0.99205398
2026-03-28 23:47:47.000 UTC,0.99179406
2026-03-29 00:48:23.000 UTC,0.99191787
2026-03-29 01:48:47.000 UTC,0.991853
2026-03-29 02:49:23.000 UTC,0.9918673
2026-03-29 03:49:47.000 UTC,0.99201401
2026-03-29 04:49:47.000 UTC,0.992019
2026-03-29 05:49:59.000 UTC,0.99197691
2026-03-29 06:50:23.000 UTC,0.99202915
2026-03-29 07:50:23.000 UTC,0.991932
2026-03-29 08:50:35.000 UTC,0.99198697
2026-03-29 09:50:59.000 UTC,0.991966
2026-03-29 10:51:35.000 UTC,0.991972
2026-03-29 11:51:59.000 UTC,0.99202801
2026-03-29 12:52:11.000 UTC,0.99198
2026-03-29 13:52:35.000 UTC,0.99182142
2026-03-29 14:53:47.000 UTC,0.99190115
2026-03-29 15:53:59.000 UTC,0.99182
2026-03-29 16:54:35.000 UTC,0.99181629
2026-03-29 17:54:59.000 UTC,0.99181735
2026-03-29 18:55:35.000 UTC,0.99187872
2026-03-29 19:56:11.000 UTC,0.99200779
2026-03-29 20:56:35.000 UTC,0.991989
2026-03-29 21:57:11.000 UTC,0.992037
2026-03-29 22:57:59.000 UTC,0.99206255
2026-03-29 23:58:11.000 UTC,0.992125
2026-03-30 00:58:47.000 UTC,0.992102
2026-03-30 01:59:11.000 UTC,0.99221171
2026-03-30 02:59:23.000 UTC,0.99226261
2026-03-30 03:59:47.000 UTC,0.992187
2026-03-30 05:00:23.000 UTC,0.992186
2026-03-30 06:00:47.000 UTC,0.99211628
2026-03-30 07:00:47.000 UTC,0.992117
2026-03-30 08:00:59.000 UTC,0.992228
2026-03-30 09:01:23.000 UTC,0.992268
2026-03-30 10:01:47.000 UTC,0.992048
2026-03-30 11:02:23.000 UTC,0.991882
2026-03-30 12:02:47.000 UTC,0.991764
2026-03-30 13:03:11.000 UTC,0.991853
2026-03-30 14:03:47.000 UTC,0.99189772
2026-03-30 15:04:23.000 UTC,0.992115
2026-03-30 16:04:35.000 UTC,0.992181
2026-03-30 17:04:47.000 UTC,0.992132
2026-03-30 18:05:11.000 UTC,0.992024
2026-03-30 19:05:47.000 UTC,0.992009
2026-03-30 20:06:11.000 UTC,0.991986
2026-03-30 21:06:23.000 UTC,0.992087
2026-03-30 22:07:59.000 UTC,0.992119
2026-03-30 23:08:23.000 UTC,0.991916
2026-03-31 00:08:35.000 UTC,0.99194024
2026-03-31 01:08:47.000 UTC,0.99173
2026-03-31 02:09:23.000 UTC,0.992118
2026-03-31 03:10:11.000 UTC,0.99211
2026-03-31 04:10:35.000 UTC,0.992017
2026-03-31 05:10:47.000 UTC,0.991977
2026-03-31 06:10:59.000 UTC,0.991941
2026-03-31 07:11:23.000 UTC,0.991915
2026-03-31 08:11:47.000 UTC,0.991733
2026-03-31 09:12:23.000 UTC,0.991907
2026-03-31 10:12:47.000 UTC,0.991773
2026-03-31 11:13:23.000 UTC,0.991784
2026-03-31 12:13:47.000 UTC,0.991775
2026-03-31 13:14:11.000 UTC,0.99173491
2026-03-31 14:14:47.000 UTC,0.991884
2026-03-31 15:16:23.000 UTC,0.9918
2026-03-31 16:16:47.000 UTC,0.991743
2026-03-31 17:17:23.000 UTC,0.992013
2026-03-31 18:17:47.000 UTC,0.992049
2026-03-31 19:18:23.000 UTC,0.992081
2026-03-31 20:18:59.000 UTC,0.992066
2026-03-31 21:20:23.000 UTC,0.991997
2026-03-31 22:20:59.000 UTC,0.992076
2026-03-31 23:21:59.000 UTC,0.992049
2026-04-01 00:22:23.000 UTC,0.99190858
2026-04-01 01:22:47.000 UTC,0.99182512
2026-04-01 02:23:23.000 UTC,0.99196599
2026-04-01 03:23:47.000 UTC,0.992011
2026-04-01 04:23:47.000 UTC,0.991879
2026-04-01 05:23:59.000 UTC,0.99193
2026-04-01 06:24:11.000 UTC,0.99197
2026-04-01 07:24:47.000 UTC,0.992101
2026-04-01 08:25:23.000 UTC,0.992054
2026-04-01 09:25:47.000 UTC,0.99075606
2026-04-01 10:26:35.000 UTC,0.99076943
2026-04-01 11:26:47.000 UTC,0.99073747
2026-04-01 12:26:59.000 UTC,0.99073674
2026-04-01 13:27:35.000 UTC,0.990787
2026-04-01 14:27:59.000 UTC,0.99074501
2026-04-01 15:28:23.000 UTC,0.99095546
2026-04-01 16:28:35.000 UTC,0.99097187
2026-04-01 17:29:23.000 UTC,0.99107545
2026-04-01 18:29:35.000 UTC,0.99101335
2026-04-01 19:30:47.000 UTC,0.99105579
2026-04-01 20:31:11.000 UTC,0.991284
2026-04-01 21:31:35.000 UTC,0.99136957
2026-04-01 22:32:11.000 UTC,0.991372
2026-04-01 23:32:35.000 UTC,0.991302
2026-04-02 00:32:47.000 UTC,0.99130264
2026-04-02 01:33:11.000 UTC,0.99101691
2026-04-02 02:33:47.000 UTC,0.9910299
2026-04-02 03:34:35.000 UTC,0.991062
2026-04-02 04:34:47.000 UTC,0.99070011
2026-04-02 05:35:23.000 UTC,0.99071219
2026-04-02 06:35:47.000 UTC,0.99066114
2026-04-02 07:35:59.000 UTC,0.990636
2026-04-02 08:36:23.000 UTC,0.99064404
2026-04-02 09:36:59.000 UTC,0.99057338
2026-04-02 10:37:23.000 UTC,0.990537
2026-04-02 11:37:35.000 UTC,0.99049569
2026-04-02 12:37:59.000 UTC,0.99055591
2026-04-02 13:38:35.000 UTC,0.99056115
2026-04-02 14:39:11.000 UTC,0.991204
2026-04-02 15:39:35.000 UTC,0.990764
2026-04-02 16:40:11.000 UTC,0.99084725
2026-04-02 17:40:35.000 UTC,0.99066489
2026-04-02 18:40:47.000 UTC,0.99068261
2026-04-02 19:41:23.000 UTC,0.99075758
2026-04-02 20:42:35.000 UTC,0.990763
2026-04-02 21:43:23.000 UTC,0.990735
2026-04-02 22:43:35.000 UTC,0.99090131
2026-04-02 23:45:11.000 UTC,0.99080879
2026-04-03 00:45:47.000 UTC,0.9908647
2026-04-03 01:45:59.000 UTC,0.99068773
2026-04-03 02:46:23.000 UTC,0.99054756
2026-04-03 03:46:59.000 UTC,0.99058206
2026-04-03 04:47:35.000 UTC,0.99062641
2026-04-03 05:47:59.000 UTC,0.990618
2026-04-03 06:48:23.000 UTC,0.990582
2026-04-03 07:48:59.000 UTC,0.99057359
2026-04-03 08:49:35.000 UTC,0.99050743
2026-04-03 09:50:11.000 UTC,0.99059606
2026-04-03 10:50:23.000 UTC,0.99058528
2026-04-03 11:50:35.000 UTC,0.99077638
2026-04-03 12:50:47.000 UTC,0.99065026
2026-04-03 13:51:11.000 UTC,0.99065134
2026-04-03 14:51:47.000 UTC,0.99062779
2026-04-03 15:52:11.000 UTC,0.9905463
2026-04-03 16:52:23.000 UTC,0.9906225
2026-04-03 17:52:47.000 UTC,0.99044386
2026-04-03 18:53:11.000 UTC,0.99035266
2026-04-03 19:53:35.000 UTC,0.990431
2026-04-03 20:53:47.000 UTC,0.99341018
2026-04-03 21:54:11.000 UTC,0.99340187
2026-04-03 22:54:47.000 UTC,0.99345786
2026-04-03 23:55:11.000 UTC,0.99347497
2026-04-04 00:55:23.000 UTC,0.99346875
2026-04-04 01:55:47.000 UTC,0.993381
2026-04-04 02:56:23.000 UTC,0.99330513
2026-04-04 03:56:47.000 UTC,0.99331556
2026-04-04 04:56:59.000 UTC,0.993322
2026-04-04 05:57:23.000 UTC,0.99327694
2026-04-04 06:57:59.000 UTC,0.99328995
2026-04-04 07:58:47.000 UTC,0.99328919
2026-04-04 08:58:59.000 UTC,0.99326929
2026-04-04 09:59:35.000 UTC,0.993271
2026-04-04 11:00:23.000 UTC,0.99331343
2026-04-04 12:00:35.000 UTC,0.99338854
2026-04-04 13:01:11.000 UTC,0.99337749
2026-04-04 14:01:35.000 UTC,0.993394
2026-04-04 15:01:47.000 UTC,0.993348
2026-04-04 16:02:11.000 UTC,0.993334
2026-04-04 17:03:11.000 UTC,0.99340979
2026-04-04 18:03:47.000 UTC,0.993351
2026-04-04 19:04:11.000 UTC,0.993358
2026-04-04 20:04:23.000 UTC,0.99358027
2026-04-04 21:04:47.000 UTC,0.99355989
2026-04-04 22:05:23.000 UTC,0.993517
2026-04-04 23:05:59.000 UTC,0.99357915
2026-04-05 00:06:23.000 UTC,0.99359882
2026-04-05 01:06:59.000 UTC,0.99358553
2026-04-05 02:07:23.000 UTC,0.99355109
2026-04-05 03:07:47.000 UTC,0.99354
2026-04-05 04:07:59.000 UTC,0.99352194
2026-04-05 05:08:35.000 UTC,0.99354115
2026-04-05 06:08:59.000 UTC,0.99349413
2026-04-05 07:09:11.000 UTC,0.99392
2026-04-05 08:09:35.000 UTC,0.99370852
2026-04-05 09:10:11.000 UTC,0.99374848
2026-04-05 10:10:35.000 UTC,0.99372156
2026-04-05 11:10:59.000 UTC,0.99389042
2026-04-05 12:11:11.000 UTC,0.9937975
2026-04-05 13:11:47.000 UTC,0.99380315
2026-04-05 14:12:11.000 UTC,0.99379578
2026-04-05 15:12:23.000 UTC,0.99375988
2026-04-05 16:12:35.000 UTC,0.99396913
2026-04-05 17:13:11.000 UTC,0.99398356
2026-04-05 18:13:35.000 UTC,0.99398616
2026-04-05 19:13:47.000 UTC,0.99391204
2026-04-05 20:14:11.000 UTC,0.99403543
2026-04-05 21:15:11.000 UTC,0.99390667
2026-04-05 22:15:23.000 UTC,0.99382
2026-04-05 23:16:47.000 UTC,0.993841
2026-04-06 00:17:47.000 UTC,0.99389243
2026-04-06 01:17:47.000 UTC,0.99383034
2026-04-06 02:17:59.000 UTC,0.99378069
2026-04-06 03:18:23.000 UTC,0.99387246
2026-04-06 04:18:59.000 UTC,0.99386565
2026-04-06 05:19:59.000 UTC,0.993912
2026-04-06 06:20:35.000 UTC,0.99382947
2026-04-06 07:20:59.000 UTC,0.99391617
2026-04-06 08:21:35.000 UTC,0.99420656
2026-04-06 09:23:11.000 UTC,0.99436067
2026-04-06 10:23:35.000 UTC,0.99416603
2026-04-06 11:24:11.000 UTC,0.994095
2026-04-06 12:24:47.000 UTC,0.994066
2026-04-06 13:25:11.000 UTC,0.994079
2026-04-06 14:25:47.000 UTC,0.993992
2026-04-06 15:26:11.000 UTC,0.99403941
2026-04-06 16:26:23.000 UTC,0.994031
2026-04-06 17:26:47.000 UTC,0.99361995
2026-04-06 18:27:23.000 UTC,0.993647
2026-04-06 19:27:47.000 UTC,0.99366217
2026-04-06 20:27:59.000 UTC,0.99369877
2026-04-06 21:28:23.000 UTC,0.99369048
2026-04-06 22:28:59.000 UTC,0.99368141
2026-04-06 23:29:23.000 UTC,0.99355325
2026-04-07 00:29:35.000 UTC,0.99366827
2026-04-07 01:30:11.000 UTC,0.99401544
2026-04-07 02:30:35.000 UTC,0.99425
2026-04-07 03:31:11.000 UTC,0.99424
2026-04-07 04:31:35.000 UTC,0.99405247
2026-04-07 05:32:11.000 UTC,0.99378902
2026-04-07 06:32:35.000 UTC,0.99394812
2026-04-07 07:32:47.000 UTC,0.99382584
2026-04-07 08:33:11.000 UTC,0.99382732
2026-04-07 09:33:47.000 UTC,0.994009
2026-04-07 10:34:11.000 UTC,0.99387306
2026-04-07 11:34:11.000 UTC,0.9938251
2026-04-07 12:34:23.000 UTC,0.99395229
2026-04-07 13:34:47.000 UTC,0.99405931
2026-04-07 14:34:59.000 UTC,0.993964
2026-04-07 15:35:23.000 UTC,0.993948
2026-04-07 16:35:59.000 UTC,0.99387102
2026-04-07 17:37:23.000 UTC,0.993854
2026-04-07 17:45:59.000 UTC,0.993831
2026-04-07 18:46:35.000 UTC,0.993968
2026-04-07 19:46:59.000 UTC,0.99394537
2026-04-07 20:47:35.000 UTC,0.994005
2026-04-07 21:47:59.000 UTC,0.99387037
2026-04-07 22:48:11.000 UTC,0.993722
2026-04-07 23:48:35.000 UTC,0.9939334
2026-04-08 00:49:11.000 UTC,0.99395348
2026-04-08 01:49:47.000 UTC,0.9941497
2026-04-08 02:50:11.000 UTC,0.994214
2026-04-08 03:50:47.000 UTC,0.994189
2026-04-08 04:51:23.000 UTC,0.99423559
2026-04-08 05:51:47.000 UTC,0.994172
2026-04-08 06:52:23.000 UTC,0.994008
2026-04-08 07:52:59.000 UTC,0.99390043
2026-04-08 08:53:23.000 UTC,0.99392403
2026-04-08 09:53:59.000 UTC,0.99396
2026-04-08 10:54:23.000 UTC,0.993981
2026-04-08 11:54:59.000 UTC,0.99387215
2026-04-08 12:55:23.000 UTC,0.99394435
2026-04-08 13:55:47.000 UTC,0.99399949
2026-04-08 14:55:59.000 UTC,0.99379356
2026-04-08 15:57:23.000 UTC,0.99387524
2026-04-08 16:57:35.000 UTC,0.994101
2026-04-08 17:58:11.000 UTC,0.99407553
2026-04-08 18:58:47.000 UTC,0.99384017
2026-04-08 19:59:11.000 UTC,0.99391789
2026-04-08 20:59:11.000 UTC,0.99391006
2026-04-08 21:59:23.000 UTC,0.9938555
2026-04-08 22:59:47.000 UTC,0.99383676
2026-04-09 00:00:23.000 UTC,0.993913
2026-04-09 01:00:59.000 UTC,0.99390042
2026-04-09 02:01:23.000 UTC,0.993948
2026-04-09 03:01:59.000 UTC,0.993927
2026-04-09 04:02:23.000 UTC,0.99381154
2026-04-09 05:02:23.000 UTC,0.993937
2026-04-09 06:02:35.000 UTC,0.993898
2026-04-09 07:02:59.000 UTC,0.993884
2026-04-09 08:03:35.000 UTC,0.99374734
2026-04-09 09:04:11.000 UTC,0.993735
2026-04-09 10:04:35.000 UTC,0.993854
2026-04-09 11:05:11.000 UTC,0.993691
2026-04-09 12:05:47.000 UTC,0.99364556
2026-04-09 13:06:11.000 UTC,0.99367367
2026-04-09 14:06:47.000 UTC,0.99363751
2026-04-09 15:07:11.000 UTC,0.99375838
2026-04-09 16:07:23.000 UTC,0.993894
2026-04-09 17:08:23.000 UTC,0.99408
2026-04-09 18:08:59.000 UTC,0.99405513
2026-04-09 19:09:23.000 UTC,0.993952
2026-04-09 20:09:59.000 UTC,0.99385254
2026-04-09 21:10:23.000 UTC,0.993936
2026-04-09 22:10:59.000 UTC,0.993844
2026-04-09 23:11:23.000 UTC,0.99384292
2026-04-10 00:11:59.000 UTC,0.99381413
2026-04-10 01:12:35.000 UTC,0.99371358
2026-04-10 02:13:23.000 UTC,0.99361283
2026-04-10 03:13:35.000 UTC,0.99359665
2026-04-10 04:14:11.000 UTC,0.99365933
2026-04-10 05:14:47.000 UTC,0.99356489
2026-04-10 06:15:11.000 UTC,0.9935997
2026-04-10 07:16:11.000 UTC,0.99361168
2026-04-10 08:16:23.000 UTC,0.99343086
2026-04-10 09:17:59.000 UTC,0.99351043
2026-04-10 10:18:23.000 UTC,0.99348645
2026-04-10 11:18:35.000 UTC,0.99345806
2026-04-10 12:19:11.000 UTC,0.99347074
2026-04-10 13:20:35.000 UTC,0.99335423
2026-04-10 14:21:59.000 UTC,0.99352199
2026-04-10 15:22:11.000 UTC,0.99364
2026-04-10 16:22:35.000 UTC,0.993535
2026-04-10 17:23:11.000 UTC,0.9936607
2026-04-10 18:23:35.000 UTC,0.993644
2026-04-10 19:23:35.000 UTC,0.99367565
2026-04-10 20:23:47.000 UTC,0.99377749
2026-04-10 21:24:11.000 UTC,0.99388194
2026-04-10 22:24:47.000 UTC,0.99372241
2026-04-10 23:25:11.000 UTC,0.99366768
2026-04-11 00:25:23.000 UTC,0.99365225
2026-04-11 01:25:47.000 UTC,0.99363707
2026-04-11 02:26:35.000 UTC,0.9936303
2026-04-11 03:26:47.000 UTC,0.99356307
2026-04-11 04:26:59.000 UTC,0.99355516
2026-04-11 05:27:23.000 UTC,0.99358193
2026-04-11 06:27:59.000 UTC,0.99360521
2026-04-11 07:28:23.000 UTC,0.99358063
2026-04-11 08:28:35.000 UTC,0.9936643
2026-04-11 09:28:59.000 UTC,0.99371031
2026-04-11 10:29:35.000 UTC,0.99366882
2026-04-11 11:29:59.000 UTC,0.99362896
2026-04-11 12:30:11.000 UTC,0.993677
2026-04-11 13:30:35.000 UTC,0.99360655
2026-04-11 14:31:11.000 UTC,0.99357364
2026-04-11 15:31:35.000 UTC,0.993587
2026-04-11 16:31:47.000 UTC,0.99363215
2026-04-11 17:32:11.000 UTC,0.99381
2026-04-11 18:32:59.000 UTC,0.99374502
2026-04-11 19:33:23.000 UTC,0.99409702
2026-04-11 20:33:59.000 UTC,0.993792
2026-04-11 21:34:23.000 UTC,0.99371442
2026-04-11 22:34:59.000 UTC,0.99376095
2026-04-11 23:35:23.000 UTC,0.99375389
2026-04-12 00:35:59.000 UTC,0.99370363
2026-04-12 01:36:47.000 UTC,0.99360223
2026-04-12 02:36:59.000 UTC,0.993536
2026-04-12 03:37:35.000 UTC,0.99347625
2026-04-12 04:37:59.000 UTC,0.99350516
2026-04-12 05:38:11.000 UTC,0.99356241
2026-04-12 06:38:35.000 UTC,0.993543
2026-04-12 07:39:11.000 UTC,0.99350359
2026-04-12 08:39:35.000 UTC,0.993549
2026-04-12 09:39:47.000 UTC,0.99347304
2026-04-12 10:40:11.000 UTC,0.99347804
2026-04-12 11:40:47.000 UTC,0.993586
2026-04-12 12:41:23.000 UTC,0.993639
2026-04-12 13:42:23.000 UTC,0.99353295
2026-04-12 14:43:23.000 UTC,0.9935192
2026-04-12 15:43:47.000 UTC,0.99352679
2026-04-12 16:43:47.000 UTC,0.993598
2026-04-12 17:43:59.000 UTC,0.99362455
2026-04-12 18:44:23.000 UTC,0.9936115
2026-04-12 19:44:59.000 UTC,0.99353877
2026-04-12 20:46:11.000 UTC,0.99352827
2026-04-12 21:46:35.000 UTC,0.99351876
2026-04-12 22:46:59.000 UTC,0.99346208
2026-04-12 23:46:59.000 UTC,0.993437
2026-04-13 00:47:11.000 UTC,0.993536
2026-04-13 01:47:35.000 UTC,0.99356
2026-04-13 02:48:11.000 UTC,0.9934597
2026-04-13 03:48:35.000 UTC,0.993469
2026-04-13 04:48:47.000 UTC,0.99336365
2026-04-13 05:49:11.000 UTC,0.993392
2026-04-13 06:49:47.000 UTC,0.99342191
2026-04-13 07:50:23.000 UTC,0.99336588
2026-04-13 08:50:47.000 UTC,0.99336573
2026-04-13 09:51:23.000 UTC,0.99345225
2026-04-13 10:51:47.000 UTC,0.993518
2026-04-13 11:51:59.000 UTC,0.99353703
2026-04-13 12:52:47.000 UTC,0.993645
2026-04-13 13:52:59.000 UTC,0.994175
2026-04-13 14:53:23.000 UTC,0.994152
2026-04-13 15:53:59.000 UTC,0.99397774
2026-04-13 16:54:35.000 UTC,0.994332
2026-04-13 17:54:59.000 UTC,0.994207
2026-04-13 18:55:23.000 UTC,0.9943743
2026-04-13 19:55:35.000 UTC,0.994336
2026-04-13 20:55:59.000 UTC,0.99429439
2026-04-13 21:56:35.000 UTC,0.994287
2026-04-13 22:56:59.000 UTC,0.994464
2026-04-13 23:57:11.000 UTC,0.99424364
2026-04-14 00:57:59.000 UTC,0.99416824
2026-04-14 01:58:11.000 UTC,0.99423826
2026-04-14 02:58:35.000 UTC,0.99418361
2026-04-14 03:58:47.000 UTC,0.99412319
2026-04-14 04:59:11.000 UTC,0.99410217
2026-04-14 05:59:35.000 UTC,0.994044
2026-04-14 07:00:11.000 UTC,0.994279
2026-04-14 08:00:35.000 UTC,0.994219
2026-04-14 09:01:11.000 UTC,0.994337
2026-04-14 10:01:59.000 UTC,0.99438372
2026-04-14 11:02:35.000 UTC,0.99434399
2026-04-14 12:02:59.000 UTC,0.99423696
2026-04-14 13:03:35.000 UTC,0.99437754
2026-04-14 14:03:59.000 UTC,0.99440685
2026-04-14 15:04:35.000 UTC,0.99418354
2026-04-14 16:04:59.000 UTC,0.99405764
2026-04-14 17:05:11.000 UTC,0.99397459
2026-04-14 18:05:23.000 UTC,0.99413324
2026-04-14 19:05:59.000 UTC,0.99408227
2026-04-14 20:06:23.000 UTC,0.99404418
2026-04-14 21:06:47.000 UTC,0.99423728
2026-04-14 22:07:23.000 UTC,0.99419742
2026-04-14 23:07:47.000 UTC,0.99403913
2026-04-15 00:08:59.000 UTC,0.99411199
2026-04-15 01:09:23.000 UTC,0.994263
2026-04-15 02:09:47.000 UTC,0.99414127
2026-04-15 03:09:59.000 UTC,0.99412696
2026-04-15 04:10:23.000 UTC,0.994011
2026-04-15 05:11:11.000 UTC,0.99412
2026-04-15 06:11:35.000 UTC,0.994101
2026-04-15 07:12:11.000 UTC,0.994046
2026-04-15 08:12:47.000 UTC,0.99399981
2026-04-15 09:13:11.000 UTC,0.99400628
2026-04-15 10:13:47.000 UTC,0.993903
2026-04-15 11:15:11.000 UTC,0.993872
2026-04-15 12:15:35.000 UTC,0.994074
2026-04-15 13:15:59.000 UTC,0.994094
2026-04-15 14:16:11.000 UTC,0.994191
2026-04-15 15:16:59.000 UTC,0.994261
2026-04-15 16:17:35.000 UTC,0.99418949
2026-04-15 17:17:35.000 UTC,0.994192
2026-04-15 18:17:59.000 UTC,0.994185
2026-04-15 19:18:23.000 UTC,0.994187
2026-04-15 20:18:47.000 UTC,0.994136
2026-04-15 21:18:59.000 UTC,0.994182
2026-04-15 22:18:59.000 UTC,0.994219
2026-04-15 23:19:11.000 UTC,0.994149
2026-04-16 00:19:35.000 UTC,0.99417
2026-04-16 01:20:11.000 UTC,0.99415886
2026-04-16 02:20:47.000 UTC,0.994164
2026-04-16 03:20:59.000 UTC,0.994226
2026-04-16 04:21:11.000 UTC,0.99418651
2026-04-16 05:21:35.000 UTC,0.99424388
2026-04-16 06:21:47.000 UTC,0.994211
2026-04-16 07:22:23.000 UTC,0.994132
2026-04-16 08:22:47.000 UTC,0.99410778
2026-04-16 09:22:59.000 UTC,0.993998
2026-04-16 10:23:35.000 UTC,0.993927
2026-04-16 11:23:47.000 UTC,0.99386743
2026-04-16 12:24:11.000 UTC,0.99401286
2026-04-16 13:24:23.000 UTC,0.993999
2026-04-16 14:24:59.000 UTC,0.99362233
2026-04-16 15:25:11.000 UTC,0.99376226
2026-04-16 16:25:23.000 UTC,0.99395
2026-04-16 17:25:23.000 UTC,0.993873
2026-04-16 18:25:35.000 UTC,0.994012
2026-04-16 19:25:47.000 UTC,0.994079
2026-04-16 20:25:59.000 UTC,0.99396
2026-04-16 21:26:11.000 UTC,0.99365622
2026-04-16 22:26:23.000 UTC,0.993765
2026-04-16 23:26:35.000 UTC,0.993827
2026-04-17 00:27:11.000 UTC,0.99384975
2026-04-17 01:27:35.000 UTC,0.993832
2026-04-17 02:27:47.000 UTC,0.993793
2026-04-17 03:28:23.000 UTC,0.99375947
2026-04-17 04:28:59.000 UTC,0.993754
2026-04-17 05:29:11.000 UTC,0.99373627
2026-04-17 06:29:35.000 UTC,0.993742
2026-04-17 07:29:47.000 UTC,0.99378
2026-04-17 08:29:59.000 UTC,0.993843
2026-04-17 09:30:11.000 UTC,0.994003
2026-04-17 10:30:47.000 UTC,0.993959
2026-04-17 11:31:23.000 UTC,0.99405762
2026-04-17 12:31:59.000 UTC,0.994059
2026-04-17 13:32:11.000 UTC,0.993957
2026-04-17 14:32:47.000 UTC,0.994116
2026-04-17 15:32:47.000 UTC,0.994159
2026-04-17 16:32:59.000 UTC,0.99417
2026-04-17 17:33:35.000 UTC,0.994112
2026-04-17 18:34:11.000 UTC,0.99431966
2026-04-17 19:34:23.000 UTC,0.994308
2026-04-17 20:34:59.000 UTC,0.99422
2026-04-17 21:35:35.000 UTC,0.99429317
2026-04-17 22:35:47.000 UTC,0.994264
2026-04-17 23:36:23.000 UTC,0.99423638
2026-04-18 00:36:23.000 UTC,0.99420776
2026-04-18 01:37:23.000 UTC,0.994222
2026-04-18 02:37:59.000 UTC,0.994219
2026-04-18 03:38:11.000 UTC,0.994206
2026-04-18 04:38:47.000 UTC,0.994182
2026-04-18 05:38:59.000 UTC,0.99425834
2026-04-18 06:39:23.000 UTC,0.994172
2026-04-18 07:39:35.000 UTC,0.994162
2026-04-18 08:39:59.000 UTC,0.994099
2026-04-18 09:40:11.000 UTC,0.994157
2026-04-18 10:40:23.000 UTC,0.994124
2026-04-18 11:40:35.000 UTC,0.994032
2026-04-18 12:41:11.000 UTC,0.994106
2026-04-18 13:41:35.000 UTC,0.99408151
2026-04-18 14:42:11.000 UTC,0.994198
2026-04-18 15:42:47.000 UTC,0.99398954
2026-04-18 16:42:47.000 UTC,0.9941
2026-04-18 17:43:11.000 UTC,0.994048
2026-04-18 18:43:35.000 UTC,0.99388615
2026-04-18 19:44:47.000 UTC,0.99400942
2026-04-18 20:44:59.000 UTC,0.9942
2026-04-18 21:45:11.000 UTC,0.99398
2026-04-18 22:45:35.000 UTC,0.993795
2026-04-18 23:45:47.000 UTC,0.993605
2026-04-19 00:46:23.000 UTC,0.99361946
2026-04-19 01:46:47.000 UTC,0.993501
2026-04-19 02:46:59.000 UTC,0.99344234
2026-04-19 03:48:23.000 UTC,0.99352748
2026-04-19 04:48:59.000 UTC,0.99348926
2026-04-19 05:49:11.000 UTC,0.993469
2026-04-19 06:49:35.000 UTC,0.99341111
2026-04-19 07:49:47.000 UTC,0.993551
2026-04-19 08:50:23.000 UTC,0.993469
2026-04-19 09:50:59.000 UTC,0.99341196
2026-04-19 10:50:59.000 UTC,0.993359
2026-04-19 11:51:11.000 UTC,0.993614
2026-04-19 12:51:35.000 UTC,0.99354266
2026-04-19 13:51:47.000 UTC,0.99364763
2026-04-19 14:52:23.000 UTC,0.99375339
2026-04-19 15:52:35.000 UTC,0.99368886
2026-04-19 16:52:47.000 UTC,0.994023
2026-04-19 17:52:59.000 UTC,0.9938993
2026-04-19 18:53:35.000 UTC,0.99376804
2026-04-19 19:53:59.000 UTC,0.993664
2026-04-19 20:54:11.000 UTC,0.99351996
2026-04-19 21:54:23.000 UTC,0.993426
2026-04-19 22:55:11.000 UTC,0.99353
2026-04-19 23:55:35.000 UTC,0.99358333
2026-04-20 00:56:11.000 UTC,0.993823
2026-04-20 01:56:23.000 UTC,0.99365736
2026-04-20 02:56:59.000 UTC,0.99351367
2026-04-20 03:57:35.000 UTC,0.99367181
2026-04-20 04:57:47.000 UTC,0.99350313
2026-04-20 05:58:23.000 UTC,0.993492
2026-04-20 06:58:35.000 UTC,0.993685
2026-04-20 07:58:59.000 UTC,0.99354316
2026-04-20 08:58:59.000 UTC,0.99346486
2026-04-20 09:59:11.000 UTC,0.99349828
2026-04-20 10:59:47.000 UTC,0.99344318
2026-04-20 12:00:23.000 UTC,0.99350558
2026-04-20 13:00:59.000 UTC,0.993608
2026-04-20 14:01:35.000 UTC,0.99364102
2026-04-20 15:02:11.000 UTC,0.993584
2026-04-20 16:02:47.000 UTC,0.99364358
2026-04-20 17:02:59.000 UTC,0.99360616
2026-04-20 18:03:11.000 UTC,0.993591
2026-04-20 19:03:47.000 UTC,0.993598
2026-04-20 20:03:59.000 UTC,0.99367488
2026-04-20 21:04:35.000 UTC,0.99358764
2026-04-20 22:04:47.000 UTC,0.99339964
2026-04-20 23:04:59.000 UTC,0.99344853
2026-04-21 00:05:11.000 UTC,0.99347
2026-04-21 01:05:35.000 UTC,0.99347023
2026-04-21 02:05:59.000 UTC,0.99340788
2026-04-21 03:06:11.000 UTC,0.99342824
2026-04-21 04:06:23.000 UTC,0.993437
2026-04-21 05:06:59.000 UTC,0.99354446
2026-04-21 06:07:23.000 UTC,0.99364779
2026-04-21 07:07:35.000 UTC,0.993481
2026-04-21 08:07:47.000 UTC,0.99340282
2026-04-21 09:09:23.000 UTC,0.99333167
2026-04-21 10:09:47.000 UTC,0.9934087
2026-04-21 11:09:59.000 UTC,0.9932697
2026-04-21 12:10:35.000 UTC,0.99320834
2026-04-21 13:11:11.000 UTC,0.99317262
2026-04-21 14:12:11.000 UTC,0.99327
2026-04-21 15:13:47.000 UTC,0.99325222
2026-04-21 16:14:23.000 UTC,0.99324536
2026-04-21 17:14:59.000 UTC,0.99325843
2026-04-21 18:15:23.000 UTC,0.993213
2026-04-21 19:15:47.000 UTC,0.99323865
2026-04-21 20:16:23.000 UTC,0.99329475
2026-04-21 21:16:35.000 UTC,0.99323083
2026-04-21 22:17:23.000 UTC,0.993292
2026-04-21 23:17:47.000 UTC,0.993398
2026-04-22 00:18:23.000 UTC,0.99334
2026-04-22 01:18:47.000 UTC,0.993282
2026-04-22 02:18:59.000 UTC,0.99322216
2026-04-22 03:19:11.000 UTC,0.99320468
2026-04-22 04:19:23.000 UTC,0.99322635
2026-04-22 05:19:35.000 UTC,0.99323892
2026-04-22 06:19:47.000 UTC,0.99277988
2026-04-22 07:20:11.000 UTC,0.99285912
2026-04-22 08:20:47.000 UTC,0.99288977
2026-04-22 09:21:23.000 UTC,0.99310607
2026-04-22 10:21:59.000 UTC,0.99309566
2026-04-22 11:22:23.000 UTC,0.99311241
2026-04-22 12:22:59.000 UTC,0.99321718
2026-04-22 13:23:11.000 UTC,0.99318375
2026-04-22 14:23:47.000 UTC,0.99313668
2026-04-22 15:23:47.000 UTC,0.99317276
2026-04-22 16:23:59.000 UTC,0.99316796
2026-04-22 17:24:35.000 UTC,0.99328834
2026-04-22 18:25:11.000 UTC,0.99329
2026-04-22 19:25:23.000 UTC,0.993279
2026-04-22 20:25:59.000 UTC,0.993241
2026-04-22 21:26:35.000 UTC,0.993309
2026-04-22 22:26:35.000 UTC,0.99329209
2026-04-22 23:26:47.000 UTC,0.99331892
2026-04-23 00:28:11.000 UTC,0.99331184
2026-04-23 01:28:23.000 UTC,0.993397
2026-04-23 02:28:59.000 UTC,0.993331
2026-04-23 03:29:11.000 UTC,0.99329516
2026-04-23 04:29:47.000 UTC,0.993297
2026-04-23 05:30:11.000 UTC,0.99331217
2026-04-23 06:30:23.000 UTC,0.99330327
2026-04-23 07:30:23.000 UTC,0.99338388
2026-04-23 08:30:35.000 UTC,0.99328
2026-04-23 09:30:47.000 UTC,0.99329014
2026-04-23 10:31:11.000 UTC,0.99319582
2026-04-23 11:31:23.000 UTC,0.99316588
2026-04-23 12:31:47.000 UTC,0.993319
2026-04-23 13:31:59.000 UTC,0.993292
2026-04-23 14:32:35.000 UTC,0.99320917
2026-04-23 15:32:59.000 UTC,0.993285
2026-04-23 16:33:23.000 UTC,0.99356989
2026-04-23 17:33:47.000 UTC,0.9934583
2026-04-23 18:34:23.000 UTC,0.993416
2026-04-23 19:34:59.000 UTC,0.993358
2026-04-23 20:35:35.000 UTC,0.993651
2026-04-23 21:36:11.000 UTC,0.99352805
2026-04-23 22:36:23.000 UTC,0.993587
2026-04-23 23:36:35.000 UTC,0.993579
2026-04-24 00:36:47.000 UTC,0.99366
2026-04-24 01:37:23.000 UTC,0.993557
2026-04-24 02:37:47.000 UTC,0.993572
2026-04-24 03:38:11.000 UTC,0.99355882
2026-04-24 04:38:47.000 UTC,0.993433
2026-04-24 05:39:11.000 UTC,0.99342747
2026-04-24 06:39:11.000 UTC,0.993369
2026-04-24 07:39:23.000 UTC,0.99356848
2026-04-24 08:39:59.000 UTC,0.99344585
2026-04-24 09:40:23.000 UTC,0.99335564
2026-04-24 10:41:35.000 UTC,0.99339804
2026-04-24 11:42:11.000 UTC,0.99334482
2026-04-24 12:42:35.000 UTC,0.99331
2026-04-24 13:43:47.000 UTC,0.993306
2026-04-24 14:44:11.000 UTC,0.9935436
2026-04-24 15:44:23.000 UTC,0.99336833
2026-04-24 16:44:35.000 UTC,0.993265
2026-04-24 17:45:11.000 UTC,0.99339623
2026-04-24 18:45:35.000 UTC,0.99344291
2026-04-24 19:45:47.000 UTC,0.99328
2026-04-24 20:46:23.000 UTC,0.993391
2026-04-24 21:46:59.000 UTC,0.993326
2026-04-24 22:47:35.000 UTC,0.99335
2026-04-24 23:47:47.000 UTC,0.9933596
2026-04-25 00:47:59.000 UTC,0.99332742
2026-04-25 01:48:11.000 UTC,0.99343101
2026-04-25 02:48:23.000 UTC,0.99336194
2026-04-25 03:48:35.000 UTC,0.99340727
2026-04-25 04:48:47.000 UTC,0.99333466
2026-04-25 05:49:23.000 UTC,0.993349
2026-04-25 06:49:47.000 UTC,0.99334579
2026-04-25 07:49:59.000 UTC,0.99342584
2026-04-25 08:50:35.000 UTC,0.99341582
2026-04-25 09:50:59.000 UTC,0.99344699
2026-04-25 10:51:11.000 UTC,0.99338158
2026-04-25 11:51:23.000 UTC,0.993352
2026-04-25 12:51:35.000 UTC,0.993329
2026-04-25 13:51:47.000 UTC,0.99343064
2026-04-25 14:52:23.000 UTC,0.993404
2026-04-25 15:52:59.000 UTC,0.9933769
2026-04-25 16:53:23.000 UTC,0.99342142
2026-04-25 17:53:35.000 UTC,0.993446
2026-04-25 18:54:11.000 UTC,0.99349
2026-04-25 19:54:47.000 UTC,0.993489
2026-04-25 20:54:59.000 UTC,0.993425
2026-04-25 21:55:11.000 UTC,0.993434
2026-04-25 22:55:59.000 UTC,0.993414
2026-04-25 23:56:11.000 UTC,0.99346585
2026-04-26 00:56:11.000 UTC,0.99350271
2026-04-26 01:57:23.000 UTC,0.99349797
2026-04-26 02:57:47.000 UTC,0.993445
2026-04-26 03:57:59.000 UTC,0.99347898
2026-04-26 04:58:11.000 UTC,0.9935
2026-04-26 05:58:23.000 UTC,0.99336372
2026-04-26 06:58:59.000 UTC,0.993398
2026-04-26 07:58:59.000 UTC,0.99344
2026-04-26 08:59:35.000 UTC,0.993394
2026-04-26 09:59:47.000 UTC,0.993439
2026-04-26 11:00:11.000 UTC,0.99341274
2026-04-26 12:00:47.000 UTC,0.9934
2026-04-26 13:01:23.000 UTC,0.99337528
2026-04-26 14:02:11.000 UTC,0.99331916
2026-04-26 15:02:47.000 UTC,0.993397
2026-04-26 16:03:11.000 UTC,0.99343119
2026-04-26 17:03:23.000 UTC,0.993433
2026-04-26 18:03:35.000 UTC,0.99334551
2026-04-26 19:03:47.000 UTC,0.993375
2026-04-26 20:04:11.000 UTC,0.99334
2026-04-26 21:05:23.000 UTC,0.99339973
2026-04-26 22:05:59.000 UTC,0.99343433
2026-04-26 23:06:23.000 UTC,0.993238
2026-04-27 00:06:47.000 UTC,0.99332045
2026-04-27 01:07:35.000 UTC,0.993319
2026-04-27 02:07:59.000 UTC,0.9932208
2026-04-27 03:08:35.000 UTC,0.993266
2026-04-27 04:08:47.000 UTC,0.99323987
2026-04-27 05:08:47.000 UTC,0.99322208
2026-04-27 06:08:59.000 UTC,0.9931873
2026-04-27 07:09:11.000 UTC,0.993079
2026-04-27 08:09:23.000 UTC,0.99291139
2026-04-27 09:09:23.000 UTC,0.99284874
2026-04-27 10:09:35.000 UTC,0.992917
2026-04-27 11:09:47.000 UTC,0.99286022
2026-04-27 12:09:59.000 UTC,0.992843
2026-04-27 13:10:11.000 UTC,0.99275795
2026-04-27 14:10:47.000 UTC,0.99270289
2026-04-27 15:11:11.000 UTC,0.99262738
2026-04-27 16:11:59.000 UTC,0.99283903
2026-04-27 17:12:35.000 UTC,0.99273858
2026-04-27 18:12:59.000 UTC,0.99274342
2026-04-27 19:13:11.000 UTC,0.99269545
2026-04-27 20:13:47.000 UTC,0.99271668
2026-04-27 21:13:59.000 UTC,0.99279165
2026-04-27 22:14:35.000 UTC,0.99268811
2026-04-27 23:15:11.000 UTC,0.99278735
2026-04-28 00:15:47.000 UTC,0.99287193
2026-04-28 01:15:59.000 UTC,0.992904
2026-04-28 02:15:59.000 UTC,0.99288885
2026-04-28 03:16:23.000 UTC,0.99285546
2026-04-28 04:16:47.000 UTC,0.992991
2026-04-28 05:16:59.000 UTC,0.99288145
2026-04-28 06:17:23.000 UTC,0.992932
2026-04-28 07:17:35.000 UTC,0.992847
2026-04-28 08:17:47.000 UTC,0.99289752
2026-04-28 09:18:23.000 UTC,0.99278117
2026-04-28 10:18:47.000 UTC,0.992829
2026-04-28 11:18:47.000 UTC,0.992832
2026-04-28 12:18:59.000 UTC,0.993047
2026-04-28 13:19:23.000 UTC,0.99268468
2026-04-28 14:19:23.000 UTC,0.99277287
2026-04-28 15:19:35.000 UTC,0.99280663
2026-04-28 16:19:59.000 UTC,0.99270308
2026-04-28 17:19:59.000 UTC,0.99271165
2026-04-28 18:20:11.000 UTC,0.99274761
2026-04-28 19:20:35.000 UTC,0.992727
2026-04-28 20:21:11.000 UTC,0.99278839
2026-04-28 21:21:47.000 UTC,0.99269768
2026-04-28 22:22:11.000 UTC,0.99272904
2026-04-28 23:22:47.000 UTC,0.99259827
2026-04-29 00:23:23.000 UTC,0.99258458
2026-04-29 01:23:47.000 UTC,0.99254927
2026-04-29 02:24:23.000 UTC,0.99270169
2026-04-29 03:24:59.000 UTC,0.992896
2026-04-29 04:25:23.000 UTC,0.992969
2026-04-29 05:26:11.000 UTC,0.992893
2026-04-29 06:26:23.000 UTC,0.99293022
2026-04-29 07:26:35.000 UTC,0.992985
2026-04-29 08:26:59.000 UTC,0.99313564
2026-04-29 09:27:35.000 UTC,0.99314729
2026-04-29 10:27:59.000 UTC,0.99294646
2026-04-29 11:28:11.000 UTC,0.992896
2026-04-29 12:28:23.000 UTC,0.99274035
2026-04-29 13:28:59.000 UTC,0.99304808
2026-04-29 14:29:23.000 UTC,0.99285576
2026-04-29 15:29:59.000 UTC,0.99278817
2026-04-29 16:30:35.000 UTC,0.99300919
2026-04-29 17:30:59.000 UTC,0.99278096
2026-04-29 18:31:35.000 UTC,0.99269704
2026-04-29 19:31:59.000 UTC,0.992651
2026-04-29 20:32:11.000 UTC,0.99272355
2026-04-29 21:32:35.000 UTC,0.99272017
2026-04-29 22:33:11.000 UTC,0.99270507
2026-04-29 23:33:35.000 UTC,0.99266104
2026-04-30 00:33:47.000 UTC,0.992936
2026-04-30 01:34:11.000 UTC,0.99271478
2026-04-30 02:34:23.000 UTC,0.9926202
2026-04-30 03:34:47.000 UTC,0.99275544
2026-04-30 04:35:23.000 UTC,0.992768
2026-04-30 05:35:47.000 UTC,0.99285
2026-04-30 06:35:59.000 UTC,0.99270049
2026-04-30 07:36:23.000 UTC,0.992977
2026-04-30 08:36:59.000 UTC,0.993034
2026-04-30 09:37:23.000 UTC,0.993113
2026-04-30 10:37:23.000 UTC,0.99303845
2026-04-30 11:37:35.000 UTC,0.993064
2026-04-30 12:37:59.000 UTC,0.993047
2026-04-30 13:38:11.000 UTC,0.99284273
2026-04-30 14:38:35.000 UTC,0.99299641
2026-04-30 15:38:35.000 UTC,0.99305
2026-04-30 16:38:35.000 UTC,0.99275
2026-04-30 17:38:59.000 UTC,0.992929
2026-04-30 18:39:11.000 UTC,0.99276805
2026-04-30 19:39:11.000 UTC,0.99287565
2026-04-30 20:39:23.000 UTC,0.99270025
2026-04-30 21:39:59.000 UTC,0.99269401
2026-04-30 22:40:23.000 UTC,0.992963
2026-04-30 23:40:59.000 UTC,0.99286229
2026-05-01 00:41:23.000 UTC,0.993028
2026-05-01 01:41:59.000 UTC,0.99304558
2026-05-01 02:42:23.000 UTC,0.99302813
2026-05-01 03:42:35.000 UTC,0.99310644
2026-05-01 04:42:59.000 UTC,0.99307581
2026-05-01 05:43:35.000 UTC,0.99307196
2026-05-01 06:44:11.000 UTC,0.99301159
2026-05-01 07:44:35.000 UTC,0.99305438
2026-05-01 08:45:11.000 UTC,0.99313081
2026-05-01 09:45:47.000 UTC,0.99308
2026-05-01 10:46:11.000 UTC,0.99295924
2026-05-01 11:46:47.000 UTC,0.9930706
2026-05-01 12:47:11.000 UTC,0.993116
2026-05-01 13:47:23.000 UTC,0.99306007
2026-05-01 14:48:11.000 UTC,0.99309009
2026-05-01 15:48:23.000 UTC,0.99300511
2026-05-01 16:48:59.000 UTC,0.99298004
2026-05-01 17:49:23.000 UTC,0.99312193
2026-05-01 18:49:59.000 UTC,0.99283812
2026-05-01 19:50:23.000 UTC,0.99305633
2026-05-01 20:50:35.000 UTC,0.99304633
2026-05-01 21:51:11.000 UTC,0.993128
2026-05-01 22:51:35.000 UTC,0.993045
2026-05-01 23:52:11.000 UTC,0.993108
2026-05-02 00:52:35.000 UTC,0.993151
2026-05-02 01:53:11.000 UTC,0.993143
2026-05-02 02:53:35.000 UTC,0.993143
2026-05-02 03:53:59.000 UTC,0.993128
2026-05-02 04:54:11.000 UTC,0.99302245
2026-05-02 05:54:47.000 UTC,0.99307794
2026-05-02 06:55:23.000 UTC,0.993065
2026-05-02 07:55:47.000 UTC,0.99306955
2026-05-02 08:56:23.000 UTC,0.99307729
2026-05-02 09:56:59.000 UTC,0.99308956
2026-05-02 10:57:23.000 UTC,0.99305809
2026-05-02 11:57:59.000 UTC,0.99299523
2026-05-02 12:58:23.000 UTC,0.99307191
2026-05-02 13:58:35.000 UTC,0.99309042
2026-05-02 14:58:59.000 UTC,0.993024
2026-05-02 15:59:35.000 UTC,0.99285338
2026-05-02 16:59:59.000 UTC,0.99304238
2026-05-02 18:00:11.000 UTC,0.9930597
2026-05-02 19:00:35.000 UTC,0.99306773
2026-05-02 20:01:11.000 UTC,0.9930516
2026-05-02 21:01:35.000 UTC,0.992987
2026-05-02 22:01:47.000 UTC,0.992971
2026-05-02 23:02:11.000 UTC,0.993027
2026-05-03 00:02:47.000 UTC,0.99307487
2026-05-03 01:03:11.000 UTC,0.99294476
2026-05-03 02:03:23.000 UTC,0.993085
2026-05-03 03:03:47.000 UTC,0.993012
2026-05-03 04:04:23.000 UTC,0.993002
2026-05-03 05:04:59.000 UTC,0.99309026
2026-05-03 06:05:47.000 UTC,0.99303932
2026-05-03 07:06:11.000 UTC,0.993098
2026-05-03 08:06:47.000 UTC,0.99324803
2026-05-03 09:06:59.000 UTC,0.99320647
2026-05-03 10:07:35.000 UTC,0.99319183
2026-05-03 11:08:11.000 UTC,0.99315787
2026-05-03 12:08:35.000 UTC,0.993104
2026-05-03 13:09:11.000 UTC,0.99310242
2026-05-03 14:09:35.000 UTC,0.99311994
2026-05-03 15:09:35.000 UTC,0.99309918
2026-05-03 16:10:11.000 UTC,0.993019
2026-05-03 17:10:47.000 UTC,0.99296281
2026-05-03 18:11:11.000 UTC,0.992941
2026-05-03 19:11:11.000 UTC,0.99296
2026-05-03 20:11:23.000 UTC,0.99311825
2026-05-03 21:11:47.000 UTC,0.99317379
2026-05-03 22:11:47.000 UTC,0.99320761
2026-05-03 23:11:59.000 UTC,0.99315418
2026-05-04 00:12:23.000 UTC,0.99307383
2026-05-04 01:12:47.000 UTC,0.99308972
2026-05-04 02:13:11.000 UTC,0.99317392
2026-05-04 03:13:11.000 UTC,0.99317214
2026-05-04 04:13:23.000 UTC,0.99317387
2026-05-04 05:13:47.000 UTC,0.993191
2026-05-04 06:13:59.000 UTC,0.993101
2026-05-04 07:14:23.000 UTC,0.99300538
2026-05-04 08:14:59.000 UTC,0.9929984
2026-05-04 09:15:23.000 UTC,0.99296296
2026-05-04 10:15:35.000 UTC,0.99283
2026-05-04 11:15:59.000 UTC,0.99279333
2026-05-04 12:16:35.000 UTC,0.993046
2026-05-04 13:17:11.000 UTC,0.99280781
2026-05-04 14:17:35.000 UTC,0.99293985
2026-05-04 15:18:11.000 UTC,0.99307681
2026-05-04 16:18:35.000 UTC,0.99275271
2026-05-04 17:18:47.000 UTC,0.99280726
2026-05-04 18:19:11.000 UTC,0.99261533
2026-05-04 19:19:47.000 UTC,0.99266668
2026-05-04 20:20:11.000 UTC,0.99266764
2026-05-04 21:20:23.000 UTC,0.99280371
2026-05-04 22:20:47.000 UTC,0.992753
2026-05-04 23:21:23.000 UTC,0.99265353
2026-05-05 00:21:59.000 UTC,0.992955
2026-05-05 01:22:23.000 UTC,0.992943
2026-05-05 02:22:59.000 UTC,0.99294
2026-05-05 03:23:35.000 UTC,0.99298108
2026-05-05 04:23:59.000 UTC,0.992949
2026-05-05 05:24:35.000 UTC,0.99281258
2026-05-05 06:24:47.000 UTC,0.99288363
2026-05-05 07:24:47.000 UTC,0.99303
2026-05-05 08:24:59.000 UTC,0.99307779
2026-05-05 09:25:23.000 UTC,0.99272633
2026-05-05 10:25:59.000 UTC,0.992766
2026-05-05 11:26:35.000 UTC,0.99281134
2026-05-05 12:26:59.000 UTC,0.993133
2026-05-05 13:27:35.000 UTC,0.993156
2026-05-05 14:28:23.000 UTC,0.993116
2026-05-05 15:28:47.000 UTC,0.99305596
2026-05-05 16:29:11.000 UTC,0.993007
2026-05-05 17:29:47.000 UTC,0.99294594
2026-05-05 18:30:11.000 UTC,0.99300059
2026-05-05 19:30:47.000 UTC,0.99303056
2026-05-05 20:31:11.000 UTC,0.993083
2026-05-05 21:31:47.000 UTC,0.99305424
2026-05-05 22:32:23.000 UTC,0.99303577
2026-05-05 23:32:47.000 UTC,0.99298623
2026-05-06 00:33:23.000 UTC,0.992944
2026-05-06 01:33:47.000 UTC,0.993037
2026-05-06 02:33:59.000 UTC,0.99292799
2026-05-06 03:34:23.000 UTC,0.993055
2026-05-06 04:34:59.000 UTC,0.99303883
2026-05-06 05:35:59.000 UTC,0.99302463
2026-05-06 06:36:35.000 UTC,0.992849
2026-05-06 07:36:59.000 UTC,0.993002
2026-05-06 08:36:59.000 UTC,0.992962
2026-05-06 09:37:11.000 UTC,0.992982
2026-05-06 10:37:35.000 UTC,0.99293766
2026-05-06 11:37:47.000 UTC,0.992971
2026-05-06 12:38:11.000 UTC,0.992941
2026-05-06 13:38:47.000 UTC,0.992978
2026-05-06 14:39:11.000 UTC,0.992864
2026-05-06 15:39:23.000 UTC,0.99296233
2026-05-06 16:39:47.000 UTC,0.99289
2026-05-06 17:40:23.000 UTC,0.99291105
2026-05-06 18:40:47.000 UTC,0.993052
2026-05-06 19:41:47.000 UTC,0.99303188
2026-05-06 20:41:59.000 UTC,0.99310999
2026-05-06 21:42:35.000 UTC,0.99341
2026-05-06 22:42:59.000 UTC,0.993287
2026-05-06 23:42:59.000 UTC,0.993196
2026-05-07 00:42:59.000 UTC,0.99314
2026-05-07 01:43:11.000 UTC,0.99322
2026-05-07 02:43:47.000 UTC,0.99308212
2026-05-07 03:44:11.000 UTC,0.992984
2026-05-07 04:44:47.000 UTC,0.992956
2026-05-07 05:45:11.000 UTC,0.993056
2026-05-07 06:45:23.000 UTC,0.993091
2026-05-07 07:45:47.000 UTC,0.993167
2026-05-07 08:46:11.000 UTC,0.993031
2026-05-07 09:46:47.000 UTC,0.99298278
2026-05-07 10:47:23.000 UTC,0.993038
2026-05-07 11:47:35.000 UTC,0.993114
2026-05-07 12:47:59.000 UTC,0.99312868
2026-05-07 13:48:35.000 UTC,0.993015
2026-05-07 14:49:11.000 UTC,0.99284618
2026-05-07 15:49:35.000 UTC,0.99296657
2026-05-07 16:50:11.000 UTC,0.993109
2026-05-07 17:50:47.000 UTC,0.993004
2026-05-07 18:51:11.000 UTC,0.992959
2026-05-07 19:51:47.000 UTC,0.99271423
2026-05-07 20:52:11.000 UTC,0.99265025
2026-05-07 21:52:11.000 UTC,0.99274129
2026-05-07 22:52:23.000 UTC,0.99256228
2026-05-07 23:52:47.000 UTC,0.99274003
2026-05-08 00:52:47.000 UTC,0.99268374
2026-05-08 01:52:59.000 UTC,0.99272791
2026-05-08 02:53:23.000 UTC,0.99303934
2026-05-08 03:53:23.000 UTC,0.993039
2026-05-08 04:53:35.000 UTC,0.99289934
2026-05-08 05:53:59.000 UTC,0.992962
2026-05-08 06:54:35.000 UTC,0.992959
2026-05-08 07:55:11.000 UTC,0.993021
2026-05-08 08:55:35.000 UTC,0.99298
2026-05-08 09:56:11.000 UTC,0.99322654
2026-05-08 10:56:35.000 UTC,0.99296385
2026-05-08 11:56:47.000 UTC,0.99293416
2026-05-08 12:56:59.000 UTC,0.993078
2026-05-08 13:57:35.000 UTC,0.99270498
2026-05-08 14:57:59.000 UTC,0.99288294
2026-05-08 15:57:59.000 UTC,0.992933
2026-05-08 16:58:11.000 UTC,0.99298786
2026-05-08 17:58:35.000 UTC,0.992944
2026-05-08 18:59:11.000 UTC,0.99310068
2026-05-08 19:59:47.000 UTC,0.99318602
2026-05-08 21:00:11.000 UTC,0.9930333
2026-05-08 22:00:47.000 UTC,0.993032
2026-05-08 23:01:23.000 UTC,0.99303531
2026-05-09 00:01:47.000 UTC,0.993041
2026-05-09 01:02:23.000 UTC,0.993081
2026-05-09 02:02:59.000 UTC,0.9931531
2026-05-09 03:03:23.000 UTC,0.993032
2026-05-09 04:03:59.000 UTC,0.993017
2026-05-09 05:04:23.000 UTC,0.99293354
2026-05-09 06:04:59.000 UTC,0.993164
2026-05-09 07:05:35.000 UTC,0.993094
2026-05-09 08:05:59.000 UTC,0.99311936
2026-05-09 09:06:11.000 UTC,0.993137
2026-05-09 10:06:35.000 UTC,0.99311125
2026-05-09 11:07:11.000 UTC,0.99312491
2026-05-09 12:07:47.000 UTC,0.992874
2026-05-09 13:08:11.000 UTC,0.993026
2026-05-09 14:08:47.000 UTC,0.99314704
2026-05-09 15:09:23.000 UTC,0.9931522
2026-05-09 16:09:47.000 UTC,0.99317982
2026-05-09 17:10:23.000 UTC,0.99317445
2026-05-09 18:10:47.000 UTC,0.99317975
2026-05-09 19:10:59.000 UTC,0.9931709
2026-05-09 20:11:23.000 UTC,0.99317037
2026-05-09 21:11:59.000 UTC,0.993153
2026-05-09 22:12:47.000 UTC,0.99308312
2026-05-09 23:13:11.000 UTC,0.99308345
2026-05-10 00:13:35.000 UTC,0.99316411
2026-05-10 01:13:59.000 UTC,0.993121
2026-05-10 02:14:11.000 UTC,0.993184
2026-05-10 03:14:35.000 UTC,0.99315289
2026-05-10 04:15:11.000 UTC,0.99317105
2026-05-10 05:15:35.000 UTC,0.9932121
2026-05-10 06:15:47.000 UTC,0.993229
2026-05-10 07:16:11.000 UTC,0.99341729
2026-05-10 08:16:47.000 UTC,0.99346029
2026-05-10 09:17:11.000 UTC,0.99347036
2026-05-10 10:17:23.000 UTC,0.99353624
2026-05-10 11:17:47.000 UTC,0.99350292
2026-05-10 12:18:23.000 UTC,0.993371
2026-05-10 13:18:59.000 UTC,0.99335787
2026-05-10 14:19:23.000 UTC,0.993356
2026-05-10 15:19:59.000 UTC,0.99340208
2026-05-10 16:20:47.000 UTC,0.99345413
2026-05-10 17:20:59.000 UTC,0.99353525
2026-05-10 18:21:35.000 UTC,0.99344568
2026-05-10 19:22:11.000 UTC,0.99344132
2026-05-10 20:22:35.000 UTC,0.99337581
2026-05-10 21:23:11.000 UTC,0.993248
2026-05-10 22:23:35.000 UTC,0.993363
2026-05-10 23:23:47.000 UTC,0.993448
2026-05-11 00:24:11.000 UTC,0.99338512
2026-05-11 01:24:47.000 UTC,0.99335
2026-05-11 02:25:11.000 UTC,0.99333744
2026-05-11 03:25:35.000 UTC,0.99329
2026-05-11 04:25:47.000 UTC,0.99320415
2026-05-11 05:26:23.000 UTC,0.99324953
2026-05-11 06:26:47.000 UTC,0.99325
2026-05-11 07:26:59.000 UTC,0.99320289
2026-05-11 08:27:23.000 UTC,0.99324023
2026-05-11 09:27:35.000 UTC,0.9932224
2026-05-11 10:27:59.000 UTC,0.99334796
2026-05-11 11:28:35.000 UTC,0.99331808
2026-05-11 12:29:11.000 UTC,0.99330635
2026-05-11 13:29:35.000 UTC,0.99326678
2026-05-11 14:30:11.000 UTC,0.99314779
2026-05-11 15:30:35.000 UTC,0.99330937
2026-05-11 16:30:35.000 UTC,0.99325134
2026-05-11 17:30:59.000 UTC,0.99316325
2026-05-11 18:31:35.000 UTC,0.99334997
2026-05-11 19:31:59.000 UTC,0.99336529
2026-05-11 20:31:59.000 UTC,0.99347501
2026-05-11 21:31:59.000 UTC,0.99345477
2026-05-11 22:32:11.000 UTC,0.99350596
2026-05-11 23:32:35.000 UTC,0.993452
2026-05-12 00:32:47.000 UTC,0.99345542
2026-05-12 01:33:23.000 UTC,0.9934374
2026-05-12 02:33:47.000 UTC,0.99329504
2026-05-12 03:34:11.000 UTC,0.99333918
2026-05-12 04:34:23.000 UTC,0.99324217
2026-05-12 05:34:47.000 UTC,0.99333788
2026-05-12 06:35:23.000 UTC,0.99329336
2026-05-12 07:35:59.000 UTC,0.99329934
2026-05-12 08:36:23.000 UTC,0.99328173
2026-05-12 09:37:11.000 UTC,0.99329664
2026-05-12 10:37:35.000 UTC,0.99327268
2026-05-12 11:37:59.000 UTC,0.99323545
2026-05-12 12:38:23.000 UTC,0.99338452
2026-05-12 13:38:59.000 UTC,0.99330037
2026-05-12 14:39:23.000 UTC,0.99329071
2026-05-12 15:39:23.000 UTC,0.99329208
2026-05-12 16:39:35.000 UTC,0.99325716
2026-05-12 17:40:11.000 UTC,0.99328938
2026-05-12 18:40:35.000 UTC,0.99329921
2026-05-12 19:40:59.000 UTC,0.99339873
2026-05-12 20:41:35.000 UTC,0.99340234
2026-05-12 21:42:11.000 UTC,0.9934126
2026-05-12 22:42:35.000 UTC,0.99335774
2026-05-12 23:43:11.000 UTC,0.99332227
2026-05-13 00:43:59.000 UTC,0.99336171
2026-05-13 01:44:11.000 UTC,0.99333577
2026-05-13 02:44:47.000 UTC,0.99333921
2026-05-13 03:45:23.000 UTC,0.993379
2026-05-13 04:45:47.000 UTC,0.99329863
2026-05-13 05:46:11.000 UTC,0.99329009
2026-05-13 06:46:35.000 UTC,0.993288
2026-05-13 07:47:11.000 UTC,0.99328055
2026-05-13 08:47:47.000 UTC,0.99334891
2026-05-13 09:48:11.000 UTC,0.993323
2026-05-13 10:48:59.000 UTC,0.993346
2026-05-13 11:49:35.000 UTC,0.99332133
2026-05-13 12:49:47.000 UTC,0.9933026
2026-05-13 13:50:35.000 UTC,0.99329559
2026-05-13 14:50:47.000 UTC,0.99347843
2026-05-13 15:50:59.000 UTC,0.99347387
2026-05-13 16:51:35.000 UTC,0.99354659
2026-05-13 17:51:35.000 UTC,0.99349411
2026-05-13 18:51:47.000 UTC,0.993789
2026-05-13 19:52:11.000 UTC,0.993858
2026-05-13 20:52:47.000 UTC,0.993934
2026-05-13 21:53:23.000 UTC,0.993964
2026-05-13 22:53:35.000 UTC,0.994029
2026-05-13 23:54:11.000 UTC,0.99395694
2026-05-14 00:54:35.000 UTC,0.993976
2026-05-14 01:55:11.000 UTC,0.99392674
2026-05-14 02:55:35.000 UTC,0.99378373
2026-05-14 03:55:47.000 UTC,0.99376506
2026-05-14 04:56:11.000 UTC,0.99371692
2026-05-14 05:56:47.000 UTC,0.99389177
2026-05-14 06:57:11.000 UTC,0.99377005
2026-05-14 07:57:23.000 UTC,0.9937676
2026-05-14 08:57:47.000 UTC,0.99389569
2026-05-14 09:58:23.000 UTC,0.99380288
2026-05-14 10:58:47.000 UTC,0.99388983
2026-05-14 11:58:59.000 UTC,0.99394522
2026-05-14 12:59:23.000 UTC,0.993934
2026-05-14 13:59:59.000 UTC,0.994042
2026-05-14 15:00:47.000 UTC,0.994071
2026-05-14 16:01:23.000 UTC,0.99416027
2026-05-14 17:01:47.000 UTC,0.994169
2026-05-14 18:02:23.000 UTC,0.99418134
2026-05-14 19:02:35.000 UTC,0.99421546
2026-05-14 20:02:47.000 UTC,0.99402868
2026-05-14 21:03:11.000 UTC,0.99405979
2026-05-14 22:03:59.000 UTC,0.994074
2026-05-14 23:04:11.000 UTC,0.994099
2026-05-15 00:04:35.000 UTC,0.993979
2026-05-15 01:04:47.000 UTC,0.99376374
2026-05-15 02:05:23.000 UTC,0.99409
2026-05-15 03:05:59.000 UTC,0.994055
2026-05-15 04:06:23.000 UTC,0.99400426
2026-05-15 05:06:59.000 UTC,0.99379807
2026-05-15 06:07:23.000 UTC,0.99356278
2026-05-15 07:07:35.000 UTC,0.9936444
2026-05-15 08:07:59.000 UTC,0.99365246
2026-05-15 09:08:47.000 UTC,0.993687
2026-05-15 10:08:59.000 UTC,0.993701
2026-05-15 11:09:23.000 UTC,0.993704
2026-05-15 12:09:35.000 UTC,0.99362
2026-05-15 13:09:47.000 UTC,0.993591
2026-05-15 14:10:11.000 UTC,0.99333825
2026-05-15 15:10:47.000 UTC,0.99334558
2026-05-15 16:11:11.000 UTC,0.993286
2026-05-15 17:11:23.000 UTC,0.99331227
2026-05-15 18:11:47.000 UTC,0.9932492
2026-05-15 19:12:23.000 UTC,0.99314354
2026-05-15 20:12:59.000 UTC,0.993189
2026-05-15 21:13:23.000 UTC,0.993147
2026-05-15 22:13:59.000 UTC,0.993169
2026-05-15 23:14:23.000 UTC,0.99327269
2026-05-16 00:14:35.000 UTC,0.9932711
2026-05-16 01:14:59.000 UTC,0.99328061
2026-05-16 02:15:35.000 UTC,0.99325238
2026-05-16 03:16:11.000 UTC,0.99326238
2026-05-16 04:16:35.000 UTC,0.993204
2026-05-16 05:17:11.000 UTC,0.99324955
2026-05-16 06:17:35.000 UTC,0.99319774
2026-05-16 07:17:35.000 UTC,0.99306894
2026-05-16 08:17:47.000 UTC,0.99312988
2026-05-16 09:19:11.000 UTC,0.99297823
2026-05-16 10:19:35.000 UTC,0.992741
2026-05-16 11:19:59.000 UTC,0.99306682
2026-05-16 12:20:11.000 UTC,0.99313433
2026-05-16 13:20:23.000 UTC,0.9931921
2026-05-16 14:20:59.000 UTC,0.993307
2026-05-16 15:21:35.000 UTC,0.993318
2026-05-16 16:21:59.000 UTC,0.993332
2026-05-16 17:22:35.000 UTC,0.9933182
2026-05-16 18:22:59.000 UTC,0.993323
2026-05-16 19:22:59.000 UTC,0.993335
2026-05-16 20:23:11.000 UTC,0.99333801
2026-05-16 21:23:35.000 UTC,0.99335791
2026-05-16 22:24:11.000 UTC,0.993334
2026-05-16 23:24:47.000 UTC,0.993297
2026-05-17 00:25:11.000 UTC,0.99328538
2026-05-17 01:25:47.000 UTC,0.993308
2026-05-17 02:26:23.000 UTC,0.993301
2026-05-17 03:26:47.000 UTC,0.99310684
2026-05-17 04:27:23.000 UTC,0.9932158
2026-05-17 05:27:47.000 UTC,0.993125
2026-05-17 06:27:59.000 UTC,0.99314562
2026-05-17 07:28:23.000 UTC,0.99318798
2026-05-17 08:28:59.000 UTC,0.99316012
2026-05-17 09:29:23.000 UTC,0.992961
2026-05-17 10:29:35.000 UTC,0.992918
2026-05-17 11:29:59.000 UTC,0.992895
2026-05-17 12:30:35.000 UTC,0.99310958
2026-05-17 13:30:59.000 UTC,0.99286429
2026-05-17 14:31:11.000 UTC,0.992745
2026-05-17 15:31:35.000 UTC,0.99264346
2026-05-17 16:32:11.000 UTC,0.99275
2026-05-17 17:32:47.000 UTC,0.992742
2026-05-17 18:33:11.000 UTC,0.992716
2026-05-17 19:33:59.000 UTC,0.99272
2026-05-17 20:34:11.000 UTC,0.99276
2026-05-17 21:34:23.000 UTC,0.99282986
2026-05-17 22:34:47.000 UTC,0.99266369
2026-05-17 23:35:23.000 UTC,0.99265952
2026-05-18 00:35:47.000 UTC,0.99314
2026-05-18 01:35:59.000 UTC,0.99316533
2026-05-18 02:36:23.000 UTC,0.993165
2026-05-18 03:36:59.000 UTC,0.993178
2026-05-18 04:37:23.000 UTC,0.99306428
2026-05-18 05:37:35.000 UTC,0.993152
2026-05-18 06:37:59.000 UTC,0.993134
2026-05-18 07:38:35.000 UTC,0.993096
2026-05-18 08:39:11.000 UTC,0.993026
2026-05-18 09:39:35.000 UTC,0.993091
2026-05-18 10:40:11.000 UTC,0.99309
2026-05-18 11:40:47.000 UTC,0.993154
2026-05-18 12:41:11.000 UTC,0.993218
2026-05-18 13:41:47.000 UTC,0.993044
2026-05-18 14:42:11.000 UTC,0.992941
2026-05-18 15:42:35.000 UTC,0.99276095
2026-05-18 16:43:11.000 UTC,0.99266822
2026-05-18 17:43:35.000 UTC,0.99273987
2026-05-18 18:44:11.000 UTC,0.99257402
2026-05-18 19:44:47.000 UTC,0.992924
2026-05-18 20:45:11.000 UTC,0.992981
2026-05-18 21:45:47.000 UTC,0.99309992
2026-05-18 22:46:11.000 UTC,0.99318
2026-05-18 23:46:11.000 UTC,0.993166
2026-05-19 00:46:23.000 UTC,0.99294608
2026-05-19 01:46:47.000 UTC,0.992881
2026-05-19 02:46:47.000 UTC,0.99282101
2026-05-19 03:47:11.000 UTC,0.99301564
2026-05-19 04:47:23.000 UTC,0.99284229
2026-05-19 05:47:59.000 UTC,0.99284293
2026-05-19 06:48:23.000 UTC,0.99295952
2026-05-19 07:48:47.000 UTC,0.99296629
2026-05-19 08:48:59.000 UTC,0.992985
2026-05-19 09:49:35.000 UTC,0.99275753
2026-05-19 10:49:59.000 UTC,0.99279497
2026-05-19 11:50:11.000 UTC,0.992786
2026-05-19 12:50:35.000 UTC,0.99283499
2026-05-19 13:50:47.000 UTC,0.99278683
2026-05-19 14:51:11.000 UTC,0.99275794
2026-05-19 15:51:47.000 UTC,0.99282657
2026-05-19 16:52:23.000 UTC,0.99277674
2026-05-19 17:52:47.000 UTC,0.99271678
2026-05-19 18:53:23.000 UTC,0.9926749
2026-05-19 19:53:47.000 UTC,0.992801
2026-05-19 20:54:23.000 UTC,0.99272672
2026-05-19 21:55:11.000 UTC,0.992839
2026-05-19 22:56:11.000 UTC,0.992778
2026-05-19 23:56:35.000 UTC,0.9928278
2026-05-20 00:57:11.000 UTC,0.992836
2026-05-20 01:57:35.000 UTC,0.99275354
2026-05-20 02:57:59.000 UTC,0.99266572
2026-05-20 03:58:35.000 UTC,0.99259931
2026-05-20 04:59:11.000 UTC,0.9926286
2026-05-20 05:59:35.000 UTC,0.992845
2026-05-20 07:00:11.000 UTC,0.9927926
2026-05-20 08:00:35.000 UTC,0.99279672
2026-05-20 09:00:47.000 UTC,0.992822
2026-05-20 10:00:59.000 UTC,0.99278729
2026-05-20 11:01:35.000 UTC,0.992868
2026-05-20 12:02:11.000 UTC,0.992873
2026-05-20 13:02:35.000 UTC,0.99287
2026-05-20 14:03:11.000 UTC,0.99280413
2026-05-20 15:03:35.000 UTC,0.99262532
2026-05-20 16:03:47.000 UTC,0.99276825
2026-05-20 17:04:11.000 UTC,0.99287369
2026-05-20 18:04:47.000 UTC,0.99286624
2026-05-20 19:05:23.000 UTC,0.99256815
2026-05-20 20:05:35.000 UTC,0.992664
2026-05-20 21:06:11.000 UTC,0.99267879
2026-05-20 22:06:35.000 UTC,0.99258159
2026-05-20 23:06:47.000 UTC,0.9926995
2026-05-21 00:07:11.000 UTC,0.99261774
2026-05-21 01:07:47.000 UTC,0.99268591
2026-05-21 02:08:23.000 UTC,0.992913
2026-05-21 03:08:47.000 UTC,0.992931
2026-05-21 04:09:23.000 UTC,0.992933
2026-05-21 05:09:47.000 UTC,0.992877
2026-05-21 06:09:59.000 UTC,0.992844
2026-05-21 07:10:23.000 UTC,0.992883
2026-05-21 08:10:59.000 UTC,0.992913
2026-05-21 09:11:23.000 UTC,0.992923
2026-05-21 10:11:35.000 UTC,0.992831
2026-05-21 11:11:59.000 UTC,0.992571
2026-05-21 12:12:35.000 UTC,0.992591
2026-05-21 13:12:59.000 UTC,0.99264535
2026-05-21 14:13:11.000 UTC,0.992719
2026-05-21 15:13:35.000 UTC,0.992614
2026-05-21 16:14:11.000 UTC,0.992695
2026-05-21 17:14:35.000 UTC,0.992575
2026-05-21 18:14:47.000 UTC,0.992706
2026-05-21 19:15:11.000 UTC,0.99267711
2026-05-21 20:16:23.000 UTC,0.99271958
2026-05-21 21:16:47.000 UTC,0.992492
2026-05-21 22:17:23.000 UTC,0.99244529
2026-05-21 23:17:47.000 UTC,0.992519
2026-05-22 00:17:59.000 UTC,0.99253319
2026-05-22 01:18:23.000 UTC,0.992509
2026-05-22 02:18:47.000 UTC,0.99274892
2026-05-22 03:19:11.000 UTC,0.992575
2026-05-22 04:19:23.000 UTC,0.992628
2026-05-22 05:19:47.000 UTC,0.992561
2026-05-22 06:20:23.000 UTC,0.992589
2026-05-22 07:20:47.000 UTC,0.992367
2026-05-22 08:20:47.000 UTC,0.992392
2026-05-22 09:20:59.000 UTC,0.99235593
2026-05-22 10:21:23.000 UTC,0.992382
2026-05-22 11:22:35.000 UTC,0.992391
2026-05-22 12:22:59.000 UTC,0.992516
2026-05-22 13:23:35.000 UTC,0.992435
2026-05-22 14:23:59.000 UTC,0.992435
2026-05-22 15:24:11.000 UTC,0.99239285
2026-05-22 16:24:35.000 UTC,0.9924429
2026-05-22 17:25:11.000 UTC,0.992542
2026-05-22 18:25:47.000 UTC,0.992543
2026-05-22 19:26:11.000 UTC,0.992345
2026-05-22 20:26:47.000 UTC,0.992192
2026-05-22 21:27:11.000 UTC,0.992191
2026-05-22 22:27:47.000 UTC,0.99202543
2026-05-22 23:28:11.000 UTC,0.99199435
2026-05-23 00:28:23.000 UTC,0.99187328
2026-05-23 01:28:47.000 UTC,0.99191663
2026-05-23 02:28:59.000 UTC,0.99191137
2026-05-23 03:29:23.000 UTC,0.99191711
2026-05-23 04:29:59.000 UTC,0.9919342
2026-05-23 05:30:35.000 UTC,0.99191983
2026-05-23 06:30:59.000 UTC,0.99193861
2026-05-23 07:31:35.000 UTC,0.991931
2026-05-23 08:31:59.000 UTC,0.99182886
2026-05-23 09:31:59.000 UTC,0.99187082
2026-05-23 10:32:11.000 UTC,0.991882
2026-05-23 11:32:35.000 UTC,0.99196442
2026-05-23 12:33:11.000 UTC,0.99190971
2026-05-23 13:33:35.000 UTC,0.992022
2026-05-23 14:33:47.000 UTC,0.99202997
2026-05-23 15:34:11.000 UTC,0.992074
2026-05-23 16:34:23.000 UTC,0.992037
2026-05-23 17:35:11.000 UTC,0.992055
2026-05-23 18:35:23.000 UTC,0.992173
2026-05-23 19:35:59.000 UTC,0.992257
2026-05-23 20:36:23.000 UTC,0.992248
2026-05-23 21:36:59.000 UTC,0.9923536
2026-05-23 22:37:35.000 UTC,0.992243
2026-05-23 23:38:23.000 UTC,0.99228384
2026-05-23 23:44:35.000 UTC,0.99229343
2026-05-24 00:45:11.000 UTC,0.992194
2026-05-24 01:45:23.000 UTC,0.99236251
2026-05-24 02:45:59.000 UTC,0.992323
2026-05-24 03:46:47.000 UTC,0.99241
2026-05-24 04:46:59.000 UTC,0.992401
2026-05-24 05:47:35.000 UTC,0.992436
2026-05-24 06:48:23.000 UTC,0.99241398
2026-05-24 07:48:35.000 UTC,0.9924
2026-05-24 08:49:11.000 UTC,0.992398
2026-05-24 09:49:47.000 UTC,0.99240661
2026-05-24 10:50:11.000 UTC,0.99240712
2026-05-24 11:50:47.000 UTC,0.992277
2026-05-24 12:51:23.000 UTC,0.99226924
2026-05-24 13:51:35.000 UTC,0.99229866
2026-05-24 14:51:35.000 UTC,0.99218079
2026-05-24 15:51:59.000 UTC,0.99201718
2026-05-24 16:52:35.000 UTC,0.992123
2026-05-24 17:52:59.000 UTC,0.99204621
2026-05-24 18:52:59.000 UTC,0.99195815
2026-05-24 19:53:11.000 UTC,0.99211713
2026-05-24 20:53:35.000 UTC,0.99168
2026-05-24 21:54:11.000 UTC,0.99161666
2026-05-24 22:54:47.000 UTC,0.99181486
2026-05-24 23:55:23.000 UTC,0.99184372
2026-05-25 00:55:47.000 UTC,0.9918572
2026-05-25 01:56:11.000 UTC,0.99187285
2026-05-25 02:56:35.000 UTC,0.991739
2026-05-25 03:57:11.000 UTC,0.99175047
2026-05-25 04:57:35.000 UTC,0.99187806
2026-05-25 05:58:11.000 UTC,0.99189842
2026-05-25 06:59:11.000 UTC,0.991801
2026-05-25 07:59:47.000 UTC,0.99183166
2026-05-25 09:00:11.000 UTC,0.99194116
2026-05-25 10:00:11.000 UTC,0.9919452
2026-05-25 11:00:23.000 UTC,0.99205943
2026-05-25 12:00:47.000 UTC,0.991947
2026-05-25 13:01:23.000 UTC,0.992019
2026-05-25 14:01:35.000 UTC,0.9920112
2026-05-25 15:02:11.000 UTC,0.99207785
2026-05-25 16:02:47.000 UTC,0.992197
2026-05-25 17:03:11.000 UTC,0.992232
2026-05-25 18:03:23.000 UTC,0.99225153
2026-05-25 19:03:47.000 UTC,0.992295
2026-05-25 20:04:23.000 UTC,0.99225103
2026-05-25 21:04:47.000 UTC,0.992203
2026-05-25 22:04:59.000 UTC,0.99219766
2026-05-25 23:05:23.000 UTC,0.992317
2026-05-26 00:05:59.000 UTC,0.992376
2026-05-26 01:06:35.000 UTC,0.99229281
2026-05-26 02:06:59.000 UTC,0.992271
2026-05-26 03:07:11.000 UTC,0.992163
2026-05-26 04:07:23.000 UTC,0.992138
2026-05-26 05:07:47.000 UTC,0.99212945
2026-05-26 06:07:59.000 UTC,0.99212665
2026-05-26 07:08:23.000 UTC,0.99210686
2026-05-26 08:08:59.000 UTC,0.99198037
2026-05-26 09:09:35.000 UTC,0.992045
2026-05-26 10:09:59.000 UTC,0.991978
2026-05-26 11:10:35.000 UTC,0.992011
2026-05-26 12:10:59.000 UTC,0.99196209
2026-05-26 13:11:11.000 UTC,0.99193886
2026-05-26 14:11:35.000 UTC,0.9919845
2026-05-26 15:12:11.000 UTC,0.99187813
2026-05-26 16:12:35.000 UTC,0.99172331
2026-05-26 17:12:35.000 UTC,0.991762
2026-05-26 18:12:47.000 UTC,0.99161467
2026-05-26 19:13:23.000 UTC,0.99150009
2026-05-26 20:13:47.000 UTC,0.99160188
2026-05-26 21:14:23.000 UTC,0.991622
2026-05-26 22:14:47.000 UTC,0.99163127
2026-05-26 23:15:23.000 UTC,0.99167059
2026-05-27 00:15:59.000 UTC,0.99170503
2026-05-27 01:16:23.000 UTC,0.99177815
2026-05-27 02:16:59.000 UTC,0.991763
2026-05-27 03:17:23.000 UTC,0.99174595
2026-05-27 04:17:35.000 UTC,0.991662
2026-05-27 05:17:59.000 UTC,0.99170483
2026-05-27 06:18:35.000 UTC,0.99166229
2026-05-27 07:19:11.000 UTC,0.99164372
2026-05-27 08:19:35.000 UTC,0.99169335
2026-05-27 09:20:11.000 UTC,0.991638
2026-05-27 10:20:35.000 UTC,0.99174719
2026-05-27 11:20:47.000 UTC,0.99172399
2026-05-27 12:21:11.000 UTC,0.99184426
2026-05-27 13:21:47.000 UTC,0.99170474
2026-05-27 14:22:11.000 UTC,0.9914511
2026-05-27 15:22:23.000 UTC,0.99148513
2026-05-27 16:22:47.000 UTC,0.991428
2026-05-27 17:23:23.000 UTC,0.99142486
2026-05-27 18:23:59.000 UTC,0.9914408
2026-05-27 19:24:23.000 UTC,0.991325
2026-05-27 20:24:59.000 UTC,0.991551
2026-05-27 21:25:35.000 UTC,0.991568
2026-05-27 22:25:59.000 UTC,0.991632
2026-05-27 23:26:35.000 UTC,0.99167914
2026-05-28 00:26:59.000 UTC,0.99150871
2026-05-28 01:27:11.000 UTC,0.99154084
2026-05-28 02:27:35.000 UTC,0.991477
2026-05-28 03:28:11.000 UTC,0.99161018
2026-05-28 04:28:35.000 UTC,0.99148099
2026-05-28 05:28:35.000 UTC,0.9914445
2026-05-28 06:28:47.000 UTC,0.99138977
2026-05-28 07:29:11.000 UTC,0.991477
2026-05-28 08:29:47.000 UTC,0.99145003
2026-05-28 09:30:23.000 UTC,0.99146162
2026-05-28 10:30:47.000 UTC,0.99136851
2026-05-28 11:31:23.000 UTC,0.99134548
2026-05-28 12:31:47.000 UTC,0.99145077
2026-05-28 13:31:59.000 UTC,0.99150109
2026-05-28 14:32:23.000 UTC,0.99141774
2026-05-28 15:32:59.000 UTC,0.99140417
2026-05-28 16:33:23.000 UTC,0.99130744
2026-05-28 17:33:47.000 UTC,0.99155599
2026-05-28 18:33:59.000 UTC,0.99147017
2026-05-28 19:34:35.000 UTC,0.99123948
2026-05-28 20:35:11.000 UTC,0.99129451
2026-05-28 21:35:23.000 UTC,0.99128689
2026-05-28 22:35:59.000 UTC,0.99112
2026-05-28 23:36:23.000 UTC,0.991088
2026-05-29 00:36:35.000 UTC,0.99113058
2026-05-29 01:36:59.000 UTC,0.991137
2026-05-29 02:37:35.000 UTC,0.991149
2026-05-29 03:37:59.000 UTC,0.991178
2026-05-29 04:38:23.000 UTC,0.99120817
2026-05-29 05:38:35.000 UTC,0.99120822
2026-05-29 06:39:11.000 UTC,0.99111974
2026-05-29 07:39:35.000 UTC,0.991126
2026-05-29 08:39:47.000 UTC,0.99087865
2026-05-29 09:40:11.000 UTC,0.9908517
2026-05-29 10:40:47.000 UTC,0.99074214
2026-05-29 11:41:23.000 UTC,0.9907823
2026-05-29 12:41:47.000 UTC,0.990822
2026-05-29 13:42:23.000 UTC,0.99087427
2026-05-29 14:42:59.000 UTC,0.99080318
2026-05-29 15:43:23.000 UTC,0.99116542
2026-05-29 16:43:59.000 UTC,0.99112489
2026-05-29 17:44:23.000 UTC,0.99127232
2026-05-29 18:44:23.000 UTC,0.99120714
2026-05-29 19:44:35.000 UTC,0.99133847
2026-05-29 20:44:59.000 UTC,0.9914433
2026-05-29 21:45:35.000 UTC,0.99110405
2026-05-29 22:45:59.000 UTC,0.99126554
2026-05-29 23:46:11.000 UTC,0.99104756
2026-05-30 00:46:47.000 UTC,0.9913399
2026-05-30 01:47:11.000 UTC,0.99133142
2026-05-30 02:47:35.000 UTC,0.99125096
2026-05-30 03:47:47.000 UTC,0.99104052
2026-05-30 04:48:23.000 UTC,0.99113423
2026-05-30 05:48:47.000 UTC,0.99122328
2026-05-30 06:49:23.000 UTC,0.99122222
2026-05-30 07:49:47.000 UTC,0.99130871
2026-05-30 08:50:23.000 UTC,0.99134062
2026-05-30 09:50:47.000 UTC,0.99112215
2026-05-30 10:50:59.000 UTC,0.99127707
2026-05-30 11:51:23.000 UTC,0.99114208
2026-05-30 12:51:59.000 UTC,0.9911182
2026-05-30 13:52:35.000 UTC,0.99113417
2026-05-30 14:52:59.000 UTC,0.99124571
2026-05-30 15:53:35.000 UTC,0.99109994
2026-05-30 16:53:59.000 UTC,0.99109378
2026-05-30 17:54:11.000 UTC,0.99116305
2026-05-30 18:54:35.000 UTC,0.99115302
2026-05-30 19:55:11.000 UTC,0.99118226
2026-05-30 20:55:47.000 UTC,0.99122662
2026-05-30 21:56:11.000 UTC,0.99121725
2026-05-30 22:56:47.000 UTC,0.99119819
2026-05-30 23:57:11.000 UTC,0.99119933
2026-05-31 00:57:23.000 UTC,0.9912099
2026-05-31 01:57:47.000 UTC,0.9912342
2026-05-31 02:58:23.000 UTC,0.99123651
2026-05-31 03:58:47.000 UTC,0.99125488
2026-05-31 04:58:59.000 UTC,0.99124568
2026-05-31 05:59:23.000 UTC,0.991193
2026-05-31 06:59:59.000 UTC,0.99123911
2026-05-31 08:00:35.000 UTC,0.99117083
2026-05-31 09:00:59.000 UTC,0.99119187
2026-05-31 10:01:35.000 UTC,0.99113271
2026-05-31 11:01:59.000 UTC,0.9911001
2026-05-31 12:01:59.000 UTC,0.99102484
2026-05-31 13:02:11.000 UTC,0.99099719
2026-05-31 14:02:35.000 UTC,0.99094516
2026-05-31 15:03:11.000 UTC,0.99094517
2026-05-31 16:03:47.000 UTC,0.99096769
2026-05-31 17:04:11.000 UTC,0.99092841
2026-05-31 18:04:47.000 UTC,0.99083612
2026-05-31 19:05:11.000 UTC,0.99084011
2026-05-31 20:05:23.000 UTC,0.99095898
2026-05-31 21:05:47.000 UTC,0.99093026
2026-05-31 22:06:23.000 UTC,0.99090365
2026-05-31 23:06:47.000 UTC,0.99096677
2026-06-01 00:06:59.000 UTC,0.9910285
2026-06-01 01:07:23.000 UTC,0.99095641
2026-06-01 02:07:47.000 UTC,0.99092959
2026-06-01 03:07:59.000 UTC,0.99106742
2026-06-01 04:08:35.000 UTC,0.9910383
2026-06-01 05:08:59.000 UTC,0.99096578
2026-06-01 06:09:35.000 UTC,0.99094677
2026-06-01 07:09:59.000 UTC,0.99099993
2026-06-01 08:10:11.000 UTC,0.99094073
2026-06-01 09:10:23.000 UTC,0.99099983
2026-06-01 10:10:59.000 UTC,0.99120223
2026-06-01 11:10:59.000 UTC,0.99119194
2026-06-01 12:11:35.000 UTC,0.99114897
2026-06-01 13:11:47.000 UTC,0.99117325
2026-06-01 14:11:59.000 UTC,0.99095085
2026-06-01 15:12:35.000 UTC,0.99094433
2026-06-01 16:13:47.000 UTC,0.99103426
2026-06-01 17:14:11.000 UTC,0.9912524
2026-06-01 18:14:23.000 UTC,0.99128635
2026-06-01 19:14:47.000 UTC,0.99129195
2026-06-01 20:16:23.000 UTC,0.99137639
2026-06-01 21:16:47.000 UTC,0.99134141
2026-06-01 22:16:59.000 UTC,0.99129843
2026-06-01 23:16:59.000 UTC,0.99112471
2026-06-02 00:17:11.000 UTC,0.99114926
2026-06-02 01:17:23.000 UTC,0.99093422
2026-06-02 02:17:35.000 UTC,0.99122588
2026-06-02 03:18:47.000 UTC,0.99114543
2026-06-02 04:18:59.000 UTC,0.99102142
2026-06-02 05:19:35.000 UTC,0.99099783
2026-06-02 06:21:11.000 UTC,0.9910977
2026-06-02 07:21:23.000 UTC,0.990886
2026-06-02 08:21:47.000 UTC,0.99104788
2026-06-02 09:21:59.000 UTC,0.99110304
2026-06-02 10:22:23.000 UTC,0.9911075
2026-06-02 11:22:59.000 UTC,0.991189
2026-06-02 12:23:11.000 UTC,0.99115318
2026-06-02 13:23:47.000 UTC,0.99104397
2026-06-02 14:24:23.000 UTC,0.990695
2026-06-02 15:25:11.000 UTC,0.99054907
2026-06-02 15:26:23.000 UTC,0.99054976
2026-06-02 16:26:47.000 UTC,0.99057287
2026-06-02 17:26:47.000 UTC,0.990564
2026-06-02 18:26:59.000 UTC,0.991
2026-06-02 19:27:11.000 UTC,0.99178579
2026-06-02 20:27:23.000 UTC,0.99179401
2026-06-02 21:28:11.000 UTC,0.991957
2026-06-02 22:28:35.000 UTC,0.991869
2026-06-02 23:28:59.000 UTC,0.99145828
2026-06-03 00:29:35.000 UTC,0.991911
2026-06-03 01:30:11.000 UTC,0.99192104
2026-06-03 02:30:35.000 UTC,0.991939
2026-06-03 03:31:11.000 UTC,0.991923
2026-06-03 04:31:35.000 UTC,0.991731
2026-06-03 05:31:47.000 UTC,0.991958
2026-06-03 06:32:11.000 UTC,0.99189128
2026-06-03 07:32:47.000 UTC,0.9919785
2026-06-03 08:33:11.000 UTC,0.99189282
2026-06-03 09:33:23.000 UTC,0.99170381
2026-06-03 10:33:47.000 UTC,0.99153812
2026-06-03 11:34:23.000 UTC,0.99171785
2026-06-03 12:34:59.000 UTC,0.99177942
2026-06-03 13:35:35.000 UTC,0.99171651
2026-06-03 14:35:47.000 UTC,0.991582
2026-06-03 15:36:11.000 UTC,0.99154688
2026-06-03 16:36:35.000 UTC,0.99156744
2026-06-03 17:36:47.000 UTC,0.991607
2026-06-03 18:37:23.000 UTC,0.991639
2026-06-03 19:37:47.000 UTC,0.99172573
2026-06-03 20:37:59.000 UTC,0.991381
2026-06-03 21:38:35.000 UTC,0.991522
2026-06-03 22:38:59.000 UTC,0.991625
2026-06-03 23:39:23.000 UTC,0.991606
2026-06-04 00:39:35.000 UTC,0.991573
2026-06-04 01:39:59.000 UTC,0.991543
2026-06-04 02:40:11.000 UTC,0.991482
2026-06-04 03:40:23.000 UTC,0.99168772
2026-06-04 04:40:35.000 UTC,0.991719
2026-06-04 05:41:11.000 UTC,0.991726
2026-06-04 06:41:35.000 UTC,0.991863
2026-06-04 07:41:47.000 UTC,0.99181494
2026-06-04 08:42:11.000 UTC,0.991898
2026-06-04 09:42:23.000 UTC,0.99150667
2026-06-04 10:42:47.000 UTC,0.99111549
2026-06-04 11:43:23.000 UTC,0.991149
2026-06-04 12:43:35.000 UTC,0.991296
2026-06-04 13:43:47.000 UTC,0.99134782
2026-06-04 14:43:59.000 UTC,0.99128149
2026-06-04 15:44:23.000 UTC,0.99134
2026-06-04 16:44:59.000 UTC,0.99127
2026-06-04 17:45:23.000 UTC,0.992627
2026-06-04 18:45:35.000 UTC,0.99249968
2026-06-04 19:45:59.000 UTC,0.99243903
2026-06-04 20:46:35.000 UTC,0.992502
2026-06-04 21:47:11.000 UTC,0.99241217
2026-06-04 22:47:35.000 UTC,0.992359
2026-06-04 23:48:11.000 UTC,0.99245182
2026-06-05 00:48:35.000 UTC,0.992404
2026-06-05 01:48:47.000 UTC,0.992274
2026-06-05 02:49:11.000 UTC,0.992426
2026-06-05 03:49:47.000 UTC,0.992486
2026-06-05 04:49:59.000 UTC,0.992582
2026-06-05 05:50:11.000 UTC,0.992425
2026-06-05 06:50:23.000 UTC,0.992453
2026-06-05 07:50:35.000 UTC,0.992607
2026-06-05 08:50:47.000 UTC,0.992559
2026-06-05 09:51:11.000 UTC,0.99262186
2026-06-05 10:51:47.000 UTC,0.99298
2026-06-05 11:52:23.000 UTC,0.992821
2026-06-05 12:52:23.000 UTC,0.992708
2026-06-05 13:52:47.000 UTC,0.99277241
2026-06-05 14:52:59.000 UTC,0.993019
2026-06-05 15:53:35.000 UTC,0.99272222
2026-06-05 16:53:59.000 UTC,0.99274463
2026-06-05 17:54:11.000 UTC,0.992998
2026-06-05 18:54:59.000 UTC,0.99283794
2026-06-05 19:55:11.000 UTC,0.99254944
2026-06-05 20:55:47.000 UTC,0.99273
2026-06-05 21:56:11.000 UTC,0.992809
2026-06-05 22:56:47.000 UTC,0.992691
2026-06-05 23:57:23.000 UTC,0.99261042
2026-06-06 00:57:47.000 UTC,0.99260506
2026-06-06 01:57:59.000 UTC,0.992514
2026-06-06 02:58:35.000 UTC,0.992579
2026-06-06 03:58:59.000 UTC,0.992477
2026-06-06 04:59:35.000 UTC,0.9923029
2026-06-06 06:00:11.000 UTC,0.99266147
2026-06-06 07:00:35.000 UTC,0.992583
2026-06-06 08:00:35.000 UTC,0.9927169
2026-06-06 09:00:47.000 UTC,0.992697
2026-06-06 10:02:11.000 UTC,0.992603
2026-06-06 11:02:23.000 UTC,0.99261138
2026-06-06 12:02:47.000 UTC,0.992497
2026-06-06 13:03:11.000 UTC,0.992535
2026-06-06 14:03:23.000 UTC,0.992485
2026-06-06 15:03:59.000 UTC,0.992489
2026-06-06 16:04:35.000 UTC,0.99246027
2026-06-06 17:04:59.000 UTC,0.99247583
2026-06-06 18:05:35.000 UTC,0.992481
2026-06-06 19:06:11.000 UTC,0.992489
2026-06-06 20:06:35.000 UTC,0.99252797
2026-06-06 21:07:11.000 UTC,0.992531
2026-06-06 22:07:47.000 UTC,0.992566
2026-06-06 23:08:11.000 UTC,0.99252813
2026-06-07 00:08:23.000 UTC,0.99252792
2026-06-07 01:09:35.000 UTC,0.99250836
2026-06-07 02:09:59.000 UTC,0.99249218
2026-06-07 03:10:23.000 UTC,0.99246841
2026-06-07 04:10:59.000 UTC,0.99253655
2026-06-07 05:11:35.000 UTC,0.99251943
2026-06-07 06:11:59.000 UTC,0.99250559
2026-06-07 07:12:35.000 UTC,0.9926
2026-06-07 08:13:11.000 UTC,0.993106
2026-06-07 09:13:35.000 UTC,0.99318768
2026-06-07 10:14:11.000 UTC,0.992993
2026-06-07 11:14:47.000 UTC,0.99290158
2026-06-07 12:15:11.000 UTC,0.992625
2026-06-07 13:15:47.000 UTC,0.99284242
2026-06-07 14:16:23.000 UTC,0.99284574
2026-06-07 15:16:47.000 UTC,0.99291408
2026-06-07 16:17:23.000 UTC,0.99304348
2026-06-07 17:17:47.000 UTC,0.99308245
2026-06-07 18:18:23.000 UTC,0.993399
2026-06-07 19:18:59.000 UTC,0.993307
2026-06-07 20:19:23.000 UTC,0.9933982
2026-06-07 21:19:59.000 UTC,0.9933933
2026-06-07 22:20:35.000 UTC,0.99287279
2026-06-07 23:20:59.000 UTC,0.99331891
2026-06-08 00:21:35.000 UTC,0.99323211
2026-06-08 01:22:11.000 UTC,0.99309339
2026-06-08 02:22:35.000 UTC,0.99324815
2026-06-08 03:23:11.000 UTC,0.9931927
2026-06-08 04:23:35.000 UTC,0.99305797
2026-06-08 05:23:47.000 UTC,0.99306004
2026-06-08 06:24:23.000 UTC,0.99311971
2026-06-08 07:24:47.000 UTC,0.993002
2026-06-08 08:25:11.000 UTC,0.993001
2026-06-08 09:25:23.000 UTC,0.993051
2026-06-08 10:25:47.000 UTC,0.99297515
2026-06-08 11:26:23.000 UTC,0.99294287
2026-06-08 12:26:59.000 UTC,0.992856
2026-06-08 13:27:23.000 UTC,0.99304382
2026-06-08 14:27:59.000 UTC,0.993126
2026-06-08 15:28:23.000 UTC,0.993161
2026-06-08 16:28:23.000 UTC,0.99312361
2026-06-08 17:28:35.000 UTC,0.99299888
2026-06-08 18:28:59.000 UTC,0.99282233
2026-06-08 19:29:47.000 UTC,0.992907
2026-06-08 20:30:11.000 UTC,0.993064
2026-06-08 21:30:35.000 UTC,0.99309909
2026-06-08 22:30:47.000 UTC,0.99306452
2026-06-08 23:31:11.000 UTC,0.993012
2026-06-09 00:31:11.000 UTC,0.99298731
2026-06-09 01:31:23.000 UTC,0.99283685
2026-06-09 02:32:47.000 UTC,0.99279901
2026-06-09 03:33:23.000 UTC,0.99289862
2026-06-09 04:33:59.000 UTC,0.99281619
2026-06-09 05:34:35.000 UTC,0.99282571
2026-06-09 06:34:59.000 UTC,0.99279
2026-06-09 07:35:35.000 UTC,0.992805
2026-06-09 08:35:59.000 UTC,0.99286081
2026-06-09 09:36:35.000 UTC,0.992837
2026-06-09 10:36:59.000 UTC,0.99286561
2026-06-09 11:37:11.000 UTC,0.992786
2026-06-09 12:37:35.000 UTC,0.992773
2026-06-09 13:38:11.000 UTC,0.99257674
2026-06-09 14:38:47.000 UTC,0.9925416
2026-06-09 15:39:11.000 UTC,0.992537
2026-06-09 16:39:59.000 UTC,0.99245363
2026-06-09 17:40:23.000 UTC,0.99248733
2026-06-09 18:40:47.000 UTC,0.99248
2026-06-09 19:41:23.000 UTC,0.99255064
2026-06-09 20:41:47.000 UTC,0.992501
2026-06-09 21:41:59.000 UTC,0.992718
2026-06-09 22:42:23.000 UTC,0.992652
2026-06-09 23:42:59.000 UTC,0.99281421
2026-06-10 00:43:59.000 UTC,0.99265096
2026-06-10 01:44:35.000 UTC,0.992599
2026-06-10 02:44:59.000 UTC,0.992518
2026-06-10 03:44:59.000 UTC,0.992637
2026-06-10 04:45:11.000 UTC,0.992601
2026-06-10 05:45:35.000 UTC,0.99257745
2026-06-10 06:46:11.000 UTC,0.99267312
2026-06-10 07:46:35.000 UTC,0.99266262
2026-06-10 08:46:47.000 UTC,0.99265988
2026-06-10 09:47:11.000 UTC,0.99257115
2026-06-10 10:47:11.000 UTC,0.99268115
2026-06-10 11:47:23.000 UTC,0.99266238
2026-06-10 12:47:47.000 UTC,0.99301144
2026-06-10 13:48:23.000 UTC,0.992869
2026-06-10 14:48:59.000 UTC,0.99272316
2026-06-10 15:49:23.000 UTC,0.992718
2026-06-10 16:49:59.000 UTC,0.992844
2026-06-10 17:50:23.000 UTC,0.99284416
2026-06-10 18:50:35.000 UTC,0.99276224
2026-06-10 19:50:59.000 UTC,0.99281712
2026-06-10 20:51:35.000 UTC,0.992795
2026-06-10 21:52:11.000 UTC,0.99273043
2026-06-10 22:52:35.000 UTC,0.99260573
2026-06-10 23:53:11.000 UTC,0.99267025
2026-06-11 00:53:35.000 UTC,0.992687
2026-06-11 01:53:47.000 UTC,0.992795
2026-06-11 02:54:11.000 UTC,0.992573
2026-06-11 03:54:47.000 UTC,0.9925286
2026-06-11 04:55:23.000 UTC,0.992509
2026-06-11 05:56:11.000 UTC,0.99256765
2026-06-11 06:56:23.000 UTC,0.9925632
2026-06-11 07:56:47.000 UTC,0.992471
2026-06-11 08:56:59.000 UTC,0.99248004
2026-06-11 09:57:23.000 UTC,0.992467
2026-06-11 10:57:59.000 UTC,0.992558
2026-06-11 11:58:35.000 UTC,0.992565
2026-06-11 12:58:59.000 UTC,0.992596
2026-06-11 13:59:35.000 UTC,0.99253561
2026-06-11 14:59:59.000 UTC,0.992558
2026-06-11 16:00:11.000 UTC,0.99268893
2026-06-11 17:00:35.000 UTC,0.99254454
2026-06-11 18:00:47.000 UTC,0.992921
2026-06-11 19:01:11.000 UTC,0.992971
2026-06-11 20:01:47.000 UTC,0.99306
2026-06-11 21:02:11.000 UTC,0.993034
2026-06-11 22:02:23.000 UTC,0.993039
2026-06-11 23:02:35.000 UTC,0.992841
2026-06-12 00:03:11.000 UTC,0.99309849
2026-06-12 01:03:47.000 UTC,0.9931
2026-06-12 02:03:59.000 UTC,0.993169
2026-06-12 03:04:35.000 UTC,0.99299515
2026-06-12 04:04:59.000 UTC,0.99289159
2026-06-12 05:05:11.000 UTC,0.99280768
2026-06-12 06:06:11.000 UTC,0.99282228
2026-06-12 07:06:35.000 UTC,0.99273493
2026-06-12 08:06:47.000 UTC,0.9926956
2026-06-12 09:07:11.000 UTC,0.99277756
2026-06-12 10:07:47.000 UTC,0.99280163
2026-06-12 11:08:11.000 UTC,0.99259478
2026-06-12 12:08:23.000 UTC,0.99267
2026-06-12 13:08:47.000 UTC,0.99280856
2026-06-12 14:09:23.000 UTC,0.99301549
2026-06-12 15:09:59.000 UTC,0.99305418
2026-06-12 16:10:23.000 UTC,0.9932069
2026-06-12 17:11:11.000 UTC,0.99316562
2026-06-12 18:11:35.000 UTC,0.993188
2026-06-12 19:11:59.000 UTC,0.993342
2026-06-12 20:12:35.000 UTC,0.993278
2026-06-12 21:12:59.000 UTC,0.993376
2026-06-12 22:13:11.000 UTC,0.99331685
2026-06-12 23:13:35.000 UTC,0.993254
2026-06-13 00:14:11.000 UTC,0.99327444
2026-06-13 01:14:59.000 UTC,0.99332318
2026-06-13 02:15:11.000 UTC,0.99331178
2026-06-13 03:15:47.000 UTC,0.99324963
2026-06-13 04:16:23.000 UTC,0.99334418
2026-06-13 05:16:47.000 UTC,0.993076
2026-06-13 06:17:23.000 UTC,0.993015
2026-06-13 07:17:47.000 UTC,0.99302673
2026-06-13 08:17:59.000 UTC,0.99306354
2026-06-13 09:18:23.000 UTC,0.99304889
2026-06-13 10:18:59.000 UTC,0.99304562
2026-06-13 11:19:47.000 UTC,0.99306636
2026-06-13 12:19:59.000 UTC,0.99306156
2026-06-13 13:20:35.000 UTC,0.99303384
2026-06-13 14:21:11.000 UTC,0.99302625
2026-06-13 15:21:47.000 UTC,0.99295559
2026-06-13 16:22:11.000 UTC,0.992907
2026-06-13 17:22:35.000 UTC,0.99286457
2026-06-13 18:22:59.000 UTC,0.99302192
2026-06-13 19:23:11.000 UTC,0.99296849
2026-06-13 20:23:47.000 UTC,0.99297341
2026-06-13 21:24:23.000 UTC,0.99308
2026-06-13 22:24:47.000 UTC,0.99309
2026-06-13 23:25:23.000 UTC,0.993192
2026-06-14 00:25:59.000 UTC,0.99312252
2026-06-14 01:26:23.000 UTC,0.99313
2026-06-14 02:26:59.000 UTC,0.993127
2026-06-14 03:27:35.000 UTC,0.993124
2026-06-14 04:27:59.000 UTC,0.993085
2026-06-14 05:28:35.000 UTC,0.993068
2026-06-14 06:28:59.000 UTC,0.99297758
2026-06-14 07:28:59.000 UTC,0.99289228
2026-06-14 08:29:11.000 UTC,0.99288925
2026-06-14 09:29:35.000 UTC,0.99288604
2026-06-14 10:30:11.000 UTC,0.99297883
2026-06-14 11:30:47.000 UTC,0.993007
2026-06-14 12:31:11.000 UTC,0.992959
2026-06-14 13:31:47.000 UTC,0.99291
2026-06-14 14:32:35.000 UTC,0.99289
2026-06-14 15:33:11.000 UTC,0.992717
2026-06-14 15:34:11.000 UTC,0.992721
2026-06-14 16:34:23.000 UTC,0.992746
2026-06-14 17:34:47.000 UTC,0.99273354
2026-06-14 18:34:59.000 UTC,0.99273093
2026-06-14 19:35:23.000 UTC,0.99244893
2026-06-14 20:35:59.000 UTC,0.99230065
2026-06-14 21:36:35.000 UTC,0.99283979
2026-06-14 22:36:59.000 UTC,0.99247894
2026-06-14 23:37:47.000 UTC,0.992375
2026-06-15 00:38:11.000 UTC,0.99243766
2026-06-15 01:38:35.000 UTC,0.992368
2026-06-15 02:39:11.000 UTC,0.99245166
2026-06-15 03:39:47.000 UTC,0.99234472
2026-06-15 04:40:11.000 UTC,0.99232583
2026-06-15 05:40:47.000 UTC,0.9923516
2026-06-15 06:41:11.000 UTC,0.99241618
2026-06-15 07:41:23.000 UTC,0.99240424
2026-06-15 08:41:47.000 UTC,0.99235514
2026-06-15 09:42:35.000 UTC,0.99231521
2026-06-15 10:42:47.000 UTC,0.99234383
2026-06-15 11:42:59.000 UTC,0.99250787
2026-06-15 12:43:23.000 UTC,0.99253635
2026-06-15 13:43:59.000 UTC,0.9924725
2026-06-15 14:44:35.000 UTC,0.99253813
2026-06-15 15:44:59.000 UTC,0.99237974
2026-06-15 16:45:35.000 UTC,0.99262103
2026-06-15 17:46:11.000 UTC,0.99257291
2026-06-15 18:46:35.000 UTC,0.992492
2026-06-15 19:47:11.000 UTC,0.992476
2026-06-15 20:47:35.000 UTC,0.9925
2026-06-15 21:47:35.000 UTC,0.99245
2026-06-15 22:47:47.000 UTC,0.99243958
2026-06-15 23:48:23.000 UTC,0.99239388
2026-06-16 00:49:11.000 UTC,0.99239071
2026-06-16 00:54:23.000 UTC,0.99242906
2026-06-16 01:54:47.000 UTC,0.99230007
2026-06-16 02:55:23.000 UTC,0.992279
2026-06-16 03:55:47.000 UTC,0.99243475
2026-06-16 04:55:59.000 UTC,0.992327
2026-06-16 05:56:23.000 UTC,0.992321
2026-06-16 06:56:59.000 UTC,0.99250824
2026-06-16 07:57:35.000 UTC,0.99239611
2026-06-16 08:57:59.000 UTC,0.99249357
2026-06-16 09:58:35.000 UTC,0.99231724
2026-06-16 10:59:11.000 UTC,0.9924215
2026-06-16 11:59:35.000 UTC,0.99238481
2026-06-16 12:59:47.000 UTC,0.99231067
2026-06-16 14:00:11.000 UTC,0.99228848
2026-06-16 15:00:35.000 UTC,0.99134778
2026-06-16 16:00:59.000 UTC,0.99118663
2026-06-16 17:01:35.000 UTC,0.99127168
2026-06-16 18:01:59.000 UTC,0.99074786
2026-06-16 19:02:11.000 UTC,0.99080783
2026-06-16 20:02:35.000 UTC,0.99081731
2026-06-16 21:03:11.000 UTC,0.99074304
2026-06-16 22:03:47.000 UTC,0.99070631
2026-06-16 23:04:11.000 UTC,0.990835
2026-06-17 00:04:47.000 UTC,0.990809
2026-06-17 01:05:23.000 UTC,0.99083969
2026-06-17 02:05:47.000 UTC,0.99082138
2026-06-17 03:06:23.000 UTC,0.990965
2026-06-17 04:06:59.000 UTC,0.99089514
2026-06-17 05:07:23.000 UTC,0.990758
2026-06-17 06:07:59.000 UTC,0.99067223
2026-06-17 07:08:23.000 UTC,0.99060954
2026-06-17 08:08:35.000 UTC,0.990528
2026-06-17 09:08:59.000 UTC,0.99050188
2026-06-17 10:09:35.000 UTC,0.99038492
2026-06-17 11:10:11.000 UTC,0.99038612
2026-06-17 12:10:35.000 UTC,0.9905
2026-06-17 13:11:11.000 UTC,0.99064567
2026-06-17 14:11:35.000 UTC,0.990613
2026-06-17 15:11:47.000 UTC,0.990516
2026-06-17 16:12:11.000 UTC,0.99064215
2026-06-17 17:12:11.000 UTC,0.99055976
2026-06-17 18:12:23.000 UTC,0.99050085
2026-06-17 19:12:47.000 UTC,0.99057
2026-06-17 20:13:23.000 UTC,0.99069868
2026-06-17 21:13:47.000 UTC,0.99057011
2026-06-17 22:13:59.000 UTC,0.990797
2026-06-17 23:14:11.000 UTC,0.99089693
2026-06-18 00:14:35.000 UTC,0.99088751
2026-06-18 01:15:11.000 UTC,0.99085958
2026-06-18 02:15:47.000 UTC,0.99079
2026-06-18 03:16:11.000 UTC,0.990687
2026-06-18 04:16:47.000 UTC,0.990427
2026-06-18 05:17:11.000 UTC,0.99034243
2026-06-18 06:17:23.000 UTC,0.990348
2026-06-18 07:17:47.000 UTC,0.99038594
2026-06-18 08:18:23.000 UTC,0.9904943
2026-06-18 09:18:35.000 UTC,0.99043492
2026-06-18 10:18:59.000 UTC,0.990382
2026-06-18 11:19:11.000 UTC,0.99033521
2026-06-18 12:19:23.000 UTC,0.99037844
2026-06-18 13:19:47.000 UTC,0.990451
2026-06-18 14:19:59.000 UTC,0.99026
2026-06-18 15:20:23.000 UTC,0.99034006
2026-06-18 16:20:59.000 UTC,0.9903739
2026-06-18 17:21:23.000 UTC,0.990231
2026-06-18 18:21:35.000 UTC,0.99015779
2026-06-18 19:21:47.000 UTC,0.990347
2026-06-18 20:22:23.000 UTC,0.990494
2026-06-18 21:22:47.000 UTC,0.99050487
2026-06-18 22:23:23.000 UTC,0.99040068
2026-06-18 23:23:47.000 UTC,0.990541
2026-06-19 00:23:59.000 UTC,0.990553
2026-06-19 01:24:23.000 UTC,0.99052657
2026-06-19 02:24:59.000 UTC,0.99044301
2026-06-19 03:25:35.000 UTC,0.99037583
2026-06-19 04:25:59.000 UTC,0.99042055
2026-06-19 05:26:35.000 UTC,0.99047887
2026-06-19 06:26:59.000 UTC,0.99046618
2026-06-19 07:27:11.000 UTC,0.99053071
2026-06-19 08:27:35.000 UTC,0.99043196
2026-06-19 09:28:11.000 UTC,0.99037778
2026-06-19 10:28:35.000 UTC,0.99036955
2026-06-19 11:28:47.000 UTC,0.99047355
2026-06-19 12:29:11.000 UTC,0.99055036
2026-06-19 13:29:35.000 UTC,0.9904505
2026-06-19 14:30:11.000 UTC,0.9906176
2026-06-19 15:30:23.000 UTC,0.990506
2026-06-19 16:30:59.000 UTC,0.990586
2026-06-19 17:31:23.000 UTC,0.99046871
2026-06-19 18:31:23.000 UTC,0.99062243
2026-06-19 19:31:35.000 UTC,0.99064
2026-06-19 20:31:59.000 UTC,0.99062203
2026-06-19 21:32:35.000 UTC,0.990588
2026-06-19 22:33:11.000 UTC,0.990638
2026-06-19 23:33:35.000 UTC,0.990591
2026-06-20 00:34:11.000 UTC,0.990673
2026-06-20 01:34:47.000 UTC,0.99067531
2026-06-20 02:35:11.000 UTC,0.99065817
2026-06-20 03:35:47.000 UTC,0.9905897
2026-06-20 04:36:11.000 UTC,0.99066904
2026-06-20 05:36:23.000 UTC,0.99061319
2026-06-20 06:36:47.000 UTC,0.9906098
2026-06-20 07:37:35.000 UTC,0.990583
2026-06-20 08:37:59.000 UTC,0.990815
2026-06-20 09:38:23.000 UTC,0.9909143
2026-06-20 10:38:59.000 UTC,0.99081997
2026-06-20 11:39:23.000 UTC,0.99092306
2026-06-20 12:39:35.000 UTC,0.990905
2026-06-20 13:39:59.000 UTC,0.990863
2026-06-20 14:40:35.000 UTC,0.99079823
2026-06-20 15:41:11.000 UTC,0.990755
2026-06-20 16:41:35.000 UTC,0.99080769
2026-06-20 17:42:11.000 UTC,0.990725
2026-06-20 18:42:35.000 UTC,0.99073
2026-06-20 19:42:47.000 UTC,0.990798
2026-06-20 20:43:11.000 UTC,0.990651
2026-06-20 21:43:47.000 UTC,0.990786
2026-06-20 22:44:23.000 UTC,0.990704
2026-06-20 23:44:47.000 UTC,0.99075389
2026-06-21 00:45:23.000 UTC,0.990734
2026-06-21 01:45:47.000 UTC,0.990691
2026-06-21 02:45:59.000 UTC,0.99093579
2026-06-21 03:46:23.000 UTC,0.990627
2026-06-21 04:46:59.000 UTC,0.990625
2026-06-21 05:47:35.000 UTC,0.990578
2026-06-21 06:47:59.000 UTC,0.990597
2026-06-21 07:48:35.000 UTC,0.99058742
2026-06-21 08:48:59.000 UTC,0.990562
2026-06-21 09:49:11.000 UTC,0.9906301
2026-06-21 10:49:35.000 UTC,0.99063971
2026-06-21 11:50:11.000 UTC,0.99066113
2026-06-21 12:50:47.000 UTC,0.99071531
2026-06-21 13:51:11.000 UTC,0.990691
2026-06-21 14:51:47.000 UTC,0.990799
2026-06-21 15:52:11.000 UTC,0.990727
2026-06-21 16:52:23.000 UTC,0.990749
2026-06-21 17:52:47.000 UTC,0.990741
2026-06-21 18:53:23.000 UTC,0.99085663
2026-06-21 19:53:59.000 UTC,0.99091267
2026-06-21 20:54:23.000 UTC,0.990587
2026-06-21 21:54:59.000 UTC,0.99045051
2026-06-21 22:55:23.000 UTC,0.990578
2026-06-21 23:55:35.000 UTC,0.99041105
2026-06-22 00:55:59.000 UTC,0.99068159
2026-06-22 01:56:35.000 UTC,0.99059999
2026-06-22 02:56:59.000 UTC,0.99050114
2026-06-22 03:57:11.000 UTC,0.99037748
2026-06-22 04:57:35.000 UTC,0.99041621
2026-06-22 05:58:11.000 UTC,0.99044628
2026-06-22 06:58:35.000 UTC,0.990468
2026-06-22 07:58:47.000 UTC,0.99041156
2026-06-22 08:59:11.000 UTC,0.990434
2026-06-22 09:59:47.000 UTC,0.99052559
2026-06-22 11:00:11.000 UTC,0.99073757
2026-06-22 12:00:23.000 UTC,0.9906719
2026-06-22 13:00:47.000 UTC,0.99061969
2026-06-22 14:01:23.000 UTC,0.99084464
2026-06-22 15:01:59.000 UTC,0.990573
2026-06-22 16:02:23.000 UTC,0.99045678
2026-06-22 17:02:59.000 UTC,0.99045769
2026-06-22 18:03:23.000 UTC,0.99053339
2026-06-22 19:03:35.000 UTC,0.99043743
2026-06-22 20:04:11.000 UTC,0.99043441
2026-06-22 21:04:11.000 UTC,0.99039486
2026-06-22 22:04:35.000 UTC,0.99044235
2026-06-22 23:04:59.000 UTC,0.99049976
2026-06-23 00:05:11.000 UTC,0.99039073
2026-06-23 01:05:23.000 UTC,0.990761
2026-06-23 02:05:35.000 UTC,0.990762
2026-06-23 03:06:11.000 UTC,0.99042445
2026-06-23 04:06:47.000 UTC,0.99046737
2026-06-23 05:07:11.000 UTC,0.9904745
2026-06-23 06:07:23.000 UTC,0.990404
2026-06-23 07:07:59.000 UTC,0.990318
2026-06-23 08:08:23.000 UTC,0.99023661
2026-06-23 09:08:23.000 UTC,0.990202
2026-06-23 10:08:35.000 UTC,0.99026462
2026-06-23 11:09:47.000 UTC,0.990221
2026-06-23 12:10:11.000 UTC,0.99036136
2026-06-23 13:10:47.000 UTC,0.99027366
2026-06-23 14:11:23.000 UTC,0.99031241
2026-06-23 15:12:11.000 UTC,0.990814
2026-06-23 16:12:47.000 UTC,0.990559
2026-06-23 17:12:47.000 UTC,0.99044581
2026-06-23 18:12:59.000 UTC,0.990433
2026-06-23 19:13:23.000 UTC,0.99045063
2026-06-23 20:13:59.000 UTC,0.99045743
2026-06-23 21:14:35.000 UTC,0.990477
2026-06-23 22:14:59.000 UTC,0.99055671
2026-06-23 23:15:35.000 UTC,0.990424
2026-06-24 00:15:59.000 UTC,0.99049146
2026-06-24 01:16:11.000 UTC,0.99042138
2026-06-24 02:16:35.000 UTC,0.99041325
2026-06-24 03:17:11.000 UTC,0.99024619
2026-06-24 04:17:47.000 UTC,0.99029814
2026-06-24 05:18:11.000 UTC,0.99035397
2026-06-24 06:18:47.000 UTC,0.990216
2026-06-24 07:19:11.000 UTC,0.99015193
2026-06-24 08:19:23.000 UTC,0.9901282
2026-06-24 09:19:47.000 UTC,0.98997659
2026-06-24 10:20:23.000 UTC,0.989973
2026-06-24 11:20:59.000 UTC,0.989983
2026-06-24 12:21:23.000 UTC,0.9899167
2026-06-24 13:21:59.000 UTC,0.990099
2026-06-24 14:22:23.000 UTC,0.99009053
2026-06-24 15:22:35.000 UTC,0.99002
2026-06-24 16:22:59.000 UTC,0.98979955
2026-06-24 17:23:35.000 UTC,0.989695
2026-06-24 18:24:11.000 UTC,0.98987042
2026-06-24 19:24:35.000 UTC,0.98985239
2026-06-24 20:25:11.000 UTC,0.99024425
2026-06-24 21:25:35.000 UTC,0.990294
2026-06-24 22:25:47.000 UTC,0.990204
2026-06-24 23:26:11.000 UTC,0.990144
2026-06-25 00:26:47.000 UTC,0.990052
2026-06-25 01:27:23.000 UTC,0.990045
2026-06-25 02:27:47.000 UTC,0.990178
2026-06-25 03:28:23.000 UTC,0.989866
2026-06-25 04:28:59.000 UTC,0.98991351
2026-06-25 05:29:23.000 UTC,0.99000358
2026-06-25 06:29:59.000 UTC,0.98986129
2026-06-25 07:30:23.000 UTC,0.98988
2026-06-25 08:30:35.000 UTC,0.989998
2026-06-25 09:30:59.000 UTC,0.989963
2026-06-25 10:31:35.000 UTC,0.98992
2026-06-25 11:32:11.000 UTC,0.989804
2026-06-25 12:32:35.000 UTC,0.98979488
2026-06-25 13:33:11.000 UTC,0.98967077
2026-06-25 14:34:11.000 UTC,0.99013457
2026-06-25 15:34:47.000 UTC,0.98983212
2026-06-25 16:35:11.000 UTC,0.98997263
2026-06-25 17:35:47.000 UTC,0.98986719
2026-06-25 18:36:11.000 UTC,0.98978522
2026-06-25 19:36:23.000 UTC,0.990366
2026-06-25 20:36:47.000 UTC,0.990289
2026-06-25 21:37:23.000 UTC,0.990538
2026-06-25 22:37:59.000 UTC,0.99039123
2026-06-25 23:38:23.000 UTC,0.9904025
2026-06-26 00:38:59.000 UTC,0.99047612
2026-06-26 01:39:35.000 UTC,0.99045166
2026-06-26 02:39:59.000 UTC,0.9902287
2026-06-26 03:40:35.000 UTC,0.99023948
2026-06-26 04:40:59.000 UTC,0.99067806
2026-06-26 05:41:11.000 UTC,0.99058645
2026-06-26 06:41:35.000 UTC,0.990517
2026-06-26 07:42:23.000 UTC,0.99042162
2026-06-26 08:42:47.000 UTC,0.9904728
2026-06-26 09:43:11.000 UTC,0.990303
2026-06-26 10:43:47.000 UTC,0.99029171
2026-06-26 11:44:23.000 UTC,0.990228
2026-06-26 12:44:47.000 UTC,0.99007878
2026-06-26 13:45:23.000 UTC,0.990298
2026-06-26 14:45:59.000 UTC,0.99024479
2026-06-26 15:46:23.000 UTC,0.9904191
2026-06-26 16:46:59.000 UTC,0.99030118
2026-06-26 17:47:35.000 UTC,0.99028502
2026-06-26 18:47:59.000 UTC,0.99013
2026-06-26 19:48:35.000 UTC,0.99030124
2026-06-26 20:48:59.000 UTC,0.990085
2026-06-26 21:49:11.000 UTC,0.99013823
2026-06-26 22:49:35.000 UTC,0.99020604
2026-06-26 23:50:11.000 UTC,0.9903421
2026-06-27 00:50:35.000 UTC,0.990236
2026-06-27 01:50:47.000 UTC,0.99023031
2026-06-27 02:51:11.000 UTC,0.99045724
2026-06-27 03:51:47.000 UTC,0.99019
2026-06-27 04:52:23.000 UTC,0.99014746
2026-06-27 05:52:47.000 UTC,0.990211
2026-06-27 06:53:23.000 UTC,0.990101
2026-06-27 07:53:47.000 UTC,0.99013967
2026-06-27 08:53:59.000 UTC,0.99008468
2026-06-27 09:54:23.000 UTC,0.990157
2026-06-27 10:54:59.000 UTC,0.99014262
2026-06-27 11:55:35.000 UTC,0.9901496
2026-06-27 12:55:59.000 UTC,0.99012451
2026-06-27 13:56:35.000 UTC,0.99013164
2026-06-27 14:56:59.000 UTC,0.99013756
2026-06-27 15:57:23.000 UTC,0.990201
2026-06-27 16:57:35.000 UTC,0.99030944
2026-06-27 17:58:11.000 UTC,0.990273
2026-06-27 18:58:47.000 UTC,0.99028177
2026-06-27 19:59:11.000 UTC,0.99015
2026-06-27 20:59:47.000 UTC,0.99018958
2026-06-27 22:00:23.000 UTC,0.990147
2026-06-27 23:00:47.000 UTC,0.9901879
2026-06-28 00:01:23.000 UTC,0.99016
2026-06-28 01:01:47.000 UTC,0.99023293
2026-06-28 02:01:59.000 UTC,0.990238
2026-06-28 03:02:23.000 UTC,0.9902286
2026-06-28 04:02:35.000 UTC,0.99015411
2026-06-28 05:02:59.000 UTC,0.990213
2026-06-28 06:03:35.000 UTC,0.99020791
2026-06-28 07:03:59.000 UTC,0.99030594
2026-06-28 08:04:11.000 UTC,0.99024862
2026-06-28 09:04:35.000 UTC,0.99029876
2026-06-28 10:04:35.000 UTC,0.99026148
2026-06-28 11:04:47.000 UTC,0.99029891
2026-06-28 12:05:11.000 UTC,0.99026186
2026-06-28 13:05:47.000 UTC,0.99026757
2026-06-28 14:06:23.000 UTC,0.99022106
2026-06-28 15:06:47.000 UTC,0.99027766
2026-06-28 16:07:23.000 UTC,0.990308
2026-06-28 17:07:59.000 UTC,0.99009348
2026-06-28 18:08:23.000 UTC,0.99008314
2026-06-28 19:08:59.000 UTC,0.99009741
2026-06-28 20:09:23.000 UTC,0.99009593
2026-06-28 21:09:35.000 UTC,0.990274
2026-06-28 22:09:59.000 UTC,0.990242
2026-06-28 23:10:47.000 UTC,0.99017889
2026-06-29 00:11:11.000 UTC,0.990186
2026-06-29 01:11:35.000 UTC,0.99010366
2026-06-29 02:12:23.000 UTC,0.99007275
2026-06-29 03:12:59.000 UTC,0.990083
2026-06-29 04:13:11.000 UTC,0.99013
2026-06-29 05:13:47.000 UTC,0.98993539
2026-06-29 06:14:23.000 UTC,0.990211
2026-06-29 07:14:59.000 UTC,0.99005368
2026-06-29 08:15:23.000 UTC,0.99014817
2026-06-29 09:15:59.000 UTC,0.990332
2026-06-29 10:16:23.000 UTC,0.99025721
2026-06-29 11:16:59.000 UTC,0.990193
2026-06-29 12:17:23.000 UTC,0.990355
2026-06-29 13:17:35.000 UTC,0.990277
2026-06-29 14:17:59.000 UTC,0.990014
2026-06-29 15:18:35.000 UTC,0.99019638
2026-06-29 16:18:47.000 UTC,0.990273
2026-06-29 17:18:59.000 UTC,0.990275
2026-06-29 18:19:23.000 UTC,0.99038538
2026-06-29 19:19:59.000 UTC,0.99030694
2026-06-29 20:20:23.000 UTC,0.99028858
2026-06-29 21:20:35.000 UTC,0.99024567
2026-06-29 22:20:59.000 UTC,0.9902992
2026-06-29 23:21:35.000 UTC,0.99020072
2026-06-30 00:22:11.000 UTC,0.99025464
2026-06-30 01:22:35.000 UTC,0.99028562
2026-06-30 02:23:11.000 UTC,0.99030777
2026-06-30 03:23:23.000 UTC,0.99023403
2026-06-30 04:23:35.000 UTC,0.98994116
2026-06-30 05:23:59.000 UTC,0.99006832
2026-06-30 06:24:35.000 UTC,0.98997677
2026-06-30 07:25:11.000 UTC,0.99001239
2026-06-30 08:25:35.000 UTC,0.98990558
2026-06-30 09:26:11.000 UTC,0.98972845
2026-06-30 10:26:47.000 UTC,0.98972299
2026-06-30 11:27:11.000 UTC,0.98954679
2026-06-30 12:27:47.000 UTC,0.98953047
2026-06-30 13:28:11.000 UTC,0.98953289
2026-06-30 14:28:35.000 UTC,0.9897713
2026-06-30 15:28:47.000 UTC,0.98972034
2026-06-30 16:29:23.000 UTC,0.98971685
2026-06-30 17:29:59.000 UTC,0.98986428
2026-06-30 18:30:23.000 UTC,0.98980682
2026-06-30 19:30:59.000 UTC,0.98982804
2026-06-30 20:31:23.000 UTC,0.98978937
2026-06-30 21:31:47.000 UTC,0.98978344
2026-06-30 22:32:11.000 UTC,0.98982101
2026-06-30 23:32:35.000 UTC,0.98977167
2026-07-01 00:32:59.000 UTC,0.9898127
2026-07-01 01:33:11.000 UTC,0.989867
2026-07-01 02:33:35.000 UTC,0.98970415
2026-07-01 03:34:11.000 UTC,0.9899863
2026-07-01 04:34:35.000 UTC,0.99004764
2026-07-01 05:34:35.000 UTC,0.98989881
2026-07-01 06:34:47.000 UTC,0.98977689
2026-07-01 07:35:11.000 UTC,0.98983849
2026-07-01 08:35:23.000 UTC,0.98995907
2026-07-01 09:35:47.000 UTC,0.99000607
2026-07-01 10:35:59.000 UTC,0.98995909
2026-07-01 11:36:23.000 UTC,0.98997541
2026-07-01 12:36:35.000 UTC,0.98998327
2026-07-01 13:36:59.000 UTC,0.98999531
2026-07-01 14:37:11.000 UTC,0.99013918
2026-07-01 15:37:35.000 UTC,0.99039361
2026-07-01 16:37:47.000 UTC,0.99039274
2026-07-01 17:38:11.000 UTC,0.99046635
2026-07-01 18:38:23.000 UTC,0.99043845
2026-07-01 19:38:47.000 UTC,0.99044884
2026-07-01 20:39:23.000 UTC,0.9903664
2026-07-01 21:39:59.000 UTC,0.99044106
2026-07-01 22:40:23.000 UTC,0.99034312
2026-07-01 23:40:59.000 UTC,0.99018231
2026-07-02 00:41:23.000 UTC,0.99018368
2026-07-02 01:41:35.000 UTC,0.99037139
2026-07-02 02:42:23.000 UTC,0.99034848
2026-07-02 03:42:35.000 UTC,0.99034031
2026-07-02 04:43:11.000 UTC,0.99030492
2026-07-02 05:43:35.000 UTC,0.99025387
2026-07-02 06:44:11.000 UTC,0.99028202
2026-07-02 07:44:35.000 UTC,0.99019933
2026-07-02 08:44:59.000 UTC,0.99029272
2026-07-02 09:45:11.000 UTC,0.99024494
2026-07-02 10:45:47.000 UTC,0.99031406
2026-07-02 11:46:23.000 UTC,0.99027647
2026-07-02 12:46:47.000 UTC,0.99035119
2026-07-02 13:47:11.000 UTC,0.99026
2026-07-02 14:47:23.000 UTC,0.99026612
2026-07-02 15:47:59.000 UTC,0.99029686
2026-07-02 16:48:23.000 UTC,0.99036553
2026-07-02 17:48:59.000 UTC,0.99037337
2026-07-02 18:49:23.000 UTC,0.99037816
2026-07-02 19:49:23.000 UTC,0.99037099
2026-07-02 20:49:35.000 UTC,0.99029707
2026-07-02 21:49:59.000 UTC,0.99013661
2026-07-02 22:50:11.000 UTC,0.99021447
2026-07-02 23:50:35.000 UTC,0.99021995
2026-07-03 00:51:11.000 UTC,0.99016387
2026-07-03 01:51:35.000 UTC,0.99025754
2026-07-03 02:51:47.000 UTC,0.9902236
2026-07-03 03:52:11.000 UTC,0.9902094
2026-07-03 04:52:47.000 UTC,0.99021508
2026-07-03 05:53:11.000 UTC,0.99022415
2026-07-03 06:53:23.000 UTC,0.99023277
2026-07-03 07:53:47.000 UTC,0.99020713
2026-07-03 08:54:23.000 UTC,0.99017087
2026-07-03 09:54:59.000 UTC,0.99018878
2026-07-03 10:55:23.000 UTC,0.99017618
2026-07-03 11:55:59.000 UTC,0.99006348
2026-07-03 12:56:23.000 UTC,0.99000152
2026-07-03 13:56:35.000 UTC,0.99013906
2026-07-03 14:56:59.000 UTC,0.99013867
2026-07-03 15:57:47.000 UTC,0.99007902
2026-07-03 16:57:59.000 UTC,0.9901645
2026-07-03 17:58:11.000 UTC,0.99013549
2026-07-03 18:58:35.000 UTC,0.99016861
2026-07-03 19:59:11.000 UTC,0.99019007
2026-07-03 20:59:35.000 UTC,0.99022272
2026-07-03 21:59:47.000 UTC,0.99022395
2026-07-03 23:00:11.000 UTC,0.99019074
2026-07-04 00:00:35.000 UTC,0.99012028
2026-07-04 01:00:59.000 UTC,0.99016382
2026-07-04 02:01:11.000 UTC,0.990054
2026-07-04 03:01:35.000 UTC,0.99010492
2026-07-04 04:02:11.000 UTC,0.99007537
2026-07-04 05:02:47.000 UTC,0.99009366
2026-07-04 06:03:23.000 UTC,0.99009281
2026-07-04 07:03:47.000 UTC,0.99004182
2026-07-04 08:04:11.000 UTC,0.99011735
2026-07-04 09:04:23.000 UTC,0.99024023
2026-07-04 10:04:47.000 UTC,0.9901485
2026-07-04 11:05:47.000 UTC,0.99022334
2026-07-04 12:05:47.000 UTC,0.99023367
2026-07-04 13:05:59.000 UTC,0.99020549
2026-07-04 14:06:23.000 UTC,0.99018471
2026-07-04 15:06:59.000 UTC,0.990254
2026-07-04 16:07:35.000 UTC,0.9902494
2026-07-04 17:07:59.000 UTC,0.99013249
2026-07-04 18:08:35.000 UTC,0.9900926
2026-07-04 19:08:59.000 UTC,0.99024009
2026-07-04 20:09:11.000 UTC,0.99022131
2026-07-04 21:09:35.000 UTC,0.99015786
2026-07-04 22:10:11.000 UTC,0.99017404
2026-07-04 23:10:47.000 UTC,0.99013121
2026-07-05 00:11:11.000 UTC,0.98986952
2026-07-05 01:11:35.000 UTC,0.98986977
2026-07-05 02:11:59.000 UTC,0.98984018
2026-07-05 03:11:59.000 UTC,0.98988069
2026-07-05 04:12:11.000 UTC,0.9899438
2026-07-05 05:12:35.000 UTC,0.98993231
2026-07-05 06:12:35.000 UTC,0.98990695
2026-07-05 07:12:47.000 UTC,0.98984365
2026-07-05 08:12:59.000 UTC,0.98993565
2026-07-05 09:13:35.000 UTC,0.98991637
2026-07-05 10:13:59.000 UTC,0.98998069
2026-07-05 11:14:11.000 UTC,0.98997235
2026-07-05 12:14:35.000 UTC,0.98997677
2026-07-05 13:15:11.000 UTC,0.98995095
2026-07-05 14:15:47.000 UTC,0.98996807
2026-07-05 15:16:11.000 UTC,0.98990648
2026-07-05 16:16:47.000 UTC,0.98988245
2026-07-05 17:17:11.000 UTC,0.98988054
2026-07-05 18:17:23.000 UTC,0.98989239
2026-07-05 19:17:47.000 UTC,0.98992005
2026-07-05 20:18:23.000 UTC,0.98987803
2026-07-05 21:18:47.000 UTC,0.98991753
2026-07-05 22:18:59.000 UTC,0.98999802
2026-07-05 23:19:23.000 UTC,0.98997797
2026-07-06 00:19:59.000 UTC,0.98992885
2026-07-06 01:20:23.000 UTC,0.98999083
2026-07-06 02:20:35.000 UTC,0.98987382
2026-07-06 03:20:59.000 UTC,0.98978776
2026-07-06 04:21:35.000 UTC,0.98972495
2026-07-06 05:22:11.000 UTC,0.98971801
2026-07-06 06:22:35.000 UTC,0.98972943
2026-07-06 07:23:11.000 UTC,0.98966956
2026-07-06 08:23:59.000 UTC,0.98965231
2026-07-06 09:24:11.000 UTC,0.98954732
2026-07-06 10:24:47.000 UTC,0.98977661
2026-07-06 11:25:11.000 UTC,0.98989961
2026-07-06 12:25:23.000 UTC,0.98972977
2026-07-06 13:25:47.000 UTC,0.98955622
2026-07-06 14:26:23.000 UTC,0.9899742
2026-07-06 15:26:47.000 UTC,0.98996116
2026-07-06 16:26:59.000 UTC,0.98995323
2026-07-06 17:27:35.000 UTC,0.99014117
2026-07-06 18:27:59.000 UTC,0.99008065
2026-07-06 19:27:59.000 UTC,0.99022736
2026-07-06 20:28:11.000 UTC,0.99009787
2026-07-06 21:28:35.000 UTC,0.99003553
2026-07-06 22:29:11.000 UTC,0.99002327
2026-07-06 23:29:47.000 UTC,0.99004306
2026-07-07 00:30:23.000 UTC,0.99011001
2026-07-07 01:30:47.000 UTC,0.98996175
2026-07-07 02:31:11.000 UTC,0.98975379
2026-07-07 03:31:23.000 UTC,0.9897441
2026-07-07 04:31:47.000 UTC,0.98972389
2026-07-07 05:32:23.000 UTC,0.9897487
2026-07-07 06:32:59.000 UTC,0.98973034
2026-07-07 07:33:35.000 UTC,0.98991078
2026-07-07 08:33:59.000 UTC,0.98952292
2026-07-07 09:34:35.000 UTC,0.98944943
2026-07-07 10:34:59.000 UTC,0.98947474
2026-07-07 11:35:11.000 UTC,0.98948465
2026-07-07 12:36:35.000 UTC,0.9894968
2026-07-07 13:37:11.000 UTC,0.98936865
2026-07-07 14:37:47.000 UTC,0.98950355
2026-07-07 15:38:11.000 UTC,0.98959808
2026-07-07 16:38:59.000 UTC,0.98956555
2026-07-07 16:39:11.000 UTC,0.98953458
2026-07-07 17:39:59.000 UTC,0.98954295
2026-07-07 18:40:11.000 UTC,0.98954424
2026-07-07 19:40:59.000 UTC,0.98922669
2026-07-07 20:41:11.000 UTC,0.98900005
2026-07-07 21:41:59.000 UTC,0.98911838
2026-07-07 22:42:11.000 UTC,0.98916268
2026-07-07 23:42:23.000 UTC,0.9891419
2026-07-08 00:43:11.000 UTC,0.98916887
2026-07-08 01:43:23.000 UTC,0.98886976
2026-07-08 02:44:47.000 UTC,0.98890861
2026-07-08 03:44:59.000 UTC,0.98888922
2026-07-08 04:45:35.000 UTC,0.98889025
2026-07-08 05:45:59.000 UTC,0.98889867
2026-07-08 06:46:35.000 UTC,0.98886273
2026-07-08 07:46:59.000 UTC,0.98878802
2026-07-08 08:47:35.000 UTC,0.98899937
2026-07-08 09:48:11.000 UTC,0.98903259
2026-07-08 10:48:35.000 UTC,0.98899053
2026-07-08 11:49:11.000 UTC,0.9890021
2026-07-08 12:49:35.000 UTC,0.98891537
2026-07-08 13:49:47.000 UTC,0.98887469
2026-07-08 14:50:11.000 UTC,0.9887957
2026-07-08 15:50:47.000 UTC,0.98849048
2026-07-08 16:51:11.000 UTC,0.98857756
2026-07-08 17:51:23.000 UTC,0.98859678
2026-07-08 18:51:47.000 UTC,0.98882349
2026-07-08 19:52:23.000 UTC,0.99043603
2026-07-08 20:52:59.000 UTC,0.99048242
2026-07-08 21:53:23.000 UTC,0.99054908
2026-07-08 22:53:59.000 UTC,0.99052035
2026-07-08 23:54:23.000 UTC,0.99050533
2026-07-09 00:54:23.000 UTC,0.99042227
2026-07-09 01:54:35.000 UTC,0.99051692
2026-07-09 02:54:59.000 UTC,0.99039267
2026-07-09 03:55:35.000 UTC,0.99043014
2026-07-09 04:55:59.000 UTC,0.99045824
2026-07-09 05:56:35.000 UTC,0.99048281
2026-07-09 06:56:59.000 UTC,0.99046128
2026-07-09 07:57:23.000 UTC,0.99056294
2026-07-09 08:57:23.000 UTC,0.99069786
2026-07-09 09:57:35.000 UTC,0.99070846
2026-07-09 10:57:59.000 UTC,0.99079663
2026-07-09 11:57:59.000 UTC,0.99114994
2026-07-09 12:58:11.000 UTC,0.99122443
2026-07-09 13:58:35.000 UTC,0.99113075
2026-07-09 14:59:11.000 UTC,0.99118279
2026-07-09 15:59:35.000 UTC,0.9911855
2026-07-09 16:59:47.000 UTC,0.9911848
2026-07-09 18:00:11.000 UTC,0.99121946
2026-07-09 19:00:47.000 UTC,0.99114785
2026-07-09 20:01:23.000 UTC,0.99113801
2026-07-09 21:01:47.000 UTC,0.9911737
2026-07-09 22:03:23.000 UTC,0.99114587
2026-07-09 22:10:23.000 UTC,0.99114543
2026-07-09 23:10:59.000 UTC,0.99109929
2026-07-10 00:11:23.000 UTC,0.99110061
2026-07-10 01:11:59.000 UTC,0.99106473
2026-07-10 02:12:23.000 UTC,0.99113341
2026-07-10 03:12:35.000 UTC,0.99113447
2026-07-10 04:12:59.000 UTC,0.99113809
2026-07-10 05:13:35.000 UTC,0.9911362
2026-07-10 06:14:11.000 UTC,0.99112772
2026-07-10 07:14:35.000 UTC,0.99104247
2026-07-10 08:15:11.000 UTC,0.99111847
2026-07-10 09:15:35.000 UTC,0.99104398
2026-07-10 10:15:47.000 UTC,0.99104586
2026-07-10 11:16:11.000 UTC,0.99108477
2026-07-10 12:16:47.000 UTC,0.99105987
2026-07-10 13:17:11.000 UTC,0.99104868
2026-07-10 14:17:35.000 UTC,0.99118637
2026-07-10 15:18:11.000 UTC,0.99100563
2026-07-10 16:18:35.000 UTC,0.99105217
2026-07-10 17:19:59.000 UTC,0.99106447
2026-07-10 18:20:11.000 UTC,0.99116146
2026-07-10 19:20:47.000 UTC,0.99094479
2026-07-10 20:21:11.000 UTC,0.99097422
2026-07-10 21:21:47.000 UTC,0.9908639
2026-07-10 22:22:23.000 UTC,0.99107362
2026-07-10 23:22:47.000 UTC,0.99114681
2026-07-11 00:23:23.000 UTC,0.9911514
2026-07-11 01:23:47.000 UTC,0.9911274
2026-07-11 02:23:59.000 UTC,0.99120337
2026-07-11 03:24:23.000 UTC,0.99127352
2026-07-11 04:24:59.000 UTC,0.99127447
2026-07-11 05:25:23.000 UTC,0.99122534
2026-07-11 06:25:59.000 UTC,0.99119501
2026-07-11 07:26:23.000 UTC,0.99123908
2026-07-11 08:26:47.000 UTC,0.99127289
2026-07-11 09:26:47.000 UTC,0.99126041
2026-07-11 10:26:59.000 UTC,0.99126899
2026-07-11 11:27:23.000 UTC,0.99129118
2026-07-11 12:27:59.000 UTC,0.99133974
2026-07-11 13:28:35.000 UTC,0.99132627
2026-07-11 14:29:11.000 UTC,0.99147878
2026-07-11 15:29:47.000 UTC,0.99147849
2026-07-11 16:29:59.000 UTC,0.99134355
2026-07-11 17:30:11.000 UTC,0.99128287
2026-07-11 18:30:35.000 UTC,0.99127331
2026-07-11 19:31:11.000 UTC,0.99124032
2026-07-11 20:31:47.000 UTC,0.9913962
2026-07-11 21:32:11.000 UTC,0.99139263
2026-07-11 22:32:47.000 UTC,0.99114613
2026-07-11 23:33:11.000 UTC,0.99110389
2026-07-12 00:33:23.000 UTC,0.99108782
2026-07-12 01:33:47.000 UTC,0.9913439
2026-07-12 02:34:23.000 UTC,0.99131731
2026-07-12 03:35:11.000 UTC,0.99125531
2026-07-12 04:35:23.000 UTC,0.99118481
2026-07-12 05:35:59.000 UTC,0.99085733
2026-07-12 06:36:23.000 UTC,0.99085747
2026-07-12 07:36:35.000 UTC,0.99113987
2026-07-12 08:36:59.000 UTC,0.99103656
2026-07-12 09:37:35.000 UTC,0.99093517
2026-07-12 10:37:59.000 UTC,0.99109673
2026-07-12 11:38:11.000 UTC,0.9912835
2026-07-12 12:38:35.000 UTC,0.99119765
2026-07-12 13:39:11.000 UTC,0.99118488
2026-07-12 14:39:59.000 UTC,0.991176
2026-07-12 15:40:11.000 UTC,0.99137002
2026-07-12 16:40:47.000 UTC,0.99110554
2026-07-12 17:41:11.000 UTC,0.99107661
2026-07-12 18:41:23.000 UTC,0.99102176
2026-07-12 19:41:47.000 UTC,0.99110733
2026-07-12 20:42:23.000 UTC,0.99120323
2026-07-12 21:42:47.000 UTC,0.99094286
2026-07-12 22:42:59.000 UTC,0.9908761
2026-07-12 23:43:23.000 UTC,0.99111406
2026-07-13 00:44:11.000 UTC,0.99106097
2026-07-13 01:44:35.000 UTC,0.99101664
2026-07-13 02:44:59.000 UTC,0.99124733
2026-07-13 03:45:35.000 UTC,0.9911804
2026-07-13 04:46:11.000 UTC,0.99111745
2026-07-13 05:46:47.000 UTC,0.99109202
2026-07-13 06:47:11.000 UTC,0.99084909
2026-07-13 07:47:35.000 UTC,0.99109413
2026-07-13 08:47:59.000 UTC,0.99090285
2026-07-13 09:48:11.000 UTC,0.99094677
2026-07-13 10:48:47.000 UTC,0.99052041
2026-07-13 11:49:11.000 UTC,0.99090606
2026-07-13 12:49:23.000 UTC,0.99069714
2026-07-13 13:49:47.000 UTC,0.99091451
2026-07-13 14:50:23.000 UTC,0.99117129
2026-07-13 15:50:47.000 UTC,0.99060962
2026-07-13 16:50:59.000 UTC,0.99078569
2026-07-13 17:52:23.000 UTC,0.99097008
2026-07-13 18:52:35.000 UTC,0.9912568
2026-07-13 19:52:59.000 UTC,0.99128671
2026-07-13 20:52:59.000 UTC,0.99122899
2026-07-13 21:53:11.000 UTC,0.99115678
2026-07-13 22:53:35.000 UTC,0.99112894
2026-07-13 23:54:11.000 UTC,0.99124805
2026-07-14 00:54:47.000 UTC,0.99125107
2026-07-14 01:55:11.000 UTC,0.99125909
2026-07-14 02:55:47.000 UTC,0.99125403
2026-07-14 03:56:23.000 UTC,0.99123779
2026-07-14 04:56:47.000 UTC,0.99128781
2026-07-14 05:57:23.000 UTC,0.99121991
2026-07-14 06:57:59.000 UTC,0.99121033
2026-07-14 07:58:23.000 UTC,0.99121962
2026-07-14 08:58:59.000 UTC,0.99124282
2026-07-14 09:59:23.000 UTC,0.99119442
2026-07-14 10:59:59.000 UTC,0.99126187
2026-07-14 12:00:35.000 UTC,0.99126489
2026-07-14 13:00:59.000 UTC,0.9913719
2026-07-14 14:01:35.000 UTC,0.99129621
2026-07-14 15:01:59.000 UTC,0.99122671
2026-07-14 16:02:11.000 UTC,0.99131039
2026-07-14 17:02:35.000 UTC,0.99134811
2026-07-14 18:03:11.000 UTC,0.99135191
2026-07-14 19:03:35.000 UTC,0.9913826
2026-07-14 20:03:47.000 UTC,0.9913833
2026-07-14 21:04:11.000 UTC,0.99131902
2026-07-14 22:04:35.000 UTC,0.99135924
2026-07-14 23:04:59.000 UTC,0.99142495
2026-07-15 00:05:35.000 UTC,0.99123401
2026-07-15 01:05:59.000 UTC,0.99108364
2026-07-15 02:06:11.000 UTC,0.99104797
2026-07-15 03:06:35.000 UTC,0.99102482
2026-07-15 04:07:11.000 UTC,0.99104095
2026-07-15 05:07:35.000 UTC,0.99101165
2026-07-15 06:07:47.000 UTC,0.99098766
2026-07-15 07:08:11.000 UTC,0.99095897
2026-07-15 08:08:47.000 UTC,0.99090057
2026-07-15 09:09:23.000 UTC,0.99092028
2026-07-15 10:09:47.000 UTC,0.99088014
2026-07-15 11:10:23.000 UTC,0.99090167
2026-07-15 12:10:47.000 UTC,0.99088111
2026-07-15 13:10:59.000 UTC,0.99100561
2026-07-15 14:11:23.000 UTC,0.99095849
2026-07-15 15:11:59.000 UTC,0.99101164
2026-07-15 16:12:23.000 UTC,0.99104419
2026-07-15 17:12:35.000 UTC,0.99103496
2026-07-15 18:12:59.000 UTC,0.99112473
2026-07-15 19:13:35.000 UTC,0.99094508
2026-07-15 20:14:11.000 UTC,0.99102592
2026-07-15 21:14:35.000 UTC,0.9911041
2026-07-15 22:15:11.000 UTC,0.99108698
2026-07-15 23:15:35.000 UTC,0.99111787
2026-07-16 00:15:47.000 UTC,0.99116211
2026-07-16 01:16:11.000 UTC,0.9911097
2026-07-16 02:16:47.000 UTC,0.99109984
2026-07-16 03:17:11.000 UTC,0.99100997
2026-07-16 04:17:23.000 UTC,0.9909637
2026-07-16 05:17:47.000 UTC,0.99098628
2026-07-16 06:18:23.000 UTC,0.99100865
2026-07-16 07:18:59.000 UTC,0.99100908
2026-07-16 08:19:23.000 UTC,0.99078623
2026-07-16 09:19:47.000 UTC,0.99078203
2026-07-16 10:20:11.000 UTC,0.99086172
2026-07-16 11:20:23.000 UTC,0.99086174
2026-07-16 12:20:35.000 UTC,0.99088333
2026-07-16 13:21:11.000 UTC,0.99090828
2026-07-16 14:21:23.000 UTC,0.99087847
2026-07-16 15:21:59.000 UTC,0.99078736
2026-07-16 16:22:35.000 UTC,0.99081742
2026-07-16 17:22:59.000 UTC,0.99074221
2026-07-16 18:23:47.000 UTC,0.99078925
2026-07-16 19:24:11.000 UTC,0.99073919
2026-07-16 20:24:35.000 UTC,0.99077906
2026-07-16 21:25:11.000 UTC,0.99074348
2026-07-16 22:25:35.000 UTC,0.99077123
2026-07-16 23:25:47.000 UTC,0.99074328
2026-07-17 00:26:11.000 UTC,0.99073971
2026-07-17 01:26:47.000 UTC,0.99073431
2026-07-17 02:27:11.000 UTC,0.99074891
2026-07-17 03:27:11.000 UTC,0.99071132
2026-07-17 04:27:23.000 UTC,0.99071117
2026-07-17 05:27:47.000 UTC,0.99067365
2026-07-17 06:28:35.000 UTC,0.99064877
2026-07-17 07:28:59.000 UTC,0.99071682
2026-07-17 08:29:23.000 UTC,0.99068596
2026-07-17 09:29:59.000 UTC,0.99077354
2026-07-17 10:30:23.000 UTC,0.99090046
2026-07-17 11:30:35.000 UTC,0.99066079
2026-07-17 12:30:47.000 UTC,0.99084515
2026-07-17 13:31:23.000 UTC,0.99071893
2026-07-17 14:31:47.000 UTC,0.99066744
2026-07-17 15:31:59.000 UTC,0.99073261
2026-07-17 16:32:35.000 UTC,0.99095123
2026-07-17 17:32:59.000 UTC,0.99075372
2026-07-17 18:33:23.000 UTC,0.99073082
2026-07-17 19:33:35.000 UTC,0.9906987
2026-07-17 20:33:47.000 UTC,0.99076006
2026-07-17 21:34:11.000 UTC,0.99072203
2026-07-17 22:34:47.000 UTC,0.99071678
2026-07-17 23:35:11.000 UTC,0.99075136
2026-07-18 00:35:11.000 UTC,0.99089491
2026-07-18 01:35:23.000 UTC,0.99085758
2026-07-18 02:35:35.000 UTC,0.99068691
2026-07-18 03:36:11.000 UTC,0.99067005
2026-07-18 04:19:11.000 UTC,0.99069165
2026-07-18 05:19:23.000 UTC,0.99061081
2026-07-18 06:19:59.000 UTC,0.99066004
2026-07-18 07:20:23.000 UTC,0.99062049
2026-07-18 08:20:59.000 UTC,0.990965
2026-07-18 09:21:35.000 UTC,0.99107963
2026-07-18 10:21:59.000 UTC,0.99106796
2026-07-18 11:22:35.000 UTC,0.99108418
2026-07-18 12:22:59.000 UTC,0.99101243
2026-07-18 13:23:11.000 UTC,0.99100458
2026-07-18 14:23:35.000 UTC,0.99110047
2026-07-18 15:24:11.000 UTC,0.99109577
2026-07-18 16:24:35.000 UTC,0.99107945
2026-07-18 17:24:47.000 UTC,0.99107487
2026-07-18 18:25:35.000 UTC,0.99113103
2026-07-18 19:25:47.000 UTC,0.99116956
2026-07-18 20:26:23.000 UTC,0.99086599
2026-07-18 21:27:47.000 UTC,0.99086314
2026-07-18 22:28:23.000 UTC,0.99097091
2026-07-18 23:28:47.000 UTC,0.99099494
2026-07-19 00:28:59.000 UTC,0.99096642
2026-07-19 01:29:23.000 UTC,0.99093
2026-07-19 02:29:59.000 UTC,0.99096252
2026-07-19 03:30:35.000 UTC,0.9909276
2026-07-19 04:30:59.000 UTC,0.99090695
2026-07-19 05:31:35.000 UTC,0.99092587
2026-07-19 06:32:11.000 UTC,0.99092209
2026-07-19 07:32:35.000 UTC,0.99094537
2026-07-19 08:33:11.000 UTC,0.99095201
2026-07-19 09:33:35.000 UTC,0.99094763
2026-07-19 10:33:47.000 UTC,0.99093693
2026-07-19 11:34:11.000 UTC,0.99093106
2026-07-19 12:34:47.000 UTC,0.99091937
2026-07-19 13:35:11.000 UTC,0.99090658
2026-07-19 14:35:23.000 UTC,0.99095374
2026-07-19 15:35:47.000 UTC,0.99096717
2026-07-19 16:36:23.000 UTC,0.9909705
2026-07-19 17:36:59.000 UTC,0.99098399
2026-07-19 18:37:23.000 UTC,0.99097475
2026-07-19 19:37:59.000 UTC,0.9909829
2026-07-19 20:38:23.000 UTC,0.99096567
2026-07-19 21:38:47.000 UTC,0.99097216
2026-07-19 22:38:59.000 UTC,0.99089599
2026-07-19 23:39:35.000 UTC,0.99087914
2026-07-20 00:39:59.000 UTC,0.99093481
2026-07-20 01:40:11.000 UTC,0.99092369
2026-07-20 02:40:35.000 UTC,0.99092125
2026-07-20 03:41:11.000 UTC,0.99085998
2026-07-20 04:41:35.000 UTC,0.99087462
2026-07-20 05:41:47.000 UTC,0.99074363
2026-07-20 06:42:11.000 UTC,0.99070434
2026-07-20 07:42:47.000 UTC,0.99072346
2026-07-20 08:43:11.000 UTC,0.99077343
2026-07-20 09:43:23.000 UTC,0.99074817
2026-07-20 10:43:47.000 UTC,0.99071187
2026-07-20 11:44:35.000 UTC,0.99077925
2026-07-20 12:44:59.000 UTC,0.99077377
2026-07-20 13:45:35.000 UTC,0.99083543
2026-07-20 14:46:59.000 UTC,0.99069805
2026-07-20 15:48:11.000 UTC,0.99093314
2026-07-20 16:48:35.000 UTC,0.99087652
2026-07-20 17:48:59.000 UTC,0.99092071
2026-07-20 18:49:35.000 UTC,0.99065077
2026-07-20 19:50:11.000 UTC,0.99066131
2026-07-20 20:50:35.000 UTC,0.9906636
2026-07-20 21:50:59.000 UTC,0.99062275
2026-07-20 22:51:23.000 UTC,0.99070205
2026-07-20 23:51:23.000 UTC,0.99071653
2026-07-21 00:51:35.000 UTC,0.99080008
2026-07-21 01:51:59.000 UTC,0.99075222
2026-07-21 02:51:59.000 UTC,0.99075656
2026-07-21 03:52:11.000 UTC,0.99084214
2026-07-21 04:52:47.000 UTC,0.99071575
2026-07-21 05:53:11.000 UTC,0.99072956
2026-07-21 06:53:59.000 UTC,0.99063014
2026-07-21 07:54:23.000 UTC,0.99070454
2026-07-21 08:54:47.000 UTC,0.99070856
2026-07-21 09:56:11.000 UTC,0.99077586
2026-07-21 10:56:23.000 UTC,0.99065264
2026-07-21 11:56:47.000 UTC,0.99072314
2026-07-21 12:57:23.000 UTC,0.99069371
2026-07-21 13:57:47.000 UTC,0.99070514
2026-07-21 14:57:59.000 UTC,0.99067266
2026-07-21 15:58:23.000 UTC,0.99069666
2026-07-21 16:59:11.000 UTC,0.99071912
2026-07-21 17:59:35.000 UTC,0.99068686
2026-07-21 18:59:59.000 UTC,0.99070159
2026-07-21 20:00:35.000 UTC,0.99070369
2026-07-21 21:00:59.000 UTC,0.99071306
2026-07-21 22:01:11.000 UTC,0.99070958
2026-07-21 23:01:35.000 UTC,0.99066395
2026-07-22 00:02:11.000 UTC,0.99078524
2026-07-22 01:02:35.000 UTC,0.99077394
2026-07-22 02:02:47.000 UTC,0.99059714
2026-07-22 03:03:11.000 UTC,0.99070997
2026-07-22 04:03:47.000 UTC,0.99068273
2026-07-22 05:04:11.000 UTC,0.99068098
2026-07-22 06:04:47.000 UTC,0.99048594
2026-07-22 07:05:23.000 UTC,0.99059919
2026-07-22 08:05:47.000 UTC,0.99065584
2026-07-22 09:05:59.000 UTC,0.99067479
2026-07-22 10:06:23.000 UTC,0.99062069
2026-07-22 11:06:59.000 UTC,0.99061733
2026-07-22 12:07:35.000 UTC,0.99056996
2026-07-22 13:07:59.000 UTC,0.99058631
2026-07-22 14:08:35.000 UTC,0.99071346
2026-07-22 15:08:59.000 UTC,0.99073875
2026-07-22 16:09:11.000 UTC,0.9906725
2026-07-22 17:09:35.000 UTC,0.9906933
2026-07-22 18:10:11.000 UTC,0.99060408
2026-07-22 19:10:35.000 UTC,0.99053801
2026-07-22 20:10:47.000 UTC,0.99054973
2026-07-22 21:11:11.000 UTC,0.99070409
2026-07-22 22:11:47.000 UTC,0.99081578
2026-07-22 23:12:23.000 UTC,0.99064257
2026-07-23 00:12:47.000 UTC,0.99078871
2026-07-23 01:13:23.000 UTC,0.99064925
2026-07-23 02:13:59.000 UTC,0.99065985
2026-07-23 03:14:23.000 UTC,0.99034052
2026-07-23 04:14:59.000 UTC,0.99047543
2026-07-23 05:15:35.000 UTC,0.99041419
2026-07-23 06:15:59.000 UTC,0.99049047
2026-07-23 07:15:59.000 UTC,0.99043467
2026-07-23 08:16:11.000 UTC,0.99052701
2026-07-23 09:16:35.000 UTC,0.99067807
2026-07-23 10:16:35.000 UTC,0.98986386
2026-07-23 11:16:47.000 UTC,0.98978314
2026-07-23 12:17:47.000 UTC,0.98945031
2026-07-23 13:18:11.000 UTC,0.98938642
2026-07-23 14:18:47.000 UTC,0.98890824
2026-07-23 15:19:23.000 UTC,0.98890248
2026-07-23 16:19:47.000 UTC,0.98870832
2026-07-23 17:20:23.000 UTC,0.98849827
2026-07-23 18:20:59.000 UTC,0.98840544
2026-07-23 19:21:23.000 UTC,0.98838646
2026-07-23 20:21:59.000 UTC,0.98841143
2026-07-23 21:22:35.000 UTC,0.98837389
2026-07-23 22:22:59.000 UTC,0.98827104
2026-07-23 23:23:35.000 UTC,0.98817107
2026-07-24 00:23:59.000 UTC,0.9881019
2026-07-24 01:24:11.000 UTC,0.98836855
2026-07-24 02:24:47.000 UTC,0.98835814
2026-07-24 03:25:11.000 UTC,0.98839636
2026-07-24 04:25:47.000 UTC,0.98836526
2026-07-24 05:26:11.000 UTC,0.98839875
2026-07-24 06:26:47.000 UTC,0.98843478
2026-07-24 07:27:11.000 UTC,0.98865044
2026-07-24 08:27:35.000 UTC,0.98859893
2026-07-24 09:28:11.000 UTC,0.98850602
2026-07-24 10:28:35.000 UTC,0.98848959
2026-07-24 11:29:11.000 UTC,0.98845268
2026-07-24 12:29:47.000 UTC,0.98845066
2026-07-24 13:30:11.000 UTC,0.98844622
2026-07-24 14:30:47.000 UTC,0.98845849
2026-07-24 15:31:11.000 UTC,0.98850005
2026-07-24 16:31:11.000 UTC,0.98838766
2026-07-24 17:31:23.000 UTC,0.98841604
2026-07-24 18:31:47.000 UTC,0.98843737
2026-07-24 19:31:47.000 UTC,0.9924406
2026-07-24 20:31:59.000 UTC,0.99249977
2026-07-24 21:32:35.000 UTC,0.99253073
2026-07-24 22:32:59.000 UTC,0.99252852
2026-07-24 23:33:35.000 UTC,0.99253538
2026-07-25 00:33:59.000 UTC,0.99253205
2026-07-25 01:34:35.000 UTC,0.99250681
2026-07-25 02:35:11.000 UTC,0.99249168
2026-07-25 03:35:47.000 UTC,0.99249344
2026-07-25 04:35:59.000 UTC,0.9924858
2026-07-25 05:36:35.000 UTC,0.99248561
2026-07-25 06:36:59.000 UTC,0.99245403
2026-07-25 07:37:35.000 UTC,0.99244496
2026-07-25 08:37:59.000 UTC,0.99248827
2026-07-25 09:38:47.000 UTC,0.99247504
2026-07-25 10:39:11.000 UTC,0.99239367
2026-07-25 11:39:35.000 UTC,0.99242973
2026-07-25 12:40:11.000 UTC,0.99251291
2026-07-25 13:40:35.000 UTC,0.99257584
2026-07-25 14:40:47.000 UTC,0.99260275
2026-07-25 15:41:11.000 UTC,0.99260339
2026-07-25 16:41:47.000 UTC,0.99260438
2026-07-25 17:42:11.000 UTC,0.99256907
2026-07-25 18:42:23.000 UTC,0.99252408
2026-07-25 19:42:47.000 UTC,0.99255721
2026-07-25 20:43:23.000 UTC,0.99251322
2026-07-25 21:43:47.000 UTC,0.99253772
2026-07-25 22:43:59.000 UTC,0.99255773
2026-07-25 23:44:23.000 UTC,0.99255782
2026-07-26 00:44:59.000 UTC,0.99258812
2026-07-26 01:45:23.000 UTC,0.99259177
2026-07-26 02:45:35.000 UTC,0.99260821
2026-07-26 03:45:59.000 UTC,0.99264387
2026-07-26 04:45:59.000 UTC,0.99256826
2026-07-26 05:46:11.000 UTC,0.99259888
2026-07-26 06:46:35.000 UTC,0.99258586
2026-07-26 07:47:11.000 UTC,0.99260172
2026-07-26 08:47:47.000 UTC,0.99259704
2026-07-26 09:48:11.000 UTC,0.99260219
2026-07-26 10:48:47.000 UTC,0.99259021
2026-07-26 11:49:11.000 UTC,0.99258358
2026-07-26 12:49:35.000 UTC,0.99260812
2026-07-26 13:49:47.000 UTC,0.99261019
2026-07-26 14:50:23.000 UTC,0.99260428
2026-07-26 15:50:47.000 UTC,0.99266703
2026-07-26 16:50:59.000 UTC,0.99268762
2026-07-26 17:51:23.000 UTC,0.99264752
2026-07-26 18:51:59.000 UTC,0.99264724
2026-07-26 19:52:23.000 UTC,0.99260862
2026-07-26 20:52:35.000 UTC,0.99258658
2026-07-26 21:52:59.000 UTC,0.99263525
2026-07-26 22:53:35.000 UTC,0.99265267
2026-07-26 23:53:59.000 UTC,0.99263305
2026-07-27 00:54:11.000 UTC,0.99256092
2026-07-27 01:54:35.000 UTC,0.99254449
2026-07-27 02:55:11.000 UTC,0.99251487
2026-07-27 03:55:35.000 UTC,0.99255262
2026-07-27 04:55:47.000 UTC,0.99256303
2026-07-27 05:56:11.000 UTC,0.99265513
2026-07-27 06:56:11.000 UTC,0.99266019
2026-07-27 07:56:23.000 UTC,0.99258709
2026-07-27 08:56:47.000 UTC,0.99257957
2026-07-27 09:57:23.000 UTC,0.99264191
2026-07-27 10:57:59.000 UTC,0.99263892
2026-07-27 11:58:23.000 UTC,0.99264184
2026-07-27 12:58:59.000 UTC,0.99262482
2026-07-27 13:59:23.000 UTC,0.99261898
2026-07-27 14:59:35.000 UTC,0.99255824
2026-07-27 15:59:59.000 UTC,0.99253729
2026-07-27 17:00:35.000 UTC,0.99259348
2026-07-27 18:01:11.000 UTC,0.99256058
2026-07-27 19:01:35.000 UTC,0.99254839
2026-07-27 20:02:11.000 UTC,0.99259442
2026-07-27 21:02:35.000 UTC,0.9925784
2026-07-27 22:02:47.000 UTC,0.99257075
2026-07-27 23:03:11.000 UTC,0.99251085
2026-07-28 00:03:59.000 UTC,0.99229676
2026-07-28 01:04:11.000 UTC,0.99223399
2026-07-28 02:04:23.000 UTC,0.99222061
2026-07-28 03:04:59.000 UTC,0.99221859
2026-07-28 04:05:23.000 UTC,0.9921652
2026-07-28 05:05:59.000 UTC,0.99218902
2026-07-28 06:06:23.000 UTC,0.9921999
2026-07-28 07:06:35.000 UTC,0.99223616
2026-07-28 08:06:59.000 UTC,0.99223664
2026-07-28 09:07:11.000 UTC,0.99230244
2026-07-28 10:07:35.000 UTC,0.9923108
2026-07-28 11:08:35.000 UTC,0.992287
2026-07-28 12:09:11.000 UTC,0.99234061
2026-07-28 13:09:47.000 UTC,0.99236886
2026-07-28 14:10:11.000 UTC,0.99229792
2026-07-28 15:10:47.000 UTC,0.99235087
2026-07-28 16:11:11.000 UTC,0.99236847
2026-07-28 17:11:11.000 UTC,0.99231573
2026-07-28 18:11:23.000 UTC,0.99235298
2026-07-28 19:11:47.000 UTC,0.99232043
2026-07-28 20:11:59.000 UTC,0.99236234
2026-07-28 21:12:23.000 UTC,0.99231936
2026-07-28 22:12:59.000 UTC,0.9923844
2026-07-28 23:13:23.000 UTC,0.99233786
2026-07-29 00:13:35.000 UTC,0.99234778
2026-07-29 01:13:59.000 UTC,0.99231398
2026-07-29 02:14:35.000 UTC,0.99234417
2026-07-29 03:15:11.000 UTC,0.9922399
2026-07-29 04:15:35.000 UTC,0.99218421
2026-07-29 05:16:11.000 UTC,0.99226644
2026-07-29 06:16:35.000 UTC,0.99225163
2026-07-29 07:16:47.000 UTC,0.99233671
2026-07-29 08:17:11.000 UTC,0.99231985
2026-07-29 09:17:47.000 UTC,0.99237106
2026-07-29 10:18:23.000 UTC,0.99241481
2026-07-29 11:18:47.000 UTC,0.99231946
2026-07-29 12:19:23.000 UTC,0.9922438
2026-07-29 13:19:47.000 UTC,0.99223333
2026-07-29 14:19:59.000 UTC,0.99221734
2026-07-29 15:20:23.000 UTC,0.99211531
2026-07-29 16:20:59.000 UTC,0.99208531
2026-07-29 17:21:35.000 UTC,0.99213252
2026-07-29 18:21:59.000 UTC,0.99224569
2026-07-29 19:22:35.000 UTC,0.99227188
2026-07-29 20:22:59.000 UTC,0.99226295
2026-07-29 21:23:11.000 UTC,0.99231887
2026-07-29 22:23:35.000 UTC,0.99238144
2026-07-29 23:24:11.000 UTC,0.99232994
2026-07-30 00:24:47.000 UTC,0.99229349
2026-07-30 01:25:11.000 UTC,0.99232377
2026-07-30 02:25:47.000 UTC,0.99237921
2026-07-30 03:26:11.000 UTC,0.99228611
2026-07-30 04:26:23.000 UTC,0.99210917
2026-07-30 05:26:47.000 UTC,0.99163026
2026-07-30 06:27:23.000 UTC,0.99159994
2026-07-30 07:27:47.000 UTC,0.99163485
2026-07-30 08:27:59.000 UTC,0.99184552
2026-07-30 09:28:23.000 UTC,0.99167406
2026-07-30 10:28:59.000 UTC,0.99177048
2026-07-30 11:29:23.000 UTC,0.99186457
2026-07-30 12:29:35.000 UTC,0.99185422
2026-07-30 13:29:59.000 UTC,0.99184091
2026-07-30 14:30:35.000 UTC,0.99194529
2026-07-30 15:31:11.000 UTC,0.99188505
2026-07-30 16:31:47.000 UTC,0.99163713
2026-07-30 17:32:11.000 UTC,0.99157464
2026-07-30 18:32:47.000 UTC,0.99161281
2026-07-30 19:33:11.000 UTC,0.99137785
2026-07-30 20:33:47.000 UTC,0.9907885
2026-07-30 21:34:11.000 UTC,0.99077483
2026-07-30 22:34:11.000 UTC,0.99091112
2026-07-30 23:34:23.000 UTC,0.99070968
2026-07-31 00:34:47.000 UTC,0.99077781
2026-07-31 01:35:23.000 UTC,0.99066441
2026-07-31 02:35:59.000 UTC,0.99080442
2026-07-31 03:36:23.000 UTC,0.99079725
2026-07-31 04:36:59.000 UTC,0.99081637
2026-07-31 05:37:23.000 UTC,0.99067836
2026-07-31 06:37:35.000 UTC,0.99060153
2026-07-31 07:37:59.000 UTC,0.99060541
2026-07-31 08:38:47.000 UTC,0.9907412
2026-07-31 09:38:59.000 UTC,0.99060073
2026-07-31 10:39:11.000 UTC,0.99058417
2026-07-31 11:39:35.000 UTC,0.99056998
2026-07-31 12:39:35.000 UTC,0.99051483
2026-07-31 13:39:47.000 UTC,0.99072249
2026-07-31 14:39:59.000 UTC,0.99044605
2026-07-31 15:40:35.000 UTC,0.99042746
2026-07-31 16:40:59.000 UTC,0.99054708
2026-07-31 17:40:59.000 UTC,0.99068816
2026-07-31 18:41:11.000 UTC,0.99072733
2026-07-31 19:41:35.000 UTC,0.99072445
2026-07-31 20:41:35.000 UTC,0.99056261
2026-07-31 21:41:47.000 UTC,0.99058358
2026-07-31 22:42:11.000 UTC,0.99061637
2026-07-31 23:42:47.000 UTC,0.99061346
2026-08-01 00:43:11.000 UTC,0.99063802
2026-08-01 01:43:23.000 UTC,0.99062739
2026-08-01 02:43:47.000 UTC,0.99062025
2026-08-01 03:44:23.000 UTC,0.99060249
2026-08-01 04:44:59.000 UTC,0.99062139
2026-08-01 05:45:23.000 UTC,0.99061582
2026-08-01 06:45:59.000 UTC,0.99058793
2026-08-01 07:46:23.000 UTC,0.99060785
2026-08-01 08:46:35.000 UTC,0.99063058
2026-08-01 09:46:59.000 UTC,0.99069465
2026-08-01 10:47:35.000 UTC,0.99065332
2026-08-01 11:48:11.000 UTC,0.99063006
2026-08-01 12:48:35.000 UTC,0.9908313
2026-08-01 13:49:11.000 UTC,0.99064364
2026-08-01 14:49:35.000 UTC,0.99060843
2026-08-01 15:49:47.000 UTC,0.99056424
2026-08-01 16:50:11.000 UTC,0.99055865
2026-08-01 17:50:47.000 UTC,0.99054936
2026-08-01 18:50:59.000 UTC,0.99052323
2026-08-01 19:51:11.000 UTC,0.99053173
2026-08-01 20:51:35.000 UTC,0.99051575
2026-08-01 21:52:11.000 UTC,0.99051861
2026-08-01 22:52:35.000 UTC,0.99051885
2026-08-01 23:52:47.000 UTC,0.99054173
2026-08-02 00:53:11.000 UTC,0.99047729
2026-08-02 01:53:47.000 UTC,0.99051187
2026-08-02 02:54:11.000 UTC,0.99050633
2026-08-02 03:54:23.000 UTC,0.99049687
2026-08-02 04:54:47.000 UTC,0.9905247
2026-08-02 05:55:23.000 UTC,0.99052357
2026-08-02 06:55:59.000 UTC,0.99048099
2026-08-02 07:56:23.000 UTC,0.99047604
2026-08-02 08:56:59.000 UTC,0.99059431
2026-08-02 09:57:47.000 UTC,0.99060372
2026-08-02 10:57:59.000 UTC,0.99064936
2026-08-02 11:58:35.000 UTC,0.99059587
2026-08-02 12:59:11.000 UTC,0.9906143
2026-08-02 13:59:35.000 UTC,0.99063407
2026-08-02 14:59:59.000 UTC,0.99063875
2026-08-02 16:00:23.000 UTC,0.99063577
2026-08-02 17:00:59.000 UTC,0.99060018
2026-08-02 18:01:35.000 UTC,0.9905727
2026-08-02 19:01:59.000 UTC,0.99053671
2026-08-02 20:02:35.000 UTC,0.990542
2026-08-02 21:03:11.000 UTC,0.99053924
2026-08-02 22:03:35.000 UTC,0.9906311
2026-08-02 23:04:11.000 UTC,0.99053522
2026-08-03 00:04:35.000 UTC,0.9905411
2026-08-03 01:04:35.000 UTC,0.99047355
2026-08-03 02:04:59.000 UTC,0.99047626
2026-08-03 03:05:35.000 UTC,0.99045919
2026-08-03 04:05:59.000 UTC,0.99044125
2026-08-03 05:06:35.000 UTC,0.99043424
2026-08-03 06:06:59.000 UTC,0.99043646
2026-08-03 07:07:11.000 UTC,0.99043042
2026-08-03 08:07:35.000 UTC,0.99040725
2026-08-03 09:07:47.000 UTC,0.99040576
2026-08-03 10:08:11.000 UTC,0.99046222
2026-08-03 11:08:47.000 UTC,0.99042351
2026-08-03 12:09:11.000 UTC,0.99041433
2026-08-03 13:09:23.000 UTC,0.99038658
2026-08-03 14:09:47.000 UTC,0.99044244
2026-08-03 15:10:23.000 UTC,0.99049308
2026-08-03 16:10:47.000 UTC,0.99049942
2026-08-03 17:10:59.000 UTC,0.99052272
2026-08-03 18:11:23.000 UTC,0.99048892
2026-08-03 19:12:23.000 UTC,0.99050189
2026-08-03 20:12:47.000 UTC,0.99050822
2026-08-03 21:13:23.000 UTC,0.99047834
2026-08-03 22:13:47.000 UTC,0.99051645
2026-08-03 23:14:23.000 UTC,0.99051373
2026-08-04 00:14:47.000 UTC,0.99053726
2026-08-04 01:14:59.000 UTC,0.99049199
2026-08-04 02:15:23.000 UTC,0.99051351
2026-08-04 03:15:59.000 UTC,0.99052427
2026-08-04 04:16:35.000 UTC,0.99048565
2026-08-04 05:16:59.000 UTC,0.99047725
2026-08-04 06:17:35.000 UTC,0.99053525
2026-08-04 07:18:11.000 UTC,0.99049454
2026-08-04 08:18:35.000 UTC,0.9905039
2026-08-04 09:19:11.000 UTC,0.99049193
2026-08-04 10:19:35.000 UTC,0.99048439
2026-08-04 11:19:35.000 UTC,0.99052364
2026-08-04 12:19:59.000 UTC,0.99054239
2026-08-04 13:20:11.000 UTC,0.9905887
2026-08-04 14:20:47.000 UTC,0.99046364
2026-08-04 15:21:11.000 UTC,0.99049776
2026-08-04 16:21:23.000 UTC,0.99052614
2026-08-04 17:21:47.000 UTC,0.99053402
2026-08-04 18:21:47.000 UTC,0.9906786
2026-08-04 19:21:59.000 UTC,0.99064429
2026-08-04 20:22:23.000 UTC,0.99063825
2026-08-04 21:22:59.000 UTC,0.99064778
2026-08-04 22:23:35.000 UTC,0.99058455
2026-08-04 23:23:59.000 UTC,0.99057937
2026-08-05 00:24:35.000 UTC,0.99055562
2026-08-05 01:24:59.000 UTC,0.9905495
2026-08-05 02:25:11.000 UTC,0.99055165
2026-08-05 03:25:35.000 UTC,0.99044975
2026-08-05 04:26:11.000 UTC,0.99046156
2026-08-05 05:26:47.000 UTC,0.99046266
2026-08-05 06:27:11.000 UTC,0.99044241
2026-08-05 07:27:47.000 UTC,0.99041784
2026-08-05 08:28:11.000 UTC,0.9904072
2026-08-05 09:28:11.000 UTC,0.99044906
2026-08-05 10:28:23.000 UTC,0.99045154
2026-08-05 11:28:47.000 UTC,0.99041891
2026-08-05 12:29:23.000 UTC,0.99052709
2026-08-05 13:29:59.000 UTC,0.99051347
2026-08-05 14:30:23.000 UTC,0.99050708
2026-08-05 15:30:59.000 UTC,0.99058618
2026-08-05 16:31:23.000 UTC,0.99055184
2026-08-05 17:31:35.000 UTC,0.99047355
2026-08-05 18:31:59.000 UTC,0.99059506
2026-08-05 19:32:35.000 UTC,0.99065417
2026-08-05 20:32:59.000 UTC,0.99064621
2026-08-05 21:33:11.000 UTC,0.9906215
2026-08-05 22:33:35.000 UTC,0.99069808
2026-08-05 23:34:11.000 UTC,0.99065731
2026-08-06 00:34:47.000 UTC,0.9908282
2026-08-06 01:35:11.000 UTC,0.99062296
2026-08-06 02:35:47.000 UTC,0.99059474
2026-08-06 03:36:11.000 UTC,0.99059234
2026-08-06 04:36:23.000 UTC,0.99064742
2026-08-06 05:36:47.000 UTC,0.99079852
2026-08-06 06:37:23.000 UTC,0.99053516
2026-08-06 07:37:35.000 UTC,0.99054866
2026-08-06 08:37:35.000 UTC,0.99054402
2026-08-06 09:37:47.000 UTC,0.99053536
2026-08-06 10:38:11.000 UTC,0.99052987
2026-08-06 11:38:11.000 UTC,0.99049553
2026-08-06 12:38:23.000 UTC,0.99050617
2026-08-06 13:38:59.000 UTC,0.99047798
2026-08-06 14:39:23.000 UTC,0.99049471
2026-08-06 15:39:47.000 UTC,0.99061401
2026-08-06 16:39:59.000 UTC,0.99059095
2026-08-06 17:40:23.000 UTC,0.99061494
2026-08-06 18:40:59.000 UTC,0.99049924
2026-08-06 19:41:35.000 UTC,0.99058681
2026-08-06 20:41:59.000 UTC,0.99058708
2026-08-06 21:42:35.000 UTC,0.99059139
2026-08-06 22:42:59.000 UTC,0.99057464
2026-08-06 23:43:11.000 UTC,0.990539
2026-08-07 00:43:35.000 UTC,0.99053228
2026-08-07 01:44:11.000 UTC,0.99050241
2026-08-07 02:44:35.000 UTC,0.99046027
2026-08-07 03:44:47.000 UTC,0.99046049
2026-08-07 04:45:11.000 UTC,0.99044367
2026-08-07 05:45:47.000 UTC,0.99049491
2026-08-07 06:46:23.000 UTC,0.99059265
2026-08-07 07:46:47.000 UTC,0.99054826
2026-08-07 08:47:23.000 UTC,0.99061739
2026-08-07 09:47:47.000 UTC,0.99055724
2026-08-07 10:47:59.000 UTC,0.99060558
2026-08-07 11:48:23.000 UTC,0.99063379
2026-08-07 12:48:59.000 UTC,0.99094124
2026-08-07 13:49:11.000 UTC,0.99078398
2026-08-07 14:49:23.000 UTC,0.99066738
2026-08-07 15:49:47.000 UTC,0.99066733
2026-08-07 16:50:23.000 UTC,0.99062068
2026-08-07 17:50:47.000 UTC,0.99064378
2026-08-07 18:50:59.000 UTC,0.99065915
2026-08-07 19:51:35.000 UTC,0.99084704
2026-08-07 20:51:59.000 UTC,0.99072887
2026-08-07 21:52:35.000 UTC,0.99077206
2026-08-07 22:52:59.000 UTC,0.99073781
2026-08-07 23:53:35.000 UTC,0.9907115
2026-08-08 00:54:11.000 UTC,0.99072337
2026-08-08 01:54:23.000 UTC,0.99073781
2026-08-08 02:54:47.000 UTC,0.99075529
2026-08-08 03:54:59.000 UTC,0.99069156
2026-08-08 04:55:11.000 UTC,0.99089562
2026-08-08 05:55:35.000 UTC,0.99069054
2026-08-08 06:56:11.000 UTC,0.99063826
2026-08-08 07:56:35.000 UTC,0.99063108
2026-08-08 08:56:47.000 UTC,0.9906298
2026-08-08 09:57:11.000 UTC,0.99063811
2026-08-08 10:57:47.000 UTC,0.99096848
2026-08-08 11:58:11.000 UTC,0.99097398
2026-08-08 12:58:23.000 UTC,0.99069085
2026-08-08 13:58:47.000 UTC,0.9906325
2026-08-08 14:59:23.000 UTC,0.99063832
2026-08-08 15:59:47.000 UTC,0.99065242
2026-08-08 16:59:59.000 UTC,0.99069071
2026-08-08 18:00:23.000 UTC,0.99093071
2026-08-08 19:00:23.000 UTC,0.99092444
2026-08-08 20:00:35.000 UTC,0.99092344
2026-08-08 21:00:59.000 UTC,0.99094948
2026-08-08 22:01:35.000 UTC,0.99093369
2026-08-08 23:02:11.000 UTC,0.99062913
2026-08-09 00:02:35.000 UTC,0.9907015
2026-08-09 01:03:11.000 UTC,0.99068126
2026-08-09 02:03:47.000 UTC,0.99064321
2026-08-09 03:04:11.000 UTC,0.99067044
2026-08-09 04:04:47.000 UTC,0.99066607
2026-08-09 05:05:23.000 UTC,0.99062471
2026-08-09 06:05:47.000 UTC,0.99066277
2026-08-09 07:06:23.000 UTC,0.99065934
2026-08-09 08:06:47.000 UTC,0.99053069
2026-08-09 09:06:47.000 UTC,0.99060488
2026-08-09 10:06:59.000 UTC,0.99057527
2026-08-09 11:07:23.000 UTC,0.99063027
2026-08-09 12:07:35.000 UTC,0.99064093
2026-08-09 13:07:59.000 UTC,0.99056471
2026-08-09 14:08:35.000 UTC,0.99092731
2026-08-09 15:08:59.000 UTC,0.99092872
2026-08-09 16:09:11.000 UTC,0.99070095
2026-08-09 17:09:35.000 UTC,0.9909361
2026-08-09 18:10:11.000 UTC,0.99095033
2026-08-09 19:10:35.000 UTC,0.99070851
2026-08-09 20:10:47.000 UTC,0.99098058
2026-08-09 21:11:11.000 UTC,0.9909819
2026-08-09 22:11:23.000 UTC,0.99097712
2026-08-09 23:11:47.000 UTC,0.9907463
2026-08-10 00:12:23.000 UTC,0.99069121
2026-08-10 01:12:47.000 UTC,0.99066696
2026-08-10 02:12:59.000 UTC,0.99096012
2026-08-10 03:13:23.000 UTC,0.99090954
2026-08-10 04:13:59.000 UTC,0.99073021
2026-08-10 05:14:35.000 UTC,0.99071707
2026-08-10 06:14:59.000 UTC,0.99068597
2026-08-10 07:15:47.000 UTC,0.99067869
2026-08-10 08:15:59.000 UTC,0.99067715
2026-08-10 09:16:11.000 UTC,0.99064873
2026-08-10 10:16:35.000 UTC,0.99083229
2026-08-10 11:17:11.000 UTC,0.9908343
2026-08-10 12:17:47.000 UTC,0.99086035
2026-08-10 13:18:11.000 UTC,0.99066182
2026-08-10 14:18:59.000 UTC,0.99058316
2026-08-10 15:19:23.000 UTC,0.99067444
2026-08-10 16:19:59.000 UTC,0.99057168
2026-08-10 17:20:23.000 UTC,0.99049897
2026-08-10 18:20:47.000 UTC,0.99062726
2026-08-10 19:20:59.000 UTC,0.99062236
2026-08-10 20:21:23.000 UTC,0.99062373
2026-08-10 21:21:59.000 UTC,0.99061303
2026-08-10 22:22:23.000 UTC,0.99062484
2026-08-10 23:22:35.000 UTC,0.99061458
2026-08-11 00:22:59.000 UTC,0.99055325
2026-08-11 01:23:35.000 UTC,0.99063442
2026-08-11 02:23:59.000 UTC,0.99055495
2026-08-11 03:24:11.000 UTC,0.99052168
2026-08-11 04:24:35.000 UTC,0.99053659
2026-08-11 05:25:11.000 UTC,0.99047374
2026-08-11 06:25:47.000 UTC,0.99050247
2026-08-11 07:26:11.000 UTC,0.99050887
2026-08-11 08:26:47.000 UTC,0.9905282
2026-08-11 09:27:11.000 UTC,0.99054347
2026-08-11 10:27:23.000 UTC,0.99058583
2026-08-11 11:27:47.000 UTC,0.99060232
2026-08-11 12:28:23.000 UTC,0.99063866
2026-08-11 13:28:47.000 UTC,0.99055037
2026-08-11 14:28:59.000 UTC,0.9904853
2026-08-11 15:29:23.000 UTC,0.99053134
2026-08-11 16:29:59.000 UTC,0.99052254
2026-08-11 17:30:35.000 UTC,0.99052989
2026-08-11 18:30:59.000 UTC,0.99051754
2026-08-11 19:31:35.000 UTC,0.99059127
2026-08-11 20:32:11.000 UTC,0.99064647
2026-08-11 21:32:35.000 UTC,0.99089575
2026-08-11 22:33:11.000 UTC,0.99090783
2026-08-11 23:33:35.000 UTC,0.99091514
2026-08-12 00:33:35.000 UTC,0.99095087
2026-08-12 01:33:47.000 UTC,0.99059773
2026-08-12 02:35:11.000 UTC,0.99060627
2026-08-12 03:35:23.000 UTC,0.99061891
2026-08-12 04:35:47.000 UTC,0.99062641
2026-08-12 05:36:11.000 UTC,0.99085087
2026-08-12 06:36:23.000 UTC,0.99083112
2026-08-12 07:37:11.000 UTC,0.99062365
2026-08-12 08:37:35.000 UTC,0.99060505
2026-08-12 09:37:59.000 UTC,0.99094589
2026-08-12 10:38:35.000 UTC,0.9909395
2026-08-12 11:39:11.000 UTC,0.9908994
2026-08-12 12:39:35.000 UTC,0.99094143
2026-08-12 13:40:11.000 UTC,0.99084916
2026-08-12 14:40:35.000 UTC,0.9907213
2026-08-12 15:40:47.000 UTC,0.99054026
2026-08-12 16:41:11.000 UTC,0.99056043
2026-08-12 17:41:47.000 UTC,0.99059059
2026-08-12 18:42:23.000 UTC,0.9908297
2026-08-12 19:43:11.000 UTC,0.99062711
2026-08-12 20:43:23.000 UTC,0.99096099
2026-08-12 21:43:47.000 UTC,0.99093577
2026-08-12 22:43:59.000 UTC,0.990855
2026-08-12 23:44:23.000 UTC,0.99092081
2026-08-13 00:44:59.000 UTC,0.99090415
2026-08-13 01:45:23.000 UTC,0.99064048
2026-08-13 02:45:35.000 UTC,0.99055219
2026-08-13 03:45:59.000 UTC,0.99061319
2026-08-13 04:46:35.000 UTC,0.99062128
2026-08-13 05:47:11.000 UTC,0.99061582
2026-08-13 06:47:35.000 UTC,0.99061682
2026-08-13 07:48:11.000 UTC,0.99058219
2026-08-13 08:48:35.000 UTC,0.99068238
2026-08-13 09:48:47.000 UTC,0.99065653
2026-08-13 10:49:11.000 UTC,0.99061611
2026-08-13 11:49:47.000 UTC,0.99063079
2026-08-13 12:50:35.000 UTC,0.99061503
2026-08-13 13:50:47.000 UTC,0.99063663
2026-08-13 14:51:23.000 UTC,0.99066365
2026-08-13 15:51:47.000 UTC,0.99067906
2026-08-13 16:51:59.000 UTC,0.99058137
2026-08-13 17:52:23.000 UTC,0.99097146
2026-08-13 18:53:23.000 UTC,0.99093957
2026-08-13 19:53:23.000 UTC,0.99090803
2026-08-13 20:53:35.000 UTC,0.99063094
2026-08-13 21:53:59.000 UTC,0.99065711
2026-08-13 22:54:35.000 UTC,0.99067706
2026-08-13 23:55:11.000 UTC,0.99138948
2026-08-14 00:55:35.000 UTC,0.99144568
2026-08-14 01:56:11.000 UTC,0.99131755
2026-08-14 02:56:35.000 UTC,0.99131692
2026-08-14 03:56:47.000 UTC,0.99129842
2026-08-14 04:57:11.000 UTC,0.99128847
2026-08-14 05:57:47.000 UTC,0.99133246
2026-08-14 06:58:11.000 UTC,0.99130159
2026-08-14 07:58:23.000 UTC,0.99128765
2026-08-14 08:58:47.000 UTC,0.99145444
2026-08-14 09:58:59.000 UTC,0.99139746
2026-08-14 10:59:23.000 UTC,0.99137356
2026-08-14 11:59:59.000 UTC,0.99151356
2026-08-14 13:00:35.000 UTC,0.99142158
2026-08-14 14:00:59.000 UTC,0.99149546
2026-08-14 15:01:35.000 UTC,0.99158229
2026-08-14 16:01:59.000 UTC,0.99157573
2026-08-14 17:02:35.000 UTC,0.99161499
2026-08-14 18:02:59.000 UTC,0.99157218
2026-08-14 19:03:11.000 UTC,0.99159374
2026-08-14 20:03:35.000 UTC,0.99166749
2026-08-14 21:04:11.000 UTC,0.99171199
2026-08-14 22:04:47.000 UTC,0.99169392
2026-08-14 23:05:11.000 UTC,0.99169152
2026-08-15 00:05:47.000 UTC,0.99170443
2026-08-15 01:06:11.000 UTC,0.99168477
2026-08-15 02:06:23.000 UTC,0.99170202
2026-08-15 03:06:47.000 UTC,0.99108888
2026-08-15 04:07:23.000 UTC,0.99109836
2026-08-15 05:07:59.000 UTC,0.99109995
2026-08-15 06:08:23.000 UTC,0.99113652
2026-08-15 07:08:59.000 UTC,0.99112644
2026-08-15 08:09:23.000 UTC,0.99110419
2026-08-15 09:09:47.000 UTC,0.99110924
2026-08-15 10:09:59.000 UTC,0.99113724
2026-08-15 11:10:35.000 UTC,0.9911042
2026-08-15 12:11:11.000 UTC,0.99116945
2026-08-15 13:11:35.000 UTC,0.9911745
2026-08-15 14:12:11.000 UTC,0.99115621
2026-08-15 15:12:35.000 UTC,0.99114863
2026-08-15 16:12:47.000 UTC,0.99113752
2026-08-15 17:13:11.000 UTC,0.99115888
2026-08-15 18:13:47.000 UTC,0.9911847
2026-08-15 19:14:23.000 UTC,0.99116427
2026-08-15 20:14:47.000 UTC,0.99114318
2026-08-15 21:15:35.000 UTC,0.99114604
2026-08-15 22:15:59.000 UTC,0.99114264
2026-08-15 23:16:23.000 UTC,0.99116278
2026-08-16 00:16:59.000 UTC,0.99113245
2026-08-16 01:17:23.000 UTC,0.99115511
2026-08-16 02:17:23.000 UTC,0.99120971
2026-08-16 03:17:47.000 UTC,0.99120263
2026-08-16 04:18:23.000 UTC,0.99115001
2026-08-16 05:18:47.000 UTC,0.99114722
2026-08-16 06:19:23.000 UTC,0.99118927
2026-08-16 07:19:59.000 UTC,0.99118505
2026-08-16 08:20:23.000 UTC,0.99120898
2026-08-16 09:20:59.000 UTC,0.99120214
2026-08-16 10:21:23.000 UTC,0.99118809
2026-08-16 11:21:35.000 UTC,0.99122201
2026-08-16 12:21:59.000 UTC,0.99122295
2026-08-16 13:22:35.000 UTC,0.99123836
2026-08-16 14:23:11.000 UTC,0.99123482
2026-08-16 15:23:35.000 UTC,0.99126625
2026-08-16 16:24:11.000 UTC,0.9913051
2026-08-16 17:24:23.000 UTC,0.99125175
2026-08-16 18:24:23.000 UTC,0.99123976
2026-08-16 19:24:35.000 UTC,0.99126733
2026-08-16 20:24:59.000 UTC,0.99127142
2026-08-16 21:25:35.000 UTC,0.99120854
2026-08-16 22:26:11.000 UTC,0.99120877
2026-08-16 23:26:35.000 UTC,0.99120694
2026-08-17 00:27:11.000 UTC,0.99132307
2026-08-17 01:27:35.000 UTC,0.99124095
2026-08-17 02:27:47.000 UTC,0.99120986
2026-08-17 03:28:11.000 UTC,0.99122921
2026-08-17 04:28:47.000 UTC,0.99129186
2026-08-17 05:29:11.000 UTC,0.99122562
2026-08-17 06:29:23.000 UTC,0.99125152
2026-08-17 07:29:47.000 UTC,0.9912275
2026-08-17 08:30:23.000 UTC,0.99117902
2026-08-17 09:30:47.000 UTC,0.99119402
2026-08-17 10:30:59.000 UTC,0.99114456
2026-08-17 11:31:23.000 UTC,0.99115916
2026-08-17 12:32:11.000 UTC,0.99117078
2026-08-17 13:32:35.000 UTC,0.99113812
2026-08-17 14:32:59.000 UTC,0.99100915
2026-08-17 15:33:35.000 UTC,0.99112497
2026-08-17 16:34:11.000 UTC,0.99115022
2026-08-17 17:34:35.000 UTC,0.99113555
2026-08-17 18:35:11.000 UTC,0.99117352
2026-08-17 19:35:35.000 UTC,0.99115306
2026-08-17 20:35:35.000 UTC,0.99118622
2026-08-17 21:35:47.000 UTC,0.99120976
2026-08-17 22:36:11.000 UTC,0.99122191
2026-08-17 23:36:47.000 UTC,0.99121011
2026-08-18 00:37:23.000 UTC,0.99116761
2026-08-18 01:37:35.000 UTC,0.9911438
2026-08-18 02:38:11.000 UTC,0.9910953
2026-08-18 03:38:35.000 UTC,0.99107999
2026-08-18 04:38:47.000 UTC,0.99106017
2026-08-18 05:39:11.000 UTC,0.99107062
2026-08-18 06:39:47.000 UTC,0.99113617
2026-08-18 07:40:11.000 UTC,0.99109876
2026-08-18 08:40:23.000 UTC,0.99108841
2026-08-18 09:40:47.000 UTC,0.99100284
2026-08-18 10:41:23.000 UTC,0.9909835
2026-08-18 11:41:47.000 UTC,0.99100596
2026-08-18 12:41:59.000 UTC,0.9910057
2026-08-18 13:42:23.000 UTC,0.99094214
2026-08-18 14:42:59.000 UTC,0.99115748
2026-08-18 15:43:23.000 UTC,0.99120684
2026-08-18 16:43:35.000 UTC,0.9912057
2026-08-18 17:43:59.000 UTC,0.99123229
2026-08-18 18:44:11.000 UTC,0.99108607
2026-08-18 19:44:23.000 UTC,0.99110444
2026-08-18 20:44:59.000 UTC,0.99113974
2026-08-18 21:45:23.000 UTC,0.99134585
2026-08-18 22:45:59.000 UTC,0.99136448
2026-08-18 23:46:35.000 UTC,0.99135623
2026-08-19 00:46:59.000 UTC,0.99131995
2026-08-19 01:47:35.000 UTC,0.99130271
2026-08-19 02:47:59.000 UTC,0.99128925
2026-08-19 03:47:59.000 UTC,0.99127273
2026-08-19 04:48:11.000 UTC,0.99125397
2026-08-19 05:48:35.000 UTC,0.9912744
2026-08-19 06:48:35.000 UTC,0.99128529
2026-08-19 07:48:47.000 UTC,0.99128499
2026-08-19 08:49:11.000 UTC,0.99128301
2026-08-19 09:49:47.000 UTC,0.99128954
2026-08-19 10:50:23.000 UTC,0.99129426
2026-08-19 11:50:47.000 UTC,0.9912786
2026-08-19 12:51:23.000 UTC,0.99132969
2026-08-19 13:51:59.000 UTC,0.99130467
2026-08-19 14:52:23.000 UTC,0.99136185
2026-08-19 15:52:59.000 UTC,0.99154226
2026-08-19 16:53:23.000 UTC,0.99144109
2026-08-19 17:53:35.000 UTC,0.99150807
2026-08-19 18:53:59.000 UTC,0.99142507
2026-08-19 19:54:35.000 UTC,0.99142358
2026-08-19 20:54:59.000 UTC,0.99160615
2026-08-19 21:55:11.000 UTC,0.99156932
2026-08-19 22:55:47.000 UTC,0.99141461
2026-08-19 23:56:11.000 UTC,0.99142674
2026-08-20 00:56:47.000 UTC,0.99143868
2026-08-20 01:57:11.000 UTC,0.9914675
2026-08-20 02:57:47.000 UTC,0.99144127
2026-08-20 03:58:11.000 UTC,0.99137378
2026-08-20 04:58:23.000 UTC,0.99137612
2026-08-20 05:58:47.000 UTC,0.99136965
2026-08-20 06:59:23.000 UTC,0.99140389
2026-08-20 07:59:47.000 UTC,0.99130928
2026-08-20 08:59:59.000 UTC,0.99146326
2026-08-20 10:00:23.000 UTC,0.99139048
2026-08-20 11:00:23.000 UTC,0.99142447
2026-08-20 12:00:35.000 UTC,0.99143014
2026-08-20 13:00:59.000 UTC,0.99150069
2026-08-20 14:01:35.000 UTC,0.99147615
2026-08-20 15:02:23.000 UTC,0.99152572
2026-08-20 16:02:35.000 UTC,0.99152677
2026-08-20 17:03:11.000 UTC,0.99153162
2026-08-20 18:04:23.000 UTC,0.99150535
2026-08-20 19:04:47.000 UTC,0.99149582
2026-08-20 20:05:11.000 UTC,0.99157852
2026-08-20 21:05:47.000 UTC,0.99145166
2026-08-20 22:06:23.000 UTC,0.99151044
2026-08-20 23:06:47.000 UTC,0.99149734
2026-08-21 00:07:23.000 UTC,0.99153616
2026-08-21 01:07:47.000 UTC,0.99156229
2026-08-21 02:07:59.000 UTC,0.99157524
2026-08-21 03:08:23.000 UTC,0.99132367
2026-08-21 04:08:59.000 UTC,0.99143403
2026-08-21 05:09:35.000 UTC,0.99151446
2026-08-21 06:09:59.000 UTC,0.991593
2026-08-21 07:10:35.000 UTC,0.99159049
2026-08-21 08:10:59.000 UTC,0.99162316
2026-08-21 09:11:11.000 UTC,0.99165643
2026-08-21 10:11:35.000 UTC,0.99175945
2026-08-21 11:12:11.000 UTC,0.99153027
2026-08-21 12:12:35.000 UTC,0.99141548
2026-08-21 13:12:47.000 UTC,0.991422
2026-08-21 14:13:11.000 UTC,0.99139555
2026-08-21 15:13:47.000 UTC,0.99160702
2026-08-21 16:14:11.000 UTC,0.99142108
2026-08-21 17:14:23.000 UTC,0.99156449
2026-08-21 18:14:47.000 UTC,0.99164738
2026-08-21 19:15:23.000 UTC,0.99158788
2026-08-21 20:15:59.000 UTC,0.99171301
2026-08-21 21:16:23.000 UTC,0.99164941
2026-08-21 22:16:59.000 UTC,0.99197001
2026-08-21 23:17:23.000 UTC,0.99193023
2026-08-22 00:17:23.000 UTC,0.99179146
2026-08-22 01:17:47.000 UTC,0.99176567
2026-08-22 02:17:59.000 UTC,0.99167359
2026-08-22 03:17:59.000 UTC,0.99174788
2026-08-22 04:18:11.000 UTC,0.99170703
2026-08-22 05:18:35.000 UTC,0.99150487
2026-08-22 06:19:11.000 UTC,0.99141094
2026-08-22 07:19:47.000 UTC,0.99142048
2026-08-22 08:20:11.000 UTC,0.99155639
2026-08-22 09:20:59.000 UTC,0.99162257
2026-08-22 10:21:11.000 UTC,0.99132645
2026-08-22 11:21:23.000 UTC,0.99159748
2026-08-22 12:21:47.000 UTC,0.99176672
2026-08-22 13:22:23.000 UTC,0.99154873
2026-08-22 14:22:59.000 UTC,0.99143602
2026-08-22 15:23:23.000 UTC,0.99148436
2026-08-22 16:23:59.000 UTC,0.99161675
2026-08-22 17:24:23.000 UTC,0.99161376
2026-08-22 18:24:35.000 UTC,0.99167908
2026-08-22 19:24:59.000 UTC,0.99165566
2026-08-22 20:25:35.000 UTC,0.99172942
2026-08-22 21:26:11.000 UTC,0.99153088
2026-08-22 22:26:35.000 UTC,0.99168896
2026-08-22 23:26:35.000 UTC,0.99155419
2026-08-23 00:26:35.000 UTC,0.9917207
2026-08-23 01:26:35.000 UTC,0.99162031
2026-08-23 02:26:47.000 UTC,0.9915379
2026-08-23 03:27:11.000 UTC,0.99146814
2026-08-23 04:27:23.000 UTC,0.99136908
2026-08-23 05:27:47.000 UTC,0.99151045
2026-08-23 06:28:23.000 UTC,0.99143629
2026-08-23 07:28:47.000 UTC,0.9914642
2026-08-23 08:28:59.000 UTC,0.99153844
2026-08-23 09:29:23.000 UTC,0.99141039
2026-08-23 10:29:59.000 UTC,0.99142972
2026-08-23 11:30:35.000 UTC,0.99153564
2026-08-23 12:30:59.000 UTC,0.99144073
2026-08-23 13:31:35.000 UTC,0.99155918
2026-08-23 14:31:59.000 UTC,0.99155679
2026-08-23 15:32:11.000 UTC,0.99162754
2026-08-23 16:32:35.000 UTC,0.99168572
2026-08-23 17:33:11.000 UTC,0.99151478
2026-08-23 18:33:35.000 UTC,0.99161286
2026-08-23 19:34:11.000 UTC,0.99156701
2026-08-23 20:34:11.000 UTC,0.99161683
2026-08-23 21:34:11.000 UTC,0.99180096
2026-08-23 22:34:23.000 UTC,0.99155485
2026-08-23 23:34:47.000 UTC,0.99159893
2026-08-24 00:35:23.000 UTC,0.99153242
2026-08-24 01:35:47.000 UTC,0.99147038
2026-08-24 02:35:59.000 UTC,0.9915685
2026-08-24 03:36:23.000 UTC,0.99149081
2026-08-24 04:36:23.000 UTC,0.99164232
2026-08-24 05:36:35.000 UTC,0.99146993
2026-08-24 06:36:59.000 UTC,0.99159144
2026-08-24 07:37:47.000 UTC,0.99146098
2026-08-24 08:37:59.000 UTC,0.99152867
2026-08-24 09:38:11.000 UTC,0.99165943
2026-08-24 10:38:35.000 UTC,0.99153516
2026-08-24 11:39:11.000 UTC,0.99161274
2026-08-24 12:39:47.000 UTC,0.99163203
2026-08-24 13:40:11.000 UTC,0.99147939
2026-08-24 14:40:47.000 UTC,0.99159847
2026-08-24 15:41:11.000 UTC,0.99153434
2026-08-24 16:41:23.000 UTC,0.9914774
2026-08-24 17:41:47.000 UTC,0.99135884
2026-08-24 18:42:23.000 UTC,0.99148825
2026-08-24 19:42:59.000 UTC,0.99141504
2026-08-24 20:43:23.000 UTC,0.99147672
2026-08-24 21:43:59.000 UTC,0.9915643
2026-08-24 22:44:23.000 UTC,0.99139703
2026-08-24 23:44:35.000 UTC,0.99151081
