timestamp,amount0,amount1,tick
2026-01-24 00:53:59.000 UTC,11068786417597947819,-10992262,-276389
2026-01-24 01:38:11.000 UTC,13138957868915587562,-13046981,-276390
2026-01-24 02:17:47.000 UTC,21029303054034624432,-20879514,-276392
2026-01-24 02:21:47.000 UTC,-22305329232308575533,22168718,-276390
2026-01-24 03:02:23.000 UTC,59806354345081630873,-59372597,-276394
2026-01-24 03:05:23.000 UTC,-829348822850458391589,825000000,-276380
2026-01-24 03:05:35.000 UTC,745311982839953606432,-740740812,-276388
2026-01-24 03:05:59.000 UTC,236529502865003318104,-234706022,-276405
2026-01-24 03:10:47.000 UTC,-83859124996924575309,83249999,-276399
2026-01-24 03:12:11.000 UTC,-553057111801294301390,550000000,-276380
2026-01-24 03:12:23.000 UTC,402377030488695381602,-399887548,-276388
2026-01-24 03:13:23.000 UTC,62744175272706515010,-62298789,-276393
2026-01-24 03:32:23.000 UTC,-226258309332220008174,225000000,-276380
2026-01-24 03:32:35.000 UTC,50143302865052967308,-49838513,-276380
2026-01-24 03:32:47.000 UTC,109735888031620927779,-109027778,-276388
2026-01-24 03:39:23.000 UTC,-351829480677201204148,350000000,-276380
2026-01-24 03:39:23.000 UTC,275675972456446813174,-273997164,-276383
2026-01-24 03:39:35.000 UTC,76128145953875878760,-75627846,-276388
2026-01-24 03:45:47.000 UTC,-980019566505229048214,975000000,-276380
2026-01-24 03:46:11.000 UTC,978998481945700328757,-973011495,-276388
2026-01-24 04:03:23.000 UTC,-63010887226072197850,62657157,-276384
2026-01-24 04:49:59.000 UTC,4686682201305090161,-4656694,-276384
2026-01-24 04:58:35.000 UTC,1178695978886440504,-1171129,-276384
2026-01-24 05:32:47.000 UTC,17268871615665166367,-17156870,-276385
2026-01-24 05:50:23.000 UTC,176143837133881300224,-174879188,-276398
2026-01-24 06:49:35.000 UTC,-21895616765728069721,21748050,-276396
2026-01-24 10:30:35.000 UTC,-276579212712460798668,275000000,-276380
2026-01-24 10:30:35.000 UTC,189548045363420120238,-188332939,-276390
2026-01-24 10:31:35.000 UTC,-256346358854740066266,254980220,-276380
2026-01-24 10:31:35.000 UTC,-22718030028305879324,22602564,-276380
2026-01-24 10:31:35.000 UTC,56735265642505813003,-56390458,-276380
2026-01-24 10:31:35.000 UTC,-16939649391756861621,16853546,-276380
2026-01-24 10:31:47.000 UTC,232625830993749744538,-231155199,-276390
2026-01-24 10:32:11.000 UTC,100693423386570367598,-99954189,-276397
2026-01-24 10:34:23.000 UTC,-2989330722589662493464,2973986816,-276380
2026-01-24 10:34:23.000 UTC,3014141971356311320729,-2995634121,-276399
2026-01-24 11:01:11.000 UTC,-553034872008360931227,550000000,-276380
2026-01-24 11:01:11.000 UTC,428819364290610983710,-426156973,-276390
2026-01-24 11:20:11.000 UTC,151178472802568208384,-150041775,-276400
2026-01-24 11:41:23.000 UTC,-628468584676744945966,625000000,-276380
2026-01-24 11:41:35.000 UTC,481893091308787307953,-478904323,-276390
2026-01-24 11:52:11.000 UTC,-326720999733300929308,325000000,-276380
2026-01-24 11:52:23.000 UTC,327722114587829931711,-325669297,-276390
2026-01-24 11:53:23.000 UTC,101330040191547195777,-100582527,-276397
2026-01-24 15:01:23.000 UTC,-879662674867155005294,875000000,-276380
2026-01-24 15:01:35.000 UTC,767529997070328499663,-762815680,-276389
2026-01-24 15:06:59.000 UTC,-138186965348967427905,137474051,-276380
2026-01-24 15:06:59.000 UTC,-65133709861089779839,64762116,-276384
2026-01-24 15:07:35.000 UTC,193557960477329820051,-192338660,-276388
2026-01-24 15:08:23.000 UTC,-879511274122272243323,875000000,-276380
2026-01-24 15:08:35.000 UTC,880917795744988922689,-875522407,-276388
2026-01-24 15:16:59.000 UTC,843850308628714825304,-838687676,-276388
2026-01-24 15:16:59.000 UTC,-853549615445728790915,849169367,-276380
2026-01-24 15:27:47.000 UTC,-13401297903588398448702,13334003300,-276379
2026-01-24 15:27:47.000 UTC,13425735942427663274882,-13344948676,-276389
2026-01-24 15:55:59.000 UTC,44501479475327750845,-44186259,-276392
2026-01-24 17:32:35.000 UTC,-603159998330909169913,600000000,-276380
2026-01-24 17:32:47.000 UTC,503215981442435598047,-498810984,-276428
2026-01-24 17:32:47.000 UTC,560134407846149814035,-556679762,-276389
2026-01-24 17:32:59.000 UTC,-412521777276496371282,410069363,-276380
2026-01-24 17:32:59.000 UTC,-307382218340616372224,304777141,-276403
2026-01-24 17:33:11.000 UTC,216043127909731816221,-214680035,-276389
2026-01-24 17:38:35.000 UTC,11315292378496469347,-11236475,-276390
2026-01-24 17:39:59.000 UTC,-301593099868386522104,300000000,-276380
2026-01-24 17:40:11.000 UTC,293136739978382749085,-291302803,-276389
2026-01-24 17:49:47.000 UTC,10699880631738701514,-10623090,-276392
2026-01-24 17:49:47.000 UTC,27037055493997174817,-26846677,-276391
2026-01-24 18:53:23.000 UTC,29314224554376225718,-29099638,-276394
2026-01-24 21:23:59.000 UTC,31014970362377376255,-30781226,-276396
2026-01-24 21:25:35.000 UTC,15708841492357127544,-15587821,-276397
2026-01-24 22:20:23.000 UTC,16288919709555530129,-16161563,-276399
2026-01-25 00:05:59.000 UTC,-2658421469446324707,2640147,-276398
2026-01-25 00:15:35.000 UTC,-9333406008646019359,9269645,-276398
2026-01-25 02:23:59.000 UTC,19930279221783844277,-19773580,-276399
2026-01-25 06:59:23.000 UTC,-19706483103821857097,19571095,-276398
2026-01-25 08:49:47.000 UTC,154679303134179041847,-153388289,-276409
2026-01-25 09:21:47.000 UTC,-19670023916794438925,19515857,-276408
2026-01-25 09:23:23.000 UTC,-35298466228143241452,35028762,-276405
2026-01-25 09:32:11.000 UTC,-16615511267284615168,16491649,-276404
2026-01-25 09:35:11.000 UTC,-251633636173854220414,250000000,-276386
2026-01-25 09:35:47.000 UTC,101654729178486278842,-100948506,-276393
2026-01-25 11:08:35.000 UTC,25220278242522871972,-25033589,-276395
2026-01-25 15:41:11.000 UTC,-980119312726002752390,975000000,-276380
2026-01-25 15:41:11.000 UTC,881072590388346852237,-875685747,-276388
2026-01-25 15:44:59.000 UTC,-577971408094986281910,575000000,-276380
2026-01-25 15:45:23.000 UTC,572902248890529319197,-569390427,-276387
2026-01-25 15:45:47.000 UTC,306493412065833741113,-304090822,-276409
2026-01-25 15:45:47.000 UTC,-138824993520938712701,137791154,-276399
2026-01-25 15:50:59.000 UTC,-38304339686739410944,38043417,-276396
2026-01-25 16:06:35.000 UTC,29230108789029913860,-29002926,-276399
2026-01-25 16:17:35.000 UTC,-251504223842469583880,250000000,-276380
2026-01-25 16:18:23.000 UTC,67173646043409513259,-66749586,-276385
2026-01-25 16:20:47.000 UTC,89646274266413137573,-89029893,-276392
2026-01-25 16:20:47.000 UTC,113516295708786610847,-112653094,-276400
2026-01-25 16:24:35.000 UTC,61149561404308667618,-60646304,-276404
2026-01-25 16:29:47.000 UTC,-51749271410183938497,51373002,-276401
2026-01-25 16:45:47.000 UTC,-301813341120970610299,300000000,-276380
2026-01-25 16:46:23.000 UTC,255761438928210504205,-254012699,-276397
2026-01-25 18:08:11.000 UTC,9861494306084589717,-9784748,-276398
2026-01-25 18:13:23.000 UTC,151734371070725498435,-150465707,-276409
2026-01-25 18:14:47.000 UTC,-117758652069377075389,116876610,-276400
2026-01-25 18:33:59.000 UTC,45146486715749769455,-44775274,-276404
2026-01-25 18:49:11.000 UTC,-176190984489353268353,175000000,-276391
2026-01-25 18:59:35.000 UTC,33828426717162018254,-33583438,-276393
2026-01-25 19:21:35.000 UTC,39150600989758944431,-38856825,-276396
2026-01-25 19:21:35.000 UTC,26594975121684402160,-26389147,-276398
2026-01-25 19:37:59.000 UTC,197344265855055416063,-195658655,-276412
2026-01-25 20:02:59.000 UTC,-225919548073739026433,224237260,-276396
2026-01-25 20:34:59.000 UTC,41821283165024833094,-41495959,-276399
2026-01-25 22:33:35.000 UTC,10029906764237668082,-9950021,-276400
2026-01-25 23:49:23.000 UTC,-56633988383480732103,56248614,-276396
2026-01-25 23:55:35.000 UTC,-603226288198769263402,600000000,-276380
2026-01-25 23:55:47.000 UTC,397007152217453673088,-394594561,-276381
2026-01-25 23:55:59.000 UTC,137976484495427150430,-137064743,-276391
2026-01-26 00:11:47.000 UTC,-16720746615680683228,16619597,-276390
2026-01-26 00:39:47.000 UTC,17128862202840840295,-17008198,-276391
2026-01-26 01:53:35.000 UTC,-41196621248417700619,40950913,-276388
2026-01-26 02:09:11.000 UTC,40169154485595953561,-39889805,-276391
2026-01-26 02:16:23.000 UTC,91057437321247786729,-90381344,-276397
2026-01-26 04:21:11.000 UTC,-12703273238881535198,12618000,-276396
2026-01-26 04:30:47.000 UTC,-12469589120529541668,12387012,-276396
2026-01-26 05:14:11.000 UTC,554807250039723714095,-549440914,-276441
2026-01-26 05:14:11.000 UTC,-445050957149120222356,441000000,-276403
2026-01-26 05:47:35.000 UTC,-12562000201841338278,12470072,-276403
2026-01-26 06:08:11.000 UTC,-77049475581613119073,76510389,-276397
2026-01-26 07:00:11.000 UTC,-100572095506109245209,99932543,-276390
2026-01-26 07:54:11.000 UTC,-339276546977619846259,337493791,-276380
2026-01-26 07:54:23.000 UTC,310465927396552075411,-308544307,-276388
2026-01-26 07:54:35.000 UTC,-1069998649304373623844,1064528812,-276380
2026-01-26 07:54:47.000 UTC,199183010211429158192,-197808144,-276396
2026-01-26 07:54:47.000 UTC,987509633220979796534,-981510738,-276382
2026-01-26 07:54:59.000 UTC,-850870955589370757978,846382132,-276380
2026-01-26 07:55:11.000 UTC,-66224795037989195843,65502221,-276436
2026-01-26 07:55:11.000 UTC,-12418314235405689687,12287579,-276435
2026-01-26 07:55:11.000 UTC,-31738060876339226680,31410766,-276432
2026-01-26 07:55:11.000 UTC,664902818929267793929,-658685624,-276443
2026-01-26 07:55:11.000 UTC,746145274016688979474,-741568892,-276388
2026-01-26 07:55:23.000 UTC,-54207425479691750590,53929334,-276380
2026-01-26 07:55:23.000 UTC,-272089670030893234067,269656319,-276409
2026-01-26 07:55:23.000 UTC,-73942962091480016967,73378913,-276403
2026-01-26 07:55:23.000 UTC,-290904271631996329484,289066024,-276382
2026-01-26 07:55:35.000 UTC,170935868116973442290,-169823272,-276391
2026-01-26 09:12:47.000 UTC,39656156772629745379,-39368718,-276394
2026-01-26 09:28:59.000 UTC,1009198163789842897,-1001736,-276394
2026-01-26 09:43:35.000 UTC,-427293368180373869382,425000000,-276380
2026-01-26 09:43:35.000 UTC,383445198951957997412,-381044570,-276391
2026-01-26 09:53:47.000 UTC,20390239684273467273,-20244351,-276392
2026-01-26 10:13:11.000 UTC,-502646948261919070846,500000000,-276380
2026-01-26 10:13:11.000 UTC,485217836241010605176,-482196109,-276391
2026-01-26 12:13:11.000 UTC,642637063908322123122,-636517314,-276444
2026-01-26 12:13:11.000 UTC,-511012109475339766781,506395936,-276400
2026-01-26 12:14:47.000 UTC,-87655535496750665702,87065123,-276394
2026-01-26 13:35:35.000 UTC,-4975305548862735806729,4950000000,-276380
2026-01-26 13:35:47.000 UTC,4912980409158428705532,-4883176449,-276389
2026-01-26 13:35:59.000 UTC,1307197118901653864448,-1290990074,-276507
2026-01-26 13:35:59.000 UTC,-1140494292000088677802,1126674604,-276401
2026-01-26 14:06:11.000 UTC,-10071625763448224297,10000000,-276401
2026-01-26 14:36:23.000 UTC,-625546020230351551630,622090187,-276380
2026-01-26 14:43:35.000 UTC,363707162499893738979,-361496082,-276382
2026-01-26 15:32:47.000 UTC,301373355009813136986,-299182669,-276403
2026-01-26 16:23:47.000 UTC,-151029248965738946657,150000000,-276392
2026-01-26 19:00:59.000 UTC,-19856199057245159757,19733061,-276391
2026-01-26 21:03:11.000 UTC,25483827040421759346,-25299955,-276393
2026-01-27 03:44:47.000 UTC,7417058324509124539,-7362667,-276393
2026-01-27 16:04:59.000 UTC,-43300376718887764693,43031443,-276390
2026-01-27 16:06:47.000 UTC,-422047643198497741234,419836732,-276380
2026-01-27 16:07:11.000 UTC,353069797214217273551,-350908378,-276385
2026-01-27 16:19:47.000 UTC,60636358657139172904,-60225842,-276390
2026-01-27 17:05:11.000 UTC,-24620168528561855383,24474775,-276388
2026-01-27 17:14:47.000 UTC,180428248728115968059,-179082623,-276401
2026-01-27 17:19:35.000 UTC,53477244290247418625,-53033597,-276405
2026-01-27 17:22:11.000 UTC,-301935925216756726112,300000000,-276383
2026-01-27 17:29:11.000 UTC,63611964505023253339,-63195316,-276388
2026-01-27 17:35:59.000 UTC,21532024114998866009,-21384413,-276389
2026-01-27 17:43:23.000 UTC,83565357518107571172,-82960981,-276395
2026-01-27 17:45:11.000 UTC,30256069431965875130,-30024900,-276397
2026-01-27 18:19:59.000 UTC,-100643572014975937206,100000000,-276390
2026-01-27 18:24:11.000 UTC,-734298122870506233,729870,-276390
2026-01-27 18:53:59.000 UTC,113496530024961343114,-112653416,-276398
2026-01-27 18:56:23.000 UTC,-22427825785919380961,22276171,-276397
2026-01-27 20:21:47.000 UTC,-44091749428806699555,43804132,-276393
2026-01-27 20:21:59.000 UTC,-38241650859049445228,38003499,-276391
2026-01-27 20:33:35.000 UTC,-83225376162550298782,82743404,-276385
2026-01-27 21:03:59.000 UTC,100699639244774508487,-100010081,-276392
2026-01-27 21:07:59.000 UTC,-22078744134955431180,21943268,-276390
2026-01-27 21:48:11.000 UTC,-86351452316472350001,85855236,-276384
2026-01-27 21:58:47.000 UTC,99492262358487443787,-98816961,-276391
2026-01-27 22:06:11.000 UTC,304792593655136792372,-302282099,-276413
2026-01-27 22:06:23.000 UTC,-191833549412462535068,190366212,-276399
2026-01-27 22:19:59.000 UTC,11244346859495967242,-11154462,-276400
2026-01-27 22:23:11.000 UTC,-111742004856410778140,111000000,-276392
2026-01-27 22:23:23.000 UTC,23724121865626663807,-23550514,-276394
2026-01-27 23:46:35.000 UTC,6271116186365029643,-6224551,-276394
2026-01-28 00:22:59.000 UTC,-14605717829882330743,14512212,-276393
2026-01-28 00:29:35.000 UTC,-90702458906673889219,90156084,-276387
2026-01-28 01:06:35.000 UTC,9237078539298573914,-9174958,-276387
2026-01-28 01:19:35.000 UTC,22941535866018018540,-22784602,-276389
2026-01-28 01:21:47.000 UTC,20592102925674088555,-20448024,-276390
2026-01-28 01:53:47.000 UTC,-25150566788923221538,25000000,-276389
2026-01-28 01:56:35.000 UTC,61352737989993168106,-60916508,-276393
2026-01-28 01:56:47.000 UTC,17135559869946356599,-17008900,-276394
2026-01-28 01:58:23.000 UTC,22913052505703055360,-22740398,-276396
2026-01-28 02:08:23.000 UTC,45584128244575204982,-45229453,-276399
2026-01-28 02:31:23.000 UTC,-21675929991871994822,21526943,-276398
2026-01-28 03:30:47.000 UTC,62857891259436863812,-62354163,-276402
2026-01-28 03:59:23.000 UTC,-69552120660823885251,69065473,-276397
2026-01-28 04:01:11.000 UTC,-51464014403081519947,51126275,-276394
2026-01-28 04:01:11.000 UTC,81517954198869921364,-80893246,-276399
2026-01-28 04:03:11.000 UTC,-60100600133644290687,59695097,-276395
2026-01-28 06:26:35.000 UTC,-27255347339218386944,27079999,-276393
2026-01-28 06:32:23.000 UTC,-38890349834867713034,38649385,-276390
2026-01-28 06:44:35.000 UTC,26971423217765225178,-26778665,-276392
2026-01-28 06:45:23.000 UTC,26222183368253207135,-26029778,-276394
2026-01-28 06:45:47.000 UTC,-2836126625514062614,2817896,-276394
2026-01-28 08:21:35.000 UTC,39867613280772880326,-39566450,-276397
2026-01-28 08:45:23.000 UTC,42999562719837982937,-42661972,-276400
2026-01-28 11:42:11.000 UTC,-42472541657354462725,42181183,-276397
2026-01-28 11:46:23.000 UTC,6251229132851220003,-6202951,-276397
2026-01-28 11:51:35.000 UTC,-10486202133478582976,10415790,-276397
2026-01-28 15:49:35.000 UTC,-15136090098342297601,15035847,-276395
2026-01-28 16:58:47.000 UTC,41567648279446880694,-41247136,-276398
2026-01-28 17:53:35.000 UTC,-25302125367976632086,25130682,-276397
2026-01-28 18:24:11.000 UTC,-377899495089670199455,375799953,-276380
2026-01-28 18:24:23.000 UTC,313216257998974734434,-311222783,-276392
2026-01-28 18:39:59.000 UTC,172704849041371459246,-171352228,-276404
2026-01-28 18:40:59.000 UTC,-18510943694768514272,18374114,-276403
2026-01-28 18:58:23.000 UTC,-1687579789880141248,1675228,-276403
2026-01-28 20:00:47.000 UTC,-131902244358384570130,131000000,-276393
2026-01-28 20:35:59.000 UTC,-2050580080539826604328,2040057751,-276380
2026-01-28 20:35:59.000 UTC,80844584647725276066,-80354619,-276380
2026-01-28 20:36:11.000 UTC,1809661777323512218054,-1798676208,-276382
2026-01-28 20:47:35.000 UTC,12730841684630048836,-12651276,-276383
2026-01-28 20:50:47.000 UTC,60667882701515679818,-60272732,-276387
2026-01-28 21:03:59.000 UTC,60431993286677245783,-60012117,-276391
2026-01-28 21:32:23.000 UTC,60855312543513240167,-60406024,-276396
2026-01-29 01:54:35.000 UTC,50005572415019902138,-49616518,-276399
2026-01-29 02:32:47.000 UTC,49263253812550539078,-48862457,-276403
2026-01-29 02:38:59.000 UTC,13054982782273840198,-12945857,-276404
2026-01-29 02:42:11.000 UTC,17700842943316250881,-17550934,-276405
2026-01-29 02:48:23.000 UTC,76246797051533599473,-75575428,-276411
2026-01-29 03:22:11.000 UTC,-98446994606412267520,97685650,-276404
2026-01-29 03:51:35.000 UTC,-722378336326165340,717049,-276404
2026-01-29 03:56:59.000 UTC,3013942986027174129,-2988690,-276404
2026-01-29 05:15:47.000 UTC,-8379036980767606218,8317308,-276403
2026-01-29 05:54:11.000 UTC,-4988194379060768200,4951685,-276403
2026-01-29 05:58:59.000 UTC,-5165532402692472888,5127913,-276402
2026-01-29 06:01:11.000 UTC,-18263982373224170005,18132505,-276401
2026-01-29 06:14:11.000 UTC,-11690586725868637206,11607685,-276400
2026-01-29 06:20:11.000 UTC,-25444640873136681305,25267594,-276398
2026-01-29 06:21:35.000 UTC,6055294898565098985,-6007570,-276399
2026-01-29 07:07:23.000 UTC,-7176499683698240073,7127094,-276398
2026-01-29 07:49:11.000 UTC,139009597757166703350,-137848946,-276408
2026-01-29 07:57:35.000 UTC,-6441800671037860630,6391349,-276408
2026-01-29 08:27:47.000 UTC,-59529276965400334602,59077119,-276404
2026-01-29 09:37:11.000 UTC,7030389472580348845,-6971336,-276404
2026-01-29 09:37:47.000 UTC,-4171519190734884692756,4150000000,-276380
2026-01-29 09:37:59.000 UTC,4027124379377260221976,-4002600630,-276394
2026-01-29 09:39:47.000 UTC,15233154752988062513,-15119972,-276395
2026-01-29 09:56:11.000 UTC,36027439802484938137,-35753136,-276397
2026-01-29 10:46:11.000 UTC,11347763492558705453,-11259438,-276398
2026-01-29 11:17:59.000 UTC,38488950937016691790,-38182500,-276401
2026-01-29 11:18:59.000 UTC,37905711003164776847,-37593533,-276404
2026-01-29 11:44:59.000 UTC,12997332928824596190,-12887923,-276405
2026-01-29 15:04:23.000 UTC,232230676086587977733,-230069994,-276422
2026-01-29 15:54:59.000 UTC,-151897710402199298392,150590690,-276410
2026-01-29 15:58:35.000 UTC,-93080923513334369227,92362946,-276404
2026-01-29 16:07:47.000 UTC,272995554253021931731,-270438641,-276425
2026-01-29 16:24:23.000 UTC,-243711718347637347670,241644744,-276406
2026-01-29 16:52:47.000 UTC,88271081440138107880,-87485710,-276412
2026-01-29 16:59:11.000 UTC,-151197494384037170145,150036367,-276401
2026-01-29 17:25:35.000 UTC,-12838899046990977683,12747855,-276400
2026-01-29 18:13:47.000 UTC,39114634810611669972,-38794755,-276403
2026-01-29 18:53:35.000 UTC,74132483274759025782,-73496176,-276408
2026-01-29 19:32:11.000 UTC,-90204359453742989312,89524808,-276402
2026-01-29 20:28:35.000 UTC,2871636855551903613,-2848052,-276402
2026-01-29 20:47:59.000 UTC,-29330693606798109766,29121698,-276400
2026-01-30 01:38:11.000 UTC,76499872142347869941,-75865921,-276406
2026-01-30 01:40:23.000 UTC,115692522156212601394,-114654039,-276414
2026-01-30 01:46:47.000 UTC,67912090046788767077,-67257113,-276419
2026-01-30 01:57:11.000 UTC,-81082337679273535782,80384623,-276413
2026-01-30 02:39:47.000 UTC,-101560634555626182076,100754282,-276406
2026-01-30 03:11:11.000 UTC,15143263972867104482,-15012710,-276407
2026-01-30 03:14:23.000 UTC,31705661409275817165,-31427005,-276409
2026-01-30 03:37:35.000 UTC,-118013457938012947524,117129834,-276400
2026-01-30 03:37:35.000 UTC,-110103709884306016953,109369397,-276392
2026-01-30 03:48:47.000 UTC,3157252144711308582,-3134270,-276393
2026-01-30 03:52:11.000 UTC,15937027342681607436,-15819933,-276394
2026-01-30 04:20:35.000 UTC,-10185250384863464508,10120325,-276393
2026-01-30 05:05:59.000 UTC,56985014255182227856,-56555595,-276397
2026-01-30 05:28:47.000 UTC,55717086205300553771,-55274721,-276401
2026-01-30 06:43:23.000 UTC,20425197504076613910,-20257462,-276403
2026-01-30 07:12:35.000 UTC,-9105673939319294322,9039566,-276402
2026-01-30 08:36:23.000 UTC,-127415750954052406485,126553091,-276393
2026-01-30 09:16:11.000 UTC,33215961428663843174,-32969312,-276395
2026-01-30 10:44:23.000 UTC,62024958505926462261,-61543213,-276400
2026-01-30 11:54:59.000 UTC,-99361733884933307706,98701986,-276393
2026-01-30 12:46:35.000 UTC,69319266195189403699,-68797629,-276398
2026-01-30 13:30:35.000 UTC,56425687413114921933,-55975653,-276402
2026-01-30 14:03:35.000 UTC,-7158085120871567622,7106837,-276401
2026-01-30 14:40:23.000 UTC,-146898101915601897073,145927582,-276391
2026-01-30 15:29:23.000 UTC,120236865029562304589,-119334595,-276399
2026-01-30 16:43:59.000 UTC,-39626078853975126484,39356622,-276396
2026-01-30 18:18:23.000 UTC,181284683091925000732,-179779995,-276409
2026-01-30 18:27:11.000 UTC,-121922271412390402209,121005387,-276401
2026-01-30 18:41:23.000 UTC,-40615233066159092563,40333468,-276398
2026-01-30 18:45:47.000 UTC,-234498189581810139136,233103034,-276381
2026-01-30 19:06:11.000 UTC,151930925427319721046,-150921078,-276392
2026-01-30 19:23:59.000 UTC,19538748150000000000,-19396858,-276393
2026-01-30 19:24:59.000 UTC,19538748160000000000,-19394121,-276395
2026-01-30 20:07:11.000 UTC,150328123423941429770,-149123891,-276405
2026-01-30 21:44:11.000 UTC,14603506274559154160,-14477898,-276406
2026-01-30 22:49:47.000 UTC,-7891919844243668993,7831680,-276406
2026-01-31 01:43:47.000 UTC,67032722702728815113,-66440365,-276411
2026-01-31 01:45:11.000 UTC,-29679182940781793073,29442386,-276409
2026-01-31 01:49:11.000 UTC,-6396043886590576744,6345839,-276408
2026-01-31 01:55:59.000 UTC,-402570759508891110127,400000000,-276380
2026-01-31 01:55:59.000 UTC,222088519233697564082,-220592845,-276395
2026-01-31 02:19:59.000 UTC,11414245547752506421,-11327893,-276396
2026-01-31 02:20:35.000 UTC,-5737324920845480030,5699502,-276395
2026-01-31 02:25:35.000 UTC,24703468303673953476,-24514398,-276397
2026-01-31 03:53:47.000 UTC,4494961245498744283,-4459810,-276398
2026-01-31 03:53:47.000 UTC,8614887661671664128,-8547924,-276398
2026-01-31 05:14:23.000 UTC,-5405336936107737088,5368453,-276398
2026-01-31 07:23:47.000 UTC,18001567164666998741,-17860042,-276399
2026-01-31 07:24:11.000 UTC,13463696506350290614,-13356330,-276400
2026-01-31 07:39:23.000 UTC,71208335824643170551,-70618893,-276405
2026-01-31 08:18:11.000 UTC,61578060849432793125,-61039070,-276410
2026-01-31 08:18:35.000 UTC,-183908535955284981386,182561902,-276396
2026-01-31 08:18:47.000 UTC,10942355326306256235,-10858154,-276397
2026-01-31 08:21:59.000 UTC,14275677657418476528,-14164536,-276398
2026-01-31 08:25:35.000 UTC,18164756153339330854,-18021226,-276400
2026-01-31 08:36:59.000 UTC,94836659927542965152,-94048925,-276406
2026-01-31 09:22:47.000 UTC,13628438928795967099,-13509947,-276407
2026-01-31 09:38:35.000 UTC,124323095621266396737,-123180292,-276416
2026-01-31 09:44:35.000 UTC,-75366014523182518963,74734558,-276411
2026-01-31 09:59:59.000 UTC,-8733332797645307636,8662851,-276410
2026-01-31 10:31:47.000 UTC,-38312092529488342326,38009361,-276407
2026-01-31 11:09:11.000 UTC,12978864584319711694,-12864613,-276408
2026-01-31 11:33:47.000 UTC,112191521581765984591,-111153113,-276417
2026-01-31 11:33:59.000 UTC,-122475853719301354471,121468282,-276408
2026-01-31 12:17:59.000 UTC,6055291136902615219,-6002022,-276408
2026-01-31 12:43:59.000 UTC,-6733734079826493441,6681194,-276408
2026-01-31 13:34:35.000 UTC,18708752878772480634,-18543417,-276409
2026-01-31 13:59:47.000 UTC,-292174056802321190224,290168373,-276388
2026-01-31 13:59:59.000 UTC,153858140508475758228,-152725507,-276399
2026-01-31 14:00:35.000 UTC,-355025299817546780548,352985677,-276380
2026-01-31 14:00:59.000 UTC,362766234696792872192,-360312462,-276400
2026-01-31 14:01:11.000 UTC,-11635590750711712204,11554926,-276399
2026-01-31 14:14:35.000 UTC,54287787647421500052,-53849238,-276403
2026-01-31 15:34:47.000 UTC,33905979857457616070,-33621372,-276405
2026-01-31 16:17:23.000 UTC,-432999724280093743635257,431723877132,-276338
2026-01-31 16:17:23.000 UTC,417621125562166886860698,-416006873320,-276379
2026-01-31 16:17:35.000 UTC,3260231939835937950594,-3240852023,-276379
2026-01-31 16:17:47.000 UTC,540154222637470555095,-536933245,-276379
2026-01-31 16:17:59.000 UTC,12164549473066844215010,-12089410318,-276436
2026-01-31 16:18:47.000 UTC,-448934656493742823248,445052942,-276399
2026-01-31 16:19:59.000 UTC,-246506646562054078464,245010683,-276381
2026-01-31 16:35:59.000 UTC,350908764614013293678,-348299383,-276407
2026-01-31 17:12:59.000 UTC,521943808992156947741,-516277304,-276454
2026-01-31 17:12:59.000 UTC,-147124403176542790120410,146479083784,-276366
2026-01-31 17:12:59.000 UTC,146954020535281016102001,-146164821898,-276430
2026-01-31 17:46:47.000 UTC,-44165473856963526444,43735451,-276425
2026-01-31 17:54:47.000 UTC,-214052750706727046964,212204613,-276408
2026-01-31 18:10:35.000 UTC,-173984688331421051871,172728877,-276396
2026-01-31 18:12:23.000 UTC,143094250615479463231,-141935247,-276406
2026-01-31 20:12:47.000 UTC,37130302453254920800,-36805607,-276409
2026-01-31 20:26:59.000 UTC,-31931807070921570921,31683655,-276406
2026-01-31 20:31:23.000 UTC,107171237456783937349,-106203018,-276414
2026-01-31 20:45:11.000 UTC,-54581534957671214184,54132186,-276410
2026-01-31 21:27:35.000 UTC,-214433750644878518205,212875949,-276395
2026-01-31 22:20:47.000 UTC,4194546172036609510,-4163071,-276395
2026-01-31 22:50:59.000 UTC,51599114984785129488,-51201607,-276399
2026-01-31 23:25:35.000 UTC,-804316152793914211545,800000000,-276380
2026-01-31 23:25:47.000 UTC,510989762758823445648,-507885129,-276380
2026-01-31 23:25:59.000 UTC,106199403779183283039,-105538806,-276385
2026-01-31 23:28:11.000 UTC,245939129051843643344,-244112852,-276403
2026-01-31 23:32:47.000 UTC,10277734315167723230,-10191979,-276404
2026-02-01 00:16:11.000 UTC,-74535873643342168047,74005109,-276398
2026-02-01 01:04:59.000 UTC,9661623056882993606,-9585479,-276399
2026-02-01 01:09:59.000 UTC,5008696176454733809,-4968959,-276399
2026-02-01 02:15:47.000 UTC,-83944780437074191865,83385914,-276393
2026-02-01 02:19:23.000 UTC,61171317701582300567,-60708319,-276398
2026-02-01 02:21:59.000 UTC,6733121088545338882,-6680520,-276398
2026-02-01 02:21:59.000 UTC,134072623888973043960,-132957614,-276408
2026-02-01 02:21:59.000 UTC,43337415877309363408,-42949482,-276411
2026-02-01 02:22:47.000 UTC,-102350667461301091517,101557649,-276404
2026-02-01 02:29:11.000 UTC,11346382199905929883,-11250911,-276404
2026-02-01 02:29:11.000 UTC,-154733556381930095580,153664727,-276393
2026-02-01 02:29:35.000 UTC,74131617123231751133,-73567373,-276399
2026-02-01 02:40:35.000 UTC,34798947572682050289,-34520498,-276401
2026-02-01 02:40:35.000 UTC,80460386116613789869,-79783364,-276407
2026-02-01 02:40:35.000 UTC,15456073430554310334,-15320715,-276408
2026-02-01 02:47:59.000 UTC,-49883200981336850432,49501982,-276404
2026-02-01 02:51:11.000 UTC,-84727327702509572483,84120712,-276398
2026-02-01 02:51:11.000 UTC,8024385065743606715,-7961173,-276399
2026-02-01 02:51:47.000 UTC,-118503243142251021839,117734401,-276390
2026-02-01 02:52:35.000 UTC,33600417836881149952,-33359280,-276393
2026-02-01 02:52:35.000 UTC,26746050888845822622,-26548317,-276395
2026-02-01 02:52:35.000 UTC,20817925611964907225,-20660468,-276396
2026-02-01 02:54:59.000 UTC,188239272866568822348,-186674578,-276410
2026-02-01 02:55:35.000 UTC,-205561073722847877906,204069243,-276395
2026-02-01 02:59:11.000 UTC,19582990836261570768,-19434485,-276396
2026-02-01 03:03:35.000 UTC,-660081256778379389895,656553387,-276380
2026-02-01 03:03:35.000 UTC,665037859191032849081,-660816019,-276397
2026-02-01 03:03:47.000 UTC,25821045928902475518,-25620177,-276399
2026-02-01 03:19:35.000 UTC,73962192369017841869,-73360385,-276404
2026-02-01 03:53:47.000 UTC,16328158402514796599,-16190022,-276405
2026-02-01 04:39:59.000 UTC,-73987929169852456562,73450711,-276400
2026-02-01 04:58:35.000 UTC,23531945064440981165,-23341981,-276401
2026-02-01 05:04:11.000 UTC,-1206430685635449386337,1200000000,-276380
2026-02-01 05:04:23.000 UTC,1113018646751557383666,-1106119652,-276395
2026-02-01 05:10:47.000 UTC,45539777763746293755,-45191561,-276398
2026-02-01 05:43:59.000 UTC,41400237244887041307,-41070778,-276401
2026-02-01 06:36:59.000 UTC,34998512717612213856,-34710422,-276403
2026-02-01 07:44:35.000 UTC,-15624001551691655760,15509815,-276402
2026-02-01 08:38:23.000 UTC,-67480558589547092447,67007496,-276397
2026-02-01 09:20:23.000 UTC,35581849162152868528,-35301153,-276400
2026-02-01 10:02:47.000 UTC,-40361168755982571642,40083539,-276397
2026-02-01 10:03:11.000 UTC,18387245955471553850,-18243959,-276398
2026-02-01 10:30:47.000 UTC,-603287481599015627543,600000000,-276380
2026-02-01 10:30:59.000 UTC,559692725323936917105,-556141508,-276395
2026-02-01 10:31:35.000 UTC,-402194290814068993959,400000000,-276380
2026-02-01 10:31:47.000 UTC,401464676603546397596,-398876204,-276395
2026-02-01 10:35:11.000 UTC,130220909522177036535,-129178637,-276405
2026-02-01 10:35:47.000 UTC,-452700656632325085797,450000000,-276380
2026-02-01 10:35:59.000 UTC,104232511891023553237,-103598988,-276380
2026-02-01 10:35:59.000 UTC,210402972418285183969,-208987244,-276395
2026-02-01 10:36:47.000 UTC,201969025864040132917,-200312286,-276409
2026-02-01 10:48:47.000 UTC,1073685385158306362735,-1058873608,-276511
2026-02-01 10:48:47.000 UTC,-1110955377232754561010,1096915308,-276406
2026-02-01 11:44:47.000 UTC,-126620290953507503043,125707465,-276397
2026-02-01 12:04:11.000 UTC,117526361677293889618,-116566298,-276406
2026-02-01 12:51:35.000 UTC,-8312908852887650659,8249999,-276405
2026-02-01 12:52:23.000 UTC,-127437096639849699695,126534721,-276396
2026-02-01 13:23:47.000 UTC,-11072904202228888313,11000000,-276395
2026-02-01 13:50:59.000 UTC,52789412696084051664,-52381527,-276399
2026-02-01 13:58:47.000 UTC,4392710170640506951,-4357869,-276399
2026-02-01 14:26:11.000 UTC,77110956703552089609,-76476842,-276405
2026-02-01 14:35:23.000 UTC,165472456920026930025,-163967444,-276417
2026-02-01 14:35:35.000 UTC,-60807193851807816294,60291318,-276412
2026-02-01 14:41:23.000 UTC,173360529476930875074,-171641475,-276427
2026-02-01 14:42:35.000 UTC,-65792282845326154993,65175997,-276420
2026-02-01 14:44:23.000 UTC,-400271906373089001709,397231448,-276391
2026-02-01 15:00:59.000 UTC,200124396556342327741,-198549937,-276406
2026-02-01 15:04:59.000 UTC,-26618533294154711040,26418988,-276404
2026-02-01 15:55:59.000 UTC,174638615408387135101,-173063125,-276417
2026-02-01 15:56:35.000 UTC,-106696629050166882110,105813737,-276409
2026-02-01 15:56:59.000 UTC,-106696629050166882112,105895864,-276401
2026-02-01 15:59:35.000 UTC,-106696629050166882112,105977524,-276393
2026-02-01 15:59:35.000 UTC,-139130071583502348899,138315197,-276383
2026-02-01 16:00:35.000 UTC,338077262344599727302,-335520143,-276408
2026-02-01 16:01:11.000 UTC,-300796662191896656016,298780180,-276386
2026-02-01 16:02:23.000 UTC,525231845935555545958,-520761780,-276425
2026-02-01 16:04:47.000 UTC,333725069021081584219,-329668977,-276458
2026-02-01 16:04:59.000 UTC,-174688235885586022400,172602604,-276441
2026-02-01 16:06:11.000 UTC,-114302914351616491520,113099081,-276430
2026-02-01 16:06:23.000 UTC,-303110513763007854040,300481953,-276405
2026-02-01 16:06:35.000 UTC,-260505845341461566121,258786047,-276386
2026-02-01 16:07:23.000 UTC,221129629949311793970,-219481468,-276402
2026-02-01 16:11:23.000 UTC,-180545317399750405397,179352740,-276389
2026-02-01 16:13:35.000 UTC,-204686082993005216233,203592467,-276380
2026-02-01 16:13:35.000 UTC,-169526636785446141981,168665048,-276380
2026-02-01 16:13:47.000 UTC,564979520178557266801,-561196062,-276403
2026-02-01 16:13:59.000 UTC,-157746383818228236346,156680238,-276392
2026-02-01 16:16:47.000 UTC,169465567982005196818,-168144871,-276404
2026-02-01 16:26:35.000 UTC,-205399497931190474165,204029268,-276389
2026-02-01 16:26:47.000 UTC,168908500871025714246,-167636109,-276401
2026-02-01 16:40:23.000 UTC,-99723325296120692736,99046417,-276394
2026-02-01 16:40:47.000 UTC,109102730351153198568,-108250173,-276402
2026-02-01 16:41:59.000 UTC,204422752131489890304,-202595314,-276417
2026-02-01 16:47:11.000 UTC,-45868252908652331008,45477334,-276413
2026-02-01 16:47:11.000 UTC,-91769671715784444631,91033608,-276407
2026-02-01 16:51:59.000 UTC,36299181221885247488,-35979293,-276409
2026-02-01 16:53:47.000 UTC,-235959061318463880447,234282655,-276392
2026-02-01 16:56:59.000 UTC,102914917789997383680,-102130666,-276400
2026-02-01 17:05:11.000 UTC,49194850229587540459,-48793158,-276403
2026-02-01 17:13:59.000 UTC,53266447726790361186,-52811971,-276407
2026-02-01 17:16:47.000 UTC,-90030282239358552498,89363337,-276401
2026-02-01 17:35:23.000 UTC,-80145248430134230634,79600449,-276395
2026-02-01 17:43:23.000 UTC,-122971831606016793566,122225592,-276386
2026-02-01 17:45:47.000 UTC,413397853963498561564,-410047950,-276416
2026-02-01 17:46:23.000 UTC,-106907381439892815872,106029465,-276408
2026-02-01 17:47:59.000 UTC,-176267882805407003837,175000000,-276395
2026-02-01 18:09:35.000 UTC,-81405825560500190834,80895549,-276389
2026-02-01 18:45:11.000 UTC,60478862553792192482,-60044224,-276394
2026-02-01 19:16:35.000 UTC,23710137204145470723,-23532584,-276396
2026-02-01 19:45:47.000 UTC,80692851211981160974,-80058397,-276401
2026-02-01 19:57:11.000 UTC,40903362707735612614,-40563943,-276404
2026-02-01 21:17:23.000 UTC,25470425326799603088,-25253018,-276406
2026-02-01 21:17:23.000 UTC,25437848625781885060,-25216085,-276408
2026-02-01 21:37:59.000 UTC,-121476722960725583398,120580044,-276399
2026-02-01 21:46:59.000 UTC,25891142969224501460,-25683200,-276401
2026-02-01 21:54:35.000 UTC,46356983972943373421,-45972678,-276404
2026-02-01 22:11:23.000 UTC,-73460885339650895853,72931938,-276399
2026-02-01 22:24:47.000 UTC,124753361645230737220,-123708373,-276408
2026-02-01 22:24:47.000 UTC,263517267389047737180,-260928473,-276430
2026-02-01 22:24:59.000 UTC,-177628362962150904087,176000000,-276414
2026-02-01 22:31:23.000 UTC,-141483010807271530129,140359611,-276404
2026-02-01 22:39:59.000 UTC,-46840500195919447005,46500269,-276401
2026-02-01 23:03:11.000 UTC,52282295978436401519,-51849633,-276405
2026-02-01 23:04:23.000 UTC,46599487877551173556,-46197360,-276408
2026-02-01 23:11:59.000 UTC,104886924186780631955,-103924583,-276416
2026-02-01 23:11:59.000 UTC,52624757786620731417,-52111661,-276419
2026-02-01 23:13:59.000 UTC,-345456618205517589562,342797365,-276394
2026-02-01 23:50:23.000 UTC,177448249306833708603,-176013661,-276407
2026-02-02 00:02:59.000 UTC,-603555215841332522626,600000000,-276380
2026-02-02 00:03:11.000 UTC,441852310281702884629,-439013860,-276395
2026-02-02 00:03:47.000 UTC,19279589978631152622,-19132512,-276397
2026-02-02 00:03:59.000 UTC,88537897642783411667,-87828274,-276403
2026-02-02 00:04:35.000 UTC,-3678030899457558997,3651085,-276403
2026-02-02 00:10:59.000 UTC,-22260165538043539912,22099150,-276401
2026-02-02 00:11:23.000 UTC,-678748245296692780681,675000000,-276380
2026-02-02 00:11:35.000 UTC,578482131229228985594,-574840128,-276394
2026-02-02 00:11:59.000 UTC,-1155998875377237980424,1150000000,-276380
2026-02-02 00:11:59.000 UTC,584088491151914823196,-580541918,-276380
2026-02-02 00:12:11.000 UTC,587356657176332673688,-583639874,-276395
2026-02-02 00:18:11.000 UTC,57944836766198064622,-57496375,-276399
2026-02-02 00:57:35.000 UTC,54683253156308717510,-54237973,-276403
2026-02-02 01:12:35.000 UTC,25833472254098526862,-25615665,-276405
2026-02-02 01:13:59.000 UTC,25524610047220393073,-25304716,-276407
2026-02-02 01:18:23.000 UTC,-110809032674110467809,109998238,-276399
2026-02-02 01:24:35.000 UTC,-29669970792956111086,29467823,-276397
2026-02-02 01:59:23.000 UTC,23129815686932572424,-22949804,-276398
2026-02-02 02:10:59.000 UTC,46053237378608638624,-45683407,-276402
2026-02-02 02:49:11.000 UTC,29353871547256893954,-29110219,-276404
2026-02-02 03:12:11.000 UTC,68182506489620443496,-67592754,-276409
2026-02-02 03:20:11.000 UTC,278757128582951712948,-275977030,-276432
2026-02-02 03:20:47.000 UTC,-132274659719121629476,131006321,-276420
2026-02-02 03:21:23.000 UTC,253199150196102694604,-250371713,-276444
2026-02-02 03:22:23.000 UTC,-583185458476716333094,578044517,-276396
2026-02-02 03:24:23.000 UTC,57456519185810880679,-57009346,-276400
2026-02-02 03:24:23.000 UTC,95646373906629295127,-94849532,-276407
2026-02-02 03:24:23.000 UTC,81015491030426636234,-80289262,-276413
2026-02-02 03:48:35.000 UTC,-165489927761613380022,164220784,-276401
2026-02-02 03:49:59.000 UTC,-179169952587921256700,178017469,-276388
2026-02-02 03:59:11.000 UTC,148200000000000000000,-147116013,-276398
2026-02-02 04:07:23.000 UTC,140938311712728910018,-139761442,-276408
2026-02-02 04:24:11.000 UTC,-31807295060880283603,31560827,-276406
2026-02-02 04:25:35.000 UTC,-125055654446989920779,124156948,-276397
2026-02-02 04:31:47.000 UTC,-53291408151969353754,52942531,-276393
2026-02-02 04:33:35.000 UTC,143508917581993444933,-142380515,-276404
2026-02-02 04:56:59.000 UTC,58595162915875785118,-58092027,-276408
2026-02-02 05:07:23.000 UTC,7311438938863296497,-7246934,-276408
2026-02-02 05:16:11.000 UTC,23034505521311703482,-22828784,-276410
2026-02-02 05:27:47.000 UTC,54923355842085916450,-54417322,-276414
2026-02-02 05:27:47.000 UTC,23225585139170342995,-23004959,-276416
2026-02-02 05:29:23.000 UTC,-350478534766265000466,346848162,-276417
2026-02-02 05:29:23.000 UTC,371473444939119280081,-367293195,-276451
2026-02-02 05:53:11.000 UTC,-41432617852575560478,41076558,-276414
2026-02-02 06:19:47.000 UTC,-171042341484457454636,169704447,-276402
2026-02-02 06:35:23.000 UTC,139485940281534256121,-138272451,-276412
2026-02-02 06:36:59.000 UTC,45919281686960356999,-45489029,-276415
2026-02-02 06:42:35.000 UTC,-240494824500307228077,238648897,-276398
2026-02-02 06:56:35.000 UTC,-317214313385797602151,315393807,-276380
2026-02-02 06:56:47.000 UTC,357714049386276761492,-355256474,-276401
2026-02-02 09:13:59.000 UTC,48000000000000000000,-47603248,-276404
2026-02-02 09:31:47.000 UTC,-33880601893602690698,33632471,-276402
2026-02-02 09:56:23.000 UTC,106962832035794845326,-106045343,-276410
2026-02-02 11:52:35.000 UTC,-58006352866180509095,57556181,-276405
2026-02-02 15:22:59.000 UTC,-90276018304256457866,89623394,-276399
2026-02-02 15:40:59.000 UTC,-155037670223432641822,154053353,-276388
2026-02-02 15:41:47.000 UTC,123269707167078957691,-122378696,-276397
2026-02-02 17:42:35.000 UTC,13493294787847654549,-13389147,-276397
2026-02-02 18:09:59.000 UTC,173261550082066357323,-171808371,-276410
2026-02-02 18:29:35.000 UTC,-77763605929690384581,77161958,-276404
2026-02-02 18:34:47.000 UTC,-80621606262213488652,80043622,-276399
2026-02-02 20:15:47.000 UTC,23161153966318356613,-22976889,-276400
2026-02-02 20:38:59.000 UTC,8399756790627102410,-8331980,-276401
2026-02-03 00:23:59.000 UTC,-12131596314510030319,12045914,-276400
2026-02-03 02:02:23.000 UTC,-13426556112096337893,13332960,-276399
2026-02-03 02:15:47.000 UTC,-93684181306681413402,93067114,-276392
2026-02-03 02:30:23.000 UTC,-3054537191225013802422,3038954618,-276380
2026-02-03 02:30:35.000 UTC,3061552310242033663364,-3042882369,-276393
2026-02-03 02:37:35.000 UTC,4800909637587448021,-4765861,-276393
2026-02-03 02:45:23.000 UTC,28391300865912433728,-28180654,-276395
2026-02-03 02:49:59.000 UTC,70572965355386590372,-70024325,-276400
2026-02-03 02:59:11.000 UTC,37537452098246814482,-37231096,-276403
2026-02-03 03:23:11.000 UTC,25467871285942943744,-25254274,-276405
2026-02-03 03:28:23.000 UTC,-51899557127085239317,51520704,-276401
2026-02-03 03:36:11.000 UTC,-88404454149347670742,87803616,-276395
2026-02-03 03:58:35.000 UTC,-23564835617317565980,23414149,-276393
2026-02-03 04:10:11.000 UTC,127519906321351693547,-126530295,-276402
2026-02-03 04:43:23.000 UTC,-21104798923254401954,20953920,-276401
2026-02-03 06:08:35.000 UTC,18335168779354943064,-18186073,-276402
2026-02-03 06:09:11.000 UTC,53172786388910730867,-52726789,-276406
2026-02-03 07:13:23.000 UTC,-46912074507444385619,46564096,-276402
2026-02-03 07:13:23.000 UTC,-40294471126176759808,40008181,-276399
2026-02-03 07:36:11.000 UTC,-8243040546042413057,8185909,-276399
2026-02-03 08:02:35.000 UTC,49837175857586238736,-49434856,-276402
2026-02-03 09:11:47.000 UTC,84874687279727353102,-84148590,-276409
2026-02-03 09:42:35.000 UTC,-26333726765142061758,26129051,-276407
2026-02-03 10:06:47.000 UTC,-10826317663525928961,10743613,-276406
2026-02-03 11:06:11.000 UTC,-3525512291111307562,3498762,-276406
2026-02-03 11:53:23.000 UTC,360147131709410087452,-356561000,-276436
2026-02-03 11:53:35.000 UTC,-284317625786242648449,281683507,-276411
2026-02-03 12:16:35.000 UTC,-94621163633216847872,93885175,-276404
2026-02-03 13:20:23.000 UTC,-111786785439521374692,111000000,-276396
2026-02-03 13:56:23.000 UTC,25723638474425556137,-25524987,-276398
2026-02-03 14:39:47.000 UTC,92229124254935143504,-91477917,-276405
2026-02-03 14:40:11.000 UTC,36975496201481894283,-36657228,-276407
2026-02-03 14:59:11.000 UTC,29261023995825098491,-29002224,-276409
2026-02-03 15:03:47.000 UTC,8117279407993854597,-8044400,-276410
2026-02-03 15:19:47.000 UTC,-8120567242904567809,8055713,-276409
2026-02-03 15:27:35.000 UTC,-474224194712486890188,471237880,-276380
2026-02-03 15:27:59.000 UTC,296135249776357147365,-294158137,-276397
2026-02-03 16:10:59.000 UTC,105478314966941883654,-104629200,-276404
2026-02-03 16:44:35.000 UTC,72119145996570713761,-71492725,-276409
2026-02-03 16:50:47.000 UTC,134840793021178752879,-133568598,-276419
2026-02-03 17:10:11.000 UTC,-128967424934429132767,127875761,-276410
2026-02-03 17:40:47.000 UTC,71533525899921697149,-70872147,-276415
2026-02-03 18:22:59.000 UTC,62871242785781309862,-62259055,-276420
2026-02-03 18:36:23.000 UTC,-132200542198849324806,131077879,-276410
2026-02-03 19:12:35.000 UTC,-277071836971666035621,275128000,-276390
2026-02-03 19:18:23.000 UTC,-106907650459463952875,106305008,-276382
2026-02-03 19:48:35.000 UTC,282505988479007650679,-280454797,-276403
2026-02-03 19:52:35.000 UTC,-24929274455422916714,24750000,-276401
2026-02-03 20:25:47.000 UTC,-94516242545875617214,93877048,-276394
2026-02-03 20:31:47.000 UTC,-999421031631674992701,994218385,-276380
2026-02-03 20:32:35.000 UTC,-1135898403097888451791,1130139000,-276380
2026-02-03 20:32:35.000 UTC,-535927108201775937383,533214193,-276380
2026-02-03 20:33:11.000 UTC,2611856910457844000487,-2595954040,-276390
2026-02-03 21:19:59.000 UTC,248781633337948495892,-246822971,-276408
2026-02-03 22:42:35.000 UTC,23946562954572212709,-23734647,-276409
2026-02-03 22:49:35.000 UTC,43811742725158996849,-43413351,-276412
2026-02-03 22:59:11.000 UTC,63535745652004747810,-62933081,-276417
2026-02-03 23:25:11.000 UTC,-116227413946843116639,115262556,-276409
2026-02-03 23:34:23.000 UTC,-58381264779766398976,57933470,-276404
2026-02-04 02:42:11.000 UTC,64696847647785090126,-64134971,-276409
2026-02-04 03:11:59.000 UTC,-25815369509290954736,25613187,-276407
2026-02-04 03:38:23.000 UTC,-127017318846715023171,126092116,-276398
2026-02-04 03:39:23.000 UTC,-21867349248910596583,21719744,-276396
2026-02-04 04:22:23.000 UTC,1003848323068930570,-996150,-276397
2026-02-04 05:39:59.000 UTC,45534114492507961630,-45177354,-276400
2026-02-04 06:06:11.000 UTC,-8535402397265035265,8475870,-276399
2026-02-04 06:41:23.000 UTC,-8655352050634194945,8595517,-276399
2026-02-04 07:54:47.000 UTC,88340976416220774400,-87617349,-276405
2026-02-04 09:00:23.000 UTC,-30944426631757765328,30715302,-276403
2026-02-04 10:12:47.000 UTC,-11080374025393464874,11000000,-276402
2026-02-04 10:43:23.000 UTC,3176952443004068004,-3150844,-276402
2026-02-04 11:06:35.000 UTC,39032405035285551650,-38705742,-276405
2026-02-04 11:43:59.000 UTC,-8435032851258277889,8371886,-276404
2026-02-04 12:05:35.000 UTC,21967184950132342752,-21779871,-276406
2026-02-04 12:11:11.000 UTC,-9288377152858750977,9217970,-276405
2026-02-04 12:19:11.000 UTC,148530045460218659856,-147182340,-276416
2026-02-04 12:20:11.000 UTC,-100832274772662532197,100000000,-276409
2026-02-04 12:37:35.000 UTC,-226446080424719759398,224843688,-276392
2026-02-04 12:56:59.000 UTC,68675986320862161829,-68160682,-276397
2026-02-04 13:19:59.000 UTC,31118705815468276913,-30874080,-276400
2026-02-04 13:22:11.000 UTC,17383896021202763970,-17244220,-276401
2026-02-04 13:22:47.000 UTC,64071523497107796726,-63538036,-276405
2026-02-04 13:36:35.000 UTC,40067572189201850918,-39719018,-276408
2026-02-04 14:47:23.000 UTC,-125931799835340621830,125000000,-276399
2026-02-04 14:58:59.000 UTC,129571494756312351847,-128482524,-276409
2026-02-04 15:00:35.000 UTC,80506192102458357258,-79768831,-276415
2026-02-04 16:10:35.000 UTC,394437051947895587385,-390020426,-276451
2026-02-04 16:10:47.000 UTC,-500473406107939638120,495591334,-276407
2026-02-04 16:11:11.000 UTC,-493894983196543810781,490910367,-276380
2026-02-04 16:11:23.000 UTC,111444689200352120011,-110767338,-276380
2026-02-04 16:11:23.000 UTC,83270332867995665912,-82749509,-276385
2026-02-04 16:16:59.000 UTC,248955245829056966774,-247105438,-276403
2026-02-04 16:17:47.000 UTC,104709998479417781107,-103799327,-276411
2026-02-04 16:35:35.000 UTC,57698048104455852552,-57162429,-276415
2026-02-04 16:47:35.000 UTC,-20170014521632301953,20000000,-276413
2026-02-04 17:15:35.000 UTC,-255796651418361348195,253895451,-276395
2026-02-04 17:20:35.000 UTC,94929959654980679558,-94184956,-276402
2026-02-04 17:42:59.000 UTC,127438989569297039290,-126337391,-276411
2026-02-04 17:58:47.000 UTC,-113202028145995158785,112330055,-276403
2026-02-04 18:14:23.000 UTC,88694970146116337143,-87931576,-276409
2026-02-04 18:29:59.000 UTC,-1317981873176918207780,1310720000,-276380
2026-02-04 18:30:23.000 UTC,1119437077355032795551,-1112496242,-276395
2026-02-04 18:31:11.000 UTC,29863393552035419739,-29636289,-276397
2026-02-04 18:31:11.000 UTC,-39699072233291505460,39438000,-276394
2026-02-04 18:34:47.000 UTC,-184690717050803488442,183625008,-276381
2026-02-04 18:37:59.000 UTC,243619956505332924990,-241920649,-276398
2026-02-04 18:41:35.000 UTC,-20934500655511597601,20792549,-276397
2026-02-04 18:41:35.000 UTC,-32104137484194956202,31892558,-276394
2026-02-04 18:52:23.000 UTC,149871935502284775214,-148672148,-276405
2026-02-04 19:23:59.000 UTC,53569990556408774747,-53102123,-276409
2026-02-04 19:34:11.000 UTC,-474108113220146508697,471131883,-276380
2026-02-04 19:34:35.000 UTC,390338855608157182178,-387614426,-276403
2026-02-04 19:49:11.000 UTC,-66601135703033193678,66128740,-276398
2026-02-04 21:18:35.000 UTC,79756487599059097742,-79107863,-276404
2026-02-04 21:45:11.000 UTC,121140661084147247096,-120068290,-276413
2026-02-04 21:45:11.000 UTC,18380823002319188110,-18208826,-276414
2026-02-04 21:46:23.000 UTC,12083697234035764166,-11969278,-276415
2026-02-04 22:01:47.000 UTC,-2990107722063066073,2964660,-276415
2026-02-04 22:17:23.000 UTC,-131773003599861641826,130716141,-276405
2026-02-04 22:23:35.000 UTC,-41589370068743036895,41281737,-276402
2026-02-04 22:38:23.000 UTC,129753739026704409653,-128624253,-276412
2026-02-04 22:59:59.000 UTC,36884138948557750013,-36540880,-276414
2026-02-04 23:17:47.000 UTC,-164384325462323625984,163093273,-276402
2026-02-05 00:13:59.000 UTC,49484790430963528922,-49067485,-276406
2026-02-05 01:11:35.000 UTC,-71985634067876078259,71455825,-276401
2026-02-05 01:18:11.000 UTC,69789956249147709604,-69207605,-276406
2026-02-05 01:22:47.000 UTC,28369953375922498523,-28123258,-276408
2026-02-05 01:29:11.000 UTC,-23821404692770424336,23637508,-276406
2026-02-05 01:35:23.000 UTC,-8088658900070432769,8027141,-276406
2026-02-05 01:41:47.000 UTC,90514765117745807414,-89709819,-276412
2026-02-05 02:13:47.000 UTC,21730676034432098328,-21528592,-276414
2026-02-05 02:15:11.000 UTC,-4703997561541754880,4664624,-276413
2026-02-05 03:21:47.000 UTC,-106933532903658327228,106081831,-276406
2026-02-05 04:04:59.000 UTC,42474945471175468082,-42104367,-276409
2026-02-05 04:04:59.000 UTC,63650462223209711944,-63070850,-276413
2026-02-05 04:42:47.000 UTC,-132397700669594798072,131356115,-276404
2026-02-05 04:56:23.000 UTC,1010684336985909063,-1002207,-276404
2026-02-05 04:56:35.000 UTC,16206580040517185804,-16069645,-276405
2026-02-05 05:10:35.000 UTC,15971895559869781970,-15835104,-276406
2026-02-05 05:20:11.000 UTC,37552745140748894933,-37223932,-276409
2026-02-05 05:22:35.000 UTC,112810682140755149484,-111761576,-276417
2026-02-05 05:24:35.000 UTC,32470594198951917961,-32151388,-276420
2026-02-05 05:38:11.000 UTC,-98956103784790608778,98105460,-276412
2026-02-05 06:06:35.000 UTC,9337215860404620000,-9250759,-276413
2026-02-05 06:54:35.000 UTC,21189496093626365388,-20990928,-276414
2026-02-05 06:58:35.000 UTC,-32586553551686188144,32314851,-276412
2026-02-05 06:58:59.000 UTC,21178928603141214377,-20982229,-276414
2026-02-05 07:02:23.000 UTC,-116759415979028616922,115831220,-276405
2026-02-05 07:12:35.000 UTC,905942456806663958983,-900120838,-276402
2026-02-05 07:12:35.000 UTC,-949220719673264927840,943979917,-276380
2026-02-05 07:37:11.000 UTC,3589632675676285695,-3560119,-276402
2026-02-05 07:42:23.000 UTC,82774147759898096471,-82068000,-276408
2026-02-05 07:57:47.000 UTC,129934304500646440479,-128726176,-276418
2026-02-05 07:58:23.000 UTC,20175141298148157661,-19976490,-276419
2026-02-05 08:08:47.000 UTC,-70981295299637542912,70365934,-276414
2026-02-05 08:20:47.000 UTC,-57874964637525475328,57400537,-276410
2026-02-05 08:54:23.000 UTC,-516270119047161372875,511000000,-276410
2026-02-05 08:54:23.000 UTC,517583871232289822382,-511790503,-276457
2026-02-05 09:08:23.000 UTC,-374537359091783702996,372046219,-276383
2026-02-05 09:08:47.000 UTC,421997396014004579702,-418699951,-276413
2026-02-05 09:11:47.000 UTC,-25290537652568719361,25081977,-276411
2026-02-05 10:09:59.000 UTC,-43444931127799771374,43097522,-276408
2026-02-05 10:16:59.000 UTC,-122570648145790585455,121663463,-276399
2026-02-05 10:26:11.000 UTC,13165033384217055590,-13059690,-276400
2026-02-05 10:49:23.000 UTC,82595411830750693714,-81906183,-276406
2026-02-05 10:52:59.000 UTC,28378458494093060219,-28130379,-276408
2026-02-05 10:56:11.000 UTC,60099589110107365659,-59555112,-276413
2026-02-05 11:24:11.000 UTC,84172189442937916184,-83365305,-276419
2026-02-05 11:41:35.000 UTC,15000000000000002481,-14850769,-276420
2026-02-05 12:30:11.000 UTC,-124894899331069961533,123826368,-276411
2026-02-05 14:30:11.000 UTC,-163565215977027063674,162336674,-276399
2026-02-05 14:54:47.000 UTC,50392182379113665378,-49984112,-276403
2026-02-05 14:55:11.000 UTC,42416332388932554917,-42058755,-276406
2026-02-05 14:58:11.000 UTC,151371190486695757096,-149989566,-276417
2026-02-05 15:01:23.000 UTC,-10087262199171566609,10000000,-276416
2026-02-05 15:20:11.000 UTC,-11605744516998133393757,11546487790,-276379
2026-02-05 15:20:23.000 UTC,11429430028267377995369,-11360223124,-276403
2026-02-05 15:22:11.000 UTC,951410724448700601719,-939623392,-276490
2026-02-05 15:43:47.000 UTC,-278005058317584448778,273946897,-276463
2026-02-05 15:45:35.000 UTC,-96968445084409415524,95729324,-276453
2026-02-05 15:54:35.000 UTC,-70493421200243562954,69650000,-276446
2026-02-05 16:18:59.000 UTC,-233087043652022081413,230642927,-276423
2026-02-05 16:34:47.000 UTC,-7222123129256656205,7154860,-276423
2026-02-05 16:37:35.000 UTC,-30125140818869643321,29850000,-276420
2026-02-05 16:53:35.000 UTC,-83920145147227504033,83190489,-276414
2026-02-05 17:16:47.000 UTC,260213540614614659736,-257490748,-276437
2026-02-05 17:26:23.000 UTC,-65820555477015246927,65137179,-276431
2026-02-05 18:11:47.000 UTC,-82539796992676509112,81742579,-276423
2026-02-05 18:59:47.000 UTC,-54844479366897269094,54350110,-276418
2026-02-05 19:26:35.000 UTC,5503584245823507632,-5449566,-276418
2026-02-05 19:32:35.000 UTC,25091371668852371793,-24842294,-276420
2026-02-05 20:19:23.000 UTC,389921827350256932308,-385278632,-276459
2026-02-05 21:25:23.000 UTC,-303440945140755736851,300000000,-276429
2026-02-05 22:54:11.000 UTC,-88491957810972312984,87657508,-276420
2026-02-05 23:58:35.000 UTC,115404585407903854177,-114186969,-276431
2026-02-06 00:08:47.000 UTC,-16555377215772656401031,16470874992,-276379
2026-02-06 00:08:59.000 UTC,8873052184645297355023,-8820118980,-276380
2026-02-06 00:08:59.000 UTC,7434002835686812602245,-7388473604,-276410
2026-02-06 00:15:47.000 UTC,915871295200968085257,-903877779,-276496
2026-02-06 00:21:35.000 UTC,-3741115754529994849176,3715111065,-276380
2026-02-06 00:22:35.000 UTC,3099564938539496227882,-3079090342,-276433
2026-02-06 00:22:59.000 UTC,-859669760998766700475,853636184,-276380
2026-02-06 00:24:47.000 UTC,-42765336513576449323332,42557024746,-276376
2026-02-06 00:24:59.000 UTC,43013493552820721261228,-42761125121,-276384
2026-02-06 01:17:23.000 UTC,420000000000000000000,-416685686,-276414
2026-02-06 01:44:47.000 UTC,-149412455452331601343,148236728,-276403
2026-02-06 03:02:47.000 UTC,22155132316136864290,-21968939,-276405
2026-02-06 03:26:35.000 UTC,51376450269082150422,-50931159,-276408
2026-02-06 03:51:59.000 UTC,23509294638598608206,-23299236,-276410
2026-02-06 04:24:59.000 UTC,-98129787700822147072,97376554,-276403
2026-02-06 05:13:11.000 UTC,-55824415976224618854,55426724,-276399
2026-02-06 05:35:11.000 UTC,-77988573063407468544,77470427,-276393
2026-02-06 06:17:23.000 UTC,199247301688145574362,-197639144,-276408
2026-02-06 06:45:11.000 UTC,110128213144095730214,-109116985,-276416
2026-02-06 07:16:11.000 UTC,-195300074485037662208,193760398,-276402
2026-02-06 07:43:59.000 UTC,-919653465307920498468,914673523,-276380
2026-02-06 07:43:59.000 UTC,861211512145605598781,-855783219,-276397
2026-02-06 08:20:23.000 UTC,50471154430318108409,-50070770,-276401
2026-02-06 08:20:23.000 UTC,115229318470676200882,-114246850,-276409
2026-02-06 08:20:23.000 UTC,33900160447845304005,-33593007,-276412
2026-02-06 09:14:59.000 UTC,-200984823333305199457,199483602,-276397
2026-02-06 10:27:11.000 UTC,-63930091643387141568,63513331,-276393
2026-02-06 12:13:47.000 UTC,218019194254104331459,-216261070,-276408
2026-02-06 13:10:47.000 UTC,-40177365454847952677,39867649,-276405
2026-02-06 13:15:59.000 UTC,-80526147636281351265,79940236,-276400
2026-02-06 14:22:11.000 UTC,78222413900412101717,-77576286,-276405
2026-02-06 14:32:35.000 UTC,-3022783093999379548,3000000,-276405
2026-02-06 14:32:35.000 UTC,-46903090726973042004,46557971,-276402
2026-02-06 14:34:59.000 UTC,-55685913772940667632,55296657,-276398
2026-02-06 14:35:47.000 UTC,-42131765194787822341,41852043,-276395
2026-02-06 16:07:23.000 UTC,-57840525119328640805,57477268,-276390
2026-02-06 16:18:59.000 UTC,-64181968670315195490,63807019,-276386
2026-02-06 17:47:59.000 UTC,57068405458213800518,-56679754,-276390
2026-02-06 17:50:59.000 UTC,-11392687554397496687,11324556,-276389
2026-02-06 17:53:47.000 UTC,62902779464491187769,-62452468,-276394
2026-02-06 18:06:35.000 UTC,115852479141169515953,-114948878,-276402
2026-02-06 18:40:11.000 UTC,-90207125995226615639,89584836,-276395
2026-02-06 19:17:23.000 UTC,123419235934107458039,-122430635,-276404
2026-02-06 19:49:11.000 UTC,-67410546158351667698,66923973,-276400
2026-02-06 20:29:11.000 UTC,22147238872548081664,-21968989,-276401
2026-02-06 21:12:47.000 UTC,31197375192539526314,-30940327,-276403
2026-02-06 21:53:59.000 UTC,26288975010612904778,-26066958,-276405
2026-02-06 22:12:35.000 UTC,-8765778774573501474,8699898,-276405
2026-02-06 22:38:47.000 UTC,-104570101760311564619,103826684,-276397
2026-02-07 02:28:23.000 UTC,-9789532315121090561,9723952,-276396
2026-02-07 03:25:47.000 UTC,-29055399283628912320,28864808,-276394
2026-02-07 04:35:59.000 UTC,9799972371494105763,-9726632,-276395
2026-02-07 04:47:35.000 UTC,43878772192929804798,-43541954,-276398
2026-02-07 06:15:59.000 UTC,-54114899129474814774,53755240,-276394
2026-02-07 06:18:11.000 UTC,24986144542262664021,-24797878,-276396
2026-02-07 06:53:23.000 UTC,30866561830365281456,-30627809,-276398
2026-02-07 06:53:59.000 UTC,91599975206876953222,-90851268,-276405
2026-02-07 07:03:35.000 UTC,41409669108792788179,-41051484,-276408
2026-02-07 07:18:23.000 UTC,62929932420763037734,-62362053,-276412
2026-02-07 07:28:11.000 UTC,-81451864777493416920,80803055,-276407
2026-02-07 07:42:11.000 UTC,-30702388601659049011,30470187,-276404
2026-02-07 07:44:23.000 UTC,-16735557336931618328,16611832,-276403
2026-02-07 10:36:47.000 UTC,37445988301894429769,-37129216,-276406
2026-02-07 11:09:47.000 UTC,-66903816901169774592,66411308,-276401
2026-02-07 11:44:23.000 UTC,2672216900840658386,-2650508,-276401
2026-02-07 12:06:47.000 UTC,-22197609072762208854,22040870,-276400
2026-02-07 12:10:35.000 UTC,-28285570353231066616,28090967,-276398
2026-02-07 12:16:59.000 UTC,-12089662678950906355,12008239,-276397
2026-02-07 12:35:47.000 UTC,-647162455914365577711,643693261,-276380
2026-02-07 12:35:47.000 UTC,615115385307357261216,-611245606,-276394
2026-02-07 12:44:47.000 UTC,59788599647788155220,-59330198,-276399
2026-02-07 13:40:23.000 UTC,22833456388292724566,-22651632,-276400
2026-02-07 14:59:35.000 UTC,-345506673283908992,343071,-276400
2026-02-07 15:13:23.000 UTC,-138910022428130944786,138000000,-276390
2026-02-07 15:36:47.000 UTC,95283793857136545861,-94579859,-276397
2026-02-07 16:05:47.000 UTC,-74545700672111005893,74063487,-276392
2026-02-07 16:05:47.000 UTC,-571494664725696228441,568503242,-276380
2026-02-07 16:06:47.000 UTC,77483143620762895236,-77012439,-276380
2026-02-07 16:06:59.000 UTC,625384183334359931904,-621288610,-276401
2026-02-07 16:20:11.000 UTC,71488955351750423860,-70889159,-276406
2026-02-07 17:05:59.000 UTC,15856209272558342399,-15718218,-276408
2026-02-07 17:27:35.000 UTC,-42148734129029901241,41827714,-276404
2026-02-07 17:40:23.000 UTC,-16457175850513596416,16335290,-276403
2026-02-07 17:44:23.000 UTC,4897379992318353982,-4856451,-276404
2026-02-07 18:22:23.000 UTC,-23831011445451755367,23657118,-276402
2026-02-07 18:31:35.000 UTC,-17683806381263552512,17557402,-276401
2026-02-07 18:34:47.000 UTC,-28738872199088177152,28538231,-276399
2026-02-07 18:52:35.000 UTC,-35329614502699342258,35091080,-276396
2026-02-07 19:12:59.000 UTC,39323719665056139679,-39018609,-276399
2026-02-07 19:31:35.000 UTC,22466845492352410161,-22287553,-276400
2026-02-07 19:34:23.000 UTC,30527394796845265800,-30277982,-276403
2026-02-07 20:53:47.000 UTC,-30377228514005133318,30159181,-276400
2026-02-07 21:22:11.000 UTC,-49578978618702902625,49237320,-276397
2026-02-07 22:51:59.000 UTC,4735863609562806275,-4699287,-276397
2026-02-07 23:07:11.000 UTC,51720108743219610957,-51310197,-276401
2026-02-07 23:08:23.000 UTC,20995425631910297152,-20823556,-276402
2026-02-08 00:06:47.000 UTC,-13125907127342202880,13031117,-276402
2026-02-08 00:10:59.000 UTC,-259386825556728430842,257767352,-276383
2026-02-08 00:10:59.000 UTC,157586453667258203590,-156503598,-276394
2026-02-08 00:13:11.000 UTC,-377045319557511402538,375000000,-276380
2026-02-08 00:13:23.000 UTC,356805908514090688262,-354534891,-276393
2026-02-08 00:22:11.000 UTC,74421933833026774321,-73859524,-276398
2026-02-08 02:57:47.000 UTC,29803680811632437559,-29567322,-276400
2026-02-08 04:16:35.000 UTC,47953872030390816811,-47560219,-276404
2026-02-08 05:17:23.000 UTC,-22571359395456521549,22406423,-276402
2026-02-08 07:22:23.000 UTC,7490876320060556873,-7429108,-276403
2026-02-08 08:25:35.000 UTC,-81187964396049646293,80620546,-276397
2026-02-08 09:37:23.000 UTC,42254466279980056104,-41923101,-276400
2026-02-08 10:23:59.000 UTC,61308156090265885504,-60804630,-276404
2026-02-08 10:23:59.000 UTC,28305523835446566105,-28063969,-276406
2026-02-08 10:23:59.000 UTC,22711796561296623759,-22513831,-276408
2026-02-08 10:27:11.000 UTC,-2041098896356720054,2025182,-276408
2026-02-08 10:48:47.000 UTC,-46443493203048923136,46089378,-276404
2026-02-08 11:14:59.000 UTC,-55445284997906425134,55042786,-276400
2026-02-08 11:34:23.000 UTC,-145261432928510113700,144311531,-276390
2026-02-08 11:46:47.000 UTC,28953939287352258336,-28747924,-276392
2026-02-08 11:50:59.000 UTC,2513282294339537684,-2495116,-276392
2026-02-08 12:20:35.000 UTC,147636127972992401008,-146489548,-276403
2026-02-08 12:28:59.000 UTC,-40178473073595509326,39890854,-276400
2026-02-08 12:39:59.000 UTC,40188976732635351283,-39861391,-276403
2026-02-08 14:57:59.000 UTC,-16620381211118814722,16500000,-276402
2026-02-08 15:27:23.000 UTC,16949434467205130676,-16809828,-276403
2026-02-08 15:27:59.000 UTC,34293093939934947284,-34004343,-276405
2026-02-08 16:34:11.000 UTC,20697122961705924576,-20518777,-276407
2026-02-08 16:39:35.000 UTC,27209549962018231721,-26970424,-276409
2026-02-08 16:50:35.000 UTC,32087248417020076389,-31798444,-276411
2026-02-08 17:16:47.000 UTC,-34038781028247535617,33766412,-276409
2026-02-08 17:25:11.000 UTC,4235569293517310054,-4197929,-276409
2026-02-08 17:40:47.000 UTC,-21089509331511017472,20924286,-276407
2026-02-08 17:42:47.000 UTC,-75565842767222317461,75000000,-276402
2026-02-08 17:50:59.000 UTC,-2019930021352595716578,2009358487,-276380
2026-02-08 17:50:59.000 UTC,1921091611622097513027,-1909288944,-276395
2026-02-08 20:00:23.000 UTC,-628234042438885435938,624901294,-276380
2026-02-08 20:00:23.000 UTC,629496445352441544665,-625529860,-276395
2026-02-08 20:11:35.000 UTC,23682173530243504136,-23502521,-276397
2026-02-08 20:49:11.000 UTC,35217782882501564232,-34943189,-276399
2026-02-08 21:51:47.000 UTC,5261649187701376428,-5219861,-276399
2026-02-08 23:04:35.000 UTC,-70044969173678351360,69574496,-276394
2026-02-08 23:17:11.000 UTC,46679332831050605586,-46323359,-276398
2026-02-08 23:23:47.000 UTC,58165261814683499226,-57699848,-276402
2026-02-08 23:23:59.000 UTC,25114429309933051674,-24905984,-276404
2026-02-08 23:24:11.000 UTC,46058733235068679253,-45664721,-276407
2026-02-08 23:49:47.000 UTC,-33686923013708054528,33430680,-276405
2026-02-08 23:51:23.000 UTC,-31749954891914415484,31515892,-276402
2026-02-09 00:04:11.000 UTC,-402374845846832089117,400000000,-276380
2026-02-09 00:04:23.000 UTC,294388576968695358302,-292463143,-276395
2026-02-09 00:14:35.000 UTC,76830392511002487727,-76234888,-276400
2026-02-09 00:30:35.000 UTC,-1231521088869083851808,1225000000,-276380
2026-02-09 00:30:47.000 UTC,27787059867934933476,-27580405,-276395
2026-02-09 00:30:47.000 UTC,1136046121714134219995,-1129034620,-276393
2026-02-09 00:48:11.000 UTC,1493165096210793411,-1481903,-276395
2026-02-09 01:38:59.000 UTC,17363942040469685047,-17231809,-276397
2026-02-09 01:42:35.000 UTC,101212446209034830214,-100399263,-276404
2026-02-09 01:44:23.000 UTC,28482121852087637682,-28240058,-276406
2026-02-09 01:44:35.000 UTC,30504045230724840730,-30238358,-276408
2026-02-09 01:44:35.000 UTC,27709967539253830138,-27462846,-276410
2026-02-09 01:44:59.000 UTC,-29356006999121727825,29123497,-276408
2026-02-09 02:09:23.000 UTC,-113105633925254096821,112267544,-276400
2026-02-09 02:41:47.000 UTC,-77201811997026302232,76682459,-276394
2026-02-09 02:45:23.000 UTC,-5267203496833706978,5233330,-276394
2026-02-09 03:07:47.000 UTC,-16274208706027257657,16170805,-276393
2026-02-09 03:33:47.000 UTC,-23692893024648871665,23545752,-276391
2026-02-09 03:36:11.000 UTC,779051988433479107,-773503,-276391
2026-02-09 03:40:23.000 UTC,-16273405779914246950,16174588,-276390
2026-02-09 04:50:47.000 UTC,14703279376420481653,-14599468,-276391
2026-02-09 06:19:23.000 UTC,53067575949841436078,-52680000,-276395
2026-02-09 06:19:35.000 UTC,17173155551215267837,-17043408,-276396
2026-02-09 06:21:47.000 UTC,10479649006423457915,-10399434,-276397
2026-02-09 06:28:11.000 UTC,6910514210223852660,-6857188,-276397
2026-02-09 06:54:59.000 UTC,25051493402083589937,-24855310,-276399
2026-02-09 06:54:59.000 UTC,25036797231648747416,-24836236,-276401
2026-02-09 07:43:23.000 UTC,8714482825773727830,-8643621,-276401
2026-02-09 07:52:11.000 UTC,3877069208688591691,-3845368,-276402
2026-02-09 08:23:47.000 UTC,7372524089223834928,-7311945,-276402
2026-02-09 08:32:47.000 UTC,36369562545788498194,-36065023,-276405
2026-02-09 09:08:11.000 UTC,-20668448396006555495,20514731,-276403
2026-02-09 09:24:23.000 UTC,-89628258973741272011,88997116,-276397
2026-02-09 09:34:35.000 UTC,7205811748994420263,-7150045,-276397
2026-02-09 09:38:35.000 UTC,8717502958218620769,-8649540,-276398
2026-02-09 09:39:35.000 UTC,18820542553170818444,-18671958,-276399
2026-02-09 09:40:11.000 UTC,19308625001134310211,-19153550,-276401
2026-02-09 10:22:23.000 UTC,34389129749078125166,-34106324,-276403
2026-02-09 10:35:11.000 UTC,20740663117810511308,-20566005,-276405
2026-02-09 11:50:11.000 UTC,-10075230961780689204,10000000,-276404
2026-02-09 11:53:23.000 UTC,9239767305387553707,-9161634,-276405
2026-02-09 12:12:47.000 UTC,-28032366545719073453,27825025,-276403
2026-02-09 14:08:35.000 UTC,14409492062389499975,-14289316,-276404
2026-02-09 14:38:23.000 UTC,-119040434305679833502,118210444,-276395
2026-02-09 16:48:47.000 UTC,-102328557824106635309,101696398,-276388
2026-02-09 17:10:23.000 UTC,44690458704156256972,-44379214,-276391
2026-02-09 17:14:11.000 UTC,103989607770172215318,-103209939,-276399
2026-02-09 17:33:35.000 UTC,-37192154277452332892,36941334,-276396
2026-02-09 17:37:11.000 UTC,-38083437040297365477,37836896,-276393
2026-02-09 17:38:11.000 UTC,-77404933136154557395,76935939,-276388
2026-02-09 17:55:59.000 UTC,-58556316283389987477,58230136,-276383
2026-02-09 18:01:47.000 UTC,120588223263562365791,-119769784,-276392
2026-02-09 18:18:11.000 UTC,73377355323905023798,-72828292,-276397
2026-02-09 18:22:35.000 UTC,78380894191215666698,-77751770,-276403
2026-02-09 21:33:11.000 UTC,63799747905912813378,-63255182,-276408
2026-02-09 21:54:23.000 UTC,-113924836907795504186,113085950,-276399
2026-02-10 00:42:11.000 UTC,15435264430640885577,-15311735,-276400
2026-02-10 03:07:11.000 UTC,31181388716603853209,-30926636,-276403
2026-02-10 03:17:23.000 UTC,42232106076644082178,-41875969,-276406
2026-02-10 03:17:35.000 UTC,13281099095728974445,-13166463,-276407
2026-02-10 03:28:47.000 UTC,29587910912384196542,-29327984,-276409
2026-02-10 03:29:47.000 UTC,-2091020226657767354261,2079851572,-276380
2026-02-10 03:29:47.000 UTC,1917143529558247417807,-1905334591,-276396
2026-02-10 03:31:11.000 UTC,82792291997960679458,-82135351,-276402
2026-02-10 03:31:23.000 UTC,-31319603086148047617,31096405,-276400
2026-02-10 03:31:47.000 UTC,47157207057088133202,-46771660,-276403
2026-02-10 03:32:11.000 UTC,15651276826771988644,-15519796,-276404
2026-02-10 03:32:35.000 UTC,23725777721020193675,-23523122,-276406
2026-02-10 04:14:11.000 UTC,-31645904191164318841,31407897,-276404
2026-02-10 06:19:47.000 UTC,20514580864015013251,-20340754,-276405
2026-02-10 06:49:11.000 UTC,45878194045624172160,-45478555,-276409
2026-02-10 06:49:47.000 UTC,31485761114264324248,-31202775,-276411
2026-02-10 08:24:11.000 UTC,-108493435404462816887,107655876,-276403
2026-02-10 08:39:47.000 UTC,4275433880521568206,-4239782,-276403
2026-02-10 09:19:59.000 UTC,-34409174324740078736,34160111,-276401
2026-02-10 12:36:35.000 UTC,99826720182948232061,-98981694,-276408
2026-02-10 13:45:23.000 UTC,-77512970236859740614,76927557,-276403
2026-02-10 14:09:59.000 UTC,-4648875877986941002055,4625000000,-276380
2026-02-10 14:10:11.000 UTC,4570735569557580599186,-4542863617,-276397
2026-02-10 14:38:47.000 UTC,188786112816627979791,-187206600,-276410
2026-02-10 14:42:47.000 UTC,28618672297512980766,-28356906,-276412
2026-02-10 14:57:23.000 UTC,-49308072189459525960,48909662,-276409
2026-02-10 15:31:47.000 UTC,-139730187000131112602,138695983,-276399
2026-02-10 16:12:23.000 UTC,-9020711377287879316105,8975000000,-276380
2026-02-10 16:12:35.000 UTC,8954048803844213000205,-8899880961,-276394
2026-02-10 16:39:35.000 UTC,3399313082498625062,-3374174,-276394
2026-02-10 16:51:59.000 UTC,34387659318851142746,-34128695,-276396
2026-02-10 17:20:11.000 UTC,59951122316925358,-59492,-276396
2026-02-10 18:23:11.000 UTC,25446721563574734382,-25249622,-276398
2026-02-10 18:26:23.000 UTC,131853885974568416542,-130758323,-276408
2026-02-10 19:14:59.000 UTC,-50902614286540996608,50515425,-276404
2026-02-10 19:36:47.000 UTC,-66076475448254310654,65601578,-276399
2026-02-10 22:09:11.000 UTC,4212630102472723564,-4179106,-276400
2026-02-11 02:05:23.000 UTC,-31146884037893633957,30932950,-276397
2026-02-11 02:46:59.000 UTC,10380834571497604712,-10299999,-276398
2026-02-11 03:08:23.000 UTC,2378127191330928328,-2359500,-276398
2026-02-11 03:14:47.000 UTC,27545398988996811249,-27326691,-276400
2026-02-11 03:20:35.000 UTC,51555644558062588505,-51131692,-276404
2026-02-11 04:21:35.000 UTC,31289155212447780942,-31022579,-276406
2026-02-11 04:24:11.000 UTC,25715843958313209090,-25491505,-276408
2026-02-11 04:36:47.000 UTC,2425145526331880072,-2403745,-276408
2026-02-11 04:40:59.000 UTC,19999766816058480372,-19821676,-276410
2026-02-11 06:13:59.000 UTC,39685831703756773665,-39323903,-276413
2026-02-11 06:29:35.000 UTC,-102492445330674548737,101682543,-276405
2026-02-11 10:35:47.000 UTC,18907932082677439274,-18745436,-276407
2026-02-11 10:41:35.000 UTC,22494398807027402069,-22297747,-276408
2026-02-11 11:13:23.000 UTC,-19570901364023831480,19419019,-276407
2026-02-11 11:19:47.000 UTC,-40848990024436285440,40540822,-276404
2026-02-11 12:22:23.000 UTC,-12587119927796879815,12494573,-276403
2026-02-11 14:01:47.000 UTC,-99513950719310509153,98822280,-276396
2026-02-11 14:05:35.000 UTC,-28045475085027820398,27863383,-276394
2026-02-11 14:11:23.000 UTC,58356867014089143739,-57913670,-276398
2026-02-11 14:35:59.000 UTC,34578994124423259226,-34304865,-276400
2026-02-11 14:57:35.000 UTC,109248667918806662844,-108326327,-276408
2026-02-11 15:17:35.000 UTC,-5039426373041966071,5000000,-276408
2026-02-11 15:30:11.000 UTC,-4823282776930611835,4785718,-276408
2026-02-11 15:32:11.000 UTC,-51345289528555624347,50955735,-276404
2026-02-11 15:34:11.000 UTC,-55466996020290635794,55067411,-276400
2026-02-11 16:01:47.000 UTC,-32353958871553851558,32131072,-276397
2026-02-11 16:04:35.000 UTC,124181687702296478772,-123162072,-276406
2026-02-11 16:08:23.000 UTC,-10073706904393248278,9996875,-276406
2026-02-11 16:12:11.000 UTC,-78455264539291011995,77881783,-276400
2026-02-11 16:13:59.000 UTC,-98011871926881494226,97357484,-276393
2026-02-11 16:38:59.000 UTC,17377216070801752186,-17248963,-276394
2026-02-11 16:43:47.000 UTC,50458861893181071961,-50074179,-276398
2026-02-11 16:46:35.000 UTC,22000096404513326645,-21826662,-276399
2026-02-11 18:19:59.000 UTC,-65618371186323781509,65176505,-276395
2026-02-11 21:25:35.000 UTC,-35065541380082858314,34842088,-276392
2026-02-11 22:04:35.000 UTC,39640154530245163124,-39347523,-276395
2026-02-11 22:12:11.000 UTC,13126136586100225857,-13026754,-276396
2026-02-11 22:12:23.000 UTC,46266573328868930247,-45906426,-276399
2026-02-11 22:21:35.000 UTC,29702360832915382873,-29463069,-276401
2026-02-11 22:53:47.000 UTC,12788263264543737870,-12683291,-276402
2026-02-11 23:12:35.000 UTC,17714812427693424734,-17567466,-276404
2026-02-11 23:44:59.000 UTC,2202660304352773749,-2184182,-276404
2026-02-12 00:03:59.000 UTC,401767054380797501008,-397771350,-276438
2026-02-12 00:03:59.000 UTC,107137881168212666935,-105823784,-276448
2026-02-12 00:03:59.000 UTC,-457982085336064624966,453563043,-276408
2026-02-12 00:05:47.000 UTC,-42741839516677406655,42416380,-276404
2026-02-12 00:07:11.000 UTC,-452695120650218552139,450000000,-276380
2026-02-12 00:07:23.000 UTC,343638995767251792326,-341373485,-276397
2026-02-12 00:09:47.000 UTC,-477604618774474139708,475000000,-276380
2026-02-12 00:09:59.000 UTC,432452155034655136467,-429711919,-276393
2026-02-12 00:10:11.000 UTC,518369590565391458055,-513568389,-276435
2026-02-12 00:10:11.000 UTC,-305309961581504953169,302539062,-276409
2026-02-12 00:11:23.000 UTC,-477974187286773071420,475000000,-276380
2026-02-12 00:11:35.000 UTC,142605052276497221213,-141727849,-276384
2026-02-12 00:11:35.000 UTC,247201475195640000496,-245384117,-276402
2026-02-12 00:32:11.000 UTC,-377243130257482771251,375000000,-276380
2026-02-12 00:32:23.000 UTC,239273096652719242158,-237723468,-276392
2026-02-12 00:48:11.000 UTC,43409479357704316940,-43088112,-276395
2026-02-12 01:31:59.000 UTC,-128955360501870639493,128168414,-276386
2026-02-12 01:31:59.000 UTC,130491351790086412294,-129564680,-276396
2026-02-12 01:37:59.000 UTC,-136189748401398838010,135360755,-276386
2026-02-12 01:38:11.000 UTC,130644393580523168958,-129721967,-276395
2026-02-12 02:15:23.000 UTC,29663138674344181207,-29436649,-276397
2026-02-12 02:21:47.000 UTC,-1926062691275067198392,1916091893,-276380
2026-02-12 02:21:47.000 UTC,1864612117373267965519,-1853188986,-276393
2026-02-12 02:28:23.000 UTC,82339671178565254162,-81714761,-276399
2026-02-12 02:29:11.000 UTC,28080000000000000000,-27855779,-276401
2026-02-12 05:22:23.000 UTC,6713426765821686411,-6658983,-276401
2026-02-12 05:37:35.000 UTC,32164559741389510638,-31899238,-276404
2026-02-12 06:26:23.000 UTC,-23483982901868788591,23312845,-276402
2026-02-12 07:08:59.000 UTC,37316352707274031786,-37005530,-276405
2026-02-12 07:19:11.000 UTC,-1256782040719262163866,1250000000,-276380
2026-02-12 07:19:23.000 UTC,1173090172631488149474,-1165742571,-276398
2026-02-12 07:26:23.000 UTC,4502207396566199302,-4466751,-276399
2026-02-12 07:33:35.000 UTC,-32959876763452800341,32736402,-276396
2026-02-12 08:18:35.000 UTC,37710348748743641175,-37416579,-276399
2026-02-12 08:28:59.000 UTC,37088866084482370068,-36790000,-276402
2026-02-12 09:07:23.000 UTC,18423038332629275701,-18270921,-276403
2026-02-12 09:07:23.000 UTC,18159041900525791323,-18006726,-276404
2026-02-12 09:24:47.000 UTC,-377311670557280850375,375000000,-276380
2026-02-12 09:24:59.000 UTC,331799649149079311493,-329490551,-276401
2026-02-12 10:59:59.000 UTC,-402337768647572019430,400000000,-276380
2026-02-12 11:00:11.000 UTC,371689160198529945635,-369197385,-276399
2026-02-12 11:19:47.000 UTC,-8478434341372656598,8420092,-276398
2026-02-12 12:48:23.000 UTC,2016131998084294061,-2000303,-276398
2026-02-12 13:25:11.000 UTC,131924883330309565747,-130825856,-276408
2026-02-12 15:05:47.000 UTC,99081539329249436243,-98173888,-276415
2026-02-12 15:26:11.000 UTC,-139573714670955003904,138453939,-276405
2026-02-12 15:39:23.000 UTC,70244434336235909821,-69628816,-276410
2026-02-12 16:28:35.000 UTC,157034867587486456804,-155528795,-276422
2026-02-12 16:38:35.000 UTC,-205871161697377353688,204137517,-276407
2026-02-12 16:55:11.000 UTC,53338170770037094190,-52865813,-276410
2026-02-12 19:22:47.000 UTC,-58564451096355405824,58105002,-276406
2026-02-12 19:23:11.000 UTC,-21512339701710350184,21349744,-276405
2026-02-12 20:46:47.000 UTC,29643567080909022700,-29389239,-276407
2026-02-12 22:46:11.000 UTC,-14319432195273825001,14210000,-276406
2026-02-12 23:08:11.000 UTC,-33125614997534673713,32878096,-276403
2026-02-12 23:33:11.000 UTC,-34581646746049662880,34331642,-276401
2026-02-13 00:25:59.000 UTC,36831106238488202585,-36527989,-276403
2026-02-13 00:27:23.000 UTC,-1131111085504434834044,1125000000,-276380
2026-02-13 00:27:35.000 UTC,1076455082109818564715,-1069666490,-276400
2026-02-13 00:29:35.000 UTC,-553059911102271423249,550000000,-276380
2026-02-13 00:29:47.000 UTC,552972147693893627832,-549363468,-276399
2026-02-13 00:32:35.000 UTC,-1960199288505272018771,1950000000,-276380
2026-02-13 00:32:35.000 UTC,-452290850173091311473,450000000,-276380
2026-02-13 00:32:47.000 UTC,2409778639649681980901,-2394912799,-276399
2026-02-13 00:36:11.000 UTC,-4020611427383372211708,4000000000,-276380
2026-02-13 00:36:23.000 UTC,3023728523987973655334,-3005415451,-276380
2026-02-13 00:36:23.000 UTC,980319186150481553450,-974155685,-276398
2026-02-13 00:40:35.000 UTC,15549288406409391496,-15427098,-276399
2026-02-13 00:48:23.000 UTC,-1080726001162088715035,1075000000,-276380
2026-02-13 00:48:35.000 UTC,1183641344362769519903,-1175989489,-276406
2026-02-13 00:48:47.000 UTC,1162796775561037791129,-1146679697,-276516
2026-02-13 00:48:59.000 UTC,-1109890478836291704452,1095338781,-276410
2026-02-13 00:49:11.000 UTC,-302098570739445273168,300000000,-276388
2026-02-13 00:49:11.000 UTC,141735156431215775644,-140691355,-276399
2026-02-13 00:49:23.000 UTC,39233641293430479315,-38919262,-276401
2026-02-13 00:54:11.000 UTC,-402345844779639529745,400000000,-276380
2026-02-13 00:54:23.000 UTC,555426668778408601909,-551349333,-276412
2026-02-13 00:54:35.000 UTC,-48709074295476715520,48315369,-276409
2026-02-13 00:55:35.000 UTC,-16259465614830186541,16131847,-276408
2026-02-13 03:11:35.000 UTC,-402557064926762605628,400000000,-276380
2026-02-13 03:11:47.000 UTC,252788972373137999591,-251067140,-276397
2026-02-13 03:11:59.000 UTC,100724083945405117184,-99911293,-276404
2026-02-13 03:24:11.000 UTC,-452687310869833554570,450000000,-276380
2026-02-13 03:24:23.000 UTC,380804119584270422823,-378254626,-276399
2026-02-13 03:24:35.000 UTC,512716854199674860367,-507651042,-276442
2026-02-13 03:24:35.000 UTC,-333441833753326859632,330240236,-276412
2026-02-13 03:27:35.000 UTC,-377586606185249080298,375000000,-276385
2026-02-13 03:27:47.000 UTC,138623413200572370403,-137654957,-276395
2026-02-13 03:28:35.000 UTC,90264321839878127465,-89559642,-276401
2026-02-13 03:55:11.000 UTC,292286367114954830495,-289601257,-276423
2026-02-13 03:55:35.000 UTC,-150806252892547186688,149492561,-276411
2026-02-13 04:06:11.000 UTC,-1181660257327211992969,1175000000,-276380
2026-02-13 04:06:23.000 UTC,1007386920412046583809,-1001037287,-276399
2026-02-13 04:26:59.000 UTC,-452529454268048826995,450000000,-276380
2026-02-13 04:27:23.000 UTC,452395683895401515337,-449417690,-276399
2026-02-13 04:27:23.000 UTC,512716862296851963945,-507666346,-276442
2026-02-13 04:27:35.000 UTC,-358612395013719978132,355217867,-276410
2026-02-13 04:27:35.000 UTC,-337935825537866418483,335642526,-276385
2026-02-13 04:27:35.000 UTC,164322274796191716145,-163146303,-276397
2026-02-13 04:33:59.000 UTC,163919643394045483255,-162553759,-276409
2026-02-13 04:33:59.000 UTC,4265477189512934189,-4227367,-276409
2026-02-13 04:46:35.000 UTC,-31274133566874610960,31028758,-276407
2026-02-13 07:12:23.000 UTC,-39148513002799324817,38851234,-276404
2026-02-13 07:14:23.000 UTC,-38332590812916917079,38052155,-276402
2026-02-13 07:44:11.000 UTC,30347106792220396084,-30095843,-276404
2026-02-13 08:49:11.000 UTC,-29532035921952176070,29316747,-276402
2026-02-13 11:03:11.000 UTC,-377224925898500528918,375000000,-276380
2026-02-13 11:03:23.000 UTC,335714546508360801311,-333448146,-276399
2026-02-13 12:42:35.000 UTC,7041937080192082353,-6986282,-276399
2026-02-13 13:11:59.000 UTC,-427411521514282261589,425000000,-276380
2026-02-13 13:12:11.000 UTC,410497198129134472349,-407794111,-276398
2026-02-13 13:35:11.000 UTC,16942803965902757143,-16809524,-276399
2026-02-13 13:42:11.000 UTC,-628432628984835604066,625000000,-276380
2026-02-13 13:42:23.000 UTC,613678428907563826550,-609737561,-276398
2026-02-13 13:42:35.000 UTC,1831005224405107503953,-1801725959,-276570
2026-02-13 13:42:35.000 UTC,233283242631251567051,-227252682,-276593
2026-02-13 13:42:35.000 UTC,-1909020192215047148967,1876895680,-276409
2026-02-13 14:32:59.000 UTC,-72800681707753768228,72242205,-276404
2026-02-13 14:46:35.000 UTC,-43816498171730908451,43498685,-276401
2026-02-13 14:56:11.000 UTC,-452582709540391024743,450000000,-276380
2026-02-13 14:56:23.000 UTC,414136622745718108458,-411409965,-276398
2026-02-13 15:11:47.000 UTC,-41648669348188422058,41370899,-276395
2026-02-13 15:29:47.000 UTC,-64301077640905066932,63896688,-276390
2026-02-13 16:01:23.000 UTC,30740131150669002276,-30519969,-276393
2026-02-13 16:05:35.000 UTC,-502654247468939796033,500000000,-276380
2026-02-13 16:05:59.000 UTC,504983906272987454568,-501813075,-276393
2026-02-13 16:07:59.000 UTC,-60465964041984229278,60098542,-276388
2026-02-13 16:11:11.000 UTC,141509348542566456733,-140467746,-276399
2026-02-13 16:33:23.000 UTC,-402268319268926375128,400000000,-276380
2026-02-13 16:33:35.000 UTC,414259095768881829687,-411496282,-276399
2026-02-13 17:13:47.000 UTC,1313182489304258569,-1302733,-276399
2026-02-13 18:14:23.000 UTC,-377164815320250494347,375000000,-276380
2026-02-13 18:14:35.000 UTC,255886406618323677762,-254259630,-276391
2026-02-13 18:14:47.000 UTC,110244047994220776564,-109418734,-276399
2026-02-13 19:32:23.000 UTC,38798866171806023443,-38487686,-276401
2026-02-13 19:46:47.000 UTC,919850806914652254,-912342,-276402
2026-02-13 20:10:23.000 UTC,-84145915914351494243,83567714,-276395
2026-02-13 20:17:23.000 UTC,22823519188646518330,-22649046,-276397
2026-02-13 20:18:23.000 UTC,34099325436233674182,-33831700,-276400
2026-02-13 20:18:23.000 UTC,95566889539447587063,-94772464,-276406
2026-02-14 00:07:23.000 UTC,-528148273882805708343,525000000,-276380
2026-02-14 00:07:35.000 UTC,437586201713659789931,-434667778,-276400
2026-02-14 00:35:23.000 UTC,-1105877558314681825020,1100000000,-276380
2026-02-14 00:35:35.000 UTC,1101628178822178135445,-1094685762,-276400
2026-02-14 00:35:47.000 UTC,1105721544152589139605,-1091656507,-276501
2026-02-14 00:35:47.000 UTC,-932655657055812051677,921000000,-276412
2026-02-14 00:36:11.000 UTC,602401723841220151330,-595239176,-276469
2026-02-14 00:36:11.000 UTC,715903877232219132666,-702842161,-276539
2026-02-14 00:36:11.000 UTC,-1320336522208297224611,1301398700,-276412
2026-02-14 00:36:11.000 UTC,14651999909864113,-14517,-276412
2026-02-14 00:48:47.000 UTC,-377583027685995807696,375000000,-276385
2026-02-14 00:48:59.000 UTC,229403770887978604679,-227728592,-276401
2026-02-14 00:53:11.000 UTC,2492868050809973678,-2472592,-276401
2026-02-14 01:32:47.000 UTC,65234130765397401133,-64687734,-276406
2026-02-14 01:40:47.000 UTC,-5682943709059074430,5639771,-276406
2026-02-14 02:16:47.000 UTC,-17361595065549236088,17231135,-276404
2026-02-14 05:22:35.000 UTC,76825074210714213913,-76155214,-276410
2026-02-14 05:37:35.000 UTC,21121434350129249293,-20929856,-276411
2026-02-14 05:45:35.000 UTC,-377567352944864397854,375000000,-276384
2026-02-14 05:45:47.000 UTC,124147073974042122380,-123292473,-276393
2026-02-14 05:45:47.000 UTC,155895903711781297227,-154666239,-276404
2026-02-14 05:55:11.000 UTC,-3280844232438379971,3256429,-276404
2026-02-14 05:57:47.000 UTC,30042664794267578484,-29786398,-276406
2026-02-14 06:20:47.000 UTC,-427631171600885884494,425000000,-276380
2026-02-14 06:20:59.000 UTC,369377539728235215976,-366812727,-276402
2026-02-14 06:21:11.000 UTC,519111468215509255427,-513781362,-276447
2026-02-14 06:21:11.000 UTC,-343778111158034065598,340339881,-276415
2026-02-14 06:23:23.000 UTC,-453107021593580051587,450000000,-276382
2026-02-14 06:23:35.000 UTC,277671594219494465913,-275666747,-276402
2026-02-14 06:25:35.000 UTC,29703975439563755641,-29456785,-276404
2026-02-14 06:58:35.000 UTC,-1407535398799246364669,1400000000,-276380
2026-02-14 06:58:47.000 UTC,1372029483258706145332,-1363390451,-276402
2026-02-14 06:58:59.000 UTC,1148606195514232913047,-1133470696,-276508
2026-02-14 06:58:59.000 UTC,-1024049339626846780515,1011000000,-276411
2026-02-14 07:00:35.000 UTC,-452921998186490009445,450000000,-276380
2026-02-14 07:00:47.000 UTC,326095785167419194434,-323815126,-276401
2026-02-14 08:01:47.000 UTC,-603365600761732138479,600000000,-276380
2026-02-14 08:01:47.000 UTC,604014720938551288097,-600044453,-276401
2026-02-14 08:03:23.000 UTC,-477727894055099814940,475000000,-276380
2026-02-14 08:03:35.000 UTC,474528067675800381131,-471351671,-276401
2026-02-14 08:03:47.000 UTC,-346500191134351884288,343100000,-276413
2026-02-14 08:03:47.000 UTC,512877354398296499899,-507682867,-276445
2026-02-14 08:05:23.000 UTC,-16236185031587966171,16101918,-276412
2026-02-14 08:07:23.000 UTC,-31182757020700911693,30930297,-276410
2026-02-14 08:07:59.000 UTC,-23579320932144105646,23393069,-276408
2026-02-14 08:31:47.000 UTC,-2092977197299007488,2076638,-276408
2026-02-14 08:33:59.000 UTC,-16511128477922861916,16383327,-276407
2026-02-14 09:55:23.000 UTC,-33098161698034366656,32847855,-276404
2026-02-14 10:50:35.000 UTC,2056084735866558430,-2038724,-276404
2026-02-14 11:24:59.000 UTC,-6270483355083814016,6223855,-276404
2026-02-14 12:20:23.000 UTC,-33251774956597330993,33009221,-276402
2026-02-14 12:37:23.000 UTC,31553638259461695715,-31292349,-276404
2026-02-14 12:37:35.000 UTC,49181437164494233409,-48759963,-276407
2026-02-14 12:37:35.000 UTC,47905399653347700856,-47478218,-276411
2026-02-14 13:07:35.000 UTC,-5296408193830100445,5253625,-276410
2026-02-14 14:53:11.000 UTC,-32219938073913733131,31964000,-276408
2026-02-14 14:58:35.000 UTC,-32049890837466123086,31802684,-276406
2026-02-14 16:00:11.000 UTC,-33273867760469923706,33025010,-276403
2026-02-14 16:56:11.000 UTC,-63057142277485654807,62607313,-276399
2026-02-14 17:06:35.000 UTC,-45667902588976431893,45359935,-276396
2026-02-14 17:29:11.000 UTC,-24080172558796854265,23923813,-276394
2026-02-14 17:29:47.000 UTC,98837300695096430696,-98070877,-276401
2026-02-14 17:50:23.000 UTC,1667826004843771202,-1654292,-276401
2026-02-14 17:52:11.000 UTC,-83577948305130550494,83007282,-276395
2026-02-14 18:36:35.000 UTC,30403553929809613342,-30171568,-276397
2026-02-14 20:04:23.000 UTC,-502747910091897184361,500000000,-276380
2026-02-14 20:04:35.000 UTC,515043370377815336530,-511700227,-276398
2026-02-14 20:04:59.000 UTC,448892622046506904911,-444628122,-276434
2026-02-14 20:04:59.000 UTC,-223094171483050298554,221000462,-276414
2026-02-14 20:05:59.000 UTC,-628987578171819431304,625000000,-276380
2026-02-14 20:06:23.000 UTC,391566504861991474294,-388994225,-276397
2026-02-14 20:09:47.000 UTC,13387569763626487800,-13283319,-276398
2026-02-14 21:31:23.000 UTC,65380825081207039788,-64853251,-276403
2026-02-14 21:31:35.000 UTC,40371428165319473659,-40030374,-276406
2026-02-14 21:31:47.000 UTC,76941918414028201475,-76259612,-276411
2026-02-14 22:00:35.000 UTC,-31521909738170633258,31268515,-276409
2026-02-14 22:30:59.000 UTC,-16655315119002099839,16524309,-276408
2026-02-14 22:39:23.000 UTC,-33295405843219470371,33039471,-276405
2026-02-15 00:09:23.000 UTC,-905029284569727946421,900000000,-276380
2026-02-15 00:09:35.000 UTC,834063159539855350576,-828724194,-276400
2026-02-15 00:12:11.000 UTC,-1809458287935919750787,1800000000,-276380
2026-02-15 00:12:23.000 UTC,1806309203652660475271,-1795078302,-276400
2026-02-15 00:12:35.000 UTC,29599496662210982572,-29358993,-276402
2026-02-15 00:12:47.000 UTC,43376148042428031191,-43012372,-276405
2026-02-15 00:16:11.000 UTC,-628618983787683255102,625000000,-276380
2026-02-15 00:16:23.000 UTC,555451746965275432262,-551814129,-276400
2026-02-15 00:27:23.000 UTC,-1080753035485717456170,1075000000,-276380
2026-02-15 00:27:35.000 UTC,-2110691838074862205000,2100000000,-276380
2026-02-15 00:27:35.000 UTC,1080586330032121897055,-1074043202,-276380
2026-02-15 00:27:35.000 UTC,1352800222173414113040,-1344592570,-276380
2026-02-15 00:27:35.000 UTC,748974496151701346294,-744181580,-276399
2026-02-15 00:27:47.000 UTC,16712937520664553754,-16579251,-276400
2026-02-15 00:29:23.000 UTC,16088221702517753207,-15957642,-276402
2026-02-15 00:38:23.000 UTC,19022102085745727328,-18865318,-276403
2026-02-15 00:49:35.000 UTC,20242526697242346816,-20072838,-276404
2026-02-15 01:24:11.000 UTC,12001864730268148499,-11899871,-276405
2026-02-15 01:24:47.000 UTC,20253319793022020729,-20078866,-276407
2026-02-15 01:36:23.000 UTC,19529006696972396994,-19358012,-276408
2026-02-15 01:56:11.000 UTC,-402573618126592527262,400000000,-276380
2026-02-15 01:56:23.000 UTC,307716458169623962315,-305548082,-276401
2026-02-15 02:23:11.000 UTC,11903874549130773387,-11806406,-276402
2026-02-15 02:23:47.000 UTC,4442433521363652558,-4405799,-276402
2026-02-15 02:32:11.000 UTC,29521957318505149152,-29274914,-276405
2026-02-15 02:53:47.000 UTC,-167150323737815173966,166000000,-276393
2026-02-15 02:53:59.000 UTC,136389483479705167973,-135330506,-276402
2026-02-15 03:36:11.000 UTC,42487727811636463058,-42130617,-276405
2026-02-15 03:37:35.000 UTC,11952282238116077238,-11849494,-276406
2026-02-15 03:38:23.000 UTC,32275481944684142692,-31992809,-276409
2026-02-15 04:07:23.000 UTC,-35775739559349058892,35498352,-276406
2026-02-15 04:14:59.000 UTC,-47223230820738471718,46871131,-276403
2026-02-15 04:17:11.000 UTC,-14948122506646306369,14840000,-276402
2026-02-15 04:23:23.000 UTC,83554536188225687088,-82846724,-276408
2026-02-15 05:32:23.000 UTC,-16680426201766870485,16551678,-276406
2026-02-15 08:33:47.000 UTC,54597642339101408016,-54114662,-276410
2026-02-15 08:34:11.000 UTC,27401238747502441552,-27150752,-276412
2026-02-15 08:45:59.000 UTC,24002878885469127464,-23778944,-276414
2026-02-15 09:04:11.000 UTC,-38933849676059770880,38611349,-276411
2026-02-15 09:07:59.000 UTC,-28726492845274063546,28495639,-276409
2026-02-15 09:10:23.000 UTC,-33350925308370354176,33090334,-276407
2026-02-15 09:43:23.000 UTC,-122221350696929023674,121334516,-276398
2026-02-15 10:08:47.000 UTC,80885318479094071200,-80230126,-276404
2026-02-15 10:08:59.000 UTC,8083260567442121985,-8015209,-276404
2026-02-15 10:12:23.000 UTC,3929339023028252588,-3896089,-276405
2026-02-15 10:39:47.000 UTC,25806939419788779565,-25585819,-276407
2026-02-15 12:50:11.000 UTC,30565821974141614479,-30297761,-276409
2026-02-15 12:50:11.000 UTC,17987136486812067266,-17826266,-276410
2026-02-15 12:55:23.000 UTC,32170019562702249183,-31876477,-276412
2026-02-15 12:55:35.000 UTC,14202201918738759246,-14070203,-276413
2026-02-15 13:20:47.000 UTC,8567748532911124613,-8487404,-276414
2026-02-15 13:27:47.000 UTC,3885775079530710850,-3849159,-276414
2026-02-15 13:33:59.000 UTC,20657674859598252445,-20461161,-276416
2026-02-15 13:42:35.000 UTC,-2062896685171867648,2045178,-276416
2026-02-15 13:52:23.000 UTC,22013659936507134379,-21801144,-276417
2026-02-15 13:52:23.000 UTC,4352009047542674154,-4309576,-276418
2026-02-15 14:00:35.000 UTC,-12066743083769790464,11961389,-276417
2026-02-15 14:32:23.000 UTC,-3221621371770840647,3193674,-276417
2026-02-15 14:38:35.000 UTC,-20797006253173768192,20618423,-276415
2026-02-15 14:39:11.000 UTC,-13866058475300378541,13748752,-276414
2026-02-15 17:28:35.000 UTC,-111895424305270015598,111000000,-276406
2026-02-15 17:29:35.000 UTC,16494771813866066454,-16352075,-276407
2026-02-15 17:42:47.000 UTC,15097405074444125876,-14965091,-276408
2026-02-15 17:45:59.000 UTC,179768364496670784069,-178065680,-276422
2026-02-15 17:49:11.000 UTC,-52180652612195724369,51713702,-276417
2026-02-15 17:49:59.000 UTC,37017823380793098186,-36652044,-276420
2026-02-15 18:22:47.000 UTC,-70259953927892705797,69643878,-276415
2026-02-15 18:31:11.000 UTC,2322972745580584135,-2300879,-276415
2026-02-15 19:05:47.000 UTC,33751157837359032011,-33425699,-276418
2026-02-15 19:41:47.000 UTC,-25796273097090168524,25572340,-276416
2026-02-15 19:47:47.000 UTC,-50853172731061811596,50426000,-276412
2026-02-15 19:58:35.000 UTC,-3205050403399918715,3178763,-276412
2026-02-15 20:34:47.000 UTC,-16717948049380733613,16582048,-276411
2026-02-15 21:12:23.000 UTC,-3546528451072622593,3517963,-276410
2026-02-15 22:33:35.000 UTC,-1833585181487792128,1818852,-276410
2026-02-15 22:35:59.000 UTC,-5523116142717249690,5478880,-276410
2026-02-15 22:47:47.000 UTC,-53301864942989828349,52886184,-276406
2026-02-15 22:48:11.000 UTC,-38300166086533698719,38014051,-276403
2026-02-15 23:02:23.000 UTC,86968232937466913054,-86217112,-276409
2026-02-15 23:33:47.000 UTC,-16729614381124753274,16597515,-276408
2026-02-15 23:51:35.000 UTC,-22900095529628071911,22722525,-276407
2026-02-16 00:12:59.000 UTC,-16726590283666272473,16599265,-276405
2026-02-16 00:31:11.000 UTC,2738963709334851160,-2715534,-276406
2026-02-16 01:40:59.000 UTC,29724279097005024614,-29466558,-276408
2026-02-16 02:47:23.000 UTC,-2546661458098748986,2526861,-276408
2026-02-16 02:56:59.000 UTC,29780610446663175495,-29516604,-276410
2026-02-16 04:19:35.000 UTC,-33454073969926924279,33191127,-276407
2026-02-16 04:53:59.000 UTC,-6158913335910276316,6111379,-276407
2026-02-16 05:05:23.000 UTC,7329408190409233196,-7265538,-276407
2026-02-16 05:24:47.000 UTC,25591828876794307260,-25365801,-276409
2026-02-16 05:26:47.000 UTC,3362731881687520004,-3332683,-276409
2026-02-16 07:27:47.000 UTC,-79223767074815598905,78615966,-276404
2026-02-16 07:41:47.000 UTC,13277111169064152473,-13165213,-276405
2026-02-16 07:41:59.000 UTC,9880790647428525550,-9796697,-276405
2026-02-16 11:11:23.000 UTC,58969417878559170763,-58453014,-276410
2026-02-16 11:12:35.000 UTC,10575709006260546074,-10480465,-276410
2026-02-16 11:55:35.000 UTC,-10910319470491389526,10822896,-276410
2026-02-16 12:46:11.000 UTC,-8422949544988325096,8356041,-276409
2026-02-16 12:57:11.000 UTC,-17939741440786837365,17798928,-276408
2026-02-16 13:03:59.000 UTC,-68398031272779403520,67882320,-276403
2026-02-16 13:21:35.000 UTC,50936276535321667629,-50504873,-276406
2026-02-16 13:24:35.000 UTC,33682990144536145407,-33387513,-276409
2026-02-16 13:40:11.000 UTC,31303172817060746785,-31021289,-276411
2026-02-16 13:56:47.000 UTC,32107756016091058619,-31811222,-276414
2026-02-16 14:50:59.000 UTC,-50791850280216351952,50376592,-276410
2026-02-16 15:02:59.000 UTC,-39926715563190140906,39613368,-276407
2026-02-16 15:15:35.000 UTC,39777327660550417285,-39425721,-276410
2026-02-16 15:33:47.000 UTC,32309784794892695849,-32015815,-276412
2026-02-16 15:33:59.000 UTC,16006629862668262448,-15858169,-276413
2026-02-16 15:54:35.000 UTC,-39147732580392587647,38826776,-276410
2026-02-16 16:05:23.000 UTC,-63262041726307460780,62766778,-276406
2026-02-16 17:37:11.000 UTC,-6296038202361964541,6248318,-276405
2026-02-16 20:29:23.000 UTC,-12151283634147572311,12059986,-276405
2026-02-16 20:36:59.000 UTC,-16761702118939380452,16637502,-276403
2026-02-16 21:42:11.000 UTC,1249862833826543888,-1239430,-276403
2026-02-16 22:02:11.000 UTC,-3500804752254860596,3475088,-276403
2026-02-16 22:17:11.000 UTC,-749365418751668243,743872,-276403
2026-02-16 22:53:11.000 UTC,29530643859109528781,-29281810,-276405
2026-02-16 23:33:35.000 UTC,26064496463440774109,-25839683,-276407
2026-02-17 00:43:47.000 UTC,21742378009501728914,-21551125,-276409
2026-02-17 01:59:47.000 UTC,29974646997621397569,-29705433,-276411
2026-02-17 02:03:35.000 UTC,46994344809385856538,-46559120,-276414
2026-02-17 02:14:35.000 UTC,-6480150272940704381,6425600,-276414
2026-02-17 02:15:35.000 UTC,-10442354830630333958,10355098,-276413
2026-02-17 03:09:23.000 UTC,-4060717461471298213,4027002,-276413
2026-02-17 05:23:11.000 UTC,6644201653000082729,-6582385,-276413
2026-02-17 05:33:35.000 UTC,24120986200669821739,-23893853,-276415
2026-02-17 05:50:23.000 UTC,-4805232375346010349,4764409,-276415
2026-02-17 07:13:47.000 UTC,-100824557874213221698,100006836,-276407
2026-02-17 07:14:59.000 UTC,4405446727866407932,-4366880,-276408
2026-02-17 09:11:47.000 UTC,32655577007689498573,-32365370,-276410
2026-02-17 10:19:59.000 UTC,30944310270720289802,-30662224,-276412
2026-02-17 12:37:23.000 UTC,1983994888660006583,-1965670,-276412
2026-02-17 12:38:47.000 UTC,-5035242709472772097,4993785,-276412
2026-02-17 13:52:35.000 UTC,-34495839839711970612,34216801,-276409
2026-02-17 13:52:59.000 UTC,-13239004937779675136,13134191,-276409
2026-02-17 14:43:23.000 UTC,84944827185849259057,-84165999,-276415
2026-02-17 14:43:47.000 UTC,24410868125430344294,-24177306,-276417
2026-02-17 14:43:47.000 UTC,25019853953126395587,-24775943,-276418
2026-02-17 15:13:35.000 UTC,-16232879331235315535,16090196,-276417
2026-02-17 15:19:23.000 UTC,-48208366916538294327,47796000,-276414
2026-02-17 16:03:59.000 UTC,-28006105973291745280,27774366,-276412
2026-02-17 16:36:35.000 UTC,-121025092607905161676,120088826,-276403
2026-02-17 16:58:47.000 UTC,50514527580395754435,-50086391,-276406
2026-02-17 17:11:47.000 UTC,122820355124038399294,-121702856,-276415
2026-02-17 17:11:59.000 UTC,100936589058229349662,-99934522,-276424
2026-02-17 17:25:23.000 UTC,-84764808033485490136,84002069,-276417
2026-02-17 17:51:35.000 UTC,-8208666897662070185,8137722,-276416
2026-02-17 18:21:23.000 UTC,-53231637270142903526,52783552,-276412
2026-02-17 18:22:59.000 UTC,-60107462845181047179,59626341,-276408
2026-02-17 18:41:11.000 UTC,-95032124514295962619,94324344,-276401
2026-02-17 19:52:47.000 UTC,27649750625029611656,-27423057,-276403
2026-02-17 20:06:47.000 UTC,53330698410252173739,-52877993,-276407
2026-02-17 21:51:23.000 UTC,-36109271840107081349,35836358,-276404
2026-02-17 22:01:47.000 UTC,6263520067832713350,-6210635,-276405
2026-02-17 22:21:59.000 UTC,17219040718859709824,-17072207,-276406
2026-02-17 22:26:23.000 UTC,30323654576171135824,-30059914,-276408
2026-02-17 22:54:35.000 UTC,33727063666664513939,-33425994,-276410
2026-02-18 00:29:11.000 UTC,-60198635138528067354,59726683,-276406
2026-02-18 00:47:11.000 UTC,3649908593292765029,-3618412,-276406
2026-02-18 00:48:11.000 UTC,12794180160117477138,-12683021,-276407
2026-02-18 00:48:35.000 UTC,9109907963309345456,-9030044,-276408
2026-02-18 00:52:47.000 UTC,27179314243622383624,-26937515,-276410
2026-02-18 01:33:23.000 UTC,2018774744004863899,-2000604,-276410
2026-02-18 02:09:11.000 UTC,-7520024656038958799,7459944,-276409
2026-02-18 03:18:59.000 UTC,-23522792594013069640,23337475,-276408
2026-02-18 06:49:59.000 UTC,2044000350876467101,-2026027,-276408
2026-02-18 07:39:59.000 UTC,-16810758030120093643,16680503,-276407
2026-02-18 10:00:35.000 UTC,20885170010036618663,-20702322,-276408
2026-02-18 10:26:11.000 UTC,29037855461596617573,-28778446,-276410
2026-02-18 10:35:11.000 UTC,33725649570559421732,-33416710,-276413
2026-02-18 11:09:11.000 UTC,73346044115682525810,-72645443,-276418
2026-02-18 11:09:23.000 UTC,19968623250247358871,-19771070,-276420
2026-02-18 11:31:23.000 UTC,-82025678042480659908,81314101,-276414
2026-02-18 11:55:23.000 UTC,-9631719104972989722,9551397,-276413
2026-02-18 12:03:35.000 UTC,-427894488391905567414,425000000,-276382
2026-02-18 12:03:47.000 UTC,327087682650795180927,-324668721,-276406
2026-02-18 12:07:47.000 UTC,-7738394338580619699,7679989,-276405
2026-02-18 12:24:11.000 UTC,36248712090602271489,-35935462,-276408
2026-02-18 12:35:47.000 UTC,8549350162840693321,-8474099,-276408
2026-02-18 14:48:47.000 UTC,105624625834797643103,-104651331,-276416
2026-02-18 14:54:59.000 UTC,-251850338229786968285,249911992,-276398
2026-02-18 14:57:11.000 UTC,122765953217400167403,-121756287,-276407
2026-02-18 15:21:35.000 UTC,-47145302506924830568,46791584,-276403
2026-02-18 15:25:59.000 UTC,126829921552139320420,-125716303,-276412
2026-02-18 15:40:47.000 UTC,-81113514836936141140,80468483,-276406
2026-02-18 15:40:59.000 UTC,-119148961016101175422,118287056,-276398
2026-02-18 15:51:59.000 UTC,75171757231190393929,-74565218,-276403
2026-02-18 16:04:11.000 UTC,79952047442791471450,-79262539,-276409
2026-02-18 16:11:59.000 UTC,-4052094579684033596247,4031000000,-276380
2026-02-18 16:11:59.000 UTC,4023017113379561105748,-3998153653,-276407
2026-02-18 16:43:11.000 UTC,4091296531415703624,-4055693,-276407
2026-02-18 17:54:35.000 UTC,124401342690296370721,-123261117,-276416
2026-02-18 19:39:11.000 UTC,283384008423726667024,-280302858,-276443
2026-02-18 19:39:47.000 UTC,-213705220273663411692,211523818,-276422
2026-02-18 20:35:47.000 UTC,-21128080199413399552,20936510,-276420
2026-02-18 20:43:23.000 UTC,-3911265436150267904,3876189,-276419
2026-02-18 20:50:23.000 UTC,-54930803146077236040,54450000,-276415
2026-02-18 20:59:59.000 UTC,1264292919281019783,-1252222,-276416
2026-02-18 22:03:47.000 UTC,-81720638476840188289,81045480,-276409
2026-02-18 22:04:11.000 UTC,-44323789470272395334,43977813,-276406
2026-02-18 22:24:47.000 UTC,36097161358678132431,-35780657,-276409
2026-02-19 02:15:23.000 UTC,73613673925078220390,-72939116,-276414
2026-02-19 06:25:47.000 UTC,-11175877376551719454,11082000,-276413
2026-02-19 07:43:35.000 UTC,-216935416184468691767,215291974,-276398
2026-02-19 07:43:59.000 UTC,71944494254995728758,-71365489,-276403
2026-02-19 08:07:23.000 UTC,23679092855919279223,-23480417,-276405
2026-02-19 08:21:23.000 UTC,31572984984522946905,-31301832,-276407
2026-02-19 09:55:11.000 UTC,-79853028350425428189,79260295,-276401
2026-02-19 10:01:47.000 UTC,39306734318118054256,-38981673,-276404
2026-02-19 10:01:47.000 UTC,19051400689428110211,-18889868,-276405
2026-02-19 12:39:23.000 UTC,-54889432708885018842,54485557,-276401
2026-02-19 12:59:35.000 UTC,357836971615508188535,-354445456,-276430
2026-02-19 12:59:47.000 UTC,-244799333732298385449,242617914,-276410
2026-02-19 12:59:47.000 UTC,-233564573378741393024,231898591,-276393
2026-02-19 13:00:11.000 UTC,160985929980308260455,-159719745,-276404
2026-02-19 13:04:47.000 UTC,31135980927586808866,-30869668,-276407
2026-02-19 13:25:23.000 UTC,23763773396613904041,-23555849,-276408
2026-02-19 13:41:35.000 UTC,31824300194295512612,-31539520,-276411
2026-02-19 13:42:23.000 UTC,18808474512878229152,-18636729,-276412
2026-02-19 13:58:35.000 UTC,-11535469638687741238,11441268,-276411
2026-02-19 14:00:59.000 UTC,-4480271203757260286,4443947,-276411
2026-02-19 14:30:23.000 UTC,-100778970882590126667,100000000,-276403
2026-02-19 14:34:23.000 UTC,37299423369230146446,-36982594,-276406
2026-02-19 14:54:35.000 UTC,-78329430698376869175,77753334,-276401
2026-02-19 16:06:35.000 UTC,12441657259099870118,-12340741,-276401
2026-02-19 16:07:47.000 UTC,77222566622571273413,-76571413,-276407
2026-02-19 17:54:59.000 UTC,91455686105803801359,-90629169,-276414
2026-02-19 18:04:35.000 UTC,-42196667234336246296,41849648,-276411
2026-02-19 18:08:11.000 UTC,-45753107652945117185,45391421,-276407
2026-02-19 18:14:47.000 UTC,-48778609567274927594,48409527,-276404
2026-02-19 19:30:35.000 UTC,-73796768540694856244,73270819,-276398
2026-02-19 19:39:47.000 UTC,40373196799595026256,-40050219,-276401
2026-02-19 20:47:23.000 UTC,-7365800340624251655,7313317,-276401
2026-02-19 20:51:47.000 UTC,-7358776871292449875,7306732,-276400
2026-02-19 20:58:35.000 UTC,24057022846022496984,-23861558,-276402
2026-02-20 00:18:47.000 UTC,-33836225973120638583,33596081,-276400
2026-02-20 02:08:23.000 UTC,10857834098954151073,-10770888,-276400
2026-02-20 02:28:59.000 UTC,1514183795908791861,-1501991,-276400
2026-02-20 03:03:23.000 UTC,39135387554241125673,-38814576,-276403
2026-02-20 04:19:11.000 UTC,47088048762946778330,-46687510,-276407
2026-02-20 04:20:35.000 UTC,17307834424732560144,-17156623,-276408
2026-02-20 05:32:59.000 UTC,-37588968037537491065,37300591,-276405
2026-02-20 05:49:23.000 UTC,-16930207065894134508,16803629,-276404
2026-02-20 07:51:23.000 UTC,-51630238034008448868,51256918,-276400
2026-02-20 09:55:11.000 UTC,32366592831959400176,-32102671,-276403
2026-02-20 10:21:47.000 UTC,-31769729881394126328,31542145,-276400
2026-02-20 10:47:59.000 UTC,35208311301659513728,-34920714,-276403
2026-02-20 11:37:47.000 UTC,22970808489312484590,-22778387,-276404
2026-02-20 11:49:47.000 UTC,2005178926305695095,-1988202,-276405
2026-02-20 12:28:35.000 UTC,23623133520091776920,-23420969,-276406
2026-02-20 13:23:59.000 UTC,24658251305411903388,-24442968,-276408
2026-02-20 13:32:47.000 UTC,39250220618848928176,-38898564,-276411
2026-02-20 13:40:23.000 UTC,37597805778765604209,-37250469,-276414
2026-02-20 14:23:35.000 UTC,-113528288618638999553,112623253,-276405
2026-02-20 14:36:23.000 UTC,-9758153038524601542,9684687,-276405
2026-02-20 15:03:23.000 UTC,-75786735329480734097,75239397,-276399
2026-02-20 15:03:23.000 UTC,-33278547471963849679,33051227,-276397
2026-02-20 15:14:47.000 UTC,97686811928467748118,-96900000,-276404
2026-02-20 15:27:11.000 UTC,-72250171710177812900,71733380,-276399
2026-02-20 16:09:47.000 UTC,-50856161779962158255,50514858,-276395
2026-02-20 16:28:59.000 UTC,17596450594917314180,-17462982,-276396
2026-02-20 16:31:23.000 UTC,118863563269846807682,-117903884,-276405
2026-02-20 17:15:11.000 UTC,69056552205084134874,-68452550,-276410
2026-02-20 17:51:47.000 UTC,-23808356395908071424,23619878,-276408
2026-02-20 17:59:59.000 UTC,-38533852384919838797,38237407,-276405
2026-02-20 21:42:35.000 UTC,-4034909479422832637,4004485,-276405
2026-02-21 00:44:23.000 UTC,-27322507803322397210,27119552,-276403
2026-02-21 02:23:47.000 UTC,-16979108567173173664,16855682,-276402
2026-02-21 02:36:47.000 UTC,-39984488877306411678,39701997,-276399
2026-02-21 02:49:47.000 UTC,10139402865726403522,-10058786,-276400
2026-02-21 03:06:47.000 UTC,29729542648176604230,-29488925,-276402
2026-02-21 03:59:35.000 UTC,-16980169497319014761,16858820,-276401
2026-02-21 04:59:35.000 UTC,-16978721429841140063,16859450,-276399
2026-02-21 05:02:11.000 UTC,-33951272069214228300,33718976,-276397
2026-02-21 05:02:59.000 UTC,9765638663916203335,-9689972,-276398
2026-02-21 05:15:23.000 UTC,-31907262934684239541,31694258,-276395
2026-02-21 05:26:23.000 UTC,2098773741161104568,-2082902,-276396
2026-02-21 05:30:59.000 UTC,-31870544736398139005,31664601,-276393
2026-02-21 05:33:35.000 UTC,12259284803239716252,-12168752,-276394
2026-02-21 05:45:35.000 UTC,-16999040615999150549,16890682,-276393
2026-02-21 05:47:47.000 UTC,71125574397785263560,-70587737,-276398
2026-02-21 07:43:59.000 UTC,42905704867601604975,-42563730,-276401
2026-02-21 08:57:23.000 UTC,-32125618006363550874,31900219,-276399
2026-02-21 09:30:59.000 UTC,-34022871055516452925,33792235,-276396
2026-02-21 09:35:35.000 UTC,-63030710427780077955,62625391,-276392
2026-02-21 09:35:35.000 UTC,79641265040270543216,-79045289,-276398
2026-02-21 11:05:59.000 UTC,24835909534726477853,-24640757,-276399
2026-02-21 12:18:11.000 UTC,22557697672654789239,-22376617,-276401
2026-02-21 13:05:35.000 UTC,-39749323682638825381,39472152,-276398
2026-02-21 13:33:23.000 UTC,5679518317222783715,-5634970,-276398
2026-02-21 14:59:11.000 UTC,21625405997021550008,-21453667,-276400
2026-02-21 16:04:47.000 UTC,24290827947635905683,-24093927,-276402
2026-02-21 16:27:11.000 UTC,32399964814873236996,-32130755,-276404
2026-02-21 17:36:47.000 UTC,-25264605020011256379,25079112,-276402
2026-02-21 20:55:47.000 UTC,8710891770406743254,-8638808,-276403
2026-02-21 21:00:35.000 UTC,13834016873301529166,-13718422,-276404
2026-02-21 22:57:11.000 UTC,34116640915329980187,-33825712,-276406
2026-02-22 10:14:11.000 UTC,-23690078092132021033,23510684,-276405
2026-02-22 10:26:59.000 UTC,-17081973514637539369,16955116,-276403
2026-02-22 12:06:59.000 UTC,18777181726482994823,-18618988,-276405
2026-02-22 12:40:23.000 UTC,39942563405301338549,-39597662,-276408
2026-02-22 13:38:23.000 UTC,29120058949161193516,-28861414,-276410
2026-02-22 13:41:35.000 UTC,60530377208148828419,-59973123,-276414
2026-02-22 14:40:47.000 UTC,3001033672760572438,-2972708,-276414
2026-02-22 15:45:11.000 UTC,-5987076629208637657,5936569,-276414
2026-02-22 15:50:11.000 UTC,-16050527302152683192,15916418,-276413
2026-02-22 16:55:59.000 UTC,-155099900206449674621,153900000,-276402
2026-02-22 17:08:11.000 UTC,66994357633381267142,-66430783,-276406
2026-02-22 17:46:23.000 UTC,7643875263283394060,-7577531,-276407
2026-02-22 23:01:23.000 UTC,-24062650968347681048,23879090,-276405
2026-02-23 00:24:47.000 UTC,6618970079700009519,-6562324,-276406
2026-02-23 00:59:11.000 UTC,18792824577294995277,-18630284,-276407
2026-02-23 01:04:11.000 UTC,42963033451391446565,-42581950,-276410
2026-02-23 01:04:23.000 UTC,33961493895278789358,-33650839,-276413
2026-02-23 01:04:35.000 UTC,64053377513870736103,-63444501,-276417
2026-02-23 01:06:47.000 UTC,21600423793517755555,-21388330,-276419
2026-02-23 01:11:23.000 UTC,55099194212939852795,-54541248,-276424
2026-02-23 01:12:23.000 UTC,-137445656512947952966,136233682,-276413
2026-02-23 01:20:59.000 UTC,42184931790814863479,-41786306,-276416
2026-02-23 02:29:35.000 UTC,-75013304494250262528,74387858,-276410
2026-02-23 03:19:23.000 UTC,10287166037241563973,-10193631,-276411
2026-02-23 04:17:23.000 UTC,9406030328194993020,-9319830,-276412
2026-02-23 04:43:23.000 UTC,3853967165669394599,-3818461,-276412
2026-02-23 05:19:35.000 UTC,-24856881298138707903,24654439,-276410
2026-02-23 05:50:59.000 UTC,56606001533804292189,-56082275,-276415
2026-02-23 06:05:59.000 UTC,-17067247582442373880,16923791,-276413
2026-02-23 06:10:23.000 UTC,-37368815828049044767,37062171,-276411
2026-02-23 06:16:23.000 UTC,-34120297590934920659,33849157,-276408
2026-02-23 06:39:59.000 UTC,-9660790229978044268,9585535,-276407
2026-02-23 09:03:23.000 UTC,-22861584324696814812,22686162,-276406
2026-02-23 09:32:35.000 UTC,-11172748738435064129,11088381,-276405
2026-02-23 09:33:35.000 UTC,-42316869947289321611,42005438,-276402
2026-02-23 09:38:59.000 UTC,-57611998233770805255,57208647,-276398
2026-02-23 10:10:35.000 UTC,61371855958070045861,-60880433,-276402
2026-02-23 10:21:59.000 UTC,-9837564856268187753,9766742,-276401
2026-02-23 11:54:35.000 UTC,-502857577235334084470,500000000,-276380
2026-02-23 11:54:47.000 UTC,500824977223326475051,-497484455,-276401
2026-02-23 11:54:59.000 UTC,566953804078941006831,-561061298,-276450
2026-02-23 11:54:59.000 UTC,-401348616202422845440,397300000,-276413
2026-02-23 11:56:23.000 UTC,-51036667843711074305,50620621,-276410
2026-02-23 12:15:59.000 UTC,-1617904775768896127,1605025,-276409
2026-02-23 12:37:59.000 UTC,-11978020194187431449,11883246,-276409
2026-02-23 13:08:47.000 UTC,-3522245719360783264,3494573,-276408
2026-02-23 13:08:59.000 UTC,-14768042978772533250,14652981,-276407
2026-02-23 13:45:23.000 UTC,-11931133807840722944,11839317,-276406
2026-02-23 14:21:11.000 UTC,31916479959441229211,-31636917,-276409
2026-02-23 15:29:11.000 UTC,-5039628821787223422,5000000,-276408
2026-02-23 15:56:59.000 UTC,25077075262318269560,-24853212,-276410
2026-02-23 16:05:11.000 UTC,16905334509600956155,-16751871,-276411
2026-02-23 16:07:35.000 UTC,23352234112925641904,-23136811,-276413
2026-02-23 16:30:35.000 UTC,-19738319351827517579,19575545,-276412
2026-02-23 16:32:23.000 UTC,-10074838187894096371,9992856,-276411
2026-02-23 17:16:35.000 UTC,39750692172184928688,-39383493,-276414
2026-02-23 18:37:23.000 UTC,-16003200444853593205,15869846,-276413
2026-02-23 19:10:11.000 UTC,-56253014723567934179,55799092,-276409
2026-02-23 21:01:47.000 UTC,-58891267969908575321,58440421,-276404
2026-02-23 23:20:47.000 UTC,-24811140586510533518,24628641,-276402
2026-02-23 23:38:23.000 UTC,11257891858635382826,-11164458,-276403
2026-02-24 00:10:23.000 UTC,41213174812280092931,-40863389,-276406
2026-02-24 00:42:11.000 UTC,-17144389844384601547,17014416,-276405
2026-02-24 01:12:23.000 UTC,43930646945028870640,-43549805,-276408
2026-02-24 01:14:47.000 UTC,99949974378180050070,-99031671,-276416
2026-02-24 01:18:47.000 UTC,39137372028248743782,-38757915,-276418
2026-02-24 01:18:47.000 UTC,25108074543373890725,-24858742,-276420
2026-02-24 01:21:35.000 UTC,-54250319165961973560,53771136,-276416
2026-02-24 01:24:35.000 UTC,-54397479139947738773,53938640,-276412
2026-02-24 01:26:47.000 UTC,-59134376121755780967,58660077,-276408
2026-02-24 01:48:47.000 UTC,14447954867981314915,-14320065,-276409
2026-02-24 02:31:59.000 UTC,-65186901335222195791,64686395,-276404
2026-02-24 02:33:59.000 UTC,7822428160226663495,-7756213,-276405
2026-02-24 03:03:35.000 UTC,60422568243320230858,-59896352,-276409
2026-02-24 04:13:35.000 UTC,31772368235881713219,-31485170,-276411
2026-02-24 04:15:23.000 UTC,28572536964809835298,-28307980,-276414
2026-02-24 04:15:35.000 UTC,14406130326172714061,-14270477,-276415
2026-02-24 04:15:47.000 UTC,31393917052670667705,-31093042,-276417
2026-02-24 04:21:23.000 UTC,-100419528276957008085,99582041,-276410
2026-02-24 05:24:59.000 UTC,28941605040000367712,-28679105,-276412
2026-02-24 06:17:23.000 UTC,126424791293518442408,-125206268,-276421
2026-02-24 06:23:35.000 UTC,-103256683977304440832,102355053,-276413
2026-02-24 08:33:35.000 UTC,-43464569687428248633,43108426,-276410
2026-02-24 08:33:47.000 UTC,-70971321068780695499,70419092,-276405
2026-02-24 09:33:59.000 UTC,41378063554369079298,-41019440,-276408
2026-02-24 09:36:23.000 UTC,7102743463833778196,-7039952,-276409
2026-02-24 12:10:23.000 UTC,-51821629745369280657,51423210,-276405
2026-02-24 13:35:11.000 UTC,77986592054762744207,-77302347,-276410
2026-02-24 14:30:11.000 UTC,-115771341506524023718,114886115,-276402
2026-02-24 15:49:59.000 UTC,5618110324293690185,-5571794,-276403
2026-02-24 16:03:23.000 UTC,-119475064428453712070,118657491,-276394
2026-02-24 16:31:59.000 UTC,162883619215956403231,-161581983,-276406
2026-02-24 17:01:47.000 UTC,-76517888378218554755,75958699,-276400
2026-02-24 17:46:11.000 UTC,19546352685024975770,-19388099,-276402
2026-02-24 19:22:47.000 UTC,-131506735715746121903,130625395,-276392
2026-02-24 19:22:47.000 UTC,117975868804228043341,-117073801,-276401
2026-02-24 19:24:11.000 UTC,1315067357157461220,-1304450,-276401
2026-02-24 23:10:23.000 UTC,34358959115697450298,-34077168,-276403
2026-02-25 00:58:59.000 UTC,6878621666933802701,-6821192,-276404
2026-02-25 01:12:23.000 UTC,-241334807540610489189,239762443,-276386
2026-02-25 01:12:47.000 UTC,-40020299235079583200,39800000,-276383
2026-02-25 01:14:11.000 UTC,122260274869026027887,-121429640,-276392
2026-02-25 01:15:23.000 UTC,38916977172629116222,-38630076,-276395
2026-02-25 01:19:23.000 UTC,-38327626716901102137,38083067,-276392
2026-02-25 01:19:59.000 UTC,33531404606575291801,-33284716,-276395
2026-02-25 01:23:11.000 UTC,-35343241996590803600,35118568,-276392
2026-02-25 01:26:11.000 UTC,-38572877515498133771,38337911,-276389
2026-02-25 01:26:23.000 UTC,69461423424519968072,-68961588,-276394
2026-02-25 01:44:23.000 UTC,48501233077281416205,-48131713,-276398
2026-02-25 02:08:35.000 UTC,-21614852215854474067,21469557,-276396
2026-02-25 02:08:35.000 UTC,-26919884176774145847,26743618,-276394
2026-02-25 02:30:59.000 UTC,31801933900226332593,-31561559,-276397
2026-02-25 03:01:35.000 UTC,21558266654147230633,-21391196,-276398
2026-02-25 03:02:59.000 UTC,-603279631099620844472,600000000,-276380
2026-02-25 03:03:11.000 UTC,452579822610736519003,-449798547,-276387
2026-02-25 03:03:11.000 UTC,151688719737739369171,-150583191,-276398
2026-02-25 03:03:11.000 UTC,24542680452263678144,-24348307,-276400
2026-02-25 03:17:23.000 UTC,34395914435393717828,-34116244,-276402
2026-02-25 03:23:23.000 UTC,33989443513443800223,-33704756,-276405
2026-02-25 03:23:35.000 UTC,9974121368413694620,-9889011,-276406
2026-02-25 03:23:35.000 UTC,9701128966590824298,-9617665,-276406
2026-02-25 03:57:59.000 UTC,34386445289188597364,-34085176,-276409
2026-02-25 04:30:23.000 UTC,-55706037003885622403,55277500,-276405
2026-02-25 05:24:47.000 UTC,12181631750535267791,-12077734,-276406
2026-02-25 05:38:23.000 UTC,28823604428118242081,-28573537,-276408
2026-02-25 05:38:35.000 UTC,16739815872403597383,-16591856,-276409
2026-02-25 08:23:47.000 UTC,-38017164838820720980,37721748,-276406
2026-02-25 08:23:59.000 UTC,-87256888653470127056,86618030,-276400
2026-02-25 08:59:35.000 UTC,-34261315398485687351,34025400,-276397
2026-02-25 09:22:47.000 UTC,-38188247804019454497,37935221,-276395
2026-02-25 09:24:47.000 UTC,86745835089478906052,-86069840,-276401
2026-02-25 10:14:23.000 UTC,-5910013394803305382,5868114,-276400
2026-02-25 10:16:35.000 UTC,-326936360057764042033,325000000,-276380
2026-02-25 10:16:47.000 UTC,313961140597685648668,-311804024,-276400
2026-02-25 10:43:59.000 UTC,61000000000000000000,-60500680,-276404
2026-02-25 10:57:23.000 UTC,-68571468957181814191,68080105,-276399
2026-02-25 11:01:59.000 UTC,-42474347498798306828,42186908,-276396
2026-02-25 11:03:23.000 UTC,93658232914872861946,-92914246,-276403
2026-02-25 11:19:59.000 UTC,-186887601542339134239,185651146,-276389
2026-02-25 11:20:11.000 UTC,124744509898821853821,-123823128,-276398
2026-02-25 11:40:11.000 UTC,-9752045113935216333,9685679,-276397
2026-02-25 12:04:47.000 UTC,56513979799172762763,-56063800,-276402
2026-02-25 12:20:23.000 UTC,-25941468912023102007,25757736,-276400
2026-02-25 12:24:11.000 UTC,-49967481855902070200,49627190,-276396
2026-02-25 12:45:47.000 UTC,43149857105897436258,-42814207,-276399
2026-02-25 13:01:11.000 UTC,-21532384995422071732,21384604,-276398
2026-02-25 13:32:59.000 UTC,-32946775766510099848,32727096,-276395
2026-02-25 14:19:47.000 UTC,55596117158690468866,-55165697,-276399
2026-02-25 14:33:59.000 UTC,-4842211334476023474,4808651,-276399
2026-02-25 14:48:47.000 UTC,-39204342635351011975,38938817,-276396
2026-02-25 14:50:23.000 UTC,-30101789914154980603,29905402,-276394
2026-02-25 14:50:35.000 UTC,-35959832539555206835,35733756,-276391
2026-02-25 14:58:47.000 UTC,158029302974366232927,-156809660,-276403
2026-02-25 15:02:23.000 UTC,-76980043957363233201,76440000,-276397
2026-02-25 15:32:35.000 UTC,-39259753726995023011,39000707,-276394
2026-02-25 15:32:47.000 UTC,-85655482602840931125,85128723,-276388
2026-02-25 15:36:59.000 UTC,-63838267351119722503,63479969,-276384
2026-02-25 15:40:11.000 UTC,36628677769988673756,-36390263,-276386
2026-02-25 15:56:59.000 UTC,150949400182172789363,-149865293,-276397
2026-02-25 16:20:59.000 UTC,-27252424619640511491,27071679,-276395
2026-02-25 16:31:35.000 UTC,-27658602029665922351,27480615,-276393
2026-02-25 16:57:59.000 UTC,-64546276795130267928,64152285,-276388
2026-02-25 17:17:23.000 UTC,122255068775100939169,-121362059,-276397
2026-02-25 17:17:47.000 UTC,-16665361960411644906,16553872,-276396
2026-02-25 18:03:11.000 UTC,93274696279690210373,-92532472,-276403
2026-02-25 18:40:59.000 UTC,-9045514752477888512,8979785,-276402
2026-02-25 19:07:35.000 UTC,-502878382878718222158,500000000,-276380
2026-02-25 19:07:35.000 UTC,-351787162487170752400,350000000,-276380
2026-02-25 19:07:47.000 UTC,719904855167018215958,-715433438,-276392
2026-02-25 19:07:59.000 UTC,520822569080172506520,-516043517,-276434
2026-02-25 19:07:59.000 UTC,-235430782188236534804,233248220,-276413
2026-02-25 19:27:59.000 UTC,-103275545293269423765,102455520,-276406
2026-02-25 20:21:47.000 UTC,-71765473578370737056,71240729,-276400
2026-02-25 21:35:11.000 UTC,-109085918615278894993,108359062,-276392
2026-02-25 21:38:59.000 UTC,-63409587305976425696,63049727,-276384
2026-02-25 21:38:59.000 UTC,-44182701280161735777,43949049,-276381
2026-02-25 21:38:59.000 UTC,-51292730483313865940,50980496,-276389
2026-02-25 21:39:23.000 UTC,95435546356596815988,-94818390,-276388
2026-02-25 21:41:11.000 UTC,114730931869509741379,-113902482,-276396
2026-02-25 21:52:23.000 UTC,-5538263431934412236,5501605,-276396
2026-02-25 22:16:47.000 UTC,-41917439641947465584,41647123,-276393
2026-02-25 22:27:23.000 UTC,73898037412612332566,-73339616,-276398
2026-02-25 22:30:47.000 UTC,-34314962367318525287,34084867,-276396
2026-02-25 22:36:23.000 UTC,-34306560885892274306,34084972,-276393
2026-02-25 22:40:59.000 UTC,51341098431206444230,-50955353,-276397
2026-02-25 22:41:11.000 UTC,74921198848569771085,-74324391,-276402
2026-02-25 22:42:47.000 UTC,164463809642680228671,-163012597,-276414
2026-02-25 22:52:59.000 UTC,51055110297047650868,-50564683,-276418
2026-02-25 22:55:35.000 UTC,-146679928690015469568,145467555,-276407
2026-02-25 23:17:23.000 UTC,41918708758860431122,-41546624,-276410
2026-02-25 23:33:47.000 UTC,13586682548756685986,-13463377,-276411
2026-02-25 23:45:11.000 UTC,26645205775336100766,-26399470,-276413
2026-02-25 23:56:59.000 UTC,-62149062247310999351,61645549,-276409
2026-02-25 23:58:23.000 UTC,-25213775708003546039,25017435,-276407
2026-02-26 00:18:47.000 UTC,-55139417959325924176,54725923,-276403
2026-02-26 00:24:59.000 UTC,-20748505021345481100,20598556,-276401
2026-02-26 00:34:59.000 UTC,-148175525204834118001,147194469,-276391
2026-02-26 00:35:47.000 UTC,100833461859472356205,-100082845,-276398
2026-02-26 00:38:59.000 UTC,62530900752632837057,-62028808,-276402
2026-02-26 00:40:23.000 UTC,28348380212744585676,-28111531,-276404
2026-02-26 00:48:11.000 UTC,-9955047032749435806,9881097,-276404
2026-02-26 01:41:23.000 UTC,-188897689596569200054,187629227,-276390
2026-02-26 01:41:23.000 UTC,116227947536757250677,-115362352,-276398
2026-02-26 02:01:35.000 UTC,15779620276228389349,-15654638,-276400
2026-02-26 02:04:47.000 UTC,7878499202099981236,-7815430,-276400
2026-02-26 02:05:47.000 UTC,23694130165076241949,-23501774,-276402
2026-02-26 04:35:23.000 UTC,-33456639013311401819,33219411,-276399
2026-02-26 05:16:59.000 UTC,24806045262534288585,-24606301,-276401
2026-02-26 05:18:11.000 UTC,13701948943443910230,-13589728,-276402
2026-02-26 06:33:59.000 UTC,1635470671693530670,-1621986,-276402
2026-02-26 07:41:23.000 UTC,30084112673535998367,-29832651,-276405
2026-02-26 09:13:11.000 UTC,-63726748431185839042,63265014,-276400
2026-02-26 10:29:35.000 UTC,12365286861929027018,-12265696,-276401
2026-02-26 10:41:35.000 UTC,42134770052734794482,-41787192,-276404
2026-02-26 11:47:23.000 UTC,22669002652220796667,-22476743,-276406
2026-02-26 12:32:35.000 UTC,-3167727110252920832,3143784,-276405
2026-02-26 14:48:23.000 UTC,143846633526001670587,-142543792,-276416
2026-02-26 14:48:47.000 UTC,56018568731493914549,-55470414,-276420
2026-02-26 14:56:59.000 UTC,-113181184089820926614,112209544,-276412
2026-02-26 15:17:11.000 UTC,113786805629067428031,-112696956,-276420
2026-02-26 15:17:35.000 UTC,73057080311489167371,-72302130,-276427
2026-02-26 15:27:35.000 UTC,-187665575369970133706,185999272,-276412
2026-02-26 16:48:23.000 UTC,35701248020590387379,-35369736,-276414
2026-02-26 16:53:11.000 UTC,71395986317967072237,-70705058,-276419
2026-02-26 17:17:47.000 UTC,-133067474176243323669,131941672,-276410
2026-02-26 17:35:59.000 UTC,14277758520331197343,-14149005,-276411
2026-02-26 18:34:11.000 UTC,-227934162429872799825,226279344,-276394
2026-02-26 18:35:23.000 UTC,106789378119957020980,-105954456,-276402
2026-02-26 18:44:23.000 UTC,-16958961145204900311,16837746,-276401
2026-02-26 19:04:35.000 UTC,132910617512449053580,-131773543,-276410
2026-02-26 19:05:23.000 UTC,-112228564972335534175,111371488,-276402
2026-02-26 19:32:47.000 UTC,-34653431839124295103,34407035,-276400
2026-02-26 20:04:59.000 UTC,-37115013856313823826,36860670,-276397
2026-02-26 20:20:11.000 UTC,-4558153811049778882,4527600,-276397
2026-02-26 20:36:23.000 UTC,32897210426751989677,-32640680,-276399
2026-02-26 20:42:11.000 UTC,10216941017327481227,-10135692,-276400
2026-02-26 23:35:35.000 UTC,-17328673175583802988,17208516,-276398
2026-02-27 00:27:35.000 UTC,32307525912823844762,-32049696,-276401
2026-02-27 01:08:35.000 UTC,60809934024697365675,-60304364,-276405
2026-02-27 01:10:23.000 UTC,7836517930825017904,-7769440,-276406
2026-02-27 01:59:59.000 UTC,-30587726365298276222,30358751,-276404
2026-02-27 02:07:47.000 UTC,-7790387915309988488,7733142,-276403
2026-02-27 02:20:47.000 UTC,-73078361015187693145,72562552,-276398
2026-02-27 03:45:35.000 UTC,-26049698053752935359,25875096,-276396
2026-02-27 04:03:47.000 UTC,-79422983993853499338,78920712,-276390
2026-02-27 04:04:47.000 UTC,85027478551130288506,-84403598,-276396
2026-02-27 04:05:59.000 UTC,-26591383313743521823,26417113,-276394
2026-02-27 04:19:11.000 UTC,-259637985060507525243,258186601,-276380
2026-02-27 04:19:23.000 UTC,235008914516116836326,-233480844,-276393
2026-02-27 04:36:59.000 UTC,64755662405348050277,-64269600,-276397
2026-02-27 05:09:23.000 UTC,1017210362951230864,-1009335,-276397
2026-02-27 05:12:11.000 UTC,-25549324072077767910,25379146,-276395
2026-02-27 05:19:23.000 UTC,-10442573854729944730,10374368,-276395
2026-02-27 05:19:47.000 UTC,4302428328503017472,-4270148,-276395
2026-02-27 05:20:59.000 UTC,-130480501997013672097,129690265,-276386
2026-02-27 05:21:11.000 UTC,135441334636322806899,-134484087,-276395
2026-02-27 05:24:47.000 UTC,40054976692070967701,-39746679,-276398
2026-02-27 06:08:47.000 UTC,24777001106045309523,-24580541,-276400
2026-02-27 06:20:35.000 UTC,7955636045567778053,-7891622,-276401
2026-02-27 06:25:35.000 UTC,13510406453111996368,-13400658,-276402
2026-02-27 06:27:23.000 UTC,18369232856460060022,-18217918,-276403
2026-02-27 07:55:35.000 UTC,3887093314287828186,-3854764,-276403
2026-02-27 08:10:35.000 UTC,-105029279704917842286,104298079,-276396
2026-02-27 09:38:23.000 UTC,72143732583189564016,-71578364,-276401
2026-02-27 09:44:11.000 UTC,43967126494901446096,-43604285,-276404
2026-02-27 09:44:59.000 UTC,44757025933420802951,-44373451,-276407
2026-02-27 09:48:35.000 UTC,11898625259492155288,-11794240,-276408
2026-02-27 10:03:59.000 UTC,18419344459436980259,-18255756,-276409
2026-02-27 10:13:59.000 UTC,27069359282434305064,-26824531,-276411
2026-02-27 10:14:11.000 UTC,48364504992386306144,-47913759,-276415
2026-02-27 10:29:35.000 UTC,-74140472125317740714,73530000,-276409
2026-02-27 11:14:23.000 UTC,-222714200541981781006,221118226,-276393
2026-02-27 11:14:35.000 UTC,107401604499569462800,-106569749,-276401
2026-02-27 11:15:47.000 UTC,19264232917178355749,-19106285,-276403
2026-02-27 11:16:23.000 UTC,44715544836758545598,-44338679,-276406
2026-02-27 11:19:59.000 UTC,63002099556855715780,-62446829,-276410
2026-02-27 11:36:23.000 UTC,28221500687048307611,-27963505,-276412
2026-02-27 11:38:59.000 UTC,23805166549777377231,-23583014,-276414
2026-02-27 11:41:35.000 UTC,34944600934043943638,-34610984,-276417
2026-02-27 12:15:11.000 UTC,-141189842472088813273,140036557,-276406
2026-02-27 12:16:47.000 UTC,38601829675142637073,-38262574,-276409
2026-02-27 12:17:11.000 UTC,-140940446968524599646,139893298,-276399
2026-02-27 12:17:23.000 UTC,14535517043853849054,-14419680,-276400
2026-02-27 12:18:23.000 UTC,-141291582758334605776,140370150,-276390
2026-02-27 12:18:35.000 UTC,161428291665556275907,-160203594,-276402
2026-02-27 12:46:47.000 UTC,44363091304709029892,-43993819,-276405
2026-02-27 12:49:23.000 UTC,-263063869654735193964,261341709,-276386
2026-02-27 12:49:35.000 UTC,200338636970241474211,-198873257,-276400
2026-02-27 12:50:23.000 UTC,-143958320219095147260,143019250,-276390
2026-02-27 12:50:47.000 UTC,143801949044738372791,-142721188,-276400
2026-02-27 13:36:35.000 UTC,53104172796558691374,-52667598,-276404
2026-02-27 13:37:47.000 UTC,33937206501561532946,-33647631,-276406
2026-02-27 14:27:47.000 UTC,13240142451364529451,-13124933,-276407
2026-02-27 14:43:23.000 UTC,75172535730598546124,-74494561,-276413
2026-02-27 15:55:59.000 UTC,-81299237232232536398,80648437,-276407
2026-02-27 16:40:35.000 UTC,18923237186080474169,-18757234,-276408
2026-02-27 16:42:59.000 UTC,27031835156717958398,-26790256,-276410
2026-02-27 17:19:23.000 UTC,31892927805992265763,-31601115,-276413
2026-02-27 17:20:11.000 UTC,29226136952399942700,-28952191,-276415
2026-02-27 18:00:23.000 UTC,-50154381322205372449,49737839,-276411
2026-02-27 19:46:47.000 UTC,31359744618194596802,-31070362,-276413
2026-02-27 19:46:47.000 UTC,30209405935090444465,-29923835,-276416
2026-02-27 19:56:11.000 UTC,-44542214397763780608,44167651,-276412
2026-02-27 19:57:11.000 UTC,-3071692821799494016,3046399,-276412
2026-02-27 20:13:35.000 UTC,-18912205679530703618,18757992,-276411
2026-02-27 21:05:59.000 UTC,-49126262173240947611,48737751,-276407
2026-02-27 22:22:59.000 UTC,4898124288903779857,-4855304,-276408
2026-02-27 22:23:11.000 UTC,21213074791320963337,-21025649,-276409
2026-02-27 22:37:59.000 UTC,9573900470551798622,-9488257,-276410
2026-02-27 22:43:59.000 UTC,-71426095896330577740,70873823,-276405
2026-02-27 23:02:47.000 UTC,-13500437607148902458,13400161,-276404
2026-02-27 23:12:23.000 UTC,-5844917017489811793,5801908,-276403
2026-02-28 00:12:35.000 UTC,-15729778364817865559,15615250,-276402
2026-02-28 03:39:47.000 UTC,6174473000669994142,-6123600,-276402
2026-02-28 04:31:11.000 UTC,26172752718334421198,-25954078,-276404
2026-02-28 04:33:59.000 UTC,23595467419853150049,-23394122,-276406
2026-02-28 05:36:47.000 UTC,8221389791751025897,-8150299,-276407
2026-02-28 06:12:11.000 UTC,17432814095243565903,-17280471,-276408
2026-02-28 06:17:11.000 UTC,12630745577745235280,-12519009,-276409
2026-02-28 06:17:23.000 UTC,104819032110961028356,-103847179,-276417
2026-02-28 06:17:35.000 UTC,-70848716981108640059,70253297,-276411
2026-02-28 06:18:59.000 UTC,120689631844921426433,-119533717,-276420
2026-02-28 06:20:11.000 UTC,-36516534009813929315,36191740,-276418
2026-02-28 06:22:35.000 UTC,-75561076085047381249,74920016,-276412
2026-02-28 06:28:23.000 UTC,17703720865748187771,-17539722,-276413
2026-02-28 06:30:23.000 UTC,24368401764432976151,-24138914,-276415
2026-02-28 06:30:35.000 UTC,39834793451894546917,-39450299,-276418
2026-02-28 06:46:11.000 UTC,1916302103321826897,-1897513,-276418
2026-02-28 06:47:11.000 UTC,-10975984331131833899,10879607,-276417
2026-02-28 07:02:47.000 UTC,-199114031832164728832,197517978,-276403
2026-02-28 07:40:23.000 UTC,-44365262770337113425,44048510,-276400
2026-02-28 07:50:23.000 UTC,56632873871969114017,-56169836,-276404
2026-02-28 08:14:23.000 UTC,8894446381698917627,-8819637,-276404
2026-02-28 08:14:35.000 UTC,10626662644611719837,-10536542,-276405
2026-02-28 08:20:47.000 UTC,42636677089581925993,-42266965,-276408
2026-02-28 08:32:47.000 UTC,1012676291724733940,-1003737,-276408
2026-02-28 08:45:59.000 UTC,22938957901704547194,-22734501,-276410
2026-02-28 09:26:47.000 UTC,-2887106711775084544,2864031,-276410
2026-02-28 10:06:59.000 UTC,2000000000000000000,-1982036,-276410
2026-02-28 10:11:47.000 UTC,10065795199032425663,-9974953,-276411
2026-02-28 10:32:35.000 UTC,-52846039539347645260,52429627,-276407
2026-02-28 11:02:35.000 UTC,-39973452390527425694,39671766,-276404
2026-02-28 11:02:35.000 UTC,-28927082645891890534,28715910,-276402
2026-02-28 11:28:11.000 UTC,-9937122828383498474,9865965,-276401
2026-02-28 12:01:35.000 UTC,6720285649475133545,-6665570,-276402
2026-02-28 12:01:47.000 UTC,-779264587515345643779,775000000,-276380
2026-02-28 12:01:47.000 UTC,-1507646361351258428538,1500000000,-276380
2026-02-28 12:01:59.000 UTC,2255351918416368920177,-2241422660,-276399
2026-02-28 12:02:23.000 UTC,38596932068302797556,-38285458,-276402
2026-02-28 14:00:11.000 UTC,-2010523400471845160441,2000000000,-276380
2026-02-28 14:00:23.000 UTC,2080651540934703884306,-2067537903,-276407
2026-02-28 14:01:35.000 UTC,-34659528933258227687,34396578,-276404
2026-02-28 14:01:35.000 UTC,-117087934811448820984,116263335,-276396
2026-02-28 14:01:47.000 UTC,-12560940615747098092,12478323,-276395
2026-02-28 14:05:59.000 UTC,166340277256346685317,-164989360,-276407
2026-02-28 14:57:59.000 UTC,2000000000000000000,-1982551,-276407
2026-02-28 15:15:11.000 UTC,59096542532150367176,-58568049,-276412
2026-02-28 16:11:47.000 UTC,-52098543609423722779,51683003,-276408
2026-02-28 16:57:23.000 UTC,-16432216021835184195,16305191,-276407
2026-02-28 17:00:11.000 UTC,-3838057761539620864,3808668,-276406
2026-02-28 17:37:47.000 UTC,7439366289331180603,-7374922,-276407
2026-02-28 18:08:47.000 UTC,-12806722120822116395,12708735,-276406
2026-02-28 18:34:35.000 UTC,-43976742162275491693,43649215,-276403
2026-02-28 18:37:35.000 UTC,-68957791745222283175,68472139,-276398
2026-02-28 18:39:23.000 UTC,-46418194008659734345,46110498,-276394
2026-02-28 18:44:11.000 UTC,100000000000000000000,-99218618,-276402
2026-02-28 18:54:35.000 UTC,-101807935982100992987,101114196,-276394
2026-02-28 19:06:35.000 UTC,109834354074474357144,-108973723,-276402
2026-02-28 19:33:35.000 UTC,-4907570959356085937,4872144,-276402
2026-02-28 19:36:59.000 UTC,-40443612288730955322,40158228,-276399
2026-02-28 20:02:47.000 UTC,219241383120575712624,-217336131,-276415
2026-02-28 20:02:59.000 UTC,-197002699900758941544,195470490,-276400
2026-02-28 20:02:59.000 UTC,41404703329651574021,-41064729,-276403
2026-02-28 20:03:11.000 UTC,-12703713035957738329,12610706,-276403
2026-02-28 20:04:23.000 UTC,161521110543246693151,-160092039,-276414
2026-02-28 20:04:23.000 UTC,287296343966430377116,-284234315,-276441
2026-02-28 20:04:35.000 UTC,234474423375533175770,-231387205,-276464
2026-02-28 20:04:35.000 UTC,-87585029811670512140,86455832,-276455
2026-02-28 20:04:35.000 UTC,-362075901622133936240,358200071,-276420
2026-02-28 20:04:47.000 UTC,-3644133223930260880,3611504,-276419
2026-02-28 20:04:47.000 UTC,-132732602921113264679,131610397,-276410
2026-02-28 20:04:47.000 UTC,-1993569163216632237,1977694,-276409
2026-02-28 20:05:11.000 UTC,-3251853273561842976,3226020,-276409
2026-02-28 20:11:23.000 UTC,-80715890877642784601,80098931,-276403
2026-02-28 20:14:59.000 UTC,-55947301262399202758,55547073,-276399
2026-02-28 20:22:11.000 UTC,-47773278522219336096,47449300,-276396
2026-02-28 20:38:23.000 UTC,72558031995576952066,-71987489,-276401
2026-02-28 20:58:11.000 UTC,-12873758828011108799,12782557,-276400
2026-02-28 21:48:35.000 UTC,-24484625339413930498,24314449,-276398
2026-02-28 22:07:11.000 UTC,13403237542545916597,-13297306,-276399
2026-02-28 22:20:35.000 UTC,-6743625813517836657,6696863,-276399
2026-02-28 23:11:23.000 UTC,-1006954684377375805,1000000,-276399
2026-02-28 23:27:47.000 UTC,-139040936044677957511,138150526,-276389
2026-02-28 23:27:59.000 UTC,29597294039263415983,-29389976,-276391
2026-02-28 23:29:23.000 UTC,89354693835959266009,-88690684,-276397
2026-02-28 23:30:47.000 UTC,28209114324182972199,-27987602,-276399
2026-02-28 23:30:59.000 UTC,-92820597567984396566,92205413,-276393
2026-02-28 23:32:23.000 UTC,37767604761556707230,-37487243,-276395
2026-02-28 23:39:11.000 UTC,110775530776217754010,-109894246,-276403
2026-02-28 23:47:59.000 UTC,-130712585328785769368,129811837,-276394
2026-03-01 00:34:23.000 UTC,47611219053000913269,-47250042,-276397
2026-03-01 00:59:23.000 UTC,5882543463655615259,-5836790,-276398
2026-03-01 01:01:11.000 UTC,17082057002395833162,-16947793,-276399
2026-03-01 01:12:23.000 UTC,66621486566242103703,-66077873,-276404
2026-03-01 01:13:47.000 UTC,28592573335039994416,-28349519,-276406
2026-03-01 01:41:23.000 UTC,-51363440034492189829,50981980,-276402
2026-03-01 01:51:59.000 UTC,-98202302136334813844,97525663,-276395
2026-03-01 01:51:59.000 UTC,-26405761395567576787,26235628,-276393
2026-03-01 01:51:59.000 UTC,-19318489188729989171,19197191,-276392
2026-03-01 01:51:59.000 UTC,-39022843634320967769,38786002,-276389
2026-03-01 01:55:59.000 UTC,53109392397603700736,-52731599,-276393
2026-03-01 02:03:47.000 UTC,-58768675296239389862,58410221,-276389
2026-03-01 02:12:47.000 UTC,101187819252707618770,-100454705,-276396
2026-03-01 02:15:35.000 UTC,-31035835750798757535,30834000,-276394
2026-03-01 02:24:35.000 UTC,63654555054202526417,-63169927,-276398
2026-03-01 02:32:35.000 UTC,-286307780744036699941,284635434,-276380
2026-03-01 02:32:47.000 UTC,244226436727524690263,-242593260,-276395
2026-03-01 02:42:59.000 UTC,-17453153322630988952,17340005,-276394
2026-03-01 03:14:47.000 UTC,16319069389131150339,-16197130,-276395
2026-03-01 03:19:23.000 UTC,22823662264936262396,-22649917,-276397
2026-03-01 03:19:35.000 UTC,5166785370181007552,-5126934,-276397
2026-03-01 03:22:47.000 UTC,25750010307365714194,-25548553,-276399
2026-03-01 03:54:35.000 UTC,56106939712240907260,-55651532,-276403
2026-03-01 04:15:23.000 UTC,16462548526635776340,-16324648,-276404
2026-03-01 04:16:59.000 UTC,60920299605558951988,-60393122,-276409
2026-03-01 04:17:47.000 UTC,18536713968450369626,-18371036,-276410
2026-03-01 04:17:59.000 UTC,36333179121775630015,-36001239,-276413
2026-03-01 04:31:11.000 UTC,-15799336727165917120,15669475,-276411
2026-03-01 04:36:47.000 UTC,-41711192763540519145,41377076,-276408
2026-03-01 06:43:35.000 UTC,9932294804243381652,-9844017,-276409
2026-03-01 07:13:47.000 UTC,-9531273417328645840,9456000,-276408
2026-03-01 08:30:23.000 UTC,-172361199680601137910,171112357,-276396
2026-03-01 08:32:59.000 UTC,55229439326631444432,-54797641,-276400
2026-03-01 08:34:47.000 UTC,28386427860810499190,-28155993,-276402
2026-03-01 08:51:35.000 UTC,22861536034795593122,-22671756,-276404
2026-03-01 08:52:47.000 UTC,39744128689763227602,-39405295,-276407
2026-03-01 08:53:23.000 UTC,34253477485454969096,-33952384,-276409
2026-03-01 09:07:35.000 UTC,5483812092195275168,-5434829,-276409
2026-03-01 09:39:23.000 UTC,30047841962006358615,-29775606,-276412
2026-03-01 10:36:35.000 UTC,-24352188367099172358,24155208,-276410
2026-03-01 12:40:47.000 UTC,-50394096469256807690,50000000,-276406
2026-03-01 13:54:23.000 UTC,-152795451096085622228,151711850,-276395
2026-03-01 13:56:35.000 UTC,-15172248573279363376,15073793,-276394
2026-03-01 14:03:35.000 UTC,89112297288796306026,-88421909,-276401
2026-03-01 14:09:59.000 UTC,-185022954559975612397,183836979,-276387
2026-03-01 14:10:11.000 UTC,151994184603370099256,-150886981,-276398
2026-03-01 14:23:35.000 UTC,182476195562051129302,-180928295,-276411
2026-03-01 15:18:23.000 UTC,-82365106155873625328,81718618,-276405
2026-03-01 15:59:35.000 UTC,12207285941747281835,-12102429,-276406
2026-03-01 16:51:47.000 UTC,40051456932640217676,-39699938,-276409
2026-03-01 16:52:23.000 UTC,22613962205512209736,-22410415,-276411
2026-03-01 18:07:35.000 UTC,-52509174497558921216,52094251,-276407
2026-03-01 18:08:11.000 UTC,-26133134394262505383,25933995,-276405
2026-03-01 19:08:23.000 UTC,11178605986743237829,-11082931,-276406
2026-03-01 19:29:47.000 UTC,39341444074769341699,-38997618,-276409
2026-03-01 19:53:59.000 UTC,2410277703712833082,-2388853,-276409
2026-03-01 20:01:11.000 UTC,12377351450117870527,-12266675,-276410
2026-03-01 20:09:59.000 UTC,40475899106357801308,-40106243,-276413
2026-03-01 20:10:59.000 UTC,32142760171838244844,-31840675,-276415
2026-03-01 20:11:59.000 UTC,18693795383201336328,-18514631,-276417
2026-03-01 20:15:35.000 UTC,24640884551392453406,-24400818,-276418
2026-03-01 20:23:59.000 UTC,-15475731094238355959,15339775,-276417
2026-03-01 20:34:59.000 UTC,-85285940534325536697,84568168,-276411
2026-03-01 20:43:11.000 UTC,40495725246931712427,-40121406,-276414
2026-03-01 21:01:11.000 UTC,-16359624611364765993,16223181,-276413
2026-03-01 21:12:59.000 UTC,-33447004838083021337,33174152,-276410
2026-03-01 21:13:35.000 UTC,-43391542493947363328,43049599,-276407
2026-03-01 21:31:11.000 UTC,-615713880783027440451,612097930,-276380
2026-03-01 21:31:11.000 UTC,-80613271017006970480,80203664,-276380
2026-03-01 21:31:23.000 UTC,700154551487880831252,-695404132,-276407
2026-03-01 21:31:23.000 UTC,580341770078880456483,-573845796,-276460
2026-03-01 21:31:35.000 UTC,-534490717269116578609,528932511,-276411
2026-03-01 21:31:47.000 UTC,-520853222861657786575,517581169,-276380
2026-03-01 21:31:47.000 UTC,353785881704894438613,-351411620,-276399
2026-03-01 21:31:47.000 UTC,-105041704943285874118,104358905,-276391
2026-03-01 21:31:59.000 UTC,105093247160518294562,-104305728,-276399
2026-03-01 21:31:59.000 UTC,145148683956656671492,-143930903,-276409
2026-03-01 21:32:35.000 UTC,-92209865106736369914,91510263,-276402
2026-03-01 22:33:11.000 UTC,11693980614322628533,-11597027,-276403
2026-03-01 22:35:23.000 UTC,101663196755423655105,-100779074,-276411
2026-03-01 23:03:23.000 UTC,-65029722131302315272,64520175,-276406
2026-03-01 23:08:23.000 UTC,-26132924369147655204,25936694,-276404
2026-03-02 00:06:11.000 UTC,12049388878721995003,-11947562,-276405
2026-03-02 00:24:23.000 UTC,-17229203683646573910,17101022,-276404
2026-03-02 00:24:47.000 UTC,-20978494103852423714,20825291,-276402
2026-03-02 00:46:59.000 UTC,-12441954189171808105,12352584,-276401
2026-03-02 00:47:11.000 UTC,-17462903447565078020,17339340,-276400
2026-03-02 00:58:23.000 UTC,-17447038577570585637,17325772,-276399
2026-03-02 01:04:11.000 UTC,-3732444951786143600,3706787,-276398
2026-03-02 01:30:35.000 UTC,12612730221611722728,-12513099,-276399
2026-03-02 01:46:35.000 UTC,10763665293035579515,-10677739,-276400
2026-03-02 01:48:59.000 UTC,31476950536965144678,-31220908,-276402
2026-03-02 01:49:23.000 UTC,25338243433719240892,-25126980,-276404
2026-03-02 02:09:11.000 UTC,45670244233713590772,-45277852,-276407
2026-03-02 02:48:35.000 UTC,-39481274787981075240,39180357,-276405
2026-03-02 02:57:59.000 UTC,-39426294237499029762,39136947,-276402
2026-03-02 03:12:59.000 UTC,-11713819140586453111,11630000,-276401
2026-03-02 03:52:35.000 UTC,-12530982975541129649,12442407,-276400
2026-03-02 04:06:11.000 UTC,14324131523944848799,-14208568,-276401
2026-03-02 04:29:35.000 UTC,-18314980164546229360,18185664,-276400
2026-03-02 04:32:47.000 UTC,-16569574414573164006,16454656,-276399
2026-03-02 05:05:23.000 UTC,10423407782322554313,-10340997,-276399
2026-03-02 05:05:35.000 UTC,77305087235764256373,-76669601,-276405
2026-03-02 05:05:35.000 UTC,77264755426472074858,-76586856,-276410
2026-03-02 05:44:59.000 UTC,-107247598463016848458,106424565,-276403
2026-03-02 06:17:35.000 UTC,36813129448654756906,-36503384,-276405
2026-03-02 06:20:11.000 UTC,46871702478039088116,-46463287,-276409
2026-03-02 06:20:11.000 UTC,35165588589594493596,-34848844,-276411
2026-03-02 06:50:47.000 UTC,-1980395899628552192,1964285,-276411
2026-03-02 06:58:23.000 UTC,-6224387080671643152,6173935,-276411
2026-03-02 07:10:11.000 UTC,56178687941504224585,-55657351,-276415
2026-03-02 07:27:11.000 UTC,-12023269552545838457,11921671,-276414
2026-03-02 07:37:59.000 UTC,-144238022055237327114,143100997,-276403
2026-03-02 07:40:59.000 UTC,-144089874666425206856,143103147,-276393
2026-03-02 07:40:59.000 UTC,-146115924916801600447,145267588,-276382
2026-03-02 07:40:59.000 UTC,249835169460745164374,-248043467,-276401
2026-03-02 08:28:59.000 UTC,29047349666127364783,-28810000,-276403
2026-03-02 11:07:59.000 UTC,28328154239672431233,-28090862,-276405
2026-03-02 11:09:11.000 UTC,11957869028629936435,-11855979,-276406
2026-03-02 11:49:11.000 UTC,47116440288953537078,-46705013,-276409
2026-03-02 12:37:59.000 UTC,22065081769372469963,-21866945,-276411
2026-03-02 13:27:59.000 UTC,21128146785511268613,-20935122,-276412
2026-03-02 14:20:47.000 UTC,-19586747583703256,19426,-276412
2026-03-02 14:34:23.000 UTC,-95931816847109103827,95176382,-276405
2026-03-02 14:45:35.000 UTC,-23203296064540583512,23030492,-276403
2026-03-02 14:49:11.000 UTC,-33751230065298975141,33506763,-276401
2026-03-02 14:57:59.000 UTC,-136374071625547622180,135469525,-276391
2026-03-02 14:59:47.000 UTC,133792176715477912231,-132773154,-276401
2026-03-02 15:01:59.000 UTC,-48382484155268904761,48047212,-276397
2026-03-02 15:16:11.000 UTC,-85027501502237491852,84479005,-276391
2026-03-02 15:23:11.000 UTC,-185899078260002753828,184875591,-276380
2026-03-02 15:28:47.000 UTC,331800196583636432094,-329474124,-276402
2026-03-02 15:40:35.000 UTC,-70052580860518818099,69566395,-276397
2026-03-02 16:08:59.000 UTC,-65868325917733864117,65443310,-276392
2026-03-02 16:24:35.000 UTC,-279011617246383311295,277504049,-276380
2026-03-02 16:24:47.000 UTC,414252148045528057026,-411426811,-276402
2026-03-02 16:32:35.000 UTC,117250434063020658582,-116242377,-276410
2026-03-02 16:45:11.000 UTC,-126346726158735823268,125389965,-276401
2026-03-02 16:49:35.000 UTC,-10581421748846240540,10506489,-276400
2026-03-02 17:39:35.000 UTC,97907002522103220493,-97085866,-276407
2026-03-02 17:44:11.000 UTC,129810860772114540107,-128615793,-276417
2026-03-02 17:52:11.000 UTC,-156862488881114409667,155589277,-276405
2026-03-02 18:48:35.000 UTC,116665212886652746110,-115619662,-276414
2026-03-02 18:49:47.000 UTC,-262979918379750121748,261022118,-276395
2026-03-02 18:57:23.000 UTC,13713081613563477809,-13609640,-276396
2026-03-02 19:09:35.000 UTC,16166243094465795788,-16042565,-276397
2026-03-02 19:53:11.000 UTC,-6531717899121530353,6488010,-276396
2026-03-02 20:03:59.000 UTC,-18177277364618842688,18057251,-276395
2026-03-02 20:04:47.000 UTC,-126368250370105754585,125599421,-276386
2026-03-02 20:04:59.000 UTC,169448623719217989275,-168223181,-276398
2026-03-02 20:11:23.000 UTC,80453435708549117946,-79799547,-276404
2026-03-02 20:39:47.000 UTC,-33507275879885947949,33262568,-276402
2026-03-02 21:12:11.000 UTC,26564859518463333567,-26345150,-276404
2026-03-02 22:32:11.000 UTC,-32255415569337975858,32021314,-276401
2026-03-02 22:41:59.000 UTC,-16429776424530890190,16313402,-276400
2026-03-02 23:18:23.000 UTC,23318005211901014333,-23129118,-276402
2026-03-02 23:28:59.000 UTC,23236986081831180827,-23044881,-276403
2026-03-02 23:44:35.000 UTC,13471563092516420421,-13358421,-276404
2026-03-02 23:56:59.000 UTC,9620691426745066643,-9539096,-276405
2026-03-03 00:20:35.000 UTC,20855383065752723434,-20676228,-276407
2026-03-03 00:37:23.000 UTC,-12471131920806296742,12376000,-276406
2026-03-03 02:01:59.000 UTC,31551385566720364535,-31277250,-276408
2026-03-03 02:05:59.000 UTC,7157767866088049498,-7094586,-276408
2026-03-03 02:11:11.000 UTC,2291086958547382702,-2270786,-276409
2026-03-03 02:20:59.000 UTC,18915900000000000000,-18746854,-276410
2026-03-03 02:47:23.000 UTC,-29080598347941562712,28850617,-276408
2026-03-03 03:51:23.000 UTC,26048041200633580753,-25816490,-276410
2026-03-03 05:49:59.000 UTC,31565395833324030311,-31278256,-276412
2026-03-03 05:51:23.000 UTC,20961169932551921300,-20766471,-276414
2026-03-03 06:05:35.000 UTC,-30120594290558628039,29871693,-276411
2026-03-03 06:17:47.000 UTC,-103311736440893122298,102507858,-276404
2026-03-03 06:23:23.000 UTC,6164572579000363365,-6112635,-276404
2026-03-03 06:58:59.000 UTC,-40261296430084150898,39966963,-276401
2026-03-03 07:16:59.000 UTC,-63552911155292974466,63111965,-276397
2026-03-03 07:39:11.000 UTC,55531400382836000335,-55092579,-276401
2026-03-03 08:31:47.000 UTC,26740410090401433011,-26521222,-276403
2026-03-03 08:41:11.000 UTC,20267760634231632309,-20098217,-276404
2026-03-03 08:55:35.000 UTC,20068387307187677155,-19897614,-276406
2026-03-03 12:06:59.000 UTC,-59526260754345285875,59087205,-276401
2026-03-03 12:13:35.000 UTC,-32612237594278165135,32382471,-276399
2026-03-03 12:34:47.000 UTC,44142013760912536324,-43785374,-276402
2026-03-03 13:05:11.000 UTC,45502716433967929103,-45120478,-276406
2026-03-03 13:32:35.000 UTC,23357587278110873463,-23155619,-276407
2026-03-03 13:49:47.000 UTC,13922734432526371495,-13800490,-276408
2026-03-03 14:22:47.000 UTC,-70886288521195505417,70348684,-276403
2026-03-03 14:49:23.000 UTC,129094958672693542930,-127960886,-276412
2026-03-03 15:34:23.000 UTC,-127237978861738957060,126245619,-276403
2026-03-03 15:39:59.000 UTC,-94393206285476560896,93732053,-276396
2026-03-03 15:47:11.000 UTC,-9814868154018835283,9749792,-276396
2026-03-03 16:05:35.000 UTC,-200634654890132121533,199456034,-276381
2026-03-03 16:09:35.000 UTC,191867159142638552652,-190555451,-276395
2026-03-03 16:09:59.000 UTC,-48438547360989878513,48130595,-276392
2026-03-03 16:10:59.000 UTC,24204670899358999299,-24028847,-276393
2026-03-03 16:25:59.000 UTC,-68852679781004046426,68431981,-276388
2026-03-03 16:38:11.000 UTC,194915100011135402093,-193442414,-276402
2026-03-03 17:53:47.000 UTC,-135662406780395860056,134743334,-276393
2026-03-03 17:55:23.000 UTC,76807301239791618605,-76226901,-276398
2026-03-03 18:13:59.000 UTC,7960700823566972009,-7898127,-276399
2026-03-03 18:24:23.000 UTC,-117101288729231461848,116342977,-276390
2026-03-03 19:56:11.000 UTC,3900510350562844945,-3872961,-276391
2026-03-03 20:10:35.000 UTC,77898346173025919584,-77325309,-276396
2026-03-03 20:52:11.000 UTC,20312867647210464615,-20156291,-276398
2026-03-03 20:52:11.000 UTC,40324270783664392147,-40004681,-276401
2026-03-03 21:52:23.000 UTC,11576849888608838541,-11482945,-276401
2026-03-03 22:38:11.000 UTC,5650901413669824577,-5604716,-276402
2026-03-03 22:41:47.000 UTC,-139023575054153040494,138091844,-276392
2026-03-03 22:48:11.000 UTC,67005386172990839278,-66507087,-276397
2026-03-03 22:57:35.000 UTC,38438446741270749958,-38138066,-276399
2026-03-03 23:15:59.000 UTC,-122880555998731577746,122079561,-276390
2026-03-03 23:18:59.000 UTC,70319243059203268623,-69804288,-276396
2026-03-03 23:26:59.000 UTC,22561405298374965126,-22388674,-276397
2026-03-04 00:09:35.000 UTC,35750936668523825449,-35469756,-276400
2026-03-04 00:26:11.000 UTC,5298462467402541010,-5256011,-276400
2026-03-04 00:46:59.000 UTC,7987369781099068095,-7922994,-276401
2026-03-04 02:06:59.000 UTC,53099540822216349698,-52659964,-276405
2026-03-04 04:01:23.000 UTC,-44055040048941307211,43732636,-276401
2026-03-04 05:42:35.000 UTC,-61579296028715761039,61151975,-276397
2026-03-04 06:41:35.000 UTC,-6695404955248599606,6650584,-276396
2026-03-04 07:49:35.000 UTC,-22608012161593574947,22459044,-276395
2026-03-04 07:49:35.000 UTC,-34975291735472629161,34752064,-276392
2026-03-04 08:08:47.000 UTC,-41007915132139711846,40757373,-276389
2026-03-04 08:09:23.000 UTC,114852917018633409682,-114006687,-276398
2026-03-04 08:19:23.000 UTC,8886079918951941454,-8816666,-276398
2026-03-04 08:19:23.000 UTC,3670479763804160085,-3641642,-276399
2026-03-04 08:19:23.000 UTC,3568952552401030947,-3540820,-276399
2026-03-04 08:19:23.000 UTC,3196717828001257443,-3171442,-276399
2026-03-04 08:19:23.000 UTC,3450725299055098897,-3423359,-276399
2026-03-04 08:45:23.000 UTC,-32859933804192840861,32635432,-276397
2026-03-04 08:46:59.000 UTC,-79326020822544889817,78816000,-276391
2026-03-04 08:48:59.000 UTC,-24536396199910551763,24387793,-276389
2026-03-04 08:51:59.000 UTC,-28637878985754821039,28469907,-276387
2026-03-04 08:52:23.000 UTC,108873566999521102268,-108095445,-276395
2026-03-04 08:53:11.000 UTC,-104842660392074766379,104196023,-276388
2026-03-04 08:59:11.000 UTC,-20887055212007395397,20767665,-276386
2026-03-04 09:02:47.000 UTC,122360138201304437212,-121494561,-276395
2026-03-04 09:04:23.000 UTC,-140267630628586947409,139423812,-276385
2026-03-04 09:14:23.000 UTC,-52880329233101960766,52598923,-276381
2026-03-04 09:14:35.000 UTC,170557001109255468621,-169407744,-276393
2026-03-04 09:15:35.000 UTC,-43375755954721471763,43106785,-276390
2026-03-04 09:23:47.000 UTC,-175657172852336008150,174699882,-276380
2026-03-04 09:24:11.000 UTC,204387928267137948663,-203050856,-276392
2026-03-04 09:24:59.000 UTC,-138745896275710371136,137947788,-276382
2026-03-04 09:25:11.000 UTC,-140164077495980970718,139449557,-276380
2026-03-04 09:25:23.000 UTC,278007219809997549583,-276223911,-276392
2026-03-04 09:25:59.000 UTC,197043984379770850589,-195478877,-276406
2026-03-04 09:26:11.000 UTC,-138248006369869177055,137258050,-276396
2026-03-04 09:26:23.000 UTC,-136729615707287358557,135885469,-276387
2026-03-04 09:32:11.000 UTC,-214644535053056396677,213528453,-276380
2026-03-04 09:32:35.000 UTC,247170259582435022596,-245619816,-276389
2026-03-04 09:33:35.000 UTC,-142770347764540282167,141996421,-276380
2026-03-04 09:33:35.000 UTC,165353124367255811319,-164279419,-276390
2026-03-04 09:39:23.000 UTC,-70091259110525706916,69682954,-276385
2026-03-04 09:40:59.000 UTC,-280344067974108048040,278902372,-276380
2026-03-04 09:41:23.000 UTC,342313957654936033156,-340172773,-276390
2026-03-04 09:41:23.000 UTC,351108839135789932999,-348205080,-276415
2026-03-04 09:41:47.000 UTC,-141838582864188594853,140699769,-276405
2026-03-04 09:43:35.000 UTC,-268161869108703429153,266403764,-276386
2026-03-04 09:45:23.000 UTC,-282895625090325879405,281439593,-276380
2026-03-04 09:45:35.000 UTC,-280047981492335773100,278625196,-276380
2026-03-04 09:45:35.000 UTC,620368912177460664372,-616540309,-276390
2026-03-04 09:58:11.000 UTC,67013392456267086535,-66528372,-276395
2026-03-04 10:09:59.000 UTC,-24906326733979832942,24747045,-276393
2026-03-04 10:20:47.000 UTC,44430856507450197579,-44099466,-276396
2026-03-04 10:48:47.000 UTC,16150877125605007689,-16026908,-276397
2026-03-04 11:37:47.000 UTC,100180741209505203657,-99370038,-276404
2026-03-04 11:44:35.000 UTC,25993620325058116160,-25771527,-276406
2026-03-04 13:01:47.000 UTC,-16722187676776721697,16595348,-276405
2026-03-04 13:07:59.000 UTC,-170221169603616827573,169044144,-276393
2026-03-04 13:43:47.000 UTC,-140455549228794841877,139641023,-276383
2026-03-04 13:43:59.000 UTC,197162558049633759159,-195783156,-276397
2026-03-04 13:45:47.000 UTC,-225681758607076050053,224350314,-276381
2026-03-04 13:46:11.000 UTC,222715356719230237842,-221182525,-276397
2026-03-04 13:47:47.000 UTC,-285809204913792006514,284177064,-276380
2026-03-04 13:47:59.000 UTC,287126566478215885436,-285200332,-276397
2026-03-04 14:24:11.000 UTC,3125680268610889817,-3101609,-276397
2026-03-04 14:32:59.000 UTC,-82827744764241466888,82295853,-276391
2026-03-04 14:37:47.000 UTC,330774750215360063973,-328028092,-276415
2026-03-04 15:00:23.000 UTC,-286560032087013907481,284419597,-276394
2026-03-04 15:00:59.000 UTC,-257741673047856172921,256303276,-276380
2026-03-04 15:01:11.000 UTC,223551531109988910918,-222106946,-276392
2026-03-04 15:30:35.000 UTC,-88425617476068606245,87905978,-276385
2026-03-04 15:54:35.000 UTC,-50253058829744762836,49982794,-276382
2026-03-04 16:23:11.000 UTC,199102899100265861604,-197727795,-276396
2026-03-04 16:39:59.000 UTC,-228123024050167836233,226797451,-276380
2026-03-04 17:01:47.000 UTC,105306942626787371348,-104636464,-276387
2026-03-04 17:11:59.000 UTC,101689245298771263715,-100966881,-276394
2026-03-04 17:13:47.000 UTC,-21159608499898123771,21024208,-276393
2026-03-04 17:14:11.000 UTC,-37466534700935691827,37234673,-276390
2026-03-04 17:26:59.000 UTC,2117788313249113985,-2102846,-276390
2026-03-04 17:28:47.000 UTC,9167869619365345622,-9102817,-276391
2026-03-04 18:14:23.000 UTC,30384143727576288750,-30164236,-276393
2026-03-04 18:55:35.000 UTC,-15883456157684225802,15783453,-276392
2026-03-04 19:13:23.000 UTC,-126561717236339718757,125829646,-276383
2026-03-04 19:32:35.000 UTC,50642397304533949039,-50312938,-276387
2026-03-04 19:55:35.000 UTC,-254809582915369099540,253488462,-276380
2026-03-04 19:55:47.000 UTC,346971787585606244988,-344750590,-276393
2026-03-04 20:08:23.000 UTC,65703481912458884143,-65205241,-276398
2026-03-04 20:09:47.000 UTC,29791757784861101275,-29555647,-276400
2026-03-04 20:42:11.000 UTC,-208275703383056122188,206965293,-276385
2026-03-04 20:42:35.000 UTC,97722194853838299335,-97049047,-276392
2026-03-04 20:54:23.000 UTC,38209735183205960208,-37927903,-276395
2026-03-04 21:08:11.000 UTC,15138318133527249719,-15023764,-276396
2026-03-04 21:29:23.000 UTC,-152018978591292586171,151094344,-276385
2026-03-04 22:18:11.000 UTC,1827515454867772681,-1815569,-276385
2026-03-04 22:35:35.000 UTC,87672686528373956494,-87071419,-276392
2026-03-04 22:35:47.000 UTC,4453011825584849755,-4421001,-276392
2026-03-04 22:38:11.000 UTC,43352852162789148515,-43033775,-276395
2026-03-04 22:46:35.000 UTC,54261900074534331840,-53843548,-276399
2026-03-04 23:22:47.000 UTC,47063266896272503990,-46683332,-276402
2026-03-04 23:55:35.000 UTC,-145446150807269615913,144467725,-276392
2026-03-04 23:55:35.000 UTC,-145906804140903136817,145077956,-276381
2026-03-04 23:55:47.000 UTC,154425056120355989568,-153376938,-276393
2026-03-04 23:55:47.000 UTC,-142903187258205845088,142176397,-276380
2026-03-04 23:55:47.000 UTC,154425608244577857409,-153485338,-276382
2026-03-04 23:56:11.000 UTC,-116803158234025201381,116110725,-276385
2026-03-04 23:56:35.000 UTC,104166536947157781758,-103450236,-276392
2026-03-04 23:56:35.000 UTC,-147920453258391804802,147073584,-276382
2026-03-04 23:56:47.000 UTC,152102620484621994756,-151078371,-276393
2026-03-04 23:57:23.000 UTC,-140769307326701529687,139955606,-276382
2026-03-04 23:57:35.000 UTC,-144963403524799359944,144223964,-276380
2026-03-04 23:57:35.000 UTC,280338002526423792371,-278540033,-276392
2026-03-04 23:58:35.000 UTC,-142064343823691136371,141249470,-276382
2026-03-04 23:58:35.000 UTC,141908957204130262253,-140954030,-276392
2026-03-05 00:00:35.000 UTC,-132266372565985706155,131503256,-276383
2026-03-05 00:00:47.000 UTC,131081546404864668735,-130195561,-276392
2026-03-05 00:04:35.000 UTC,-144653880927678999089,143827036,-276382
2026-03-05 00:04:47.000 UTC,144497183285387077428,-143527717,-276392
2026-03-05 00:28:35.000 UTC,19031451769973717185,-18892599,-276393
2026-03-05 01:13:23.000 UTC,-26811089405342151936,26642864,-276392
2026-03-05 01:44:47.000 UTC,41634221415901602033,-41329414,-276395
2026-03-05 01:49:11.000 UTC,15788422304401520627,-15669584,-276396
2026-03-05 02:08:59.000 UTC,-61284444224456050754,60894043,-276391
2026-03-05 02:34:35.000 UTC,19949387342558900698,-19805444,-276393
2026-03-05 02:45:11.000 UTC,28989243788026876794,-28774988,-276395
2026-03-05 03:31:23.000 UTC,33751999299707984645,-33494952,-276397
2026-03-05 03:37:47.000 UTC,6873800102496448518,-6820450,-276398
2026-03-05 04:18:23.000 UTC,2412910732348114854,-2394103,-276398
2026-03-05 04:27:11.000 UTC,9733982350358280952,-9657686,-276399
2026-03-05 04:27:47.000 UTC,9317817354469330863,-9244147,-276399
2026-03-05 04:28:35.000 UTC,1448031555079417712,-1436527,-276399
2026-03-05 04:30:23.000 UTC,816215420209964889,-809724,-276399
2026-03-05 04:32:47.000 UTC,418693288519621475,-415361,-276399
2026-03-05 04:32:59.000 UTC,251174458833477508,-249175,-276399
2026-03-05 04:33:11.000 UTC,340456602222201194,-337745,-276399
2026-03-05 04:33:59.000 UTC,-222341643641028608,220793,-276399
2026-03-05 05:27:35.000 UTC,307581358361838196,-305132,-276399
2026-03-05 05:39:59.000 UTC,44603724259350428170,-44241382,-276403
2026-03-05 06:56:23.000 UTC,-17597965925319216318,17470773,-276401
2026-03-05 06:56:47.000 UTC,258022988800001459,-255918,-276401
2026-03-05 06:56:47.000 UTC,-18196235501965410304,18067021,-276400
2026-03-05 06:56:47.000 UTC,211670594203330678,-209971,-276400
2026-03-05 07:53:11.000 UTC,21322813037039962776,-21149958,-276402
2026-03-05 07:53:23.000 UTC,21111327765723411734,-20936979,-276403
2026-03-05 07:54:47.000 UTC,38790157371281403211,-38461491,-276406
2026-03-05 07:54:47.000 UTC,45139683554865035946,-44743661,-276409
2026-03-05 08:00:47.000 UTC,-34093623676199470958,33826985,-276407
2026-03-05 08:33:23.000 UTC,-31829622948825586690,31588210,-276405
2026-03-05 08:53:23.000 UTC,-35209214636815525610,34950630,-276402
2026-03-05 09:12:35.000 UTC,-26398449126020067873,26210405,-276400
2026-03-05 10:27:59.000 UTC,-20075639818736410612,19935981,-276399
2026-03-05 10:51:47.000 UTC,-12809854200135524392,12722253,-276398
2026-03-05 10:52:23.000 UTC,-144398401053460379303,143492408,-276387
2026-03-05 10:52:35.000 UTC,123509818240934260808,-122621462,-276396
2026-03-05 10:52:47.000 UTC,-143655039599734812653,142774945,-276386
2026-03-05 10:52:59.000 UTC,195947978995180175631,-194516131,-276400
2026-03-05 10:54:47.000 UTC,-145106625863501656605,144164001,-276389
2026-03-05 11:07:35.000 UTC,126099831920391336711,-125164048,-276399
2026-03-05 11:38:47.000 UTC,85119347207370308798,-84423261,-276405
2026-03-05 11:46:47.000 UTC,9447360840989445727,-9366904,-276405
2026-03-05 13:32:23.000 UTC,24101283017725588806,-23893135,-276407
2026-03-05 14:58:59.000 UTC,-106874614861733658030,106089354,-276399
2026-03-05 15:09:59.000 UTC,31600998240819945789,-31345971,-276402
2026-03-05 15:10:47.000 UTC,128691891249145513972,-127579475,-276411
2026-03-05 15:28:35.000 UTC,92207257795069218128,-91336560,-276418
2026-03-05 16:27:35.000 UTC,-20175836407255657812,20000000,-276416
2026-03-05 16:35:35.000 UTC,-52991262846015370968,52543634,-276412
2026-03-05 16:37:59.000 UTC,-12593092681749018683,12489742,-276411
2026-03-05 16:47:59.000 UTC,-7797787501157602135,7734375,-276411
2026-03-05 16:58:11.000 UTC,-15742384122980466688,15615715,-276410
2026-03-05 17:03:47.000 UTC,-98067544653846110696,97318448,-276403
2026-03-05 17:15:59.000 UTC,3034486847752120843,-3009329,-276403
2026-03-05 17:48:47.000 UTC,25653936186592654563,-25438620,-276405
2026-03-05 19:56:23.000 UTC,168476614405601920,-167047,-276405
2026-03-05 21:16:59.000 UTC,101213768465403780884,-100318162,-276412
2026-03-05 21:18:35.000 UTC,-26814435479898816512,26596592,-276410
2026-03-05 21:23:59.000 UTC,168347325082709691,-166829,-276410
2026-03-05 23:32:23.000 UTC,126392063666422483,-125252,-276410
2026-03-06 00:29:11.000 UTC,-141427861387457056741,140364044,-276400
2026-03-06 02:50:35.000 UTC,42113327505212804382,-41769746,-276403
2026-03-06 03:29:59.000 UTC,-141056437493681887242,140095727,-276393
2026-03-06 03:30:11.000 UTC,35512807395159028587,-35249113,-276395
2026-03-06 03:41:59.000 UTC,41359257627808925312,-41040756,-276398
2026-03-06 03:53:59.000 UTC,33622460341546131678,-33354507,-276401
2026-03-06 03:53:59.000 UTC,517360342822864781,-513173,-276401
2026-03-06 04:09:59.000 UTC,11093317650069479512,-11003092,-276402
2026-03-06 04:41:23.000 UTC,86282361587304512022,-85550521,-276408
2026-03-06 04:41:23.000 UTC,48260321678871541156,-47827738,-276411
2026-03-06 04:42:23.000 UTC,13315149703597555094,-13192830,-276412
2026-03-06 04:57:59.000 UTC,6621659942558262793,-6560347,-276413
2026-03-06 06:44:47.000 UTC,-20922429589939809015,20750541,-276411
2026-03-06 06:48:59.000 UTC,-37937210474694567760,37633656,-276408
2026-03-06 07:17:11.000 UTC,-72654976999678781920,72102433,-276403
2026-03-06 09:08:59.000 UTC,-66255722252583368851,65784842,-276398
2026-03-06 09:11:23.000 UTC,44390407360396571899,-44034341,-276402
2026-03-06 09:16:23.000 UTC,35511273791203004178,-35216268,-276404
2026-03-06 09:26:47.000 UTC,15651149454016926169,-15518263,-276405
2026-03-06 10:47:59.000 UTC,-7214569811786194675,7160256,-276405
2026-03-06 11:39:11.000 UTC,-64522907820567544711,64053744,-276400
2026-03-06 11:58:23.000 UTC,57167294663173060573,-56696390,-276404
2026-03-06 13:58:11.000 UTC,53091129156733569271,-52632848,-276408
2026-03-06 14:35:11.000 UTC,-248151346026966392634,246429136,-276390
2026-03-06 14:36:11.000 UTC,106839418283108683180,-106045997,-276398
2026-03-06 14:36:23.000 UTC,101076901222551860186,-100250977,-276405
2026-03-06 14:48:59.000 UTC,91601286314597552260,-90789593,-276412
2026-03-06 15:31:35.000 UTC,-30011944617269067723,29769138,-276410
2026-03-06 16:12:11.000 UTC,33024344615506122497,-32724054,-276412
2026-03-06 17:25:35.000 UTC,-6954645399918545066,6897642,-276412
2026-03-06 17:38:59.000 UTC,45372317739494531537,-44949059,-276415
2026-03-06 18:02:59.000 UTC,-181961522203671774484,180534361,-276402
2026-03-06 18:46:35.000 UTC,-35310174028227625886,35060786,-276399
2026-03-06 19:14:11.000 UTC,-55128666282155958003,54757192,-276395
2026-03-06 19:38:35.000 UTC,17639029520648079287,-17505027,-276396
2026-03-06 20:33:23.000 UTC,39792694227845036736,-39482204,-276399
2026-03-06 23:25:59.000 UTC,-352190011512968664,349742,-276399
2026-03-07 02:10:11.000 UTC,117330887100739699635,-116349667,-276408
2026-03-07 02:11:59.000 UTC,-59832427659830103810,59379114,-276403
2026-03-07 07:22:11.000 UTC,17725732975773197524,-17576521,-276405
2026-03-07 10:40:11.000 UTC,-137928084762673439452,136963375,-276395
2026-03-07 10:40:59.000 UTC,56710826784427736835,-56274386,-276399
2026-03-07 13:33:11.000 UTC,3009759322893897054,-2985952,-276399
2026-03-07 13:38:47.000 UTC,11030176969598861627,-10942375,-276400
2026-03-07 13:38:59.000 UTC,77819951489167315907,-77175732,-276405
2026-03-07 15:09:35.000 UTC,-111800924303660109964,111000000,-276397
2026-03-07 15:31:23.000 UTC,26349512428853953928,-26142663,-276399
2026-03-07 16:31:47.000 UTC,17728448552363915208,-17586477,-276401
2026-03-07 19:21:35.000 UTC,10080074158679630859,-9998348,-276401
2026-03-07 19:28:23.000 UTC,74040704013231988824,-73418106,-276407
2026-03-07 20:39:11.000 UTC,-29715032071700950445,29489932,-276404
2026-03-08 00:14:23.000 UTC,-29951389917827278466,29730906,-276402
2026-03-08 00:22:59.000 UTC,13079725941732459935,-12971251,-276403
2026-03-08 01:05:35.000 UTC,23316716830264548492,-23120305,-276405
2026-03-08 05:20:23.000 UTC,-352202227518418846837,350000000,-276380
2026-03-08 05:20:35.000 UTC,230670940547559602165,-229099860,-276396
2026-03-08 05:22:11.000 UTC,-477596753303938515488,475000000,-276380
2026-03-08 05:22:23.000 UTC,473677696575515447393,-470636208,-276396
2026-03-08 07:29:23.000 UTC,51100601226352394484,-50702597,-276400
2026-03-08 08:17:47.000 UTC,113343968182730296967,-112394425,-276408
2026-03-08 09:16:59.000 UTC,-29100416015476318745,28876723,-276406
2026-03-08 10:23:59.000 UTC,-51961739752717156352,51577411,-276402
2026-03-08 11:07:23.000 UTC,45539625850032606497,-45158656,-276405
2026-03-08 11:36:23.000 UTC,7028315086880574227,-6968196,-276406
2026-03-08 12:14:59.000 UTC,39175787989330649884,-38834207,-276409
2026-03-08 12:28:59.000 UTC,-55210929991471189149,54787484,-276405
2026-03-08 13:00:35.000 UTC,56751771587172374611,-56259898,-276409
2026-03-08 13:21:47.000 UTC,8896661861281707628,-8817464,-276409
2026-03-08 14:16:47.000 UTC,-19275213990610862080,19123462,-276408
2026-03-08 14:28:59.000 UTC,12645237616538969303,-12533440,-276409
2026-03-08 17:22:35.000 UTC,-31280144837064523776,31036712,-276407
2026-03-08 19:13:47.000 UTC,-36206332439873386652,35933318,-276404
2026-03-08 19:19:47.000 UTC,-58072556414791145326,57654289,-276400
2026-03-08 19:20:11.000 UTC,-14740828567627632174,14638508,-276399
2026-03-08 19:21:35.000 UTC,-33858159968283593461,33629043,-276396
2026-03-08 20:14:47.000 UTC,41473307358175780720,-41150347,-276399
2026-03-08 21:14:59.000 UTC,8978536369085260818,-8906996,-276400
2026-03-08 21:15:47.000 UTC,38433253546781956399,-38120494,-276403
2026-03-08 22:02:59.000 UTC,32645952085098514371,-32371980,-276405
2026-03-08 22:06:47.000 UTC,15273757469346707238,-15142957,-276406
2026-03-08 22:38:11.000 UTC,-68779274891755779061,68271704,-276401
2026-03-08 22:52:23.000 UTC,-7965731392785396632,7909139,-276401
2026-03-09 00:27:47.000 UTC,139260124268931550,-138136,-276401
2026-03-09 02:18:47.000 UTC,11243832419118067591,-11152646,-276401
2026-03-09 02:39:23.000 UTC,-12207499976052457306,12120659,-276400
2026-03-09 03:06:11.000 UTC,-11370954489469854980,11291026,-276400
2026-03-09 03:11:11.000 UTC,-67783246828081509583,67326035,-276395
2026-03-09 03:37:23.000 UTC,37344014796325698203,-37059116,-276397
2026-03-09 03:38:59.000 UTC,29544154277229833543,-29311680,-276400
2026-03-09 03:43:23.000 UTC,31762012636104669322,-31505112,-276402
2026-03-09 05:42:59.000 UTC,-94892681907564024713,94240856,-276395
2026-03-09 05:45:11.000 UTC,-24853814214959864980,24693773,-276393
2026-03-09 05:47:11.000 UTC,-53399081078690284426,53070233,-276389
2026-03-09 05:47:59.000 UTC,94702166831715204558,-94010849,-276396
2026-03-09 05:51:11.000 UTC,-13614985709123617932,13525162,-276395
2026-03-09 06:20:47.000 UTC,40410715995742658730,-40100095,-276398
2026-03-09 06:31:11.000 UTC,30425924856378806841,-30184331,-276400
2026-03-09 06:53:35.000 UTC,40082141442396871536,-39753752,-276403
2026-03-09 07:03:47.000 UTC,37035945207047458705,-36722288,-276406
2026-03-09 07:13:59.000 UTC,10817690614267302034,-10724223,-276407
2026-03-09 07:19:47.000 UTC,20458304367397840650,-20279250,-276408
2026-03-09 08:10:35.000 UTC,-5669116915174985077,5624824,-276408
2026-03-09 08:23:59.000 UTC,-11603919676096713160,11513975,-276407
2026-03-09 08:24:23.000 UTC,-22237664537643618208,22067992,-276405
2026-03-09 08:31:23.000 UTC,-55713314579882728208,55303792,-276401
2026-03-09 09:37:35.000 UTC,-40448983423515233543,40165611,-276398
2026-03-09 10:32:59.000 UTC,30317616958298012055,-30076226,-276401
2026-03-09 10:51:23.000 UTC,30260299666495041818,-30012800,-276403
2026-03-09 10:51:47.000 UTC,44748670792501072136,-44370653,-276406
2026-03-09 10:53:35.000 UTC,-3022988046198072816,2999999,-276406
2026-03-09 10:56:59.000 UTC,-10010774423934688787,9935114,-276405
2026-03-09 11:09:11.000 UTC,30280447494910889282,-30019347,-276407
2026-03-09 11:18:59.000 UTC,40179921983155068025,-39823332,-276410
2026-03-09 11:33:47.000 UTC,-19803280417309373377,19645728,-276409
2026-03-09 11:39:35.000 UTC,44111229338963486058,-43712672,-276412
2026-03-09 11:51:47.000 UTC,33352280123666385,-33045,-276412
2026-03-09 11:54:35.000 UTC,-165790850662660080745,164529651,-276400
2026-03-09 13:12:47.000 UTC,-99756041764345698186,99092199,-276393
2026-03-09 13:15:59.000 UTC,44631858027027532027,-44299349,-276396
2026-03-09 14:10:47.000 UTC,64252561607730694464,-63748806,-276401
2026-03-09 14:38:23.000 UTC,-98011450395481813208,97352220,-276393
2026-03-09 15:23:59.000 UTC,-133332606501891397581,132546572,-276384
2026-03-09 15:23:59.000 UTC,162774893550170815711,-161636363,-276396
2026-03-09 16:28:47.000 UTC,-29507615622143485855,29316432,-276393
2026-03-09 17:10:23.000 UTC,135696039685685855905,-134630438,-276403
2026-03-09 17:11:47.000 UTC,-133751078868630944948,132832651,-276394
2026-03-09 17:12:11.000 UTC,423927979971879770,-420798,-276394
2026-03-09 18:08:59.000 UTC,44641582824467747923,-44304846,-276397
2026-03-09 18:17:47.000 UTC,16103738228264438434,-15978760,-276398
2026-03-09 18:41:35.000 UTC,-234658404103841365984,233460906,-276380
2026-03-09 18:41:35.000 UTC,-206241802435048087669,204986819,-276383
2026-03-09 18:41:47.000 UTC,432031268070112070231,-429209769,-276397
2026-03-09 18:41:47.000 UTC,-106451177660665376967,105772207,-276390
2026-03-09 18:41:47.000 UTC,-138588744912665203815,137826317,-276380
2026-03-09 18:41:59.000 UTC,236457271376066340125,-234838712,-276397
2026-03-09 18:42:11.000 UTC,-137299992576059692663,136448054,-276387
2026-03-09 18:42:23.000 UTC,136789260831339728533,-135804868,-276397
2026-03-09 19:23:59.000 UTC,-142196531112218941062,141317302,-276386
2026-03-09 19:23:59.000 UTC,-132969089665909758592,132269022,-276380
2026-03-09 19:23:59.000 UTC,-107073002117119086541,106528756,-276380
2026-03-09 19:24:11.000 UTC,442086639862257697504,-439110497,-276401
2026-03-09 19:27:11.000 UTC,-108890900724813220410,108157963,-276393
2026-03-09 19:27:23.000 UTC,-27917073643022729248,27742877,-276391
2026-03-09 19:41:11.000 UTC,67055293949977475351,-66560854,-276396
2026-03-09 21:05:23.000 UTC,-142111290049301288758,141242916,-276386
2026-03-09 21:05:23.000 UTC,134164897567806876650,-133215625,-276395
2026-03-09 21:22:47.000 UTC,120532997921299739836,-119570138,-276404
2026-03-09 22:51:47.000 UTC,57144551197184951174,-56651708,-276408
2026-03-09 23:41:47.000 UTC,-22678772059772039925,22502881,-276407
2026-03-10 00:22:59.000 UTC,-90766984646932700231,90099925,-276400
2026-03-10 00:28:35.000 UTC,-40548633132670967043,40269732,-276397
2026-03-10 02:32:11.000 UTC,-17966055741985855799,17846255,-276396
2026-03-10 02:48:23.000 UTC,-17081671463571283870,16969916,-276395
2026-03-10 03:44:59.000 UTC,26430042792749637675,-26229991,-276396
2026-03-10 05:03:59.000 UTC,-12865220597319632911,12779994,-276396
2026-03-10 06:28:23.000 UTC,-106535393118305590560,105875317,-276388
2026-03-10 06:28:35.000 UTC,98898806946574646580,-98190511,-276395
2026-03-10 06:29:23.000 UTC,-127402598489647991464,126629818,-276386
2026-03-10 06:29:35.000 UTC,127256524811750261959,-126358273,-276395
2026-03-10 07:05:11.000 UTC,20914922028042995085,-20756179,-276396
2026-03-10 07:11:47.000 UTC,-142052978572883057881,141177692,-276386
2026-03-10 07:11:59.000 UTC,111831419549871137756,-111043381,-276394
2026-03-10 07:12:35.000 UTC,-124277715530729177348,123531051,-276385
2026-03-10 07:12:47.000 UTC,90767514087105093276,-90142910,-276392
2026-03-10 07:13:59.000 UTC,-124248419033988282607,123531879,-276383
2026-03-10 07:13:59.000 UTC,155570694900060738644,-154501439,-276394
2026-03-10 07:15:23.000 UTC,-139183254756728323782,138356804,-276384
2026-03-10 07:15:35.000 UTC,138666023414271478425,-137705127,-276394
2026-03-10 07:16:59.000 UTC,-80386359463672229389,79892393,-276388
2026-03-10 07:17:23.000 UTC,80070763636490556366,-79499279,-276394
2026-03-10 07:18:11.000 UTC,-124276402971785795469,123532651,-276385
2026-03-10 07:18:11.000 UTC,123808202603983397627,-122944451,-276394
2026-03-10 08:09:47.000 UTC,-27018442729350622227,26847410,-276392
2026-03-10 09:13:35.000 UTC,-35517060433582202206,35300207,-276389
2026-03-10 09:20:35.000 UTC,8093481314461327331,-8036820,-276390
2026-03-10 09:34:35.000 UTC,100682139097916314941,-99938006,-276397
2026-03-10 10:39:11.000 UTC,12287562671390849933,-12191771,-276398
2026-03-10 12:15:47.000 UTC,39167727247595721059,-38855162,-276401
2026-03-10 13:38:59.000 UTC,74439877781070514042,-73815554,-276406
2026-03-10 14:41:47.000 UTC,-138426055296393646858,137434237,-276396
2026-03-10 14:50:35.000 UTC,-83431494830037387598,82900130,-276390
2026-03-10 14:50:47.000 UTC,-24072384193260158976,23928365,-276389
2026-03-10 14:55:35.000 UTC,-43818918905909991248,43567450,-276386
2026-03-10 15:11:59.000 UTC,65405464169870961780,-64960038,-276390
2026-03-10 16:57:11.000 UTC,965178422981707469,-958375,-276390
2026-03-10 17:13:35.000 UTC,81973172009256235128,-81371018,-276396
2026-03-10 17:41:11.000 UTC,46992536880907862793,-46625620,-276400
2026-03-10 18:15:23.000 UTC,102522689328364754243,-101667299,-276407
2026-03-10 19:34:35.000 UTC,-2158033457773543424,2141394,-276407
2026-03-10 19:40:35.000 UTC,-16124817539188209857,16001542,-276406
2026-03-10 20:30:59.000 UTC,-12030762318621417097,11940000,-276405
2026-03-10 21:11:11.000 UTC,426012664753370137418,-421680847,-276441
2026-03-10 21:11:11.000 UTC,-399583606108486455446,395874856,-276407
2026-03-10 21:36:47.000 UTC,6965148332191014275,-6904510,-276407
2026-03-10 22:18:23.000 UTC,17190613153004095858,-17039466,-276408
2026-03-10 23:05:11.000 UTC,-40411866279065172032,40100000,-276406
2026-03-10 23:22:35.000 UTC,-1680966911336083768,1668249,-276405
2026-03-10 23:37:47.000 UTC,-2880294507987058554,2858549,-276405
2026-03-10 23:38:47.000 UTC,-191184876339976130051,189874506,-276391
2026-03-11 00:19:23.000 UTC,41120749226135905082,-40820206,-276394
2026-03-11 00:40:47.000 UTC,62811887932460741996,-62329409,-276399
2026-03-11 01:02:23.000 UTC,-122052697755315658871,121262351,-276390
2026-03-11 01:02:35.000 UTC,64270648408491581301,-63803954,-276395
2026-03-11 01:37:47.000 UTC,30760425240821304471,-30526582,-276397
2026-03-11 01:42:35.000 UTC,12422258795492694143,-12325901,-276398
2026-03-11 01:55:47.000 UTC,-140511402097276821488,139625626,-276388
2026-03-11 01:55:47.000 UTC,96716999750944209200,-96026428,-276395
2026-03-11 01:55:59.000 UTC,-126426630730854341534,125663064,-276386
2026-03-11 01:56:11.000 UTC,125291556072756821286,-124410879,-276395
2026-03-11 01:56:59.000 UTC,-139431762812352673056,138597366,-276385
2026-03-11 01:56:59.000 UTC,139278180586610589452,-138306404,-276395
2026-03-11 01:57:11.000 UTC,-136281651551797220968,135464782,-276385
2026-03-11 01:57:23.000 UTC,136534461029893112056,-135580302,-276395
2026-03-11 01:58:23.000 UTC,-139448610833442288603,138614161,-276385
2026-03-11 01:58:23.000 UTC,141110839536704931465,-140125404,-276395
2026-03-11 01:58:47.000 UTC,-122661100753415075654,121918304,-276386
2026-03-11 01:58:59.000 UTC,120277261120870316879,-119430435,-276395
2026-03-11 02:02:11.000 UTC,-242767819905486228400,241398243,-276380
2026-03-11 02:02:35.000 UTC,219488059702121395082,-218049226,-276393
2026-03-11 02:02:47.000 UTC,-132212901256052231550,131441343,-276383
2026-03-11 02:02:59.000 UTC,97247588738929527417,-96595644,-276390
2026-03-11 02:03:35.000 UTC,-107075077224631195242,106467489,-276383
2026-03-11 02:03:35.000 UTC,226233920570964905139,-224628633,-276399
2026-03-11 02:03:59.000 UTC,-126020060882510942451,125205766,-276390
2026-03-11 02:04:11.000 UTC,63073174893290417544,-62617216,-276394
2026-03-11 02:06:47.000 UTC,-128668267835909609377,127896290,-276385
2026-03-11 02:06:59.000 UTC,128185771253780435117,-127289554,-276394
2026-03-11 02:07:35.000 UTC,-115592001334835605529,114893500,-276386
2026-03-11 02:07:47.000 UTC,111833427788244355471,-111048039,-276394
2026-03-11 02:07:47.000 UTC,-124831749278564966841,124084980,-276385
2026-03-11 02:07:47.000 UTC,111833162043629886549,-111058255,-276393
2026-03-11 02:07:59.000 UTC,-142701612050177744351,141870494,-276383
2026-03-11 02:07:59.000 UTC,158568459939190455197,-157478340,-276394
2026-03-11 02:08:11.000 UTC,-141291441292642310799,140451789,-276384
2026-03-11 02:08:35.000 UTC,141136643177281468866,-140157762,-276394
2026-03-11 02:35:23.000 UTC,-98477167256856141873,97876957,-276387
2026-03-11 02:35:35.000 UTC,94947716943052320540,-94275891,-276394
2026-03-11 02:37:23.000 UTC,-142234769710479434451,141393880,-276384
2026-03-11 02:37:23.000 UTC,136932679699823630981,-135989685,-276394
2026-03-11 02:39:47.000 UTC,35016391445516179545,-34753655,-276396
2026-03-11 02:40:47.000 UTC,-68985486647883938172,68544810,-276391
2026-03-11 02:42:23.000 UTC,59106768176998377903,-58672581,-276395
2026-03-11 02:42:59.000 UTC,-142255647964398932300,141394489,-276385
2026-03-11 02:42:59.000 UTC,-142331357982359017319,141593166,-276380
2026-03-11 02:43:11.000 UTC,265800437244160271144,-264059000,-276394
2026-03-11 02:43:47.000 UTC,15340460302367671689,-15225760,-276395
2026-03-11 02:49:59.000 UTC,-71288433136694755245,70840544,-276390
2026-03-11 02:50:23.000 UTC,67286815953030775896,-66798194,-276395
2026-03-11 02:57:35.000 UTC,-50960222525581565908,50637807,-276391
2026-03-11 02:57:47.000 UTC,-50941459508150464968,50637808,-276387
2026-03-11 02:58:11.000 UTC,87151132492767035099,-86533722,-276394
2026-03-11 02:59:23.000 UTC,-33070531196217146389,32862690,-276391
2026-03-11 03:00:47.000 UTC,-104572344995025934457,103966840,-276384
2026-03-11 03:00:59.000 UTC,131976628403761446679,-131068314,-276393
2026-03-11 03:21:11.000 UTC,30253175985541147343,-30027359,-276396
2026-03-11 03:39:59.000 UTC,95715118895483289191,-94957475,-276402
2026-03-11 03:40:23.000 UTC,12841295276883801876,-12734656,-276403
2026-03-11 03:58:47.000 UTC,-135710955040269059722,134778461,-276394
2026-03-11 04:03:47.000 UTC,20338227428955265906,-20186699,-276395
2026-03-11 04:08:11.000 UTC,-87481509509876812946,86937727,-276389
2026-03-11 04:08:11.000 UTC,73446062153601090477,-72920260,-276394
2026-03-11 04:28:11.000 UTC,-121217106064123096943,120490571,-276385
2026-03-11 04:28:11.000 UTC,113802854681056021340,-113010716,-276393
2026-03-11 04:29:47.000 UTC,-122825985387786029271,122097111,-276385
2026-03-11 04:29:47.000 UTC,112746946632943926325,-111969934,-276393
2026-03-11 04:54:35.000 UTC,-142295198541134075568,141471112,-276382
2026-03-11 04:54:35.000 UTC,125424222632179127988,-124580799,-276392
2026-03-11 04:54:35.000 UTC,-134667552484867888632,133900340,-276382
2026-03-11 04:54:35.000 UTC,-124609505489677842979,123974895,-276380
2026-03-11 04:54:47.000 UTC,271319305747124034900,-269572861,-276392
2026-03-11 05:39:59.000 UTC,25583817603740553765,-25395732,-276394
2026-03-11 05:41:35.000 UTC,32287449050910835261,-32043382,-276397
2026-03-11 05:44:47.000 UTC,-4026848560078124892,4000000,-276396
2026-03-11 05:59:59.000 UTC,31162260386712237441,-30920513,-276399
2026-03-11 07:35:59.000 UTC,19022509006515594115,-18871518,-276400
2026-03-11 09:29:11.000 UTC,-24053415821735080663,23886808,-276398
2026-03-11 12:06:47.000 UTC,58770375794488383260,-58297643,-276402
2026-03-11 12:28:23.000 UTC,-54874203821814689198,54486524,-276398
2026-03-11 13:38:59.000 UTC,-35595227965813110649,35355305,-276396
2026-03-11 13:52:11.000 UTC,107098627799565815562,-106242974,-276404
2026-03-11 15:33:11.000 UTC,42319387649825521077,-41958640,-276407
2026-03-11 16:50:47.000 UTC,-25014706469043437568,24824742,-276405
2026-03-11 17:04:35.000 UTC,-116469990432287272568,115644589,-276396
2026-03-11 17:27:23.000 UTC,-38428776103727267961,38177796,-276394
2026-03-11 17:37:35.000 UTC,115776856146029067290,-114873640,-276402
2026-03-11 20:32:11.000 UTC,-4450561033776129116,4418484,-276402
2026-03-11 20:32:23.000 UTC,6286983082145882204,-6235387,-276402
2026-03-11 22:14:59.000 UTC,-4028600512798307838,3999506,-276402
2026-03-11 23:44:35.000 UTC,1831043186907813335,-1816016,-276402
2026-03-12 02:20:47.000 UTC,44337010146372616797,-43965812,-276405
2026-03-12 03:38:59.000 UTC,2107800308115303836,-2089803,-276405
2026-03-12 04:49:47.000 UTC,-2101812765365633024,2085952,-276405
2026-03-12 05:47:23.000 UTC,-49851714786328262365,49484807,-276402
2026-03-12 07:32:59.000 UTC,-18290342792321685081,18160196,-276400
2026-03-12 10:15:59.000 UTC,1249914036858403529,-1239855,-276400
2026-03-12 10:50:47.000 UTC,-142285444181143366996,141353704,-276390
2026-03-12 11:04:23.000 UTC,142323286548568556975,-141249959,-276400
2026-03-12 14:32:59.000 UTC,36501195245754727579,-36202536,-276403
2026-03-12 16:51:47.000 UTC,-139810405011386431124,138857052,-276393
2026-03-12 17:19:11.000 UTC,10078081996951626442,-10004041,-276394
2026-03-12 17:56:23.000 UTC,46693821051217798625,-46341274,-276397
2026-03-12 18:20:59.000 UTC,63070315928900893173,-62569318,-276402
2026-03-12 18:24:59.000 UTC,-231248900517738870539,229781211,-276385
2026-03-12 18:29:47.000 UTC,547514066797535493559,-542868507,-276426
2026-03-12 18:31:11.000 UTC,-381170111256875563389,378085036,-276397
2026-03-12 18:43:59.000 UTC,-167825420163935035108,166800596,-276385
2026-03-12 18:47:59.000 UTC,224840448673783413598,-223198163,-276401
2026-03-12 19:47:47.000 UTC,-43046906382469596487,42747170,-276398
2026-03-12 20:05:35.000 UTC,-36610788859553703227,36366332,-276395
2026-03-12 22:02:35.000 UTC,-136587625256204678901,135760553,-276385
2026-03-12 22:02:47.000 UTC,113261590807078547641,-112472718,-276394
2026-03-12 23:05:35.000 UTC,-26395679223427770957,26229832,-276392
2026-03-12 23:56:11.000 UTC,67834459073751762637,-67330781,-276397
2026-03-13 00:09:47.000 UTC,-88142660837886621667,87582186,-276390
2026-03-13 00:14:47.000 UTC,-151009495414429358875,150177903,-276380
2026-03-13 00:14:47.000 UTC,-140151698105497087723,139439291,-276380
2026-03-13 00:14:59.000 UTC,252497393700530806424,-250930585,-276387
2026-03-13 00:20:47.000 UTC,-143006195276293614194,142247064,-276380
2026-03-13 00:20:59.000 UTC,78929313129345569721,-78446225,-276383
2026-03-13 00:20:59.000 UTC,31748609050562201447,-31545073,-276385
2026-03-13 00:21:11.000 UTC,97760373300412580926,-97088206,-276392
2026-03-13 00:21:11.000 UTC,-35311841492499216754,35096229,-276390
2026-03-13 00:21:11.000 UTC,-11539989564576520824,11471469,-276389
2026-03-13 00:37:59.000 UTC,77176558380600251363,-76623442,-276394
2026-03-13 02:53:59.000 UTC,81511223812447601281,-80880673,-276400
2026-03-13 03:58:35.000 UTC,-32163952858533795135,31941389,-276398
2026-03-13 05:54:35.000 UTC,-143171763288739405751,142271174,-276387
2026-03-13 05:54:35.000 UTC,81367719954793807984,-80793111,-276393
2026-03-13 05:58:35.000 UTC,-140273860432006488357,139452366,-276383
2026-03-13 05:58:35.000 UTC,132995348274507000271,-132087801,-276393
2026-03-13 05:58:47.000 UTC,-140267198575706371596,139453144,-276383
2026-03-13 05:58:59.000 UTC,139748339011545627591,-138798688,-276393
2026-03-13 06:00:23.000 UTC,-105213616528479084776,104590189,-276385
2026-03-13 06:00:23.000 UTC,88886137841504892031,-88276341,-276392
2026-03-13 06:03:23.000 UTC,22037078550965328947,-21877126,-276393
2026-03-13 06:28:35.000 UTC,48240721690665188700,-47878421,-276397
2026-03-13 06:31:35.000 UTC,24647343415981638300,-24455797,-276398
2026-03-13 07:11:35.000 UTC,-21825966445577865805,21677799,-276397
2026-03-13 08:36:23.000 UTC,-46405353662003813777,46101691,-276394
2026-03-13 10:07:59.000 UTC,-35366553457033770106,35145509,-276391
2026-03-13 10:50:11.000 UTC,-19865081494268820487,19744864,-276390
2026-03-13 11:38:59.000 UTC,84194111215339700509,-83581508,-276396
2026-03-13 12:48:23.000 UTC,-130170675807553710761,129374384,-276386
2026-03-13 14:21:47.000 UTC,-46086212318157404835,45833479,-276383
2026-03-13 14:25:11.000 UTC,-447237080428073030274,444960371,-276380
2026-03-13 14:32:11.000 UTC,557538895506945450738,-554077594,-276391
2026-03-13 15:03:35.000 UTC,40630048957781755398,-40335544,-276394
2026-03-13 16:19:59.000 UTC,120773672127639162972,-119828386,-276402
2026-03-13 18:53:35.000 UTC,7218408181028210370,-7158601,-276403
2026-03-13 20:00:11.000 UTC,-75391639848298217472,74860251,-276398
2026-03-13 21:05:23.000 UTC,-28454401505618360729,28264446,-276395
2026-03-13 22:04:23.000 UTC,29446471919679860940,-29220547,-276398
2026-03-14 01:12:35.000 UTC,-2332642743308329300,2316836,-276397
2026-03-14 01:26:35.000 UTC,-6592420865297336328,6547958,-276397
2026-03-14 02:52:35.000 UTC,732537659123111305,-726885,-276397
2026-03-14 02:54:23.000 UTC,-17612689842297013930,17495338,-276396
2026-03-14 03:04:59.000 UTC,-22546553908410035300,22399578,-276394
2026-03-14 03:13:47.000 UTC,-5989466968948976756,5951037,-276394
2026-03-14 03:14:47.000 UTC,-9472788986436359096,9412535,-276393
2026-03-14 04:07:11.000 UTC,-21052972096205650558,20921366,-276391
2026-03-14 04:16:11.000 UTC,29844020327723580081,-29626869,-276394
2026-03-14 05:17:59.000 UTC,17976174190052200732,-17842294,-276395
2026-03-14 06:16:59.000 UTC,8831516571068303968,-8764894,-276396
2026-03-14 06:39:23.000 UTC,10907774991675508297,-10824718,-276396
2026-03-14 09:48:59.000 UTC,25080986132858693465,-24886773,-276398
2026-03-14 12:27:47.000 UTC,49562500000000000000,-49165462,-276402
2026-03-14 12:28:35.000 UTC,198250000000000000000,-196485529,-276416
2026-03-14 12:28:35.000 UTC,-231031895898225960216,229232117,-276399
2026-03-14 12:56:47.000 UTC,594750000000000000000,-588625813,-276451
2026-03-14 12:56:47.000 UTC,-62991939418963621199,62253454,-276444
2026-03-14 12:56:47.000 UTC,-454797153012640708900,450557942,-276405
2026-03-14 12:56:59.000 UTC,-74440633942623104934,73901473,-276400
2026-03-14 13:15:59.000 UTC,13470529724677092885,-13362538,-276401
2026-03-14 15:45:47.000 UTC,11503166224876752932,-11409917,-276401
2026-03-14 16:40:59.000 UTC,-31366182721449623552,31145290,-276399
2026-03-14 17:21:35.000 UTC,-20087758568186773075,19950000,-276398
2026-03-14 20:58:11.000 UTC,-8855079699608528710,8795273,-276397
2026-03-14 23:07:35.000 UTC,-18680204771392878399,18555885,-276396
2026-03-14 23:56:47.000 UTC,-17970605891636653629,17853373,-276394
2026-03-15 02:04:23.000 UTC,-73297894663021780023,72843750,-276389
2026-03-15 02:47:59.000 UTC,-7894779620075483303,7848168,-276388
2026-03-15 03:25:23.000 UTC,-61775598768496444833,61426331,-276384
2026-03-15 03:27:47.000 UTC,65585974226584999798,-65149074,-276389
2026-03-15 04:10:11.000 UTC,-126809999090132297930,126165416,-276380
2026-03-15 04:10:11.000 UTC,-143631939976443736741,142855070,-276380
2026-03-15 04:10:23.000 UTC,-126844721510609005763,126165416,-276380
2026-03-15 04:10:23.000 UTC,393092245364290248087,-390668786,-276388
2026-03-15 04:10:23.000 UTC,-138501462287669954841,137797632,-276380
2026-03-15 04:10:35.000 UTC,126964264987341514395,-126158040,-276388
2026-03-15 04:24:59.000 UTC,-42237820043602072186,41999757,-276385
2026-03-15 04:25:59.000 UTC,39276785537154950933,-39016786,-276387
2026-03-15 04:41:23.000 UTC,32579172434332850857,-32355108,-276390
2026-03-15 06:57:35.000 UTC,-123586857844298922271,122900153,-276381
2026-03-15 06:57:47.000 UTC,105380539496886209374,-104697137,-276388
2026-03-15 06:59:59.000 UTC,140371082002000219809,-139475400,-276388
2026-03-15 06:59:59.000 UTC,-127005651105472868234,126317520,-276380
2026-03-15 06:59:59.000 UTC,-140896884021435485828,140137666,-276380
2026-03-15 07:00:11.000 UTC,127190980146495630820,-126375317,-276388
2026-03-15 07:03:47.000 UTC,29408022002438870594,-29203182,-276390
2026-03-15 07:03:47.000 UTC,-92766047031229074006,92233208,-276384
2026-03-15 07:03:59.000 UTC,67434064898918153198,-66985841,-276389
2026-03-15 07:58:47.000 UTC,30265287855910371097,-30053508,-276391
2026-03-15 09:10:35.000 UTC,-25029022679754029247,24878288,-276389
2026-03-15 10:17:59.000 UTC,42690773705276561661,-42388546,-276392
2026-03-15 10:55:23.000 UTC,-20183838690687309005,20059374,-276391
2026-03-15 11:00:11.000 UTC,-142392804968826398673,141597912,-276380
2026-03-15 11:00:11.000 UTC,-140864368734168200761,140148318,-276380
2026-03-15 11:00:23.000 UTC,292645363075355105349,-290786000,-276391
2026-03-15 11:00:23.000 UTC,-143696123098568164977,142885092,-276381
2026-03-15 11:00:23.000 UTC,-144219126487041226300,143485884,-276380
2026-03-15 11:00:23.000 UTC,212389028177268164856,-211078343,-276386
2026-03-15 11:00:35.000 UTC,75369823914199744481,-74859363,-276390
2026-03-15 11:00:35.000 UTC,-141467284910792962870,140616167,-276385
2026-03-15 11:00:35.000 UTC,270089988553628682497,-268303899,-276395
2026-03-15 11:00:35.000 UTC,-143637177275132361530,142887204,-276380
2026-03-15 11:00:47.000 UTC,-139957468476379501576,139181088,-276380
2026-03-15 11:00:47.000 UTC,154968628285088187751,-153946608,-276391
2026-03-15 11:01:11.000 UTC,-138587472607900696578,137803844,-276381
2026-03-15 11:01:11.000 UTC,-143699618838267052652,142889103,-276381
2026-03-15 11:01:11.000 UTC,143168378331466464084,-142218843,-276391
2026-03-15 11:01:23.000 UTC,138381172633989928914,-137461283,-276391
2026-03-15 11:02:35.000 UTC,-83203622760623992293,82716757,-276385
2026-03-15 11:02:47.000 UTC,-130440860819467489661,129699875,-276382
2026-03-15 11:02:47.000 UTC,83094983989894584862,-82526210,-276391
2026-03-15 11:02:47.000 UTC,-143721665538105545744,142890312,-276382
2026-03-15 11:02:47.000 UTC,151605842789260767179,-150582442,-276393
2026-03-15 11:03:11.000 UTC,121929918537847829965,-121112988,-276391
2026-03-15 11:21:23.000 UTC,-17626148468964574494,17518972,-276390
2026-03-15 12:54:35.000 UTC,60859615201645143010,-60419646,-276394
2026-03-15 12:56:47.000 UTC,-135399099493973969955,134591062,-276384
2026-03-15 12:56:59.000 UTC,93903664361916153478,-93263944,-276391
2026-03-15 12:57:35.000 UTC,140438496818488737443,-139505813,-276391
2026-03-15 12:57:35.000 UTC,-140961165634272405555,140164841,-276381
2026-03-15 12:57:47.000 UTC,143173492923458097098,-142224671,-276391
2026-03-15 12:57:47.000 UTC,-143704683422843074260,142894890,-276381
2026-03-15 12:58:23.000 UTC,-101530386892202244601,100943297,-276384
2026-03-15 12:58:35.000 UTC,114129142443697837446,-113371370,-276390
2026-03-15 12:58:35.000 UTC,111798439216402398989,-111036752,-276392
2026-03-15 12:58:35.000 UTC,-137058534620195996248,136273450,-276382
2026-03-15 13:00:59.000 UTC,142149183388274244619,-141285216,-276380
2026-03-15 13:00:59.000 UTC,-143639973095769318161,142909818,-276380
2026-03-15 13:00:59.000 UTC,-139532426708144978953,138757402,-276380
2026-03-15 13:01:11.000 UTC,150225073015640519071,-149237206,-276391
2026-03-15 13:01:47.000 UTC,-12286506325148501733,12211849,-276390
2026-03-15 13:03:23.000 UTC,141319317048184231781,-140460396,-276380
2026-03-15 13:03:23.000 UTC,-140949873901672603883,140233398,-276380
2026-03-15 13:03:23.000 UTC,-140944023016383217319,140164923,-276380
2026-03-15 13:03:35.000 UTC,93583513139679088771,-92988817,-276387
2026-03-15 13:04:35.000 UTC,60193788097742357533,-59778227,-276391
2026-03-15 13:09:47.000 UTC,50690621864451636582,-50320508,-276395
2026-03-15 13:10:35.000 UTC,-32111489635547308042,31906792,-276392
2026-03-15 13:10:47.000 UTC,13690694907656817900,-13590727,-276393
2026-03-15 13:13:11.000 UTC,-9909841217003296960,9846066,-276394
2026-03-15 13:13:11.000 UTC,15833434381190776497,-15716144,-276394
2026-03-15 13:13:35.000 UTC,-452420259846163740412,450000000,-276380
2026-03-15 13:13:47.000 UTC,-144321041655173040713,143580561,-276380
2026-03-15 13:13:47.000 UTC,312983520062015733721,-311074556,-276384
2026-03-15 13:13:47.000 UTC,106476039327451649397,-105828744,-276381
2026-03-15 13:13:59.000 UTC,141045013425534196546,-140110550,-276391
2026-03-15 13:18:59.000 UTC,42269181149851712027,-41961335,-276394
2026-03-15 13:40:35.000 UTC,12794803123376600671,-12699093,-276395
2026-03-15 14:21:47.000 UTC,22685217119409634650,-22512638,-276397
2026-03-15 14:21:47.000 UTC,16856555803739038718,-16725930,-276398
2026-03-15 14:21:59.000 UTC,24122612657428336962,-23932138,-276400
2026-03-15 17:53:23.000 UTC,-63818422388411990842,63386964,-276395
2026-03-15 17:54:47.000 UTC,-17735256471354703774,17620545,-276394
2026-03-15 17:55:35.000 UTC,-10408819068418468664,10342547,-276393
2026-03-15 21:38:59.000 UTC,-41657417948535932819,41399975,-276390
2026-03-15 22:39:23.000 UTC,-100135984068668359462,99568163,-276383
2026-03-15 22:56:59.000 UTC,99596162887168824735,-98932606,-276390
2026-03-15 23:01:11.000 UTC,-23189998079524477966,23052185,-276388
2026-03-15 23:30:11.000 UTC,55301923549050529934,-54911947,-276392
2026-03-16 00:04:35.000 UTC,13821823892855392467,-13720929,-276393
2026-03-16 01:53:47.000 UTC,-4288836926546509725,4261644,-276393
2026-03-16 01:55:11.000 UTC,-3576800434189348591,3554224,-276393
2026-03-16 03:25:35.000 UTC,-29055681784061823717,28875682,-276391
2026-03-16 03:34:59.000 UTC,-123710235567335591340,123011761,-276382
2026-03-16 03:35:59.000 UTC,102193345786719389637,-101522679,-276389
2026-03-16 03:38:59.000 UTC,-51166909005639775378,50872609,-276385
2026-03-16 04:34:59.000 UTC,-25092636821520832001,24955188,-276384
2026-03-16 04:56:11.000 UTC,60206755424853578383,-59809514,-276388
2026-03-16 05:49:11.000 UTC,-15710742991951810329,15620193,-276387
2026-03-16 06:10:11.000 UTC,18128732559973640156,-18006068,-276388
2026-03-16 07:37:47.000 UTC,25725490390139886240,-25547377,-276390
2026-03-16 07:38:47.000 UTC,36937343421092326668,-36673301,-276393
2026-03-16 07:39:59.000 UTC,12456905207757805535,-12365652,-276394
2026-03-16 08:08:47.000 UTC,-61666571700514053834,61286994,-276389
2026-03-16 08:39:11.000 UTC,12401677008862189679,-12315211,-276390
2026-03-16 08:40:35.000 UTC,37388225279944465350,-37120873,-276393
2026-03-16 09:02:11.000 UTC,-4598382635011505474667,4575000000,-276380
2026-03-16 09:02:35.000 UTC,4528205529409367090969,-4500744193,-276387
2026-03-16 09:02:35.000 UTC,200000000000000000000,-198503599,-276402
2026-03-16 09:03:47.000 UTC,-20300122654930632705,20155316,-276400
2026-03-16 09:28:47.000 UTC,-61537707421043281491,61116807,-276396
2026-03-16 10:02:11.000 UTC,-17819295608175327032,17702492,-276395
2026-03-16 10:36:35.000 UTC,50318923427310250874,-49933250,-276398
2026-03-16 12:26:11.000 UTC,-22609742486585737216,22456657,-276397
2026-03-16 14:31:23.000 UTC,130513596020898665082,-129449878,-276406
2026-03-16 14:58:11.000 UTC,-117235870250786474098,116391181,-276398
2026-03-16 15:02:59.000 UTC,100260573037749830740,-99444792,-276405
2026-03-16 15:22:47.000 UTC,-65314539634218449336,64839758,-276400
2026-03-16 16:52:59.000 UTC,-142084231739503020932,141157131,-276390
2026-03-16 17:41:35.000 UTC,-89444613009865486025,88935370,-276383
2026-03-16 18:52:11.000 UTC,110630824263257262943,-109882594,-276391
2026-03-16 19:21:23.000 UTC,42388125672329290919,-42078174,-276394
2026-03-16 20:58:47.000 UTC,-27764272090169651458,27587380,-276392
2026-03-16 21:38:23.000 UTC,-30858245453007662631,30668138,-276390
2026-03-16 21:50:35.000 UTC,-54064545438012356010,53747965,-276386
2026-03-16 22:25:11.000 UTC,105463734107976694157,-104721926,-276394
2026-03-16 22:56:47.000 UTC,-231018451049580558453,229720013,-276380
2026-03-16 22:57:11.000 UTC,136719042056533821597,-135858010,-276387
2026-03-16 23:01:11.000 UTC,24034295607664482928,-23870359,-276389
2026-03-16 23:05:23.000 UTC,58745896317559243327,-58327749,-276393
2026-03-16 23:50:47.000 UTC,-142001971828755859512,141174812,-276383
2026-03-16 23:55:35.000 UTC,8934425787005074313,-8877771,-276383
2026-03-17 00:01:35.000 UTC,132511536278132741401,-131603999,-276393
2026-03-17 00:25:59.000 UTC,97116718954867150177,-96371624,-276400
2026-03-17 01:13:11.000 UTC,-76679612703819524960,76161852,-276395
2026-03-17 03:14:23.000 UTC,39199914044480560752,-38901570,-276397
2026-03-17 03:32:23.000 UTC,17214434202747080814,-17079938,-276399
2026-03-17 03:43:35.000 UTC,16794537734442034191,-16661276,-276400
2026-03-17 03:46:47.000 UTC,14490815930096837363,-14374210,-276401
2026-03-17 04:19:11.000 UTC,-2370110825361833984,2353289,-276401
2026-03-17 05:44:47.000 UTC,4148969785142442853,-4115377,-276401
2026-03-17 07:19:35.000 UTC,-80748410676457669636,80196965,-276395
2026-03-17 07:20:47.000 UTC,-16913932339666233826,16804353,-276394
2026-03-17 09:31:47.000 UTC,-138755119262544408864,137933753,-276384
2026-03-17 09:31:59.000 UTC,-144303804511652608176,143562326,-276380
2026-03-17 09:31:59.000 UTC,-138291764079514711024,137588919,-276380
2026-03-17 09:31:59.000 UTC,-145031697832934281095,144294801,-276380
2026-03-17 09:31:59.000 UTC,356768374800227912469,-354600416,-276380
2026-03-17 09:32:47.000 UTC,63611592979101803057,-63219349,-276383
2026-03-17 09:42:11.000 UTC,96721490910088419341,-96072607,-276390
2026-03-17 09:52:23.000 UTC,50366177945938263983,-50001705,-276394
2026-03-17 11:27:35.000 UTC,-52063811227987919910,51739102,-276390
2026-03-17 12:18:59.000 UTC,20848007467899651293,-20699606,-276392
2026-03-17 12:30:59.000 UTC,35627473002264837836,-35366652,-276394
2026-03-17 13:28:35.000 UTC,-1030365721562531174625,1025000000,-276380
2026-03-17 13:28:47.000 UTC,928834443787574789870,-923163530,-276387
2026-03-17 15:03:23.000 UTC,-22295731861297561600,22169933,-276385
2026-03-17 15:12:23.000 UTC,126926724854569508196,-126036747,-276394
2026-03-17 15:37:47.000 UTC,116887304638228652667,-115965558,-276403
2026-03-17 16:26:47.000 UTC,-60617327514287245733,60187273,-276399
2026-03-17 17:49:35.000 UTC,-72050709728987624942,71573837,-276393
2026-03-17 18:27:11.000 UTC,-46962312348059051814,46671556,-276390
2026-03-17 19:34:59.000 UTC,35304125384502674944,-35051950,-276392
2026-03-17 21:17:23.000 UTC,-31476063919477419098,31282077,-276390
2026-03-17 22:38:59.000 UTC,70280121456628418938,-69767378,-276395
2026-03-17 23:54:23.000 UTC,-829365034158821261260,825000000,-276380
2026-03-17 23:54:35.000 UTC,754461452696098495511,-749817166,-276390
2026-03-17 23:54:47.000 UTC,142778513525822727457,-141704900,-276400
2026-03-18 00:57:35.000 UTC,-84193113880412553217,83625967,-276394
2026-03-18 02:53:11.000 UTC,-527809641852694341816,525000000,-276380
2026-03-18 02:53:23.000 UTC,440496111457341988059,-437782900,-276388
2026-03-18 04:24:59.000 UTC,35102250297744862055,-34859162,-276390
2026-03-18 04:30:47.000 UTC,62460472853529740371,-62006070,-276395
2026-03-18 06:40:35.000 UTC,28300185808529103810,-28085092,-276397
2026-03-18 07:09:11.000 UTC,17824336865922909766,-17685918,-276398
2026-03-18 10:44:47.000 UTC,32489260563587350385,-32231102,-276400
2026-03-18 11:40:11.000 UTC,76652639111449107624,-76013603,-276406
2026-03-18 12:25:35.000 UTC,-81407521372779950231,80811034,-276400
2026-03-18 12:45:23.000 UTC,65921628130789821621,-65376850,-276405
2026-03-18 14:12:23.000 UTC,60565054823965655011,-60037124,-276409
2026-03-18 14:22:11.000 UTC,67520619187038367041,-66900914,-276414
2026-03-18 14:52:59.000 UTC,77734447933711938901,-76979730,-276420
2026-03-18 15:06:35.000 UTC,-219962842675192791040,218159186,-276404
2026-03-18 15:44:35.000 UTC,38591188759697985005,-38261770,-276407
2026-03-18 16:25:11.000 UTC,30058732551526915902,-29794764,-276409
2026-03-18 17:06:23.000 UTC,42801900472311489680,-42414837,-276412
2026-03-18 17:21:23.000 UTC,-169761994760037221279,168472514,-276400
2026-03-18 18:55:11.000 UTC,176375762393686238167,-174856906,-276412
2026-03-18 19:46:35.000 UTC,-8416081363989866094,8346867,-276412
2026-03-18 20:27:35.000 UTC,-99393086420173283537,98614387,-276405
2026-03-18 21:18:23.000 UTC,-44572778276461795814,44246580,-276401
2026-03-18 21:41:35.000 UTC,-28368527296409935658,28168338,-276399
2026-03-19 00:37:11.000 UTC,10625573847489409227,-10540719,-276400
2026-03-19 01:08:35.000 UTC,-21727020631561132647,21575947,-276399
2026-03-19 01:17:23.000 UTC,16391139051272911996,-16261208,-276400
2026-03-19 01:45:47.000 UTC,-29072499846398477133,28872233,-276398
2026-03-19 02:25:59.000 UTC,44575164062883574891,-44221375,-276401
2026-03-19 02:32:47.000 UTC,2193896130466506852990,-2180622707,-276380
2026-03-19 02:32:47.000 UTC,97673135415702963246,-97081094,-276380
2026-03-19 02:32:47.000 UTC,1688007620909424942906,-1677760984,-276380
2026-03-19 02:32:47.000 UTC,-4266569016517870270934,4244672140,-276380
2026-03-19 02:32:59.000 UTC,220845371031564338288,-219340046,-276396
2026-03-19 02:37:23.000 UTC,197149542006293061193,-195510562,-276410
2026-03-19 02:40:11.000 UTC,76582471128891866072,-75870381,-276416
2026-03-19 02:43:11.000 UTC,-120012039418401521664,119034040,-276407
2026-03-19 02:44:59.000 UTC,-13331615522286993408,13229389,-276406
2026-03-19 02:47:47.000 UTC,-6624540311078152250,6574218,-276406
2026-03-19 02:47:59.000 UTC,16632108573383957950,-16488666,-276407
2026-03-19 02:49:47.000 UTC,-1558746126579142340751,1550354681,-276380
2026-03-19 02:49:47.000 UTC,-469354622999297468439,466975059,-276380
2026-03-19 02:49:47.000 UTC,-68161934219597797103,67816544,-276380
2026-03-19 02:49:59.000 UTC,1947276857387803446489,-1935291529,-276396
2026-03-19 02:49:59.000 UTC,-8455036046668040722,8399353,-276395
2026-03-19 02:49:59.000 UTC,8940708871534634847,-8872931,-276396
2026-03-19 02:49:59.000 UTC,309459127297639545743,-306759457,-276418
2026-03-19 02:49:59.000 UTC,3205330055013696448,-3173735,-276419
2026-03-19 02:50:11.000 UTC,-189639197977956231601,188086833,-276405
2026-03-19 03:03:35.000 UTC,49999146709826221058,-49565537,-276408
2026-03-19 03:13:47.000 UTC,-161063402345933922697,159890544,-276397
2026-03-19 03:45:59.000 UTC,134301564009681535521,-133203198,-276406
2026-03-19 03:45:59.000 UTC,253652537273642536841,-251218002,-276427
2026-03-19 03:45:59.000 UTC,-261024027786862769110,258784706,-276406
2026-03-19 04:36:47.000 UTC,-110844623931331931186,110044780,-276398
2026-03-19 04:41:11.000 UTC,5758656224950417468,-5713555,-276398
2026-03-19 05:10:47.000 UTC,73551107832435669125,-72954169,-276404
2026-03-19 05:29:47.000 UTC,19900770562397304953,-19732597,-276405
2026-03-19 06:04:23.000 UTC,29746719526042016737,-29490057,-276407
2026-03-19 06:36:59.000 UTC,10014380214328084867,-9926549,-276408
2026-03-19 07:25:11.000 UTC,35634100767792512102,-35315752,-276411
2026-03-19 07:40:59.000 UTC,-53627572734188292381,53205126,-276407
2026-03-19 07:45:35.000 UTC,-852769312220869599,846219,-276407
2026-03-19 08:25:11.000 UTC,12035760826811907409,-11930877,-276407
2026-03-19 09:23:23.000 UTC,-94013112713793257728,93314741,-276401
2026-03-19 09:23:35.000 UTC,-18483850409594016638,18354000,-276399
2026-03-19 10:37:23.000 UTC,36397274157404499081,-36103114,-276402
2026-03-19 11:41:47.000 UTC,6027521681230353930,-5977892,-276402
2026-03-19 12:54:35.000 UTC,51613509786940530705,-51177882,-276406
2026-03-19 13:14:59.000 UTC,33630892471444552194,-33336782,-276409
2026-03-19 13:32:47.000 UTC,3154652351927583690,-3126648,-276409
2026-03-19 13:38:59.000 UTC,37682577960982992448,-37342554,-276412
2026-03-19 13:57:59.000 UTC,-138656639034327306419,137593223,-276402
2026-03-19 14:30:35.000 UTC,106953401445582318699,-106039194,-276409
2026-03-19 14:54:59.000 UTC,-47817298273798894697,47445888,-276406
2026-03-19 15:05:47.000 UTC,-64740352167354351389,64263614,-276401
2026-03-19 17:43:23.000 UTC,10870867764801675193,-10782126,-276402
2026-03-19 19:06:11.000 UTC,-60264599293944580803,59843140,-276398
2026-03-19 20:46:47.000 UTC,4420259144136492161,-4385842,-276398
2026-03-19 21:42:11.000 UTC,168512742706131831578,-167096339,-276410
2026-03-19 22:51:47.000 UTC,-143040993523402090175,141967612,-276400
2026-03-19 23:29:47.000 UTC,10367432700435512210,-10284275,-276400
2026-03-19 23:36:59.000 UTC,8273839273149270041,-8206922,-276401
2026-03-20 00:52:35.000 UTC,-98636278594181755619,97968420,-276394
2026-03-20 01:16:23.000 UTC,-229115428309160312775,227826988,-276380
2026-03-20 01:16:23.000 UTC,267258564039050329951,-265454609,-276397
2026-03-20 01:16:35.000 UTC,-204875219500489945370,203655397,-276382
2026-03-20 01:16:47.000 UTC,204162608438415048528,-202744729,-276397
2026-03-20 01:17:35.000 UTC,-127030562473074555751,126239437,-276387
2026-03-20 01:17:35.000 UTC,126884718184183303416,-125968533,-276397
2026-03-20 01:17:47.000 UTC,-142009749077722396807,141133191,-276386
2026-03-20 01:17:47.000 UTC,141483851946071324896,-140470267,-276397
2026-03-20 01:28:47.000 UTC,-125047068041492305336,124268129,-276387
2026-03-20 01:28:59.000 UTC,123923640944707952572,-123029105,-276396
2026-03-20 01:45:23.000 UTC,-25570734326075172442,25402534,-276395
2026-03-20 01:52:35.000 UTC,43280259730892471124,-42949838,-276398
2026-03-20 02:11:59.000 UTC,17387403372378924575,-17250880,-276399
2026-03-20 02:25:47.000 UTC,48600131215603315808,-48207043,-276402
2026-03-20 03:56:47.000 UTC,-144749170894756589899,143772048,-276392
2026-03-20 04:10:23.000 UTC,61070409616667653308,-60615840,-276396
2026-03-20 04:38:23.000 UTC,31887970394780656885,-31639993,-276399
2026-03-20 05:44:11.000 UTC,-35750713495732008878,35508695,-276396
2026-03-20 06:08:23.000 UTC,26371889895712253859,-26168063,-276398
2026-03-20 06:20:59.000 UTC,43191768926219788441,-42847178,-276401
2026-03-20 07:02:35.000 UTC,43076728200798513765,-42719747,-276404
2026-03-20 07:02:59.000 UTC,37443336921360458976,-37122248,-276407
2026-03-20 07:18:47.000 UTC,27430731076244092350,-27189136,-276409
2026-03-20 07:32:35.000 UTC,-5695442184875422970,5650487,-276409
2026-03-20 07:42:11.000 UTC,-20384826156950475529,20225827,-276407
2026-03-20 08:11:35.000 UTC,-25626992930244502743,25431331,-276405
2026-03-20 08:11:59.000 UTC,-66823029700863324011,66334982,-276400
2026-03-20 08:54:59.000 UTC,-127137744061522675988,126297652,-276391
2026-03-20 09:03:59.000 UTC,46111330883306132242,-45774246,-276395
2026-03-20 09:17:59.000 UTC,26261666459037155471,-26062873,-276396
2026-03-20 09:20:11.000 UTC,42383253374459869710,-42052000,-276400
2026-03-20 09:21:59.000 UTC,15328421845673430428,-15205451,-276401
2026-03-20 09:53:47.000 UTC,40453378317681600966,-40120764,-276404
2026-03-20 11:05:47.000 UTC,-16867237392200516217,16743868,-276402
2026-03-20 11:14:59.000 UTC,-84162501268622537691,83577422,-276396
2026-03-20 11:39:23.000 UTC,187670140929108477341,-186109661,-276410
2026-03-20 11:54:35.000 UTC,-66798505677461389312,66280446,-276405
2026-03-20 13:21:59.000 UTC,-1343790585250976384,1333697,-276405
2026-03-20 13:35:59.000 UTC,44281188665868212075,-43897834,-276408
2026-03-20 14:01:11.000 UTC,27356688782272613520,-27112843,-276410
2026-03-20 14:28:59.000 UTC,-27069620600809263510,26855156,-276408
2026-03-20 14:31:11.000 UTC,-170519892086491188370,169289686,-276396
2026-03-20 16:32:59.000 UTC,17335345765286771563,-17202591,-276397
2026-03-20 17:32:59.000 UTC,198281039975185783842,-196609488,-276411
2026-03-20 17:39:35.000 UTC,-85796950830915498142,85124233,-276405
2026-03-20 18:23:35.000 UTC,15327672712858234571,-15196156,-276406
2026-03-20 19:39:47.000 UTC,7211439272194628866,-7148981,-276407
2026-03-20 20:14:47.000 UTC,11424985707442077696,-11325272,-276408
2026-03-20 21:17:59.000 UTC,1056186028164857153362,-1041921003,-276507
2026-03-20 21:17:59.000 UTC,218252637604924532563,-213967730,-276529
2026-03-20 21:17:59.000 UTC,-1250335639296105190456,1233235646,-276409
2026-03-20 21:18:11.000 UTC,-40090833456851499825,39778083,-276406
2026-03-20 21:19:35.000 UTC,-100068465493784326711,99338097,-276399
2026-03-20 21:28:47.000 UTC,-15434931391256733730,15328671,-276398
2026-03-20 22:04:35.000 UTC,-38201594372090400215,37945950,-276395
2026-03-20 22:05:59.000 UTC,-17012726232413896704,16902250,-276394
2026-03-20 22:33:11.000 UTC,27473619859930284907,-27266894,-276396
2026-03-20 23:06:47.000 UTC,49915034455508115683,-49525605,-276400
2026-03-20 23:25:35.000 UTC,1909977258283134494,-1894721,-276400
2026-03-21 03:53:35.000 UTC,-334975774106321646471,333016757,-276380
2026-03-21 03:53:59.000 UTC,11579355977094077935,-11506043,-276383
2026-03-21 03:53:59.000 UTC,97500141034768818602,-96904390,-276383
2026-03-21 03:54:11.000 UTC,176079024809708183935,-174845634,-276396
2026-03-21 05:53:47.000 UTC,22208516196284173218,-22037160,-276398
2026-03-21 08:44:35.000 UTC,-109174250871153057177,108474391,-276390
2026-03-21 08:44:35.000 UTC,-136185847955702738179,135432747,-276380
2026-03-21 08:44:59.000 UTC,157886583349573983980,-156844265,-276391
2026-03-21 08:44:59.000 UTC,-95454301973013531042,94897726,-276385
2026-03-21 08:44:59.000 UTC,159435585266863401960,-158310919,-276396
2026-03-21 08:45:23.000 UTC,-132839623319451240500,132060473,-276384
2026-03-21 08:45:23.000 UTC,86985600791366069162,-86374613,-276393
2026-03-21 08:45:23.000 UTC,-127341279947862137765,126554900,-276387
2026-03-21 08:45:35.000 UTC,275496030065838704578,-273711915,-276393
2026-03-21 08:45:35.000 UTC,-130183599825358205668,129419263,-276384
2026-03-21 08:45:35.000 UTC,55503634313137240496,-55137481,-276388
2026-03-21 08:45:35.000 UTC,-143029720648869496100,142296191,-276380
2026-03-21 08:45:47.000 UTC,-145410688445250272558,144635566,-276380
2026-03-21 08:45:47.000 UTC,109273909314624074011,-108595103,-276385
2026-03-21 08:45:47.000 UTC,113081941770233610821,-112296930,-276393
2026-03-21 08:47:11.000 UTC,-136828286763486432460,136026115,-276383
2026-03-21 08:47:11.000 UTC,136318662901297191822,-135384275,-276393
2026-03-21 08:47:35.000 UTC,-98227968397604535492,97638877,-276386
2026-03-21 08:47:47.000 UTC,97848657320329929014,-97164753,-276393
2026-03-21 08:53:23.000 UTC,20290552385796615682,-20140136,-276395
2026-03-21 11:22:35.000 UTC,31885735704438967164,-31643400,-276397
2026-03-21 11:22:47.000 UTC,2751086072811918019,-2729836,-276397
2026-03-21 11:22:47.000 UTC,2224453893588636653,-2207232,-276397
2026-03-21 11:23:11.000 UTC,-7909757398897914808,7856536,-276397
2026-03-21 11:34:23.000 UTC,-108419271012898948539,107735034,-276389
2026-03-21 11:42:11.000 UTC,2182804102638019114,-2167691,-276389
2026-03-21 11:46:23.000 UTC,71718463414509455230,-71202926,-276394
2026-03-21 14:55:23.000 UTC,-75466473461459800594,75000000,-276389
2026-03-21 14:55:47.000 UTC,28384873292786853226,-28186015,-276391
2026-03-21 14:56:11.000 UTC,-52812875221419213940,52500000,-276387
2026-03-21 14:56:11.000 UTC,76021711589961067191,-75489468,-276393
2026-03-21 15:00:59.000 UTC,787172436578163157,-781444,-276393
2026-03-21 15:18:23.000 UTC,78227204657677699235,-77635812,-276398
2026-03-21 15:45:23.000 UTC,47969102229221098450,-47584768,-276402
2026-03-21 22:01:35.000 UTC,19747542732943726732,-19584534,-276403
2026-03-21 23:53:35.000 UTC,25847265282872354687,-25629687,-276405
2026-03-21 23:54:11.000 UTC,24962688035180931874,-24748016,-276407
2026-03-21 23:56:11.000 UTC,41868743201628421088,-41498674,-276410
2026-03-21 23:57:35.000 UTC,58843256326182956606,-58301754,-276414
2026-03-22 00:09:23.000 UTC,-89765676304492920832,89038681,-276408
2026-03-22 00:32:11.000 UTC,-66993781731649724459,66488988,-276403
2026-03-22 00:57:35.000 UTC,40527612824881057190,-40185871,-276406
2026-03-22 01:24:11.000 UTC,-42455198386982569169,42139628,-276403
2026-03-22 02:29:59.000 UTC,-29861694827007520710,29647290,-276401
2026-03-22 02:39:11.000 UTC,42646337532450213268,-42295972,-276403
2026-03-22 03:01:35.000 UTC,-144895158353653466668,143898653,-276394
2026-03-22 03:03:23.000 UTC,117452884933083206083,-116539399,-276402
2026-03-22 03:25:11.000 UTC,-265082205561175376900,263416191,-276384
2026-03-22 03:32:11.000 UTC,-1267266525320577098906,1260824331,-276380
2026-03-22 03:38:11.000 UTC,-719528644542274158404,715881811,-276380
2026-03-22 03:44:47.000 UTC,-230615700774435422209,229447938,-276380
2026-03-22 03:48:35.000 UTC,2381262630295792238534,-2366665326,-276395
2026-03-22 04:14:59.000 UTC,-308877786595291045653,307161711,-276380
2026-03-22 04:15:11.000 UTC,-297129068727076126720,295619203,-276380
2026-03-22 04:15:47.000 UTC,-635440819323955410132,632214742,-276380
2026-03-22 04:15:47.000 UTC,-358496121899146929794,356677827,-276380
2026-03-22 04:16:23.000 UTC,1808832494466621877898,-1797262911,-276409
2026-03-22 04:17:23.000 UTC,-355084945927073431553,352707878,-276385
2026-03-22 04:24:35.000 UTC,257572337179810992284,-255677188,-276402
2026-03-22 04:26:47.000 UTC,-230004582252701616111,228519399,-276386
2026-03-22 04:28:59.000 UTC,-350472595281661365351,348665008,-276380
2026-03-22 04:36:35.000 UTC,199830367763066306957,-198615989,-276380
2026-03-22 04:46:47.000 UTC,472234442229146759540,-468797836,-276408
2026-03-22 05:11:11.000 UTC,-112115683576063814567,111277903,-276401
2026-03-22 07:25:59.000 UTC,22154352889042484192,-21973547,-276402
2026-03-22 07:58:59.000 UTC,18656490325693351896,-18501663,-276403
2026-03-22 08:00:23.000 UTC,10432536587620343526,-10344935,-276404
2026-03-22 08:19:47.000 UTC,16734433060880768998,-16592382,-276405
2026-03-22 08:35:47.000 UTC,25780444676054091804,-25557911,-276407
2026-03-22 13:03:23.000 UTC,-46066065087335039280,45717289,-276404
2026-03-22 13:15:47.000 UTC,-123721121957946288717,122855361,-276396
2026-03-22 13:28:23.000 UTC,13065209965384574888,-12965695,-276396
2026-03-22 13:37:23.000 UTC,12949200569729926763,-12849432,-276397
2026-03-22 15:36:23.000 UTC,91148474499420243771,-90414191,-276404
2026-03-22 15:50:59.000 UTC,40479963262130520958,-40135889,-276406
2026-03-22 16:14:47.000 UTC,21719785836731986709,-21530616,-276408
2026-03-22 18:38:35.000 UTC,9980825830321544135,-9892831,-276408
2026-03-22 18:45:59.000 UTC,5002136335495781486,-4957783,-276409
2026-03-22 19:18:59.000 UTC,26432302007018172768,-26195130,-276411
2026-03-22 19:33:47.000 UTC,25987671236346212638,-25749690,-276412
2026-03-22 19:55:47.000 UTC,-1574547126721616684,1561549,-276412
2026-03-22 20:18:23.000 UTC,51920497788319064855,-51430837,-276416
2026-03-22 20:18:23.000 UTC,-84154709502496216038,83454408,-276410
2026-03-22 20:18:23.000 UTC,-125456240030272595264,124503570,-276401
2026-03-22 20:21:23.000 UTC,-250228049677031948153,248645634,-276384
2026-03-22 20:21:47.000 UTC,242949323650512028351,-241177658,-276401
2026-03-22 20:22:11.000 UTC,-122658834133258533083,121836360,-276393
2026-03-22 20:22:23.000 UTC,118991428097317537142,-118076878,-276401
2026-03-22 20:22:23.000 UTC,-136601327238485068496,135695246,-276391
2026-03-22 20:22:23.000 UTC,-134044823503511971094,133278448,-276382
2026-03-22 20:22:23.000 UTC,102624395402986068450,-101946570,-276389
2026-03-22 20:22:23.000 UTC,256601233582720442911,-254595052,-276407
2026-03-22 20:22:47.000 UTC,-136000403468515368781,135016770,-276397
2026-03-22 20:26:59.000 UTC,6334396572646817330,-6285068,-276398
2026-03-22 20:33:59.000 UTC,68701596045424054774,-68149192,-276403
2026-03-22 21:04:11.000 UTC,14148208556937685358,-14030494,-276404
2026-03-22 21:05:59.000 UTC,431445179179262683677,-427130624,-276440
2026-03-22 21:06:23.000 UTC,-248102081819897601499,245682677,-276416
2026-03-22 21:06:23.000 UTC,168940159122850932060,-167189573,-276432
2026-03-22 21:06:47.000 UTC,-147386605577194233812,145991707,-276418
2026-03-22 21:09:35.000 UTC,-43137474891168370582,42764002,-276415
2026-03-22 21:19:59.000 UTC,20569769472286980072,-20372993,-276416
2026-03-22 21:29:11.000 UTC,-61770493024087347511,61250132,-276412
2026-03-22 22:06:35.000 UTC,2408800000000000000,-2386643,-276412
2026-03-22 22:22:35.000 UTC,-40298090718455398400,39972865,-276409
2026-03-22 22:22:59.000 UTC,-109055322157589782339,108230498,-276402
2026-03-22 22:33:23.000 UTC,-85900804670347695747,85307677,-276396
2026-03-22 22:36:11.000 UTC,68665280759656833024,-68126990,-276401
2026-03-22 23:14:11.000 UTC,-12807258970633849436,12716618,-276401
2026-03-22 23:15:59.000 UTC,-241029577437766030696,239328594,-276400
2026-03-22 23:49:11.000 UTC,38259517506205571445,-37952151,-276400
2026-03-22 23:51:35.000 UTC,10030328418418346662,-9949709,-276400
2026-03-22 23:53:23.000 UTC,27465295965891079930,-27244460,-276400
2026-03-22 23:53:35.000 UTC,58868471193793682003,-58394732,-276400
2026-03-23 00:34:35.000 UTC,6150985278543681826,-6101454,-276400
2026-03-23 00:35:47.000 UTC,212967571319107827821,-211248924,-276401
2026-03-23 00:36:35.000 UTC,33156939949287698695,-32888715,-276401
2026-03-23 00:36:59.000 UTC,33030098801242115439,-32762726,-276401
2026-03-23 00:40:47.000 UTC,188025890661855797286,-186500552,-276401
2026-03-23 00:41:23.000 UTC,154964274549726008233,-153702920,-276401
2026-03-23 02:30:23.000 UTC,-40978595946246684957,40685349,-276401
2026-03-23 02:36:35.000 UTC,-4052143050258067566,4023161,-276401
2026-03-23 03:49:11.000 UTC,5129523196341334933138,-5085653942,-276410
2026-03-23 05:06:35.000 UTC,-24244547135839847370,24051417,-276409
2026-03-23 05:48:59.000 UTC,115804160549109541703,-114765977,-276410
2026-03-23 07:23:35.000 UTC,47684494530663835577,-47256384,-276410
2026-03-23 08:07:47.000 UTC,-14099424790504313304,13986787,-276410
2026-03-23 09:37:23.000 UTC,12142989002501349703,-12033939,-276410
2026-03-23 10:11:35.000 UTC,-36569371681642735565,36277301,-276410
2026-03-23 11:07:47.000 UTC,-2732201135629238896551,2710981181,-276405
2026-03-23 11:07:47.000 UTC,-1073447942237293378594,1065435806,-276404
2026-03-23 11:07:47.000 UTC,-526563504758733112565,522700308,-276403
2026-03-23 11:08:59.000 UTC,-112069134953013380569,111252622,-276403
2026-03-23 11:09:11.000 UTC,-1172388538719952767750,1163966596,-276401
2026-03-23 11:09:11.000 UTC,107975461964228652182,-107101778,-276401
2026-03-23 11:09:35.000 UTC,-2095202463998702814325,2080660429,-276397
2026-03-23 11:09:59.000 UTC,-1711359125071734813463,1700000000,-276395
2026-03-23 11:10:59.000 UTC,4037672076257641844730,-4006115586,-276401
2026-03-23 11:12:59.000 UTC,8760116318210981278,-8688833,-276401
2026-03-23 11:13:59.000 UTC,-185169450846775200939,183849088,-276401
2026-03-23 11:14:23.000 UTC,-53240642661176893990,52862018,-276401
2026-03-23 11:14:47.000 UTC,377751961105162255051,-374680830,-276401
2026-03-23 11:15:47.000 UTC,2345427804160692438465,-2325851907,-276405
2026-03-23 11:15:59.000 UTC,-87770150827975292836,87108931,-276405
2026-03-23 11:23:35.000 UTC,2146246978411158195307,-2127597730,-276409
2026-03-23 11:28:47.000 UTC,-1621347196327109136787,1608799844,-276406
2026-03-23 11:37:11.000 UTC,483972279021301709318,-479790528,-276407
2026-03-23 11:44:59.000 UTC,-272724424030995322064,270633949,-276406
2026-03-23 11:46:59.000 UTC,108705448259868032256,-107765776,-276406
2026-03-23 11:46:59.000 UTC,69782786912481787027,-69178581,-276407
2026-03-23 11:48:11.000 UTC,742771640121131909536,-736292513,-276408
2026-03-23 11:48:47.000 UTC,252593611602483185171,-250370298,-276408
2026-03-23 11:57:11.000 UTC,-132032437334771264934,131000000,-276408
2026-03-23 11:59:47.000 UTC,93948122862076452833,-93120583,-276408
2026-03-23 12:01:59.000 UTC,1109981027223359385931,-1100097695,-276410
2026-03-23 12:03:59.000 UTC,39221594070955992072,-38868784,-276410
2026-03-23 12:14:23.000 UTC,44387548053456639064,-43987975,-276410
2026-03-23 12:48:11.000 UTC,-109490743221845362098,108614271,-276410
2026-03-23 13:00:59.000 UTC,-91292397939998068778,90563061,-276410
2026-03-23 13:43:23.000 UTC,-558007407149254590877,553578270,-276409
2026-03-23 13:51:59.000 UTC,-106903313652779902147,106060430,-276409
2026-03-23 13:52:11.000 UTC,-29602716793796980363,29369634,-276409
2026-03-23 13:52:23.000 UTC,-317191755769116729127,314703029,-276408
2026-03-23 13:58:59.000 UTC,-219102026631845119935,217392268,-276408
2026-03-23 13:59:35.000 UTC,-75628939134490689021,75040543,-276408
2026-03-23 14:03:11.000 UTC,-18939876069417151774,18792666,-276408
2026-03-23 14:23:11.000 UTC,452143171927289987515,-448164807,-276408
2026-03-23 15:06:47.000 UTC,-270473324243398503963,268357848,-276408
2026-03-23 15:09:11.000 UTC,-277887123372764798661,275725778,-276407
2026-03-23 15:23:35.000 UTC,435598948559714075699,-431773402,-276408
2026-03-23 15:40:23.000 UTC,88040550983127587712,-87263695,-276408
2026-03-23 15:44:11.000 UTC,109624048728629553647,-108655023,-276408
2026-03-23 15:48:11.000 UTC,30439525768886307690,-30170116,-276408
2026-03-23 15:53:59.000 UTC,309288804505681892232,-306543054,-276409
2026-03-23 15:54:11.000 UTC,99118755915351583329,-98235603,-276409
2026-03-23 15:55:11.000 UTC,42163362481691022952,-41787212,-276409
2026-03-23 15:56:35.000 UTC,316067156322699207122,-313238450,-276410
2026-03-23 15:56:47.000 UTC,88586994501905780308,-87791322,-276410
2026-03-23 16:18:11.000 UTC,20962637935628829574,-20774173,-276410
2026-03-23 16:21:35.000 UTC,285296135629443386752,-282724241,-276410
2026-03-23 16:21:47.000 UTC,78075227226012731863,-77369141,-276410
2026-03-23 16:30:23.000 UTC,29631843783849432496,-29363610,-276410
2026-03-23 17:36:11.000 UTC,-21611567953319657452,21437354,-276410
2026-03-23 17:36:47.000 UTC,-19577446653460268235,19419694,-276410
2026-03-23 18:06:35.000 UTC,-140174241159111495734,139046514,-276410
2026-03-23 19:04:59.000 UTC,-306339355026848659514,303885671,-276410
2026-03-23 19:05:47.000 UTC,-37722014490737772657,37420905,-276410
2026-03-23 20:39:35.000 UTC,92529695523550606659,-91698921,-276410
2026-03-23 21:06:11.000 UTC,29596611077985314230,-29330592,-276410
2026-03-23 21:15:59.000 UTC,-2670405806593812145456,2649612890,-276406
2026-03-23 22:05:47.000 UTC,218045679334800864324,-216174073,-276406
2026-03-23 22:42:11.000 UTC,940324421689201045928,-932166594,-276407
2026-03-23 23:09:11.000 UTC,43397256154512013747,-43017371,-276407
2026-03-23 23:20:11.000 UTC,93259295204109499746,-92441923,-276408
2026-03-24 00:23:59.000 UTC,230788847939607653985,-228760158,-276408
2026-03-24 00:32:11.000 UTC,41244650253516406607,-40881209,-276408
2026-03-24 00:40:35.000 UTC,22183151739967373070,-21987565,-276408
2026-03-24 00:40:35.000 UTC,123046553950497308811,-121960249,-276408
2026-03-24 01:02:23.000 UTC,-1410912097005553027832,1400000000,-276406
2026-03-24 01:02:35.000 UTC,765078380175413633233,-758441515,-276407
2026-03-24 01:02:47.000 UTC,-1763407620331991032368,1750000000,-276404
2026-03-24 01:02:59.000 UTC,1034319297261437067161,-1025488880,-276406
2026-03-24 01:03:47.000 UTC,-831285618667715612303,825000000,-276405
2026-03-24 01:03:47.000 UTC,765851841290366803293,-759305123,-276406
2026-03-24 01:04:47.000 UTC,-142381905507604496384,141298999,-276406
2026-03-24 01:04:47.000 UTC,-24016641460483346962,23834298,-276406
2026-03-24 01:06:11.000 UTC,-1964605289894374091486,1950000000,-276403
2026-03-24 01:06:35.000 UTC,-3600169897135913145212,3575000000,-276397
2026-03-24 01:06:47.000 UTC,-29081946169209203671,28887030,-276397
2026-03-24 01:06:47.000 UTC,4175929362735674134807,-4142417274,-276403
2026-03-24 01:06:59.000 UTC,-1007337855399757347848,1000000000,-276402
2026-03-24 01:06:59.000 UTC,4286532894742290917752,-4249937407,-276409
2026-03-24 01:06:59.000 UTC,231952324850295787982,-229888843,-276409
2026-03-24 01:08:35.000 UTC,-142895666845813736507,141765167,-276409
2026-03-24 01:10:59.000 UTC,-1133855241676195250396,1125000000,-276407
2026-03-24 01:15:23.000 UTC,-881744961841589304231,875000000,-276406
2026-03-24 01:19:47.000 UTC,-2946643053132008455809,2925000000,-276401
2026-03-24 01:19:59.000 UTC,918570881839978030297,-911060523,-276402
2026-03-24 01:22:47.000 UTC,-11015295016902745282,10935371,-276402
2026-03-24 01:23:11.000 UTC,-881332141508640498435,875000000,-276401
2026-03-24 01:23:23.000 UTC,817935817128308606879,-811251455,-276402
2026-03-24 01:26:47.000 UTC,1097909374727359157447,-1088769859,-276404
2026-03-24 01:26:59.000 UTC,810062828190574638628,-803196694,-276405
2026-03-24 01:28:11.000 UTC,-881592602624698813092,875000000,-276404
2026-03-24 01:32:59.000 UTC,46816661529902258359,-46423215,-276404
2026-03-24 01:39:59.000 UTC,1257607269627098432400,-1246908045,-276406
2026-03-24 01:41:59.000 UTC,23966251775256334370,-23759916,-276406
2026-03-24 01:42:11.000 UTC,43085608403563052814,-42714437,-276406
2026-03-24 01:42:11.000 UTC,36328628156671397597,-36015438,-276406
2026-03-24 01:44:47.000 UTC,114169908679461476752,-113184282,-276406
2026-03-24 01:44:47.000 UTC,107430328642548036522,-106500994,-276406
2026-03-24 01:44:47.000 UTC,155596502587326650929,-154247252,-276407
2026-03-24 01:49:11.000 UTC,-604621530978894743890,600000000,-276406
2026-03-24 01:52:59.000 UTC,-755694515299184286222,750000000,-276405
2026-03-24 01:53:11.000 UTC,823495415764777022035,-816468493,-276406
2026-03-24 01:58:11.000 UTC,-1536499278883829788678,1525000000,-276403
2026-03-24 01:58:23.000 UTC,1197685761973317630085,-1187566071,-276405
2026-03-24 01:58:35.000 UTC,-167829719628627303197,166564459,-276405
2026-03-24 02:00:47.000 UTC,1356060782125792749210,-1344364030,-276407
2026-03-24 02:19:59.000 UTC,17445055301597058968,-17292679,-276407
2026-03-24 02:20:11.000 UTC,10077822888361054912,-9989775,-276407
2026-03-24 02:27:47.000 UTC,-161294168125241553580,160046919,-276407
2026-03-24 02:43:23.000 UTC,-503869650262980057798,500000000,-276406
2026-03-24 03:06:23.000 UTC,10031540259201351367,-9944941,-276406
2026-03-24 03:07:47.000 UTC,25716154809903040279,-25494082,-276406
2026-03-24 03:37:59.000 UTC,18522250656946872617,-18362236,-276406
2026-03-24 03:46:35.000 UTC,10449710619859688532,-10359411,-276406
2026-03-24 04:03:11.000 UTC,661029344000472819774,-655281908,-276407
2026-03-24 04:06:47.000 UTC,-162657280619052408059,161397950,-276407
2026-03-24 04:12:23.000 UTC,-428295837776327721829,425000000,-276406
2026-03-24 04:19:23.000 UTC,615243405232932610023,-609889482,-276407
2026-03-24 04:20:35.000 UTC,32551192976264903086,-32266254,-276407
2026-03-24 04:24:59.000 UTC,-503892105702678581085,500000000,-276407
2026-03-24 04:26:59.000 UTC,-377892371921361660275,375000000,-276406
2026-03-24 04:27:23.000 UTC,-8047742232700125184,7986393,-276406
2026-03-24 04:38:23.000 UTC,53982782610702715942,-53517503,-276406
2026-03-24 04:44:11.000 UTC,756279599196890817814,-749712533,-276407
2026-03-24 04:58:47.000 UTC,106298764900197207533,-105368451,-276408
2026-03-24 06:22:59.000 UTC,-403118637882575877184,400000000,-276407
2026-03-24 06:23:47.000 UTC,-881731216985487259307,875000000,-276405
2026-03-24 06:49:59.000 UTC,541656420571328142811,-536998626,-276406
2026-03-24 06:49:59.000 UTC,2700613270951832024316,-2676662211,-276418
2026-03-24 06:57:11.000 UTC,-17650998806579338391,17497430,-276416
2026-03-24 06:57:35.000 UTC,-50602054122446790975,50174451,-276413
2026-03-24 07:06:59.000 UTC,-69679696063196299264,69115183,-276410
2026-03-24 07:13:11.000 UTC,-15336721826012789895,15213167,-276410
2026-03-24 07:38:23.000 UTC,-6196861530976864241642,6150000000,-276400
2026-03-24 07:38:47.000 UTC,1990106058112722297141,-1973747535,-276404
2026-03-24 07:38:47.000 UTC,821008833322838760609,-814076823,-276405
2026-03-24 07:48:23.000 UTC,-478578905362665892733,475000000,-276404
2026-03-24 07:49:23.000 UTC,-1435516442594237873608,1425000000,-276402
2026-03-24 07:49:47.000 UTC,-1963855658536170213784,1950000000,-276399
2026-03-24 07:49:47.000 UTC,1296516533862712944098,-1286151002,-276401
2026-03-24 07:49:59.000 UTC,1936595264680665235556,-1920614736,-276404
2026-03-24 07:50:11.000 UTC,-12903635625368851468,12807989,-276404
2026-03-24 08:27:11.000 UTC,-1007385337153599286401,1000000000,-276402
2026-03-24 08:29:47.000 UTC,21781362013955786082,-21601769,-276402
2026-03-24 08:29:47.000 UTC,1513898933194681183786,-1501231721,-276405
2026-03-24 08:52:59.000 UTC,11230830221986700046,-11135498,-276405
2026-03-24 08:57:23.000 UTC,133530627808310167576,-132395625,-276405
2026-03-24 09:03:11.000 UTC,19223620844571876332,-19059988,-276405
2026-03-24 09:13:59.000 UTC,1275000000000000000000,-1264016048,-276407
2026-03-24 09:14:35.000 UTC,148065578916835890487,-146773281,-276407
2026-03-24 09:31:47.000 UTC,1163737185740914688,-1153566,-276407
2026-03-24 09:41:11.000 UTC,13412224677651519077,-13294990,-276407
2026-03-24 09:41:23.000 UTC,10577811555810564393,-10485332,-276407
2026-03-24 09:52:35.000 UTC,10335284354647115724,-10244908,-276407
2026-03-24 10:13:59.000 UTC,21218679801440562150,-21033081,-276407
2026-03-24 10:14:23.000 UTC,7735774241223231600,-7668092,-276407
2026-03-24 11:26:35.000 UTC,-2292365921119639603734,2275000000,-276404
2026-03-24 11:54:59.000 UTC,671747744331140939226,-666078927,-276405
2026-03-24 11:55:23.000 UTC,209906124351039585660,-208120044,-276405
2026-03-24 12:25:23.000 UTC,330428542357033925790,-327602763,-276406
2026-03-24 12:33:11.000 UTC,831225540525965871430,-824040326,-276407
2026-03-24 12:34:35.000 UTC,15276151820425855432,-15143076,-276407
2026-03-24 13:10:35.000 UTC,15002065227437604809,-14871341,-276407
2026-03-24 13:42:23.000 UTC,27523960824652380844,-27284031,-276407
2026-03-24 13:52:23.000 UTC,64828027665855524854,-64262438,-276407
2026-03-24 14:12:59.000 UTC,375822379322931130565,-372530382,-276408
2026-03-24 14:16:23.000 UTC,327193132291839326470,-324308837,-276408
2026-03-24 14:50:35.000 UTC,382275129168234511148,-378883740,-276409
2026-03-24 15:39:47.000 UTC,-71568260031517548852,71002556,-276409
2026-03-24 16:36:11.000 UTC,16444165497664291587,-16297946,-276409
2026-03-24 16:37:35.000 UTC,10632871037581413244,-10538302,-276409
2026-03-24 17:05:47.000 UTC,505996028665731375645,-501474935,-276410
2026-03-24 17:06:23.000 UTC,13905103479357800772,-13780287,-276410
2026-03-24 17:35:23.000 UTC,79577106019402120119,-78862207,-276410
2026-03-24 17:44:35.000 UTC,353922569606426736994,-350730848,-276410
2026-03-24 18:06:59.000 UTC,92904386885785741227,-92059463,-276413
2026-03-24 20:10:59.000 UTC,21748668537592473329,-21544798,-276415
2026-03-24 20:21:35.000 UTC,-74562206343299324898,73950150,-276410
2026-03-24 20:22:11.000 UTC,-12570200924192161243,12468887,-276410
2026-03-24 20:25:47.000 UTC,-28351203860920780629,28122789,-276410
2026-03-24 20:26:59.000 UTC,-96745669708039817193,95967187,-276410
2026-03-24 20:27:59.000 UTC,-8113060642900229562,8047845,-276410
2026-03-24 20:52:23.000 UTC,-115284177492287090370,114358613,-276410
2026-03-24 21:48:11.000 UTC,-806415261458205848364,800000000,-276409
2026-03-24 23:39:47.000 UTC,-23134480593716811417,22951965,-276409
2026-03-25 00:27:11.000 UTC,10805232795812554261,-10709280,-276409
2026-03-25 01:14:47.000 UTC,929301609543289217443,-920979859,-276410
2026-03-25 02:13:11.000 UTC,38142867403739468298,-37798375,-276410
2026-03-25 03:15:59.000 UTC,132097015695186805004,-130902179,-276410
2026-03-25 06:23:47.000 UTC,-4377312879300021430,4342017,-276410
2026-03-25 06:23:47.000 UTC,-30834547955295741183,30585997,-276410
2026-03-25 08:22:59.000 UTC,-121721184196538320817,120741491,-276410
2026-03-25 08:24:35.000 UTC,-147298682553819720377,146116275,-276410
2026-03-25 08:31:47.000 UTC,-5461400712609800604,5417627,-276410
2026-03-25 10:19:47.000 UTC,-20276065848649742458,20113592,-276410
2026-03-25 10:31:23.000 UTC,-20332278567308089894,20169420,-276410
2026-03-25 11:31:59.000 UTC,-31582576787209526595,31329735,-276410
2026-03-25 12:17:23.000 UTC,156814495911572712554,-155402001,-276410
2026-03-25 12:21:59.000 UTC,50227799725098706053,-49774551,-276410
2026-03-25 12:28:35.000 UTC,54517163419683666385,-54024755,-276410
2026-03-25 12:29:11.000 UTC,43977572015300937072,-43580015,-276410
2026-03-25 12:41:47.000 UTC,42675267229054754074,-42289189,-276410
2026-03-25 14:19:23.000 UTC,82113579249564818875,-81361924,-276414
2026-03-25 15:19:35.000 UTC,64091956658422226018,-63474400,-276419
2026-03-25 16:29:11.000 UTC,-60523975461039125201,60000000,-276414
2026-03-25 17:47:59.000 UTC,1270935343201255424,-1258948,-276414
2026-03-25 18:31:59.000 UTC,-271651041327620766511610,270557982667,-276355
2026-03-25 18:31:59.000 UTC,172537620961048259840237,-171772797080,-276373
2026-03-25 18:31:59.000 UTC,29851256489184085415584,-29689100209,-276375
2026-03-25 18:32:11.000 UTC,63742732884276166779945,-63354212285,-276402
2026-03-25 18:32:23.000 UTC,2330605299967406786368,-2311142520,-276405
2026-03-25 18:41:59.000 UTC,11053991753441619693,-10959624,-276405
2026-03-25 20:26:11.000 UTC,14977852661444804874,-14849956,-276405
2026-03-25 20:32:35.000 UTC,197108345127782879392,-195421906,-276406
2026-03-25 20:32:59.000 UTC,-137994584795673669094,136950187,-276405
2026-03-25 20:33:11.000 UTC,-143667848203951231099,142583731,-276405
2026-03-25 20:33:23.000 UTC,-108621298086534126344,107803822,-276405
2026-03-25 20:33:35.000 UTC,-141857136279597902464,140792357,-276405
2026-03-25 20:33:47.000 UTC,-108735203680573130916,107921205,-276405
2026-03-25 20:34:23.000 UTC,-137903739856202970422,136874090,-276404
2026-03-25 20:34:35.000 UTC,-131005728633043642227,130030385,-276404
2026-03-25 20:34:47.000 UTC,-125697612219086745541,124764355,-276404
2026-03-25 20:34:47.000 UTC,-124450386393819481380,123528866,-276404
2026-03-25 20:34:59.000 UTC,-126713003411272439683,125777261,-276404
2026-03-25 20:35:11.000 UTC,-143646343310772889722,142588643,-276403
2026-03-25 21:18:35.000 UTC,21526818115955482032,-21347157,-276403
2026-03-25 22:33:47.000 UTC,-251397157856279449324,249553105,-276403
2026-03-25 22:34:11.000 UTC,-142340463184124096314,141300825,-276403
2026-03-25 22:34:23.000 UTC,-140282465857663100014,139261014,-276402
2026-03-26 01:25:47.000 UTC,-127352097540126416322,126427509,-276402
2026-03-26 01:32:23.000 UTC,-170800371982115485888,169564398,-276402
2026-03-26 01:43:35.000 UTC,-180465520598004729959,179164651,-276402
2026-03-26 01:56:11.000 UTC,322672526164033804518,-320022658,-276402
2026-03-26 01:56:35.000 UTC,1159365733236471239183,-1149708201,-276404
2026-03-26 02:02:35.000 UTC,4436547722584126841,-4399181,-276404
2026-03-26 02:09:47.000 UTC,29572117372847911266,-29322967,-276404
2026-03-26 02:18:35.000 UTC,18061656348219824903,-17909415,-276404
2026-03-26 02:30:11.000 UTC,23981111609280768520,-23778895,-276404
2026-03-26 02:32:11.000 UTC,144297997391093396084,-143079304,-276404
2026-03-26 02:32:35.000 UTC,43837073650569675154,-43466185,-276405
2026-03-26 02:33:47.000 UTC,65133300421926148581,-64581668,-276405
2026-03-26 03:07:23.000 UTC,43353718061291206528,-42986170,-276405
2026-03-26 03:07:47.000 UTC,277950555258018529273,-275587027,-276405
2026-03-26 03:08:23.000 UTC,32159190023338525899,-31884935,-276405
2026-03-26 03:08:35.000 UTC,403034062987484332412,-399583039,-276406
2026-03-26 03:10:11.000 UTC,29361364292736689468,-29108946,-276406
2026-03-26 03:23:47.000 UTC,18031447347380893496,-17876363,-276406
2026-03-26 03:24:11.000 UTC,27647967671729518071,-27410075,-276406
2026-03-26 04:20:11.000 UTC,18028752659202987546,-17873561,-276406
2026-03-26 05:07:35.000 UTC,16843531317912761868,-16698496,-276406
2026-03-26 05:08:11.000 UTC,4783377651143936330,-4742181,-276406
2026-03-26 05:12:47.000 UTC,38450264406186180604,-38118981,-276406
2026-03-26 05:27:11.000 UTC,43289126289153913802,-42915870,-276406
2026-03-26 05:44:59.000 UTC,495077972448448302339,-490788052,-276407
2026-03-26 05:44:59.000 UTC,75987759460092342400,-75325868,-276407
2026-03-26 05:46:11.000 UTC,22407258864403926368,-22211905,-276407
2026-03-26 05:46:11.000 UTC,53406409537823581060,-52940474,-276407
2026-03-26 05:46:23.000 UTC,259103085427969162931,-256836156,-276408
2026-03-26 05:46:47.000 UTC,102672365932403470890,-101771122,-276408
2026-03-26 05:52:11.000 UTC,347106704584378906869,-344047454,-276408
2026-03-26 05:54:59.000 UTC,33992477724394347859,-33691854,-276408
2026-03-26 05:56:23.000 UTC,32127209366419107665,-31842913,-276408
2026-03-26 06:16:11.000 UTC,8172744764944147888,-8100397,-276408
2026-03-26 06:47:35.000 UTC,6765923874713735333,-6706022,-276408
2026-03-26 07:25:59.000 UTC,30973350816185878821,-30699036,-276409
2026-03-26 07:28:11.000 UTC,15985415957484670258,-15843782,-276409
2026-03-26 07:28:47.000 UTC,112335889853381324043,-111339428,-276409
2026-03-26 07:32:47.000 UTC,103720605929282270196,-102798786,-276409
2026-03-26 08:42:59.000 UTC,11461347866318734357,-11359380,-276409
2026-03-26 09:31:59.000 UTC,110506351860869366574,-109522143,-276409
2026-03-26 09:32:11.000 UTC,32986319549245187373,-32692155,-276409
2026-03-26 09:32:23.000 UTC,149031978243820382004,-147620708,-276420
2026-03-26 09:32:23.000 UTC,146044738464163289052,-144740272,-276409
2026-03-26 09:32:23.000 UTC,632168370424890679148,-626482818,-276410
2026-03-26 09:32:23.000 UTC,55752192317641998069,-55247728,-276410
2026-03-26 09:33:23.000 UTC,38977754948398680021,-38580836,-276424
2026-03-26 10:25:35.000 UTC,-32659845451901346547,32358642,-276421
2026-03-26 11:04:35.000 UTC,-17390051895209725404,17233587,-276419
2026-03-26 11:17:11.000 UTC,23136450435615931217,-22904822,-276421
2026-03-26 13:31:11.000 UTC,-78190667448023647296,77501226,-276415
2026-03-26 13:45:59.000 UTC,-42134128675217734961,41781207,-276412
2026-03-26 13:48:11.000 UTC,68371063082060964008,-67724039,-276417
2026-03-26 13:54:59.000 UTC,-110842894551564134226,109919503,-276410
2026-03-26 14:18:59.000 UTC,20906600919084151092,-20717309,-276410
2026-03-26 16:31:35.000 UTC,53038825248754385537,-52548260,-276414
2026-03-26 17:58:47.000 UTC,28597627706077783228,-28324584,-276417
2026-03-26 18:27:11.000 UTC,13572805050896687937,-13441122,-276418
2026-03-26 19:36:35.000 UTC,126766631301619428442,-125462585,-276429
2026-03-26 19:36:47.000 UTC,-132226170761892373318,131000000,-276417
2026-03-26 19:42:23.000 UTC,-45057143180841975809,44671673,-276414
2026-03-26 20:12:35.000 UTC,-230050983173698438599,228191313,-276410
2026-03-26 20:12:47.000 UTC,-1086378673231464875855,1077743867,-276408
2026-03-26 20:14:35.000 UTC,-27402521121454213501,27187146,-276408
2026-03-26 20:14:35.000 UTC,-122716046759074016294,121753001,-276408
2026-03-26 21:24:35.000 UTC,-83994338961793482752,83336553,-276408
2026-03-26 21:29:59.000 UTC,-19479588339092063723,19327198,-276408
2026-03-27 00:28:11.000 UTC,185373805266933416,-183740,-276408
2026-03-27 00:41:23.000 UTC,-14800863749846593080,14685116,-276408
2026-03-27 01:26:59.000 UTC,-18025318391840834625,17884401,-276408
2026-03-27 01:59:35.000 UTC,-23837307280664877122,23651032,-276408
2026-03-27 02:05:47.000 UTC,-2602230503218085889,2581901,-276408
2026-03-27 03:37:11.000 UTC,-18145312589966680810,18003585,-276408
2026-03-27 03:37:23.000 UTC,844487409727677566984,-836998279,-276409
2026-03-27 04:01:23.000 UTC,603022521522934766333,-597605472,-276410
2026-03-27 04:01:23.000 UTC,69329760021629934712,-68703259,-276410
2026-03-27 04:02:11.000 UTC,34646053991946515602,-34332688,-276410
2026-03-27 04:04:47.000 UTC,11264352654657302140,-11162428,-276410
2026-03-27 04:05:35.000 UTC,32967019608429424283,-32668604,-276410
2026-03-27 04:07:35.000 UTC,29588409366496484333,-29318738,-276412
2026-03-27 04:07:59.000 UTC,537408800809892196595,-531182988,-276462
2026-03-27 04:08:23.000 UTC,-314766775920301487075,311099595,-276431
2026-03-27 04:08:23.000 UTC,-24265650070105655035,24023018,-276429
2026-03-27 04:09:11.000 UTC,-45808299838124589056,45365927,-276424
2026-03-27 04:49:35.000 UTC,329765634201157167,-326327,-276424
2026-03-27 04:56:59.000 UTC,-5264504327204253774,5214961,-276424
2026-03-27 05:10:59.000 UTC,-26409236377840355048,26164787,-276421
2026-03-27 05:14:11.000 UTC,-34407425064550473312,34098269,-276419
2026-03-27 06:13:59.000 UTC,-3609907509638201345,3577981,-276418
2026-03-27 07:05:47.000 UTC,220369611500899859468,-217983821,-276439
2026-03-27 07:05:47.000 UTC,-201820983440128675233,199818500,-276420
2026-03-27 07:07:35.000 UTC,-21188329435386062579,21000000,-276418
2026-03-27 07:21:47.000 UTC,-11191950019637236329,11093799,-276417
2026-03-27 09:16:23.000 UTC,-10087681081772229344,10000000,-276416
2026-03-27 10:15:59.000 UTC,1572913452479896949,-1557731,-276417
2026-03-27 10:37:59.000 UTC,190911485323264132431,-188911369,-276434
2026-03-27 10:38:23.000 UTC,-131194229237444249210,129913850,-276421
2026-03-27 10:38:47.000 UTC,32535193289629450744,-32201115,-276424
2026-03-27 10:49:35.000 UTC,27805198273394892942,-27511508,-276427
2026-03-27 10:56:35.000 UTC,61785498134003929363,-61105920,-276433
2026-03-27 10:57:47.000 UTC,-25257303895235806860,25000000,-276431
2026-03-27 11:16:47.000 UTC,-18900440159698304815,18711967,-276429
2026-03-27 11:21:35.000 UTC,-27764804032762136343,27494260,-276426
2026-03-27 12:17:59.000 UTC,-13396752881887516120,13268905,-276425
2026-03-27 13:50:11.000 UTC,298295770390836293347,-294739998,-276454
2026-03-27 13:50:23.000 UTC,-395026006404913764760,390890940,-276417
2026-03-27 13:57:11.000 UTC,36213412891661317922,-35859021,-276419
2026-03-27 15:35:35.000 UTC,-78575029471273025952,77896138,-276413
2026-03-27 16:24:35.000 UTC,14300082190887387752,-14165719,-276414
2026-03-27 16:38:35.000 UTC,12475613330619707626,-12357171,-276415
2026-03-27 17:46:23.000 UTC,-3300392191955121985859,3274593162,-276405
2026-03-27 17:46:23.000 UTC,-15063239392683925499,14949534,-276405
2026-03-27 18:22:47.000 UTC,-2549726431234134272817,2531000000,-276401
2026-03-27 19:28:59.000 UTC,-168970032054581243670,167765592,-276401
2026-03-27 19:31:35.000 UTC,-45333619214668498978,45011249,-276401
2026-03-27 19:48:47.000 UTC,-861141497993147336153,855080000,-276399
2026-03-27 23:41:35.000 UTC,-127097815204505879150,126213185,-276399
2026-03-27 23:41:35.000 UTC,-129919356462857743232,129017746,-276399
2026-03-27 23:41:59.000 UTC,-129267073552150575818,128372658,-276399
2026-03-27 23:42:11.000 UTC,-127971762076556002032,127088930,-276399
2026-03-27 23:42:23.000 UTC,-127963851243222365720,127088930,-276398
2026-03-27 23:42:23.000 UTC,-126251263217836135359,125382856,-276398
2026-03-27 23:42:23.000 UTC,-131282231571681961711,130381911,-276398
2026-03-27 23:42:35.000 UTC,-126681625983621305375,125818041,-276398
2026-03-27 23:42:47.000 UTC,-127077616319757243473,126213899,-276398
2026-03-27 23:42:59.000 UTC,-108921682209633151148,108183414,-276397
2026-03-27 23:43:11.000 UTC,-108202940546297510969,107471415,-276397
2026-03-27 23:47:47.000 UTC,-254138930899181602488,252428113,-276397
2026-03-27 23:47:47.000 UTC,-187777722586870969697,186520246,-276397
2026-03-27 23:47:47.000 UTC,-256824891622728046781,255114127,-276396
2026-03-28 02:18:35.000 UTC,774444050987503215,-768532,-276396
2026-03-28 02:37:11.000 UTC,28233884451759628630,-28018283,-276396
2026-03-28 02:38:23.000 UTC,8814253697315160432,-8746920,-276396
2026-03-28 06:17:35.000 UTC,-207892395137272608119,206514024,-276396
2026-03-28 06:17:47.000 UTC,-44547563847957707312,44253100,-276396
2026-03-28 07:59:23.000 UTC,-18157154705933268353,18037225,-276396
2026-03-28 08:17:35.000 UTC,-126247667679502525817,125415240,-276396
2026-03-28 08:22:23.000 UTC,-128346616076637154382,127502952,-276395
2026-03-28 08:26:35.000 UTC,-27524564232873398382,27343978,-276395
2026-03-28 08:27:59.000 UTC,-119864584318676714621,119079571,-276395
2026-03-28 09:15:35.000 UTC,5789456674238980779,-5745843,-276395
2026-03-28 09:40:47.000 UTC,-121490315107463433534,120696879,-276395
2026-03-28 11:42:23.000 UTC,-108209645610282547801,107504924,-276395
2026-03-28 11:42:23.000 UTC,-121128453335313781091,120341810,-276395
2026-03-28 11:42:47.000 UTC,-120823287892838077745,120040956,-276394
2026-03-28 11:42:47.000 UTC,-108926240347937889748,108222936,-276394
2026-03-28 11:42:59.000 UTC,-126235716247547491237,125423015,-276394
2026-03-28 11:42:59.000 UTC,-120514350685248754335,119740853,-276394
2026-03-28 11:43:11.000 UTC,-119909466770057237244,119142149,-276394
2026-03-28 12:10:59.000 UTC,5690567794824582598,-5648552,-276394
2026-03-28 13:40:47.000 UTC,-1330539277666120569756,1322177552,-276392
2026-03-28 13:40:47.000 UTC,-199828579253112565621,198597139,-276391
2026-03-28 13:41:35.000 UTC,768167214047413324855,-762635410,-276392
2026-03-28 13:42:47.000 UTC,20528723123416613874,-20379601,-276392
2026-03-28 13:45:35.000 UTC,-107750421344669708731,107075512,-276392
2026-03-28 14:01:35.000 UTC,45191041302890000000,-44863309,-276392
2026-03-28 14:13:23.000 UTC,971266056436361113792,-964143734,-276394
2026-03-28 14:45:59.000 UTC,-129869853957212018227,129037826,-276394
2026-03-28 14:46:47.000 UTC,-127080536392720516901,126268981,-276393
2026-03-28 14:46:47.000 UTC,-121583376609312012797,120809336,-276393
2026-03-28 14:49:11.000 UTC,4057010135998515746178,-4025881666,-276400
2026-03-28 14:49:11.000 UTC,-625347941201556382035,621000000,-276399
2026-03-28 14:49:11.000 UTC,-20007670759125899944,19869589,-276399
2026-03-28 15:07:11.000 UTC,2000000000000000000000,-1983896606,-276402
2026-03-28 15:08:35.000 UTC,694306883402685861624,-688567860,-276403
2026-03-28 15:13:47.000 UTC,-129600595243410998913,128652145,-276403
2026-03-28 15:13:59.000 UTC,-129638822953543530568,128692767,-276403
2026-03-28 15:14:35.000 UTC,-108332400518790824351,107543882,-276402
2026-03-28 15:14:35.000 UTC,-130760722206973577962,129811443,-276402
2026-03-28 15:14:47.000 UTC,-129588476562115786191,128650393,-276402
2026-03-28 15:15:11.000 UTC,-129592208653167621111,128656771,-276402
2026-03-28 16:00:11.000 UTC,-10231009559245251958,10157274,-276402
2026-03-28 16:13:23.000 UTC,-124027950838650714674,123135383,-276402
2026-03-28 16:13:35.000 UTC,-109021956883076865911,108239402,-276401
2026-03-28 16:13:47.000 UTC,-127189974899723484425,126279402,-276401
2026-03-28 16:19:23.000 UTC,-185788656722786597190,184463195,-276401
2026-03-28 17:48:59.000 UTC,19462676751260756339,-19304763,-276401
2026-03-28 18:09:35.000 UTC,-127205782714545971681,126301041,-276401
2026-03-28 18:41:11.000 UTC,-254403689386843233703,252601989,-276400
2026-03-28 18:58:11.000 UTC,749274257285883399357,-743194612,-276402
2026-03-28 19:33:11.000 UTC,-180573915295556210324,179279805,-276401
2026-03-28 19:33:35.000 UTC,-181725138369579084892,180428019,-276401
2026-03-28 21:53:35.000 UTC,269069665608204430105,-266880148,-276401
2026-03-28 22:15:11.000 UTC,46748331528050965611,-46366750,-276402
2026-03-28 22:54:47.000 UTC,-764101928115724918347,758667040,-276400
2026-03-28 22:54:47.000 UTC,-119456842104367486361,118615574,-276400
2026-03-28 22:54:47.000 UTC,1790851233124126037875,-1776223579,-276403
2026-03-28 22:54:59.000 UTC,98243649144081694800,-97426447,-276403
2026-03-28 22:55:11.000 UTC,13480660613315028588,-13368407,-276403
2026-03-28 23:08:23.000 UTC,36262964481124450309,-35960859,-276403
2026-03-28 23:11:59.000 UTC,377431933421934308031,-374275165,-276404
2026-03-29 00:44:35.000 UTC,48456343130772203464,-48049424,-276404
2026-03-29 03:17:47.000 UTC,-15569573128103694509,15454236,-276404
2026-03-29 05:58:59.000 UTC,-130658638606611330860,129694900,-276403
2026-03-29 05:58:59.000 UTC,-127366195996687349772,126424128,-276404
2026-03-29 05:59:11.000 UTC,-130323931317285698753,129370662,-276403
2026-03-29 05:59:11.000 UTC,-128781079050054218227,127836440,-276403
2026-03-29 05:59:11.000 UTC,-126469043575540896798,125538795,-276403
2026-03-29 05:59:23.000 UTC,-126462301405439431385,125539862,-276403
2026-03-29 05:59:35.000 UTC,-127351875658308693476,126425520,-276402
2026-03-29 05:59:59.000 UTC,-129979099063654640022,129047236,-276401
2026-03-29 05:59:59.000 UTC,-528819007254845373461,525000000,-276402
2026-03-29 06:00:11.000 UTC,-129648824007321089887,128724618,-276401
2026-03-29 06:00:11.000 UTC,-126444414643358310186,125540474,-276401
2026-03-29 06:00:23.000 UTC,-129646128943407702239,128724618,-276401
2026-03-29 06:57:47.000 UTC,3987368032295986976,-3955108,-276401
2026-03-29 09:45:23.000 UTC,60558348632936530774,-60068087,-276401
2026-03-29 09:55:11.000 UTC,-123253360406183449749,122378504,-276401
2026-03-29 09:56:47.000 UTC,-55793555795445332763,55398327,-276401
2026-03-29 10:08:47.000 UTC,183427001243943832959,-181943701,-276401
2026-03-29 10:21:47.000 UTC,179600290290146911523,-178142753,-276401
2026-03-29 10:22:23.000 UTC,55050875342893052202,-54603086,-276401
2026-03-29 13:08:59.000 UTC,23811392692237577265,-23617559,-276401
2026-03-29 13:09:59.000 UTC,28289181512936051252,-28058780,-276401
2026-03-29 17:31:59.000 UTC,40312990909868520171,-39984441,-276401
2026-03-29 17:32:35.000 UTC,-251373453357708929,249574,-276401
2026-03-29 17:38:47.000 UTC,28699862925016378561,-28465803,-276401
2026-03-29 17:48:11.000 UTC,17327898750984034042,-17186519,-276401
2026-03-29 22:11:59.000 UTC,281294232720417204977,-278992459,-276402
2026-03-29 22:42:23.000 UTC,184726415769647768675,-183207996,-276402
2026-03-29 22:43:35.000 UTC,111577603148936125710,-110657827,-276402
2026-03-29 22:43:47.000 UTC,95000802038139000463,-94216115,-276403
2026-03-29 22:43:59.000 UTC,28534817750293645481,-28298846,-276403
2026-03-29 22:43:59.000 UTC,73922464609995045725,-73310553,-276403
2026-03-29 22:45:59.000 UTC,145593670170254399040,-144385942,-276403
2026-03-29 22:46:11.000 UTC,52566916313860274718,-52130036,-276403
2026-03-29 22:46:23.000 UTC,90816529833757981395,-90060724,-276403
2026-03-29 22:46:35.000 UTC,157705398874076630609,-156389808,-276403
2026-03-29 22:46:35.000 UTC,39711768434464893895,-39379867,-276403
2026-03-29 22:47:35.000 UTC,192804456103136485950,-191189481,-276404
2026-03-29 22:47:47.000 UTC,305161153500225830826,-302592980,-276404
2026-03-29 22:50:59.000 UTC,63188045037465223978,-62654418,-276404
2026-03-29 22:56:47.000 UTC,-134868704549844615757,133864332,-276404
2026-03-30 00:19:47.000 UTC,-776398627805167401124,770673040,-276403
2026-03-30 00:21:11.000 UTC,-42288747330471132021,41979642,-276403
2026-03-30 00:21:47.000 UTC,-54549247976187455684,54150947,-276403
2026-03-30 01:26:11.000 UTC,-36170013455291478056,35906173,-276403
2026-03-30 01:27:59.000 UTC,-10977551076913001277,10897517,-276403
2026-03-30 01:48:59.000 UTC,-41227525883553734231,40927119,-276403
2026-03-30 02:08:11.000 UTC,-45644133636874897178,45311860,-276403
2026-03-30 02:15:23.000 UTC,-14872660496379339270,14764465,-276403
2026-03-30 02:39:47.000 UTC,-72801385813018636853,72272276,-276402
2026-03-30 02:47:35.000 UTC,-104604971099100192783,103846194,-276402
2026-03-30 02:48:47.000 UTC,-12570431797791028846,12479367,-276402
2026-03-30 03:53:23.000 UTC,-478447377556266564283,475000000,-276401
2026-03-30 03:58:11.000 UTC,-37520498089962266093,37251691,-276401
2026-03-30 04:11:47.000 UTC,-50955750802097271763,50591049,-276401
2026-03-30 04:22:11.000 UTC,-47125995451277856072,46789072,-276401
2026-03-30 04:29:11.000 UTC,-604288986912156209581,600000000,-276400
2026-03-30 04:54:11.000 UTC,-72528430171448594021,72017562,-276400
2026-03-30 05:27:23.000 UTC,-81445978214911887967,80873296,-276400
2026-03-30 07:13:47.000 UTC,-37766993846293350712,37501796,-276400
2026-03-30 07:56:23.000 UTC,-36175208259975148507,35921401,-276400
2026-03-30 08:12:35.000 UTC,-36503791651763491522,36247890,-276400
2026-03-30 08:21:59.000 UTC,100824557874213221698,-100017141,-276400
2026-03-30 09:15:23.000 UTC,-27123215469596573929,26932777,-276400
2026-03-30 09:31:23.000 UTC,41761105737562434417,-41426384,-276400
2026-03-30 11:08:35.000 UTC,3500000000000000000000,-3470961863,-276406
2026-03-30 11:48:59.000 UTC,-5035175718913359001,4996999,-276406
2026-03-30 12:08:59.000 UTC,-44226020368380953776,43890868,-276406
2026-03-30 12:52:23.000 UTC,-36203790205179841934,35929663,-276406
2026-03-30 13:31:59.000 UTC,-48277893811656592962,47912669,-276405
2026-03-30 13:56:47.000 UTC,213489067000763952128,-211659386,-276406
2026-03-30 14:36:47.000 UTC,40482419028181765228,-40134653,-276406
2026-03-30 14:55:11.000 UTC,-177095046410255963258,175751334,-276406
2026-03-30 14:55:11.000 UTC,-211754206206670541239,210154067,-276405
2026-03-30 14:57:59.000 UTC,-421425616732845940804,418262303,-276405
2026-03-30 15:35:47.000 UTC,-60094996480921189949,59646213,-276404
2026-03-30 17:13:47.000 UTC,20795026348185184012,-20619161,-276404
2026-03-30 17:22:47.000 UTC,86317167413065075456,-85586442,-276405
2026-03-30 17:23:59.000 UTC,44610388972334921145,-44232272,-276405
2026-03-30 17:27:59.000 UTC,61950608079505790503,-61424991,-276405
2026-03-30 17:45:59.000 UTC,-63970591025506022482,63491322,-276405
2026-03-30 19:07:59.000 UTC,110147802246123443946,-109212873,-276405
2026-03-30 19:13:23.000 UTC,107944884352056375,-107027,-276405
2026-03-30 21:11:47.000 UTC,-55640793180240055537,55223485,-276405
2026-03-30 21:11:59.000 UTC,-1302568565008965800192,1292940000,-276403
2026-03-30 21:14:35.000 UTC,-233971622033048987474,232270715,-276402
2026-03-30 21:23:59.000 UTC,-387999676669033734119,385198235,-276402
2026-03-30 23:02:35.000 UTC,81673619591538095493,-81004844,-276402
2026-03-30 23:03:47.000 UTC,19718182080737839156,-19556563,-276402
2026-03-30 23:04:11.000 UTC,11209599030551618946,-11117692,-276402
2026-03-31 00:35:11.000 UTC,27223284326903239635,-27000000,-276402
2026-03-31 01:28:23.000 UTC,-27104736290631618348,26909327,-276402
2026-03-31 01:35:59.000 UTC,-22841645918659404244,22677062,-276402
2026-03-31 02:39:23.000 UTC,2113476321197992201,-2096153,-276402
2026-03-31 07:04:35.000 UTC,-503607789463827910600,500000000,-276401
2026-03-31 07:15:23.000 UTC,41566668880535201544,-41229158,-276401
2026-03-31 07:18:35.000 UTC,303649955096992818631,-301176067,-276402
2026-03-31 07:19:35.000 UTC,56568506735450597734,-56106014,-276402
2026-03-31 07:40:11.000 UTC,3313484582278921100,-3286378,-276402
2026-03-31 08:40:59.000 UTC,26597381665561980678,-26379737,-276402
2026-03-31 09:18:47.000 UTC,84013542856126668975,-83325327,-276402
2026-03-31 09:19:59.000 UTC,19443580326359393701,-19284144,-276402
2026-03-31 09:21:35.000 UTC,37923406865833114512,-37612264,-276402
2026-03-31 09:42:35.000 UTC,-402893953553691357552,400000000,-276401
2026-03-31 09:44:47.000 UTC,-402867928763175858082,400000000,-276401
2026-03-31 09:47:23.000 UTC,-528724666074025674515,525000000,-276400
2026-03-31 09:55:35.000 UTC,348379621671874337267,-345584581,-276400
2026-03-31 09:57:23.000 UTC,279982033830073216407,-277721761,-276401
2026-03-31 09:57:23.000 UTC,64336020320476827992,-63814880,-276401
2026-03-31 09:57:35.000 UTC,272603210849200003873,-270387746,-276401
2026-03-31 09:57:35.000 UTC,283535191502642516048,-281218349,-276402
2026-03-31 09:58:59.000 UTC,201760463442454117881,-200104043,-276402
2026-03-31 10:19:59.000 UTC,864260129846473100040,-857091488,-276404
2026-03-31 10:38:47.000 UTC,93335303521403676414,-92554028,-276404
2026-03-31 10:39:23.000 UTC,106941220659267072551,-106044354,-276404
2026-03-31 12:34:35.000 UTC,-53718511177070468816,53321080,-276404
2026-03-31 13:43:23.000 UTC,-24086378991505037642,23908328,-276404
2026-03-31 13:50:23.000 UTC,-145039838512915895714,143969624,-276403
2026-03-31 13:54:35.000 UTC,-80066275488955318649,79476920,-276403
2026-03-31 14:25:23.000 UTC,-15697884418293466875,15582455,-276403
2026-03-31 14:49:35.000 UTC,118310410492007442428,-117322071,-276404
2026-03-31 14:52:47.000 UTC,135855534021338450653,-134717883,-276404
2026-03-31 15:11:35.000 UTC,-488331613241545268837,484740641,-276403
2026-03-31 15:49:47.000 UTC,10000000000000000418,-9916920,-276403
2026-03-31 16:32:35.000 UTC,85013189091940133846,-84306263,-276403
2026-03-31 16:41:59.000 UTC,-1427205588648666996490,1416906547,-276401
2026-03-31 16:42:59.000 UTC,-203688274192952514975,202244854,-276400
2026-03-31 16:46:23.000 UTC,-90365332055678825761,89727081,-276400
2026-03-31 16:54:11.000 UTC,124719361503143861866,-123714319,-276401
2026-03-31 17:16:11.000 UTC,-60214061115207456407,59788296,-276400
2026-03-31 17:20:11.000 UTC,-82951020459050013875,82365430,-276400
2026-03-31 17:53:23.000 UTC,29235026817481701888,-28999746,-276400
2026-03-31 17:53:59.000 UTC,291951795442338758941,-289594744,-276401
2026-03-31 19:40:35.000 UTC,63632766127149721843,-63117233,-276401
2026-03-31 20:00:35.000 UTC,-528739253838234719348,525000000,-276400
2026-03-31 20:10:11.000 UTC,91116607014467077859,-90384950,-276400
2026-03-31 21:42:59.000 UTC,14368504919190741564,-14253006,-276400
2026-04-01 00:21:47.000 UTC,208005251536582645935,-206329571,-276401
2026-04-01 00:43:23.000 UTC,20260908129430856386,-20097319,-276401
2026-04-01 00:51:23.000 UTC,-31857193759310642405,31631629,-276401
2026-04-01 01:33:23.000 UTC,6185730681406619316,-6135804,-276401
2026-04-01 01:42:11.000 UTC,47644532337596934476,-47259783,-276401
2026-04-01 01:54:59.000 UTC,-93323761135526959431,92663113,-276400
2026-04-01 01:55:11.000 UTC,120861833787407640836,-119886000,-276401
2026-04-01 02:27:11.000 UTC,228087132869957605148,-226239240,-276401
2026-04-01 02:27:23.000 UTC,32800150998694359228,-32533734,-276401
2026-04-01 03:46:47.000 UTC,-101952487629013098580,101226148,-276401
2026-04-01 05:18:47.000 UTC,-105084137202947228390,104337218,-276401
2026-04-01 05:27:23.000 UTC,-91723120188742337227,91072606,-276401
2026-04-01 06:13:59.000 UTC,-36320833700892611339,36063611,-276401
2026-04-01 06:57:11.000 UTC,-503544443620824860209,500000000,-276400
2026-04-01 08:35:59.000 UTC,3529149840091004312171,-3499956283,-276405
2026-04-01 08:37:35.000 UTC,3180187940152406522323,-3152185854,-276411
2026-04-01 12:54:47.000 UTC,-10035214466653929280,9953870,-276411
2026-04-01 13:43:59.000 UTC,56387050132668106058,-55864504,-276415
2026-04-01 17:04:23.000 UTC,-16986631985993019705,16843607,-276413
2026-04-01 17:04:59.000 UTC,-36577007960130744602,36276212,-276411
2026-04-01 17:22:35.000 UTC,59751737263519604377,-59196052,-276415
2026-04-01 17:48:59.000 UTC,-856874493426784596953,850000000,-276409
2026-04-01 18:04:23.000 UTC,505745572761788682031,-501209092,-276410
2026-04-01 18:25:23.000 UTC,63808548110171357805,-63233308,-276410
2026-04-01 21:06:11.000 UTC,-53646133606961538334,53215668,-276410
2026-04-01 21:11:59.000 UTC,-79172729794954183791,78538271,-276410
2026-04-01 21:25:11.000 UTC,-103642148509553809899,102813107,-276410
2026-04-01 23:32:11.000 UTC,160452410856956971607,-159009087,-276410
2026-04-02 00:41:35.000 UTC,-5564529694376768814,5519926,-276410
2026-04-02 01:05:47.000 UTC,161812400690189145274,-160352847,-276410
2026-04-02 01:06:59.000 UTC,15371009191916623261,-15232146,-276410
2026-04-02 01:18:35.000 UTC,86195163318785652810,-85415773,-276410
2026-04-02 01:19:47.000 UTC,51034603674247975098,-50572343,-276411
2026-04-02 01:41:59.000 UTC,53816094089381556732,-53314919,-276415
2026-04-02 01:43:23.000 UTC,10261449301991148634,-10163482,-276416
2026-04-02 02:46:23.000 UTC,18933659664460721754,-18750876,-276417
2026-04-02 03:45:11.000 UTC,35777283556488716206,-35424738,-276420
2026-04-02 04:24:35.000 UTC,5334582832720740015,-5281214,-276420
2026-04-02 04:37:23.000 UTC,12399538055378081479,-12274581,-276421
2026-04-02 04:48:47.000 UTC,7465774012955511498,-7389821,-276422
2026-04-02 07:49:23.000 UTC,-112454501142500165911,111468314,-276413
2026-04-02 07:54:35.000 UTC,-193132807417513582527,191571473,-276410
2026-04-02 07:58:23.000 UTC,-258408386241409186375,256336166,-276410
2026-04-02 07:58:35.000 UTC,446097008314441409150,-442066488,-276413
2026-04-02 08:38:11.000 UTC,33830497222588455880,-33511528,-276416
2026-04-02 10:11:59.000 UTC,30953007048551279720,-30653835,-276418
2026-04-02 13:11:23.000 UTC,23886361130399733611,-23650702,-276420
2026-04-02 14:11:59.000 UTC,-52663520641331232769,52201685,-276416
2026-04-02 14:56:59.000 UTC,-242030444201327130357,240063106,-276410
2026-04-02 15:20:59.000 UTC,290665339678859105537,-287984111,-276419
2026-04-02 15:39:47.000 UTC,-12083008449137688990,11975620,-276418
2026-04-02 16:57:11.000 UTC,-36543693436937861262,36225415,-276416
2026-04-02 17:49:47.000 UTC,21971259932339356761,-21759298,-276417
2026-04-02 19:30:23.000 UTC,-12212025892432197837,12105881,-276416
2026-04-02 20:18:23.000 UTC,-6211052167814447105,6157486,-276416
2026-04-02 20:44:59.000 UTC,-4171740977720983553,4135921,-276416
2026-04-02 20:55:47.000 UTC,9599028271780526723,-9506903,-276416
2026-04-02 21:05:35.000 UTC,-5770984707655204865,5721238,-276416
2026-04-02 21:12:35.000 UTC,38992835662549660729,-38613326,-276419
2026-04-02 21:39:23.000 UTC,3743794492119181777,-3706772,-276419
2026-04-03 00:36:59.000 UTC,25752273882794697851,-25494786,-276421
2026-04-03 01:16:35.000 UTC,-11209263251179291932,11107671,-276420
2026-04-03 03:52:23.000 UTC,-38873016804330846070,38527982,-276417
2026-04-03 04:30:11.000 UTC,-38171417952370072519,37843379,-276414
2026-04-03 04:47:35.000 UTC,-127874984539854529173,126833857,-276410
2026-04-03 04:47:35.000 UTC,-127656571026577882205,126629945,-276410
2026-04-03 04:47:47.000 UTC,-127334828293465057708,126313371,-276410
2026-04-03 04:47:59.000 UTC,-127013901940660969793,125997587,-276410
2026-04-03 04:48:11.000 UTC,-164710942020459337396,163387371,-276410
2026-04-03 04:48:11.000 UTC,471566307524897150013,-467311679,-276412
2026-04-03 04:48:11.000 UTC,-110874992260538980336,109980834,-276410
2026-04-03 04:48:23.000 UTC,-126381024644566963472,125368387,-276410
2026-04-03 04:48:35.000 UTC,-109592529718613908347,108716467,-276410
2026-04-03 04:48:47.000 UTC,-125744370806041192506,124741545,-276410
2026-04-03 04:48:47.000 UTC,635372276647550841424,-629648710,-276411
2026-04-03 04:48:47.000 UTC,-110874343908915372895,109980449,-276410
2026-04-03 04:49:35.000 UTC,-124810838201055254353,123807542,-276410
2026-04-03 04:50:59.000 UTC,-124184306359428720432,123188505,-276410
2026-04-03 04:51:35.000 UTC,-123560931321233414781,122572562,-276410
2026-04-03 04:51:59.000 UTC,481926691975561601298,-477579670,-276411
2026-04-03 04:53:23.000 UTC,-247217531412273334093,245227975,-276410
2026-04-03 04:54:59.000 UTC,-122062931466493435351,121084378,-276410
2026-04-03 04:55:11.000 UTC,-121450247022762771672,120478956,-276410
2026-04-03 04:55:23.000 UTC,486333974289642378521,-481948008,-276411
2026-04-03 04:56:35.000 UTC,-243125431432292136527,241169178,-276410
2026-04-03 04:56:47.000 UTC,224117036394601239884,-222091930,-276410
2026-04-03 05:01:11.000 UTC,-116217062288298984067,115281191,-276410
2026-04-03 05:04:23.000 UTC,-221743988156734117972,219964288,-276410
2026-04-03 05:04:47.000 UTC,448508332371482756811,-444421903,-276418
2026-04-03 05:05:23.000 UTC,-120431034304064770669,119425274,-276410
2026-04-03 05:09:47.000 UTC,-47965188144553371989,47578752,-276410
2026-04-03 05:09:59.000 UTC,-239220875687251528722,237299028,-276410
2026-04-03 05:18:35.000 UTC,120028653902722338365,-118946472,-276410
2026-04-03 05:32:47.000 UTC,-10789609720717506427,10702938,-276410
2026-04-03 05:35:47.000 UTC,289059870157465430569,-286417248,-276417
2026-04-03 05:48:35.000 UTC,-251849645335992192273,249792661,-276410
2026-04-03 05:53:11.000 UTC,-127868624365482469934,126842115,-276410
2026-04-03 05:53:11.000 UTC,-127559665138381660797,126538226,-276410
2026-04-03 05:53:23.000 UTC,-127238168386876807375,126221880,-276410
2026-04-03 05:53:35.000 UTC,-110867385655652033811,109983954,-276409
2026-04-03 05:53:35.000 UTC,-126915232815251345110,125906326,-276409
2026-04-03 05:53:47.000 UTC,-110863698140279055409,109984488,-276409
2026-04-03 05:53:47.000 UTC,-126200792223757759595,125202329,-276409
2026-04-03 05:53:59.000 UTC,726814872367477623803,-720308991,-276410
2026-04-03 06:19:59.000 UTC,312560109117628617801,-309735467,-276412
2026-04-03 07:27:47.000 UTC,-128516284419038208176,127479818,-276410
2026-04-03 08:05:47.000 UTC,-36538478880520985322,36244582,-276410
2026-04-03 08:07:59.000 UTC,-126795694843946705718,125777459,-276410
2026-04-03 08:09:35.000 UTC,-252315767058216632304,250297143,-276410
2026-04-03 08:09:47.000 UTC,505166790426650783507,-500614126,-276410
2026-04-03 08:30:35.000 UTC,-41738564708230079661,41402266,-276410
2026-04-03 08:38:35.000 UTC,41849424796288245423,-41470729,-276410
2026-04-03 08:52:59.000 UTC,5741039282457784154,-5689067,-276410
2026-04-03 08:55:35.000 UTC,3922405626715259295,-3886894,-276410
2026-04-03 08:56:47.000 UTC,6508579019772443219,-6449648,-276410
2026-04-03 09:03:23.000 UTC,-38946244496578027294,38632335,-276410
2026-04-03 09:06:47.000 UTC,-109623746675300741522,108741464,-276410
2026-04-03 09:06:47.000 UTC,-122618575377266742001,121633970,-276410
2026-04-03 09:06:59.000 UTC,-129372196298416697773,128335952,-276410
2026-04-03 09:06:59.000 UTC,-122000561095438487790,121025800,-276410
2026-04-03 09:07:11.000 UTC,-121388189137826282043,120420670,-276409
2026-04-03 09:07:11.000 UTC,-129366384776245575993,128337854,-276409
2026-04-03 09:07:23.000 UTC,-127880575809409895533,126866474,-276409
2026-04-03 09:07:23.000 UTC,-121077375024238138461,120119619,-276409
2026-04-03 09:07:35.000 UTC,-127876926457157282678,126867915,-276409
2026-04-03 09:07:35.000 UTC,1039381551654197771352,-1030074200,-276410
2026-04-03 09:07:35.000 UTC,-120487246234751284680,119519021,-276410
2026-04-03 09:07:47.000 UTC,-110894717112755151928,110005616,-276410
2026-04-03 09:07:59.000 UTC,-129870297712210943191,128831545,-276410
2026-04-03 09:08:11.000 UTC,-129540242845147905759,128509466,-276409
2026-04-03 09:08:11.000 UTC,-129372661767704619515,128340556,-276410
2026-04-03 09:15:47.000 UTC,6050964989133391059,-5996874,-276409
2026-04-03 09:16:11.000 UTC,708949228276767880436,-702571565,-276410
2026-04-03 09:21:35.000 UTC,71422676817828080460,-70767214,-276414
2026-04-03 09:44:47.000 UTC,-29992069610488379283,29742786,-276412
2026-04-03 10:10:11.000 UTC,-219351796382901888816,217584825,-276410
2026-04-03 10:10:11.000 UTC,-219032672664798556948,217277167,-276410
2026-04-03 10:11:59.000 UTC,194370753116248153619,-192620525,-276410
2026-04-03 10:20:47.000 UTC,1002092614666363016,-993053,-276410
2026-04-03 10:30:59.000 UTC,55074454931352587045,-54577433,-276410
2026-04-03 10:52:59.000 UTC,9433599218997709970,-9348417,-276410
2026-04-03 11:09:11.000 UTC,206111393341868034182,-204239116,-276414
2026-04-03 11:16:47.000 UTC,-36980331466760726802,36674620,-276411
2026-04-03 12:20:47.000 UTC,-129407467887196090816,128364754,-276410
2026-04-03 12:20:59.000 UTC,-126453613643689425609,125437566,-276410
2026-04-03 12:21:11.000 UTC,-126012186241733742687,125002215,-276410
2026-04-03 12:22:23.000 UTC,43593289015386979797,-43200946,-276410
2026-04-03 12:33:59.000 UTC,102259881376395984802,-101338351,-276410
2026-04-03 12:34:35.000 UTC,72016520713081809800,-71366537,-276410
2026-04-03 12:50:11.000 UTC,60721625305347782511,-60172944,-276410
2026-04-03 13:06:23.000 UTC,20760332406331257421,-20572607,-276410
2026-04-03 13:09:59.000 UTC,73414318127886373781,-72749922,-276410
2026-04-03 13:14:35.000 UTC,10982017746683009584,-10882133,-276411
2026-04-03 14:26:59.000 UTC,99105413589682005492,-98164125,-276419
2026-04-03 16:15:23.000 UTC,39651333799998477226,-39254368,-276422
2026-04-03 16:50:59.000 UTC,-126280222842054535295,125181697,-276412
2026-04-03 16:50:59.000 UTC,-127327936757775364137,126300029,-276410
2026-04-03 16:51:23.000 UTC,-126234009755013167159,125219400,-276410
2026-04-03 16:51:35.000 UTC,-126684209904246178708,125668529,-276410
2026-04-03 16:51:59.000 UTC,-116628253693375029760,115695451,-276410
2026-04-03 16:52:11.000 UTC,467084007467464425378,-462872006,-276410
2026-04-03 16:52:47.000 UTC,-127974112892671836875,126943555,-276410
2026-04-03 16:58:11.000 UTC,-252736317163178118485,250708715,-276410
2026-04-03 16:58:11.000 UTC,407563539990533128870,-403883204,-276412
2026-04-03 18:59:47.000 UTC,166352457139069647234,-164717416,-276426
2026-04-03 19:16:23.000 UTC,-14746912701896253782,14607114,-276424
2026-04-03 20:09:35.000 UTC,-3554614358104505031168,3526750377,-276405
2026-04-03 20:13:35.000 UTC,-2412818788457101225510,2395122973,-276401
2026-04-03 20:17:23.000 UTC,-4743084091127762199461,4711000000,-276394
2026-04-03 20:54:23.000 UTC,-129488429829083383751,128662779,-276393
2026-04-03 22:14:23.000 UTC,-819986397259832210004,814820000,-276392
2026-04-04 00:30:47.000 UTC,-121642773729479619179,120885482,-276392
2026-04-04 00:32:11.000 UTC,-121553604201080502647,120799224,-276392
2026-04-04 00:32:23.000 UTC,-129199793913683250735,128400543,-276391
2026-04-04 00:35:11.000 UTC,-258394349349256617535,256803862,-276391
2026-04-04 00:35:11.000 UTC,-193763157484639583192,192577477,-276391
2026-04-04 00:35:11.000 UTC,-256978132756450879056,255414860,-276390
2026-04-04 00:38:11.000 UTC,-120322589364505683899,119594252,-276390
2026-04-04 01:34:11.000 UTC,-120336280262412298791,119610169,-276390
2026-04-04 01:42:59.000 UTC,-262547634782884341064,260971431,-276390
2026-04-04 01:56:23.000 UTC,-258435779371946808999,256894997,-276389
2026-04-04 02:23:47.000 UTC,-121667577076103586418,120945888,-276389
2026-04-04 02:37:23.000 UTC,-184550074361356454218,183459895,-276389
2026-04-04 02:38:35.000 UTC,-121012714358615088465,120300814,-276388
2026-04-04 02:38:47.000 UTC,-120405319242989287845,119699310,-276388
2026-04-04 03:02:23.000 UTC,-129298232603994006552,128542654,-276388
2026-04-04 03:08:23.000 UTC,-257295502979428424963,255799880,-276388
2026-04-04 03:08:23.000 UTC,-258346777776286531561,256855669,-276387
2026-04-04 03:11:47.000 UTC,-258334230885588128207,256853841,-276387
2026-04-04 03:14:35.000 UTC,-258329181109975371435,256859467,-276386
2026-04-04 03:15:11.000 UTC,-127690026624408147384,126967491,-276386
2026-04-04 03:15:35.000 UTC,-129434097910581037534,128704349,-276386
2026-04-04 07:10:35.000 UTC,52476962317501997602,-52129251,-276386
2026-04-04 10:26:47.000 UTC,41356601147199975367,-41082264,-276386
2026-04-04 10:45:23.000 UTC,11202726315050033692,-11128366,-276386
2026-04-04 11:24:59.000 UTC,59849157012448439305,-59451561,-276386
2026-04-04 13:18:35.000 UTC,1247678212628255296617,-1239259574,-276388
2026-04-04 14:09:35.000 UTC,6040649071567429495,-5999287,-276388
2026-04-04 14:33:23.000 UTC,8779309834821313322,-8719185,-276388
2026-04-04 15:07:23.000 UTC,-154421842948656484746,153519563,-276388
2026-04-04 15:09:11.000 UTC,-128038542971296340839,127293304,-276388
2026-04-04 15:09:23.000 UTC,-101916801101995441458,101325471,-276388
2026-04-04 15:21:11.000 UTC,-37571716521267207692,37354141,-276388
2026-04-04 15:24:35.000 UTC,-145694754975922565224,144853172,-276387
2026-04-04 16:26:23.000 UTC,-123030559367516120376,122322530,-276387
2026-04-04 16:27:59.000 UTC,-122412996986274564692,121710918,-276387
2026-04-04 16:28:11.000 UTC,-129209733334702406042,128471266,-276387
2026-04-04 16:30:47.000 UTC,-255440908736962217634,253988835,-276386
2026-04-04 17:24:35.000 UTC,-127717942990785251063,126995824,-276386
2026-04-04 19:19:35.000 UTC,5300547920608772575,-5265361,-276386
2026-04-04 20:05:11.000 UTC,45292244543478315767,-44991396,-276386
2026-04-04 21:04:11.000 UTC,37719678950283419913,-37468880,-276386
2026-04-04 22:19:23.000 UTC,-258413560497925093390,256956808,-276386
2026-04-04 22:37:23.000 UTC,-258354056476289100173,256908291,-276385
2026-04-04 22:44:47.000 UTC,-261492156583742263887,260039675,-276385
2026-04-04 22:45:47.000 UTC,-123461631450621168640,122779645,-276385
2026-04-04 23:56:11.000 UTC,-126952645858272659775,126253912,-276385
2026-04-04 23:56:11.000 UTC,-110729751945733635783,110122408,-276384
2026-04-04 23:56:11.000 UTC,-128809879722937392940,128105829,-276384
2026-04-04 23:56:23.000 UTC,-129180177685652841490,128476763,-276384
2026-04-04 23:56:23.000 UTC,-128160530813882509127,127465300,-276384
2026-04-04 23:56:47.000 UTC,-127517112932518602794,126827974,-276384
2026-04-04 23:56:59.000 UTC,-126876937274168514499,126193834,-276383
2026-04-04 23:57:11.000 UTC,-126239987285048115866,125562864,-276383
2026-04-05 00:08:35.000 UTC,-124766112547322227009,124099394,-276383
2026-04-05 00:08:35.000 UTC,-129168816458790095342,128481189,-276383
2026-04-05 00:08:59.000 UTC,-129167219137997731696,128482264,-276383
2026-04-05 00:08:59.000 UTC,-123510869337344652177,122858400,-276382
2026-04-05 00:09:23.000 UTC,-121038278120018684641,120401233,-276382
2026-04-05 00:09:35.000 UTC,816258457115163995229,-811105364,-276384
2026-04-05 01:03:35.000 UTC,21569810516463305816,-21432198,-276384
2026-04-05 01:44:35.000 UTC,91542378318111880191,-90957528,-276384
2026-04-05 01:44:47.000 UTC,196881313545876746523,-195618943,-276384
2026-04-05 03:10:59.000 UTC,188316604034344817596,-187103369,-276384
2026-04-05 04:48:23.000 UTC,29351039140827436142,-29161435,-276384
2026-04-05 05:19:11.000 UTC,75312257976336964118,-74825122,-276384
2026-04-05 05:21:47.000 UTC,41297608187668892805,-41030103,-276385
2026-04-05 05:45:59.000 UTC,47009799587251276276,-46704962,-276385
2026-04-05 05:52:47.000 UTC,202534135357415064419,-201216769,-276385
2026-04-05 05:54:59.000 UTC,36359870628953255642,-36122678,-276385
2026-04-05 06:09:47.000 UTC,126224770933282350743,-125399715,-276385
2026-04-05 06:11:23.000 UTC,52122303954515063615,-51780871,-276385
2026-04-05 06:13:35.000 UTC,207541149288308404716,-206177334,-276386
2026-04-05 06:16:23.000 UTC,225969390908630445229,-224476675,-276386
2026-04-05 07:36:47.000 UTC,38627415618983443529,-38371435,-276386
2026-04-05 12:30:23.000 UTC,92019467575006488300,-91408705,-276386
2026-04-05 12:34:23.000 UTC,48291430855251878155,-47970365,-276386
2026-04-05 12:35:23.000 UTC,241379862976368012509,-239769481,-276387
2026-04-05 14:15:35.000 UTC,-10057285662066782238,10000000,-276387
2026-04-05 14:49:35.000 UTC,-6417403117173119467,6380859,-276387
2026-04-05 14:52:59.000 UTC,-41013390592683545256,40779990,-276387
2026-04-05 15:27:35.000 UTC,-122538112324705810531,121842368,-276386
2026-04-05 15:29:47.000 UTC,-39231315515792005322,39009075,-276386
2026-04-05 16:43:23.000 UTC,37125753163482775553,-36878540,-276386
2026-04-05 17:45:47.000 UTC,-52107251592945476531,51812142,-276386
2026-04-05 18:45:35.000 UTC,-39342184105790487800,39119656,-276386
2026-04-05 19:24:35.000 UTC,-198159746062146412531,197042665,-276386
2026-04-05 20:38:11.000 UTC,-253018355222949218759,251601128,-276385
2026-04-05 21:52:47.000 UTC,-127988400485605763618,127275392,-276385
2026-04-05 21:52:47.000 UTC,-128598343309442244540,127884570,-276385
2026-04-05 21:52:59.000 UTC,-127984428726946726264,127276683,-276385
2026-04-05 21:53:11.000 UTC,-128593048656919459347,127884570,-276385
2026-04-05 21:53:35.000 UTC,-126013455821214682863,125326879,-276384
2026-04-05 21:53:35.000 UTC,-127981292150139893193,127278804,-276384
2026-04-05 21:53:35.000 UTC,-127086722665618739972,126391731,-276384
2026-04-05 21:55:11.000 UTC,-129253628319720431027,128552031,-276384
2026-04-05 22:13:47.000 UTC,222318479149273493165,-220889014,-276384
2026-04-05 22:26:47.000 UTC,5694067210862256675,-5657352,-276384
2026-04-05 22:45:47.000 UTC,-57771223795729497513,57456399,-276384
2026-04-05 22:53:35.000 UTC,-85203374615380025390,84740030,-276384
2026-04-05 22:56:35.000 UTC,-59034146763346765285,58713792,-276384
2026-04-05 22:58:47.000 UTC,-261199674102062080763,259788923,-276383
2026-04-05 23:09:35.000 UTC,-206094485425853413849,204989046,-276383
2026-04-05 23:16:35.000 UTC,-109016135992276907275,108434143,-276383
2026-04-05 23:20:47.000 UTC,-20925890200258127333,20814393,-276383
2026-04-05 23:34:11.000 UTC,-125325672037531440253,124659371,-276383
2026-04-05 23:35:11.000 UTC,-29316760061344799789,29161258,-276383
2026-04-06 00:07:47.000 UTC,-34313908147844912793,34132075,-276383
2026-04-06 00:45:11.000 UTC,-9978292792976204907,9925452,-276383
2026-04-06 00:45:35.000 UTC,-39148669010902253174,38941507,-276383
2026-04-06 01:44:47.000 UTC,89111266629353801434,-88550746,-276383
2026-04-06 01:51:35.000 UTC,966913172506294041851,-960749799,-276384
2026-04-06 02:09:11.000 UTC,-1432654234517606369648,1425000000,-276382
2026-04-06 02:11:11.000 UTC,1064961428509125500276,-1058243923,-276384
2026-04-06 02:11:35.000 UTC,-813616160725291409213,809276881,-276382
2026-04-06 02:19:47.000 UTC,-31276280228489127553,31111583,-276382
2026-04-06 02:21:59.000 UTC,-5606601786777832537,5577095,-276382
2026-04-06 06:28:35.000 UTC,207677076220152555625,-206374206,-276383
2026-04-06 09:15:35.000 UTC,-103756241484508595117,103207646,-276382
2026-04-06 09:16:59.000 UTC,-49652953217318146182,49391029,-276382
2026-04-06 09:17:47.000 UTC,-38593891388381285161,38390577,-276382
2026-04-06 09:20:35.000 UTC,-22716252855612786104,22596694,-276382
2026-04-06 09:22:23.000 UTC,-745921172637185473888,742041032,-276381
2026-04-06 09:22:59.000 UTC,-71294137251976985782,70927930,-276381
2026-04-06 10:55:59.000 UTC,19224193261879389971,-19106406,-276381
2026-04-06 13:20:11.000 UTC,42824909453681653529,-42562308,-276381
2026-04-06 15:05:47.000 UTC,126416899846781939708,-125640008,-276381
2026-04-06 15:14:47.000 UTC,-46805249950767735273,46563865,-276381
2026-04-06 16:56:35.000 UTC,256572490277627014812,-254989814,-276382
2026-04-06 16:56:59.000 UTC,1114896706208655785355,-1107897554,-276383
2026-04-06 16:57:23.000 UTC,61470022406521451935,-61078360,-276383
2026-04-06 16:58:35.000 UTC,89421950151808128560,-88851114,-276384
2026-04-06 17:18:23.000 UTC,30631748626456554502,-30435914,-276384
2026-04-06 19:17:35.000 UTC,44546488748535138594,-44261427,-276384
2026-04-06 20:00:47.000 UTC,8389651294054931129,-8335929,-276384
2026-04-06 21:37:35.000 UTC,536757837013962101799,-533297445,-276385
2026-04-06 22:25:23.000 UTC,15492087671685303170,-15391531,-276385
2026-04-06 22:53:35.000 UTC,50439893272096713732,-50112231,-276385
2026-04-06 22:55:23.000 UTC,14042591132216544753,-13951297,-276385
2026-04-06 22:55:35.000 UTC,23475674965028271170,-23322984,-276385
2026-04-06 23:00:35.000 UTC,156267819179265803074,-155249181,-276385
2026-04-06 23:00:47.000 UTC,20826932927178287801,-20690877,-276385
2026-04-06 23:05:23.000 UTC,88428067330947552727,-87849628,-276385
2026-04-06 23:08:23.000 UTC,6179673009099417999,-6139203,-276385
2026-04-06 23:08:35.000 UTC,63387157294973557672,-62971690,-276385
2026-04-07 00:07:11.000 UTC,-13402822486757243109,13328247,-276385
2026-04-07 01:52:59.000 UTC,62422876820411714119,-62013237,-276385
2026-04-07 02:57:11.000 UTC,-201018817772323736381,199901741,-276385
2026-04-07 04:33:35.000 UTC,-128169317472132904998,127460438,-276385
2026-04-07 04:33:35.000 UTC,-122474774331507660229,121799839,-276385
2026-04-07 04:35:23.000 UTC,-129645749088167481447,128933904,-276384
2026-04-07 04:47:47.000 UTC,-32900144861863311782,32719927,-276384
2026-04-07 06:35:11.000 UTC,-128172289873397940752,127471845,-276384
2026-04-07 06:35:11.000 UTC,-117010322476990841509,116373166,-276384
2026-04-07 07:35:11.000 UTC,-129602799987220732391,128899624,-276384
2026-04-07 07:37:11.000 UTC,-256351070931434667882,254968103,-276383
2026-04-07 07:53:35.000 UTC,-261089669676422162506,259691919,-276383
2026-04-07 07:53:59.000 UTC,-8998366121667340091491,8952698123,-276380
2026-04-07 07:53:59.000 UTC,9021318409571079511325,-8966555857,-276383
2026-04-07 07:56:23.000 UTC,-259177881818909735914,257800366,-276383
2026-04-07 08:12:47.000 UTC,-240788062660773343518,239517896,-276382
2026-04-07 08:12:59.000 UTC,-240778757990489320784,239517896,-276382
2026-04-07 08:34:47.000 UTC,195123608327507516806,-193908482,-276382
2026-04-07 08:59:35.000 UTC,-131426576733632731796,130738162,-276382
2026-04-07 09:04:35.000 UTC,5222151962420419946,-5189657,-276382
2026-04-07 09:09:11.000 UTC,-566027515099461963378,563093693,-276381
2026-04-07 09:10:11.000 UTC,-80972993545424833926,80557479,-276381
2026-04-07 09:13:11.000 UTC,-264685655278480753478,263334715,-276380
2026-04-07 10:04:23.000 UTC,124847068782653617014,-124087067,-276381
2026-04-07 10:06:11.000 UTC,-128156013037962943279,127503373,-276380
2026-04-07 10:06:47.000 UTC,-128156164484102261016,127504716,-276380
2026-04-07 10:06:47.000 UTC,-129848346777984776367,129188462,-276380
2026-04-07 10:06:59.000 UTC,-129198939343373536034,128542520,-276380
2026-04-07 10:06:59.000 UTC,-129580093049604994956,128921902,-276380
2026-04-07 10:07:11.000 UTC,-128552615227844487584,127899807,-276380
2026-04-07 10:07:23.000 UTC,-127909689697568381991,127260309,-276380
2026-04-07 10:07:47.000 UTC,-126630433679280278757,125987706,-276380
2026-04-07 10:09:11.000 UTC,-128156374786089444741,127506064,-276380
2026-04-07 10:09:11.000 UTC,-125363812325510488751,124727828,-276380
2026-04-07 10:09:35.000 UTC,-249473522251253948650,248208378,-276380
2026-04-07 10:09:35.000 UTC,-129579817956886916872,128922928,-276380
2026-04-07 10:26:59.000 UTC,61202376075300269823,-60831261,-276380
2026-04-07 10:27:35.000 UTC,63847969834853663860,-63460773,-276380
2026-04-07 10:34:59.000 UTC,270711267181012289110,-269069133,-276380
2026-04-07 10:37:23.000 UTC,14838330808276188803,-14748300,-276380
2026-04-07 10:38:11.000 UTC,312125002063461916252,-310230710,-276380
2026-04-07 10:38:59.000 UTC,63493489631995264052,-63108029,-276380
2026-04-07 10:39:11.000 UTC,42529085988183925889,-42270875,-276380
2026-04-07 10:51:11.000 UTC,58215533156226259729,-57862054,-276380
2026-04-07 10:52:11.000 UTC,63598949376438032935,-63212745,-276380
2026-04-07 10:58:23.000 UTC,227595782443473492872,-226213383,-276380
2026-04-07 10:58:35.000 UTC,68976962585068898049,-68557901,-276380
2026-04-07 11:22:59.000 UTC,52750924809387396025,-52430411,-276380
2026-04-07 11:23:59.000 UTC,63254706962649407547,-62870336,-276380
2026-04-07 12:07:59.000 UTC,36073560683903061260,-35854340,-276380
2026-04-07 12:08:35.000 UTC,27605760931547732604,-27437990,-276380
2026-04-07 12:08:59.000 UTC,251220414982691782970,-249691968,-276381
2026-04-07 12:37:11.000 UTC,231132835649968810494,-229718662,-276381
2026-04-07 13:22:35.000 UTC,-75759711355540639522,75370594,-276381
2026-04-07 13:28:47.000 UTC,-678455184056602835827,675000000,-276380
2026-04-07 13:29:11.000 UTC,-1356884075265744473993,1350000000,-276380
2026-04-07 13:29:35.000 UTC,-4522814987108260839132,4500000000,-276380
2026-04-07 13:29:35.000 UTC,-1331679067410894364148,1325000000,-276380
2026-04-07 13:30:11.000 UTC,-136812722556586466458,136127528,-276380
2026-04-07 13:32:11.000 UTC,-703520505423709777863,700000000,-276380
2026-04-07 13:34:23.000 UTC,-2889407713706139999396,2875000000,-276379
2026-04-07 13:36:23.000 UTC,876129344718666177272,-870897780,-276379
2026-04-07 13:36:23.000 UTC,540514024909214491074,-537282720,-276380
2026-04-07 13:36:23.000 UTC,19550485342254864897,-19433554,-276380
2026-04-07 13:36:35.000 UTC,164065503160605944107,-163084084,-276380
2026-04-07 13:36:35.000 UTC,140851431005981580155,-140008664,-276380
2026-04-07 13:36:47.000 UTC,157937264217677210465,-156992033,-276380
2026-04-07 13:36:59.000 UTC,276124493974582366842,-274471340,-276380
2026-04-07 13:37:11.000 UTC,219398730682542811162,-218084657,-276380
2026-04-07 13:37:35.000 UTC,194137842783483516616,-192974672,-276380
2026-04-07 13:37:47.000 UTC,210959866639969959505,-209695486,-276380
2026-04-07 13:38:23.000 UTC,2698007071421329809313,-2681797975,-276380
2026-04-07 13:38:23.000 UTC,405526373141878357352,-403083847,-276380
2026-04-07 13:39:47.000 UTC,189954147377053827324,-188809477,-276380
2026-04-07 13:43:47.000 UTC,100014978999486406444,-99412142,-276380
2026-04-07 13:43:59.000 UTC,2255335340129000535506,-2241715205,-276380
2026-04-07 13:46:11.000 UTC,102054953833080059081,-101437450,-276380
2026-04-07 13:46:23.000 UTC,215176399897514236619,-213874097,-276380
2026-04-07 13:47:11.000 UTC,25778695995209575604,-25622646,-276380
2026-04-07 13:52:47.000 UTC,208330586528232782741,-207069228,-276380
2026-04-07 13:56:11.000 UTC,3018474694646034581,-3000195,-276380
2026-04-07 13:56:23.000 UTC,15837353417619119550,-15741446,-276380
2026-04-07 13:57:59.000 UTC,20003951353276482618,-19882809,-276380
2026-04-07 14:01:11.000 UTC,1961614685130785529290,-1949716169,-276380
2026-04-07 14:02:23.000 UTC,187920458263354127557,-186778603,-276380
2026-04-07 14:08:11.000 UTC,77055489441815580916,-76587179,-276380
2026-04-07 14:08:35.000 UTC,24199758902572820651,-24052671,-276380
2026-04-07 15:04:11.000 UTC,668690826206557916777,-664595240,-276381
2026-04-07 16:56:47.000 UTC,116429019994706376872,-115708659,-276382
2026-04-07 17:38:23.000 UTC,-98461605360287610049,97950197,-276382
2026-04-07 19:21:47.000 UTC,-88109709910426627409,87653381,-276381
2026-04-07 19:51:59.000 UTC,-20395155786482755992,20289704,-276381
2026-04-07 20:04:59.000 UTC,-31241244120618840803,31079842,-276381
2026-04-07 20:25:35.000 UTC,244831195358265092161,-243318645,-276382
2026-04-07 20:48:47.000 UTC,96536621000000000000,-95937597,-276382
2026-04-07 20:52:35.000 UTC,865261613549457873136,-859826216,-276383
2026-04-07 20:52:35.000 UTC,65696311218674915596,-65278746,-276383
2026-04-07 20:52:59.000 UTC,144602435080607959464,-143680920,-276384
2026-04-07 21:04:11.000 UTC,-108217537870454156822,107635190,-276383
2026-04-07 21:07:11.000 UTC,-123271649424833215143,122610569,-276383
2026-04-07 21:08:23.000 UTC,-35686103271956305011,35495179,-276383
2026-04-07 21:08:47.000 UTC,-54021066245584298898,53732435,-276383
2026-04-07 21:44:47.000 UTC,-36661651158645916551,36466036,-276383
2026-04-07 21:51:47.000 UTC,-43145047434891277593,42915113,-276383
2026-04-07 21:53:35.000 UTC,-22618234580323451993,22497813,-276383
2026-04-07 22:02:11.000 UTC,-8790491246803343733,8743712,-276383
2026-04-07 22:06:23.000 UTC,-566548750506270472555,563559828,-276382
2026-04-07 22:06:23.000 UTC,-123717340479958366785,123071466,-276382
2026-04-07 22:16:59.000 UTC,-16505256692026057791,16419275,-276382
2026-04-07 22:33:23.000 UTC,-143927158694671221845,143179232,-276382
2026-04-07 22:34:11.000 UTC,-87027589582417009744,86576950,-276381
2026-04-07 22:35:11.000 UTC,-14537359555117486317,14462202,-276381
2026-04-07 22:35:59.000 UTC,-355077327469390322630,353252049,-276381
2026-04-07 22:36:11.000 UTC,-184182433738429888428,183243568,-276380
2026-04-07 22:42:47.000 UTC,1918581027516386904281,-1906627580,-276384
2026-04-07 22:48:11.000 UTC,-125368238919138803223,124693896,-276383
2026-04-07 22:49:59.000 UTC,-124112071466534568466,123446957,-276383
2026-04-07 22:50:59.000 UTC,-32963227767407827347,32786992,-276383
2026-04-07 22:51:11.000 UTC,-81952959577589268396,81515554,-276383
2026-04-07 22:51:47.000 UTC,-254771620344212944786,253418681,-276383
2026-04-07 22:54:23.000 UTC,-256637797852264617482,255285424,-276382
2026-04-07 22:56:47.000 UTC,-267665811065490946585,266266527,-276382
2026-04-07 23:00:47.000 UTC,-817416964469398429292,813214344,-276380
2026-04-07 23:00:59.000 UTC,-51759684413482123766,51496579,-276380
2026-04-07 23:11:59.000 UTC,-51655584109069576588,51393034,-276380
2026-04-07 23:21:35.000 UTC,-135574511035751767182,134885550,-276380
2026-04-07 23:22:59.000 UTC,-79625046017814943578,79220494,-276380
2026-04-07 23:23:59.000 UTC,688255234160606866315,-684064157,-276381
2026-04-07 23:23:59.000 UTC,455896519288162663558,-453085565,-276382
2026-04-07 23:41:11.000 UTC,232259000234621901268,-230814204,-276382
2026-04-07 23:49:11.000 UTC,-48873554811437353033,48617422,-276382
2026-04-07 23:55:11.000 UTC,90687663864607113928,-90121902,-276382
2026-04-07 23:56:59.000 UTC,116597458922644845516,-115868131,-276382
2026-04-08 00:06:11.000 UTC,-125973748462861386007,125311146,-276382
2026-04-08 00:08:35.000 UTC,-251699682835820911165,250383369,-276382
2026-04-08 00:11:23.000 UTC,-209375187188266194944,208287924,-276381
2026-04-08 00:17:11.000 UTC,-247792850935406066294,246515133,-276381
2026-04-08 00:48:23.000 UTC,64270470266527428726,-63876084,-276381
2026-04-08 01:49:35.000 UTC,15122154646831151329,-15029264,-276381
2026-04-08 02:19:59.000 UTC,70337561414233042866,-69905021,-276381
2026-04-08 03:04:35.000 UTC,2423942125723664228,-2409022,-276381
2026-04-08 04:13:59.000 UTC,-38145268069335224601,37948522,-276381
2026-04-08 04:31:47.000 UTC,-209964577023170301215,208885770,-276381
2026-04-08 04:33:11.000 UTC,-136383718562002920501,135686745,-276381
2026-04-08 04:33:23.000 UTC,-128552969365548371481,127898660,-276380
2026-04-08 04:49:23.000 UTC,-259189289279808266633,257871987,-276380
2026-04-08 04:54:47.000 UTC,-210552404655311250149,209482783,-276380
2026-04-08 05:06:35.000 UTC,-130464632722590721391,129802083,-276380
2026-04-08 05:08:23.000 UTC,-123680707478000938927,123052764,-276380
2026-04-08 05:10:35.000 UTC,-125624932245959151112,124987272,-276380
2026-04-08 05:12:35.000 UTC,-124996652061373283164,124362336,-276380
2026-04-08 05:14:23.000 UTC,-124371514707566886578,123740524,-276380
2026-04-08 05:28:23.000 UTC,-123102308790583313976,122477907,-276380
2026-04-08 05:30:35.000 UTC,-122887543484286534730,122264381,-276380
2026-04-08 05:30:47.000 UTC,-121658521941917418645,121041738,-276380
2026-04-08 05:32:47.000 UTC,-122065156011031069067,121446458,-276380
2026-04-08 05:32:47.000 UTC,-128346797447926681864,127696419,-276380
2026-04-08 05:41:59.000 UTC,-127331522005932055196,126686449,-276380
2026-04-08 05:41:59.000 UTC,-126675449162781930002,126033858,-276380
2026-04-08 05:43:59.000 UTC,-110012106017309089448,109455041,-276380
2026-04-08 05:45:47.000 UTC,-128348269106665049922,127698507,-276380
2026-04-08 06:10:47.000 UTC,171530504970000000000,-170491476,-276380
2026-04-08 07:41:47.000 UTC,1638767660000000000000,-1628826368,-276380
2026-04-08 08:32:23.000 UTC,-131830254165567757251,131160679,-276380
2026-04-08 08:34:11.000 UTC,-130511781745530648278,129849072,-276380
2026-04-08 08:34:23.000 UTC,-211251091747826517015,210178762,-276380
2026-04-08 09:41:35.000 UTC,168704905582137839854,-167680772,-276380
2026-04-08 09:45:11.000 UTC,10767993816281393385,-10702616,-276380
2026-04-08 12:12:59.000 UTC,1845054831895381648302,-1833742129,-276382
2026-04-08 13:38:23.000 UTC,100868301521716569484,-100236349,-276382
2026-04-08 13:45:23.000 UTC,59876076941922800222,-59500179,-276383
2026-04-08 14:10:47.000 UTC,91958500015658172661,-91380078,-276383
2026-04-08 14:29:23.000 UTC,33903412674719669659,-33689819,-276383
2026-04-08 14:32:11.000 UTC,96397250180831960104,-95788940,-276383
2026-04-08 14:32:23.000 UTC,41275778559129752517,-41014857,-276383
2026-04-08 14:32:23.000 UTC,26318384352859028447,-26151873,-276383
2026-04-08 14:48:11.000 UTC,274226798238895204257,-272485250,-276383
2026-04-08 14:57:23.000 UTC,100747099010322892897,-100104268,-276384
2026-04-08 15:01:47.000 UTC,1096829761674399502860,-1089726621,-276385
2026-04-08 15:36:23.000 UTC,-107041067292913677204,106445841,-276385
2026-04-08 15:53:11.000 UTC,16985673811591208145,-16874456,-276385
2026-04-08 17:06:23.000 UTC,112530648651866789009,-111792666,-276385
2026-04-08 17:11:35.000 UTC,-52182180774879311299,51891595,-276385
2026-04-08 17:19:35.000 UTC,586084370540937453267,-582203560,-276386
2026-04-08 17:19:35.000 UTC,946246436243478148449,-939968957,-276387
2026-04-08 17:19:35.000 UTC,-844171455213601658308,839403509,-276385
2026-04-08 17:19:47.000 UTC,-793934957009540924855,789480300,-276385
2026-04-08 17:37:23.000 UTC,-396277126944896689031,394091303,-276385
2026-04-08 17:40:35.000 UTC,-111611112339220786386,111000000,-276384
2026-04-08 17:42:59.000 UTC,195791024299921056942,-194523013,-276385
2026-04-08 19:20:11.000 UTC,-509072143410004684739,506294100,-276384
2026-04-08 21:12:11.000 UTC,966835912158288382281,-960563254,-276385
2026-04-08 23:01:35.000 UTC,28522216881702557729,-28334908,-276385
2026-04-08 23:01:47.000 UTC,52536007922038651986,-52190658,-276386
2026-04-08 23:43:35.000 UTC,30845970323625348594,-30642996,-276386
2026-04-09 00:37:11.000 UTC,30487402212240127803,-30286639,-276386
2026-04-09 02:02:35.000 UTC,-43874027875815484298,43628778,-276386
2026-04-09 02:36:47.000 UTC,363681544867362033675,-361277786,-276386
2026-04-09 02:36:59.000 UTC,-109685215578699813078,109067071,-276386
2026-04-09 03:35:23.000 UTC,33037158332312923932,-32818332,-276386
2026-04-09 12:47:23.000 UTC,894027552674735220768,-888039823,-276387
2026-04-09 12:47:23.000 UTC,-715088638950625181979,711000000,-276386
2026-04-09 12:49:47.000 UTC,-246744421867732162027,245352552,-276386
2026-04-09 12:50:59.000 UTC,8422441350724668484,-8366718,-276386
2026-04-09 13:07:59.000 UTC,23204255698357060841,-23050676,-276386
2026-04-09 13:14:35.000 UTC,22101249451554996991,-21954890,-276386
2026-04-09 13:33:35.000 UTC,96148539109157654706,-95510920,-276386
2026-04-09 14:02:23.000 UTC,11318451387997154760,-11243295,-276386
2026-04-09 14:51:11.000 UTC,-213691064640124610708,212488004,-276386
2026-04-09 14:54:35.000 UTC,-53521899604687497115,53221717,-276386
2026-04-09 15:14:47.000 UTC,-43873126462902278795,43627401,-276386
2026-04-09 15:15:35.000 UTC,-66087924381067634535,65718358,-276386
2026-04-09 15:34:23.000 UTC,-146586760469486299098,145769527,-276385
2026-04-09 15:35:35.000 UTC,-26597303421953891757,26449389,-276385
2026-04-09 15:55:47.000 UTC,-87123391838959966320,86639666,-276385
2026-04-09 16:03:11.000 UTC,-120662326430488094688,119994387,-276385
2026-04-09 16:06:35.000 UTC,-136222369037770048187,135471087,-276385
2026-04-09 16:13:47.000 UTC,-251283373352720887595,249905286,-276384
2026-04-09 17:00:23.000 UTC,896403112490379631491,-890549732,-276386
2026-04-09 17:00:23.000 UTC,-535537406054511344155,532557465,-276385
2026-04-09 17:03:59.000 UTC,-72744014229105541370,72342769,-276385
2026-04-09 17:08:47.000 UTC,-78241590480168026112,77810964,-276385
2026-04-09 17:14:59.000 UTC,-36461597727130834116,36261254,-276385
2026-04-09 17:16:11.000 UTC,-191218939962020633403,190171731,-276384
2026-04-09 17:54:11.000 UTC,-4729056303417131009,4703232,-276384
2026-04-09 17:55:11.000 UTC,-7591180751815809942,7549734,-276384
2026-04-09 17:55:11.000 UTC,-127881778285922749665,127184943,-276384
2026-04-09 17:55:59.000 UTC,-125840948145259118538,125157781,-276384
2026-04-09 18:18:35.000 UTC,-128700109808649675361,128004036,-276384
2026-04-09 18:30:11.000 UTC,-212177872315408941957,211036081,-276383
2026-04-09 19:21:35.000 UTC,-131664166575222998265,130959256,-276383
2026-04-09 19:25:23.000 UTC,12959684487892130969,-12877535,-276383
2026-04-09 19:30:35.000 UTC,-255740907710920168240,254379087,-276383
2026-04-09 19:32:35.000 UTC,-135762655185742094122,135043961,-276382
2026-04-09 19:46:11.000 UTC,-261989145716162647730,260610558,-276382
2026-04-09 20:09:11.000 UTC,-127934951320651089350,127265739,-276382
2026-04-09 22:16:47.000 UTC,-127251448105104409587,126588404,-276382
2026-04-09 22:17:59.000 UTC,-62780866264018039638,62454699,-276382
2026-04-09 22:17:59.000 UTC,-89422030550792570156,88958540,-276381
2026-04-09 22:18:11.000 UTC,182475743120665597933,-181347099,-276382
2026-04-09 22:20:35.000 UTC,10550047170593916822,-10484631,-276382
2026-04-09 22:31:47.000 UTC,15668747711792554304,-15571560,-276382
2026-04-09 22:34:59.000 UTC,18516732210586977606,-18401829,-276382
2026-04-09 22:36:59.000 UTC,73342292105627894615,-72886638,-276382
2026-04-09 23:14:23.000 UTC,252407625900554200573,-250832941,-276382
2026-04-09 23:15:59.000 UTC,28289307354747759268,-28112187,-276382
2026-04-09 23:32:35.000 UTC,69740373520409855685,-69303182,-276382
2026-04-10 01:23:35.000 UTC,66055034248472407102,-65640230,-276383
2026-04-10 01:37:59.000 UTC,-207912119348789407000,206815617,-276382
2026-04-10 01:51:59.000 UTC,-124790079856851885153,124135267,-276382
2026-04-10 01:51:59.000 UTC,-130027589185306576437,129347938,-276382
2026-04-10 02:11:59.000 UTC,-124602786154817869310,123954024,-276382
2026-04-10 02:23:23.000 UTC,44221017968533189722,-43947078,-276382
2026-04-10 02:24:59.000 UTC,21254809862312475894,-21123030,-276382
2026-04-10 02:47:59.000 UTC,55439615640572881734,-55095551,-276382
2026-04-10 02:48:35.000 UTC,39842715076796265936,-39595144,-276382
2026-04-10 02:49:23.000 UTC,44231349904322453793,-43956212,-276382
2026-04-10 02:49:35.000 UTC,57680308785482373266,-57321045,-276382
2026-04-10 02:56:47.000 UTC,53594032609720444000,-53259745,-276382
2026-04-10 03:16:11.000 UTC,-51249218016280844869,50980515,-276382
2026-04-10 03:25:35.000 UTC,103222094323314118264,-102577810,-276382
2026-04-10 04:16:11.000 UTC,-183896872747774312901,182933110,-276382
2026-04-10 04:17:23.000 UTC,-135093365114180843941,134388811,-276382
2026-04-10 04:17:35.000 UTC,-135090436125555918545,134388811,-276381
2026-04-10 04:19:23.000 UTC,-128719631370177392704,128053805,-276381
2026-04-10 04:21:23.000 UTC,-136727849710299075696,136023497,-276381
2026-04-10 05:02:11.000 UTC,532816719603712029315,-529525157,-276382
2026-04-10 05:11:35.000 UTC,532066291816028530084,-528734204,-276383
2026-04-10 05:28:59.000 UTC,-130861753574096733803,130168179,-276383
2026-04-10 05:30:35.000 UTC,-127983874389528105342,127308197,-276382
2026-04-10 05:59:35.000 UTC,13094425240400822272,-13012392,-276382
2026-04-10 06:34:35.000 UTC,225406361456924635883,-223989970,-276383
2026-04-10 06:38:11.000 UTC,124296390322036197343,-123511882,-276383
2026-04-10 06:46:23.000 UTC,21317415214725028118,-21182621,-276383
2026-04-10 06:50:47.000 UTC,119015411777162897455,-118261523,-276383
2026-04-10 06:51:23.000 UTC,33022872521817855885,-32813293,-276383
2026-04-10 07:19:11.000 UTC,16938919149200000072,-16831348,-276383
2026-04-10 07:32:35.000 UTC,669050855566830694567,-664765489,-276384
2026-04-10 07:40:11.000 UTC,821606966991389776125,-816246873,-276386
2026-04-10 07:59:23.000 UTC,10766552025750396321,-10695598,-276386
2026-04-10 08:27:59.000 UTC,-2195926884031121941,2183637,-276386
2026-04-10 11:44:35.000 UTC,660584214480673720802,-656195718,-276387
2026-04-10 12:20:11.000 UTC,-126096057044468410774,125378336,-276387
2026-04-10 14:06:11.000 UTC,1022732194503588747098,-1015821252,-276388
2026-04-10 14:06:11.000 UTC,-807937365846523629255,803267135,-276387
2026-04-10 14:14:11.000 UTC,-60648164037647583736,60301793,-276387
2026-04-10 14:16:47.000 UTC,-69557707066661220778,69161175,-276387
2026-04-10 14:24:47.000 UTC,-48303431868172936192,48028520,-276387
2026-04-10 15:27:47.000 UTC,83792585000841602563,-83232159,-276387
2026-04-10 15:55:11.000 UTC,67428548238373867819,-66976756,-276387
2026-04-10 15:57:35.000 UTC,212775070148358058029,-211344665,-276387
2026-04-10 16:08:11.000 UTC,233084345777480215210,-231505753,-276388
2026-04-10 16:08:11.000 UTC,907184591096451912625,-901005022,-276389
2026-04-10 16:08:11.000 UTC,-815751862218075425783,811000000,-276387
2026-04-10 17:51:11.000 UTC,-159780711174858082,158855,-276388
2026-04-10 18:07:23.000 UTC,9900522357473148928,-9833278,-276388
2026-04-10 18:11:47.000 UTC,3239944215081254912,-3217935,-276388
2026-04-10 19:12:11.000 UTC,-136359672138233126200,135570365,-276387
2026-04-10 19:29:35.000 UTC,68109056598059753380,-67647485,-276388
2026-04-10 19:53:47.000 UTC,-768294922467868840152,763894800,-276386
2026-04-10 19:57:47.000 UTC,-257701454032508170932,256246657,-276386
2026-04-10 20:02:59.000 UTC,-215486791512191735812,214278443,-276386
2026-04-10 23:09:47.000 UTC,-45092291250997785934,44840373,-276386
2026-04-10 23:20:59.000 UTC,-10116008756862479688,10059538,-276386
2026-04-10 23:53:23.000 UTC,-12910677370606802582,12838630,-276385
2026-04-10 23:53:47.000 UTC,40793064630505074544,-40524773,-276386
2026-04-11 00:21:23.000 UTC,-11582518902208147519,11517830,-276386
2026-04-11 00:53:59.000 UTC,854927545529860641654,-849245355,-276387
2026-04-11 00:53:59.000 UTC,505223048024019536923,-501810400,-276388
2026-04-11 02:30:59.000 UTC,-13288669565928443771,13211596,-276388
2026-04-11 02:32:47.000 UTC,-14994026496811593062,14907096,-276388
2026-04-11 10:22:11.000 UTC,-95812324709394426202,95257680,-276388
2026-04-11 10:48:59.000 UTC,14015942401463826393,-13920966,-276388
2026-04-11 10:53:59.000 UTC,-112711607231651633496,112060758,-276387
2026-04-11 10:57:23.000 UTC,-112681104189655790552,112032457,-276387
2026-04-11 13:11:47.000 UTC,45174162695302140370,-44869458,-276387
2026-04-11 13:48:59.000 UTC,47239912264633686282,-46920926,-276387
2026-04-11 14:04:11.000 UTC,-256681422509415701888,255207618,-276387
2026-04-11 14:39:11.000 UTC,417616044500281278431,-414797727,-276388
2026-04-11 14:39:23.000 UTC,12708175118275297789,-12622160,-276387
2026-04-11 14:39:23.000 UTC,-90159793956693983570,89638609,-276387
2026-04-11 14:39:47.000 UTC,-11009647843951124933,10946072,-276387
2026-04-11 15:20:11.000 UTC,-129720863452497012667,128973228,-276387
2026-04-11 16:41:23.000 UTC,-1117800558719877345550,1111469442,-276385
2026-04-11 16:43:11.000 UTC,-276481961643654489866,274946749,-276385
2026-04-11 17:05:11.000 UTC,495930149435414881415,-492674694,-276386
2026-04-11 17:25:11.000 UTC,-183343792073850007918,182317969,-276385
2026-04-11 18:02:35.000 UTC,-23156740066848546308,23027558,-276385
2026-04-11 18:05:11.000 UTC,515809758294330590929,-512399213,-276386
2026-04-11 18:32:47.000 UTC,-301910398253897164083,300209154,-276386
2026-04-11 18:34:23.000 UTC,-99125094619107854183,98569703,-276386
2026-04-11 18:35:35.000 UTC,-430386077528780991964,427992834,-276385
2026-04-11 18:37:35.000 UTC,-88971721731492299139,88480665,-276385
2026-04-11 18:38:47.000 UTC,-52433647351675943836,52144845,-276385
2026-04-11 18:39:23.000 UTC,-202273086323639325802,201163084,-276384
2026-04-11 18:45:35.000 UTC,-195175052533515337652,194110192,-276384
2026-04-11 18:53:11.000 UTC,-133015066682189129292,132292830,-276384
2026-04-11 19:15:59.000 UTC,-167327912194847660881,166423376,-276384
2026-04-11 19:17:11.000 UTC,-9404704035636065902,9353997,-276384
2026-04-11 19:31:47.000 UTC,-21840922135965278845,21723218,-276384
2026-04-11 19:43:35.000 UTC,-268018922747365868599,266580723,-276383
2026-04-11 19:55:59.000 UTC,-256662581801389785390,255296069,-276383
2026-04-11 19:55:59.000 UTC,-222907281074770162098,221729019,-276382
2026-04-11 20:33:11.000 UTC,55043620396478230270,-54698664,-276382
2026-04-11 20:34:35.000 UTC,25620840607733061491,-25460111,-276382
2026-04-11 20:34:59.000 UTC,152643844568994687158,-151684081,-276383
2026-04-11 23:01:11.000 UTC,681607680546298980891,-677276686,-276384
2026-04-11 23:01:11.000 UTC,645586277424374483991,-641415891,-276385
2026-04-11 23:08:11.000 UTC,28111436421193242353,-27928332,-276385
2026-04-11 23:09:35.000 UTC,93316370877749708988,-92707650,-276385
2026-04-12 00:09:23.000 UTC,680271971006714491061,-675792500,-276386
2026-04-12 00:09:23.000 UTC,-622985501347500031085,619499769,-276385
2026-04-12 01:36:35.000 UTC,140909398829883741634,-139986310,-276385
2026-04-12 01:36:35.000 UTC,34913200552868920437,-34683997,-276385
2026-04-12 01:37:23.000 UTC,177841049376800475025,-176670519,-276386
2026-04-12 01:38:59.000 UTC,85639001999991668050,-85073538,-276386
2026-04-12 01:40:11.000 UTC,17370692125710287642,-17255853,-276386
2026-04-12 01:42:59.000 UTC,101280867724342131271,-100610334,-276386
2026-04-12 01:44:23.000 UTC,34064729960759061583,-33838835,-276386
2026-04-12 01:44:35.000 UTC,53518416032522672897,-53163145,-276386
2026-04-12 01:49:59.000 UTC,89466813163874268680,-88871887,-276386
2026-04-12 01:57:47.000 UTC,61125149460462967195,-60717953,-276386
2026-04-12 02:16:47.000 UTC,-64674344319933495884,64307815,-276386
2026-04-12 08:39:35.000 UTC,-75103378008320130986,74678582,-276386
2026-04-12 10:55:23.000 UTC,126644333695141825593,-125801597,-276386
2026-04-12 11:12:11.000 UTC,102327005845838396625,-101644219,-276387
2026-04-12 13:02:47.000 UTC,52517004487862375446,-52165932,-276387
2026-04-12 13:46:35.000 UTC,12600413231970609437,-12516115,-276387
2026-04-12 14:28:23.000 UTC,724550614344014935521,-719660747,-276388
2026-04-12 14:28:23.000 UTC,-522159871473069261605,519146516,-276387
2026-04-12 14:50:23.000 UTC,13723148098409182927,-13630868,-276387
2026-04-12 14:51:23.000 UTC,7855985382554336961,-7803145,-276387
2026-04-12 16:06:23.000 UTC,1653176338799659148865,-1641838181,-276390
2026-04-12 17:28:47.000 UTC,-110428750953443244796,109767561,-276389
2026-04-12 17:28:59.000 UTC,-129220178749684179808,128448945,-276389
2026-04-12 17:29:11.000 UTC,-110398765667587729558,109741974,-276389
2026-04-12 17:29:35.000 UTC,-110397681937460536624,109742841,-276389
2026-04-12 17:29:35.000 UTC,-127198295168268348044,126446209,-276389
2026-04-12 17:30:23.000 UTC,-128792878179422291370,128033992,-276389
2026-04-12 17:30:59.000 UTC,-127301665715671056233,126554167,-276388
2026-04-12 17:31:59.000 UTC,-128788469111389947035,128034870,-276388
2026-04-12 17:46:47.000 UTC,-127409646622051340459,126666719,-276388
2026-04-12 17:52:47.000 UTC,-75117589259318600433,74680791,-276388
2026-04-12 17:53:35.000 UTC,-22142237254463677733,22013655,-276388
2026-04-12 18:20:47.000 UTC,-13474047935892240047,13395841,-276388
2026-04-12 20:35:59.000 UTC,-129212306555813615787,128463794,-276388
2026-04-12 20:36:35.000 UTC,-129210371464015920346,128464534,-276387
2026-04-12 20:36:47.000 UTC,-110376750870153843202,109741735,-276387
2026-04-12 20:37:11.000 UTC,-110748639883615230728,110113438,-276387
2026-04-12 20:37:23.000 UTC,-128769270412797889516,128033171,-276387
2026-04-12 20:42:47.000 UTC,-258405172886898870847,256936000,-276386
2026-04-12 20:44:23.000 UTC,-160016544301669175198,159112106,-276386
2026-04-12 21:26:59.000 UTC,-110369242895153544419,109747799,-276386
2026-04-12 21:27:11.000 UTC,-129196907558394304511,128471922,-276386
2026-04-12 21:27:23.000 UTC,-128759358146822015994,128039478,-276385
2026-04-12 21:27:23.000 UTC,-128180328610108564686,127466314,-276385
2026-04-12 21:42:11.000 UTC,-110361565858845491266,109748909,-276385
2026-04-12 21:42:35.000 UTC,-110735321041543753460,110122543,-276385
2026-04-12 21:42:47.000 UTC,-147644034571392709498,146830058,-276385
2026-04-12 21:46:47.000 UTC,-213756466389806343726,212584169,-276384
2026-04-12 22:29:47.000 UTC,33162076600314372040,-32947712,-276384
2026-04-12 22:31:23.000 UTC,30581164247280129066,-30383328,-276384
2026-04-12 23:37:35.000 UTC,660225244625064033220,-655917765,-276386
2026-04-12 23:37:35.000 UTC,-433404575407911942442,431000000,-276385
2026-04-13 05:39:47.000 UTC,175636383990449339212,-174490926,-276385
2026-04-13 06:13:59.000 UTC,845698537581217838222,-840114286,-276386
2026-04-13 06:33:23.000 UTC,-454862005061977327991,452296526,-276386
2026-04-13 06:33:35.000 UTC,-379803746820532614240,377686897,-276385
2026-04-13 08:08:47.000 UTC,37157026345824398845,-36914004,-276385
2026-04-13 12:38:59.000 UTC,71727708306611382384,-71257958,-276385
2026-04-13 13:16:59.000 UTC,1362304910655287455870,-1353227450,-276387
2026-04-13 13:31:23.000 UTC,51844081695635296427,-51492788,-276388
2026-04-13 13:39:47.000 UTC,732731247253092383747,-727720518,-276389
2026-04-13 13:49:47.000 UTC,-833506665247225172964,828641943,-276387
2026-04-13 13:49:59.000 UTC,-1449564748358242158503,1441368413,-276385
2026-04-13 13:50:47.000 UTC,-1413294676666491493073,1405626256,-276383
2026-04-13 13:51:11.000 UTC,-64646724488689745814,64303582,-276383
2026-04-13 14:44:59.000 UTC,-79093416074105088148,78674499,-276383
2026-04-13 14:46:47.000 UTC,-344885103314147042681,343070094,-276382
2026-04-13 14:59:23.000 UTC,-86966338488188368087,86511663,-276382
2026-04-13 16:29:59.000 UTC,-144997244665607975270,144241858,-276382
2026-04-13 16:48:23.000 UTC,-97410633030809337185,96905042,-276381
2026-04-13 17:30:35.000 UTC,-297069740516556286744,295537212,-276381
2026-04-13 17:30:47.000 UTC,-68406598094264875211,68055697,-276381
2026-04-13 17:31:59.000 UTC,-122883619607256080623,122255148,-276381
2026-04-13 19:17:35.000 UTC,-22243102477062510687,22129601,-276381
2026-04-13 19:26:23.000 UTC,-94624415356008948083,94142452,-276381
2026-04-13 19:38:59.000 UTC,-35070694233614168335,34892389,-276380
2026-04-13 19:41:11.000 UTC,-49515460274334340907,49263748,-276380
2026-04-13 19:56:35.000 UTC,-319464554421183418421,317841135,-276380
2026-04-13 19:57:59.000 UTC,-125512919781333424722,124875378,-276380
2026-04-13 20:27:23.000 UTC,-11319082360967448246,11261595,-276380
2026-04-13 20:36:11.000 UTC,-83278950797339704936,82856032,-276380
2026-04-13 21:50:11.000 UTC,-59419812892566702898,59118101,-276380
2026-04-13 22:05:59.000 UTC,-20419340995000421935,20315667,-276380
2026-04-13 22:06:23.000 UTC,-51020829573389315309,50761802,-276380
2026-04-13 22:07:23.000 UTC,-65182083160317577837,64851198,-276380
2026-04-13 22:12:59.000 UTC,-17098792113981286622,17012000,-276380
2026-04-13 22:15:35.000 UTC,-261775072028864815331,260446684,-276380
2026-04-13 22:16:11.000 UTC,-54960633153834241229,54681819,-276380
2026-04-13 22:16:23.000 UTC,-373817098637166655150,371921523,-276380
2026-04-13 22:16:23.000 UTC,-52570258428061892474,52303793,-276380
2026-04-13 22:16:35.000 UTC,-24080248992156379397,23958202,-276380
2026-04-13 22:17:35.000 UTC,-332230221724809493411,330546937,-276380
2026-04-13 22:18:35.000 UTC,-36172882415376617969,35989674,-276380
2026-04-13 22:18:59.000 UTC,-174613274970766658436,173729075,-276380
2026-04-13 22:20:59.000 UTC,-182603302566086458579,181678965,-276380
2026-04-13 22:20:59.000 UTC,-377596878910952000884,375686528,-276380
2026-04-13 22:21:11.000 UTC,-152525137467699410622,151753876,-276380
2026-04-13 22:21:47.000 UTC,-156819006678035078158,156026273,-276380
2026-04-13 22:23:35.000 UTC,-70338654099116288560,69983165,-276380
2026-04-13 22:23:35.000 UTC,-189870223486464247560,188910870,-276380
2026-04-13 22:24:11.000 UTC,-1307235088917015575628,1300639700,-276380
2026-04-13 22:30:23.000 UTC,-33130924142370768021,32963988,-276380
2026-04-13 22:31:35.000 UTC,-32007124319167890352,31845861,-276380
2026-04-13 22:31:47.000 UTC,-113199497209191013722,112629239,-276380
2026-04-13 22:32:23.000 UTC,-47053500740764315972,46816500,-276380
2026-04-13 22:37:47.000 UTC,-16338550870913885302,16256262,-276380
2026-04-13 22:38:23.000 UTC,441927770491727497365,-439261465,-276380
2026-04-13 22:49:23.000 UTC,-79668767062931620289,79267203,-276380
2026-04-13 23:10:11.000 UTC,-23647569941944946347,23528389,-276380
2026-04-13 23:21:23.000 UTC,-97217896951266522514,96727985,-276380
2026-04-13 23:25:59.000 UTC,-71254928991303398851,70895912,-276380
2026-04-14 02:23:35.000 UTC,634033428754895292788,-630206419,-276380
2026-04-14 05:38:23.000 UTC,-15983104181962284125,15902482,-276380
2026-04-14 05:56:23.000 UTC,37518677003122687523,-37292097,-276380
2026-04-14 05:59:59.000 UTC,12609108102893978008,-12532957,-276380
2026-04-14 06:10:59.000 UTC,17859052450016447254,-17751192,-276380
2026-04-14 06:41:59.000 UTC,10456042853459815334,-10392891,-276380
2026-04-14 07:06:35.000 UTC,-95239971378208532799,94759530,-276380
2026-04-14 07:06:35.000 UTC,-44440813793318010880,44216662,-276380
2026-04-14 07:09:47.000 UTC,-279136878876932090491,277729401,-276380
2026-04-14 07:15:47.000 UTC,-60323246456891319113,60019183,-276380
2026-04-14 09:08:47.000 UTC,-17484419967692839717,17396296,-276380
2026-04-14 12:57:23.000 UTC,942667981177141077290,-936974773,-276380
2026-04-14 13:42:47.000 UTC,-72807605018045912833,72439996,-276380
2026-04-14 13:46:23.000 UTC,-127751373613815775034,127106479,-276380
2026-04-14 14:31:23.000 UTC,-124676203735984111888,124046987,-276380
2026-04-14 14:32:47.000 UTC,-1728753461603508158464,1720044587,-276380
2026-04-14 14:32:59.000 UTC,-196444769107925932117,195457014,-276380
2026-04-14 14:33:11.000 UTC,-47807135661861945396,47566812,-276380
2026-04-14 15:05:35.000 UTC,22866278606626566614,-22728588,-276380
2026-04-14 15:05:59.000 UTC,215304627384597049870,-214007906,-276380
2026-04-14 15:08:59.000 UTC,124248571391745948654,-123500048,-276380
2026-04-14 15:09:23.000 UTC,614234755638112337749,-610532122,-276380
2026-04-14 16:00:59.000 UTC,-100506134680669976973,100000000,-276380
2026-04-14 16:22:23.000 UTC,94994316143101919439,-94421448,-276380
2026-04-14 17:35:35.000 UTC,50500834850565134443,-50196251,-276380
2026-04-14 18:39:35.000 UTC,39713499243440761522,-39473959,-276380
2026-04-14 18:44:35.000 UTC,817805253736899261814,-812869034,-276380
2026-04-14 18:44:35.000 UTC,-634197706649690356213,631000000,-276380
2026-04-14 18:46:47.000 UTC,58280199611295286377,-57928537,-276380
2026-04-14 18:47:35.000 UTC,209564358700964583167,-208299571,-276380
2026-04-14 18:47:47.000 UTC,144382723550635450648,-143511076,-276380
2026-04-14 18:48:59.000 UTC,22501610138560646848,-22365748,-276380
2026-04-14 18:48:59.000 UTC,55726732096352876404,-55390239,-276380
2026-04-14 18:49:23.000 UTC,93489072999843012098,-92924491,-276380
2026-04-14 18:49:35.000 UTC,236968930792053767783,-235537488,-276380
2026-04-14 19:25:23.000 UTC,111721817712233790255,-111046755,-276380
2026-04-14 19:25:35.000 UTC,41970193981642378585,-41716563,-276380
2026-04-14 19:28:11.000 UTC,23099329794119093713,-22959730,-276380
2026-04-14 20:15:23.000 UTC,567141255543211891610,-563712126,-276380
2026-04-14 20:15:23.000 UTC,519501491642958187379,-516357626,-276380
2026-04-14 20:58:23.000 UTC,84393955776570712772,-83882978,-276380
2026-04-14 21:10:11.000 UTC,549141437341544507573,-545814851,-276380
2026-04-14 22:49:23.000 UTC,1169137803437943179233,-1162045505,-276380
2026-04-14 22:49:23.000 UTC,162711762517183969182,-161723642,-276380
2026-04-14 22:49:23.000 UTC,28417270246080846838,-28244670,-276380
2026-04-15 00:08:11.000 UTC,-116721316302682650101,116128529,-276380
2026-04-15 00:11:47.000 UTC,3163570836040843264,-3144359,-276380
2026-04-15 00:44:11.000 UTC,12689972575915547464,-12612908,-276380
2026-04-15 00:47:47.000 UTC,1257637533248657670,-1250000,-276380
2026-04-15 05:40:23.000 UTC,14841581930539718242,-14751449,-276380
2026-04-15 07:46:11.000 UTC,46679371615187288844,-46395873,-276380
2026-04-15 08:26:35.000 UTC,56605925627295624265,-56262111,-276380
2026-04-15 10:07:35.000 UTC,27719941416508317166,-27551564,-276380
2026-04-15 10:18:47.000 UTC,35117439452381281399,-34904117,-276380
2026-04-15 10:49:35.000 UTC,-22831596648741340344,22715614,-276380
2026-04-15 16:07:35.000 UTC,-24852033561007532636,24725793,-276380
2026-04-15 17:31:59.000 UTC,-343438191900600262974,341694257,-276380
2026-04-15 18:47:59.000 UTC,9336198218596091890,-9279519,-276380
2026-04-15 19:07:23.000 UTC,-66532639300480934670,66194924,-276380
2026-04-15 19:34:23.000 UTC,-134869431871967121074,134184977,-276380
2026-04-15 19:36:11.000 UTC,-561351378371491122460,558504479,-276380
2026-04-15 19:36:23.000 UTC,-395014213959233298299,393012760,-276380
2026-04-15 21:50:11.000 UTC,-18559211371444362386,18465214,-276380
2026-04-15 22:04:23.000 UTC,-84961330462875863350,84531067,-276380
2026-04-15 23:32:47.000 UTC,59633282938019255066,-59271976,-276380
2026-04-16 02:27:23.000 UTC,5740379803942035004,-5705598,-276380
2026-04-16 02:31:23.000 UTC,-73534780191268280017,73162394,-276380
2026-04-16 02:32:35.000 UTC,-37183537522593045032,36995257,-276380
2026-04-16 03:37:47.000 UTC,27814326133492537372,-27645821,-276380
2026-04-16 04:19:11.000 UTC,-111564863549471486330,111000000,-276380
2026-04-16 04:48:47.000 UTC,47535802122892593798,-47247855,-276380
2026-04-16 05:41:35.000 UTC,-9335267157555135480,9288004,-276380
2026-04-16 05:53:11.000 UTC,-60751379050585408935,60443818,-276380
2026-04-16 06:21:11.000 UTC,-9246386163914224498939,9200000000,-276379
2026-04-16 06:22:23.000 UTC,-1155072562358045647415,1149337241,-276379
2026-04-16 06:22:23.000 UTC,-100661169362070652075,100161977,-276379
2026-04-16 06:22:35.000 UTC,-467755373195928487309,465437024,-276379
2026-04-16 06:22:47.000 UTC,-175871116362081901693,175000000,-276379
2026-04-16 06:22:59.000 UTC,-466138300804358995968,463830925,-276379
2026-04-16 06:22:59.000 UTC,-445739705652780464163,443535309,-276379
2026-04-16 06:26:59.000 UTC,170757978962822456717,-169743859,-276379
2026-04-16 06:30:59.000 UTC,35488395942296930991,-35277596,-276379
2026-04-16 06:31:59.000 UTC,8255675049172345276,-8206635,-276379
2026-04-16 07:15:11.000 UTC,92152505775538924277,-91605059,-276379
2026-04-16 07:33:59.000 UTC,2088821850982181975038,-2076390420,-276379
2026-04-16 07:36:59.000 UTC,1141650576608225866065,-1134837968,-276379
2026-04-16 07:48:59.000 UTC,-46415734870002651457,46184680,-276379
2026-04-16 07:54:59.000 UTC,17703620661366350195,-17597884,-276379
2026-04-16 08:08:59.000 UTC,11488398128832160326,-11419781,-276379
2026-04-16 10:11:11.000 UTC,391747449895745216311,-389406868,-276379
2026-04-16 11:06:35.000 UTC,757575902448662974448,-753045306,-276380
2026-04-16 11:34:59.000 UTC,6635913435732460622,-6596203,-276380
2026-04-16 12:02:47.000 UTC,-55244088292088925951,54968468,-276380
2026-04-16 12:13:23.000 UTC,20740735211919042076,-20616628,-276380
2026-04-16 12:28:11.000 UTC,30178425917994480965,-29997838,-276380
2026-04-16 12:40:23.000 UTC,23714755733078287317,-23572840,-276380
2026-04-16 13:52:59.000 UTC,93669156671017719237,-93108562,-276380
2026-04-16 13:53:11.000 UTC,513885919481317777458,-510808856,-276380
2026-04-16 13:53:23.000 UTC,490549426229525455460,-487609670,-276380
2026-04-16 13:53:35.000 UTC,93569630213527930448,-93008618,-276380
2026-04-16 13:53:47.000 UTC,46781287805082762845,-46500770,-276380
2026-04-16 13:53:59.000 UTC,74617266179058934419,-74169790,-276380
2026-04-16 13:54:47.000 UTC,104070366628446044952,-103446169,-276380
2026-04-16 13:55:11.000 UTC,8636018691321518412477,-8583831369,-276381
2026-04-16 13:55:23.000 UTC,573207236402518541447,-569652004,-276382
2026-04-16 13:55:35.000 UTC,150190117443568798022,-149249925,-276382
2026-04-16 13:55:47.000 UTC,38702959438180142658,-38460095,-276383
2026-04-16 14:01:11.000 UTC,148820955367822786033,-147884870,-276383
2026-04-16 14:16:59.000 UTC,46562948397581397472,-46269341,-276383
2026-04-16 14:17:35.000 UTC,34788133983059700152,-34568549,-276383
2026-04-16 14:22:59.000 UTC,46339229859774447510,-46046433,-276383
2026-04-16 15:38:23.000 UTC,-214293950296627078825,213155901,-276383
2026-04-16 16:37:35.000 UTC,85839488493719496505,-85299138,-276383
2026-04-16 19:00:23.000 UTC,-83402958769119784061,82960871,-276383
2026-04-16 19:29:23.000 UTC,-121481756233815190968,120839813,-276382
2026-04-16 19:38:23.000 UTC,-91357134363594431837,90875930,-276382
2026-04-16 19:42:35.000 UTC,-18071176327962395065,17976149,-276382
2026-04-16 19:56:47.000 UTC,-55368323476883742832,55077491,-276382
2026-04-16 20:49:35.000 UTC,-779040166078281819058,775000000,-276381
2026-04-16 20:50:59.000 UTC,-139852844627852767897,139137816,-276381
2026-04-16 20:50:59.000 UTC,-111516152227320750738,110948240,-276380
2026-04-16 20:54:11.000 UTC,36208625051716078416,-35988428,-276381
2026-04-16 21:07:11.000 UTC,-139820006189998446353,139109124,-276380
2026-04-16 21:07:35.000 UTC,-130107459774488231567,129446215,-276380
2026-04-16 21:22:11.000 UTC,71301281784618247314,-70868006,-276380
2026-04-16 21:25:23.000 UTC,56307577545084888184,-55965378,-276380
2026-04-16 22:18:35.000 UTC,238646653864639492882,-237194694,-276381
2026-04-17 00:12:11.000 UTC,544276562536190185166,-540933117,-276382
2026-04-17 01:24:23.000 UTC,54295750932806304006,-53959626,-276382
2026-04-17 02:30:47.000 UTC,148146976789005554582,-147227463,-276382
2026-04-17 03:14:11.000 UTC,21967187508937132029,-21830544,-276382
2026-04-17 04:54:47.000 UTC,41139907899370034756,-40883797,-276382
2026-04-17 04:58:47.000 UTC,34040311632084454423,-33828194,-276382
2026-04-17 05:32:23.000 UTC,442594437790311107875,-439819663,-276383
2026-04-17 05:54:35.000 UTC,21503462001354870661,-21367854,-276383
2026-04-17 07:09:35.000 UTC,-117760564959317735081,117135939,-276383
2026-04-17 07:10:23.000 UTC,-117669040888378399541,117047112,-276382
2026-04-17 08:35:35.000 UTC,-104928725152567954174,104375998,-276382
2026-04-17 09:13:47.000 UTC,-205141951495527259791,204066415,-276382
2026-04-17 09:13:59.000 UTC,-130544150478583978127,129863220,-276382
2026-04-17 09:13:59.000 UTC,-140845187471955115273,140113577,-276381
2026-04-17 09:14:11.000 UTC,-130541174941518463163,129865916,-276381
2026-04-17 09:19:35.000 UTC,-279217603479434583824,277782411,-276381
2026-04-17 09:29:59.000 UTC,-354648139010153594094,352841643,-276380
2026-04-17 10:16:35.000 UTC,-234899442634475793140,233705822,-276380
2026-04-17 10:17:11.000 UTC,-129155434515523052172,128499375,-276380
2026-04-17 10:32:35.000 UTC,183186625720850551063,-182073849,-276380
2026-04-17 10:53:11.000 UTC,26712747613279377092,-26550452,-276380
2026-04-17 12:15:59.000 UTC,1636077988563659878366,-1625990449,-276383
2026-04-17 12:59:59.000 UTC,-115658039565131392166,115046399,-276382
2026-04-17 13:08:35.000 UTC,-158397801416004881268,157563602,-276382
2026-04-17 13:28:11.000 UTC,1071552154610597082737,-1064765224,-276384
2026-04-17 14:33:47.000 UTC,-111963867190755590144,111357486,-276384
2026-04-17 14:54:11.000 UTC,-368670642335618245826,366688113,-276383
2026-04-17 15:13:35.000 UTC,-100575213731654067975,100038137,-276383
2026-04-17 15:37:35.000 UTC,-713813651825536476204,710048245,-276382
2026-04-17 15:40:35.000 UTC,713746165106919717843,-709271333,-276383
2026-04-17 15:51:11.000 UTC,-146916602887849037436,146134972,-276383
2026-04-17 17:27:35.000 UTC,123171426079214814329,-122393873,-276383
2026-04-17 17:45:47.000 UTC,10045782414741953862,-9982259,-276383
2026-04-17 17:47:35.000 UTC,-130760007965446335392,130064453,-276383
2026-04-17 18:32:47.000 UTC,-365679328614007215315,363748650,-276382
2026-04-17 19:25:59.000 UTC,-130626653438389634424,129942159,-276382
2026-04-17 19:32:35.000 UTC,-279906097270911956677,278448538,-276382
2026-04-17 19:56:11.000 UTC,-243468164839586710195,242210522,-276381
2026-04-17 22:34:23.000 UTC,-173778665560896848124,172886795,-276381
2026-04-17 22:55:11.000 UTC,-134402169014787909724,133715694,-276381
2026-04-17 23:19:59.000 UTC,38016326313194686488,-37784633,-276381
2026-04-17 23:44:35.000 UTC,-130798406516760368493,130132305,-276380
2026-04-17 23:44:59.000 UTC,-130799225387487228780,130134345,-276380
2026-04-17 23:44:59.000 UTC,-133495892560910205952,132817478,-276380
2026-04-18 01:19:23.000 UTC,-133959811184317502835,133279216,-276380
2026-04-18 06:42:59.000 UTC,-48562479449948487460,48315797,-276380
2026-04-18 08:16:59.000 UTC,115847631303870173449,-115143892,-276380
2026-04-18 08:35:59.000 UTC,43741146632494455586,-43475398,-276380
2026-04-18 08:37:11.000 UTC,69217059665387413553,-68796494,-276380
2026-04-18 08:44:59.000 UTC,104172549660601314735,-103539504,-276380
2026-04-18 09:07:35.000 UTC,201186949608753167045,-199963631,-276381
2026-04-18 09:17:35.000 UTC,23983752705666217846,-23837630,-276381
2026-04-18 09:36:35.000 UTC,18252747102583525344,-18141480,-276381
2026-04-18 09:38:47.000 UTC,7526504361060973042,-7480608,-276381
2026-04-18 10:09:35.000 UTC,75129696332213228371,-74671063,-276381
2026-04-18 10:09:35.000 UTC,49913660228848031597,-49608462,-276381
2026-04-18 10:09:47.000 UTC,73661020668475918840,-73209893,-276381
2026-04-18 10:14:47.000 UTC,6238951375672455169,-6200701,-276381
2026-04-18 11:08:47.000 UTC,86112424178741112938,-85583857,-276381
2026-04-18 11:40:59.000 UTC,113157180255779489497,-112460812,-276381
2026-04-18 11:42:59.000 UTC,-130292525532272995134,129620474,-276381
2026-04-18 12:11:11.000 UTC,-82118021293962008523,81695847,-276381
2026-04-18 12:29:35.000 UTC,-57335204402720457061,57041079,-276381
2026-04-18 13:06:59.000 UTC,-48247097766074552859,48000000,-276381
2026-04-18 13:46:59.000 UTC,27883450279306534185,-27712956,-276381
2026-04-18 13:57:35.000 UTC,36652597232912297446,-36428296,-276381
2026-04-18 16:41:11.000 UTC,-1758937598940944086750,1750000000,-276380
2026-04-18 16:41:23.000 UTC,-8668573012026106958149,8625000000,-276379
2026-04-18 16:44:11.000 UTC,-8115118688053600305257,8075000000,-276379
2026-04-18 16:49:59.000 UTC,285111295300854047133,-283429171,-276379
2026-04-18 16:50:23.000 UTC,227730349572795302618,-226386190,-276379
2026-04-18 16:51:11.000 UTC,545167711703793682403,-541947828,-276379
2026-04-18 16:52:35.000 UTC,227651935900261889249,-226306505,-276379
2026-04-18 17:09:11.000 UTC,1778431302697813932959,-1767903125,-276379
2026-04-18 17:11:23.000 UTC,100283119148100524556,-99688522,-276379
2026-04-18 17:13:23.000 UTC,942570498411726611553,-936976978,-276379
2026-04-18 17:15:47.000 UTC,939727398419347782712,-934142030,-276379
2026-04-18 17:27:23.000 UTC,100690942079847825246,-100091958,-276379
2026-04-18 17:39:47.000 UTC,530997309934961367979,-527836895,-276379
2026-04-18 17:40:11.000 UTC,931145104714817410467,-925596360,-276379
2026-04-18 17:40:23.000 UTC,114825458102179793969,-114140615,-276379
2026-04-18 17:48:47.000 UTC,825242206687870806425,-820316465,-276379
2026-04-18 17:53:23.000 UTC,539744993612547318299,-536519708,-276379
2026-04-18 17:53:23.000 UTC,111908095745539309672,-111239021,-276380
2026-04-18 18:02:59.000 UTC,581707058726421354355,-578227169,-276380
2026-04-18 18:04:11.000 UTC,566331603800577779144,-562940488,-276380
2026-04-18 18:07:11.000 UTC,147399844381918738786,-146516716,-276380
2026-04-18 18:07:11.000 UTC,106158070947838728241,-105521905,-276380
2026-04-18 18:20:47.000 UTC,1972298130802611226014,-1960458674,-276380
2026-04-18 18:30:35.000 UTC,65651480670146030118,-65256723,-276380
2026-04-18 18:31:11.000 UTC,84397259265585433747,-83889723,-276380
2026-04-18 18:32:11.000 UTC,60697578133032243012,-60332520,-276380
2026-04-18 18:32:35.000 UTC,87672687693659951562,-87145327,-276380
2026-04-18 18:33:11.000 UTC,1401873571895156298418,-1393430863,-276380
2026-04-18 18:33:35.000 UTC,572969187946783599016,-569512934,-276380
2026-04-18 18:33:47.000 UTC,73709955637032544149,-73265089,-276380
2026-04-18 18:34:35.000 UTC,1951617663113647418010,-1939819452,-276380
2026-04-18 18:34:35.000 UTC,118105142884475412913,-117389951,-276380
2026-04-18 18:41:47.000 UTC,94991466332977602096,-94416141,-276380
2026-04-18 18:42:59.000 UTC,129149788351400971763,-128367437,-276380
2026-04-18 18:55:59.000 UTC,1185032987471013382340,-1177846731,-276380
2026-04-18 18:56:11.000 UTC,-70831169800428906959,70471702,-276380
2026-04-18 20:08:11.000 UTC,17063931956628625184,-16960363,-276380
2026-04-18 21:15:11.000 UTC,-307360158190274084827,305800829,-276380
2026-04-18 22:20:47.000 UTC,20274124204136885701,-20151130,-276380
2026-04-18 23:44:23.000 UTC,57443054513179302209,-57094499,-276380
2026-04-18 23:44:23.000 UTC,91374001198945957532,-90819625,-276380
2026-04-18 23:55:59.000 UTC,178446988002978306588,-177363992,-276380
2026-04-19 00:06:59.000 UTC,89867981498927489,-89322,-276380
2026-04-19 00:19:59.000 UTC,-2336832967038339664503,2325000000,-276380
2026-04-19 00:24:35.000 UTC,530162415638458487894,-526955222,-276380
2026-04-19 00:25:11.000 UTC,2581770623322953817241,-2566112722,-276380
2026-04-19 00:32:23.000 UTC,1308651943688283261305,-1300583623,-276382
2026-04-19 00:32:35.000 UTC,307380398765010573576,-305445925,-276383
2026-04-19 00:39:11.000 UTC,91116651041858415813,-90540322,-276383
2026-04-19 00:48:47.000 UTC,66755949152886221748,-66332866,-276383
2026-04-19 00:53:35.000 UTC,130537225527742082209,-129707859,-276383
2026-04-19 01:45:23.000 UTC,137538188885549169322,-136661404,-276384
2026-04-19 01:46:11.000 UTC,1806967518288494386938,-1795168423,-276386
2026-04-19 02:26:59.000 UTC,239668921692179636065,-238064861,-276387
2026-04-19 04:16:11.000 UTC,-353690026563636547424,351677651,-276386
2026-04-19 04:29:35.000 UTC,64253748907576520794,-63825777,-276386
2026-04-19 04:39:47.000 UTC,126998950747674249943,-126151120,-276387
2026-04-19 04:40:59.000 UTC,204813542656443724778,-203440817,-276387
2026-04-19 04:41:23.000 UTC,215264442570731826894,-213814470,-276387
2026-04-19 05:48:59.000 UTC,494759694996048956335,-491399128,-276388
2026-04-19 05:49:47.000 UTC,20124808348451459147,-19987289,-276388
2026-04-19 07:22:11.000 UTC,133051640995349044922,-132140833,-276388
2026-04-19 07:56:35.000 UTC,-716738351517499258353,712577639,-276387
2026-04-19 09:19:47.000 UTC,142782382623997287114,-141818134,-276387
2026-04-19 11:28:47.000 UTC,-70190378013690744947,69785726,-276387
2026-04-19 13:06:47.000 UTC,-251556332218894099771,250112550,-276387
2026-04-19 13:45:23.000 UTC,-5859914283714667513,5826403,-276387
2026-04-19 14:04:59.000 UTC,-352355977689129638682,350350969,-276386
2026-04-19 14:12:47.000 UTC,352320742091360698368,-349965710,-276387
2026-04-19 17:19:47.000 UTC,-348639729141272705045,346655775,-276386
2026-04-19 17:38:11.000 UTC,-348320129828711054368,346357361,-276386
2026-04-19 17:47:47.000 UTC,-348130581814975811699,346188225,-276385
2026-04-19 17:48:59.000 UTC,-348262615093796353950,346338872,-276385
2026-04-19 18:00:47.000 UTC,196247649048931349352,-194970875,-276385
2026-04-19 18:18:11.000 UTC,23636961575162515038,-23482767,-276385
2026-04-19 18:18:11.000 UTC,-346547700579831107675,344640489,-276384
2026-04-19 19:43:59.000 UTC,-381398682671946623704,379321824,-276384
2026-04-19 19:46:11.000 UTC,140544015192690621698,-139641656,-276384
2026-04-19 19:46:35.000 UTC,6488664321277211305,-6446928,-276384
2026-04-19 20:05:59.000 UTC,433113333528044813708,-430312295,-276385
2026-04-19 20:09:11.000 UTC,346178006216759307418,-343917704,-276385
2026-04-19 20:29:35.000 UTC,1732702536516022829056,-1721102257,-276388
2026-04-19 20:46:35.000 UTC,139169278854123336603,-138216806,-276388
2026-04-19 21:26:47.000 UTC,86843508716250954135,-86247589,-276388
2026-04-19 21:26:59.000 UTC,30508133457637456959,-30298502,-276389
2026-04-19 21:38:11.000 UTC,-8673890954273650926,8622896,-276388
2026-04-19 21:48:35.000 UTC,46760339180586096770,-46438810,-276389
2026-04-19 21:59:47.000 UTC,74607442322515962457,-74093713,-276389
2026-04-19 22:00:59.000 UTC,1004535274097273448433,-997531968,-276390
2026-04-19 22:00:59.000 UTC,1541628359922294215446,-1530568146,-276393
2026-04-19 22:34:35.000 UTC,-1240887154884996124405,1233187807,-276391
2026-04-20 00:16:23.000 UTC,-201084361755810146119,199859805,-276390
2026-04-20 00:30:23.000 UTC,-73355801710494220288,72910688,-276390
2026-04-20 00:30:47.000 UTC,-1006571265289826898356,1000550176,-276389
2026-04-20 00:46:23.000 UTC,-3018657056042001608940,3001569234,-276384
2026-04-20 01:16:35.000 UTC,-55640760769784383579,55339441,-276384
2026-04-20 01:23:23.000 UTC,33203749766722962130,-32990980,-276384
2026-04-20 01:32:11.000 UTC,-157744532827914987429,156892126,-276384
2026-04-20 02:20:47.000 UTC,110726341404849448857,-110018322,-276384
2026-04-20 02:39:35.000 UTC,62616951481731903596,-62215693,-276384
2026-04-20 02:42:11.000 UTC,149964413834082162926,-149000882,-276384
2026-04-20 03:12:47.000 UTC,70647286638393125915,-70192131,-276384
2026-04-20 03:12:47.000 UTC,72742255886628997227,-72272772,-276384
2026-04-20 03:12:59.000 UTC,92482175291152501673,-91884071,-276384
2026-04-20 03:18:47.000 UTC,168186460045610543,-167097,-276384
2026-04-20 03:33:11.000 UTC,74060689084666332442,-73580736,-276385
2026-04-20 04:17:11.000 UTC,55752842894832191265,-55390958,-276385
2026-04-20 05:16:23.000 UTC,80560056417582230198,-80036276,-276385
2026-04-20 06:01:11.000 UTC,-107225584467984330411,106635269,-276385
2026-04-20 06:44:47.000 UTC,-11571402985103687681,11507808,-276385
2026-04-20 06:45:23.000 UTC,54813886110500060450,-54457947,-276385
2026-04-20 07:02:47.000 UTC,139061872567755134214,-138156714,-276385
2026-04-20 07:20:47.000 UTC,-380715901650219910792,378623675,-276384
2026-04-20 07:22:23.000 UTC,-164082583771707462755,163188000,-276384
2026-04-20 07:24:35.000 UTC,-140615295272233808720,139852076,-276384
2026-04-20 09:45:11.000 UTC,210000344000000000000,-208650553,-276384
2026-04-20 10:56:35.000 UTC,159668153560346512319,-158637173,-276384
2026-04-20 15:53:11.000 UTC,311117500000000000000,-309096937,-276385
2026-04-20 18:46:59.000 UTC,-99295711210383729597,98747880,-276385
2026-04-20 20:12:23.000 UTC,-166538277468510355456,165622991,-276385
2026-04-20 21:19:23.000 UTC,573032263986193592225,-569294608,-276385
2026-04-21 02:28:23.000 UTC,381444083281229564687,-378927074,-276386
2026-04-21 08:11:35.000 UTC,-65939428968432811263,65568215,-276386
2026-04-21 08:12:59.000 UTC,60970162620174580820,-60566335,-276386
2026-04-21 08:33:59.000 UTC,-412248125841329556409,409939036,-276385
2026-04-21 09:36:23.000 UTC,201489072414387691889,-200163564,-276386
2026-04-21 09:52:47.000 UTC,146420796973436290895,-145453501,-276386
2026-04-21 12:19:23.000 UTC,63674560289841138081,-63252843,-276386
2026-04-21 12:31:47.000 UTC,131070319618143175670,-130200206,-276386
2026-04-21 12:39:35.000 UTC,273982665254952139670,-272154985,-276387
2026-04-21 12:40:47.000 UTC,136021768482030564479,-135109954,-276387
2026-04-21 12:40:47.000 UTC,436521805234045967272,-433575699,-276388
2026-04-21 12:44:11.000 UTC,449692213560851430452,-446625482,-276388
2026-04-21 12:45:11.000 UTC,148590794559420972713,-147570382,-276389
2026-04-21 14:53:11.000 UTC,-100643192631062329697,100051692,-276388
2026-04-21 15:03:35.000 UTC,486119881992578891861,-482764794,-276389
2026-04-21 16:10:35.000 UTC,-955609875204038222518,950000000,-276388
2026-04-21 16:59:59.000 UTC,803117294512162976570,-797614201,-276389
2026-04-21 17:01:11.000 UTC,607045976096655816650,-602818234,-276390
2026-04-21 19:39:47.000 UTC,-4189629655069491465483,4165812069,-276383
2026-04-21 19:39:47.000 UTC,-14062537873756636004236,13988636041,-276381
2026-04-21 19:41:59.000 UTC,1963364232094951608891,-1950973634,-276384
2026-04-21 19:42:11.000 UTC,127471826037944078416,-126646125,-276385
2026-04-21 19:43:35.000 UTC,451459821752330728043,-448514659,-276385
2026-04-21 19:43:47.000 UTC,611373397329216562125,-607333249,-276386
2026-04-21 21:13:23.000 UTC,84502343258533270065,-83939241,-276386
2026-04-21 21:37:59.000 UTC,601502105857696134622,-597460982,-276387
2026-04-21 23:01:59.000 UTC,-42957483882388796306,42709668,-276387
2026-04-22 01:18:23.000 UTC,-1095403490733390466436,1089183700,-276386
2026-04-22 01:32:35.000 UTC,631627149803997354620,-627436195,-276387
2026-04-22 02:57:35.000 UTC,-482824160251964820888,480094801,-276386
2026-04-22 04:05:59.000 UTC,-112272025453015925365,111642693,-276386
2026-04-22 06:17:47.000 UTC,19716455267305377413,-19586480,-276386
2026-04-22 06:42:59.000 UTC,917159130918418517465,-911044589,-276387
2026-04-22 08:46:47.000 UTC,60504126139103692662,-60096044,-276387
2026-04-22 08:48:11.000 UTC,45971645161994665452,-45661190,-276387
2026-04-22 10:36:47.000 UTC,21556700672563037755,-21411008,-276387
2026-04-22 11:24:23.000 UTC,176000000000000000000,-174807724,-276388
2026-04-22 12:47:35.000 UTC,204308844265338600490,-202918608,-276388
2026-04-22 12:57:59.000 UTC,93878763233567308270,-93237728,-276388
2026-04-22 16:29:23.000 UTC,1817775190897084053753,-1805086148,-276391
2026-04-22 16:36:59.000 UTC,238337187332285559815,-236634454,-276391
2026-04-22 16:38:47.000 UTC,-149646474249986205536,148725000,-276391
2026-04-22 16:39:59.000 UTC,1186537528109154876398,-1177954365,-276393
2026-04-22 16:39:59.000 UTC,-1007368154283204099983,1001067558,-276391
2026-04-22 16:40:35.000 UTC,16689485126233675806,-16569836,-276391
2026-04-22 16:41:11.000 UTC,1060669345805568086185,-1052974330,-276393
2026-04-22 16:41:11.000 UTC,-989175153243073806337,982975960,-276392
2026-04-22 16:53:11.000 UTC,-99766581303797908277,99150000,-276391
2026-04-22 16:54:35.000 UTC,209972653057883727096,-208464508,-276392
2026-04-22 16:56:47.000 UTC,739827226160471653675,-734457435,-276393
2026-04-22 16:57:35.000 UTC,-199558759158814842884,198300000,-276393
2026-04-22 16:57:35.000 UTC,-50316379200546461890,50000000,-276393
2026-04-22 17:01:59.000 UTC,-149663668929088258980,148725000,-276392
2026-04-22 17:02:23.000 UTC,-199545970235689817730,198300000,-276392
2026-04-22 17:02:35.000 UTC,-117553759969592072647,116822723,-276392
2026-04-22 17:03:11.000 UTC,-399447527470321910789,396979924,-276391
2026-04-22 17:03:35.000 UTC,203964799943039019584,-202505321,-276392
2026-04-22 17:05:11.000 UTC,344420101719571692251,-341940556,-276392
2026-04-22 17:06:35.000 UTC,-49885742994258715567,49575000,-276392
2026-04-22 17:07:35.000 UTC,-99770289413710254756,99150000,-276392
2026-04-22 17:07:59.000 UTC,711861056357929654597,-706693358,-276393
2026-04-22 17:08:23.000 UTC,-208821231305276337363,207504406,-276393
2026-04-22 17:08:23.000 UTC,-17822048864492692770,17709985,-276393
2026-04-22 17:09:11.000 UTC,-142958553825677860767,142061472,-276392
2026-04-22 17:10:47.000 UTC,-266078655808353208779,264417655,-276392
2026-04-22 17:16:47.000 UTC,-299818096451292919661,297960000,-276391
2026-04-22 17:19:23.000 UTC,-99893397587343725849,99277500,-276391
2026-04-22 17:23:35.000 UTC,-618707761561834307379,614928531,-276390
2026-04-22 17:23:47.000 UTC,-99753607829565097754,99150000,-276390
2026-04-22 17:25:11.000 UTC,849034189686410775897,-843002371,-276392
2026-04-22 17:27:47.000 UTC,-99765592076449926894,99150000,-276391
2026-04-22 17:28:11.000 UTC,-997568112397739052059,991500000,-276390
2026-04-22 17:31:11.000 UTC,10126378970550774789,-10055515,-276390
2026-04-22 17:31:35.000 UTC,595725843451289446646,-591528264,-276391
2026-04-22 17:31:35.000 UTC,421186848714405174024,-418185004,-276391
2026-04-22 17:32:59.000 UTC,-99764458874088626548,99150000,-276391
2026-04-22 17:33:35.000 UTC,-997556781870156554223,991500000,-276390
2026-04-22 17:33:35.000 UTC,-100602008573911793112,100000000,-276389
2026-04-22 17:35:11.000 UTC,89248843133022724996,-88626161,-276390
2026-04-22 17:35:35.000 UTC,-403476756404079903341,401072805,-276389
2026-04-22 17:36:47.000 UTC,589797497766061664639,-585688552,-276390
2026-04-22 17:38:47.000 UTC,-99749692828127742603,99150000,-276390
2026-04-22 17:49:35.000 UTC,-398982809204867518869,396600000,-276389
2026-04-22 17:53:11.000 UTC,-282393394544321176009,280722226,-276389
2026-04-22 17:57:47.000 UTC,132218853640494043655,-131306577,-276389
2026-04-22 18:10:47.000 UTC,133546727174410047395,-132622463,-276389
2026-04-22 18:19:23.000 UTC,-99741443761890500504,99150000,-276389
2026-04-22 18:29:11.000 UTC,103524886176079693385,-102808091,-276389
2026-04-22 18:30:11.000 UTC,83527404681238205956,-82947826,-276389
2026-04-22 18:32:11.000 UTC,382688373026839752692,-380018776,-276390
2026-04-22 18:50:11.000 UTC,-499453139612815210097,496470004,-276389
2026-04-22 18:57:35.000 UTC,909554090902163858834,-903187927,-276390
2026-04-22 19:02:47.000 UTC,-99755515740126908193,99150000,-276390
2026-04-22 19:04:35.000 UTC,357563187371913367913,-355030139,-276391
2026-04-22 19:04:47.000 UTC,56176402666731160147,-55776587,-276391
2026-04-22 19:04:47.000 UTC,-97717533623523592557,97119484,-276391
2026-04-22 19:16:35.000 UTC,-311782538235353971250,309884549,-276390
2026-04-22 19:16:59.000 UTC,-499609072525076892189,496600000,-276390
2026-04-22 19:22:47.000 UTC,-199490381488794291625,198300000,-276389
2026-04-22 19:25:11.000 UTC,-99742796542454398728,99150000,-276389
2026-04-22 19:29:59.000 UTC,-99741200458908571470,99150000,-276389
2026-04-22 19:53:59.000 UTC,69767068538230761827,-69284365,-276389
2026-04-22 20:07:23.000 UTC,-99740720257348218228,99150000,-276389
2026-04-22 20:34:35.000 UTC,168590856377443054018,-167423893,-276389
2026-04-22 20:47:11.000 UTC,3022449023798927354,-3001486,-276389
2026-04-22 20:49:47.000 UTC,-136653130777577857158,135842633,-276389
2026-04-22 20:50:47.000 UTC,27957565410852261202,-27764204,-276389
2026-04-22 20:53:59.000 UTC,100358335793853763737,-99663209,-276389
2026-04-22 20:55:23.000 UTC,72580010590326279736,-72076290,-276389
2026-04-22 21:08:11.000 UTC,149803629032352319676,-148761307,-276389
2026-04-22 21:10:59.000 UTC,-344661236364943471516,342610990,-276389
2026-04-22 21:17:23.000 UTC,208439107253392654562,-206994305,-276389
2026-04-22 21:22:23.000 UTC,-6461686602147732,6424,-276389
2026-04-22 21:23:59.000 UTC,-137405356222466036864,136588706,-276389
2026-04-22 21:31:11.000 UTC,-33418139143585479006,33219978,-276389
2026-04-22 21:31:35.000 UTC,-113730619137671,114,-276389
2026-04-22 21:41:11.000 UTC,-149674093783458205681,148788750,-276389
2026-04-22 21:42:59.000 UTC,-49890565229743442132,49596250,-276389
2026-04-22 21:44:11.000 UTC,-46328899493328615447,46055950,-276389
2026-04-22 21:44:11.000 UTC,-348944976778275354,346891,-276389
2026-04-22 21:54:35.000 UTC,5710882790740852736,-5671579,-276389
2026-04-22 22:10:11.000 UTC,-99822028911397059164,99235000,-276388
2026-04-22 22:20:47.000 UTC,255043328456797670741,-253286848,-276389
2026-04-22 22:28:11.000 UTC,23955552783223305748,-23790039,-276389
2026-04-22 22:29:23.000 UTC,199593173570835432319,-198210591,-276389
2026-04-22 22:36:23.000 UTC,77180775193743732081,-76644442,-276389
2026-04-22 22:36:59.000 UTC,48178161674650269738,-47842888,-276389
2026-04-22 22:41:47.000 UTC,207584170713603338425,-206135361,-276390
2026-04-22 22:42:23.000 UTC,-99747909625240163220,99150000,-276390
2026-04-22 22:42:35.000 UTC,-52912398742721179470,52595875,-276389
2026-04-22 22:46:59.000 UTC,-49872932366897350082,49575000,-276389
2026-04-22 22:53:35.000 UTC,-49872533325206809721,49575000,-276389
2026-04-22 22:53:47.000 UTC,-5029986302201359619,5000000,-276389
2026-04-22 22:55:35.000 UTC,-14962952792097783098,14873775,-276389
2026-04-22 23:29:47.000 UTC,-99743550621363495258,99150000,-276389
2026-04-22 23:34:23.000 UTC,3549662371222157683,-3525038,-276389
2026-04-22 23:52:59.000 UTC,87508805166631621488,-86901130,-276389
2026-04-22 23:58:23.000 UTC,71045717636751373273,-70551468,-276389
2026-04-23 00:07:11.000 UTC,237001634648710020281,-235347054,-276390
2026-04-23 00:07:11.000 UTC,23711895579879018123,-23545863,-276390
2026-04-23 00:13:47.000 UTC,158070445489969295403,-156961338,-276390
2026-04-23 00:13:59.000 UTC,116032726459359529210,-115216046,-276390
2026-04-23 00:14:59.000 UTC,422942658914676795525,-419947691,-276391
2026-04-23 00:17:35.000 UTC,194061740907367220870,-192678008,-276391
2026-04-23 00:17:47.000 UTC,234188545459384051914,-232510710,-276392
2026-04-23 00:19:35.000 UTC,-423939942368338974043,421330277,-276391
2026-04-23 00:19:47.000 UTC,-12024912039235131799,11951308,-276391
2026-04-23 00:20:11.000 UTC,-39904087390240317346,39660000,-276391
2026-04-23 00:21:47.000 UTC,-259675283987879050488,258093091,-276390
2026-04-23 00:22:23.000 UTC,89098995069578083803,-88468794,-276391
2026-04-23 00:39:59.000 UTC,-99756370432834520331,99150000,-276390
2026-04-23 00:40:35.000 UTC,-86732362528394946901,86206449,-276390
2026-04-23 00:40:47.000 UTC,-29926182929068361382,29745000,-276390
2026-04-23 00:45:35.000 UTC,-219787112560380295516,218460822,-276390
2026-04-23 00:48:23.000 UTC,168950822764876193371,-167764095,-276390
2026-04-23 00:53:23.000 UTC,148727292956413641648,-147678856,-276390
2026-04-23 00:54:23.000 UTC,-199849410525447747072,198640000,-276390
2026-04-23 00:54:59.000 UTC,128506489293054000491,-127601852,-276390
2026-04-23 01:03:59.000 UTC,236323425874730989609,-234652934,-276391
2026-04-23 01:06:59.000 UTC,-99928147985975208430,99320000,-276390
2026-04-23 01:08:59.000 UTC,117727734687418284802,-116894112,-276391
2026-04-23 01:08:59.000 UTC,117148246983786346403,-116316538,-276391
2026-04-23 01:14:35.000 UTC,-99930309415669404484,99320000,-276391
2026-04-23 01:23:11.000 UTC,51857969725798373041,-51489925,-276391
2026-04-23 01:27:59.000 UTC,-29211440721099514333,29033096,-276391
2026-04-23 01:28:11.000 UTC,-13702140331003680822,13618532,-276391
2026-04-23 01:31:35.000 UTC,76054453626297989056,-75514428,-276391
2026-04-23 01:33:23.000 UTC,237441756209254562705,-235749873,-276391
2026-04-23 01:42:35.000 UTC,-47628686924552148986,47335915,-276391
2026-04-23 01:42:47.000 UTC,-299281396242529743654,297450000,-276391
2026-04-23 01:44:47.000 UTC,-33681457429778444069,33476245,-276391
2026-04-23 01:58:59.000 UTC,106917140961117626926,-106158857,-276391
2026-04-23 02:04:47.000 UTC,160564413312645791509,-159422230,-276391
2026-04-23 02:08:23.000 UTC,130844530375734396602,-129910726,-276391
2026-04-23 02:08:35.000 UTC,203093569093539517554,-201638744,-276392
2026-04-23 02:08:35.000 UTC,236732532130270181168,-235028453,-276392
2026-04-23 02:10:59.000 UTC,-199588745617290637282,198349752,-276392
2026-04-23 02:15:11.000 UTC,410740905961469903101,-407776147,-276392
2026-04-23 02:16:23.000 UTC,153125221789679797354,-152013081,-276393
2026-04-23 02:18:23.000 UTC,-299579705958474574469,297705000,-276392
2026-04-23 02:18:35.000 UTC,-260943425785311591373,259322156,-276392
2026-04-23 02:21:59.000 UTC,307837799537514463105,-305618174,-276392
2026-04-23 02:26:35.000 UTC,234394294772295602668,-232694109,-276393
2026-04-23 02:27:59.000 UTC,75367502233818664571,-74818964,-276393
2026-04-23 02:28:35.000 UTC,272744704079050890795,-270752064,-276393
2026-04-23 02:29:23.000 UTC,-1045695156550124618673,1039158701,-276391
2026-04-23 02:29:59.000 UTC,32895452845186370472,-32659800,-276391
2026-04-23 02:33:47.000 UTC,-461411216141564701415,458580028,-276391
2026-04-23 02:36:47.000 UTC,-479179351219150300330,476275070,-276390
2026-04-23 02:40:23.000 UTC,-399745404889177640215,397350582,-276389
2026-04-23 02:58:59.000 UTC,-201300258605187345074,200103942,-276389
2026-04-23 03:08:23.000 UTC,251877881960051041603,-250129654,-276389
2026-04-23 03:10:35.000 UTC,234922641893188233306,-233282991,-276390
2026-04-23 03:15:47.000 UTC,45234119902756522078,-44917397,-276390
2026-04-23 03:20:47.000 UTC,2823730672740723047,-2803948,-276390
2026-04-23 03:24:23.000 UTC,35281305525272780432,-35034029,-276390
2026-04-23 03:25:11.000 UTC,78153190280905376136,-77604732,-276390
2026-04-23 03:25:35.000 UTC,167110406207399708611,-165934408,-276390
2026-04-23 03:27:23.000 UTC,-73730781008270978839,73284638,-276390
2026-04-23 03:27:47.000 UTC,-51700236177339466067,51387916,-276390
2026-04-23 03:34:11.000 UTC,234627150370447137358,-232973204,-276390
2026-04-23 03:39:35.000 UTC,-47964766556631898996,47673600,-276390
2026-04-23 03:42:11.000 UTC,-37613023075167746625,37384953,-276390
2026-04-23 03:42:23.000 UTC,-361010198893827054464,358832649,-276390
2026-04-23 03:42:35.000 UTC,160212492229217523953,-159089475,-276390
2026-04-23 03:42:35.000 UTC,-529320334548833929878,526151626,-276389
2026-04-23 03:44:11.000 UTC,13363009773987785187,-13270283,-276389
2026-04-23 03:44:11.000 UTC,113858418050256847944,-113067196,-276389
2026-04-23 03:52:11.000 UTC,76649455133454761538,-76115642,-276389
2026-04-23 03:52:59.000 UTC,-75516661775943073729,75065779,-276389
2026-04-23 03:52:59.000 UTC,81085362796342876861,-80520614,-276389
2026-04-23 03:58:59.000 UTC,-99745439456045205475,99150000,-276389
2026-04-23 04:04:35.000 UTC,127331146758233472023,-126444213,-276390
2026-04-23 04:10:11.000 UTC,-997466448191951925,991500,-276390
2026-04-23 04:11:47.000 UTC,-99916884191862560550,99320000,-276389
2026-04-23 04:12:23.000 UTC,-199486933913248571700,198300000,-276389
2026-04-23 04:26:23.000 UTC,148214361249644194464,-147185806,-276389
2026-04-23 04:32:23.000 UTC,-195016071796482333286,193857267,-276389
2026-04-23 04:37:47.000 UTC,-145758160850894866432,144896013,-276389
2026-04-23 04:45:23.000 UTC,-49869194158831684197,49575000,-276389
2026-04-23 04:50:11.000 UTC,94454144233773185228,-93802719,-276389
2026-04-23 04:56:59.000 UTC,-83694107621886040565,83200000,-276389
2026-04-23 04:59:35.000 UTC,-315587666583958851585,313734571,-276388
2026-04-23 04:59:59.000 UTC,70297233022914315792,-69815962,-276388
2026-04-23 05:02:23.000 UTC,-199465280525459034192,198300000,-276388
2026-04-23 05:07:23.000 UTC,-29755445074624765778,29582158,-276388
2026-04-23 05:12:23.000 UTC,-386921455117844037378,384680984,-276387
2026-04-23 05:13:35.000 UTC,235115509394711641621,-233523221,-276388
2026-04-23 05:16:59.000 UTC,163572229847834068837,-162459265,-276388
2026-04-23 05:18:23.000 UTC,435758795174404120780,-432773045,-276389
2026-04-23 05:30:59.000 UTC,70191539594161055491,-69707770,-276389
2026-04-23 05:33:23.000 UTC,129232956189605050898,-128340213,-276389
2026-04-23 05:38:47.000 UTC,46679298227061086157,-46356183,-276389
2026-04-23 05:46:59.000 UTC,-167563734522699934887,166572000,-276389
2026-04-23 05:47:11.000 UTC,-199474763030982918677,198300000,-276388
2026-04-23 06:01:59.000 UTC,-10336048632772995850,10275350,-276388
2026-04-23 06:04:23.000 UTC,-99905823553592145838,99320000,-276388
2026-04-23 06:07:11.000 UTC,-499505097998205767794,496600000,-276387
2026-04-23 06:08:23.000 UTC,-299683844369069853596,297960000,-276387
2026-04-23 06:15:11.000 UTC,145887867067476885756,-144905465,-276387
2026-04-23 06:23:47.000 UTC,-242810697858154199215,241418859,-276387
2026-04-23 06:29:23.000 UTC,-155474276156130438579,154588007,-276387
2026-04-23 06:30:59.000 UTC,-100571245129695904065,100000000,-276386
2026-04-23 06:31:35.000 UTC,-198989262534573034766,197863758,-276386
2026-04-23 06:35:59.000 UTC,101025565958190915046,-100354514,-276386
2026-04-23 06:36:35.000 UTC,89475431533046687276,-88879742,-276386
2026-04-23 06:39:23.000 UTC,287646253697378607001,-285722589,-276387
2026-04-23 06:39:47.000 UTC,40444284188919340551,-40172751,-276387
2026-04-23 06:46:23.000 UTC,78688129966879992738,-78159091,-276387
2026-04-23 06:51:11.000 UTC,40374997373368190025,-40103164,-276387
2026-04-23 06:51:23.000 UTC,42161986438483985538,-41877844,-276387
2026-04-23 06:54:47.000 UTC,98825807010675903965,-98158682,-276387
2026-04-23 06:58:35.000 UTC,-10198535956160577537,10139756,-276387
2026-04-23 07:18:59.000 UTC,170948173490166633714,-169790790,-276388
2026-04-23 07:33:59.000 UTC,-146046291481052921830,145202382,-276387
2026-04-23 07:35:59.000 UTC,231044231886381288165,-229477957,-276388
2026-04-23 07:37:23.000 UTC,-99158293104216700123,98583606,-276388
2026-04-23 07:38:47.000 UTC,36728363863850962685,-36479175,-276388
2026-04-23 07:38:47.000 UTC,282931801360708472009,-281005009,-276388
2026-04-23 07:43:23.000 UTC,-65148444637768447653,64768401,-276388
2026-04-23 07:45:47.000 UTC,-299699581157000017338,297960000,-276388
2026-04-23 07:52:35.000 UTC,461009573422473749102,-457869546,-276388
2026-04-23 08:01:35.000 UTC,107972349437849817238,-107232036,-276388
2026-04-23 08:02:47.000 UTC,538061894900731147,-534368,-276388
2026-04-23 08:03:11.000 UTC,70702658467784096368,-70216873,-276389
2026-04-23 08:03:47.000 UTC,70258974532485917606,-69775449,-276389
2026-04-23 08:04:35.000 UTC,47089147431125112578,-46764637,-276389
2026-04-23 08:05:11.000 UTC,72519424967996675396,-72018974,-276389
2026-04-23 08:05:23.000 UTC,326300499002310975701,-324038365,-276389
2026-04-23 08:05:35.000 UTC,69836047048837244876,-69349694,-276389
2026-04-23 08:12:11.000 UTC,84975408030227383240,-84382574,-276390
2026-04-23 08:24:11.000 UTC,-78011793899404360159,77545025,-276389
2026-04-23 08:26:23.000 UTC,562649558662869829993,-558702196,-276390
2026-04-23 08:42:47.000 UTC,-205310441537629967124,204068231,-276390
2026-04-23 08:50:59.000 UTC,-89853032516094106045,89311500,-276390
2026-04-23 08:55:35.000 UTC,-124523234672120192931,123774878,-276390
2026-04-23 08:58:35.000 UTC,-99918701303330883594,99320000,-276390
2026-04-23 08:58:59.000 UTC,89371957635020648669,-88747712,-276390
2026-04-23 08:59:23.000 UTC,-99918531523995689383,99320000,-276390
2026-04-23 09:03:47.000 UTC,257380123556833700889,-255579366,-276390
2026-04-23 09:05:23.000 UTC,129176991198925572940,-128269230,-276390
2026-04-23 09:05:59.000 UTC,6535361797009578258,-6489365,-276390
2026-04-23 09:08:35.000 UTC,669084497996545555,-664375,-276390
2026-04-23 09:08:47.000 UTC,172796443255892263132,-171577804,-276390
2026-04-23 09:10:35.000 UTC,251981861573195634388,-250196251,-276391
2026-04-23 09:11:59.000 UTC,231649773049983751155,-229999323,-276391
2026-04-23 09:12:11.000 UTC,137787351942264491304,-136801598,-276391
2026-04-23 09:15:23.000 UTC,-50310290972006976585,50000000,-276391
2026-04-23 09:16:23.000 UTC,-318633128556747245252,316677316,-276391
2026-04-23 09:17:23.000 UTC,-211287988161389425021,210000000,-276391
2026-04-23 09:17:23.000 UTC,-207759538249226832145,206500000,-276390
2026-04-23 09:17:35.000 UTC,-212272707081053319395,211000000,-276389
2026-04-23 09:17:35.000 UTC,-209261687397809649946,208000000,-276390
2026-04-23 09:17:47.000 UTC,14890842075483639092,-14786998,-276390
2026-04-23 09:19:11.000 UTC,118576405282757477500,-117748234,-276390
2026-04-23 09:20:35.000 UTC,85283349476196591201,-84686322,-276390
2026-04-23 09:26:23.000 UTC,491351507398560697782,-487889239,-276391
2026-04-23 09:36:47.000 UTC,-38949954616470977576,38712798,-276391
2026-04-23 09:40:59.000 UTC,-209799570336941217018,208526311,-276390
2026-04-23 09:42:35.000 UTC,-498748698654966836387,495750000,-276389
2026-04-23 09:43:23.000 UTC,-66570594962672297335,66173344,-276389
2026-04-23 09:43:35.000 UTC,-14961683865907405332,14872500,-276389
2026-04-23 09:43:47.000 UTC,-35083010191908929014,34874026,-276389
2026-04-23 09:47:11.000 UTC,95381787087532466852,-94718361,-276389
2026-04-23 09:48:23.000 UTC,126552404580241967667,-125669936,-276390
2026-04-23 09:49:47.000 UTC,37075895245773501470,-36816876,-276390
2026-04-23 09:52:23.000 UTC,118972691031314513368,-118140049,-276390
2026-04-23 09:52:35.000 UTC,323001303996676068644,-320729384,-276390
2026-04-23 09:52:35.000 UTC,23474785027676997054,-23309021,-276390
2026-04-23 09:54:47.000 UTC,11762874879908517051,-11679779,-276390
2026-04-23 09:56:59.000 UTC,106036763437249416869,-105286707,-276391
2026-04-23 09:59:47.000 UTC,136546630239463756633,-135578124,-276391
2026-04-23 09:59:59.000 UTC,108649008149332043774,-107876256,-276391
2026-04-23 10:00:23.000 UTC,107376941538878679357,-106611390,-276391
2026-04-23 10:00:23.000 UTC,-30476651426299772929,30289462,-276391
2026-04-23 10:00:35.000 UTC,142060733624319888654,-141045771,-276391
2026-04-23 10:02:23.000 UTC,32908909243786732491,-32673331,-276391
2026-04-23 10:03:23.000 UTC,-308027236032605055727,306135033,-276391
2026-04-23 10:10:35.000 UTC,134911998080800416356,-133951048,-276391
2026-04-23 10:12:47.000 UTC,138810295231368532643,-137818554,-276391
2026-04-23 10:12:59.000 UTC,-137492824637905814104,136647096,-276391
2026-04-23 10:18:11.000 UTC,50052568500647178003,-49695307,-276391
2026-04-23 10:22:23.000 UTC,-49881477146695866641,49575000,-276391
2026-04-23 10:24:11.000 UTC,95729133940317724379,-95045496,-276391
2026-04-23 10:26:23.000 UTC,-383428459001226101318,381080026,-276391
2026-04-23 10:28:23.000 UTC,-72997992905188960062,72553549,-276391
2026-04-23 10:31:59.000 UTC,-20725323744078708179,20599294,-276391
2026-04-23 10:34:23.000 UTC,40303824308547276042,-40018626,-276391
2026-04-23 10:34:35.000 UTC,-27812042674285937763,27642848,-276391
2026-04-23 10:43:59.000 UTC,28410463649801680525,-28209396,-276391
2026-04-23 11:06:35.000 UTC,-304862915169521856614,303014980,-276390
2026-04-23 11:11:11.000 UTC,-213866399024715250930,212578887,-276390
2026-04-23 11:11:11.000 UTC,-34092133290988573752,33887567,-276390
2026-04-23 11:18:47.000 UTC,-199493324609723741168,198300000,-276389
2026-04-23 11:19:47.000 UTC,-317017097949098809642,315133829,-276389
2026-04-23 11:22:23.000 UTC,-32286407797558558212,32095507,-276389
2026-04-23 11:22:35.000 UTC,-14986555065915290663,14898000,-276389
2026-04-23 11:23:11.000 UTC,-11955768131317419825,11885148,-276389
2026-04-23 11:23:23.000 UTC,-9990997527645305989,9932000,-276389
2026-04-23 11:23:59.000 UTC,-9990981512780637444,9932000,-276389
2026-04-23 11:24:11.000 UTC,-5029686606043405571,5000000,-276389
2026-04-23 11:34:47.000 UTC,96498025663982054701,-95831860,-276389
2026-04-23 11:34:47.000 UTC,231189009061458650972,-229586984,-276389
2026-04-23 11:34:47.000 UTC,246806183983343624588,-245086547,-276390
2026-04-23 11:41:35.000 UTC,-343833212795266665951,341781892,-276389
2026-04-23 11:46:23.000 UTC,-89978528902875239509,89444827,-276389
2026-04-23 11:47:35.000 UTC,-303816252871901990095,302023725,-276388
2026-04-23 11:54:47.000 UTC,-41726119508440671652,41481084,-276388
2026-04-23 12:03:47.000 UTC,76627909220253565751,-76101541,-276389
2026-04-23 12:05:11.000 UTC,-336566054200047613394,334595618,-276388
2026-04-23 12:10:35.000 UTC,-49865401239286731473,49575000,-276388
2026-04-23 12:13:59.000 UTC,-369654813821738506944,367514420,-276387
2026-04-23 12:14:35.000 UTC,-358903216705487512192,356845933,-276387
2026-04-23 12:16:11.000 UTC,235201473039731644636,-233621790,-276387
2026-04-23 12:19:23.000 UTC,76476947340316053212,-75961407,-276387
2026-04-23 12:22:59.000 UTC,233369040497380939553,-231790113,-276388
2026-04-23 12:27:11.000 UTC,-124354901609090697597,123636069,-276387
2026-04-23 12:31:59.000 UTC,733581483003445166477,-728576269,-276389
2026-04-23 12:44:59.000 UTC,58112868120087983163,-57712701,-276389
2026-04-23 12:47:35.000 UTC,120283956397856515404,-119453969,-276389
2026-04-23 12:47:47.000 UTC,211856040026353081106,-210388581,-276389
2026-04-23 13:01:11.000 UTC,-99742650027575745455,99150000,-276389
2026-04-23 13:01:59.000 UTC,-99741053947546697961,99150000,-276389
2026-04-23 13:03:59.000 UTC,-285670370776313581433,283986302,-276388
2026-04-23 13:14:11.000 UTC,181908810441695159854,-180657144,-276389
2026-04-23 13:19:23.000 UTC,464321981424505548166,-461103214,-276389
2026-04-23 13:21:35.000 UTC,62580706446037455825,-62144259,-276390
2026-04-23 13:28:23.000 UTC,224051353925222365085,-222483675,-276390
2026-04-23 13:41:11.000 UTC,302908193481747447508,-300776049,-276390
2026-04-23 13:41:23.000 UTC,133537249640934477545,-132592653,-276391
2026-04-23 13:41:23.000 UTC,791071953409922276935,-785417961,-276392
2026-04-23 13:41:35.000 UTC,148713736525313517618,-147639717,-276392
2026-04-23 13:41:59.000 UTC,-99771820454163870414,99150000,-276392
2026-04-23 13:43:35.000 UTC,-185988579531363853970,184833656,-276392
2026-04-23 13:48:11.000 UTC,-177958533630743634452,176858637,-276391
2026-04-23 13:49:59.000 UTC,299409187801766780180,-297258271,-276392
2026-04-23 13:54:23.000 UTC,115400688563371342865,-114567855,-276392
2026-04-23 13:58:23.000 UTC,51900645602413326,-51525,-276392
2026-04-23 13:58:35.000 UTC,220210589317722810548,-218615471,-276392
2026-04-23 13:59:47.000 UTC,-140242495738336396198,139365074,-276392
2026-04-23 13:59:59.000 UTC,479300565682452516362,-475812725,-276393
2026-04-23 14:00:11.000 UTC,-500950391786879059659,497803560,-276392
2026-04-23 14:03:23.000 UTC,-287154034035853204098,285368250,-276392
2026-04-23 14:04:47.000 UTC,-24984756312114589020,24830000,-276392
2026-04-23 14:06:11.000 UTC,-246352476079443913034,244831890,-276391
2026-04-23 14:09:11.000 UTC,64097617711219043534,-63639225,-276391
2026-04-23 14:17:23.000 UTC,246603516876260208286,-244833842,-276392
2026-04-23 14:17:35.000 UTC,-49884196473915635579,49575000,-276392
2026-04-23 14:17:59.000 UTC,-199618322745418353187,198385000,-276391
2026-04-23 14:23:11.000 UTC,-99764001759765898315,99150000,-276391
2026-04-23 14:23:35.000 UTC,-49881401651937756038,49575000,-276391
2026-04-23 14:23:47.000 UTC,-180739056375141864201,179632170,-276391
2026-04-23 14:29:59.000 UTC,-99758714436860639316,99150000,-276391
2026-04-23 14:31:11.000 UTC,-114007283190367832754,113313569,-276390
2026-04-23 14:33:11.000 UTC,-199508990611555329763,198300000,-276390
2026-04-23 14:34:11.000 UTC,-158162725415961104433,157208797,-276390
2026-04-23 14:37:35.000 UTC,-332159874484324099669,330169500,-276389
2026-04-23 14:39:23.000 UTC,201262910354309761838,-199858992,-276390
2026-04-23 14:45:47.000 UTC,-498721405658531049457,495750000,-276389
2026-04-23 14:50:23.000 UTC,281863742575822015789,-279909143,-276389
2026-04-23 14:54:59.000 UTC,-73937266834651750690,73496800,-276389
2026-04-23 14:56:35.000 UTC,160520030129552318215,-159403132,-276389
2026-04-23 14:59:11.000 UTC,-99916404663951643347,99320000,-276389
2026-04-23 15:01:11.000 UTC,-302774457014033486708,300976908,-276389
2026-04-23 15:05:11.000 UTC,46631375142881804061,-46309136,-276389
2026-04-23 15:06:35.000 UTC,273830555415143144209,-271931307,-276389
2026-04-23 15:09:47.000 UTC,427751262885729821585,-424760550,-276390
2026-04-23 15:15:23.000 UTC,323963854700254454437,-321679406,-276391
2026-04-23 15:15:47.000 UTC,-110729161913253860375,110056500,-276390
2026-04-23 15:18:23.000 UTC,-99754318201980181382,99150000,-276390
2026-04-23 15:19:35.000 UTC,-199503847361958738399,198300000,-276390
2026-04-23 15:20:23.000 UTC,-699731464726392716292,695559312,-276389
2026-04-23 15:21:47.000 UTC,-99738332030073561980,99150000,-276389
2026-04-23 15:24:35.000 UTC,52658415845715837377,-52295659,-276389
2026-04-23 15:36:11.000 UTC,-167854432579299112010,166866474,-276388
2026-04-23 15:36:59.000 UTC,-201788971723390821918,200607229,-276388
2026-04-23 15:38:11.000 UTC,89835300323656611465,-89220709,-276388
2026-04-23 15:46:59.000 UTC,465933800177857171930,-462725585,-276389
2026-04-23 15:51:11.000 UTC,70717856206495430966,-70227902,-276389
2026-04-23 15:53:59.000 UTC,-99741683199055562227,99150000,-276389
2026-04-23 15:54:47.000 UTC,483592157318045277582,-480228032,-276390
2026-04-23 15:54:47.000 UTC,461908602316290271121,-458660549,-276390
2026-04-23 15:55:11.000 UTC,437071654374861155917,-433966971,-276391
2026-04-23 15:55:23.000 UTC,-321348380931773865135,319382071,-276391
2026-04-23 15:55:35.000 UTC,-887913484312118425970,882566000,-276389
2026-04-23 15:57:47.000 UTC,-49871623703327899273,49575000,-276389
2026-04-23 16:00:59.000 UTC,-99742051339957920858,99150000,-276389
2026-04-23 16:04:23.000 UTC,25507486075722973461,-25330879,-276389
2026-04-23 16:05:59.000 UTC,65178347802514109425,-64726600,-276389
2026-04-23 16:11:23.000 UTC,-25912210423447336303,25758286,-276389
2026-04-23 16:16:59.000 UTC,216985770862550497132,-215477875,-276389
2026-04-23 16:23:35.000 UTC,-99744961540550080544,99150000,-276389
2026-04-23 16:23:59.000 UTC,-199485134712875309693,198300000,-276389
2026-04-23 16:27:11.000 UTC,-499539904272991529977,496600000,-276388
2026-04-23 16:29:11.000 UTC,355160710712017785586,-352721618,-276389
2026-04-23 16:29:35.000 UTC,-10055661664811305997,9996322,-276389
2026-04-23 16:30:11.000 UTC,301252315921065745041,-299168180,-276389
2026-04-23 16:30:11.000 UTC,113392044440368573561,-112603827,-276389
2026-04-23 16:36:23.000 UTC,-155421089205030878503,154495696,-276389
2026-04-23 16:41:11.000 UTC,547275546813570017655,-543456059,-276390
2026-04-23 16:41:23.000 UTC,1073163236716869380716,-1065535093,-276392
2026-04-23 16:42:11.000 UTC,-981609856507783364444,975600725,-276390
2026-04-23 16:45:47.000 UTC,-362307046410052709347,360127926,-276390
2026-04-23 16:57:35.000 UTC,-299233979197899486906,297450000,-276389
2026-04-23 16:57:47.000 UTC,460643829474532993066,-457433856,-276390
2026-04-23 16:58:47.000 UTC,21552208024956241497,-21401195,-276390
2026-04-23 16:58:47.000 UTC,-562347190109700582216,558989989,-276389
2026-04-23 17:03:59.000 UTC,156380282826827758750,-155296346,-276389
2026-04-23 17:05:59.000 UTC,201168795497827637307,-199768684,-276390
2026-04-23 17:08:47.000 UTC,576621983437241467440,-572573055,-276390
2026-04-23 17:08:47.000 UTC,1020041452337668452211,-1012749272,-276392
2026-04-23 17:10:59.000 UTC,-149656559049653549792,148725000,-276392
2026-04-23 17:11:23.000 UTC,-498829252017999696296,495750000,-276391
2026-04-23 17:11:35.000 UTC,-73975451647172902916,73522183,-276391
2026-04-23 17:24:35.000 UTC,-299274840673247646187,297450000,-276390
2026-04-23 17:25:35.000 UTC,868582915116989877481,-862384274,-276392
2026-04-23 17:26:11.000 UTC,-49884689509557969064,49575000,-276392
2026-04-23 17:27:23.000 UTC,-49884290326753091822,49575000,-276392
2026-04-23 17:27:35.000 UTC,60351237380912357287,-59917037,-276392
2026-04-23 17:27:59.000 UTC,-199535102329784543253,198300000,-276391
2026-04-23 17:28:11.000 UTC,-299290678650994063666,297450000,-276391
2026-04-23 17:31:11.000 UTC,189830896548595468521,-188476450,-276391
2026-04-23 17:32:59.000 UTC,58540759948870550140,-58121913,-276391
2026-04-23 17:32:59.000 UTC,239960191271131043132,-238237626,-276392
2026-04-23 17:35:59.000 UTC,429117611532105765087,-426014321,-276392
2026-04-23 17:35:59.000 UTC,-765185042742810767057,760432116,-276391
2026-04-23 17:38:47.000 UTC,25500203600252839162,-25317976,-276391
2026-04-23 17:39:59.000 UTC,86981419398967400806,-86359061,-276391
2026-04-23 17:43:35.000 UTC,126619911884726446610,-125711785,-276392
2026-04-23 17:46:11.000 UTC,514005418965614173428,-510292730,-276392
2026-04-23 17:50:47.000 UTC,-327457260775582819029,325412494,-276392
2026-04-23 17:50:47.000 UTC,-695603582322627231594,691316695,-276391
2026-04-23 17:53:23.000 UTC,1065109223185418521,-1057545,-276391
2026-04-23 17:53:59.000 UTC,-57608057805424432165,57256479,-276391
2026-04-23 17:55:35.000 UTC,-199513533028127487834,198300000,-276390
2026-04-23 17:58:11.000 UTC,-99754371895328173351,99150000,-276390
2026-04-23 17:59:23.000 UTC,-99752775533932320978,99150000,-276390
2026-04-23 18:04:11.000 UTC,-149626169703829276358,148725000,-276390
2026-04-23 18:08:59.000 UTC,-342131678981314970204,340084500,-276389
2026-04-23 18:10:23.000 UTC,-573126024697012933907,569738496,-276388
2026-04-23 18:14:23.000 UTC,-897549801700775659364,892350000,-276387
2026-04-23 18:18:11.000 UTC,-30529857893479481344,30355249,-276387
2026-04-23 18:18:47.000 UTC,-12846152973806147180,12772727,-276387
2026-04-23 18:19:47.000 UTC,308172818318452649374,-306097767,-276387
2026-04-23 18:20:11.000 UTC,-28924466582480053787,28757814,-276387
2026-04-23 18:20:47.000 UTC,-106990432199751502412,106375151,-276387
2026-04-23 18:21:35.000 UTC,-133722690342902116337,132956245,-276387
2026-04-23 18:24:11.000 UTC,186251605238064072543,-184998167,-276387
2026-04-23 18:30:23.000 UTC,-124653095514541333129,123937500,-276387
2026-04-23 18:39:35.000 UTC,90473131328274029252,-89864067,-276387
2026-04-23 18:40:23.000 UTC,54856457526970215770,-54486529,-276387
2026-04-23 18:43:11.000 UTC,-199444415861105808170,198300000,-276387
2026-04-23 18:43:47.000 UTC,63762995707781750623,-63334430,-276387
2026-04-23 18:45:11.000 UTC,259663962081495344443,-257912015,-276387
2026-04-23 18:49:35.000 UTC,532298468940701456261,-528673490,-276388
2026-04-23 18:53:59.000 UTC,158324227156322085334,-157237324,-276389
2026-04-23 18:54:23.000 UTC,-99736032113842682812,99150000,-276388
2026-04-23 18:55:11.000 UTC,-49867417080884881452,49575000,-276388
2026-04-23 19:03:59.000 UTC,221363359151088911061,-219842273,-276389
2026-04-23 19:04:11.000 UTC,160065382306384221,-158962,-276389
2026-04-23 19:18:59.000 UTC,-98748151656284552078,98166786,-276388
2026-04-23 19:25:47.000 UTC,-371931888204607415291,369756152,-276388
2026-04-23 19:28:23.000 UTC,-149593875599390001410,148725000,-276388
2026-04-23 19:30:47.000 UTC,-49885200324662468244,49596250,-276388
2026-04-23 19:40:23.000 UTC,14597547662831092353,-14498525,-276388
2026-04-23 19:56:35.000 UTC,-199451786890975644110,198300000,-276387
2026-04-23 19:59:35.000 UTC,-49883321457057346758,49596250,-276387
2026-04-23 20:11:23.000 UTC,-498597553277350178986,495750000,-276386
2026-04-23 20:16:23.000 UTC,75350820304376925560,-74848122,-276387
2026-04-23 20:17:59.000 UTC,92636820526516371261,-92017560,-276387
2026-04-23 20:22:59.000 UTC,350924895535514209667,-348566629,-276387
2026-04-23 20:27:47.000 UTC,-99894003798437488993,99320000,-276387
2026-04-23 20:31:23.000 UTC,-199441253097972970272,198300000,-276387
2026-04-23 20:38:59.000 UTC,-185857812911674189802,184800000,-276386
2026-04-23 20:39:23.000 UTC,-99715259512469415726,99150000,-276386
2026-04-23 20:39:47.000 UTC,-149569897360165394271,148725000,-276386
2026-04-23 20:50:59.000 UTC,-593521031549794645232,590203507,-276385
2026-04-23 20:52:11.000 UTC,192766334682449753780,-191503372,-276385
2026-04-23 20:52:47.000 UTC,301302950368126948113,-299317021,-276386
2026-04-23 21:12:59.000 UTC,231723442245619448403,-230186281,-276386
2026-04-23 21:32:23.000 UTC,-89282018267612007748,88777500,-276386
2026-04-23 21:32:35.000 UTC,-99733043214461635297,99170972,-276386
2026-04-23 21:34:11.000 UTC,-112945223379880332831,112310608,-276386
2026-04-23 22:09:35.000 UTC,-10126025252549106670,10069229,-276386
2026-04-23 22:13:23.000 UTC,-299633230804627407590,297960000,-276385
2026-04-23 22:13:35.000 UTC,-199405593717374665611,198300000,-276385
2026-04-23 22:14:35.000 UTC,-29923109432507038585,29757750,-276385
2026-04-23 22:20:23.000 UTC,-49850161608190682411,49575000,-276385
2026-04-23 22:24:35.000 UTC,-99870068072531613021,99320000,-276385
2026-04-23 22:25:59.000 UTC,-152838728884866676640,152000000,-276384
2026-04-23 22:33:23.000 UTC,580788934566382829508,-577004498,-276385
2026-04-23 22:42:23.000 UTC,-313525400926504558949,311787499,-276385
2026-04-23 22:43:11.000 UTC,-313434294541556887755,311712578,-276384
2026-04-23 22:48:35.000 UTC,304530716253377090565,-302555344,-276385
2026-04-23 22:49:59.000 UTC,-93216956488537578480,92703406,-276385
2026-04-23 22:51:47.000 UTC,660867765618950353317,-656539966,-276386
2026-04-23 22:52:35.000 UTC,-39890087671355547323,39666545,-276386
2026-04-23 22:55:11.000 UTC,-519351263082898362366,516464000,-276385
2026-04-23 23:01:47.000 UTC,472872185307608640147,-469774951,-276386
2026-04-23 23:04:59.000 UTC,504394729222041951965,-501051759,-276386
2026-04-23 23:07:23.000 UTC,224973686220479612110,-223469560,-276387
2026-04-23 23:08:23.000 UTC,-48964819965603209688,48685439,-276387
2026-04-23 23:08:59.000 UTC,-99888754638105667077,99320000,-276387
2026-04-23 23:10:35.000 UTC,254345352421972401542,-252641178,-276387
2026-04-23 23:12:23.000 UTC,230987460390893116066,-229430860,-276387
2026-04-23 23:12:35.000 UTC,621719011266825860939,-617487093,-276388
2026-04-23 23:12:47.000 UTC,491888595300026165773,-488496787,-276389
2026-04-23 23:12:59.000 UTC,-369255215729457544918,367072405,-276389
2026-04-23 23:20:35.000 UTC,-149859675131788121220,148980000,-276388
2026-04-23 23:27:59.000 UTC,292231114237423545786,-290221965,-276389
2026-04-23 23:31:11.000 UTC,-149606585747242865312,148725000,-276389
2026-04-23 23:31:35.000 UTC,187508121930676162640,-186216272,-276389
2026-04-23 23:32:23.000 UTC,-61994861258309889137,61628738,-276389
2026-04-23 23:32:35.000 UTC,-99737736127827526870,99150000,-276389
2026-04-23 23:35:47.000 UTC,-94358229975791858378,93803655,-276388
2026-04-23 23:35:59.000 UTC,-199809661270097730843,198640000,-276388
2026-04-23 23:41:59.000 UTC,-726197437404189732707,722000000,-276387
2026-04-23 23:44:47.000 UTC,-265765342562748600317,264250242,-276386
2026-04-23 23:44:59.000 UTC,152291880424938411967,-151273671,-276387
2026-04-23 23:47:47.000 UTC,-19943726965862445403,19830000,-276387
2026-04-23 23:57:59.000 UTC,68952498434773449616,-68490492,-276387
2026-04-23 23:58:59.000 UTC,233013742340418242235,-231446865,-276387
2026-04-23 23:59:11.000 UTC,390011374759379118306,-387369431,-276388
2026-04-24 00:01:23.000 UTC,-49885944610609574137,49596250,-276388
2026-04-24 00:04:11.000 UTC,-340783110603645645492,338814749,-276387
2026-04-24 00:23:59.000 UTC,-499023932060726548709,496175000,-276386
2026-04-24 00:25:11.000 UTC,231552771158986470601,-230005598,-276387
2026-04-24 00:26:11.000 UTC,290920073487551036082,-288964118,-276387
2026-04-24 00:26:23.000 UTC,220935365021986152837,-219440934,-276388
2026-04-24 00:26:23.000 UTC,320845768338971082675,-318661688,-276388
2026-04-24 00:28:23.000 UTC,-99765727750340698212,99184000,-276388
2026-04-24 00:30:47.000 UTC,-99764130842619949235,99184000,-276388
2026-04-24 00:31:47.000 UTC,-149591904983777019304,148725000,-276388
2026-04-24 00:31:47.000 UTC,-99725942336680321662,99150000,-276387
2026-04-24 00:34:47.000 UTC,284873495146436778724,-282940922,-276388
2026-04-24 00:39:23.000 UTC,-469048747678997200344,466339848,-276387
2026-04-24 00:40:23.000 UTC,265165324783769445120,-263374656,-276388
2026-04-24 00:41:35.000 UTC,306863400982867070953,-304777165,-276388
2026-04-24 00:46:11.000 UTC,-99730545777942513121,99150000,-276388
2026-04-24 00:47:11.000 UTC,-249319382446417337138,247875000,-276387
2026-04-24 00:48:11.000 UTC,98258942292407618187,-97593216,-276388
2026-04-24 00:50:47.000 UTC,-99726532106972422186,99150000,-276387
2026-04-24 00:51:47.000 UTC,-499463593144971047858,496600000,-276387
2026-04-24 00:54:11.000 UTC,126033930462005774435,-125189806,-276387
2026-04-24 00:54:23.000 UTC,107151065611823772553,-106431421,-276387
2026-04-24 00:56:11.000 UTC,350210642448375722124,-347845812,-276388
2026-04-24 01:07:35.000 UTC,157062126829275210913,-155995205,-276388
2026-04-24 01:09:47.000 UTC,260737090947058665109,-258957230,-276388
2026-04-24 01:11:35.000 UTC,-89759732231386141364,89235000,-276388
2026-04-24 01:11:59.000 UTC,-52099674557729240626,51795691,-276388
2026-04-24 01:13:23.000 UTC,-108799560993612676702,108166150,-276388
2026-04-24 01:13:59.000 UTC,188781548293039444041,-187493658,-276388
2026-04-24 01:17:23.000 UTC,184645151079964234738,-183379989,-276388
2026-04-24 01:18:35.000 UTC,80357526042039637426,-79805232,-276389
2026-04-24 01:20:47.000 UTC,-30834683064682014403,30653282,-276389
2026-04-24 01:25:59.000 UTC,175737894709533313909,-174527335,-276389
2026-04-24 01:34:47.000 UTC,-291221477131444978724,289507533,-276388
2026-04-24 01:35:11.000 UTC,-289236618374042762633,287547745,-276388
2026-04-24 01:44:35.000 UTC,89680995429961730557,-89069632,-276388
2026-04-24 01:46:47.000 UTC,-543989005454358795,540818,-276388
2026-04-24 01:47:47.000 UTC,60623727401645650555,-60209730,-276388
2026-04-24 01:47:59.000 UTC,-264285806928468323285,262747980,-276388
2026-04-24 01:50:59.000 UTC,-113689106678203043612,113031000,-276387
2026-04-24 01:54:47.000 UTC,-99768325212653376914,99192500,-276387
2026-04-24 01:59:23.000 UTC,-49947683142547837374,49660000,-276387
2026-04-24 01:59:35.000 UTC,-235208595182812692775,233859217,-276387
2026-04-24 02:08:11.000 UTC,129235369377540113550,-128366583,-276387
2026-04-24 02:09:23.000 UTC,278266398767290173345,-276386719,-276388
2026-04-24 02:19:59.000 UTC,12182574662587734057,-12100000,-276388
2026-04-24 02:28:35.000 UTC,105894605283588971149,-105175845,-276388
2026-04-24 02:32:11.000 UTC,-148407282953447004973,147547983,-276387
2026-04-24 02:33:59.000 UTC,-99768196900654926065,99192500,-276387
2026-04-24 02:39:23.000 UTC,-49947618905240652758,49660000,-276387
2026-04-24 02:42:59.000 UTC,-49947218624132058844,49660000,-276387
2026-04-24 02:49:35.000 UTC,173432116410769889570,-172260707,-276387
2026-04-24 02:55:23.000 UTC,-50290179391835694675,50000000,-276387
2026-04-24 02:55:59.000 UTC,-14984383384090216377,14898000,-276387
2026-04-24 02:56:11.000 UTC,11272900356187662936,-11196711,-276387
2026-04-24 02:56:59.000 UTC,-19979157924001123266,19864000,-276387
2026-04-24 02:58:47.000 UTC,-199446097187862643088,198300000,-276387
2026-04-24 03:00:11.000 UTC,31145344360634218653,-30935829,-276387
2026-04-24 03:03:35.000 UTC,-99892131189151471650,99320000,-276387
2026-04-24 03:07:23.000 UTC,-49881348118177259660,49596250,-276387
2026-04-24 03:10:11.000 UTC,-99761499562682394842,99192500,-276387
2026-04-24 03:17:11.000 UTC,783408292548328766689,-778118642,-276388
2026-04-24 03:19:59.000 UTC,-102381849018453197017,101786766,-276388
2026-04-24 03:21:47.000 UTC,-99728051128675545003,99150000,-276388
2026-04-24 03:24:23.000 UTC,230144358655886293414,-228579236,-276388
2026-04-24 03:27:47.000 UTC,-29919207877943121090,29745000,-276388
2026-04-24 03:35:59.000 UTC,172282954677518306288,-171106625,-276388
2026-04-24 03:37:11.000 UTC,910197867253193813916,-903904680,-276390
2026-04-24 03:39:35.000 UTC,-201301135146403565879,200098010,-276389
2026-04-24 03:41:35.000 UTC,-59276610500786248494,58923561,-276389
2026-04-24 03:46:23.000 UTC,-806490173514652942199,801742423,-276388
2026-04-24 03:50:47.000 UTC,137237914406562280657,-136300926,-276388
2026-04-24 03:55:47.000 UTC,11347818816251608516,-11270207,-276388
2026-04-24 04:05:47.000 UTC,-104744840563598823240,104133346,-276388
2026-04-24 04:05:47.000 UTC,-58805900393255918652,58463362,-276388
2026-04-24 04:12:11.000 UTC,-376109841291711382013,373932085,-276387
2026-04-24 04:15:47.000 UTC,115135872873464037147,-114357165,-276387
2026-04-24 04:30:23.000 UTC,164761508930144582407,-163643491,-276388
2026-04-24 04:33:35.000 UTC,53662721957880139288,-53297651,-276388
2026-04-24 04:35:59.000 UTC,-49950181388678709937,49660000,-276388
2026-04-24 04:43:59.000 UTC,57392193223119142974,-57001699,-276388
2026-04-24 04:46:23.000 UTC,-143224488192658137444,142393334,-276388
2026-04-24 04:49:35.000 UTC,-240907889517975739069,239517244,-276387
2026-04-24 04:49:35.000 UTC,-125720915590523534064,124998866,-276387
2026-04-24 04:55:11.000 UTC,172776786627130453111,-171612093,-276387
2026-04-24 04:55:11.000 UTC,70126477897889526216,-69652396,-276387
2026-04-24 05:04:47.000 UTC,76464411140305020585,-75946590,-276388
2026-04-24 05:04:59.000 UTC,92092299101400879549,-91467409,-276388
2026-04-24 05:15:23.000 UTC,3250548806366184167,-3228467,-276388
2026-04-24 05:26:23.000 UTC,-212254362383087534042,211027014,-276387
2026-04-24 05:26:35.000 UTC,-98668095774654311691,98100000,-276387
2026-04-24 05:36:11.000 UTC,-21226461643168960196,21104451,-276387
2026-04-24 05:42:59.000 UTC,-96990491561996636008,96433897,-276387
2026-04-24 05:43:11.000 UTC,-208994305468641168304,207800062,-276387
2026-04-24 05:47:47.000 UTC,-49180552096165341858,48900536,-276387
2026-04-24 05:52:35.000 UTC,-124645458932873243229,123937500,-276386
2026-04-24 05:52:47.000 UTC,-9257025288511317064,9204547,-276386
2026-04-24 05:58:59.000 UTC,-124026466227593268059,123324667,-276386
2026-04-24 07:10:11.000 UTC,-340254496636258003544,338341780,-276386
2026-04-24 07:12:11.000 UTC,-34531730498422834284,34338646,-276386
2026-04-24 08:12:11.000 UTC,353837460791568623356,-351498197,-276386
2026-04-24 08:20:11.000 UTC,-236033477283017590201,234705465,-276386
2026-04-24 08:24:23.000 UTC,-29178601867516541689,29015050,-276386
2026-04-24 08:24:47.000 UTC,-98812211381594232322,98259357,-276386
2026-04-24 08:28:47.000 UTC,-228900883492074382054,227626168,-276385
2026-04-24 08:31:35.000 UTC,21866154921468471572,-21723007,-276385
2026-04-24 08:49:47.000 UTC,-49937156088127573204,49660000,-276385
2026-04-24 09:09:11.000 UTC,277165480659702613667,-275346610,-276386
2026-04-24 09:14:47.000 UTC,92295227477733283521,-91686832,-276386
2026-04-24 09:16:11.000 UTC,67345666966814394840,-66900879,-276386
2026-04-24 09:31:23.000 UTC,307844780796223083707,-305802404,-276386
2026-04-24 10:50:35.000 UTC,-103995474894857804672,103407217,-276386
2026-04-24 10:50:47.000 UTC,-187391594660871623667,186335956,-276386
2026-04-24 10:52:47.000 UTC,105659778403760873793,-104960212,-276386
2026-04-24 10:53:35.000 UTC,-104656942200288316003,104068051,-276386
2026-04-24 10:56:23.000 UTC,-498531184604454497664,495750000,-276385
2026-04-24 11:03:35.000 UTC,66846777249847651623,-66409698,-276385
2026-04-24 11:07:35.000 UTC,-100557250099978478237,100000000,-276385
2026-04-24 11:24:59.000 UTC,-98495032126782665877,97950775,-276385
2026-04-24 11:25:23.000 UTC,67595878698659744411,-67155322,-276385
2026-04-24 11:28:11.000 UTC,232451024127315613848,-230930468,-276385
2026-04-24 11:36:35.000 UTC,-49852265750418750647,49575000,-276385
2026-04-24 11:41:11.000 UTC,183471311173309158154,-182266530,-276386
2026-04-24 11:52:47.000 UTC,-258342565265216177925,256904520,-276385
2026-04-24 11:52:59.000 UTC,-200105111968595046297,198998561,-276385
2026-04-24 12:08:47.000 UTC,39711903140931797581,-39453327,-276385
2026-04-24 12:16:35.000 UTC,89815687573750927756,-89229944,-276385
2026-04-24 12:18:59.000 UTC,192454282501439409935,-191194843,-276385
2026-04-24 12:28:11.000 UTC,223491635821731689040,-222021679,-276386
2026-04-24 12:44:11.000 UTC,34840333564311908556,-34610463,-276386
2026-04-24 12:44:35.000 UTC,53344394290207556159,-52992063,-276386
2026-04-24 12:45:35.000 UTC,184201783170261098200,-182981674,-276386
2026-04-24 12:45:47.000 UTC,69404594926275978381,-68943473,-276386
2026-04-24 13:08:23.000 UTC,-97224314257223532303,96675227,-276386
2026-04-24 13:08:59.000 UTC,-99711568187272772004,99150000,-276386
2026-04-24 13:30:59.000 UTC,185158137926658393369,-183930012,-276386
2026-04-24 13:51:11.000 UTC,201340378620922199388,-199998719,-276387
2026-04-24 13:54:35.000 UTC,238257715976626997022,-236661711,-276387
2026-04-24 13:55:59.000 UTC,126477526665373065837,-125626623,-276387
2026-04-24 13:56:11.000 UTC,135438702315572414729,-134524686,-276387
2026-04-24 13:56:11.000 UTC,-47800857899724439553,47525452,-276387
2026-04-24 13:57:47.000 UTC,-99723387673711508495,99150000,-276387
2026-04-24 14:02:47.000 UTC,120177907949775520065,-119367258,-276387
2026-04-24 14:05:47.000 UTC,207248313381564444665,-205844934,-276388
2026-04-24 14:07:59.000 UTC,219293309999679047541,-217800919,-276388
2026-04-24 14:21:23.000 UTC,51106342318354292540,-50757439,-276388
2026-04-24 14:26:59.000 UTC,208553154283174318444,-207125052,-276388
2026-04-24 14:29:11.000 UTC,650792930963449548384,-646291987,-276389
2026-04-24 14:31:35.000 UTC,-99745097053448593188,99150000,-276389
2026-04-24 14:32:23.000 UTC,-99914517145175291601,99320000,-276389
2026-04-24 14:33:47.000 UTC,-193101488251411577668,191956997,-276389
2026-04-24 14:37:23.000 UTC,-15198793637560657770,15108965,-276389
2026-04-24 14:38:47.000 UTC,5187394304504821026,-5151584,-276389
2026-04-24 14:42:59.000 UTC,-295739395843830464690,293998582,-276388
2026-04-24 14:50:23.000 UTC,-99733919568887760070,99150000,-276388
2026-04-24 14:50:35.000 UTC,-132668525403799563960,131894241,-276388
2026-04-24 14:52:23.000 UTC,-69841231519765251255,69434750,-276388
2026-04-24 15:15:47.000 UTC,203013405205083330785,-201627915,-276388
2026-04-24 15:23:59.000 UTC,70732380034255654048,-70248116,-276388
2026-04-24 15:37:59.000 UTC,-114039067041426008263,113372046,-276388
2026-04-24 15:45:35.000 UTC,-199461677401813476858,198300000,-276388
2026-04-24 15:51:23.000 UTC,-660296554718469844677,656496226,-276387
2026-04-24 15:53:23.000 UTC,-49859138911205279029,49575000,-276387
2026-04-24 15:56:23.000 UTC,-250143241594805770229,248723701,-276386
2026-04-24 16:02:47.000 UTC,68875965635008523237,-68417627,-276386
2026-04-24 16:05:11.000 UTC,-126988794746155727985,126270571,-276386
2026-04-24 16:09:35.000 UTC,932067524302615760947,-925809599,-276388
2026-04-24 16:14:11.000 UTC,68125204084569213990,-67662382,-276388
2026-04-24 16:22:47.000 UTC,-99728144941797016448,99150000,-276388
2026-04-24 16:24:23.000 UTC,-99726549209919087008,99150000,-276387
2026-04-24 16:24:23.000 UTC,-905160451161983542262,900000000,-276386
2026-04-24 16:31:59.000 UTC,-100565268855558301664,100000000,-276386
2026-04-24 16:34:59.000 UTC,-299121800004896928110,297450000,-276385
2026-04-24 16:51:35.000 UTC,134207948402224383201,-133326196,-276386
2026-04-24 16:57:35.000 UTC,115402844783632435899,-114642348,-276386
2026-04-24 16:57:35.000 UTC,232533561658484621722,-230994737,-276386
2026-04-24 17:12:35.000 UTC,-85770729085806214152,85287393,-276386
2026-04-24 17:33:59.000 UTC,50355141904004379858,-50021463,-276386
2026-04-24 17:34:11.000 UTC,57668527851406776311,-57285890,-276386
2026-04-24 17:35:11.000 UTC,230348458744574846653,-228814786,-276387
2026-04-24 17:57:35.000 UTC,-326889197523589697560,325040230,-276386
2026-04-24 18:02:35.000 UTC,-361170195572803116582,359147151,-276385
2026-04-24 18:08:11.000 UTC,207914429785725266155,-206545669,-276386
2026-04-24 18:08:47.000 UTC,-57812560959730000102,57488748,-276386
2026-04-24 18:25:47.000 UTC,345930057904112547386,-343640625,-276386
2026-04-24 18:34:11.000 UTC,-194113853415255921100,193019796,-276386
2026-04-24 18:38:47.000 UTC,-99709642620957970631,99150000,-276386
2026-04-24 18:52:59.000 UTC,-125643392866882656459,124940451,-276386
2026-04-24 18:58:11.000 UTC,135728630856610544636,-134834220,-276386
2026-04-24 19:02:11.000 UTC,-95662201582973049543,95126615,-276386
2026-04-24 19:22:47.000 UTC,-252413177162614009419,251006993,-276385
2026-04-24 19:35:23.000 UTC,-162029287432274817933,161131986,-276385
2026-04-24 19:45:59.000 UTC,58383399232157810384,-58002514,-276385
2026-04-24 20:06:59.000 UTC,148701003833074755041,-147728448,-276385
2026-04-24 20:19:11.000 UTC,100554750701431904795,-99895091,-276385
2026-04-24 20:51:59.000 UTC,-128835902100588561096,128119091,-276385
2026-04-24 21:00:11.000 UTC,-149810176654094354643,148980000,-276385
2026-04-24 21:24:23.000 UTC,5015399346542420504,-4982677,-276385
2026-04-24 21:28:47.000 UTC,156220698991948516182,-155199478,-276385
2026-04-24 21:29:23.000 UTC,80244032316578564963,-79717962,-276385
2026-04-24 21:29:35.000 UTC,79384516235096414511,-78863071,-276385
2026-04-24 21:41:47.000 UTC,41363435943250644646,-41091338,-276386
2026-04-24 21:45:11.000 UTC,46162597755013360129,-45858608,-276386
2026-04-24 21:48:47.000 UTC,68238780096001100988,-67788793,-276386
2026-04-24 22:35:23.000 UTC,31979764708326783,-31768,-276386
2026-04-24 22:35:35.000 UTC,249371495948505635989,-247720755,-276386
2026-04-24 22:39:23.000 UTC,1283450393152412669,-1274928,-276386
2026-04-24 22:41:59.000 UTC,22598708285103872333,-22448619,-276386
2026-04-24 23:36:35.000 UTC,-50283860452739628477,50000000,-276386
2026-04-24 23:37:23.000 UTC,-149566944240787439317,148725000,-276386
2026-04-25 01:16:35.000 UTC,-111146970373555647904,110523612,-276386
2026-04-25 01:18:23.000 UTC,-18507840358586999046,18404233,-276386
2026-04-25 01:34:47.000 UTC,-58378309872525167884,58051862,-276386
2026-04-25 01:46:11.000 UTC,-98592460458852339270,98042373,-276385
2026-04-25 01:47:23.000 UTC,-119850607478008933095,119184000,-276385
2026-04-25 01:54:11.000 UTC,230937347062082868663,-229421238,-276386
2026-04-25 01:54:11.000 UTC,-7754700896270618237,7711363,-276386
2026-04-25 03:04:47.000 UTC,2516564994664059308,-2500000,-276386
2026-04-25 04:58:47.000 UTC,28060924265435538007,-27876148,-276386
2026-04-25 05:03:35.000 UTC,110777357217541377026,-110046683,-276386
2026-04-25 06:38:47.000 UTC,-1005642137875190146,1000000,-276386
2026-04-25 07:11:35.000 UTC,28849214180747188300,-28658611,-276386
2026-04-25 07:32:47.000 UTC,40556260700964293589,-40288087,-276386
2026-04-25 08:59:11.000 UTC,21550887885676477305,-21408278,-276386
2026-04-25 10:40:59.000 UTC,51076180194220523364,-50737897,-276386
2026-04-25 11:10:11.000 UTC,38414484651869762852,-38159787,-276386
2026-04-25 11:33:47.000 UTC,-78648143118621080485,78205126,-276386
2026-04-25 11:34:23.000 UTC,-6254385598430880018,6219198,-276386
2026-04-25 11:48:59.000 UTC,50456159990502426112,-50121949,-276386
2026-04-25 11:54:35.000 UTC,38184820746803836140,-37931623,-276386
2026-04-25 12:23:47.000 UTC,-15274821199913093461,15188694,-276386
2026-04-25 12:24:59.000 UTC,-15652027035273611083,15563811,-276386
2026-04-25 12:29:11.000 UTC,-14373172066996392161,14292199,-276386
2026-04-25 12:29:35.000 UTC,-15673582161987072504,15585320,-276386
2026-04-25 12:29:47.000 UTC,-16625836207581256539,16532255,-276386
2026-04-25 12:35:47.000 UTC,-14675635846029728283,14593068,-276386
2026-04-25 12:36:11.000 UTC,-14161182075346456191,14081541,-276386
2026-04-25 12:36:23.000 UTC,-15179406218076947391,15094075,-276386
2026-04-25 12:43:59.000 UTC,150968550455607216735,-149968154,-276386
2026-04-25 12:48:35.000 UTC,-199507934752062240992,198385000,-276386
2026-04-25 12:53:11.000 UTC,90143750985479357426,-89547546,-276386
2026-04-25 13:00:35.000 UTC,32308916386916095895,-32094912,-276386
2026-04-25 13:32:59.000 UTC,230677613782939878401,-229144846,-276386
2026-04-25 13:50:47.000 UTC,-34512961998884297158,34317406,-276386
2026-04-25 14:05:23.000 UTC,230048945153175041865,-228513177,-276387
2026-04-25 14:05:47.000 UTC,99947977003429205242,-99278114,-276387
2026-04-25 14:10:11.000 UTC,46114590847075578908,-45804989,-276387
2026-04-25 14:11:59.000 UTC,138080679219410639456,-137151614,-276387
2026-04-25 14:12:47.000 UTC,229871862935586166019,-228318452,-276388
2026-04-25 14:16:35.000 UTC,-100580757133608191217,100000000,-276387
2026-04-25 14:18:11.000 UTC,-71039933199357569662,70630719,-276387
2026-04-25 14:22:35.000 UTC,-15998587657035073391,15906542,-276387
2026-04-25 14:23:11.000 UTC,-13960791002360048750,13880503,-276387
2026-04-25 14:25:47.000 UTC,-149583304358632377625,148725000,-276387
2026-04-25 14:29:11.000 UTC,70000000000000000000,-69529205,-276387
2026-04-25 14:32:11.000 UTC,-40780805562750378756,40546971,-276387
2026-04-25 14:33:47.000 UTC,-15266009550047046858,15178544,-276387
2026-04-25 15:01:47.000 UTC,-277255076172353628046,275673019,-276387
2026-04-25 15:02:23.000 UTC,231143513983355084537,-229595659,-276387
2026-04-25 15:24:23.000 UTC,-49871240369511728861,49586132,-276387
2026-04-25 15:24:23.000 UTC,-299151895087969957894,297450000,-276386
2026-04-25 15:50:11.000 UTC,382187099410103643491,-379630370,-276387
2026-04-25 15:50:23.000 UTC,403140659946765569010,-400418541,-276388
2026-04-25 16:04:23.000 UTC,297878211672040764034,-295850224,-276388
2026-04-25 16:26:11.000 UTC,-1006144765751856744332,1000351719,-276386
2026-04-25 16:41:23.000 UTC,61952895324112947965,-61539271,-276387
2026-04-25 16:45:23.000 UTC,-119994735011899313420,119313439,-276386
2026-04-25 17:46:47.000 UTC,4312215448709984082,-4283485,-276386
2026-04-25 18:26:47.000 UTC,41691394646364017874,-41413469,-276386
2026-04-25 18:34:23.000 UTC,-40696302743598398283,40465464,-276386
2026-04-25 19:32:23.000 UTC,112456113360736366314,-111705802,-276387
2026-04-25 20:21:35.000 UTC,-55083277383479485960,54770266,-276386
2026-04-25 20:43:23.000 UTC,91252303512252961852,-90642786,-276387
2026-04-25 20:46:11.000 UTC,137921628418200000000,-136997866,-276387
2026-04-25 20:52:11.000 UTC,-99719069143738305895,99150000,-276387
2026-04-25 20:58:47.000 UTC,-49858935748592558533,49575000,-276387
2026-04-25 21:01:23.000 UTC,-99716675887025819606,99150000,-276386
2026-04-25 21:01:35.000 UTC,42820993421328899306,-42535274,-276387
2026-04-25 21:09:47.000 UTC,-43830359919300135473,43581481,-276386
2026-04-25 21:50:47.000 UTC,-99715063938150418295,99150000,-276386
2026-04-25 22:02:11.000 UTC,-101646889622108399330,101072512,-276386
2026-04-25 22:03:59.000 UTC,-213697639727124016431,212495470,-276386
2026-04-25 22:07:35.000 UTC,-99708423164788654836,99150000,-276386
2026-04-25 22:25:47.000 UTC,-19941493200705857041,19830000,-276386
2026-04-25 22:30:47.000 UTC,-99706508859115122007,99150000,-276385
2026-04-25 23:15:35.000 UTC,33554961491347067647,-33334493,-276385
2026-04-25 23:45:11.000 UTC,112375241778507776893,-111635588,-276386
2026-04-26 00:04:11.000 UTC,-829588118353316209538,825000000,-276384
2026-04-26 00:06:47.000 UTC,-4975716577896855489649,4950000000,-276380
2026-04-26 00:06:47.000 UTC,2851806588561518717018,-2834499324,-276381
2026-04-26 00:08:23.000 UTC,-1884573369948664700480,1875000000,-276380
2026-04-26 00:08:47.000 UTC,2486238567786256211441,-2471079901,-276382
2026-04-26 00:08:47.000 UTC,203834475517821904572,-202564227,-276382
2026-04-26 00:10:35.000 UTC,145408811139327546182,-144498610,-276382
2026-04-26 00:12:47.000 UTC,225614518448513671837,-224195589,-276383
2026-04-26 00:13:11.000 UTC,1180314208494984351086,-1172758768,-276385
2026-04-26 00:27:59.000 UTC,-1407585026603464207081,1400000000,-276382
2026-04-26 00:34:35.000 UTC,95001871400503492885,-94405413,-276383
2026-04-26 00:34:47.000 UTC,418119067017075534203,-415476855,-276383
2026-04-26 00:46:35.000 UTC,-402141852618633978834,400000000,-276383
2026-04-26 00:55:35.000 UTC,163558952038235496173,-162528284,-276383
2026-04-26 01:08:11.000 UTC,-1306816086422936118059,1300000000,-276381
2026-04-26 01:08:23.000 UTC,-3894734721167038976008,3875000000,-276380
2026-04-26 01:10:23.000 UTC,230151315587873820129,-228760495,-276380
2026-04-26 01:16:59.000 UTC,1799353668098628783227,-1788462051,-276380
2026-04-26 01:16:59.000 UTC,435708670747381836589,-433066494,-276380
2026-04-26 01:17:35.000 UTC,2881639342701701687741,-2863920861,-276383
2026-04-26 01:26:35.000 UTC,-1633514681976172185958,1625000000,-276380
2026-04-26 01:29:35.000 UTC,-2261471771965003136223,2250000000,-276380
2026-04-26 01:32:47.000 UTC,2118673191360115550727,-2105819898,-276380
2026-04-26 01:33:59.000 UTC,-4020353434605925184343,4000000000,-276380
2026-04-26 01:35:59.000 UTC,1574935936011663342921,-1565415097,-276380
2026-04-26 01:38:23.000 UTC,1329466222532825042336,-1321410269,-276380
2026-04-26 01:41:23.000 UTC,-99655344394991040077,99150000,-276380
2026-04-26 01:41:23.000 UTC,-169453116304416220395,168594059,-276380
2026-04-26 01:43:59.000 UTC,-99655078261920699974,99150000,-276380
2026-04-26 02:02:23.000 UTC,3560326597903252968689,-3538404819,-276384
2026-04-26 02:15:59.000 UTC,-470060096310988638035,467544123,-276383
2026-04-26 02:18:59.000 UTC,194895377549029800749,-193662683,-276383
2026-04-26 02:23:47.000 UTC,57726822613883798564,-57360543,-276383
2026-04-26 02:28:23.000 UTC,39009792280647405391,-38761973,-276383
2026-04-26 02:32:11.000 UTC,-15178860278384890346,15097498,-276383
2026-04-26 02:38:59.000 UTC,93493763010329812571,-92899060,-276383
2026-04-26 02:40:11.000 UTC,23346466489050041189,-23197744,-276383
2026-04-26 02:43:11.000 UTC,207645886820960495857,-206319319,-276384
2026-04-26 02:45:23.000 UTC,138599841367902266070,-137710558,-276384
2026-04-26 02:52:47.000 UTC,-30858018344502484245,30690446,-276384
2026-04-26 02:54:11.000 UTC,25348874434397831143,-25186024,-276384
2026-04-26 03:00:11.000 UTC,15811139137154372091,-15709511,-276384
2026-04-26 03:04:11.000 UTC,-36656331411688826025,36457228,-276384
2026-04-26 03:04:23.000 UTC,115661066290887261922,-114917105,-276384
2026-04-26 03:18:35.000 UTC,84333901501543707283,-83790101,-276384
2026-04-26 03:48:59.000 UTC,46068466857198414209,-45770930,-276384
2026-04-26 04:58:23.000 UTC,93585684564045485093,-92980213,-276385
2026-04-26 05:05:23.000 UTC,705030071503649742141,-700423878,-276386
2026-04-26 05:12:47.000 UTC,-14367798974545641866,14287423,-276386
2026-04-26 05:20:59.000 UTC,70372986599231191824,-69909030,-276386
2026-04-26 05:31:59.000 UTC,-4993985662575356521,4966000,-276386
2026-04-26 05:44:59.000 UTC,-12153913272131694071,12085821,-276386
2026-04-26 06:16:11.000 UTC,132156803473545023485,-131283747,-276386
2026-04-26 06:16:47.000 UTC,109901644354223108091,-109173491,-276386
2026-04-26 06:23:59.000 UTC,231034483521805653818,-229497491,-276386
2026-04-26 06:29:11.000 UTC,-290748368737613501058,289104540,-276386
2026-04-26 06:29:11.000 UTC,-99881596679376131941,99320000,-276386
2026-04-26 06:30:59.000 UTC,-14982101433098911587,14898000,-276386
2026-04-26 06:31:47.000 UTC,173971572687850970342,-172819835,-276386
2026-04-26 06:40:11.000 UTC,-38342079390752453642,38125947,-276386
2026-04-26 06:43:11.000 UTC,-99881928097051159205,99320000,-276386
2026-04-26 06:47:35.000 UTC,-22593453566176337524,22466566,-276386
2026-04-26 06:50:47.000 UTC,40315638870269643243,-40049084,-276386
2026-04-26 06:56:47.000 UTC,220711844441534895353,-219247974,-276386
2026-04-26 08:06:35.000 UTC,-90062977206912548871,89554231,-276386
2026-04-26 08:12:11.000 UTC,80187455509263251877,-79654842,-276386
2026-04-26 08:29:23.000 UTC,-96044899226482626718,95502560,-276386
2026-04-26 08:33:23.000 UTC,-11440414829914529670,11375912,-276386
2026-04-26 08:38:47.000 UTC,-99711303966967698645,99150000,-276386
2026-04-26 08:49:23.000 UTC,111993262550152736978,-111251375,-276386
2026-04-26 10:11:47.000 UTC,-29913616882109349719,29745000,-276386
2026-04-26 10:53:47.000 UTC,4437528720287346199,-4408112,-276386
2026-04-26 11:06:11.000 UTC,28088756172621769410,-27902486,-276386
2026-04-26 11:17:35.000 UTC,78513488290037655930,-77992160,-276386
2026-04-26 11:31:23.000 UTC,-75240737894740021399,74815919,-276386
2026-04-26 11:37:59.000 UTC,-100596058965545497572,100029492,-276386
2026-04-26 12:20:47.000 UTC,8837956899123181266,-8779459,-276386
2026-04-26 12:35:47.000 UTC,46528447999568761016,-46220275,-276386
2026-04-26 12:44:59.000 UTC,216141585726573736450,-214705488,-276386
2026-04-26 12:49:47.000 UTC,141221255230427836787,-140278927,-276387
2026-04-26 12:50:11.000 UTC,118620472941816487760,-117826498,-276387
2026-04-26 13:22:23.000 UTC,262223741556128952592,-260460617,-276387
2026-04-26 13:27:59.000 UTC,34981297570248398217,-34745264,-276387
2026-04-26 13:36:59.000 UTC,-451521326011233094972,448938542,-276387
2026-04-26 13:37:59.000 UTC,21497583250686608122,-21353980,-276387
2026-04-26 13:40:23.000 UTC,-246862426443355222479,245463235,-276386
2026-04-26 13:44:47.000 UTC,-455609067348150499466,453052254,-276385
2026-04-26 13:46:35.000 UTC,202451441665813082627,-201118134,-276386
2026-04-26 13:47:47.000 UTC,-49897114085222766028,49617500,-276386
2026-04-26 13:48:11.000 UTC,-99707552870641368068,99150000,-276386
2026-04-26 13:49:35.000 UTC,37886689995574315466,-37637353,-276386
2026-04-26 13:49:59.000 UTC,325973214487204115854,-323818499,-276386
2026-04-26 13:51:11.000 UTC,-287366956647286648663,285752234,-276386
2026-04-26 14:05:35.000 UTC,232496115723572880998,-230959600,-276386
2026-04-26 14:09:35.000 UTC,-244124738682688429731,242754295,-276386
2026-04-26 14:17:59.000 UTC,359873173213813803839,-357491872,-276386
2026-04-26 14:25:23.000 UTC,-100567562964291518919,100000000,-276386
2026-04-26 14:25:47.000 UTC,-398834974125545207056,396600000,-276385
2026-04-26 14:26:11.000 UTC,-598204605689350909421,594900000,-276384
2026-04-26 14:27:59.000 UTC,-99695184964609978630,99150000,-276384
2026-04-26 14:28:23.000 UTC,-99693590023743404861,99150000,-276384
2026-04-26 14:29:47.000 UTC,-150819343644560512165,150000000,-276384
2026-04-26 14:31:35.000 UTC,-49844990015558348363,49575000,-276384
2026-04-26 14:41:59.000 UTC,-182511114837465570578,181525909,-276384
2026-04-26 14:45:35.000 UTC,647646897989799052043,-643482872,-276385
2026-04-26 14:46:11.000 UTC,-335719955891938001155,333886919,-276384
2026-04-26 14:47:47.000 UTC,210347286840412819960,-208991744,-276384
2026-04-26 15:00:23.000 UTC,384704403799672976623,-382207010,-276385
2026-04-26 15:04:23.000 UTC,-149549949070400817757,148725000,-276385
2026-04-26 15:19:11.000 UTC,66724555407673360216,-66290589,-276385
2026-04-26 15:19:47.000 UTC,235815191982321064244,-234275802,-276385
2026-04-26 15:20:35.000 UTC,36568213933404383415,-36328704,-276385
2026-04-26 15:21:47.000 UTC,-310482476846530760512,308764393,-276385
2026-04-26 15:30:35.000 UTC,46841449770085949954,-46536661,-276385
2026-04-26 15:37:11.000 UTC,302052954932904471895,-300079161,-276385
2026-04-26 15:41:35.000 UTC,-99704006891860954527,99150000,-276385
2026-04-26 15:49:59.000 UTC,54047785456072597196,-53693930,-276385
2026-04-26 15:49:59.000 UTC,47927661948817047556,-47613486,-276385
2026-04-26 15:50:59.000 UTC,161911120814042741666,-160847055,-276386
2026-04-26 15:52:47.000 UTC,-223334369284740757582,222089765,-276385
2026-04-26 16:00:11.000 UTC,-49851728098889988743,49575000,-276385
2026-04-26 16:00:47.000 UTC,-49851329311660240969,49575000,-276385
2026-04-26 16:02:47.000 UTC,1559344316454481267025,-1548962935,-276388
2026-04-26 16:03:59.000 UTC,-247563806167367249427,246135853,-276387
2026-04-26 16:19:23.000 UTC,233408703266387205298,-231830658,-276388
2026-04-26 16:19:59.000 UTC,149713347395683171724,-148696587,-276388
2026-04-26 16:20:59.000 UTC,-103330000888688768481,102730572,-276388
2026-04-26 16:25:59.000 UTC,-295841374277430130263,294134583,-276387
2026-04-26 16:46:47.000 UTC,200383004204525820729,-199029287,-276387
2026-04-26 16:51:59.000 UTC,699624052643581380778,-694847493,-276389
2026-04-26 16:57:23.000 UTC,-308685134688479465941,306874834,-276388
2026-04-26 16:57:35.000 UTC,140576225035163057946,-139613974,-276388
2026-04-26 16:57:47.000 UTC,464584728202785230404,-461382237,-276389
2026-04-26 17:00:59.000 UTC,803108577211141629599,-797491502,-276390
2026-04-26 17:01:35.000 UTC,177066306724504899944,-175814058,-276391
2026-04-26 17:06:23.000 UTC,-99606072364184684157,99000000,-276390
2026-04-26 17:06:23.000 UTC,-144670654661565400586,143793196,-276390
2026-04-26 17:07:11.000 UTC,-99753080278105007393,99150000,-276390
2026-04-26 17:12:47.000 UTC,-301325262204980583091,299513167,-276390
2026-04-26 17:17:11.000 UTC,-304909964887580501145,303091051,-276389
2026-04-26 17:21:23.000 UTC,-95627016418110140634,95059616,-276389
2026-04-26 17:28:35.000 UTC,-171024319703972647234,170013188,-276389
2026-04-26 17:30:11.000 UTC,-17504293472419521478,17401068,-276389
2026-04-26 17:57:23.000 UTC,-123116252652242088506,122391595,-276388
2026-04-26 18:11:47.000 UTC,-25130680711951274154,24983060,-276388
2026-04-26 18:14:59.000 UTC,-129953991020857002845,129192231,-276388
2026-04-26 18:19:47.000 UTC,10019714779111364126,-9951118,-276388
2026-04-26 18:33:23.000 UTC,1058769090346743250153,-1051430539,-276390
2026-04-26 18:34:11.000 UTC,-398989935751754033208,396600000,-276389
2026-04-26 18:57:35.000 UTC,-99743493495685873285,99150000,-276389
2026-04-26 19:07:23.000 UTC,-89362583597387502975,88832207,-276389
2026-04-26 19:23:11.000 UTC,-90136046094817823972,89602369,-276389
2026-04-26 19:27:35.000 UTC,-49869711539152504920,49575000,-276389
2026-04-26 19:29:11.000 UTC,-49869312536116837028,49575000,-276389
2026-04-26 19:35:23.000 UTC,-243893813186531799284,242460143,-276388
2026-04-26 19:52:47.000 UTC,-847623893134174508030,842715129,-276387
2026-04-26 20:03:11.000 UTC,-171517349768909703761,170538000,-276387
2026-04-26 20:55:11.000 UTC,47858870159001555873,-47538498,-276387
2026-04-26 20:59:59.000 UTC,69165941974215876645,-68702293,-276387
2026-04-26 21:15:11.000 UTC,-99719090967412696945,99150000,-276387
2026-04-26 21:26:59.000 UTC,-12645254982937758670,12573203,-276387
2026-04-26 21:45:11.000 UTC,47072569277916585792,-46757429,-276387
2026-04-26 21:48:11.000 UTC,127707591674424757634,-126850840,-276387
2026-04-26 22:09:59.000 UTC,-25732520346426388100,25585259,-276387
2026-04-26 22:13:47.000 UTC,-23629637578541880224,23494504,-276387
2026-04-26 22:13:59.000 UTC,-52709132607969573605,52408019,-276387
2026-04-26 22:16:47.000 UTC,-11567623541180104492,11501600,-276387
2026-04-26 22:20:11.000 UTC,-49867154387579596656,49582776,-276387
2026-04-26 22:22:47.000 UTC,-199463699843308983279,198330180,-276386
2026-04-26 22:25:23.000 UTC,-124661300252400724402,123956094,-276386
2026-04-26 22:35:23.000 UTC,62434315865056673877,-62019370,-276386
2026-04-26 23:17:47.000 UTC,13404626920770308025,-13315457,-276386
2026-04-26 23:19:23.000 UTC,34415297473496077488,-34186230,-276386
2026-04-27 00:06:35.000 UTC,967876186650448277893,-961356766,-276388
2026-04-27 00:25:23.000 UTC,50214893488396681772,-49872584,-276388
2026-04-27 00:28:47.000 UTC,62985450654781335160,-62555518,-276388
2026-04-27 00:49:23.000 UTC,-4255157060590673049,4230322,-276388
2026-04-27 00:49:47.000 UTC,-23863787547786484749,23724557,-276388
2026-04-27 01:02:11.000 UTC,-126515910762554476926,125779282,-276388
2026-04-27 01:15:47.000 UTC,144192842017897574694,-143209770,-276388
2026-04-27 01:16:23.000 UTC,131081419133088151492,-130184864,-276388
2026-04-27 01:17:35.000 UTC,331482882419221133818,-329203437,-276389
2026-04-27 01:34:23.000 UTC,379780020359236000024,-377146950,-276389
2026-04-27 01:48:47.000 UTC,-62305082620837635165,61933456,-276389
2026-04-27 02:11:47.000 UTC,167188500931979870625,-166023737,-276390
2026-04-27 02:30:11.000 UTC,-199491042535111566996,198300000,-276389
2026-04-27 02:33:23.000 UTC,-222571509738948373428,221250159,-276389
2026-04-27 03:01:35.000 UTC,238996895506730711495,-237340201,-276389
2026-04-27 03:14:59.000 UTC,-33970247998303698,33768,-276389
2026-04-27 03:23:23.000 UTC,-942147799244923007094,936606122,-276388
2026-04-27 03:25:59.000 UTC,107866155818092100313,-107131656,-276388
2026-04-27 03:26:35.000 UTC,575005817260319160066,-571059127,-276389
2026-04-27 03:28:59.000 UTC,-199476870120281287617,198300000,-276389
2026-04-27 03:30:47.000 UTC,35842294688161642965,-35595678,-276389
2026-04-27 03:33:47.000 UTC,263054836660488027127,-261238601,-276389
2026-04-27 05:11:59.000 UTC,72879268756459600002,-72374132,-276389
2026-04-27 05:16:35.000 UTC,99942205106859360796,-99248116,-276389
2026-04-27 05:18:23.000 UTC,259746828574093788902,-257935473,-276390
2026-04-27 05:18:23.000 UTC,31223684772448755309,-31005221,-276390
2026-04-27 05:22:35.000 UTC,1427349068483645923307,-1417196595,-276392
2026-04-27 05:26:11.000 UTC,263493373242927327247,-261583732,-276392
2026-04-27 05:38:59.000 UTC,93200575879764685173,-92522468,-276393
2026-04-27 05:44:47.000 UTC,228642182964518142398,-226972775,-276393
2026-04-27 05:46:59.000 UTC,280689507880307523356,-278628706,-276393
2026-04-27 06:15:35.000 UTC,236782016676754944605,-235033831,-276394
2026-04-27 06:29:35.000 UTC,85752898879865736899,-85117575,-276394
2026-04-27 06:40:23.000 UTC,404407670229047259890,-401395738,-276395
2026-04-27 07:00:59.000 UTC,18388792167364396257,-18251218,-276395
2026-04-27 07:26:11.000 UTC,230405389784391183087,-228677074,-276395
2026-04-27 07:42:23.000 UTC,-90959912511886319824,90366941,-276395
2026-04-27 07:47:11.000 UTC,-282252778190672749223,280421152,-276394
2026-04-27 08:32:47.000 UTC,379504690060323137155,-376662085,-276395
2026-04-27 09:59:23.000 UTC,252351152932394329824,-250448282,-276395
2026-04-27 10:16:59.000 UTC,230489322293885761875,-228742449,-276396
2026-04-27 11:14:59.000 UTC,97097885349673197474,-96359452,-276396
2026-04-27 12:19:35.000 UTC,83176961119863146880,-82543205,-276396
2026-04-27 13:36:11.000 UTC,427174958317495290686,-423902814,-276397
2026-04-27 13:40:59.000 UTC,-376202396413667470905,373692781,-276396
2026-04-27 15:04:59.000 UTC,935931463845470903711,-928716836,-276398
2026-04-27 15:14:35.000 UTC,923704085308023327099,-916447117,-276399
2026-04-27 15:18:23.000 UTC,45282927609114463537,-44923679,-276399
2026-04-27 15:20:47.000 UTC,1036625722698078621453,-1028312581,-276401
2026-04-27 15:40:11.000 UTC,-80512386351116101303,79940526,-276401
2026-04-27 15:42:59.000 UTC,-812512546656116434164,806799218,-276399
2026-04-27 16:05:59.000 UTC,1610061290018690919864,-1597039500,-276402
2026-04-27 16:08:11.000 UTC,-261748733116024982863,259863524,-276402
2026-04-27 16:11:23.000 UTC,-60257983297174667684,59825528,-276402
2026-04-27 16:12:11.000 UTC,-80621488890114234996,80043794,-276401
2026-04-27 17:05:35.000 UTC,2049031119655861942040,-2031994415,-276405
2026-04-27 17:17:47.000 UTC,-1709084563051661737492,1696524402,-276402
2026-04-27 17:27:47.000 UTC,-87840022303666209562,87207042,-276402
2026-04-27 17:27:59.000 UTC,-194528065160213790796,193130656,-276401
2026-04-27 17:44:11.000 UTC,-348388606753103675392,345900982,-276401
2026-04-27 17:44:23.000 UTC,13087469283159040823,-12981378,-276401
2026-04-27 18:15:35.000 UTC,-695894163059792385047,690981615,-276400
2026-04-27 18:56:11.000 UTC,-246228118643691787258,244508381,-276399
2026-04-27 19:59:47.000 UTC,-122976588849344459766,122121295,-276399
2026-04-27 20:01:47.000 UTC,-579520382442778873489,575522272,-276398
2026-04-27 20:36:59.000 UTC,-37333826061668974592,37078095,-276398
2026-04-27 20:57:47.000 UTC,164561144598868323363,-163268862,-276398
2026-04-27 21:17:35.000 UTC,-207600058174275500388,206176634,-276398
2026-04-27 21:39:35.000 UTC,624169899986681219,-619280,-276398
2026-04-27 23:51:59.000 UTC,-101880778216049737728,101184727,-276398
2026-04-27 23:54:47.000 UTC,-188064429255690289152,186783911,-276398
2026-04-28 00:02:35.000 UTC,-100683230598634962795,100000000,-276398
2026-04-28 00:43:23.000 UTC,-155605344070859227136,154552592,-276397
2026-04-28 01:08:11.000 UTC,-238666204798575563171,237058996,-276397
2026-04-28 02:52:23.000 UTC,-355311206041011824416,352935304,-276396
2026-04-28 06:33:59.000 UTC,-302003631936395774527,300000000,-276396
2026-04-28 06:37:59.000 UTC,33176776737989050439,-32924428,-276396
2026-04-28 08:26:23.000 UTC,-119431814888764255621,118642828,-276396
2026-04-28 12:11:35.000 UTC,1660460222836444765,-1647857,-276396
2026-04-28 12:45:23.000 UTC,-271303348995044509040,269519445,-276395
2026-04-28 13:10:35.000 UTC,226592064477113757964,-224877913,-276396
2026-04-28 13:10:35.000 UTC,226497598835059543241,-224775999,-276396
2026-04-28 13:20:59.000 UTC,100617818271785713222,-99850408,-276396
2026-04-28 15:22:59.000 UTC,-708061323802545834269,703398409,-276395
2026-04-28 16:13:47.000 UTC,220895313737720732273,-219229795,-276395
2026-04-28 16:34:35.000 UTC,273200698978636274959,-271130067,-276396
2026-04-28 18:26:11.000 UTC,-136747404073219121728,135845302,-276396
2026-04-28 18:26:11.000 UTC,-97956119420604714305,97311749,-276395
2026-04-28 18:26:35.000 UTC,-78296654513896020176,77782707,-276395
2026-04-28 18:28:11.000 UTC,-250784598320205695510,249144995,-276395
2026-04-28 18:28:11.000 UTC,-201737962881305637726,200426295,-276395
2026-04-28 23:05:35.000 UTC,12587977832103780303,-12493819,-276395
2026-04-29 00:29:47.000 UTC,80019014581064432688,-79419879,-276395
2026-04-29 01:04:59.000 UTC,64353691214217744191,-63871109,-276395
2026-04-29 01:06:59.000 UTC,2769063692271945007,-2748284,-276395
2026-04-29 01:10:59.000 UTC,239618919318895539725,-237816143,-276395
2026-04-29 01:18:23.000 UTC,319155949360805717112,-316740589,-276396
2026-04-29 01:49:35.000 UTC,31438997901777765184,-31200192,-276396
2026-04-29 02:54:35.000 UTC,127711824426249899880,-126740127,-276396
2026-04-29 03:23:47.000 UTC,-180773179904037398279,179578064,-276396
2026-04-29 03:38:35.000 UTC,-125425701521547329536,124599555,-276396
2026-04-29 04:32:59.000 UTC,-609170402119269864237,605193601,-276395
2026-04-29 04:34:11.000 UTC,-258198889738083066707,256531153,-276394
2026-04-29 04:42:35.000 UTC,-381968103316084239771,379520411,-276394
2026-04-29 05:18:23.000 UTC,-84700141219229128578,84160524,-276393
2026-04-29 06:33:23.000 UTC,324113630449521167335,-321720586,-276394
2026-04-29 07:56:35.000 UTC,97399363456686279288,-96676963,-276394
2026-04-29 09:51:23.000 UTC,-670127455131941499510,665853439,-276393
2026-04-29 12:06:47.000 UTC,858207969633414125855,-851869050,-276394
2026-04-29 12:18:11.000 UTC,778510467084686874036,-772658837,-276396
2026-04-29 12:30:35.000 UTC,705467895557378,-700,-276396
2026-04-29 12:50:47.000 UTC,-888207376959261811196,882421200,-276394
2026-04-29 13:13:59.000 UTC,-388211500509275035946,385722000,-276394
2026-04-29 13:13:59.000 UTC,54324215566837710288,-53923330,-276394
2026-04-29 13:20:11.000 UTC,645954273434636,-641,-276394
2026-04-29 13:33:11.000 UTC,269392148345883028687,-267397230,-276394
2026-04-29 13:33:35.000 UTC,988483650905746356433,-981064754,-276396
2026-04-29 13:33:47.000 UTC,205664231643910269118,-204101117,-276396
2026-04-29 15:24:47.000 UTC,921131545565502253528,-914048097,-276397
2026-04-29 15:48:47.000 UTC,614882274846820294880,-610078758,-276398
2026-04-29 15:50:11.000 UTC,349451388638676501818,-346694648,-276399
2026-04-29 16:06:59.000 UTC,-584314664360382314907,580296219,-276398
2026-04-29 16:11:59.000 UTC,-83989165247062226730,83416026,-276398
2026-04-29 16:29:59.000 UTC,126487860761195567206,-125498690,-276398
2026-04-29 18:12:59.000 UTC,114014761214426831402,-113120953,-276398
2026-04-29 18:31:47.000 UTC,105339666568576615686,-104512029,-276398
2026-04-29 18:37:47.000 UTC,-398244883104921414807,395520638,-276398
2026-04-29 18:37:47.000 UTC,-435203104036826390415,432254927,-276397
2026-04-29 18:47:35.000 UTC,497000000000000000000,-493137250,-276398
2026-04-29 19:01:11.000 UTC,-510348353272416913347,506889174,-276397
2026-04-29 19:12:11.000 UTC,-6188643695595478583202,6150000000,-276387
2026-04-29 19:12:23.000 UTC,2286541818442746588800,-2270702979,-276391
2026-04-29 19:32:35.000 UTC,397162821401355494300,-394326824,-276392
2026-04-29 19:39:47.000 UTC,99776476457540330224,-99060062,-276392
2026-04-29 21:43:35.000 UTC,223516849536601260555,-221906203,-276392
2026-04-29 23:01:23.000 UTC,-253302806992489675399,251729796,-276392
2026-04-29 23:02:35.000 UTC,500000000000000000000,-496388416,-276392
2026-04-30 00:47:23.000 UTC,206552363833687714383,-205048787,-276393
2026-04-30 00:47:35.000 UTC,258633445923660861856,-256741176,-276393
2026-04-30 00:48:11.000 UTC,-503192023099601117,500000,-276393
2026-04-30 00:50:59.000 UTC,-503191982485414496,500000,-276393
2026-04-30 01:41:23.000 UTC,27989174341839697913,-27783760,-276393
2026-04-30 02:31:11.000 UTC,179289567665763376052,-177970793,-276393
2026-04-30 02:35:59.000 UTC,32250109362908317033,-32012349,-276394
2026-04-30 02:38:23.000 UTC,381071098543845581399,-378249162,-276394
2026-04-30 02:39:23.000 UTC,63545665100514944956,-63072844,-276394
2026-04-30 02:44:35.000 UTC,34281381688523027705,-34026039,-276394
2026-04-30 03:31:23.000 UTC,5102553560737102746,-5064531,-276394
2026-04-30 07:39:23.000 UTC,-137602579050463787612,136715357,-276394
2026-04-30 07:53:59.000 UTC,-299369827947222814054,297450000,-276394
2026-04-30 08:26:59.000 UTC,182004930721247776947,-180658661,-276394
2026-04-30 08:27:11.000 UTC,91462017970091134377,-90783493,-276394
2026-04-30 08:41:35.000 UTC,10950433234808701024,-10869106,-276394
2026-04-30 08:43:47.000 UTC,60499740482624106962,-60050077,-276394
2026-04-30 08:57:23.000 UTC,-81215599754171939083,80692774,-276394
2026-04-30 10:04:47.000 UTC,-3346841438823733370,3325319,-276394
2026-04-30 11:06:47.000 UTC,-84490984141723300755,83948234,-276394
2026-04-30 11:50:11.000 UTC,16393052069546480779,-16271552,-276394
2026-04-30 12:46:35.000 UTC,-218291219695229192921,216893663,-276394
2026-04-30 14:21:35.000 UTC,906363851982743519199,-899611130,-276395
2026-04-30 14:53:47.000 UTC,-47176447744160442602,46868600,-276395
2026-04-30 14:53:59.000 UTC,-39348435716251897064,39091940,-276395
2026-04-30 15:00:47.000 UTC,-175543975495538415557,174402685,-276395
2026-04-30 15:15:47.000 UTC,-152951499574338777371,151961096,-276394
2026-04-30 15:32:23.000 UTC,-566556235075440983425,562920106,-276393
2026-04-30 16:39:11.000 UTC,227544762732348546837,-225864506,-276394
2026-04-30 17:15:11.000 UTC,633528761483864301346,-628807199,-276395
2026-04-30 21:18:35.000 UTC,32353396709268676684,-32110559,-276395
2026-04-30 22:15:11.000 UTC,19355159050893951581,-19209804,-276395
2026-04-30 23:47:11.000 UTC,15033553830552702984,-14920612,-276395
2026-05-01 01:51:23.000 UTC,-206768248869921356747,205423405,-276395
2026-05-01 01:56:23.000 UTC,-199591704988335631620,198300000,-276394
2026-05-01 03:10:47.000 UTC,-238883786106413200673,237346140,-276394
2026-05-01 03:21:35.000 UTC,-527359552579063250944,523997245,-276393
2026-05-01 03:21:47.000 UTC,-47338504474977704494,47038855,-276393
2026-05-01 03:23:11.000 UTC,-485756026109351574393,482701856,-276392
2026-05-01 03:36:35.000 UTC,-69022304228522065920,68591382,-276392
2026-05-01 12:24:23.000 UTC,-178267112606080398344,177157662,-276392
2026-05-01 12:30:35.000 UTC,-26294250855138982606,26131037,-276392
2026-05-01 15:02:35.000 UTC,24152047600144302100,-23978138,-276392
2026-05-01 20:26:59.000 UTC,-77251970461483145576,76772791,-276392
2026-05-01 22:24:11.000 UTC,-201243811701357298538,200000000,-276391
2026-05-02 01:30:23.000 UTC,18519249816885391305,-18386658,-276391
2026-05-02 05:15:59.000 UTC,24000647002757470934,-23828729,-276391
2026-05-02 06:40:59.000 UTC,379268879575253910654,-376539994,-276392
2026-05-02 09:51:35.000 UTC,-208021416258610624115,206728521,-276392
2026-05-02 10:24:23.000 UTC,386496352371136883046,-383704713,-276392
2026-05-02 10:24:23.000 UTC,70365093161266672526,-69854292,-276392
2026-05-02 10:24:59.000 UTC,229671714655719257300,-227998975,-276393
2026-05-02 10:25:11.000 UTC,229271559388250605702,-227593361,-276393
2026-05-02 11:49:59.000 UTC,91998594041620305207,-91322840,-276393
2026-05-02 11:57:59.000 UTC,-515637303702833121,512360,-276393
2026-05-02 14:21:23.000 UTC,308566309562460231701,-306290000,-276394
2026-05-02 15:20:59.000 UTC,115447469262994251257,-114591912,-276394
2026-05-02 16:02:59.000 UTC,177525599990000000000,-176205857,-276394
2026-05-02 21:38:23.000 UTC,-156474804695045795013,155466723,-276394
2026-05-02 21:39:11.000 UTC,-323428434676429211031,321357129,-276394
2026-05-02 21:41:47.000 UTC,-234075841142731435168,232587168,-276393
2026-05-02 21:53:23.000 UTC,-25749128888057241733,25585903,-276393
2026-05-03 04:07:59.000 UTC,91840627021766985365,-91166722,-276393
2026-05-03 06:13:11.000 UTC,2264974253290630485,-2248337,-276393
2026-05-03 15:00:23.000 UTC,-90533282952769657485,89958867,-276393
2026-05-03 20:37:35.000 UTC,-376699180674548829609,374323123,-276393
2026-05-03 21:44:35.000 UTC,91476694377415048206,-90810899,-276393
2026-05-03 22:03:11.000 UTC,-370948584780681529730,368625497,-276392
2026-05-03 22:04:11.000 UTC,-301382998769692129547,299511720,-276392
2026-05-03 22:04:23.000 UTC,-84204417006693453299,83684183,-276391
2026-05-03 23:24:11.000 UTC,103232553918635315009,-102492033,-276392
2026-05-03 23:24:23.000 UTC,208725775469767624831,-207223335,-276392
2026-05-03 23:49:35.000 UTC,14135207626709899228,-14033209,-276392
2026-05-03 23:52:23.000 UTC,89211866457135619363,-88567389,-276392
2026-05-04 00:04:23.000 UTC,229715242190506247639,-228049922,-276392
2026-05-04 00:26:47.000 UTC,51892236481814769941,-51514881,-276393
2026-05-04 01:31:59.000 UTC,-44410236718546944000,44131384,-276392
2026-05-04 01:42:11.000 UTC,-5331189632110145516314,5300000000,-276384
2026-05-04 01:45:23.000 UTC,112613382925905829022,-111889454,-276384
2026-05-04 02:08:59.000 UTC,218317291668094307810,-216908094,-276384
2026-05-04 03:02:23.000 UTC,425432866458745468165,-422664955,-276385
2026-05-04 03:28:47.000 UTC,78016977396006665274,-77506261,-276385
2026-05-04 03:30:11.000 UTC,221949816603056604113,-220491581,-276386
2026-05-04 03:50:59.000 UTC,-28785217053541060047,28624270,-276386
2026-05-04 05:54:11.000 UTC,119082499400972931038,-118297425,-276386
2026-05-04 06:00:47.000 UTC,10093207797573480370,-10026562,-276386
2026-05-04 06:01:59.000 UTC,3907425719140547481,-3881620,-276386
2026-05-04 06:05:59.000 UTC,244504587439324487459,-242885017,-276386
2026-05-04 06:08:35.000 UTC,7156134485044540178,-7108589,-276386
2026-05-04 06:09:11.000 UTC,213234244592210377826,-211813787,-276387
2026-05-04 06:09:11.000 UTC,283125004477656751759,-281227777,-276387
2026-05-04 06:23:59.000 UTC,69884531790780432272,-69414269,-276387
2026-05-04 06:25:47.000 UTC,238325207799242113079,-236715633,-276387
2026-05-04 06:27:23.000 UTC,119063130577457760378,-118255626,-276388
2026-05-04 08:23:47.000 UTC,672428642439769722014,-667825747,-276389
2026-05-04 09:06:35.000 UTC,209554190981933296978,-208105037,-276389
2026-05-04 10:06:23.000 UTC,215555541323254438651,-214057590,-276389
2026-05-04 10:07:35.000 UTC,1173724888569442234530,-1165438553,-276391
2026-05-04 10:17:47.000 UTC,319349310371291239778,-317056794,-276392
2026-05-04 10:18:11.000 UTC,130592365462343540362,-129650204,-276392
2026-05-04 10:35:47.000 UTC,-179134920393056321536,178021219,-276392
2026-05-04 10:38:59.000 UTC,-886667666116934875864,881230481,-276390
2026-05-04 11:30:47.000 UTC,600883228203125919985,-596615158,-276391
2026-05-04 11:45:59.000 UTC,775190960166010508054,-769599878,-276393
2026-05-04 13:08:59.000 UTC,118827533692155563034,-117962032,-276393
2026-05-04 13:37:47.000 UTC,-4393617799762999546,4365941,-276393
2026-05-04 13:40:59.000 UTC,4173936909774849569,-4143497,-276393
2026-05-04 14:48:47.000 UTC,-159893572616102762447,158888339,-276392
2026-05-04 14:55:47.000 UTC,-200340905241587443235,199087135,-276392
2026-05-04 15:20:47.000 UTC,953523887034820959713,-946552094,-276394
2026-05-04 15:51:47.000 UTC,161460882726880782904,-160266019,-276394
2026-05-04 16:17:35.000 UTC,279608748693268573716,-277529739,-276394
2026-05-04 16:40:59.000 UTC,-454160461570802514938,451241031,-276394
2026-05-04 16:46:35.000 UTC,-401524225012276463110,398970529,-276393
2026-05-04 17:07:23.000 UTC,7849497533976005865116,-7787128088,-276406
2026-05-04 17:07:35.000 UTC,-3038239079737290915229,3015951803,-276401
2026-05-04 17:09:47.000 UTC,-862793133083785189892,856731913,-276399
2026-05-04 17:12:35.000 UTC,-51409702419675539835,51052286,-276399
2026-05-04 17:12:47.000 UTC,-1006412140609715689081,999500000,-276398
2026-05-04 17:30:35.000 UTC,-898339216686562950689,892305602,-276396
2026-05-04 17:59:47.000 UTC,22136209956156795014,-21967095,-276396
2026-05-04 19:10:59.000 UTC,-1135035089757755016903,1127591573,-276394
2026-05-04 19:10:59.000 UTC,-486264185292153901164,483138097,-276394
2026-05-04 19:10:59.000 UTC,1153640057226177460020,-1145016383,-276395
2026-05-04 20:02:59.000 UTC,237100787483718326065,-235302183,-276396
2026-05-04 22:12:47.000 UTC,107895505159126558760,-107074068,-276396
2026-05-04 23:55:35.000 UTC,-9265144083868579623,9203735,-276396
2026-05-05 00:02:35.000 UTC,-1129811221482644631673,1122425377,-276394
2026-05-05 00:02:35.000 UTC,-653698873781147511004,649518383,-276393
2026-05-05 02:05:47.000 UTC,-72770482830355000432,72309319,-276393
2026-05-05 02:23:59.000 UTC,-77418936527723734636,76929241,-276393
2026-05-05 03:56:23.000 UTC,-2792021678322089635740,2775000000,-276388
2026-05-05 03:59:11.000 UTC,982331607919115413255,-975508307,-276390
2026-05-05 05:37:59.000 UTC,207183897239782035767,-205725171,-276390
2026-05-05 06:22:23.000 UTC,237091334537637825111,-235413653,-276391
2026-05-05 07:11:59.000 UTC,20153181175552970962,-20010162,-276391
2026-05-05 08:32:35.000 UTC,39141500000000000000,-38863544,-276391
2026-05-05 09:23:11.000 UTC,199452081818858724408,-198031926,-276391
2026-05-05 10:27:59.000 UTC,332974082233373273334,-330589100,-276392
2026-05-05 11:19:47.000 UTC,978266027711188526,-971233,-276392
2026-05-05 13:06:47.000 UTC,-254940078384650232728,253365710,-276391
2026-05-05 17:08:47.000 UTC,411407916443477086181,-408453404,-276392
2026-05-05 17:08:47.000 UTC,353069537290688457305,-350512498,-276392
2026-05-05 17:14:11.000 UTC,271115081205317986234,-269138115,-276393
2026-05-05 17:24:11.000 UTC,-20127173963967157604,20000000,-276393
2026-05-05 17:26:23.000 UTC,223087388438277769979,-221452581,-276393
2026-05-05 17:26:23.000 UTC,1089184674395240431712,-1081089291,-276395
2026-05-05 17:26:23.000 UTC,386168126103081664503,-383252599,-276396
2026-05-05 20:18:59.000 UTC,-58434669994810850098,58050008,-276396
2026-05-05 21:48:35.000 UTC,-2124616342008670248250,2111000000,-276392
2026-05-06 01:24:23.000 UTC,-165430324971151765905,164400299,-276392
2026-05-06 01:45:35.000 UTC,-63836784725252959609,63440482,-276392
2026-05-06 03:06:11.000 UTC,-2339073044501031958420,2325000000,-276388
2026-05-06 03:06:23.000 UTC,-1885710028321034861115,1875000000,-276385
2026-05-06 03:06:47.000 UTC,847940086326959618023,-842351391,-276386
2026-05-06 04:53:11.000 UTC,208443745143237871272,-207052371,-276387
2026-05-06 05:35:59.000 UTC,278152193145531433529,-276284730,-276387
2026-05-06 05:46:59.000 UTC,23175182560168436937,-23019032,-276387
2026-05-06 06:03:35.000 UTC,1521574826132747411301,-1511135557,-276390
2026-05-06 07:09:59.000 UTC,7508709588705166789,-7456279,-276390
2026-05-06 07:20:47.000 UTC,12494127206649235682,-12406866,-276390
2026-05-06 09:42:23.000 UTC,-48552219167431061207,48261511,-276390
2026-05-06 12:32:11.000 UTC,91245777795640511464,-90608453,-276390
2026-05-06 13:01:47.000 UTC,800716412554867876099,-795066788,-276391
2026-05-06 13:21:35.000 UTC,10121313188414258527,-10049246,-276391
2026-05-06 13:25:35.000 UTC,235179198110914509333,-233500069,-276391
2026-05-06 13:42:35.000 UTC,323516317570420007605,-321192095,-276392
2026-05-06 14:06:35.000 UTC,147159168203632975194,-146096427,-276392
2026-05-06 14:07:23.000 UTC,687768297532098503819,-682755734,-276393
2026-05-06 14:07:59.000 UTC,234668063304607443370,-232940540,-276394
2026-05-06 14:36:47.000 UTC,-227638603591964937740,226188836,-276393
2026-05-06 14:52:59.000 UTC,159896857951156537317,-158720543,-276393
2026-05-06 15:13:11.000 UTC,824731826278095973525,-818599901,-276395
2026-05-06 15:32:47.000 UTC,88285061330694519825,-87622244,-276395
2026-05-06 17:46:35.000 UTC,143000000000000000000,-141923769,-276395
2026-05-06 21:17:35.000 UTC,17532473169381585567,-17400298,-276395
2026-05-06 21:28:11.000 UTC,-99390498728346386432,98740572,-276395
2026-05-06 22:31:47.000 UTC,-547552293514987666747,544000000,-276394
2026-05-07 00:27:35.000 UTC,16633062557427677322,-16509336,-276394
2026-05-07 00:35:35.000 UTC,-509521499322383661116,506257500,-276393
2026-05-07 01:34:35.000 UTC,-98320818584789905086,97695737,-276393
2026-05-07 02:12:47.000 UTC,350021771363665242362,-347441764,-276394
2026-05-07 02:53:11.000 UTC,46620909870103650842,-46275796,-276394
2026-05-07 05:14:11.000 UTC,-38495758661270536415,38249007,-276394
2026-05-07 05:23:35.000 UTC,33000000000000000000,-32755709,-276394
2026-05-07 06:31:47.000 UTC,26464991237484713977,-26268952,-276394
2026-05-07 06:57:11.000 UTC,-61489843198567209627,61095610,-276394
2026-05-07 07:09:59.000 UTC,-203398880268480199503,202099111,-276393
2026-05-07 07:47:59.000 UTC,-350961112912946762457,348733888,-276393
2026-05-07 09:29:11.000 UTC,204371984655114633959,-202874387,-276393
2026-05-07 10:21:59.000 UTC,2409190966803377472,-2391497,-276393
2026-05-07 10:22:47.000 UTC,219241081972912689872,-217627052,-276394
2026-05-07 10:35:23.000 UTC,350521279745396781414,-347924889,-276394
2026-05-07 12:07:59.000 UTC,-266078915307876055377,264370529,-276394
2026-05-07 12:28:35.000 UTC,-332042949521735260964,329926860,-276393
2026-05-07 12:47:23.000 UTC,-3018519279835118636828,3000088593,-276388
2026-05-07 13:10:59.000 UTC,312756632632763579606,-310603618,-276389
2026-05-07 13:23:59.000 UTC,231683695652780568491,-230078743,-276389
2026-05-07 13:35:11.000 UTC,577347130445304680320,-573310459,-276390
2026-05-07 13:46:23.000 UTC,150084401931349069944,-149026356,-276390
2026-05-07 13:48:35.000 UTC,230644772232306214992,-229011812,-276391
2026-05-07 13:48:35.000 UTC,242064889434351395442,-240341967,-276391
2026-05-07 14:01:35.000 UTC,829597288167318125426,-823621779,-276392
2026-05-07 14:01:59.000 UTC,228718063635630782783,-227051365,-276393
2026-05-07 14:02:11.000 UTC,-140413147185326300367,139528447,-276393
2026-05-07 14:05:23.000 UTC,-135248253668163879018,134399067,-276392
2026-05-07 14:32:35.000 UTC,1051872275630435629431,-1044146130,-276394
2026-05-07 14:40:23.000 UTC,403279414067697435104,-400270579,-276395
2026-05-07 14:46:35.000 UTC,-377990162501315450722,375544706,-276394
2026-05-07 14:47:23.000 UTC,228358840019818339244,-226657339,-276395
2026-05-07 15:14:47.000 UTC,-219049037733203812994,217634325,-276394
2026-05-07 15:16:35.000 UTC,-416593577718781228993,413924137,-276393
2026-05-07 15:28:47.000 UTC,771720817834211245206,-765987421,-276395
2026-05-07 16:16:59.000 UTC,228149968282623276914,-226436809,-276395
2026-05-07 16:36:35.000 UTC,-158924778845549089670,157888402,-276395
2026-05-07 17:22:23.000 UTC,-20131659384614297151,20000665,-276395
2026-05-07 17:31:11.000 UTC,277718730319426188399,-275630104,-276395
2026-05-07 18:26:35.000 UTC,-640757062068248506096,636593107,-276394
2026-05-07 18:51:47.000 UTC,321067167443491844955,-318669987,-276395
2026-05-07 18:57:11.000 UTC,7114829892786141712248,-7057501984,-276406
2026-05-07 18:57:23.000 UTC,-3957334270203686586559,3928382747,-276400
2026-05-07 19:02:59.000 UTC,-10070495052244558350,10000000,-276400
2026-05-07 19:08:11.000 UTC,-3322328322976586624560,3299953162,-276394
2026-05-07 20:28:35.000 UTC,-58862286044279729315,58481715,-276394
2026-05-07 20:47:59.000 UTC,-166677279673175473566,165602632,-276394
2026-05-07 21:11:47.000 UTC,228318672745164124090,-226618684,-276394
2026-05-07 23:23:47.000 UTC,40503013536609111093,-40200574,-276395
2026-05-08 02:17:59.000 UTC,67780385679026661898,-67273681,-276395
2026-05-08 02:20:59.000 UTC,226049926751689852358,-224354765,-276395
2026-05-08 02:45:47.000 UTC,-262156359457403526058,260451576,-276395
2026-05-08 03:25:11.000 UTC,29582290909027838326,-29361084,-276395
2026-05-08 03:45:47.000 UTC,-214003896793253860238,212619356,-276394
2026-05-08 04:12:11.000 UTC,-205413792869617060027,204091692,-276394
2026-05-08 04:19:47.000 UTC,-73801012969863547129,73327651,-276394
2026-05-08 06:06:11.000 UTC,215860704102312532271,-214259304,-276394
2026-05-08 07:16:11.000 UTC,88380756846710274971,-87722949,-276394
2026-05-08 07:27:11.000 UTC,234597571907262990380,-232845463,-276395
2026-05-08 07:29:11.000 UTC,225837123078396794181,-224142169,-276395
2026-05-08 07:46:59.000 UTC,-500379589225063249354,497132087,-276394
2026-05-08 08:50:59.000 UTC,-272999809193392775235,271244842,-276394
2026-05-08 08:58:23.000 UTC,-77282261489662252124,76787613,-276394
2026-05-08 09:16:11.000 UTC,-224778107580651876765,223344816,-276393
2026-05-08 09:24:35.000 UTC,-255581803403017791712,253961876,-276393
2026-05-08 09:36:59.000 UTC,-77360944465847134034,76872669,-276393
2026-05-08 10:30:35.000 UTC,585778811152407499606,-581475940,-276394
2026-05-08 10:59:47.000 UTC,-333590813850055512308,331465097,-276393
2026-05-08 11:11:59.000 UTC,-336618825432000720237,334491792,-276393
2026-05-08 11:12:47.000 UTC,-280065318022763411343,278309401,-276392
2026-05-08 12:03:35.000 UTC,-486441604469497565098,483421495,-276391
2026-05-08 12:05:59.000 UTC,352689923174238017585,-350153569,-276392
2026-05-08 12:26:23.000 UTC,228377399492916574479,-226724472,-276392
2026-05-08 12:27:23.000 UTC,91815338615275788386,-91148467,-276392
2026-05-08 12:54:35.000 UTC,35961300000000000000,-35699740,-276393
2026-05-08 13:07:35.000 UTC,319341213502586277707,-317009503,-276393
2026-05-08 13:15:35.000 UTC,818079277613039906135,-812031928,-276394
2026-05-08 13:15:47.000 UTC,610742586432668528384,-606158469,-276395
2026-05-08 13:17:59.000 UTC,-292748833041888921244,290834877,-276395
2026-05-08 13:18:11.000 UTC,-161953603445084094347,160900638,-276395
2026-05-08 13:19:11.000 UTC,-320825065195399787732,318751513,-276394
2026-05-08 13:28:35.000 UTC,205052999923818684898,-203525918,-276394
2026-05-08 13:33:47.000 UTC,226928960588452550063,-225231164,-276395
2026-05-08 14:28:11.000 UTC,180614391666516245692,-179257247,-276395
2026-05-08 14:46:23.000 UTC,-299676791377120744037,297725501,-276395
2026-05-08 14:54:47.000 UTC,-86357422378566152612,85797778,-276394
2026-05-08 14:59:59.000 UTC,-2289403171550106444588,2275000000,-276391
2026-05-08 16:16:11.000 UTC,-322912629481651118216,320948349,-276390
2026-05-08 17:00:35.000 UTC,-92751547265344946493,92190413,-276390
2026-05-08 17:08:11.000 UTC,-80324758111827609504,79839912,-276390
2026-05-08 17:47:47.000 UTC,1526890089970284570821,-1515980562,-276392
2026-05-08 19:00:23.000 UTC,-103510221598561693640,102861758,-276392
2026-05-08 19:07:59.000 UTC,-203898069648622125948,202625699,-276392
2026-05-08 19:42:23.000 UTC,3354689414923467515,-3330476,-276392
2026-05-08 20:07:11.000 UTC,7082762024453238545915,-7027648103,-276403
2026-05-08 20:07:23.000 UTC,-2483704644414959118971,2465935219,-276399
2026-05-08 20:07:23.000 UTC,-2479528274715354396125,2462768553,-276395
2026-05-08 21:02:59.000 UTC,5487860703091910305,-5446397,-276395
2026-05-08 22:02:11.000 UTC,-46659812220209201152,46353776,-276395
2026-05-08 22:14:47.000 UTC,-38043573426092127934,37794307,-276395
2026-05-08 22:47:47.000 UTC,-912352789723820584944,906444000,-276394
2026-05-08 23:17:23.000 UTC,123057714000988949768,-122146241,-276394
2026-05-09 01:54:59.000 UTC,-49610845238856686732,49292375,-276394
2026-05-09 02:03:23.000 UTC,19586427596888760360,-19441285,-276394
2026-05-09 06:06:59.000 UTC,-84933578138452754178,84389003,-276394
2026-05-09 07:04:59.000 UTC,-3722739534822900592173,3700000000,-276388
2026-05-09 07:05:11.000 UTC,-416375382389768297454,413969463,-276387
2026-05-09 07:05:47.000 UTC,106874111855806966127,-106152973,-276387
2026-05-09 07:22:47.000 UTC,136793523563107771897,-135867847,-276388
2026-05-09 09:19:59.000 UTC,40030102755995003073,-39758656,-276388
2026-05-09 10:18:59.000 UTC,51825819388058551907,-51474007,-276388
2026-05-09 12:34:59.000 UTC,23510037764597509516,-23350302,-276388
2026-05-09 13:22:23.000 UTC,19803157201073691759,-19668539,-276388
2026-05-09 13:40:35.000 UTC,10438137987079122959,-10367156,-276388
2026-05-09 14:22:59.000 UTC,79664903544692694992,-79122593,-276388
2026-05-09 14:41:11.000 UTC,322145136015950977912,-319941860,-276388
2026-05-09 16:07:35.000 UTC,-239651107387882616347,238248658,-276388
2026-05-09 16:07:35.000 UTC,-340116930444656641142,338142277,-276387
2026-05-09 16:56:47.000 UTC,-272247635073529824849,270680315,-276387
2026-05-09 17:38:47.000 UTC,-240946127429164615078,239568872,-276387
2026-05-09 20:01:35.000 UTC,59345414471794018954,-58948061,-276387
2026-05-09 23:31:11.000 UTC,82186759698452718849,-81635544,-276387
2026-05-10 00:02:35.000 UTC,449625585970832323094,-446590962,-276388
2026-05-10 00:10:11.000 UTC,110298530026879492968,-109549182,-276388
2026-05-10 00:10:23.000 UTC,108319732297964482274,-107581942,-276388
2026-05-10 01:12:23.000 UTC,49998363451731708201,-49657182,-276388
2026-05-10 02:29:35.000 UTC,27363259414474960614,-27176368,-276388
2026-05-10 03:10:35.000 UTC,79926264902700306696,-79379686,-276388
2026-05-10 03:42:35.000 UTC,8518262862214209983,-8459950,-276388
2026-05-10 05:00:47.000 UTC,281093328343492424104,-279162598,-276389
2026-05-10 05:39:59.000 UTC,-80158032293162664108,79685839,-276389
2026-05-10 07:02:35.000 UTC,-100204619010378132714,99615777,-276388
2026-05-10 11:03:47.000 UTC,25004295601848198184,-24832659,-276388
2026-05-10 11:03:59.000 UTC,-9578145259787510556,9521906,-276388
2026-05-10 13:23:35.000 UTC,-70002584870526185376,69592000,-276388
2026-05-10 13:32:11.000 UTC,-216129304563950528095,214866578,-276388
2026-05-10 14:24:11.000 UTC,108491940295528702268,-107751180,-276388
2026-05-10 15:42:23.000 UTC,-255868461013263746171,254378766,-276388
2026-05-10 15:51:59.000 UTC,-252336288626317609662,250877386,-276387
2026-05-10 15:53:23.000 UTC,-230914969566122690019,229588817,-276387
2026-05-10 15:58:35.000 UTC,-858869214084147999262,854011361,-276386
2026-05-10 16:21:47.000 UTC,233653423161126590941,-232111225,-276386
2026-05-10 16:52:47.000 UTC,-242534494393398588197,241174968,-276386
2026-05-10 20:16:23.000 UTC,475386893057529969561,-472240695,-276386
2026-05-10 20:46:11.000 UTC,54593923432035835214,-54230306,-276386
2026-05-10 20:49:35.000 UTC,334677335574646409337,-332437873,-276387
2026-05-10 20:49:59.000 UTC,212192414772976979146,-210763306,-276387
2026-05-10 20:49:59.000 UTC,321569409200326750948,-319384604,-276388
2026-05-10 20:49:59.000 UTC,104972934643778559059,-104263294,-276387
2026-05-10 22:24:59.000 UTC,-57565173413846396787,57230071,-276388
2026-05-10 22:34:11.000 UTC,-238171369334317741907,236790524,-276387
2026-05-10 22:34:35.000 UTC,-73993769658651508736,73566619,-276387
2026-05-10 22:35:23.000 UTC,-35749885980905560443,35543822,-276387
2026-05-10 23:08:11.000 UTC,-131429335226040185332,130673523,-276387
2026-05-11 00:14:59.000 UTC,235975431078192310632,-234381880,-276387
2026-05-11 00:21:23.000 UTC,234818312961986745502,-233223772,-276388
2026-05-11 00:22:11.000 UTC,-603480368238581194114,600000000,-276387
2026-05-11 00:26:23.000 UTC,-1508445310801511295705,1500000000,-276384
2026-05-11 00:26:35.000 UTC,-17585380389562613761,17489067,-276384
2026-05-11 00:52:47.000 UTC,80798860696693336860,-80275588,-276385
2026-05-11 00:54:23.000 UTC,75817828438854326237,-75325868,-276385
2026-05-11 02:00:23.000 UTC,435492379440476266207,-432648851,-276385
2026-05-11 02:15:23.000 UTC,80877344053351741352,-80345932,-276386
2026-05-11 02:16:47.000 UTC,48607447119436379281,-48287566,-276386
2026-05-11 02:34:23.000 UTC,302992678568430370739,-300990225,-276386
2026-05-11 02:34:23.000 UTC,23897533230827305479,-23738974,-276386
2026-05-11 02:43:35.000 UTC,335615907008198405530,-333379499,-276387
2026-05-11 02:58:47.000 UTC,14200698771672914619,-14105675,-276387
2026-05-11 03:02:47.000 UTC,70640535656529367080,-70167370,-276387
2026-05-11 03:07:11.000 UTC,118205627442864724516,-117412082,-276387
2026-05-11 03:07:47.000 UTC,196802522464948672237,-195476399,-276387
2026-05-11 03:08:11.000 UTC,70763715342504806212,-70285377,-276387
2026-05-11 03:11:23.000 UTC,16569096780802522763,-16456980,-276387
2026-05-11 03:14:23.000 UTC,209511041444912360546,-208089589,-276388
2026-05-11 03:18:11.000 UTC,348509707532796200403,-346129715,-276388
2026-05-11 03:32:23.000 UTC,25423325845689649763,-25248951,-276388
2026-05-11 03:39:11.000 UTC,237950990113639621516,-236313933,-276389
2026-05-11 03:53:59.000 UTC,59308956274171666119,-58899518,-276389
2026-05-11 04:10:11.000 UTC,16793482129443918373,-16677447,-276389
2026-05-11 05:39:59.000 UTC,86075654529349533891,-85480206,-276389
2026-05-11 06:35:23.000 UTC,12677498487247322316,-12589699,-276389
2026-05-11 07:03:35.000 UTC,25486289301747783,-25309,-276389
2026-05-11 07:44:35.000 UTC,25951648335849645323,-25771838,-276389
2026-05-11 07:47:47.000 UTC,99299122719689095818,-98610121,-276389
2026-05-11 08:09:11.000 UTC,97326942325695138599,-96650102,-276389
2026-05-11 08:23:23.000 UTC,85315284703683976906,-84720736,-276390
2026-05-11 10:01:47.000 UTC,22071721787316382675,-21917718,-276390
2026-05-11 10:18:59.000 UTC,-380401803228804929899,378136494,-276389
2026-05-11 11:17:35.000 UTC,232639874690626055119,-231026037,-276389
2026-05-11 11:17:35.000 UTC,-13590776576231866368,13509766,-276389
2026-05-11 12:54:23.000 UTC,21974320987543991212,-21821485,-276389
2026-05-11 12:59:59.000 UTC,-4852055478345031356347,4825000000,-276382
2026-05-11 13:05:35.000 UTC,212800117440756452405,-211480668,-276382
2026-05-11 13:08:11.000 UTC,9253662972655187562,-9196122,-276382
2026-05-11 13:08:59.000 UTC,-3869690966994801914851,3850000000,-276380
2026-05-11 13:09:11.000 UTC,3392232051768501509567,-3371643235,-276381
2026-05-11 13:20:11.000 UTC,-3668611169822866612737,3650000000,-276380
2026-05-11 13:22:11.000 UTC,2027664176141428359696,-2015383822,-276380
2026-05-11 13:22:35.000 UTC,1647908928231059392656,-1637886393,-276381
2026-05-11 13:28:47.000 UTC,1495555905265353690598,-1486190062,-276384
2026-05-11 13:29:47.000 UTC,231696559290986148843,-230213677,-276384
2026-05-11 13:38:35.000 UTC,425697802425601907848,-422950993,-276385
2026-05-11 14:09:35.000 UTC,-43526862688512638976,43287958,-276385
2026-05-11 14:28:11.000 UTC,38297484997554563161,-38049220,-276385
2026-05-11 14:32:59.000 UTC,3663979288751997073055,-3639146993,-276390
2026-05-11 14:38:35.000 UTC,881723036877670158186,-875428104,-276392
2026-05-11 15:03:23.000 UTC,-254780965766039553837,253202423,-276391
2026-05-11 15:28:23.000 UTC,-602597172995417560610,598904854,-276391
2026-05-11 15:54:35.000 UTC,-198333167784438880899,197130577,-276390
2026-05-11 16:46:59.000 UTC,8443127425470338,-8383,-276390
2026-05-11 17:01:23.000 UTC,4926312827312604,-4891,-276390
2026-05-11 17:35:35.000 UTC,122644807702668768085,-121780020,-276390
2026-05-11 17:45:59.000 UTC,-375656939605221649883,373388995,-276390
2026-05-11 18:44:35.000 UTC,24889092925808854567,-24714793,-276390
2026-05-11 19:03:11.000 UTC,17183208386553500509,-17062815,-276390
2026-05-11 19:23:59.000 UTC,-70651154619916439045,70226655,-276390
2026-05-11 19:30:23.000 UTC,-48922292613845482250,48628815,-276390
2026-05-11 20:02:11.000 UTC,-96428855835880916596,95851510,-276390
2026-05-11 21:15:59.000 UTC,-39405504799703938882,39170000,-276389
2026-05-11 22:44:47.000 UTC,27770736793356681291,-27577194,-276389
2026-05-11 23:06:59.000 UTC,-32299096098500325009,32106105,-276389
2026-05-12 01:22:35.000 UTC,20048709462945195351,-19909011,-276389
2026-05-12 03:35:11.000 UTC,3513493237664330920,-3489004,-276389
2026-05-12 03:40:35.000 UTC,104355473130249578637,-103627237,-276390
2026-05-12 04:00:35.000 UTC,69532800731031020176,-69046609,-276390
2026-05-12 06:43:35.000 UTC,-92823006114207323058,92266380,-276390
2026-05-12 08:23:35.000 UTC,96556760259508958735,-95881761,-276390
2026-05-12 08:26:11.000 UTC,316038203905139512961,-313818495,-276390
2026-05-12 09:17:11.000 UTC,433818518091407497506,-430745678,-276391
2026-05-12 10:35:23.000 UTC,26665902382038438181,-26476044,-276391
2026-05-12 11:19:47.000 UTC,266539848447517898566,-264635892,-276391
2026-05-12 13:00:35.000 UTC,-274075343381550674939,272390050,-276391
2026-05-12 13:42:47.000 UTC,-516953154568551050064,513807000,-276390
2026-05-12 13:53:59.000 UTC,10239712090287901900602,-10159300117,-276407
2026-05-12 13:53:59.000 UTC,-6960564865661796305470,6911000000,-276395
2026-05-12 13:54:11.000 UTC,-2821099875494091703224,2803209002,-276391
2026-05-12 15:02:35.000 UTC,98018566245552606056,-97320831,-276391
2026-05-12 15:06:59.000 UTC,502649629878221035,-499067,-276391
2026-05-12 15:08:11.000 UTC,-111386567349000024021,110704461,-276391
2026-05-12 15:15:47.000 UTC,21919600500144047886,-21763745,-276391
2026-05-12 17:12:47.000 UTC,21918922532306071000,-21762996,-276391
2026-05-12 18:34:47.000 UTC,-480523302276370813906,477600000,-276390
2026-05-12 21:16:59.000 UTC,-201213160070775104165,200000000,-276390
2026-05-12 22:04:23.000 UTC,-199649703681655531789,198452352,-276390
2026-05-12 22:15:11.000 UTC,184466100612704451252,-183176718,-276390
2026-05-12 22:32:23.000 UTC,-603599032087163078123,600000000,-276389
2026-05-13 01:28:59.000 UTC,-70413274816649396956,69997212,-276389
2026-05-13 02:16:11.000 UTC,-38911332828026808352,38681750,-276389
2026-05-13 02:24:59.000 UTC,-48687834170369507328,48400909,-276389
2026-05-13 03:40:47.000 UTC,83734610107099421545,-83157693,-276389
2026-05-13 03:47:47.000 UTC,-80508058608237610679,80033366,-276389
2026-05-13 03:51:59.000 UTC,-77920760341650664779,77462308,-276388
2026-05-13 04:30:47.000 UTC,-45028400745656684023,44763914,-276388
2026-05-13 09:27:23.000 UTC,-50513259215076387981,50216941,-276388
2026-05-13 10:17:47.000 UTC,487405516083929814366,-484044938,-276389
2026-05-13 11:49:23.000 UTC,40211227902532501336,-39932289,-276389
2026-05-13 12:38:59.000 UTC,160840989176856091454,-159722686,-276389
2026-05-13 12:39:47.000 UTC,34609775096078724249,-34368600,-276389
2026-05-13 13:50:23.000 UTC,80560451142844136952,-79998334,-276390
2026-05-13 13:57:23.000 UTC,148889588767058139959,-147847980,-276390
2026-05-13 14:02:23.000 UTC,235327239634160957415,-233673728,-276390
2026-05-13 15:28:23.000 UTC,338932689047623497590,-336535706,-276391
2026-05-13 17:01:59.000 UTC,-131204910782675317960,130405214,-276391
2026-05-13 18:17:59.000 UTC,-3244047697241094709233,3225148296,-276385
2026-05-13 18:44:35.000 UTC,-180036602720951561221,179036906,-276385
2026-05-14 00:08:35.000 UTC,-39112536037285336983,38896039,-276385
2026-05-14 00:13:47.000 UTC,-80411211457161422812,79966882,-276385
2026-05-14 02:46:35.000 UTC,-201069643521281042898,199963105,-276385
2026-05-14 05:45:35.000 UTC,-30598705496731156999,30430879,-276385
2026-05-14 06:13:11.000 UTC,-2364511371097294989,2351549,-276385
2026-05-14 09:37:59.000 UTC,57178525997887180597,-56807964,-276385
2026-05-14 11:26:35.000 UTC,5693784093859111007,-5656855,-276385
2026-05-14 11:40:59.000 UTC,500000000000000000000,-496736959,-276385
2026-05-14 11:51:59.000 UTC,206727710535685527973,-205366949,-276386
2026-05-14 14:46:59.000 UTC,-628888118787964172039,625394941,-276385
2026-05-14 14:49:11.000 UTC,-804107984352070898236,799733488,-276383
2026-05-14 15:00:47.000 UTC,-355667375734149221475,353765399,-276383
2026-05-14 16:09:35.000 UTC,-145989205589841936384,145214356,-276383
2026-05-14 16:09:59.000 UTC,-223788521052925405120,222607349,-276382
2026-05-14 16:11:23.000 UTC,-503542031841593603897,500913535,-276381
2026-05-14 16:39:35.000 UTC,-249631102258758693633,248343034,-276381
2026-05-14 18:40:23.000 UTC,5878783742289080761,-5842717,-276381
2026-05-14 19:13:47.000 UTC,16476824394119343517,-16375709,-276381
2026-05-14 22:58:11.000 UTC,-243796055756249689125,242546830,-276381
2026-05-14 22:58:59.000 UTC,88278637313934015868,-87739583,-276381
2026-05-14 23:47:11.000 UTC,33530381590510394921,-33325310,-276381
2026-05-14 23:54:47.000 UTC,202242090832143767836,-201001378,-276381
2026-05-14 23:55:23.000 UTC,28048240375768044338,-27875655,-276381
2026-05-15 00:25:23.000 UTC,92806715754300992348,-92234768,-276381
2026-05-15 00:45:35.000 UTC,-141865199504832060937,141132569,-276381
2026-05-15 00:45:47.000 UTC,234954142806349205286,-233505350,-276382
2026-05-15 00:47:11.000 UTC,106565190754923035845,-105905179,-276382
2026-05-15 01:53:11.000 UTC,54991160031153054470,-54649864,-276382
2026-05-15 02:11:59.000 UTC,30488037068599563998,-30298609,-276382
2026-05-15 02:33:23.000 UTC,17107084522671338726,-17000730,-276382
2026-05-15 02:45:47.000 UTC,154024331922536275758,-153064663,-276382
2026-05-15 04:39:59.000 UTC,700064438242114321361,-695654943,-276383
2026-05-15 04:59:35.000 UTC,27803884136808022914,-27627143,-276383
2026-05-15 05:35:11.000 UTC,37906046110786836141,-37664890,-276383
2026-05-15 05:35:59.000 UTC,56835737839930550611,-56473723,-276383
2026-05-15 05:37:11.000 UTC,94996803256731356058,-94390572,-276384
2026-05-15 05:37:35.000 UTC,641281373749260020293,-637151354,-276385
2026-05-15 05:38:59.000 UTC,29561810923731435978,-29369845,-276385
2026-05-15 05:50:23.000 UTC,7071713319108522934,-7025771,-276385
2026-05-15 11:30:47.000 UTC,8422606230542621878,-8367877,-276385
2026-05-15 13:33:35.000 UTC,70337129647361920951,-69879647,-276385
2026-05-15 13:38:35.000 UTC,802071724682776432375,-796799190,-276386
2026-05-15 13:51:59.000 UTC,1110435553058327394672,-1102966780,-276388
2026-05-15 13:58:47.000 UTC,209979611142907182575,-208545210,-276388
2026-05-15 13:59:11.000 UTC,101286352290145268970,-100591939,-276388
2026-05-15 14:02:23.000 UTC,526507664434750113725,-522871644,-276389
2026-05-15 14:08:23.000 UTC,180962489301656202753,-179702583,-276390
2026-05-15 14:29:35.000 UTC,1047473500482489,-1040,-276390
2026-05-15 15:07:11.000 UTC,-1421345191632149869407,1413002542,-276387
2026-05-15 15:17:59.000 UTC,92159258288993055823,-91536490,-276387
2026-05-15 15:18:47.000 UTC,25255641744611852027,-25084740,-276387
2026-05-15 16:15:35.000 UTC,-214538226996368101285,213302960,-276387
2026-05-15 16:31:23.000 UTC,-237435285557962090043,236076742,-276387
2026-05-15 18:31:59.000 UTC,-1002537393613142819441,996900300,-276385
2026-05-15 20:08:35.000 UTC,25543719265654719430,-25376686,-276385
2026-05-15 20:31:35.000 UTC,634922578645475606255,-630737358,-276386
2026-05-15 21:24:11.000 UTC,636912761240510759334,-632649896,-276387
2026-05-15 22:12:11.000 UTC,-7558304119867147642,7514851,-276387
2026-05-15 22:17:11.000 UTC,638312732713490365163,-633976437,-276388
2026-05-16 00:34:35.000 UTC,3210308242524145333584,-3187515753,-276393
2026-05-16 00:38:47.000 UTC,-287214517301160540516,285393860,-276393
2026-05-16 06:47:23.000 UTC,12047382378458286985,-11959309,-276393
2026-05-16 07:13:35.000 UTC,746878289201828930344,-741373117,-276394
2026-05-16 07:14:35.000 UTC,20462039134122844437,-20309966,-276394
2026-05-16 07:14:59.000 UTC,38707125169376501062,-38419273,-276394
2026-05-16 07:20:11.000 UTC,42585505841289908074,-42268536,-276394
2026-05-16 07:34:35.000 UTC,9692608355196776221,-9620424,-276394
2026-05-16 07:57:47.000 UTC,213262313857178957481,-211670302,-276395
2026-05-16 07:58:11.000 UTC,-52991249873199169536,52647628,-276395
2026-05-16 07:58:11.000 UTC,-124807548686264207587,124000000,-276394
2026-05-16 08:27:59.000 UTC,-1283158522801946789228,1275000000,-276392
2026-05-16 08:53:47.000 UTC,-654057618230430771959,650000000,-276391
2026-05-16 08:54:23.000 UTC,-1408506441603518579848,1400000000,-276389
2026-05-16 08:54:35.000 UTC,-3318792030634489917065,3300000000,-276384
2026-05-16 08:54:35.000 UTC,233205888478245392206,-231710932,-276384
2026-05-16 08:59:59.000 UTC,-477577298797053394332,475000000,-276383
2026-05-16 09:00:47.000 UTC,200554429228731760041,-199277123,-276384
2026-05-16 09:01:23.000 UTC,306120382026519026008,-304158381,-276384
2026-05-16 09:01:35.000 UTC,196998208682972680973,-195727701,-276384
2026-05-16 09:02:23.000 UTC,1513440768187207668028,-1503473844,-276387
2026-05-16 09:04:35.000 UTC,32592115467479468104,-32373462,-276387
2026-05-16 09:09:47.000 UTC,28128619189915756406,-27939775,-276387
2026-05-16 09:15:23.000 UTC,400618143069631451395,-397914874,-276388
2026-05-16 09:18:35.000 UTC,956414641845065156503,-949857642,-276389
2026-05-16 09:18:59.000 UTC,166323146626569236704,-165167997,-276389
2026-05-16 09:19:35.000 UTC,65877886617260214752,-65419132,-276389
2026-05-16 09:19:35.000 UTC,43864495791475608810,-43558653,-276390
2026-05-16 09:19:59.000 UTC,40475516833541633434,-40193032,-276390
2026-05-16 09:21:11.000 UTC,40756242700849681707,-40471535,-276390
2026-05-16 09:23:23.000 UTC,207904916433041155953,-206448455,-276390
2026-05-16 09:28:59.000 UTC,113524270835826054935,-112726081,-276390
2026-05-16 09:29:23.000 UTC,46012678856451628250,-45688579,-276390
2026-05-16 10:27:23.000 UTC,26556349988227741010,-26369141,-276390
2026-05-16 16:04:11.000 UTC,-61059759003267670061,60690163,-276390
2026-05-16 16:21:35.000 UTC,-21803678326710684792,21671844,-276390
2026-05-16 23:20:23.000 UTC,31633049207294605038,-31410323,-276390
2026-05-17 00:45:59.000 UTC,-871672611856788244394,866459808,-276389
2026-05-17 01:11:23.000 UTC,-10049071086481023866,9989682,-276389
2026-05-17 01:16:47.000 UTC,10049071086481023866,-9979694,-276389
2026-05-17 04:26:11.000 UTC,7011123732218232867,-6962711,-276389
2026-05-17 04:32:47.000 UTC,-20098788651448740716,19980000,-276389
2026-05-17 06:00:47.000 UTC,-5871117767484158620,5836431,-276389
2026-05-17 08:10:23.000 UTC,-13607110332498656064,13526739,-276389
2026-05-17 09:31:23.000 UTC,776641613887117430624,-771235246,-276390
2026-05-17 10:55:23.000 UTC,8375439676878118564,-8316613,-276390
2026-05-17 10:56:47.000 UTC,14108949453686509581,-14009827,-276390
2026-05-17 11:28:35.000 UTC,7207181297629020713,-7156535,-276390
2026-05-17 14:45:23.000 UTC,35230679212977655076,-34982987,-276390
2026-05-17 15:50:23.000 UTC,6007539224117992702,-5965283,-276390
2026-05-17 16:56:47.000 UTC,57322256753611045168,-56918771,-276390
2026-05-17 17:37:23.000 UTC,106318459540938948674,-105568709,-276390
2026-05-17 18:11:59.000 UTC,103272523963620075676,-102542530,-276391
2026-05-17 18:21:47.000 UTC,1099390354236945205254,-1091513944,-276392
2026-05-17 19:52:59.000 UTC,-88229172465102818114,87677624,-276392
2026-05-17 22:05:11.000 UTC,12677339758090688847,-12585571,-276392
2026-05-17 23:02:47.000 UTC,65928520434880299003,-65450864,-276392
2026-05-17 23:04:11.000 UTC,24166665173755266568,-23991403,-276392
2026-05-17 23:16:23.000 UTC,232991031522520770385,-231296559,-276393
2026-05-17 23:16:23.000 UTC,60977966561887824341,-60533066,-276393
2026-05-17 23:16:47.000 UTC,18866585250980768703,-18728813,-276393
2026-05-17 23:30:59.000 UTC,40457900427823225443,-40162268,-276393
2026-05-17 23:41:11.000 UTC,623324616461366863763,-618736959,-276394
2026-05-17 23:41:23.000 UTC,1638105418969211998300,-1625754276,-276397
2026-05-17 23:42:47.000 UTC,1623942590820626361694,-1611669181,-276397
2026-05-17 23:42:47.000 UTC,-970671525536399663547,964265290,-276395
2026-05-17 23:42:47.000 UTC,-970671525536399663548,964415422,-276393
2026-05-17 23:42:47.000 UTC,423743454237518063431,-420609920,-276394
2026-05-17 23:42:59.000 UTC,-327869199465576817719,325683040,-276396
2026-05-17 23:43:35.000 UTC,105563467558916659568,-104756627,-276396
2026-05-17 23:43:35.000 UTC,51137981754124986391,-50746488,-276396
2026-05-17 23:43:47.000 UTC,370150226358198998943,-367304088,-276397
2026-05-17 23:43:47.000 UTC,466369869363629523370,-462752860,-276398
2026-05-17 23:43:47.000 UTC,35767738888521747087,-35488908,-276398
2026-05-17 23:44:11.000 UTC,64327983708318905842,-63825996,-276398
2026-05-18 00:09:11.000 UTC,48130077173454354408,-47754061,-276398
2026-05-18 00:27:35.000 UTC,9246543798739643138,-9174263,-276398
2026-05-18 00:27:47.000 UTC,-520628700368639317424,517097064,-276397
2026-05-18 00:48:23.000 UTC,2314718668981632107,-2296814,-276397
2026-05-18 02:09:23.000 UTC,-759889420301748578890,754812000,-276396
2026-05-18 02:12:35.000 UTC,-175092611409186909534,173935720,-276396
2026-05-18 04:28:47.000 UTC,-80449920024106602124,79920000,-276396
2026-05-18 06:23:47.000 UTC,-312810180331645514596,310759514,-276395
2026-05-18 07:40:35.000 UTC,-1223655448742796111260,1215783420,-276393
2026-05-18 08:42:59.000 UTC,84311590560721226622,-83693095,-276393
2026-05-18 11:40:35.000 UTC,-178675240039078658646,177543353,-276393
2026-05-18 11:41:47.000 UTC,-127180325444522860184,126377752,-276393
2026-05-18 11:41:59.000 UTC,-107501215988798608111,106824839,-276393
2026-05-18 12:05:11.000 UTC,-534766194671645719856,531428921,-276392
2026-05-18 12:07:35.000 UTC,-191479959007619616558,190296090,-276391
2026-05-18 12:23:23.000 UTC,-197516421848744522678,196301355,-276391
2026-05-18 12:24:47.000 UTC,-173399210352131506262,172337633,-276391
2026-05-18 12:32:11.000 UTC,-47755930643491969077,47464404,-276391
2026-05-18 13:37:35.000 UTC,85732801482358263078,-85123996,-276391
2026-05-18 14:18:11.000 UTC,225413996976594685237,-223807705,-276391
2026-05-18 14:19:11.000 UTC,26408716907362823098,-26220000,-276391
2026-05-18 14:19:23.000 UTC,32306628441767338228,-32075614,-276391
2026-05-18 14:27:11.000 UTC,15195768558236261297,-15087051,-276391
2026-05-18 14:32:11.000 UTC,229392101922984895883,-227746459,-276392
2026-05-18 14:34:23.000 UTC,83118350653724871612,-82519998,-276392
2026-05-18 14:42:47.000 UTC,104412248370000000000,-103659046,-276392
2026-05-18 15:05:11.000 UTC,345584060023295850674,-343078734,-276393
2026-05-18 15:18:23.000 UTC,246547692175625233929,-244748716,-276393
2026-05-18 15:29:47.000 UTC,1642265810241255748,-1630250,-276393
2026-05-18 16:27:59.000 UTC,25221341802721409546,-25036758,-276393
2026-05-18 18:26:11.000 UTC,123897756307824311396,-122989534,-276393
2026-05-18 18:26:11.000 UTC,526209832179296715201,-522325274,-276394
2026-05-18 18:48:35.000 UTC,-878908759484856828637,873318324,-276393
2026-05-18 18:55:23.000 UTC,90519152254065212680,-89859152,-276393
2026-05-18 18:59:59.000 UTC,19476005436479518725,-19333830,-276393
2026-05-18 19:03:23.000 UTC,-211399852486057299422,210069875,-276392
2026-05-18 19:04:11.000 UTC,-96580875025113706018,95975628,-276392
2026-05-18 19:04:11.000 UTC,-48040030545767541048,47739530,-276392
2026-05-18 20:01:35.000 UTC,-89110257750048066858,88553828,-276392
2026-05-18 20:01:35.000 UTC,-91401967124499614734,90832543,-276392
2026-05-18 20:31:23.000 UTC,-16175933346753176051,16075298,-276392
2026-05-18 21:23:23.000 UTC,307438863415579725589,-305213610,-276392
2026-05-18 21:23:35.000 UTC,-222390226221935767537,221000000,-276392
2026-05-18 21:33:59.000 UTC,-101942062013529766436,101307428,-276392
2026-05-18 22:09:35.000 UTC,-39599251642478726290,39353176,-276392
2026-05-18 22:32:35.000 UTC,-5031247072168787884,5000000,-276392
2026-05-18 23:05:11.000 UTC,-2836747179515243216559,2819771980,-276387
2026-05-18 23:13:47.000 UTC,-10057903542940529759,10000000,-276387
2026-05-18 23:34:35.000 UTC,294777541692689611001,-292780810,-276388
2026-05-19 00:21:23.000 UTC,-226309236550255855398,225000000,-276387
2026-05-19 01:26:47.000 UTC,33970535258525156031,-33740765,-276387
2026-05-19 01:27:23.000 UTC,28135821536405222071,-27945377,-276387
2026-05-19 03:33:23.000 UTC,-4261520208386698466180,4238350320,-276381
2026-05-19 03:33:23.000 UTC,3280446686014657892015,-3259606077,-276386
2026-05-19 04:13:35.000 UTC,518167943316586141386,-514719202,-276387
2026-05-19 04:38:11.000 UTC,1675829883348000000000,-1664383331,-276389
2026-05-19 04:42:23.000 UTC,70206886942732572391,-69717586,-276390
2026-05-19 08:20:35.000 UTC,99356625948397762098,-98662827,-276390
2026-05-19 09:26:59.000 UTC,151820345063559868930,-150757161,-276390
2026-05-19 09:27:35.000 UTC,64010092699066316137,-63560736,-276390
2026-05-19 09:29:11.000 UTC,283034188483299324623,-281039443,-276390
2026-05-19 09:29:35.000 UTC,244514307683910296067,-242780770,-276391
2026-05-19 09:54:59.000 UTC,-134823067105084181028,134000000,-276391
2026-05-19 10:04:23.000 UTC,50921120212264154043,-50560000,-276391
2026-05-19 10:58:11.000 UTC,496000000000000000000,-492460895,-276392
2026-05-19 13:19:47.000 UTC,19554609677098243823,-19414279,-276392
2026-05-19 13:34:35.000 UTC,1916680605632342099612,-1902630546,-276395
2026-05-19 14:19:59.000 UTC,179628647621132688111,-178281934,-276395
2026-05-19 16:00:47.000 UTC,-100645225208753670047,99990000,-276395
2026-05-19 20:10:59.000 UTC,-251631117947825823416,250000000,-276394
2026-05-19 20:56:23.000 UTC,-226459323298357163682,225000000,-276394
2026-05-19 22:01:23.000 UTC,-118973227899262542428,118209829,-276394
2026-05-20 01:42:47.000 UTC,49682261674313198614,-49314395,-276394
2026-05-20 05:06:11.000 UTC,-6576603639874814858,6534419,-276394
2026-05-20 05:11:35.000 UTC,-9370775999015134922,9310680,-276394
2026-05-20 05:20:35.000 UTC,-5097152415468880121,5064470,-276394
2026-05-20 06:16:35.000 UTC,-39982918068793475706,39726690,-276394
2026-05-20 06:45:23.000 UTC,-78105934446566060118,77606132,-276394
2026-05-20 06:58:11.000 UTC,-289922984635612753065,288076258,-276393
2026-05-20 08:23:11.000 UTC,15375710422301458578,-15262833,-276393
2026-05-20 09:14:59.000 UTC,213049762198360681862,-211481839,-276394
2026-05-20 10:54:47.000 UTC,-3056772059922262500505,3038005451,-276389
2026-05-20 11:02:59.000 UTC,212757236755661259410,-211287840,-276389
2026-05-20 13:37:35.000 UTC,287772823013752376161,-285773867,-276389
2026-05-20 14:05:23.000 UTC,326949399409242167079,-324662309,-276390
2026-05-20 14:06:35.000 UTC,254440667212416664789,-252649016,-276390
2026-05-20 15:48:35.000 UTC,1252615673544092814206,-1243645082,-276392
2026-05-20 15:49:47.000 UTC,-69764460519952832564,69327586,-276392
2026-05-20 16:28:47.000 UTC,225635773422208053552,-223995845,-276393
2026-05-20 16:30:47.000 UTC,117630577862023123380,-116772422,-276393
2026-05-20 21:26:23.000 UTC,4185248246457954352,-4154674,-276393
2026-05-20 23:24:11.000 UTC,3961900628393625600,-3932956,-276393
2026-05-21 00:41:47.000 UTC,-66876690468588570693,66454884,-276393
2026-05-21 00:54:11.000 UTC,32802817396464354881,-32563423,-276393
2026-05-21 02:58:11.000 UTC,52786572366039867908,-52400978,-276393
2026-05-21 05:16:23.000 UTC,16630034548506598590,-16508464,-276393
2026-05-21 06:40:47.000 UTC,39362700553276629384,-39074772,-276393
2026-05-21 06:46:11.000 UTC,12393716053817796512,-12303008,-276393
2026-05-21 06:57:59.000 UTC,27146938084901493728,-26948167,-276393
2026-05-21 08:13:23.000 UTC,-21381453490993633932,21246130,-276393
2026-05-21 10:05:23.000 UTC,149912217720193498671,-148812955,-276393
2026-05-21 10:23:23.000 UTC,13862401000254251159,-13760571,-276393
2026-05-21 10:25:47.000 UTC,34792137619303125796,-34536429,-276393
2026-05-21 10:52:47.000 UTC,81097690610732852284,-80500906,-276393
2026-05-21 16:31:35.000 UTC,-6395290187623987672,6354544,-276393
2026-05-21 16:38:23.000 UTC,-287100245799142529801,285277732,-276393
2026-05-21 16:59:11.000 UTC,-525707363284871640844,522404225,-276392
2026-05-21 16:59:35.000 UTC,11324795964400051949,-11242852,-276392
2026-05-21 17:21:11.000 UTC,-344901618830845790395,342757834,-276392
2026-05-21 17:54:11.000 UTC,13297647295770195152,-13202133,-276392
2026-05-21 17:55:47.000 UTC,365155995690354683841,-362522164,-276392
2026-05-21 18:22:59.000 UTC,41685492180019190285,-41383469,-276392
2026-05-21 18:39:59.000 UTC,42570736997392886356,-42262014,-276392
2026-05-21 18:52:47.000 UTC,75991595322134065801,-75439789,-276392
2026-05-21 18:54:23.000 UTC,91558050590986100650,-90891989,-276393
2026-05-21 18:54:47.000 UTC,33927531992724961952,-33680379,-276393
2026-05-21 20:51:23.000 UTC,1915074334304066492398,-1900826548,-276396
2026-05-21 21:00:11.000 UTC,6151725537833341819284,-6102011959,-276406
2026-05-21 21:00:35.000 UTC,-1320870639706115872283,1311000000,-276403
2026-05-21 21:00:35.000 UTC,-1007422344164697417,1000000,-276403
2026-05-21 21:45:23.000 UTC,-70979122664661057536,70456580,-276403
2026-05-21 21:53:23.000 UTC,5059529296266353092697,-5013667841,-276467
2026-05-21 21:53:23.000 UTC,1818576719938591288400,-1776085482,-276645
2026-05-21 21:53:23.000 UTC,-5059375266522248810595,4991474176,-276406
2026-05-21 21:53:23.000 UTC,-900102738753446311700,893285800,-276405
2026-05-21 21:58:59.000 UTC,-964378475520057293549,957217786,-276403
2026-05-21 22:20:35.000 UTC,-35781700770745572387,35518863,-276403
2026-05-22 00:54:47.000 UTC,-226660223668357462563,225000000,-276403
2026-05-22 01:02:59.000 UTC,14282387643210790627,-14163840,-276403
2026-05-22 01:17:47.000 UTC,-251835609434977867634,250000000,-276402
2026-05-22 01:18:23.000 UTC,-3096746514871702207708,3075000000,-276398
2026-05-22 05:47:59.000 UTC,12473325554961744639,-12376410,-276398
2026-05-22 06:50:23.000 UTC,700400613908138386353,-694918954,-276399
2026-05-22 08:25:11.000 UTC,5953939682724038041,-5907007,-276399
2026-05-22 12:55:47.000 UTC,-24625973712509320848,24456344,-276399
2026-05-22 13:18:23.000 UTC,-10068325102362557952,9999000,-276399
2026-05-22 16:24:23.000 UTC,6517511597682972100,-6466166,-276399
2026-05-22 17:50:47.000 UTC,2751076276948801402,-2729401,-276399
2026-05-22 18:45:59.000 UTC,191580328894758702790,-190067939,-276399
2026-05-22 18:47:11.000 UTC,24227994914426349082,-24036316,-276399
2026-05-22 18:47:23.000 UTC,66595300847323666932,-66067955,-276399
2026-05-22 19:10:11.000 UTC,59028843152491518336,-58560824,-276399
2026-05-22 19:31:47.000 UTC,386769539391072075537,-383689271,-276400
2026-05-22 19:31:59.000 UTC,148136359801167538055,-146950289,-276400
2026-05-22 19:31:59.000 UTC,134555529985497842641,-133475172,-276400
2026-05-22 19:31:59.000 UTC,68906686167029589344,-68352314,-276400
2026-05-22 19:32:23.000 UTC,37257563167145824986,-36957502,-276400
2026-05-22 19:33:59.000 UTC,62937316462484385308,-62429937,-276401
2026-05-22 20:20:59.000 UTC,6663647944131872262,-6609891,-276401
2026-05-22 21:57:11.000 UTC,-2271502577581974527,2255433,-276401
2026-05-22 23:46:11.000 UTC,41729417000537304975,-41392632,-276401
2026-05-22 23:48:47.000 UTC,42980182678738893672,-42633014,-276401
2026-05-23 00:42:59.000 UTC,31751188052777239258,-31494532,-276401
2026-05-23 01:22:59.000 UTC,3892703120769267541,-3861226,-276401
2026-05-23 06:19:23.000 UTC,700000000000000000000,-694300508,-276402
2026-05-23 07:27:47.000 UTC,5140794105250576360,-5098649,-276402
2026-05-23 07:44:59.000 UTC,91078156762433760709,-90330786,-276402
2026-05-23 07:46:47.000 UTC,754812501050067178762,-748567911,-276403
2026-05-23 07:47:23.000 UTC,984636790456997053479,-976354778,-276405
2026-05-23 07:47:23.000 UTC,176912191387132814354,-175407817,-276405
2026-05-23 07:48:47.000 UTC,27681628837850287645,-27445788,-276405
2026-05-23 08:28:35.000 UTC,-3522874656931233514,3496351,-276405
2026-05-23 10:17:35.000 UTC,-5276828507196704959,5237101,-276405
2026-05-23 11:11:59.000 UTC,63957942835961742868,-63412660,-276405
2026-05-23 11:54:11.000 UTC,-5037976805643376521,5000000,-276405
2026-05-23 14:25:35.000 UTC,3933064054448612540,-3899514,-276405
2026-05-23 14:27:47.000 UTC,83554705093061885797,-82841383,-276405
2026-05-23 14:45:23.000 UTC,-165449462989360988160,164202231,-276405
2026-05-23 14:46:11.000 UTC,-54116332062618838342,53709324,-276405
2026-05-23 14:46:23.000 UTC,-82798557680254176568,82176733,-276405
2026-05-23 14:54:47.000 UTC,134139463373360571066,-132998417,-276405
2026-05-23 14:56:59.000 UTC,-20666517125981747428,20511040,-276405
2026-05-23 14:56:59.000 UTC,-76780047132288680857,76203012,-276405
2026-05-23 15:03:59.000 UTC,-20156510336922825649,20005181,-276405
2026-05-23 15:07:23.000 UTC,-267329456084519001017,265328532,-276404
2026-05-23 15:10:47.000 UTC,-95805863222889676800,95091538,-276404
2026-05-23 15:11:23.000 UTC,-108199437344901693440,107394462,-276404
2026-05-23 15:13:35.000 UTC,-210601657780306911806,209040178,-276404
2026-05-23 18:13:11.000 UTC,-368365788177786448115,365651554,-276403
2026-05-23 18:13:23.000 UTC,-70170564118862403816,69655974,-276403
2026-05-23 18:14:11.000 UTC,-68313605169542880879,67813386,-276403
2026-05-23 18:18:11.000 UTC,-29166357977277498254,28953017,-276403
2026-05-23 18:21:35.000 UTC,-58780450031906121095,58350904,-276403
2026-05-23 19:01:35.000 UTC,25450037809760294692,-25238867,-276403
2026-05-23 20:33:11.000 UTC,-83171167449771582524,82563985,-276403
2026-05-23 20:33:11.000 UTC,-171608476039341296618,170359146,-276402
2026-05-23 20:33:11.000 UTC,-111661127861444555420,110850740,-276402
2026-05-23 20:34:23.000 UTC,-154782943629388324469,153662877,-276402
2026-05-23 20:36:23.000 UTC,-63121274261168995356,62665600,-276402
2026-05-23 20:36:23.000 UTC,-18203471505051038686,18072179,-276402
2026-05-23 20:37:35.000 UTC,-507143356600423958010,503506761,-276401
2026-05-23 20:38:59.000 UTC,-171865443963527099747,170642330,-276401
2026-05-23 20:38:59.000 UTC,-64929374283428163196,64468516,-276401
2026-05-23 20:38:59.000 UTC,-1540770191441859337835,1530030995,-276398
2026-05-23 20:38:59.000 UTC,-319866657453818416548,317684571,-276398
2026-05-23 20:40:11.000 UTC,-37528309985129522964,37273366,-276398
2026-05-23 20:40:47.000 UTC,-21333864108234303395,21189035,-276398
2026-05-23 20:41:23.000 UTC,-402720354201617202566,400000000,-276397
2026-05-23 20:44:11.000 UTC,-402694346229400078158,400000000,-276396
2026-05-23 20:45:11.000 UTC,-64235719277653853567,63808321,-276396
2026-05-23 20:50:59.000 UTC,-93708319202651014841,93086000,-276396
2026-05-23 20:56:35.000 UTC,-76128319974897535943,75623780,-276396
2026-05-23 20:57:23.000 UTC,-32200528624514701429,31987398,-276396
2026-05-23 21:30:23.000 UTC,203689683693147629424,-202136420,-276396
2026-05-23 21:30:35.000 UTC,86357904308364103225,-85697378,-276396
2026-05-23 21:31:23.000 UTC,91678350006602399653,-90975831,-276397
2026-05-23 21:42:23.000 UTC,13704439158070695652,-13599309,-276397
2026-05-23 21:47:23.000 UTC,127901524079575145582,-126918919,-276397
2026-05-23 22:11:23.000 UTC,420710848849304633400,-417460377,-276397
2026-05-23 22:11:23.000 UTC,368687807846726596235,-365816129,-276398
2026-05-24 00:23:47.000 UTC,-931287249041948652574,925000000,-276397
2026-05-24 00:41:23.000 UTC,-9503532600860691529,9440086,-276397
2026-05-24 01:15:11.000 UTC,-2099054657013265,2086,-276397
2026-05-24 01:22:35.000 UTC,27597806896731503983,-27386111,-276397
2026-05-24 01:52:11.000 UTC,116539596316374558666,-115644317,-276397
2026-05-24 07:41:59.000 UTC,3839930031500762581,-3810394,-276397
2026-05-24 08:33:35.000 UTC,5754088452327463282,-5709825,-276397
2026-05-24 13:33:47.000 UTC,16648065270175226612,-16519970,-276397
2026-05-24 13:55:23.000 UTC,74715425059613122764,-74139999,-276397
2026-05-24 13:56:59.000 UTC,12923156664395658078,-12823538,-276397
2026-05-24 14:04:35.000 UTC,75647205318131167891,-75063543,-276397
2026-05-24 14:13:11.000 UTC,158087272049016033696,-156864598,-276397
2026-05-24 14:13:35.000 UTC,46225375508422799382,-45867109,-276397
2026-05-24 14:15:35.000 UTC,24818945448658378280,-24626448,-276397
2026-05-24 14:17:47.000 UTC,98230908071464682973,-97468061,-276398
2026-05-24 14:17:47.000 UTC,40981073213416695966,-40662366,-276398
2026-05-24 14:17:47.000 UTC,210402161573056368176,-208761674,-276398
2026-05-24 14:17:47.000 UTC,89592756326641815249,-88892072,-276398
2026-05-24 16:51:23.000 UTC,359000000000000000000,-356179539,-276399
2026-05-24 20:04:11.000 UTC,30086698514225558894,-29849393,-276399
2026-05-24 20:11:35.000 UTC,37350770694719089897,-37055970,-276399
2026-05-24 20:46:35.000 UTC,7279884033501926235054,-7218193140,-276410
2026-05-24 21:11:23.000 UTC,-1027043589233358916331,1018848868,-276409
2026-05-24 21:27:11.000 UTC,39993656496909659387,-39638019,-276409
2026-05-24 21:43:35.000 UTC,6464264167638043065,-6406758,-276409
2026-05-24 21:44:11.000 UTC,16498025698202530537,-16351229,-276409
2026-05-24 22:03:11.000 UTC,-227379360857266258496,225585515,-276409
2026-05-24 22:03:11.000 UTC,-65060281148040544256,64548520,-276408
2026-05-24 22:05:23.000 UTC,-203800146882323312390,202201418,-276408
2026-05-24 22:06:23.000 UTC,-64909801103040241327,64401997,-276408
2026-05-24 22:06:23.000 UTC,-108283274225425527149,107437641,-276408
2026-05-24 22:11:23.000 UTC,-63331908564870357539,62838186,-276408
2026-05-24 22:20:11.000 UTC,-12550996049766564705,12453227,-276408
2026-05-24 23:39:35.000 UTC,-352455036127167567381,349719721,-276407
2026-05-24 23:49:35.000 UTC,-31329684432965599232,31087500,-276407
2026-05-25 00:18:23.000 UTC,-541549830376777589505,537388200,-276406
2026-05-25 02:07:35.000 UTC,-115718697189603234116,114835487,-276406
2026-05-25 04:27:35.000 UTC,-654958753731425026455,650000000,-276405
2026-05-25 05:13:47.000 UTC,-503767636063407718348,500000000,-276404
2026-05-25 09:34:11.000 UTC,-64089218925216996972,63612797,-276404
2026-05-25 11:33:59.000 UTC,34854469565054415959,-34560864,-276404
2026-05-25 13:40:35.000 UTC,-19973454079574341722,19825000,-276404
2026-05-25 14:52:47.000 UTC,-282599714828547494232,280506070,-276404
2026-05-25 17:08:11.000 UTC,-27696451913457049887,27491946,-276404
2026-05-25 19:07:47.000 UTC,-226669098803605821448,225000000,-276403
2026-05-25 19:35:47.000 UTC,6282000552641878366,-6229618,-276403
2026-05-26 00:52:59.000 UTC,56661083620474760458,-56188334,-276403
2026-05-26 01:44:11.000 UTC,12045169168440189883,-11944605,-276403
2026-05-26 02:03:35.000 UTC,-2108362313207670051,2092851,-276403
2026-05-26 02:29:23.000 UTC,6345197700048990733,-6292215,-276403
2026-05-26 06:11:11.000 UTC,39362067075395607971,-39033249,-276403
2026-05-26 07:28:47.000 UTC,5009932842156029305285,-4964475905,-276467
2026-05-26 07:28:47.000 UTC,1817043081266217980500,-1774574005,-276645
2026-05-26 07:28:47.000 UTC,-5009780304018979943464,4942258176,-276406
2026-05-26 10:19:59.000 UTC,-177617912099463814413,176261112,-276406
2026-05-26 10:20:11.000 UTC,-732277730121901648855,726736953,-276405
2026-05-26 10:20:23.000 UTC,-65232376079851011158,64742935,-276405
2026-05-26 10:25:59.000 UTC,-53321571908505077008,52922000,-276405
2026-05-26 10:27:23.000 UTC,-265791060073401564652,263806070,-276404
2026-05-26 12:45:23.000 UTC,-2431012565704229441976,2413378865,-276400
2026-05-26 13:24:23.000 UTC,84895622984225048513,-84211398,-276401
2026-05-26 14:39:23.000 UTC,233591366550265881619,-231702800,-276401
2026-05-26 14:41:35.000 UTC,108808268557560098088,-107925602,-276401
2026-05-26 14:43:47.000 UTC,211367676720147392561,-209647656,-276401
2026-05-26 15:01:59.000 UTC,231901915421407269639,-230006626,-276402
2026-05-26 15:06:11.000 UTC,637009995352636658210,-631759852,-276403
2026-05-26 15:31:35.000 UTC,111339683980034898864,-110415417,-276403
2026-05-26 15:32:11.000 UTC,2550000000000000000000,-2528292523,-276407
2026-05-26 15:52:11.000 UTC,28068470741877839703,-27823784,-276407
2026-05-26 16:17:23.000 UTC,333364265746341967540,-330448597,-276408
2026-05-26 16:38:35.000 UTC,-129996349952123339234,128986233,-276407
2026-05-26 16:47:59.000 UTC,-175784144093724356095,174422514,-276407
2026-05-26 18:24:47.000 UTC,1000155219769984346269,-991350361,-276409
2026-05-26 18:25:59.000 UTC,-229569567753215388778,227762217,-276408
2026-05-26 19:02:11.000 UTC,22119338194930436375,-21923622,-276408
2026-05-26 20:09:23.000 UTC,42094837326978244423,-41722159,-276408
2026-05-26 20:09:35.000 UTC,1194135776682986924,-1183559,-276408
2026-05-26 20:33:11.000 UTC,188575710108163034154,-186902706,-276409
2026-05-26 20:43:11.000 UTC,59239896524427864935,-58713167,-276409
2026-05-27 01:58:23.000 UTC,431912957405428602235,-428055781,-276410
2026-05-27 02:22:47.000 UTC,-2403897966145022907089,2385191275,-276406
2026-05-27 03:20:11.000 UTC,2120980312042388760,-2102776,-276406
2026-05-27 04:31:35.000 UTC,54448012326301822736,-53980442,-276406
2026-05-27 06:48:23.000 UTC,-264232547537672617621,262230031,-276405
2026-05-27 07:01:11.000 UTC,264232547537672617621,-261967868,-276406
2026-05-27 07:32:47.000 UTC,19022601500085137629,-18859135,-276406
2026-05-27 09:34:23.000 UTC,16979707432200000003,-16833747,-276406
2026-05-27 12:45:11.000 UTC,-680135867705116982000,675000000,-276405
2026-05-27 13:42:11.000 UTC,59342022192556494477,-58837965,-276405
2026-05-27 13:44:35.000 UTC,252843591776791546606,-250689642,-276405
2026-05-27 17:11:23.000 UTC,239048630505594410631,-237002859,-276406
2026-05-27 17:57:23.000 UTC,22474342571203958552,-22281541,-276406
2026-05-27 18:14:59.000 UTC,31327445592846436734,-31058561,-276406
2026-05-27 19:38:59.000 UTC,1201948983072511453544,-1191514917,-276408
2026-05-27 20:04:35.000 UTC,-39899725724452804127,39589256,-276408
2026-05-27 20:39:35.000 UTC,-236259884281215701771,234426674,-276407
2026-05-27 20:56:47.000 UTC,-5039002431253604069,5000000,-276407
2026-05-27 21:45:23.000 UTC,15824555489966213747,-15686360,-276407
2026-05-27 21:45:47.000 UTC,37222094175937763432,-36896877,-276407
2026-05-27 21:46:23.000 UTC,24598563065364440378,-24383520,-276407
2026-05-27 22:04:47.000 UTC,-76231879049928231724,75641389,-276407
2026-05-28 01:37:35.000 UTC,7557777592541780792,-7491779,-276407
2026-05-28 03:18:35.000 UTC,2273976204328020444490,-2253483826,-276431
2026-05-28 03:18:47.000 UTC,-2172291357728381301691,2154842435,-276407
2026-05-28 03:19:11.000 UTC,251924305150725900492,-249715151,-276408
2026-05-28 03:19:35.000 UTC,67692280500410664968,-67096961,-276408
2026-05-28 03:19:47.000 UTC,53981743731711327802,-53506480,-276408
2026-05-28 03:19:47.000 UTC,35636343517413724055,-35322342,-276408
2026-05-28 05:50:59.000 UTC,2575896995102587202765,-2547684184,-276511
2026-05-28 05:50:59.000 UTC,1005730982274500000000,-981834344,-276609
2026-05-28 05:50:59.000 UTC,-2575818458843319580817,2535199227,-276410
2026-05-28 06:39:23.000 UTC,-2192114996957265354873,2175000000,-276406
2026-05-28 07:17:11.000 UTC,-60040472612416917083,59582459,-276406
2026-05-28 09:04:59.000 UTC,4641730038070615450,-4601736,-276406
2026-05-28 12:04:23.000 UTC,10954164690343813752,-10859768,-276406
2026-05-28 12:31:47.000 UTC,1201948983072511453545,-1191475553,-276408
2026-05-28 13:58:35.000 UTC,1033045066332574602122,-1023860100,-276410
2026-05-28 14:19:23.000 UTC,-389110815262795522602,386017206,-276409
2026-05-28 15:17:35.000 UTC,-82479004852096730882,81826352,-276409
2026-05-28 16:46:23.000 UTC,-91009239013556347951,90290342,-276409
2026-05-28 16:46:59.000 UTC,-99877191358877720788,99089760,-276409
2026-05-28 16:50:23.000 UTC,-273126550574956270130,270981322,-276408
2026-05-28 16:52:11.000 UTC,-67616020705042576687,67086774,-276408
2026-05-28 17:40:23.000 UTC,-122049465697076221386,121095995,-276408
2026-05-28 17:42:59.000 UTC,-306856113055018679812,304469368,-276407
2026-05-28 19:47:23.000 UTC,15843144849936140790,-15704566,-276407
2026-05-28 23:35:59.000 UTC,864362706447684981627,-856741791,-276409
2026-05-29 02:59:59.000 UTC,41620131891759429476,-41250181,-276409
2026-05-29 03:45:11.000 UTC,-856709806169622037770,850000000,-276407
2026-05-29 03:53:23.000 UTC,-3526389520304671314201,3500000000,-276402
2026-05-29 03:53:35.000 UTC,-1561050046484807017626,1550000000,-276399
2026-05-29 03:53:47.000 UTC,2321736479246621857220,-2302856896,-276403
2026-05-29 03:55:35.000 UTC,138909445139445977392,-137752717,-276403
2026-05-29 03:55:47.000 UTC,167397093678257310370,-165999069,-276404
2026-05-29 03:56:59.000 UTC,178167189120782601707,-176674325,-276404
2026-05-29 03:57:23.000 UTC,302725776100780033406,-300177670,-276404
2026-05-29 03:57:23.000 UTC,181930237691958121698,-180391888,-276405
2026-05-29 03:57:47.000 UTC,24971479963741436799,-24759918,-276405
2026-05-29 04:02:23.000 UTC,395770862426604881561,-392347924,-276407
2026-05-29 04:02:23.000 UTC,901639784647990423776,-893934601,-276406
2026-05-29 04:12:47.000 UTC,122375823266917390341,-121312385,-276407
2026-05-29 07:37:11.000 UTC,65863644361568906814,-65290309,-276407
2026-05-29 10:30:59.000 UTC,478163200991796909486,-473980190,-276408
2026-05-29 10:55:23.000 UTC,56986469664251048692,-56485525,-276408
2026-05-29 12:06:11.000 UTC,217151681327880981206,-215238067,-276408
2026-05-29 12:06:11.000 UTC,41695937653395588529,-41327642,-276408
2026-05-29 12:09:35.000 UTC,10127913084511978361,-10038412,-276408
2026-05-29 12:15:59.000 UTC,20138492409614874150,-19960480,-276408
2026-05-29 12:36:35.000 UTC,192403533921300578825,-190699554,-276409
2026-05-29 12:48:23.000 UTC,212465231147809186056,-210576750,-276409
2026-05-29 13:13:23.000 UTC,54707069928192165685,-54219650,-276409
2026-05-29 13:34:23.000 UTC,78970973432128747864,-78266533,-276409
2026-05-29 14:20:59.000 UTC,171748258822561332490,-170212804,-276409
2026-05-29 14:21:11.000 UTC,227194419206431694852,-225156072,-276410
2026-05-29 14:26:11.000 UTC,321543684419032083560,-318644849,-276410
2026-05-29 14:26:59.000 UTC,103498288586237781168,-102561392,-276411
2026-05-29 15:09:47.000 UTC,-275392574788895667905,273177061,-276410
2026-05-29 15:14:23.000 UTC,-267904788028966856316,265761401,-276410
2026-05-29 16:00:23.000 UTC,-302414631820072189378,300008858,-276409
2026-05-29 16:07:35.000 UTC,302414631820072189378,-299708927,-276410
2026-05-29 18:51:59.000 UTC,101941139670211325062,-101025800,-276410
2026-05-29 21:01:35.000 UTC,32236916319175980158,-31947114,-276410
2026-05-29 22:18:59.000 UTC,38559318536365573544,-38212463,-276410
2026-05-29 22:52:35.000 UTC,58318254852059546919,-57793212,-276410
2026-05-30 02:22:47.000 UTC,83993384990415931045,-83236238,-276410
2026-05-30 02:55:35.000 UTC,-8233047673268076545,8166948,-276410
2026-05-30 03:09:11.000 UTC,-5644586779366391809,5599275,-276410
2026-05-30 04:34:59.000 UTC,111356859371663452427,-110351568,-276410
2026-05-30 07:29:47.000 UTC,-115339784986284093162,114412959,-276410
2026-05-30 10:21:35.000 UTC,-91288771689192432541,90556710,-276410
2026-05-30 14:29:47.000 UTC,-46346120938240288906,45974970,-276410
2026-05-30 14:30:23.000 UTC,-104233797072838249615,103400315,-276410
2026-05-31 01:11:59.000 UTC,93409614339562301617,-92570125,-276410
2026-05-31 01:34:47.000 UTC,-83957847157327361447,83286507,-276410
2026-05-31 02:42:11.000 UTC,94835623732720588851,-93983166,-276410
2026-05-31 04:33:35.000 UTC,-19391792214269652690,19236600,-276410
2026-05-31 07:23:23.000 UTC,86148596047207569131,-85373252,-276410
2026-05-31 07:32:47.000 UTC,-14105053575320863650,13992016,-276410
2026-05-31 11:17:11.000 UTC,-30242256263638411071,30000000,-276410
2026-05-31 11:22:23.000 UTC,10076979236896980590,-9986279,-276410
2026-05-31 12:15:59.000 UTC,-1259965764898913312615,1250000000,-276408
2026-05-31 12:19:59.000 UTC,-21537860185137674242,21369700,-276408
2026-05-31 12:20:11.000 UTC,-1637569522965872770035,1625000000,-276405
2026-05-31 12:20:23.000 UTC,-503781075690758234042,500000000,-276404
2026-05-31 12:20:23.000 UTC,653330243526766908705,-647770730,-276406
2026-05-31 12:20:35.000 UTC,-15273254765019905870,15157667,-276405
2026-05-31 12:24:47.000 UTC,-881609113531828224609,875000000,-276404
2026-05-31 12:24:59.000 UTC,597037263126485902124,-591982588,-276405
2026-05-31 12:26:35.000 UTC,1137101306792171601099,-1127317683,-276407
2026-05-31 12:26:35.000 UTC,217736786774633724745,-215839951,-276407
2026-05-31 13:24:23.000 UTC,741006562795292956649,-734494801,-276408
2026-05-31 13:48:35.000 UTC,20498989074761594354,-20317610,-276408
2026-05-31 14:02:59.000 UTC,11182001545661581427,-11083033,-276408
2026-05-31 14:19:23.000 UTC,93913196131703659230,-93081215,-276409
2026-05-31 14:19:35.000 UTC,50174114627637106248,-49729046,-276409
2026-05-31 15:07:11.000 UTC,16893167012554720938,-16743226,-276409
2026-05-31 16:14:35.000 UTC,201668288155281641634,-199874820,-276409
2026-05-31 16:23:35.000 UTC,34462619535283871330,-34155492,-276409
2026-05-31 16:29:35.000 UTC,69301084760947308176,-68682909,-276409
2026-05-31 16:33:11.000 UTC,20358389385025680847,-20176644,-276409
2026-05-31 16:34:23.000 UTC,330338971204227617307,-327380754,-276410
2026-05-31 16:35:11.000 UTC,80812927933353536800,-80086603,-276410
2026-05-31 16:48:35.000 UTC,13047982047776190870,-12930613,-276410
2026-05-31 16:58:59.000 UTC,53424617777572300445,-52943771,-276410
2026-05-31 18:26:11.000 UTC,44020210257360846848,-43623667,-276410
2026-05-31 19:26:47.000 UTC,61081861728628082195,-60531115,-276410
2026-05-31 22:49:23.000 UTC,-131908481546855645477,130850685,-276410
2026-05-31 23:20:11.000 UTC,-41547585985806258050,41214982,-276410
2026-05-31 23:39:23.000 UTC,262466528295967158913,-260100480,-276410
2026-05-31 23:57:11.000 UTC,-29845291106369400132,29605293,-276410
2026-06-01 00:00:23.000 UTC,-30076558340743126629,29834844,-276410
2026-06-01 00:05:59.000 UTC,-39965553138813861678,39644587,-276410
2026-06-01 00:29:47.000 UTC,-36626433344313924208,36332507,-276410
2026-06-01 01:52:35.000 UTC,51650104354065378919,-51184328,-276410
2026-06-01 01:55:47.000 UTC,229282460899678134292,-227208727,-276412
2026-06-01 03:00:47.000 UTC,-31253001504179208859,31000000,-276410
2026-06-01 03:08:35.000 UTC,-31812254200326132822,31555872,-276410
2026-06-01 03:09:11.000 UTC,-41553179567573642420,41218536,-276410
2026-06-01 03:41:35.000 UTC,-957636161684335079134,950000000,-276409
2026-06-01 05:28:23.000 UTC,46049187449664347133,-45639656,-276409
2026-06-01 06:22:35.000 UTC,101812004198286186800,-100905359,-276409
2026-06-01 06:37:47.000 UTC,145696100934872472233,-144395801,-276409
2026-06-01 06:45:23.000 UTC,162024518495894677849,-160574535,-276410
2026-06-01 06:54:35.000 UTC,41775327254165323612,-41400797,-276410
2026-06-01 07:14:23.000 UTC,43696709492683470531,-43304657,-276410
2026-06-01 07:31:47.000 UTC,36811715472217798063,-36481201,-276410
2026-06-01 07:46:11.000 UTC,8759145789459900617,-8680470,-276410
2026-06-01 07:57:11.000 UTC,40341190587708232674,-39978683,-276410
2026-06-01 08:39:47.000 UTC,5326595240561392094,-5278711,-276410
2026-06-01 08:48:35.000 UTC,393510415410248701508,-389960436,-276410
2026-06-01 13:34:59.000 UTC,14233752061132290592,-14104884,-276410
2026-06-01 14:00:35.000 UTC,-87290184361340969104,86586960,-276410
2026-06-01 23:58:23.000 UTC,-13057874196744050647,12952783,-276410
2026-06-02 01:05:47.000 UTC,-60426382699076327849,59940413,-276410
2026-06-02 01:37:59.000 UTC,58324950576077964819,-57798049,-276410
2026-06-02 02:06:47.000 UTC,60913354356020740307,-60344662,-276416
2026-06-02 02:06:47.000 UTC,116659655971410201047,-115603924,-276411
2026-06-02 02:11:35.000 UTC,21779044065162125499,-21569126,-276417
2026-06-02 02:29:11.000 UTC,-60584822170869076312,60069533,-276413
2026-06-02 03:05:59.000 UTC,-16704475612305099127,16567130,-276411
2026-06-02 05:37:59.000 UTC,20975016087196914432,-20781432,-276413
2026-06-02 07:29:59.000 UTC,7207177841620888924,-7139918,-276414
2026-06-02 07:48:11.000 UTC,1788541076445151032,-1771790,-276414
2026-06-02 14:39:47.000 UTC,1015927909193632275,-1006403,-276414
2026-06-02 14:58:47.000 UTC,49883208353661636175,-49406242,-276417
2026-06-02 15:50:59.000 UTC,1023290806382999268,-1013315,-276418
2026-06-02 16:12:59.000 UTC,-290487751381924767918,288115157,-276410
2026-06-02 16:14:47.000 UTC,1021880004332737380,-1012657,-276410
2026-06-02 16:43:23.000 UTC,2021537136214025735,-2003292,-276410
2026-06-02 16:53:35.000 UTC,127152433938409583956,-126003569,-276410
2026-06-02 16:54:47.000 UTC,2021067631203878933,-2002785,-276410
2026-06-02 17:09:59.000 UTC,4043604895912330115,-4007026,-276410
2026-06-02 17:44:23.000 UTC,-5194275992561807673759,5154583175,-276402
2026-06-02 17:44:35.000 UTC,2880880507758954685347,-2856537554,-276407
2026-06-02 17:49:35.000 UTC,-6701486324886386446104,6653548364,-276396
2026-06-02 17:49:35.000 UTC,3325880935747389543137,-3299681688,-276401
2026-06-02 17:49:59.000 UTC,3340415593872635086641,-3312332063,-276407
2026-06-02 17:51:35.000 UTC,4038904213862276150,-4003875,-276407
2026-06-02 18:07:35.000 UTC,-8910224620371346309917,8848102903,-276392
2026-06-02 18:07:35.000 UTC,6762884992865874771824,-6710177043,-276403
2026-06-02 18:09:11.000 UTC,30321133696840099936,-30068445,-276403
2026-06-02 18:10:59.000 UTC,703094661924306801378,-697194284,-276404
2026-06-02 18:18:35.000 UTC,13111549283790411493,-13000771,-276404
2026-06-02 18:23:59.000 UTC,315217666841637340384,-312546200,-276405
2026-06-02 18:24:35.000 UTC,133877133472522863810,-132737750,-276405
2026-06-02 18:24:59.000 UTC,10094257930654566784,-10008233,-276405
2026-06-02 18:27:35.000 UTC,784287618481430634002,-777554357,-276406
2026-06-02 18:29:59.000 UTC,187067750061504598245,-185447306,-276407
2026-06-02 18:29:59.000 UTC,89883870307188016903,-89103289,-276407
2026-06-02 18:30:11.000 UTC,402394107710067918160,-398883854,-276407
2026-06-02 18:36:47.000 UTC,4039007671317307431,-4003643,-276407
2026-06-02 18:44:11.000 UTC,4040537747931531212,-4005157,-276407
2026-06-02 18:51:47.000 UTC,-8593146950032339298297,8532300083,-276394
2026-06-02 18:51:47.000 UTC,803016454933233309612,-797030913,-276395
2026-06-02 18:51:59.000 UTC,10085826660490467413,-10009996,-276395
2026-06-02 18:51:59.000 UTC,1623866100956678740027,-1611446001,-276398
2026-06-02 18:53:11.000 UTC,181759040044382116932,-180342760,-276398
2026-06-02 18:53:35.000 UTC,357688843712903867768,-354886362,-276398
2026-06-02 19:18:11.000 UTC,81154494965611369753,-80515820,-276399
2026-06-02 19:20:35.000 UTC,492767506305899138766,-488867009,-276399
2026-06-02 19:25:23.000 UTC,44104114222972933971,-43753126,-276399
2026-06-02 19:28:35.000 UTC,58086664686901197107,-57623929,-276400
2026-06-02 19:31:11.000 UTC,103204978932531209690,-102381494,-276400
2026-06-02 19:31:35.000 UTC,949904206164940008786,-942245289,-276401
2026-06-02 19:33:11.000 UTC,239246263921819391522,-237294649,-276402
2026-06-02 19:33:35.000 UTC,84924679493990984353,-84229731,-276402
2026-06-02 19:33:35.000 UTC,904597206205844149025,-897123658,-276403
2026-06-02 19:42:59.000 UTC,4046116639438834688,-4012396,-276403
2026-06-02 19:43:11.000 UTC,4040150657742220005,-4006477,-276403
2026-06-02 19:50:35.000 UTC,-138388224749657836619,137373634,-276403
2026-06-02 21:17:59.000 UTC,96378763473672279549,-95576838,-276403
2026-06-02 21:31:59.000 UTC,1759959705064316834228,-1745056307,-276406
2026-06-02 21:31:59.000 UTC,-1522409832738057304550,1511000000,-276404
2026-06-02 21:31:59.000 UTC,1652639200762529358951,-1638596514,-276406
2026-06-02 21:34:59.000 UTC,-33198881687975493632,32945454,-276406
2026-06-02 22:06:11.000 UTC,107617357222989528598,-106688440,-276406
2026-06-02 22:10:59.000 UTC,41878472107104533952,-41516493,-276406
2026-06-02 22:18:59.000 UTC,10097926079268688164,-10010602,-276406
2026-06-02 22:23:23.000 UTC,-309665041434087530030,307301758,-276406
2026-06-02 22:24:47.000 UTC,-84172584081737498197,83532838,-276406
2026-06-02 22:27:47.000 UTC,-64358390187115440541,63870001,-276406
2026-06-02 22:51:23.000 UTC,61629881010464120890,-61101063,-276406
2026-06-02 23:00:35.000 UTC,733862428190515059564,-727519125,-276407
2026-06-02 23:00:47.000 UTC,148546554493476373883,-147252150,-276407
2026-06-02 23:00:59.000 UTC,32946573764554191160,-32659009,-276407
2026-06-02 23:05:23.000 UTC,10109648736453980135,-10021375,-276407
2026-06-02 23:23:47.000 UTC,4041409905703890795,-4006117,-276407
2026-06-02 23:26:11.000 UTC,5066371191699370919,-5022124,-276407
2026-06-02 23:29:11.000 UTC,25260787433257553299,-25040112,-276407
2026-06-02 23:47:47.000 UTC,-145569321382881507779,144443444,-276407
2026-06-02 23:48:23.000 UTC,-159293837065222365347,158065672,-276407
2026-06-02 23:50:11.000 UTC,-103666756875008211841,102869648,-276407
2026-06-03 00:02:47.000 UTC,-26722664142630672365,26517467,-276407
2026-06-03 00:04:11.000 UTC,20568484193493814183,-20390148,-276407
2026-06-03 00:12:35.000 UTC,-219126303859490737409,217447250,-276406
2026-06-03 00:14:47.000 UTC,-173503940853710136043,172179886,-276406
2026-06-03 00:18:59.000 UTC,-57562679485842220266,57124462,-276406
2026-06-03 00:39:23.000 UTC,-87427984925987359908,86763414,-276406
2026-06-03 00:45:23.000 UTC,-45148626621678821792,44805912,-276406
2026-06-03 01:06:11.000 UTC,-44599505643682632879,44261278,-276406
2026-06-03 01:29:59.000 UTC,-24420170036703864773,24235110,-276406
2026-06-03 01:43:35.000 UTC,13917004045612501134,-13797742,-276406
2026-06-03 01:56:11.000 UTC,-265314290883344945364,263309219,-276405
2026-06-03 01:57:47.000 UTC,-44153365770566059675,43820771,-276405
2026-06-03 02:22:11.000 UTC,47384890867488208798,-46980925,-276405
2026-06-03 03:11:35.000 UTC,132894400864787512854,-131759546,-276405
2026-06-03 03:39:23.000 UTC,297143338584027903489,-294595726,-276406
2026-06-03 03:43:47.000 UTC,10101002391430221473,-10014153,-276406
2026-06-03 03:47:59.000 UTC,5049525823750306379,-5006103,-276406
2026-06-03 03:50:23.000 UTC,516832539486480225785,-512366728,-276407
2026-06-03 04:03:47.000 UTC,6503951306845711360,-6447482,-276407
2026-06-03 04:06:35.000 UTC,-95410486538122821633,94677433,-276407
2026-06-03 04:26:47.000 UTC,-243394247726586146468,241530770,-276406
2026-06-03 04:37:59.000 UTC,-41671267905383336171,41353169,-276406
2026-06-03 04:44:35.000 UTC,-37731627541245750312,37443840,-276406
2026-06-03 04:50:59.000 UTC,-34106204960767829012,33846265,-276406
2026-06-03 04:58:59.000 UTC,-32957372369503206432,32706364,-276406
2026-06-03 05:02:35.000 UTC,-1990022266268948526,1974872,-276406
2026-06-03 05:02:47.000 UTC,-35441132243173507072,35171411,-276406
2026-06-03 05:03:11.000 UTC,-970671525536399663548,963361993,-276404
2026-06-03 05:03:11.000 UTC,-970671525536399663548,963511914,-276403
2026-06-03 05:03:35.000 UTC,-20032869292380254444,19886688,-276403
2026-06-03 05:04:23.000 UTC,-420508440790043978908,417454690,-276402
2026-06-03 05:04:59.000 UTC,-84466136568828936768,83856135,-276402
2026-06-03 05:05:11.000 UTC,-45262139319997108492,44935730,-276402
2026-06-03 05:08:47.000 UTC,-48457835247415037975,48108742,-276402
2026-06-03 05:08:47.000 UTC,-54294830065871070928,53904131,-276402
2026-06-03 05:08:59.000 UTC,6102578289213945944,-6052631,-276402
2026-06-03 05:09:35.000 UTC,-66140812412772696281,65665440,-276402
2026-06-03 05:11:11.000 UTC,-88968279767102133011,88329938,-276401
2026-06-03 06:32:11.000 UTC,137624487175643794975,-136499905,-276402
2026-06-03 07:33:23.000 UTC,-60421553150566985986,59987428,-276402
2026-06-03 08:10:59.000 UTC,-10062166612885451789,9989927,-276402
2026-06-03 08:34:59.000 UTC,309630061678635801497,-307092422,-276402
2026-06-03 10:53:59.000 UTC,14064135390217270162,-13948508,-276402
2026-06-03 11:38:23.000 UTC,-66090516413658679907,65613028,-276402
2026-06-03 11:44:35.000 UTC,28316446446632405759,-28083846,-276402
2026-06-03 11:49:35.000 UTC,122319412225369381864,-121313180,-276402
2026-06-03 11:58:11.000 UTC,41913413407827079610,-41568075,-276402
2026-06-03 11:59:11.000 UTC,32263986348547619820,-31997963,-276402
2026-06-03 12:13:59.000 UTC,170010133901456018785,-168605632,-276403
2026-06-03 13:03:35.000 UTC,-11080683345303341910,11000000,-276403
2026-06-03 14:00:11.000 UTC,63895491514923483136,-63366557,-276403
2026-06-03 15:02:23.000 UTC,56841345975922588858,-56370261,-276403
2026-06-03 15:51:59.000 UTC,206124936840011584823,-204412328,-276403
2026-06-03 16:20:23.000 UTC,605288634554608000719,-600220514,-276404
2026-06-03 16:24:59.000 UTC,198910097299236493927,-197231902,-276404
2026-06-03 16:26:11.000 UTC,368703637866505239273,-365576277,-276405
2026-06-03 16:27:23.000 UTC,224139877226315130216,-222228158,-276405
2026-06-03 16:42:23.000 UTC,150022565191329996659,-148738544,-276406
2026-06-03 17:06:11.000 UTC,244400632515267240375,-242301186,-276406
2026-06-03 17:10:47.000 UTC,-100766778920368872340,100000000,-276406
2026-06-03 17:13:47.000 UTC,55453571741744703100,-54976782,-276406
2026-06-03 17:39:59.000 UTC,-75654171876960936527,75078881,-276406
2026-06-03 17:43:35.000 UTC,-47376858244000702030,47017058,-276406
2026-06-03 18:25:35.000 UTC,345758117287456474160,-342781038,-276406
2026-06-03 19:16:47.000 UTC,-58899255586140672595,58449209,-276406
2026-06-03 19:25:11.000 UTC,47619964392194451478,-47208900,-276406
2026-06-03 19:26:23.000 UTC,219171709080134412298,-217275136,-276407
2026-06-03 19:43:47.000 UTC,-199217534583000322421,197690961,-276406
2026-06-03 19:45:11.000 UTC,-48991559377991093349,48617112,-276406
2026-06-03 19:53:47.000 UTC,78763546483038679790,-78083220,-276406
2026-06-03 19:55:59.000 UTC,115335134850412498759,-114337140,-276407
2026-06-03 20:02:47.000 UTC,236135091485068025322,-234085225,-276407
2026-06-03 20:02:59.000 UTC,47069719368080303782,-46660053,-276407
2026-06-03 20:47:47.000 UTC,1091556098393915893328,-1081957168,-276409
2026-06-03 20:57:47.000 UTC,148337565691353787424,-147018512,-276409
2026-06-03 20:59:47.000 UTC,21480533032530114985,-21289233,-276409
2026-06-03 21:08:23.000 UTC,-89348490531347779722,88641879,-276409
2026-06-03 21:18:35.000 UTC,-79298431736154496931,78672365,-276409
2026-06-03 21:32:11.000 UTC,-313349552892178505033,310885416,-276408
2026-06-03 21:37:11.000 UTC,-493119369825036027157,489273169,-276407
2026-06-03 21:38:11.000 UTC,-114522802634843793010,113635089,-276407
2026-06-03 21:38:35.000 UTC,-54365986959215974930,53945304,-276407
2026-06-03 21:43:59.000 UTC,-484962693646925127672,481230860,-276406
2026-06-03 21:48:47.000 UTC,-521827209771716890375,517853485,-276406
2026-06-03 21:49:47.000 UTC,-240256527455270514397,238446397,-276405
2026-06-03 21:49:47.000 UTC,-127222227848531752394,126259996,-276405
2026-06-03 21:54:59.000 UTC,-30367355432922405139,30139217,-276405
2026-06-03 21:57:23.000 UTC,-55781584786474424801,55362901,-276405
2026-06-03 22:21:23.000 UTC,-100449512951078953515,99696810,-276405
2026-06-03 23:09:35.000 UTC,69581730566232204913,-68991458,-276405
2026-06-03 23:18:35.000 UTC,9397320995481207507,-9317543,-276405
2026-06-03 23:30:23.000 UTC,-59066939840372664268,58624339,-276405
2026-06-03 23:35:11.000 UTC,414104414145053826176,-410578861,-276405
2026-06-04 00:12:23.000 UTC,-80176256642470887163,79571087,-276405
2026-06-04 00:32:35.000 UTC,55326630877047775491,-54854239,-276405
2026-06-04 00:37:59.000 UTC,198548021986168480782,-196848771,-276406
2026-06-04 00:39:11.000 UTC,681505473300602221698,-675625251,-276407
2026-06-04 00:42:35.000 UTC,24884725433508491507,-24668617,-276407
2026-06-04 01:10:23.000 UTC,36272869455875187742,-35957685,-276407
2026-06-04 01:25:11.000 UTC,97094724411282529640,-96250017,-276407
2026-06-04 01:25:23.000 UTC,84945774008301257261,-84205532,-276407
2026-06-04 01:25:47.000 UTC,212709653710767062590,-210851013,-276407
2026-06-04 01:29:35.000 UTC,147776777037956167718,-146481285,-276408
2026-06-04 01:52:23.000 UTC,285702101023295206007,-283187648,-276408
2026-06-04 01:54:23.000 UTC,90361843008207919346,-89563874,-276408
2026-06-04 01:55:35.000 UTC,769756647451981919172,-762906504,-276410
2026-06-04 02:04:59.000 UTC,299204049213938206344,-296516013,-276410
2026-06-04 02:05:11.000 UTC,159467120470725170537,-158028669,-276410
2026-06-04 02:06:11.000 UTC,-1542570405905381262058,1530355289,-276408
2026-06-04 02:06:11.000 UTC,1656715075581088908047,-1641937989,-276410
2026-06-04 02:06:11.000 UTC,-24873105561665490927,24672695,-276410
2026-06-04 02:08:59.000 UTC,-45923416247019743609,45553654,-276410
2026-06-04 02:08:59.000 UTC,-211011319502259204343,209316626,-276410
2026-06-04 02:21:23.000 UTC,-120376954514847551282,119413343,-276410
2026-06-04 02:26:47.000 UTC,-707526730157838233350,701909579,-276409
2026-06-04 02:29:35.000 UTC,-62452718937412590055,61960722,-276409
2026-06-04 02:34:23.000 UTC,-146706451657118103838,145553150,-276408
2026-06-04 02:34:23.000 UTC,-176515116236577701888,175132017,-276408
2026-06-04 02:37:23.000 UTC,263239859017094435035,-260914296,-276408
2026-06-04 02:41:11.000 UTC,-280187868621452490956,277990883,-276408
2026-06-04 02:41:47.000 UTC,-117676225921237909504,116757236,-276408
2026-06-04 02:43:11.000 UTC,-201569032858225613900,200000000,-276408
2026-06-04 02:50:35.000 UTC,-381245482015872133853,378295500,-276407
2026-06-04 03:04:23.000 UTC,-413251765705318105027,410080240,-276406
2026-06-04 03:04:47.000 UTC,-58003010893947411601,57560038,-276406
2026-06-04 03:04:59.000 UTC,-7018564570666461916,6965000,-276406
2026-06-04 03:04:59.000 UTC,-92315520460922619928,91611706,-276406
2026-06-04 03:05:23.000 UTC,-133105491174399934464,132093081,-276406
2026-06-04 03:07:23.000 UTC,-193903425201578582716,192433624,-276405
2026-06-04 03:07:35.000 UTC,-90187400741107826727,89505812,-276405
2026-06-04 03:08:47.000 UTC,-108437511083220101758,107619711,-276405
2026-06-04 03:09:47.000 UTC,-72236295463767113728,71692552,-276405
2026-06-04 03:32:59.000 UTC,-39726612276255663858,39427932,-276405
2026-06-04 03:33:59.000 UTC,-127685917283819855653,126727625,-276405
2026-06-04 03:34:23.000 UTC,-95716659650085361329,95000000,-276405
2026-06-04 03:46:59.000 UTC,-12752282617978552320,12656913,-276405
2026-06-04 04:20:59.000 UTC,-50376496384315395270,50000000,-276405
2026-06-04 04:49:11.000 UTC,-41745846035541999861,41434159,-276404
2026-06-04 05:20:47.000 UTC,-755282451577379611,749646,-276404
2026-06-04 05:28:23.000 UTC,-57515181905582272973,57086217,-276404
2026-06-04 05:31:23.000 UTC,5051819773051931184,-5009149,-276404
2026-06-04 05:58:59.000 UTC,12570702142757977521,-12464507,-276404
2026-06-04 06:01:35.000 UTC,7164059985269522091,-7103528,-276404
2026-06-04 07:05:11.000 UTC,41009387522798099322,-40662726,-276404
2026-06-04 07:08:11.000 UTC,78870402189435968758,-78202941,-276405
2026-06-04 07:23:23.000 UTC,41907726544707246552,-41552670,-276405
2026-06-04 09:23:23.000 UTC,88603481472118193131,-87851884,-276405
2026-06-04 09:26:47.000 UTC,757850116969554799721,-751370542,-276406
2026-06-04 09:30:47.000 UTC,56769039984089140196,-56279995,-276406
2026-06-04 09:37:47.000 UTC,137935687240551563142,-136745287,-276406
2026-06-04 10:03:11.000 UTC,1208512777839749187310,-1197953970,-276408
2026-06-04 10:49:59.000 UTC,91628062666360495381,-90818047,-276408
2026-06-04 10:54:11.000 UTC,54485583631127529293,-54003285,-276408
2026-06-04 10:54:11.000 UTC,95199442214242755501,-94355619,-276409
2026-06-04 10:57:23.000 UTC,118854808971053767625,-117799290,-276409
2026-06-04 10:57:23.000 UTC,808888902349756641227,-801645803,-276410
2026-06-04 11:02:23.000 UTC,70499589028852907985,-69863387,-276410
2026-06-04 11:31:35.000 UTC,-203983347190165061124,202347024,-276410
2026-06-04 11:37:59.000 UTC,59017550842063685681,-58486271,-276410
2026-06-04 11:37:59.000 UTC,69116699825620605508,-68493803,-276410
2026-06-04 11:39:59.000 UTC,62682994185420625712,-62117424,-276410
2026-06-04 12:23:47.000 UTC,-347454711206230296756,344672178,-276410
2026-06-04 12:37:35.000 UTC,-265592737839480398452,263478726,-276409
2026-06-04 12:45:23.000 UTC,-101512884452387781241,100707845,-276409
2026-06-04 12:52:11.000 UTC,-227406647456799630164,225609165,-276409
2026-06-04 13:19:35.000 UTC,287055445615374401686,-284500410,-276409
2026-06-04 13:53:59.000 UTC,89542838994514310666,-88743155,-276409
2026-06-04 14:11:59.000 UTC,-147516325345697264892,146345885,-276409
2026-06-04 15:24:47.000 UTC,94105473001219130782,-93265874,-276409
2026-06-04 15:40:11.000 UTC,-81407890536620098450,80762240,-276409
2026-06-04 16:58:47.000 UTC,-6610993728678708671657,6562080788,-276398
2026-06-04 18:29:35.000 UTC,-96693395549765917041,96029607,-276398
2026-06-04 20:06:35.000 UTC,42115196643127410994,-41784448,-276398
2026-06-04 20:32:11.000 UTC,-217328633706254965,215837,-276398
2026-06-04 20:40:11.000 UTC,-277083545498117226883,275187799,-276398
2026-06-04 21:33:35.000 UTC,33871878093328557551,-33607157,-276398
2026-06-04 21:37:59.000 UTC,35824652637607039616,-35544472,-276398
2026-06-04 21:40:59.000 UTC,71095447922995313937,-70538813,-276398
2026-06-04 22:07:47.000 UTC,34855491908422189607,-34582301,-276398
2026-06-04 22:44:59.000 UTC,5033143623210452959795,-4991667387,-276406
2026-06-04 22:45:11.000 UTC,-435073191372674022468,431760637,-276406
2026-06-04 22:45:11.000 UTC,-105147862227514179649,104351807,-276405
2026-06-04 22:45:11.000 UTC,-25847960132325690875,25652540,-276405
2026-06-04 22:47:59.000 UTC,-504264784311748812888,500473607,-276405
2026-06-04 22:57:35.000 UTC,-153533936464692052854,152387668,-276404
2026-06-04 22:57:35.000 UTC,-4446754932874908292,4413612,-276404
2026-06-04 22:57:47.000 UTC,-161470411137510322068,160269051,-276404
2026-06-04 22:59:59.000 UTC,-12073304055877955884,11983644,-276404
2026-06-04 23:03:11.000 UTC,-19553067110734848000,19407909,-276404
2026-06-04 23:03:59.000 UTC,-13273996636615381719,13175488,-276404
2026-06-04 23:04:11.000 UTC,-164871719242843103485,163650512,-276404
2026-06-04 23:05:59.000 UTC,-17132004674176790144,17005356,-276404
2026-06-04 23:06:59.000 UTC,-92887891148323238717,92202028,-276404
2026-06-04 23:08:23.000 UTC,-49099331710631729632,48737348,-276403
2026-06-04 23:40:23.000 UTC,-189494658879006268477,188101210,-276403
2026-06-04 23:40:23.000 UTC,-198916505901046810302,197459921,-276403
2026-06-04 23:40:35.000 UTC,-137449358146093830369,136446552,-276403
2026-06-04 23:43:59.000 UTC,-237942695672779904468,236213815,-276402
2026-06-05 02:33:59.000 UTC,15934608754695177147,-15803295,-276402
2026-06-05 02:58:47.000 UTC,-1147429774773311858383,1139216211,-276400
2026-06-05 03:02:35.000 UTC,28311007549880409015,-28082769,-276400
2026-06-05 04:08:35.000 UTC,-41786477488831429249,41491128,-276400
2026-06-05 04:29:35.000 UTC,-237811537392640466984,236135961,-276400
2026-06-05 04:55:47.000 UTC,-34161883664395703814,33921925,-276400
2026-06-05 04:59:23.000 UTC,-665724568793159746740,661085505,-276399
2026-06-05 04:59:59.000 UTC,-89038359722380134352,88423252,-276399
2026-06-05 05:36:11.000 UTC,61650419644900161756,-61163442,-276399
2026-06-05 05:38:59.000 UTC,26036870081028520750,-25831023,-276399
2026-06-05 05:44:59.000 UTC,51586285425316056546,-51178126,-276399
2026-06-05 05:47:11.000 UTC,38676843722631185418,-38370549,-276399
2026-06-05 05:58:35.000 UTC,317101402934038992964,-314581202,-276400
2026-06-05 05:58:35.000 UTC,532667768976156633950,-528398347,-276400
2026-06-05 06:03:23.000 UTC,1445105514833970155729,-1433295589,-276403
2026-06-05 06:10:35.000 UTC,81687448563308884894,-81009958,-276403
2026-06-05 06:15:47.000 UTC,336582631573528273188,-333779932,-276403
2026-06-05 06:18:59.000 UTC,146786086148716799082,-145558172,-276404
2026-06-05 06:19:11.000 UTC,1588703306056739860202,-1575194251,-276406
2026-06-05 06:19:35.000 UTC,-6067476286824760999936,6024066858,-276396
2026-06-05 06:21:11.000 UTC,745032893791580863043,-739278467,-276398
2026-06-05 06:24:47.000 UTC,2792229829875393348939,-2769878156,-276402
2026-06-05 06:31:59.000 UTC,263892739356597803655,-261716188,-276403
2026-06-05 06:38:59.000 UTC,363838310009844703480,-360819273,-276403
2026-06-05 06:44:23.000 UTC,-800178611711574403974,794360869,-276402
2026-06-05 06:46:35.000 UTC,-33290251686768110679,33050422,-276402
2026-06-05 06:50:59.000 UTC,-816435660903408414688,810609093,-276400
2026-06-05 06:57:59.000 UTC,-22740168004097695158,22579400,-276400
2026-06-05 07:03:23.000 UTC,99373440285067771253,-98571639,-276401
2026-06-05 07:19:23.000 UTC,401480311722818702562,-398224958,-276401
2026-06-05 07:19:59.000 UTC,-805707263949313161974,800000000,-276400
2026-06-05 07:32:47.000 UTC,-142015257206245556224,141020002,-276400
2026-06-05 07:36:11.000 UTC,-117698008346095779840,116875603,-276400
2026-06-05 07:39:23.000 UTC,-99276932371336658944,98584958,-276399
2026-06-05 07:41:35.000 UTC,-396358301742936681774,393611267,-276399
2026-06-05 07:42:23.000 UTC,-203512904546061288939,202112142,-276398
2026-06-05 07:59:23.000 UTC,-55153554937941590016,54775074,-276398
2026-06-05 08:47:23.000 UTC,-8047369255669126993,7992187,-276398
2026-06-05 09:13:47.000 UTC,-107906588145874658239,107167638,-276398
2026-06-05 09:15:11.000 UTC,-562906173445727368498,559081430,-276397
2026-06-05 09:49:23.000 UTC,-13419568675468096264,13329004,-276397
2026-06-05 10:03:11.000 UTC,-49076630958515592293,48745670,-276397
2026-06-05 10:45:11.000 UTC,-1202990586824952381440,1194997879,-276395
2026-06-05 11:22:59.000 UTC,-251391560120472174592,249750434,-276395
2026-06-05 11:30:11.000 UTC,-2637350801686126980,2620188,-276395
2026-06-05 11:33:23.000 UTC,16380117095047204395,-16257229,-276395
2026-06-05 12:17:47.000 UTC,-212032451920593525058,210655632,-276395
2026-06-05 12:24:23.000 UTC,-52939534517197791656,52596893,-276394
2026-06-05 13:03:35.000 UTC,-244890550404836551652,243311350,-276394
2026-06-05 13:06:47.000 UTC,-250601770687576738371,248995635,-276394
2026-06-05 13:34:47.000 UTC,-71429419204199889644,70973453,-276394
2026-06-05 13:39:47.000 UTC,370682634620015072927,-367939349,-276394
2026-06-05 13:42:47.000 UTC,79637865776432275618,-79045642,-276394
2026-06-05 13:49:23.000 UTC,145372879796459577142,-144289217,-276394
2026-06-05 13:49:47.000 UTC,122319835306039958851,-121405414,-276395
2026-06-05 13:49:47.000 UTC,82212060050325060266,-81596133,-276395
2026-06-05 13:52:11.000 UTC,70132605459893497846,-69606326,-276395
2026-06-05 13:58:11.000 UTC,358470154317803214409,-355767954,-276395
2026-06-05 13:59:35.000 UTC,198795367634349883313,-197288007,-276396
2026-06-05 14:05:11.000 UTC,1259196443569849492684,-1249502602,-276398
2026-06-05 14:06:35.000 UTC,1813932718041201818553,-1799525030,-276401
2026-06-05 14:09:23.000 UTC,-4152849258499114557818,4124760861,-276394
2026-06-05 14:16:11.000 UTC,-817886215507043535820,812678183,-276393
2026-06-05 14:26:47.000 UTC,242009087602211882697,-240238742,-276393
2026-06-05 14:27:59.000 UTC,609535291796000000000,-605035116,-276394
2026-06-05 15:08:11.000 UTC,287040173058774791381,-284900490,-276395
2026-06-05 15:11:47.000 UTC,635678198550518193470,-630893002,-276396
2026-06-05 15:37:11.000 UTC,138642019442264330029,-137589824,-276396
2026-06-05 15:37:11.000 UTC,150061730063184980555,-148919421,-276396
2026-06-05 15:41:11.000 UTC,295485652071792586495,-293169592,-276398
2026-06-05 15:41:11.000 UTC,1197432303439950714125,-1188188810,-276398
2026-06-05 15:41:23.000 UTC,52240290086441255275,-51829378,-276399
2026-06-05 15:41:35.000 UTC,254436718872753460482,-252429167,-276399
2026-06-05 15:43:59.000 UTC,-901672647274743979542,895500000,-276398
2026-06-05 15:48:59.000 UTC,-40556730125330749746,40282132,-276397
2026-06-05 15:56:35.000 UTC,285116622760344071304,-282897512,-276398
2026-06-05 16:04:35.000 UTC,341550691711931368308,-338875326,-276398
2026-06-05 16:07:47.000 UTC,-242961804546127036252,241298022,-276398
2026-06-05 16:13:59.000 UTC,-1164985871556439009382,1157362983,-276394
2026-06-05 16:13:59.000 UTC,-1208069024785563893397,1199935867,-276396
2026-06-05 16:14:11.000 UTC,-483210636313746100571,480112285,-276393
2026-06-05 16:14:11.000 UTC,398780335767137469290,-395829913,-276394
2026-06-05 16:16:23.000 UTC,-1004384455199545442997,997999592,-276392
2026-06-05 16:25:35.000 UTC,-482275977707409492970,479267295,-276392
2026-06-05 16:34:23.000 UTC,815029325344748082314,-809113448,-276393
2026-06-05 17:06:23.000 UTC,-32552413013269416881,32346444,-276393
2026-06-05 17:08:23.000 UTC,-58920320637556790430,58547942,-276393
2026-06-05 17:09:59.000 UTC,-48058546719534687116,47755225,-276393
2026-06-05 17:48:59.000 UTC,349582957644997407839,-347020883,-276393
2026-06-05 17:50:11.000 UTC,155781520936879076621,-154633542,-276394
2026-06-05 17:52:35.000 UTC,136994362617219676474,-135981242,-276394
2026-06-05 17:52:35.000 UTC,18179888957023743307,-18045666,-276394
2026-06-05 18:12:11.000 UTC,68471962151669260528,-67964468,-276394
2026-06-05 18:27:35.000 UTC,744611855140537677246,-739044853,-276395
2026-06-05 18:37:47.000 UTC,54067451198296928276,-53659787,-276395
2026-06-05 18:46:47.000 UTC,73434475802678231974,-72880041,-276395
2026-06-05 18:54:47.000 UTC,128965492095277002103,-127989718,-276396
2026-06-05 18:57:11.000 UTC,-5674188471840540721152,5639399908,-276386
2026-06-05 19:06:59.000 UTC,3968026877079334819434,-3940295847,-276393
2026-06-05 19:07:59.000 UTC,30400506152592907991,-30178372,-276393
2026-06-05 19:17:47.000 UTC,555704115513087875647,-551617723,-276394
2026-06-05 19:18:35.000 UTC,903990022613529725982,-897237508,-276395
2026-06-05 19:21:35.000 UTC,-1604225293622737633280,1592127432,-276404
2026-06-05 19:21:35.000 UTC,-546681334185645309952,542652223,-276403
2026-06-05 19:21:35.000 UTC,-81892715652779606016,81293253,-276403
2026-06-05 19:21:35.000 UTC,7041579999990000000000,-6984533179,-276407
2026-06-05 19:23:35.000 UTC,-29971043592678343435,29751919,-276403
2026-06-05 19:24:59.000 UTC,-548120227971761406283,544138022,-276402
2026-06-05 19:25:11.000 UTC,-1157982807169247619733,1149727065,-276400
2026-06-05 19:27:11.000 UTC,559455199990000000000,-554937921,-276401
2026-06-05 19:28:47.000 UTC,-157365758019197550867,156246300,-276401
2026-06-05 19:38:23.000 UTC,-417970681147419525120,414997516,-276401
2026-06-05 19:38:23.000 UTC,285282172978786313097,-282966669,-276401
2026-06-05 19:41:47.000 UTC,-793505177038555652055,787937235,-276399
2026-06-05 19:47:47.000 UTC,-175866291449757229043,174645829,-276399
2026-06-05 19:50:35.000 UTC,-78420403647357299342,77877776,-276399
2026-06-05 20:09:59.000 UTC,-145502505344792121720,144498300,-276399
2026-06-05 20:10:23.000 UTC,-165771176793113362432,164631193,-276398
2026-06-05 20:10:47.000 UTC,-402751430251909812759,400000000,-276398
2026-06-05 20:55:23.000 UTC,737597700000000000000,-731806737,-276399
2026-06-05 20:56:23.000 UTC,-96380520265732525818,95714604,-276399
2026-06-05 20:58:35.000 UTC,-10069487240069755617,10000000,-276399
2026-06-05 20:58:47.000 UTC,-400315430159404241248,397566027,-276398
2026-06-05 20:58:59.000 UTC,-461868365198244844026,458727921,-276397
2026-06-05 21:04:11.000 UTC,-59426591375013969920,59024904,-276397
2026-06-05 21:04:11.000 UTC,9320811090152328819,-9248515,-276397
2026-06-05 21:09:11.000 UTC,-42167563850610752769,41882878,-276397
2026-06-05 21:36:11.000 UTC,-42501598881937096704,42214945,-276397
2026-06-05 21:41:47.000 UTC,-205345217731190985870,203964307,-276397
2026-06-05 21:42:59.000 UTC,-251683366010222468652,250000000,-276396
2026-06-05 21:43:35.000 UTC,-51211465740597602500,50870178,-276396
2026-06-05 21:48:35.000 UTC,-82841364347758474566,82290170,-276396
2026-06-05 22:12:35.000 UTC,6243008493675487331,-6195308,-276396
2026-06-05 22:45:35.000 UTC,1006935721808848290,-999241,-276396
2026-06-05 22:50:47.000 UTC,800000000000000000,-793886,-276396
2026-06-05 22:51:47.000 UTC,6142332564278191151710,-6092397195,-276406
2026-06-05 22:51:47.000 UTC,-3182370535445824278932,3158908654,-276401
2026-06-05 22:53:47.000 UTC,-201430797511988421992,200000000,-276401
2026-06-05 22:53:59.000 UTC,-69755624173177479361,69261644,-276401
2026-06-05 22:56:23.000 UTC,-41834856941496365354,41538972,-276400
2026-06-05 23:20:23.000 UTC,20464235048206475904,-20299218,-276401
2026-06-05 23:26:23.000 UTC,79573615120596579872,-78931326,-276401
2026-06-05 23:49:35.000 UTC,-303759175911188819692,301614300,-276400
2026-06-05 23:51:47.000 UTC,-47685541781816661392,47350164,-276400
2026-06-06 00:03:47.000 UTC,-32092389625705904916,31866884,-276400
2026-06-06 00:03:47.000 UTC,-101955741179802143112,101240410,-276400
2026-06-06 00:04:11.000 UTC,-251759280904370880033,250000000,-276399
2026-06-06 00:05:23.000 UTC,-595917454849894183019,591793434,-276398
2026-06-06 00:10:11.000 UTC,-64452083565974722106,64009435,-276398
2026-06-06 00:10:23.000 UTC,-537162183547491211187,533498756,-276398
2026-06-06 01:23:11.000 UTC,63834528414456075341,-63338199,-276398
2026-06-06 02:17:35.000 UTC,17883183239770935518,-17744021,-276398
2026-06-06 02:18:59.000 UTC,12776374543542782891,-12676921,-276398
2026-06-06 02:57:59.000 UTC,39913920828790845491,-39603056,-276398
2026-06-06 02:58:23.000 UTC,22667817048546172644,-22491159,-276398
2026-06-06 03:25:59.000 UTC,89520963590230745294,-88822497,-276398
2026-06-06 04:04:59.000 UTC,41063784834271047890,-40742968,-276398
2026-06-06 04:06:23.000 UTC,-3985879666588260783,3958686,-276398
2026-06-06 04:06:23.000 UTC,-2753289549290627658,2734507,-276398
2026-06-06 04:06:23.000 UTC,47229690246878988580,-46860420,-276398
2026-06-06 04:06:35.000 UTC,32034318258224583955,-31783653,-276398
2026-06-06 04:08:23.000 UTC,40536674235351026175,-40219245,-276398
2026-06-06 04:14:47.000 UTC,42240860174601430432,-41909808,-276398
2026-06-06 04:17:47.000 UTC,232897148340400017649,-231066780,-276399
2026-06-06 04:28:35.000 UTC,747759766863400395570,-741824728,-276400
2026-06-06 04:30:47.000 UTC,41055216186077845267,-40726782,-276400
2026-06-06 04:34:35.000 UTC,1157028503202759835436,-1147662319,-276402
2026-06-06 04:34:59.000 UTC,-9694797864551832819714,9632535694,-276386
2026-06-06 04:35:35.000 UTC,11885367131082980664605,-11795164808,-276405
2026-06-06 04:39:11.000 UTC,-937936183683880563519,930932170,-276404
2026-06-06 04:52:35.000 UTC,-339186324209821329357,336687924,-276403
2026-06-06 04:52:47.000 UTC,-252031581106604616147,250187008,-276403
2026-06-06 05:02:23.000 UTC,106968816114573963961,-106081005,-276403
2026-06-06 05:02:47.000 UTC,31990641462200924486,-31724775,-276403
2026-06-06 05:08:59.000 UTC,-1167443632227453045049,1159005396,-276401
2026-06-06 05:10:47.000 UTC,-925808314124180069818,919270861,-276400
2026-06-06 05:22:11.000 UTC,-533954722058904201574,530246337,-276399
2026-06-06 05:22:11.000 UTC,-126151031894844669933,125281527,-276399
2026-06-06 05:22:35.000 UTC,-184792676127287310197,183523555,-276398
2026-06-06 05:22:47.000 UTC,-226684336771658045737,225134940,-276398
2026-06-06 05:23:11.000 UTC,-56033168486882035372,55651441,-276398
2026-06-06 05:23:23.000 UTC,-1213382570008448268630,1205239037,-276396
2026-06-06 05:23:59.000 UTC,-135760011508386234041,134863457,-276396
2026-06-06 05:23:59.000 UTC,-517647554510442228540,514255972,-276395
2026-06-06 05:24:23.000 UTC,-654225345641581599211,650000000,-276394
2026-06-06 05:24:23.000 UTC,-125804696390013686309,125000000,-276394
2026-06-06 05:24:23.000 UTC,-203656361825604956366,202359043,-276393
2026-06-06 05:24:35.000 UTC,-38972620058014086725,38725113,-276393
2026-06-06 05:41:35.000 UTC,-3799625482187526113,3775508,-276393
2026-06-06 05:43:47.000 UTC,-250548293221281782255,248963043,-276393
2026-06-06 05:54:59.000 UTC,-11903039054410112483,11827976,-276393
2026-06-06 06:00:35.000 UTC,637468824229207461832,-632783789,-276394
2026-06-06 06:08:47.000 UTC,-5158700527799047110,5125652,-276394
2026-06-06 06:09:11.000 UTC,-15991179329856568505,15888761,-276394
2026-06-06 07:09:35.000 UTC,-220028101212960751519,218623023,-276393
2026-06-06 08:01:11.000 UTC,103461105228538756122,-102698597,-276394
2026-06-06 08:29:23.000 UTC,-79930039427075943426,79420208,-276393
2026-06-06 10:02:11.000 UTC,88041342208966418669,-87392257,-276394
2026-06-06 10:02:23.000 UTC,78971934219776058235,-78388664,-276394
2026-06-06 10:03:47.000 UTC,31517844328674906874,-31284783,-276394
2026-06-06 10:08:11.000 UTC,17336536818478723731,-17208273,-276394
2026-06-06 10:20:23.000 UTC,31402941702526604211,-31170486,-276394
2026-06-06 10:20:35.000 UTC,47123418505841577050,-46774300,-276394
2026-06-06 10:31:11.000 UTC,123158425370102412396,-122244326,-276394
2026-06-06 10:31:23.000 UTC,120895431568156092680,-119995781,-276394
2026-06-06 10:31:47.000 UTC,45346745276325925375,-45008695,-276394
2026-06-06 10:32:23.000 UTC,21991546082112000818,-21827486,-276394
2026-06-06 10:37:23.000 UTC,-502611948199767851634,499380877,-276394
2026-06-06 10:39:11.000 UTC,15045579591697308742,-14934497,-276394
2026-06-06 12:48:23.000 UTC,-195401771133739524095,194156020,-276393
2026-06-06 12:53:11.000 UTC,-48265628865067025978,47958857,-276393
2026-06-06 13:10:47.000 UTC,158033632936346756274,-156870814,-276394
2026-06-06 13:32:35.000 UTC,172188042042277217443,-170916550,-276394
2026-06-06 13:32:35.000 UTC,20648708544389149080,-20495915,-276394
2026-06-06 13:32:35.000 UTC,502795945768213583807,-499054484,-276395
2026-06-06 14:05:23.000 UTC,15417765052695503644,-15302401,-276395
2026-06-06 15:05:59.000 UTC,158751124367473654757,-157561063,-276395
2026-06-06 15:19:11.000 UTC,232903777593970889436,-231150582,-276395
2026-06-06 15:34:23.000 UTC,-112367992084664056133,111632665,-276395
2026-06-06 16:11:11.000 UTC,-5151488661248136733,5117826,-276395
2026-06-06 16:15:47.000 UTC,25370037798057921745,-25179016,-276395
2026-06-06 17:32:59.000 UTC,78673381904091919437,-78080368,-276395
2026-06-06 17:43:35.000 UTC,11161697943043916019,-11077484,-276395
2026-06-06 17:47:23.000 UTC,260245415557250469457,-258276293,-276396
2026-06-06 18:50:47.000 UTC,171558409942076735636,-170254437,-276396
2026-06-06 21:19:59.000 UTC,-1333689004570560781176,1325000000,-276394
2026-06-06 21:31:35.000 UTC,119589632834763975,-118704,-276394
2026-06-06 21:35:35.000 UTC,351462899990000000000,-348851503,-276394
2026-06-07 00:44:23.000 UTC,78474264088533691752,-77888509,-276395
2026-06-07 01:08:47.000 UTC,-82864059272234112340,82327875,-276394
2026-06-07 01:09:23.000 UTC,-79331423213844821224,78819123,-276394
2026-06-07 01:09:35.000 UTC,-31853298647364770403,31647881,-276394
2026-06-07 01:09:35.000 UTC,-14744500320918364744,14649470,-276394
2026-06-07 01:15:59.000 UTC,-4657435404039262655,4627425,-276394
2026-06-07 01:17:47.000 UTC,-12568512095165200629,12487543,-276394
2026-06-07 01:19:11.000 UTC,-22576023815334547622,22430648,-276394
2026-06-07 01:30:23.000 UTC,-8277216222240070797,8223936,-276394
2026-06-07 01:44:59.000 UTC,-40547559334924104040,40286714,-276394
2026-06-07 03:22:23.000 UTC,-11362667754108307117,11289618,-276394
2026-06-07 03:34:59.000 UTC,-1207646586454497701212,1200000000,-276392
2026-06-07 04:10:59.000 UTC,19007166029694638946,-18869733,-276392
2026-06-07 04:11:35.000 UTC,30390227475060877769,-30170368,-276392
2026-06-07 04:26:35.000 UTC,-402500068803827144948,400000000,-276392
2026-06-07 04:54:47.000 UTC,507177999990000000000,-503519621,-276392
2026-06-07 05:19:47.000 UTC,-35648202816469934423,35425144,-276392
2026-06-07 06:29:23.000 UTC,-35646705559172915119,35423859,-276392
2026-06-07 06:35:59.000 UTC,-18118919628028858600,18005726,-276392
2026-06-07 07:00:47.000 UTC,104807710578673570286,-104048098,-276392
2026-06-07 08:20:59.000 UTC,1006406330690284134,-999103,-276392
2026-06-07 08:36:47.000 UTC,10248596320317860017,-10174222,-276392
2026-06-07 08:38:23.000 UTC,-16341872138947462909,16239523,-276392
2026-06-07 08:46:23.000 UTC,-268411133999524429150,266736164,-276392
2026-06-07 08:47:11.000 UTC,-65501343746477508453,65094339,-276392
2026-06-07 08:49:47.000 UTC,-45767048495140394241,45483072,-276392
2026-06-07 08:52:11.000 UTC,-35228786559643652663,35010426,-276392
2026-06-07 08:58:11.000 UTC,-373540978756081374647,371237802,-276391
2026-06-07 08:58:11.000 UTC,-71862482748745165753,71421945,-276391
2026-06-07 09:02:47.000 UTC,-30528677309215700061,30341777,-276391
2026-06-07 09:39:11.000 UTC,28823644065070850550,-28618546,-276391
2026-06-07 10:41:35.000 UTC,32916415739661896917,-32682033,-276391
2026-06-07 11:07:47.000 UTC,7102642225775430128,-7052045,-276391
2026-06-07 12:10:11.000 UTC,32688643236860226737,-32455675,-276391
2026-06-07 12:10:23.000 UTC,32688814567302319989,-32455675,-276391
2026-06-07 12:10:35.000 UTC,284876292106584027907,-282837328,-276392
2026-06-07 12:12:11.000 UTC,45915417379815753898,-45585575,-276392
2026-06-07 12:14:59.000 UTC,34551857309969828645,-34303426,-276392
2026-06-07 12:19:47.000 UTC,36000607896692891422,-35741557,-276392
2026-06-07 12:24:11.000 UTC,42035770770006805376,-41733032,-276392
2026-06-07 12:34:11.000 UTC,27942255686109034450,-27740862,-276392
2026-06-07 14:24:23.000 UTC,-56095937599551260599,55747486,-276392
2026-06-07 14:36:59.000 UTC,-15271432207591472210,15176658,-276392
2026-06-07 16:12:35.000 UTC,197110847652319368345,-195688881,-276392
2026-06-07 16:12:59.000 UTC,407890153962558424486,-404927978,-276393
2026-06-07 16:12:59.000 UTC,-388226748187708233348,385792467,-276392
2026-06-07 17:13:11.000 UTC,-192131933490707532322,190936105,-276392
2026-06-07 17:23:47.000 UTC,-64436941454009816726,64037204,-276392
2026-06-07 18:14:59.000 UTC,-378588651096801994808,376253427,-276391
2026-06-07 18:39:11.000 UTC,-50094228687937063995,49786948,-276391
2026-06-07 18:42:35.000 UTC,-59985323380857413810,59617896,-276391
2026-06-07 19:02:35.000 UTC,67514284761025145980,-67033616,-276391
2026-06-07 19:06:59.000 UTC,42120758581004470147,-41820511,-276391
2026-06-07 20:21:59.000 UTC,-21026347676862849732,20897324,-276391
2026-06-07 20:22:11.000 UTC,-579805158936707704048,576275072,-276390
2026-06-07 22:11:11.000 UTC,18575464367094757255,-18444742,-276390
2026-06-07 22:12:35.000 UTC,-118893714782824003528,118176114,-276390
2026-06-07 22:12:47.000 UTC,-21069004123239266792,20942075,-276390
2026-06-07 22:13:47.000 UTC,-1523600210917823079647,1514608948,-276387
2026-06-07 22:14:11.000 UTC,-279942550514780240290,278330785,-276387
2026-06-07 22:16:11.000 UTC,-507096167337361927611,504208402,-276386
2026-06-07 22:16:11.000 UTC,-259758564880732117430,258295206,-276386
2026-06-07 22:16:11.000 UTC,-537884142240842826951,534888183,-276385
2026-06-07 22:17:47.000 UTC,-125693444845147859148,125000000,-276385
2026-06-07 22:17:47.000 UTC,-8319889513132142086,8274079,-276385
2026-06-07 22:17:59.000 UTC,-97540933253450432512,97004673,-276385
2026-06-07 22:18:47.000 UTC,146354082046385899797,-145403373,-276385
2026-06-07 22:19:23.000 UTC,-42036358105257913297,41804738,-276385
2026-06-07 22:19:23.000 UTC,-54501255493978872692,54201373,-276385
2026-06-07 22:19:35.000 UTC,351578509901112109570,-349286136,-276385
2026-06-07 22:20:11.000 UTC,190157922051418658259,-188909841,-276386
2026-06-07 22:22:11.000 UTC,7756533190601708676,-7705501,-276386
2026-06-07 22:22:35.000 UTC,676062838530728837109,-671578086,-276387
2026-06-07 22:22:47.000 UTC,217870371538234616326,-216409586,-276387
2026-06-07 22:38:23.000 UTC,-20280006387645297710,20163872,-276387
2026-06-07 22:41:11.000 UTC,-9815581543651451944,9759396,-276387
2026-06-08 00:27:59.000 UTC,-19170169814821334072,19060482,-276387
2026-06-08 00:39:35.000 UTC,-63344619450359449433,62982590,-276387
2026-06-08 01:10:59.000 UTC,132855463099591800792,-131963362,-276387
2026-06-08 01:12:35.000 UTC,10000000000000000000,-9932737,-276387
2026-06-08 01:16:23.000 UTC,252015612741065766517,-250315245,-276387
2026-06-08 01:16:47.000 UTC,70836159122336510658,-70356401,-276388
2026-06-08 01:17:11.000 UTC,125794725161952216270,-124940774,-276388
2026-06-08 01:24:47.000 UTC,38044055288757624060,-37785299,-276388
2026-06-08 01:53:47.000 UTC,200272805218844031070,-198906850,-276388
2026-06-08 02:07:23.000 UTC,7061401749552112085,-7013123,-276388
2026-06-08 04:05:11.000 UTC,191907448047281487532,-190592340,-276388
2026-06-08 04:06:47.000 UTC,90370332011036440235,-89749008,-276389
2026-06-08 04:07:35.000 UTC,34883130978875202061,-34642951,-276389
2026-06-08 04:21:47.000 UTC,15020927920868105516,-14917445,-276389
2026-06-08 04:36:11.000 UTC,33031673831655318577,-32803984,-276389
2026-06-08 04:40:23.000 UTC,187757965743271014873,-186460435,-276389
2026-06-08 04:44:47.000 UTC,21753956010729021156,-21603259,-276389
2026-06-08 05:06:35.000 UTC,12813970979551153655,-12725169,-276389
2026-06-08 05:06:47.000 UTC,4503812035530498539,-4472594,-276389
2026-06-08 05:13:35.000 UTC,40189419750663102753,-39910705,-276389
2026-06-08 05:13:47.000 UTC,19422441360113632305,-19287654,-276389
2026-06-08 05:14:11.000 UTC,21886031103494837455,-21734075,-276389
2026-06-08 05:14:47.000 UTC,144609453872723325981,-143603504,-276389
2026-06-08 05:37:59.000 UTC,33232432705202361988,-33000786,-276390
2026-06-08 05:41:23.000 UTC,48094439690808804640,-47758887,-276390
2026-06-08 05:41:35.000 UTC,24058596927988557858,-23890603,-276390
2026-06-08 05:42:47.000 UTC,6196986616326452874,-6153700,-276390
2026-06-08 05:46:23.000 UTC,1583720438216859997,-1572657,-276390
2026-06-08 07:12:47.000 UTC,-18234330850711112756,18125096,-276390
2026-06-08 07:22:23.000 UTC,163795937160053426776,-162650022,-276390
2026-06-08 07:23:11.000 UTC,336650517007697782441,-334281901,-276390
2026-06-08 09:35:47.000 UTC,13919532929672163602,-13821209,-276390
2026-06-08 09:55:59.000 UTC,-12781431081211413518,12703846,-276390
2026-06-08 10:04:47.000 UTC,208316720137420512463,-206841964,-276391
2026-06-08 10:06:23.000 UTC,335061350307124545970,-332674826,-276391
2026-06-08 10:10:47.000 UTC,-528229388954200865602,525000000,-276390
2026-06-08 11:11:23.000 UTC,-419696064755417481216,417161924,-276390
2026-06-08 11:36:11.000 UTC,-326954700572681337412,325000000,-276389
2026-06-08 11:41:47.000 UTC,95263758098503214184,-94601311,-276389
2026-06-08 11:49:59.000 UTC,9037364568785394499,-8974445,-276389
2026-06-08 12:02:47.000 UTC,192250765562380285474,-190909211,-276390
2026-06-08 12:03:47.000 UTC,22891142705703292711,-22731012,-276390
2026-06-08 12:03:59.000 UTC,334593795140559845808,-332243696,-276390
2026-06-08 12:04:47.000 UTC,84379231897011415403,-83783759,-276390
2026-06-08 12:04:47.000 UTC,84708940036237128429,-84110001,-276391
2026-06-08 12:42:59.000 UTC,-101863689107192138193,101244817,-276390
2026-06-08 12:44:59.000 UTC,-477881282336394674640,475000000,-276390
2026-06-08 13:35:11.000 UTC,1014884343799680976,-1007795,-276390
2026-06-08 14:25:35.000 UTC,170000000000000000000,-168810231,-276390
2026-06-08 15:25:59.000 UTC,-117503786457775929166,116797698,-276390
2026-06-08 16:56:11.000 UTC,42496717619641992739,-42199375,-276390
2026-06-08 17:02:47.000 UTC,84726433232103567584,-84132758,-276390
2026-06-08 18:29:35.000 UTC,202344514245092869,-200925,-276390
2026-06-08 18:43:35.000 UTC,5425687718712309953,-5387630,-276390
2026-06-08 18:49:59.000 UTC,1157388351333075183,-1149269,-276390
2026-06-08 18:54:23.000 UTC,16916437649557984170,-16797749,-276390
2026-06-08 19:21:59.000 UTC,-100605214403903922938,100000000,-276390
2026-06-08 19:30:11.000 UTC,1004008182228105965,-996978,-276390
2026-06-08 20:01:59.000 UTC,1146028600062836468895,-1137899992,-276392
2026-06-08 21:08:11.000 UTC,-27587992709223762381,27417270,-276392
2026-06-08 21:09:23.000 UTC,-337001390074947329510,334925715,-276391
2026-06-08 21:25:35.000 UTC,-200625101431667582174,199398000,-276391
2026-06-08 21:41:11.000 UTC,-200218214606827649992,199000000,-276390
2026-06-08 22:09:35.000 UTC,85078200827632524557,-84476789,-276391
2026-06-08 23:00:23.000 UTC,-270534000424603803683,268894440,-276390
2026-06-08 23:19:47.000 UTC,347218235651153515374,-344766789,-276391
2026-06-08 23:19:59.000 UTC,37549586490766988938,-37283327,-276391
2026-06-08 23:20:35.000 UTC,79991040040006214228,-79423085,-276391
2026-06-08 23:39:11.000 UTC,7705809839426683865,-7651043,-276391
2026-06-09 00:10:23.000 UTC,196542143840015908903,-195142081,-276391
2026-06-09 00:24:47.000 UTC,222776861194033522378,-221182481,-276392
2026-06-09 00:40:11.000 UTC,72357299702549996589,-71837749,-276392
2026-06-09 00:49:47.000 UTC,22054038770136316384,-21895517,-276392
2026-06-09 01:21:11.000 UTC,73518136993074593106,-72989140,-276392
2026-06-09 02:16:59.000 UTC,5587573339338246824,-5547333,-276392
2026-06-09 02:33:47.000 UTC,250000000000000000000,-248194475,-276392
2026-06-09 02:37:47.000 UTC,10767647465044052218,-10689659,-276392
2026-06-09 03:08:35.000 UTC,9065675646353796964,-9000000,-276392
2026-06-09 04:34:23.000 UTC,-129000068368003275983,128194932,-276392
2026-06-09 04:36:23.000 UTC,-50701725973429436392,50386005,-276392
2026-06-09 04:44:35.000 UTC,-13948238169553937793,13861454,-276392
2026-06-09 05:06:23.000 UTC,9272831944332971101,-9205928,-276392
2026-06-09 05:07:23.000 UTC,8591959632851917612,-8529956,-276392
2026-06-09 05:43:47.000 UTC,-10062617914787488644,10000000,-276392
2026-06-09 08:05:23.000 UTC,222875843861204663168,-221263718,-276392
2026-06-09 08:06:47.000 UTC,20885492006080774377,-20734016,-276392
2026-06-09 08:24:35.000 UTC,20286126809222304819,-20138931,-276392
2026-06-09 08:41:23.000 UTC,3409860263440109984,-3385112,-276392
2026-06-09 09:37:35.000 UTC,359417867712218887841,-356798888,-276393
2026-06-09 09:38:23.000 UTC,46439678101884965547,-46099785,-276393
2026-06-09 12:07:35.000 UTC,401134016525701712873,-398183821,-276394
2026-06-09 12:11:59.000 UTC,53735596750853520698,-53338446,-276394
2026-06-09 13:19:11.000 UTC,16409579021284470043,-16288207,-276394
2026-06-09 14:12:35.000 UTC,20569589698978144233,-20417388,-276394
2026-06-09 14:17:11.000 UTC,470769436588891724664,-467267643,-276395
2026-06-09 14:19:11.000 UTC,82785742988720430309,-82166299,-276395
2026-06-09 14:28:11.000 UTC,39330451696928483598,-39035780,-276395
2026-06-09 14:29:23.000 UTC,73014884850043664066,-72467190,-276395
2026-06-09 14:30:23.000 UTC,93807842198805321557,-93102931,-276395
2026-06-09 14:47:35.000 UTC,664005736998545941648,-658976097,-276396
2026-06-09 14:55:47.000 UTC,-228922983376912020177,227408394,-276396
2026-06-09 15:09:23.000 UTC,-219891557294105105727,218444583,-276395
2026-06-09 16:08:11.000 UTC,263649032701816662483,-261651351,-276396
2026-06-09 16:39:59.000 UTC,561318049896063057770,-557028085,-276397
2026-06-09 16:39:59.000 UTC,141635601831002783765,-140545210,-276397
2026-06-09 16:40:11.000 UTC,346317812831546744279,-343638221,-276397
2026-06-09 17:04:47.000 UTC,-85704632860585830532,85124832,-276397
2026-06-09 17:04:47.000 UTC,-81565614369821119625,81014901,-276397
2026-06-09 17:17:59.000 UTC,-210000045222504914554,208587046,-276397
2026-06-09 18:08:23.000 UTC,-20519200870922720855,20381513,-276397
2026-06-09 20:48:11.000 UTC,4361156605187086075,-4327567,-276397
2026-06-09 20:59:47.000 UTC,7005276997597318031,-6951316,-276397
2026-06-09 22:03:11.000 UTC,22876123120372402540,-22699857,-276397
2026-06-09 23:10:47.000 UTC,2195887226296214951,-2178963,-276397
2026-06-09 23:12:59.000 UTC,14550239542419778392,-14438078,-276397
2026-06-09 23:24:35.000 UTC,12404699084890422412,-12309050,-276397
2026-06-09 23:38:47.000 UTC,-408818759832908888039,406085355,-276396
2026-06-10 02:05:35.000 UTC,5951157271695988236,-5905648,-276396
2026-06-10 02:05:35.000 UTC,3779442971336210444,-3750538,-276396
2026-06-10 02:17:11.000 UTC,23650092832317634805,-23469168,-276396
2026-06-10 02:57:11.000 UTC,5138622581175124712,-5099300,-276396
2026-06-10 05:17:11.000 UTC,10506897619645110313,-10426482,-276396
2026-06-10 05:20:23.000 UTC,26994424995462043985,-26787739,-276396
2026-06-10 06:33:11.000 UTC,30334178524501809,-30101,-276396
2026-06-10 07:35:35.000 UTC,-21848141339254318215,21702548,-276396
2026-06-10 08:02:23.000 UTC,24192759414911132808,-24007511,-276396
2026-06-10 08:06:47.000 UTC,-566400471822798767034,562650389,-276396
2026-06-10 08:08:23.000 UTC,-88802272901801975619,88218957,-276395
2026-06-10 08:34:59.000 UTC,65771813722380784014,-65274575,-276395
2026-06-10 08:47:11.000 UTC,49256282847927231560,-48883451,-276396
2026-06-10 08:47:35.000 UTC,15819955423151126960,-15700129,-276396
2026-06-10 09:21:11.000 UTC,32582379910838945328,-32335462,-276396
2026-06-10 09:21:59.000 UTC,401651618843924022800,-398593935,-276396
2026-06-10 09:59:11.000 UTC,354881443566889507068,-352158457,-276397
2026-06-10 10:03:47.000 UTC,354598270248108991914,-351857449,-276397
2026-06-10 10:03:47.000 UTC,-224737106534856649507,223220877,-276397
2026-06-10 10:18:59.000 UTC,-7868588930074046476,7815648,-276397
2026-06-10 10:46:11.000 UTC,-42038308079884918555,41755635,-276397
2026-06-10 11:01:11.000 UTC,-226518305227651744152,225000000,-276397
2026-06-10 11:25:59.000 UTC,26142068380235544150,-25941300,-276397
2026-06-10 12:23:47.000 UTC,14601577147574234241,-14489391,-276397
2026-06-10 12:31:35.000 UTC,-50305988490984161280,49969581,-276397
2026-06-10 12:32:59.000 UTC,-51267064243096910802,50924645,-276397
2026-06-10 12:33:59.000 UTC,-72700191590953532983,72215335,-276396
2026-06-10 12:33:59.000 UTC,-96890396119002618830,96245518,-276396
2026-06-10 12:35:11.000 UTC,-44408545419256407979,44113473,-276396
2026-06-10 12:36:59.000 UTC,-43276914008705204224,42989663,-276396
2026-06-10 12:38:23.000 UTC,-16117793323720385479,16010888,-276396
2026-06-10 12:38:35.000 UTC,-66039711157455332301,65602117,-276396
2026-06-10 13:34:47.000 UTC,-445931060277422986879,442994401,-276395
2026-06-10 13:35:47.000 UTC,-49790394460055651171,49464469,-276395
2026-06-10 13:37:11.000 UTC,-538434759649367136564,534935418,-276394
2026-06-10 13:37:35.000 UTC,-154068737091319894740,153075930,-276394
2026-06-10 13:43:23.000 UTC,-159892434877017566138,158866101,-276394
2026-06-10 13:44:23.000 UTC,-148237426462593771230,147289544,-276394
2026-06-10 13:51:59.000 UTC,91641591016873925690,-90964982,-276394
2026-06-10 14:26:35.000 UTC,31027456850667416856,-30798072,-276394
2026-06-10 16:49:11.000 UTC,82744433717295006277,-82131958,-276394
2026-06-10 17:30:35.000 UTC,223583284242046567224,-221922868,-276394
2026-06-10 19:01:35.000 UTC,-226656818943396884976,225198778,-276394
2026-06-10 21:07:23.000 UTC,24411625987035680068,-24230735,-276394
2026-06-10 21:47:59.000 UTC,-290278233034207586393,288421755,-276393
2026-06-10 21:54:59.000 UTC,36273405918539878434,-36006120,-276394
2026-06-10 22:02:59.000 UTC,317001060556096261383,-314656281,-276394
2026-06-10 22:48:47.000 UTC,-42033901572859663539,41763821,-276394
2026-06-10 23:02:47.000 UTC,112067916185326502953,-111235901,-276394
2026-06-10 23:10:23.000 UTC,290144363453561435210,-287980988,-276395
2026-06-10 23:16:35.000 UTC,210127577768767727377,-208552461,-276395
2026-06-10 23:16:59.000 UTC,36579073814090024378,-36304159,-276395
2026-06-11 01:51:35.000 UTC,-12436911286799731822,12355769,-276395
2026-06-11 02:23:59.000 UTC,35948430282693791809,-35678119,-276395
2026-06-11 02:34:35.000 UTC,41317411859845745223,-41006475,-276395
2026-06-11 03:34:11.000 UTC,-43167274186256983497,42885298,-276395
2026-06-11 03:56:47.000 UTC,-95612142913922933735,94988644,-276395
2026-06-11 03:57:23.000 UTC,-276796817938207201932,275000000,-276394
2026-06-11 06:31:23.000 UTC,100577982847090735394,-99826595,-276395
2026-06-11 07:00:59.000 UTC,22627357538208668360,-22458093,-276395
2026-06-11 08:47:35.000 UTC,11677929141015818699,-11590540,-276395
2026-06-11 10:31:59.000 UTC,-91569981481218273215,90976279,-276395
2026-06-11 10:53:11.000 UTC,115090025139692495541,-114229297,-276395
2026-06-11 12:23:35.000 UTC,254571189971944188495,-252659832,-276395
2026-06-11 12:23:35.000 UTC,108547113078087333589,-107728990,-276395
2026-06-11 12:37:59.000 UTC,16719898018620800577,-16593713,-276395
2026-06-11 13:03:23.000 UTC,16394842016056241810,-16271067,-276395
2026-06-11 14:11:47.000 UTC,1014582612708740301330,-1006839687,-276397
2026-06-11 15:08:47.000 UTC,-65628791331763519488,65188156,-276397
2026-06-11 15:09:11.000 UTC,-1281873393394674956,1273274,-276397
2026-06-11 17:30:23.000 UTC,-106757767772336073898,106042477,-276397
2026-06-11 17:31:47.000 UTC,-125434988993646253718,124596878,-276396
2026-06-11 17:31:47.000 UTC,-68788507936347815111,68329952,-276396
2026-06-11 17:33:35.000 UTC,-453000953312466482493,450000000,-276396
2026-06-11 17:36:23.000 UTC,-402639886079133525754,400000000,-276395
2026-06-11 17:50:11.000 UTC,-478101095161357492858,475000000,-276394
2026-06-11 18:13:11.000 UTC,-14813344570495110772,14717843,-276394
2026-06-11 18:57:23.000 UTC,-9104918183567042498,9046237,-276394
2026-06-11 20:12:35.000 UTC,-402581469542487411751,400000000,-276394
2026-06-11 20:19:35.000 UTC,-10620356431274458008,10552606,-276394
2026-06-11 21:14:11.000 UTC,-352236862107465862489,350000000,-276393
2026-06-11 21:16:11.000 UTC,-251585574682503549917,250000000,-276393
2026-06-11 21:49:59.000 UTC,2120998536380754091878,-2105208748,-276396
2026-06-11 22:01:47.000 UTC,-1012856650122120341500,1006233158,-276394
2026-06-11 22:06:59.000 UTC,-83343333229141688320,82805596,-276394
2026-06-11 22:09:35.000 UTC,-402581903056321610128,400000000,-276394
2026-06-12 01:28:23.000 UTC,16834324145547784073,-16710154,-276394
2026-06-12 01:29:23.000 UTC,60763865897707903497,-60315297,-276394
2026-06-12 01:41:47.000 UTC,-1113509569981141490306,1106489001,-276392
2026-06-12 03:18:11.000 UTC,22308682829126046854,-22147804,-276392
2026-06-12 04:25:59.000 UTC,-42162388277669875380,41900293,-276392
2026-06-12 05:46:35.000 UTC,83561946003792031973,-82959198,-276392
2026-06-12 06:21:47.000 UTC,5361014893756394050,-5322307,-276392
2026-06-12 06:37:23.000 UTC,9056920667939299730,-8991517,-276392
2026-06-12 06:38:23.000 UTC,66712659603663864893,-66230498,-276392
2026-06-12 08:40:59.000 UTC,-2439747619850998384091,2425000000,-276388
2026-06-12 08:46:47.000 UTC,1961253905902577912,-1947830,-276388
2026-06-12 08:47:11.000 UTC,855565605505240268,-849709,-276388
2026-06-12 08:59:59.000 UTC,-1056089850065709578554,1050000000,-276387
2026-06-12 09:08:35.000 UTC,1277129016514051047424,-1268472688,-276389
2026-06-12 10:25:47.000 UTC,720444596462315744093,-715446851,-276390
2026-06-12 10:25:47.000 UTC,964141867265513771873,-957324282,-276391
2026-06-12 11:11:47.000 UTC,55966551870462745010,-55566259,-276391
2026-06-12 11:16:47.000 UTC,1109291801682017687658,-1101254888,-276393
2026-06-12 11:38:23.000 UTC,355469264958489265478,-352852425,-276394
2026-06-12 12:27:47.000 UTC,52936615961185231491,-52545195,-276394
2026-06-12 12:30:47.000 UTC,83506482513256228379,-82888116,-276394
2026-06-12 12:31:47.000 UTC,10000000000000000000,-9925875,-276394
2026-06-12 12:44:47.000 UTC,10474739440537811969,-10397079,-276394
2026-06-12 13:31:35.000 UTC,54369323256897102798,-53965944,-276394
2026-06-12 13:36:35.000 UTC,299379224979765132519,-297149636,-276395
2026-06-12 14:15:11.000 UTC,-721753954345562297712,717120000,-276393
2026-06-12 14:39:35.000 UTC,-209506317991582327035,208176750,-276393
2026-06-12 14:40:47.000 UTC,-203263899883347948741,201980634,-276393
2026-06-12 14:45:23.000 UTC,167113514058892808682,-165892940,-276393
2026-06-12 14:56:11.000 UTC,-243415941484643474226,241881368,-276393
2026-06-12 14:56:11.000 UTC,-152399033365661197084,151443068,-276392
2026-06-12 15:01:11.000 UTC,-171907770333302464295,170833874,-276392
2026-06-12 15:06:35.000 UTC,-6185504595282913831948,6150000000,-276382
2026-06-12 15:06:47.000 UTC,2890273798239069374871,-2871570032,-276387
2026-06-12 15:11:11.000 UTC,2319662453001735351019,-2303688642,-276390
2026-06-12 15:15:35.000 UTC,-452735056743184180534,450000000,-276390
2026-06-12 15:23:47.000 UTC,-100100312396161306209,99500000,-276390
2026-06-12 15:44:23.000 UTC,349052474098490346244,-346605379,-276390
2026-06-12 15:47:47.000 UTC,133651626500792535713,-132709501,-276390
2026-06-12 15:48:23.000 UTC,114055632684605087491,-113249393,-276391
2026-06-12 16:03:23.000 UTC,82992891312439913506,-82404927,-276391
2026-06-12 16:05:35.000 UTC,83158314866806478777,-82568078,-276391
2026-06-12 16:15:11.000 UTC,159072080043981144064,-157939961,-276391
2026-06-12 16:40:35.000 UTC,-15092590965921153024,15000000,-276391
2026-06-12 16:49:59.000 UTC,-431647056670183200053,429014335,-276390
2026-06-12 22:03:59.000 UTC,4823558187347438029,-4789509,-276390
2026-06-13 00:28:59.000 UTC,-528181497639361024249,525000000,-276390
2026-06-13 00:35:47.000 UTC,21471885110215949654,-21322078,-276390
2026-06-13 02:19:59.000 UTC,-452692936894479938601,450000000,-276389
2026-06-13 03:40:35.000 UTC,-23388240855864655939,23249999,-276389
2026-06-13 04:50:59.000 UTC,837553492845982641,-831772,-276389
2026-06-13 04:55:23.000 UTC,169516018568223997625,-168343586,-276389
2026-06-13 05:12:23.000 UTC,757792465304270931,-752541,-276389
2026-06-13 05:13:47.000 UTC,5035138762651121638,-5000243,-276389
2026-06-13 05:25:23.000 UTC,5036054811202087232,-5001149,-276389
2026-06-13 07:40:47.000 UTC,151534970202691708863,-150482766,-276389
2026-06-13 08:27:11.000 UTC,59493409996867584132,-59079309,-276389
2026-06-13 12:00:35.000 UTC,56180409269035008527,-55788851,-276390
2026-06-13 15:22:47.000 UTC,-16954378717400251385,16853009,-276389
2026-06-13 15:41:23.000 UTC,-5941487277149519873,5905974,-276389
2026-06-13 17:32:11.000 UTC,-6226742031239086081,6189530,-276389
2026-06-13 17:43:11.000 UTC,260484833357175452475,-258663986,-276390
2026-06-13 18:35:59.000 UTC,-8557986739862034306,8506498,-276390
2026-06-13 19:23:23.000 UTC,10243039922891340973,-10171232,-276390
2026-06-14 01:48:35.000 UTC,67170937776523530609,-66699627,-276390
2026-06-14 02:27:47.000 UTC,3993875954984429880,-3965830,-276390
2026-06-14 02:28:59.000 UTC,3943422148072807493,-3915728,-276390
2026-06-14 03:20:23.000 UTC,5457113693700129973,-5418785,-276390
2026-06-14 03:31:35.000 UTC,-29334040042583725103,29157215,-276390
2026-06-14 03:31:35.000 UTC,-8506735889860813474,8455484,-276390
2026-06-14 07:04:59.000 UTC,8351440181169316812,-8292824,-276390
2026-06-14 07:36:11.000 UTC,10511878416362453532,-10438083,-276390
2026-06-14 07:44:23.000 UTC,7388197098799918012,-7336320,-276390
2026-06-14 08:11:23.000 UTC,3766332090320438605,-3739883,-276390
2026-06-14 08:13:35.000 UTC,-9541923793134542697,9484403,-276390
2026-06-14 08:14:11.000 UTC,9130893250032105548,-9066776,-276390
2026-06-14 09:21:59.000 UTC,5709949082258795964,-5669847,-276390
2026-06-14 09:42:47.000 UTC,3444030606219265748,-3419840,-276390
2026-06-14 10:16:59.000 UTC,-49191242082823605223,48894789,-276390
2026-06-14 10:17:11.000 UTC,7800252229922325358,-7745518,-276390
2026-06-14 10:17:35.000 UTC,34098746312682832664,-33859362,-276390
2026-06-14 10:56:59.000 UTC,42835618489533937085,-42534636,-276390
2026-06-14 12:01:11.000 UTC,10003491733578679212,-9933160,-276390
2026-06-14 12:11:35.000 UTC,5356586831879568188,-5318920,-276390
2026-06-14 12:46:23.000 UTC,-6011822773985345537,5975523,-276390
2026-06-14 13:21:47.000 UTC,-3337370911167485455,3317223,-276390
2026-06-14 14:34:47.000 UTC,175118176744643331537,-173884513,-276390
2026-06-14 14:34:59.000 UTC,53978460191756708856,-53597211,-276390
2026-06-14 14:37:23.000 UTC,48568883249743328944,-48225445,-276391
2026-06-14 14:44:35.000 UTC,207801531445566257136,-206327894,-276391
2026-06-14 15:34:23.000 UTC,1803990673917966284,-1791167,-276391
2026-06-14 18:49:23.000 UTC,12281418136419376286403,-12182119059,-276413
2026-06-14 18:49:23.000 UTC,-5061044070052534448258,5022239681,-276402
2026-06-14 18:49:35.000 UTC,-542253925232810424890,538338401,-276402
2026-06-14 18:51:59.000 UTC,-36764001961550807040,36500231,-276402
2026-06-14 19:33:11.000 UTC,-73837557209234602456,73308442,-276401
2026-06-14 20:35:47.000 UTC,-52370895842986171491,51996136,-276401
2026-06-14 20:35:47.000 UTC,-67913365288545336946,67428036,-276401
2026-06-14 20:46:59.000 UTC,-20244673067481583130,20100141,-276401
2026-06-14 21:00:47.000 UTC,430000000000000000000,-426489270,-276402
2026-06-14 21:02:11.000 UTC,-1002221542615684565,995000,-276402
2026-06-14 21:02:11.000 UTC,1500000000000000000000,-1487523464,-276404
2026-06-14 21:03:23.000 UTC,-3007387450524717913,2985000,-276404
2026-06-14 21:04:23.000 UTC,2568423600000000000000,-2546231437,-276408
2026-06-14 21:04:23.000 UTC,-2552494979998167835868,2532969813,-276404
2026-06-14 21:04:59.000 UTC,2568423600000000000000,-2546225460,-276408
2026-06-14 21:04:59.000 UTC,-2228106455707164942357,2211000000,-276405
2026-06-14 21:08:47.000 UTC,-770769606623282970863,765035826,-276404
2026-06-14 21:09:23.000 UTC,-1661906666000874683,1649646,-276404
2026-06-14 21:10:23.000 UTC,-1630198573237162778,1618173,-276404
2026-06-14 21:16:23.000 UTC,-897476666140536434208,890919909,-276402
2026-06-14 21:16:23.000 UTC,-130302398207796997335,129361097,-276402
2026-06-14 21:17:23.000 UTC,-549511087416670858343,545571164,-276401
2026-06-14 21:17:35.000 UTC,-54222028895680462848,53835870,-276401
2026-06-14 21:17:47.000 UTC,-801448897875078204358,795795716,-276400
2026-06-14 21:17:47.000 UTC,-25087352990510514562,24912046,-276400
2026-06-14 21:18:11.000 UTC,-15869128314731710180,15758289,-276400
2026-06-14 21:19:23.000 UTC,-102507351577204687378,101792342,-276399
2026-06-14 21:19:23.000 UTC,-70371557063539529018,69881669,-276399
2026-06-14 21:25:35.000 UTC,-196668892134991764570,195303973,-276399
2026-06-14 21:25:35.000 UTC,-99600775570655760986,98911877,-276399
2026-06-14 21:25:35.000 UTC,-102336257002604739623,101630085,-276399
2026-06-14 21:26:23.000 UTC,-159118614866356923402,158023926,-276398
2026-06-14 21:26:35.000 UTC,-349409436102112655276,347019752,-276398
2026-06-14 21:26:35.000 UTC,-349041800542979938746,346674046,-276397
2026-06-14 21:27:11.000 UTC,-378313747763926823887,375769339,-276397
2026-06-14 21:27:23.000 UTC,-1061140076258738128758,1054124880,-276395
2026-06-14 21:34:35.000 UTC,-17263793381562935357,17151146,-276395
2026-06-14 21:34:47.000 UTC,-45975348450063245253,45675587,-276395
2026-06-14 21:41:23.000 UTC,-117858610292856523088,117091705,-276395
2026-06-14 21:50:59.000 UTC,-121140404139141532983,120354452,-276395
2026-06-14 22:07:35.000 UTC,285587831380108311650,-283447551,-276395
2026-06-14 22:11:35.000 UTC,-78357896865960862529,77847196,-276395
2026-06-14 22:22:35.000 UTC,-830351736248220562055,825000000,-276394
2026-06-14 22:36:47.000 UTC,1507265822670878411420,-1495972983,-276396
2026-06-15 00:07:47.000 UTC,-729788066398056960956,725000000,-276395
2026-06-15 00:57:35.000 UTC,3775801406622557249,-3747496,-276395
2026-06-15 01:02:47.000 UTC,94788496000376870757,-94077189,-276395
2026-06-15 01:04:11.000 UTC,34366044329511020527,-34107803,-276395
2026-06-15 01:04:59.000 UTC,8236508528032578549,-8174588,-276395
2026-06-15 01:21:35.000 UTC,5944863302528629657,-5900164,-276395
2026-06-15 05:38:47.000 UTC,120172632493687239976,-119267855,-276395
2026-06-15 07:11:23.000 UTC,-29854577474322213757,29659241,-276395
2026-06-15 08:12:35.000 UTC,26748718769418272768,-26547142,-276395
2026-06-15 08:14:35.000 UTC,-251641908486059562076,250000000,-276395
2026-06-15 08:30:59.000 UTC,-4591645638726099687,4561780,-276395
2026-06-15 08:38:35.000 UTC,63158769466317930402,-62684935,-276395
2026-06-15 08:41:11.000 UTC,-49444626866622720152,49122737,-276395
2026-06-15 08:42:35.000 UTC,-7850153347367347855,7799085,-276395
2026-06-15 08:43:47.000 UTC,-7833358252013169430,7782409,-276395
2026-06-15 09:30:23.000 UTC,19140092081293098586,-18996571,-276395
2026-06-15 09:36:11.000 UTC,94750992340619858633,-94039647,-276395
2026-06-15 09:38:59.000 UTC,29162610157858363884,-28943384,-276395
2026-06-15 09:39:23.000 UTC,341532503856518602006,-338955006,-276396
2026-06-15 09:43:35.000 UTC,3101923806652836871,-3078428,-276396
2026-06-15 09:43:47.000 UTC,12816328058478771553,-12719237,-276396
2026-06-15 09:50:23.000 UTC,13339477498501033868,-13238396,-276396
2026-06-15 09:56:23.000 UTC,14310866793469109988,-14202393,-276396
2026-06-15 09:59:11.000 UTC,17395998966782906327,-17264096,-276396
2026-06-15 11:04:35.000 UTC,272356469785148397105,-270285092,-276396
2026-06-15 11:04:35.000 UTC,-251664480553602155842,250000000,-276396
2026-06-15 11:16:59.000 UTC,-33661982504923420804,33440112,-276396
2026-06-15 11:25:59.000 UTC,-258802346469040183100,257102570,-276395
2026-06-15 11:40:47.000 UTC,-31295099686044145012,31090282,-276395
2026-06-15 11:41:11.000 UTC,-7214644621768369585,7167449,-276395
2026-06-15 11:51:47.000 UTC,-34569460995305466362,34343434,-276395
2026-06-15 11:52:11.000 UTC,-20393188073837340670,20259940,-276395
2026-06-15 11:53:35.000 UTC,-90925120752775829838,90331825,-276395
2026-06-15 12:00:59.000 UTC,-9325301340238310452,9264528,-276395
2026-06-15 13:21:47.000 UTC,-161488801906701833980,160438559,-276395
2026-06-15 14:13:23.000 UTC,286781458095427352047,-284628671,-276395
2026-06-15 14:14:23.000 UTC,69881266589671174540,-69354705,-276395
2026-06-15 14:15:59.000 UTC,967198238083416955596,-959830526,-276397
2026-06-15 14:16:11.000 UTC,1073046169761531382433,-1064698041,-276398
2026-06-15 14:25:59.000 UTC,520531584238211504181,-516415975,-276399
2026-06-15 14:32:47.000 UTC,-331537521520805009903,329240385,-276399
2026-06-15 14:51:35.000 UTC,-64367864065074962943,63923905,-276399
2026-06-15 15:28:11.000 UTC,-98356474183592153613,97679363,-276399
2026-06-15 16:39:35.000 UTC,551571258786725754105,-547206589,-276399
2026-06-15 16:45:35.000 UTC,-101977007084357118312,101267645,-276399
2026-06-15 16:54:11.000 UTC,-12547190112858289336,12460026,-276399
2026-06-15 16:55:47.000 UTC,80413541174220312015,-79774641,-276399
2026-06-15 16:57:59.000 UTC,-15728525216153828228,15619094,-276399
2026-06-15 17:01:47.000 UTC,-11268108831500009473,11189735,-276399
2026-06-15 18:11:11.000 UTC,219567765927844897158,-217818966,-276400
2026-06-15 19:19:23.000 UTC,209575061215765389457,-207898701,-276400
2026-06-15 20:44:35.000 UTC,5352708677777389795,-5309801,-276400
2026-06-15 21:10:59.000 UTC,9762015408425917092,-9683752,-276400
2026-06-15 22:26:47.000 UTC,41515630693151995617,-41182625,-276400
2026-06-15 22:48:11.000 UTC,9207745407789599330,-9133851,-276400
2026-06-15 23:20:59.000 UTC,19649805089030058678,-19492065,-276400
2026-06-16 00:04:11.000 UTC,-4798115734565227746,4764357,-276400
2026-06-16 00:06:11.000 UTC,-2634299258785759232,2615766,-276400
2026-06-16 00:41:11.000 UTC,-22555570950436650513,22396929,-276400
2026-06-16 01:36:59.000 UTC,2331025349568448284,-2312320,-276400
2026-06-16 01:43:23.000 UTC,2627024635848317775,-2605943,-276400
2026-06-16 01:52:47.000 UTC,27392544061948718004,-27172656,-276400
2026-06-16 02:27:47.000 UTC,30026787967191866768,-29785617,-276400
2026-06-16 02:29:23.000 UTC,38722806789559230362,-38411579,-276400
2026-06-16 02:29:47.000 UTC,8536467818116223638,-8467825,-276400
2026-06-16 02:35:59.000 UTC,13523764210731968404,-13414994,-276400
2026-06-16 02:57:35.000 UTC,9159075350554856451,-9085393,-276400
2026-06-16 03:46:35.000 UTC,-4758306323248880075,4724750,-276400
2026-06-16 04:00:23.000 UTC,-7086043177337697577,7036078,-276400
2026-06-16 04:28:11.000 UTC,7410895775333794065,-7351282,-276400
2026-06-16 04:39:59.000 UTC,5916455659891629900,-5868857,-276400
2026-06-16 04:49:59.000 UTC,7910575307709397598,-7846925,-276400
2026-06-16 06:21:59.000 UTC,-64894764532352128328,64437322,-276400
2026-06-16 06:21:59.000 UTC,9625185522033820071,-9547825,-276400
2026-06-16 06:22:47.000 UTC,7913466955462722743,-7849853,-276400
2026-06-16 06:24:11.000 UTC,-54922199443064833990,54535424,-276400
2026-06-16 06:24:11.000 UTC,31968236009031652172,-31711431,-276400
2026-06-16 06:24:11.000 UTC,10454031853327427482,-10370018,-276400
2026-06-16 06:24:23.000 UTC,11764452832229749871,-11669887,-276400
2026-06-16 06:24:47.000 UTC,10756171248938420134,-10669691,-276400
2026-06-16 06:32:11.000 UTC,-4200000000000000000,4170400,-276400
2026-06-16 06:47:11.000 UTC,-100479620704206582294,99772291,-276400
2026-06-16 06:51:59.000 UTC,-100470297974019197340,99764641,-276400
2026-06-16 07:33:23.000 UTC,-33130746103363282318,32898404,-276400
2026-06-16 07:35:47.000 UTC,-256734091863377244627,254939564,-276399
2026-06-16 08:17:23.000 UTC,-109936901892625949014,109171671,-276399
2026-06-16 08:50:35.000 UTC,-195124785433907772510,193771332,-276399
2026-06-16 08:50:59.000 UTC,-125029375682167403435,124165316,-276399
2026-06-16 08:51:11.000 UTC,-29859063444726171138,29653081,-276399
2026-06-16 08:55:35.000 UTC,-89552624408449234604,88935695,-276399
2026-06-16 09:08:23.000 UTC,-302071556130102652736,300000000,-276398
2026-06-16 09:56:11.000 UTC,9082950048911434817,-9011854,-276398
2026-06-16 09:56:59.000 UTC,7597191471284018214,-7537715,-276398
2026-06-16 10:04:23.000 UTC,6033460963809390543,-5986220,-276398
2026-06-16 10:08:35.000 UTC,2352759270138396574,-2334336,-276398
2026-06-16 11:08:59.000 UTC,42485826831961992817,-42152990,-276398
2026-06-16 11:33:11.000 UTC,21272850700798668507,-21106090,-276398
2026-06-16 11:49:11.000 UTC,130539142778161172751,-129514253,-276398
2026-06-16 12:15:47.000 UTC,-80126424182605558218,79576572,-276398
2026-06-16 12:16:35.000 UTC,-354891419302791127464,352468337,-276398
2026-06-16 12:16:35.000 UTC,-24002076976750911320,23838924,-276398
2026-06-16 12:22:11.000 UTC,-46201330086717738622,45887535,-276398
2026-06-16 12:32:11.000 UTC,-109958655416239109415,109213194,-276397
2026-06-16 12:34:23.000 UTC,-109846617192293094254,109103838,-276397
2026-06-16 12:41:11.000 UTC,350395902824366605389,-347671896,-276398
2026-06-16 12:41:35.000 UTC,173115688296146175133,-171762666,-276398
2026-06-16 12:41:59.000 UTC,26801719657399256358,-26591819,-276398
2026-06-16 12:42:35.000 UTC,40722227157592770185,-40403088,-276398
2026-06-16 12:50:59.000 UTC,270859768592401997002,-268730336,-276399
2026-06-16 13:11:23.000 UTC,588559581102299192836,-583892256,-276400
2026-06-16 13:11:35.000 UTC,126602886905684479136,-125591718,-276400
2026-06-16 13:11:59.000 UTC,32809047026687394775,-32546587,-276400
2026-06-16 13:25:23.000 UTC,35355942200092330860,-35072917,-276400
2026-06-16 14:21:59.000 UTC,211313678988694809102,-209617964,-276400
2026-06-16 14:22:11.000 UTC,506339260258145549997,-502247190,-276401
2026-06-16 14:27:23.000 UTC,72160312131179085328,-71573817,-276401
2026-06-16 14:31:47.000 UTC,53672398973221826184,-53235631,-276401
2026-06-16 14:31:47.000 UTC,878882621324600854533,-871665440,-276403
2026-06-16 14:47:59.000 UTC,3612715135772145945896,-3581759263,-276408
2026-06-16 17:14:35.000 UTC,139985765227503416695,-138744567,-276409
2026-06-16 17:40:23.000 UTC,1009233166189088617524,-1000192629,-276410
2026-06-16 18:02:59.000 UTC,-147463340535060324244,146278546,-276410
2026-06-16 18:32:23.000 UTC,-48725538860195172320,48334814,-276410
2026-06-16 19:02:59.000 UTC,29247945615639590362,-28984448,-276410
2026-06-16 19:06:11.000 UTC,166333547154979570747,-164832449,-276410
2026-06-16 19:16:11.000 UTC,27748202467026963393,-27497358,-276410
2026-06-16 19:16:59.000 UTC,34423200479694793984,-34111844,-276410
2026-06-16 19:20:23.000 UTC,10553414890366822618,-10457922,-276410
2026-06-16 20:53:23.000 UTC,-42398067173892276115,42056581,-276410
2026-06-16 21:31:23.000 UTC,21290780993133639762,-21098220,-276410
2026-06-16 23:57:47.000 UTC,5590469948185597234,-5539896,-276410
2026-06-17 00:11:47.000 UTC,42549737686196639268,-42164650,-276410
2026-06-17 00:23:35.000 UTC,5048775324192298542,-5003063,-276410
2026-06-17 00:55:11.000 UTC,2633888984047301502,-2610040,-276410
2026-06-17 01:20:11.000 UTC,51956758660145231572,-51478462,-276414
2026-06-17 01:20:47.000 UTC,26799513015862842926,-26545147,-276416
2026-06-17 01:33:35.000 UTC,21408921762827492261,-21201946,-276417
2026-06-17 02:19:59.000 UTC,431383202157988691271,-426313789,-276459
2026-06-17 02:19:59.000 UTC,-413943087019969270194,409454517,-276419
2026-06-17 02:23:59.000 UTC,-216949358924168019922,215155174,-276410
2026-06-17 02:24:11.000 UTC,-116467200627208803250,115531027,-276410
2026-06-17 02:24:23.000 UTC,-33445641573055228787,33177202,-276410
2026-06-17 02:24:23.000 UTC,52439768484690797771,-51966792,-276410
2026-06-17 02:34:35.000 UTC,28824201157457502727,-28564038,-276410
2026-06-17 02:35:59.000 UTC,57787828004939366695,-57265846,-276410
2026-06-17 02:36:47.000 UTC,35359071613342202898,-35039421,-276410
2026-06-17 03:04:11.000 UTC,-933722650243588715,926206,-276410
2026-06-17 03:04:11.000 UTC,43830688491216678,-43434,-276410
2026-06-17 03:08:59.000 UTC,29010885161199556820,-28748479,-276410
2026-06-17 03:24:35.000 UTC,26501382234587654298,-26261558,-276410
2026-06-17 05:16:47.000 UTC,22147553782091694295,-21947044,-276410
2026-06-17 05:20:47.000 UTC,41160658959539246366,-40782942,-276413
2026-06-17 06:23:47.000 UTC,-58285635919716511574,57810676,-276410
2026-06-17 06:41:47.000 UTC,44671991543433585146,-44265512,-276412
2026-06-17 07:06:23.000 UTC,-50005436875581652985,49600270,-276410
2026-06-17 07:31:47.000 UTC,-252187649973403538383,250160111,-276410
2026-06-17 07:37:35.000 UTC,6189210061114388820,-6133433,-276410
2026-06-17 07:39:11.000 UTC,33549523563082923637,-33247069,-276410
2026-06-17 07:42:23.000 UTC,6307187962291943377,-6250307,-276410
2026-06-17 07:49:11.000 UTC,98068250802133096639,-97183029,-276410
2026-06-17 07:54:11.000 UTC,231242502270366869506,-229115974,-276418
2026-06-17 08:30:35.000 UTC,42671291213032809064,-42248153,-276421
2026-06-17 08:38:59.000 UTC,-378115248815736954450,375000000,-276410
2026-06-17 08:39:47.000 UTC,326742146807655983070,-323759865,-276417
2026-06-17 08:39:59.000 UTC,11089300434634020685,-10981341,-276418
2026-06-17 08:52:11.000 UTC,35490583689204087701,-35139025,-276420
2026-06-17 10:00:23.000 UTC,-42950251675299010071,42568533,-276417
2026-06-17 10:00:47.000 UTC,-41113754116130852573,40761012,-276414
2026-06-17 10:54:59.000 UTC,-5042409771227606866,5000000,-276414
2026-06-17 11:02:47.000 UTC,48427090796981551103,-47964098,-276417
2026-06-17 11:07:35.000 UTC,12953592775878457228,-12826841,-276418
2026-06-17 11:52:47.000 UTC,-4035621300158886951,4000000,-276418
2026-06-17 12:24:23.000 UTC,71822148687597683237,-71097414,-276424
2026-06-17 12:52:35.000 UTC,-5330765139583315344,5280626,-276424
2026-06-17 12:57:35.000 UTC,-252138096927209930218,250000000,-276410
2026-06-17 13:45:35.000 UTC,-77126609613553176576,76506151,-276410
2026-06-17 14:24:35.000 UTC,264396970582503572380,-261965445,-276418
2026-06-17 15:02:47.000 UTC,-680500438262710638297,675000000,-276410
2026-06-17 15:41:23.000 UTC,557280000000000000000,-552259801,-276410
2026-06-17 16:28:23.000 UTC,-130493813562475907877,129443266,-276410
2026-06-17 16:51:11.000 UTC,78608663247731333245,-77898187,-276410
2026-06-17 17:41:11.000 UTC,8196317885014222335,-8122181,-276410
2026-06-17 17:55:59.000 UTC,-428436025870879954880,425000000,-276410
2026-06-17 18:01:47.000 UTC,53877460921845069399,-53393538,-276410
2026-06-17 18:02:23.000 UTC,489434237152417885351,-485007790,-276414
2026-06-17 18:02:59.000 UTC,48657534350745608707,-48190110,-276418
2026-06-17 18:02:59.000 UTC,74945446504813930395,-74189755,-276424
2026-06-17 18:10:23.000 UTC,-62778682245289620184,62204775,-276419
2026-06-17 18:21:59.000 UTC,-4327647971435377200,4289278,-276418
2026-06-17 18:44:23.000 UTC,-149922195549810117018,148671140,-276410
2026-06-17 18:45:23.000 UTC,1742784966543552792,-1727014,-276410
2026-06-17 18:49:23.000 UTC,-9164775043413109356,9090936,-276410
2026-06-17 18:49:35.000 UTC,-7531258190343603599,7470591,-276410
2026-06-17 18:57:35.000 UTC,40138051392487342355,-39774808,-276410
2026-06-17 19:04:59.000 UTC,12175218864738460531,-12064984,-276410
2026-06-17 19:08:59.000 UTC,11563181824278459036,-11458324,-276411
2026-06-17 19:12:11.000 UTC,54388796627499283076,-53882928,-276415
2026-06-17 19:18:59.000 UTC,55134533321250323057,-54599644,-276419
2026-06-17 19:23:35.000 UTC,-10676686994412666881,10581951,-276418
2026-06-17 19:42:47.000 UTC,21781042819322827321,-21565310,-276420
2026-06-17 19:47:23.000 UTC,-16037619445135733070,15894328,-276419
2026-06-17 20:33:35.000 UTC,-11715457549034026844,11611973,-276418
2026-06-17 20:42:23.000 UTC,5379651433267570639,-5326926,-276418
2026-06-17 21:00:11.000 UTC,-5183130578759149185,5137464,-276418
2026-06-17 21:38:47.000 UTC,8024178127220850812,-7945445,-276418
2026-06-17 22:21:23.000 UTC,9471059601261565731,-9377524,-276419
2026-06-17 22:23:35.000 UTC,-8786717786568050735,8708626,-276418
2026-06-17 22:24:35.000 UTC,-10003215570026819196,9915000,-276418
2026-06-17 22:25:47.000 UTC,-43926595638348742656,43547892,-276414
2026-06-17 22:36:23.000 UTC,-42590803675406152650,42237114,-276411
2026-06-18 00:07:35.000 UTC,165714331083916802430,-164097149,-276425
2026-06-18 00:13:47.000 UTC,-38633776958504158352,38275452,-276421
2026-06-18 01:06:59.000 UTC,-7223200385513553921,7157804,-276420
2026-06-18 01:10:35.000 UTC,-46305062043248872829,45894979,-276417
2026-06-18 03:26:11.000 UTC,28729964539009455160,-28448908,-276419
2026-06-18 04:12:23.000 UTC,52741299641943434795,-52208461,-276424
2026-06-18 04:20:23.000 UTC,-3028295396794274782,2999999,-276423
2026-06-18 04:53:59.000 UTC,3568408771445730346,-3531522,-276424
2026-06-18 05:16:35.000 UTC,-3804021610503209870,3768472,-276423
2026-06-18 05:58:59.000 UTC,-9216903963222175410,9131355,-276422
2026-06-18 06:09:35.000 UTC,-7940260710906513555,7867226,-276422
2026-06-18 07:16:23.000 UTC,-50999382207551479859,50542975,-276418
2026-06-18 07:16:59.000 UTC,-7125910086244892673,7063674,-276417
2026-06-18 07:47:59.000 UTC,-10448957446479412551,10358372,-276416
2026-06-18 07:50:35.000 UTC,-259253793016351494111,257143827,-276410
2026-06-18 07:50:59.000 UTC,179482416395641908082,-177859687,-276410
2026-06-18 07:52:11.000 UTC,-46689360963428502958,46313045,-276410
2026-06-18 08:09:59.000 UTC,1267550157660481159,-1256081,-276410
2026-06-18 08:09:59.000 UTC,113357678187886122631,-112315647,-276415
2026-06-18 08:31:59.000 UTC,6113773603869144529,-6055344,-276416
2026-06-18 10:00:35.000 UTC,3174553189739536297,-3144106,-276416
2026-06-18 10:19:47.000 UTC,-10704172197736956427,10612415,-276415
2026-06-18 10:20:23.000 UTC,104621309224482874515,-103583505,-276424
2026-06-18 10:46:11.000 UTC,-11050024108115522847,10946972,-276423
2026-06-18 11:03:35.000 UTC,-8712390861297549313,8631980,-276422
2026-06-18 11:08:47.000 UTC,-15177559214438680960,15039248,-276420
2026-06-18 11:24:59.000 UTC,-29330394107312097915,29068313,-276418
2026-06-18 11:31:47.000 UTC,-9370351272332361729,9287950,-276418
2026-06-18 13:36:35.000 UTC,-20555394590783955808,20376887,-276416
2026-06-18 14:16:35.000 UTC,24309410222038902810,-24073876,-276418
2026-06-18 14:38:59.000 UTC,17574855131177128760,-17401881,-276419
2026-06-18 14:44:35.000 UTC,-2583004460219442603,2560000,-276419
2026-06-18 14:52:35.000 UTC,-12928161082073153537,12813756,-276418
2026-06-18 15:30:23.000 UTC,103170304967044619999,-102115324,-276427
2026-06-18 15:55:35.000 UTC,71062423458260730032,-70276427,-276434
2026-06-18 16:16:11.000 UTC,-90044377826705640363,89145900,-276425
2026-06-18 16:34:35.000 UTC,22999106878901716217,-22754372,-276428
2026-06-18 17:11:35.000 UTC,8096046454867661070,-8008669,-276428
2026-06-18 17:34:23.000 UTC,-245401633902871660842,243244110,-276410
2026-06-18 17:42:35.000 UTC,5046548170058507367,-5000869,-276410
2026-06-18 17:53:59.000 UTC,6382400166702932440,-6324624,-276410
2026-06-18 17:54:35.000 UTC,5034322296155406046,-4988744,-276410
2026-06-18 17:59:59.000 UTC,63373002175472519644,-62789859,-276414
2026-06-18 18:03:11.000 UTC,64184325712442897666,-63564390,-276419
2026-06-18 18:04:59.000 UTC,12733833732952642745,-12607261,-276420
2026-06-18 19:41:11.000 UTC,-9444104210221105153,9359475,-276419
2026-06-18 19:43:35.000 UTC,-52391571026105614905,51933946,-276415
2026-06-18 20:01:11.000 UTC,-70829686158995587689,70242871,-276410
2026-06-18 20:11:59.000 UTC,-25126738744126827506,24924187,-276410
2026-06-18 20:14:59.000 UTC,-16206388226322013634,16075798,-276410
2026-06-18 20:21:35.000 UTC,-10192144461669833773,10110039,-276410
2026-06-18 20:23:59.000 UTC,10100209131151576826,-10008827,-276410
2026-06-18 20:35:47.000 UTC,10480815823866495129,-10385973,-276410
2026-06-18 20:57:23.000 UTC,15343937461205571471,-15205056,-276410
2026-06-18 21:05:59.000 UTC,13892419680126919664,-13766644,-276410
2026-06-18 21:15:35.000 UTC,37088719311212414473,-36749593,-276413
2026-06-18 21:33:35.000 UTC,2356883111847665455,-2335004,-276413
2026-06-18 21:36:11.000 UTC,-229446991345372026184,227596001,-276410
2026-06-18 21:39:59.000 UTC,206908826493594311349,-205037857,-276411
2026-06-18 21:40:11.000 UTC,190536861856752124361,-188660190,-276427
2026-06-18 21:53:35.000 UTC,-9880746637960842194,9785509,-276426
2026-06-18 22:11:47.000 UTC,-1289743857554066713,1277383,-276426
2026-06-18 22:37:35.000 UTC,-52546017800148372239,52056221,-276421
2026-06-18 23:53:59.000 UTC,-55070041713463383587,54582079,-276417
2026-06-19 00:05:35.000 UTC,1858055994230000000,-1840112,-276417
2026-06-19 00:40:47.000 UTC,-50337705893695584354,49910421,-276413
2026-06-19 00:40:47.000 UTC,51811666815368687692,-51320236,-276417
2026-06-19 01:01:59.000 UTC,13299464304504030922,-13170153,-276418
2026-06-19 01:04:59.000 UTC,14839954165243802032,-14694138,-276419
2026-06-19 01:10:23.000 UTC,4701458855802161334,-4654926,-276419
2026-06-19 02:59:47.000 UTC,-15686273500595930105,15547195,-276418
2026-06-19 03:14:23.000 UTC,42960971517839364773,-42533111,-276421
2026-06-19 03:16:35.000 UTC,55353420443141744123,-54777390,-276427
2026-06-19 03:22:11.000 UTC,-64362397051477810732,63759197,-276421
2026-06-19 03:25:59.000 UTC,-1846180810593424471,1829474,-276420
2026-06-19 04:16:23.000 UTC,-15437293835528437760,15298559,-276419
2026-06-19 04:16:23.000 UTC,-34631771913926445936,34326883,-276417
2026-06-19 04:16:47.000 UTC,6040036880227973274,-5981508,-276417
2026-06-19 04:34:23.000 UTC,11390251637637773016,-11279153,-276418
2026-06-19 04:59:59.000 UTC,56440928696299208243,-55875819,-276423
2026-06-19 07:04:23.000 UTC,-5056370202528959229,5009614,-276422
2026-06-19 07:04:47.000 UTC,-9850284550213599233,9759916,-276421
2026-06-19 07:06:35.000 UTC,-2518967335209926656,2496011,-276421
2026-06-19 07:47:23.000 UTC,-1316915880145716827,1304939,-276421
2026-06-19 09:40:35.000 UTC,-10306644608234660764,10213433,-276420
2026-06-19 09:48:47.000 UTC,-19185763996372216236,19014347,-276419
2026-06-19 10:37:47.000 UTC,-3026796209819834905,2999999,-276418
2026-06-19 13:01:35.000 UTC,-9441029490378539009,9357876,-276418
2026-06-19 13:12:35.000 UTC,201750119978722830706,-199598973,-276437
2026-06-19 13:12:59.000 UTC,-136172682116123197209,134813275,-276423
2026-06-19 13:44:47.000 UTC,-68623627860304710409,68005042,-276417
2026-06-19 13:46:23.000 UTC,-68788647489160919666,68204073,-276412
2026-06-19 16:22:23.000 UTC,6993274349522626571,-6928494,-276413
2026-06-19 16:44:47.000 UTC,13742911664017953822,-13614565,-276414
2026-06-19 17:04:23.000 UTC,61058348474763102603,-60471415,-276418
2026-06-19 18:02:35.000 UTC,-7474037446169960655,7408135,-276418
2026-06-19 19:13:23.000 UTC,-14208024288589127219,14083871,-276417
2026-06-19 21:01:35.000 UTC,-9919544999555366913,9833742,-276416
2026-06-20 00:45:47.000 UTC,-30493775086925209699,30234521,-276414
2026-06-20 00:55:35.000 UTC,11900042897651432666,-11787884,-276415
2026-06-20 02:37:11.000 UTC,8368920194506937218,-8289422,-276415
2026-06-20 02:51:23.000 UTC,4902649290408121109,-4855840,-276416
2026-06-20 03:49:47.000 UTC,-12058420209347715694,11955558,-276415
2026-06-20 05:15:11.000 UTC,-23448478411721087196,23251505,-276413
2026-06-20 06:45:11.000 UTC,-4942962068648099841,4901954,-276413
2026-06-20 06:49:23.000 UTC,-10274541311950937853,10189874,-276412
2026-06-20 09:30:59.000 UTC,13057333168324227067,-12936655,-276413
2026-06-20 09:47:47.000 UTC,-14438657018006863873,14319602,-276412
2026-06-20 09:56:35.000 UTC,-12163232367556458356,12064126,-276411
2026-06-20 10:15:59.000 UTC,-17422464424530149377,17281875,-276410
2026-06-20 10:24:35.000 UTC,-18293819737881281395,18146359,-276410
2026-06-20 11:44:35.000 UTC,8605864385138964146,-8527967,-276410
2026-06-20 12:22:35.000 UTC,18468840407663191148,-18301627,-276410
2026-06-20 14:24:23.000 UTC,9978948555733446566,-9888417,-276411
2026-06-20 15:47:35.000 UTC,84608429077751762337,-83811894,-276417
2026-06-20 15:52:11.000 UTC,-338538353463070743739,335782688,-276410
2026-06-20 15:52:11.000 UTC,110191288644275949638,-109196782,-276410
2026-06-20 15:52:35.000 UTC,-307054533152300814663,304592601,-276410
2026-06-20 15:52:59.000 UTC,453092084876037949308,-449004374,-276411
2026-06-20 15:54:59.000 UTC,-282787223584733940526,280512495,-276410
2026-06-20 15:55:35.000 UTC,243974470966735792637,-241770984,-276410
2026-06-20 16:06:11.000 UTC,3867648310106039929,-3832641,-276410
2026-06-20 17:36:35.000 UTC,49706662749782539300,-49254597,-276412
2026-06-20 19:22:35.000 UTC,11867686006741054978,-11757676,-276413
2026-06-20 19:22:47.000 UTC,4259664175387643296,-4219927,-276413
2026-06-20 20:02:35.000 UTC,2705341701043480378,-2680035,-276414
2026-06-20 21:14:47.000 UTC,-10308591826189350300,10222671,-276413
2026-06-20 23:07:23.000 UTC,-3511761833272803328,3482670,-276413
2026-06-21 00:13:35.000 UTC,-7401310646433784510,7340293,-276412
2026-06-21 00:31:11.000 UTC,7655320202015353181,-7584610,-276413
2026-06-21 02:10:35.000 UTC,3783370342971072975,-3748266,-276413
2026-06-21 02:11:23.000 UTC,5415870916657768035,-5365437,-276413
2026-06-21 02:13:23.000 UTC,7001711715242270363,-6936192,-276414
2026-06-21 05:33:59.000 UTC,-3997674723537321984,3964186,-276414
2026-06-21 10:39:11.000 UTC,-11829651056679894774,11731238,-276413
2026-06-21 10:45:59.000 UTC,-10260663756938573383,10176134,-276412
2026-06-21 10:48:11.000 UTC,-7906179338054298613,7841572,-276411
2026-06-21 11:51:23.000 UTC,14278510485907024850,-14147338,-276412
2026-06-21 11:51:23.000 UTC,6037180994062880163,-5981270,-276413
2026-06-21 12:59:11.000 UTC,7918178385112216159,-7844443,-276413
2026-06-21 15:10:59.000 UTC,-9083245153743773596,9007706,-276413
2026-06-21 15:20:35.000 UTC,-8353267055832334036,8284333,-276412
2026-06-21 15:59:47.000 UTC,-5316623341373913009,5273015,-276412
2026-06-21 17:48:59.000 UTC,-8792775384106100305,8721109,-276411
2026-06-21 18:59:11.000 UTC,9681393048264352806,-9592852,-276412
2026-06-21 19:24:47.000 UTC,-9283940686452575011,9208228,-276411
2026-06-21 20:07:59.000 UTC,-7802328554393303684,7739187,-276411
2026-06-21 20:27:59.000 UTC,9791813316636957880,-9702789,-276411
2026-06-21 20:49:35.000 UTC,52092998601988616864,-51607593,-276415
2026-06-21 21:09:35.000 UTC,58500261551490376804,-57931491,-276419
2026-06-21 21:39:59.000 UTC,-9516384404874500414,9431587,-276419
2026-06-21 23:55:59.000 UTC,665111287481620371,-658547,-276419
2026-06-22 00:38:35.000 UTC,-43890332616369899387,43507607,-276415
2026-06-22 00:38:35.000 UTC,-17434028996517744518,17285919,-276414
2026-06-22 00:45:35.000 UTC,-4773799220822088892,4733632,-276414
2026-06-22 01:01:11.000 UTC,-16026471740172062017,15892845,-276413
2026-06-22 01:07:11.000 UTC,-8272091632461498985,8203856,-276412
2026-06-22 01:28:11.000 UTC,-67196671954622466535,66653333,-276410
2026-06-22 01:30:23.000 UTC,-12468038669755706417,12367599,-276410
2026-06-22 01:30:47.000 UTC,-10419763364783790391,10335843,-276410
2026-06-22 01:30:59.000 UTC,-10464179796997686179,10379920,-276410
2026-06-22 01:31:11.000 UTC,-14833547460009063304,14714134,-276410
2026-06-22 01:33:47.000 UTC,-13324136432238921998,13216904,-276410
2026-06-22 01:58:11.000 UTC,5042120710925376685,-4996544,-276410
2026-06-22 02:04:11.000 UTC,105765134327603418694,-104808147,-276411
2026-06-22 02:19:11.000 UTC,12223713019655765853,-12112191,-276412
2026-06-22 02:19:11.000 UTC,7486817315018982725,-7417972,-276412
2026-06-22 02:21:35.000 UTC,61964998039074307199,-61379454,-276417
2026-06-22 02:21:35.000 UTC,-50428665566810017987,50000000,-276413
2026-06-22 02:38:23.000 UTC,4950547229743770044,-4904382,-276413
2026-06-22 02:52:11.000 UTC,5392322733334203317,-5341460,-276415
2026-06-22 02:52:11.000 UTC,9479138718526607068,-9390243,-276414
2026-06-22 02:53:59.000 UTC,9811036519847861933,-9717949,-276415
2026-06-22 03:01:35.000 UTC,47384226920165931192,-46924733,-276419
2026-06-22 04:14:47.000 UTC,-8344371182264792098,8270533,-276418
2026-06-22 04:34:35.000 UTC,-352538641003577455557,349661842,-276410
2026-06-22 04:41:11.000 UTC,102942741476595839437,-102013752,-276410
2026-06-22 04:43:47.000 UTC,12568707745691404781,-12455168,-276410
2026-06-22 04:44:47.000 UTC,352538641003577455557,-349164791,-276429
2026-06-22 04:50:35.000 UTC,-26246561913408323584,25991001,-276426
2026-06-22 04:56:59.000 UTC,6702227363789117821,-6634959,-276421
2026-06-22 04:56:59.000 UTC,-61416835175380853319,60845083,-276420
2026-06-22 05:22:11.000 UTC,-7879550566438952983,7808310,-276420
2026-06-22 05:29:59.000 UTC,-4499351354958938112,4458878,-276420
2026-06-22 06:31:23.000 UTC,-10017089241517922492,9927513,-276419
2026-06-22 07:06:47.000 UTC,-9324870253687605948,9242145,-276418
2026-06-22 07:11:23.000 UTC,-43311729424436734595,42935834,-276415
2026-06-22 07:16:23.000 UTC,-11233562013088449685,11138313,-276414
2026-06-22 07:33:35.000 UTC,-17614649058710142229,17467155,-276413
2026-06-22 08:57:59.000 UTC,-10188007332241445837,10103737,-276412
2026-06-22 09:22:11.000 UTC,10564374317813551443,-10466502,-276413
2026-06-22 10:35:59.000 UTC,-19730713092593462398,19568147,-276412
2026-06-22 10:37:23.000 UTC,3015667788841848069,-2988015,-276412
2026-06-22 10:39:59.000 UTC,10998390872516248302,-10896976,-276413
2026-06-22 10:59:35.000 UTC,-5822007705387086052,5773986,-276412
2026-06-22 11:13:23.000 UTC,-10214645777221441459,10130993,-276411
2026-06-22 11:36:35.000 UTC,-11488481303665367769,11395310,-276411
2026-06-22 11:41:47.000 UTC,-46852846144725786448,46475191,-276410
2026-06-22 12:07:59.000 UTC,6424443206954551066,-6366308,-276410
2026-06-22 12:44:23.000 UTC,12694197412187164387,-12579309,-276410
2026-06-22 12:51:47.000 UTC,8609960721724455837,-8532022,-276410
2026-06-22 13:23:47.000 UTC,9152002268898326217,-9069144,-276410
2026-06-22 14:00:11.000 UTC,-37153642494472432335,36854198,-276410
2026-06-22 14:37:47.000 UTC,53488390427741355024,-53004011,-276411
2026-06-22 14:40:59.000 UTC,19094811584718764676,-18919603,-276412
2026-06-22 14:43:47.000 UTC,10626155119238661273,-10527497,-276413
2026-06-22 14:45:11.000 UTC,7041618764005071744,-6975786,-276414
2026-06-22 16:04:11.000 UTC,46897816199646335193,-46450112,-276417
2026-06-22 16:54:47.000 UTC,-14055493450703306753,13933557,-276416
2026-06-22 17:05:59.000 UTC,-11514399321241008267,11415586,-276415
2026-06-22 17:20:59.000 UTC,12195047134249222788,-12078275,-276416
2026-06-22 17:43:59.000 UTC,16567188414515512228,-16406809,-276417
2026-06-22 19:27:23.000 UTC,17378854591587328937,-17208461,-276419
2026-06-22 19:36:47.000 UTC,29244708400538392765,-28952961,-276421
2026-06-22 20:13:35.000 UTC,-10131530063491553721,10039770,-276420
2026-06-22 20:56:35.000 UTC,10711269620336091562,-10603615,-276421
2026-06-22 22:00:47.000 UTC,-17187892820551549936,17032606,-276420
2026-06-22 22:13:23.000 UTC,-5910751538430175297,5857862,-276419
2026-06-22 23:00:23.000 UTC,-4763411539243122218,4720975,-276419
2026-06-23 00:02:47.000 UTC,-2671066247442070350642,2650000000,-276406
2026-06-23 00:02:47.000 UTC,2562522013347676530771,-2539836293,-276411
2026-06-23 00:06:35.000 UTC,-882051586182001953635,875000000,-276409
2026-06-23 00:06:47.000 UTC,671069970842316177408,-665050830,-276410
2026-06-23 00:08:47.000 UTC,-604828303289681281046,600000000,-276409
2026-06-23 00:10:47.000 UTC,108103362407658435617,-107137432,-276409
2026-06-23 00:14:11.000 UTC,-1637810641337136671408,1625000000,-276407
2026-06-23 00:14:23.000 UTC,1992314369141205106688,-1974698690,-276410
2026-06-23 00:17:59.000 UTC,18219877851516408733,-18055873,-276410
2026-06-23 00:19:23.000 UTC,271865177335558262297,-269411744,-276410
2026-06-23 00:19:23.000 UTC,250550733284521157375,-248147960,-276426
2026-06-23 00:24:59.000 UTC,-100835223822578190836,99916288,-276417
2026-06-23 00:41:35.000 UTC,-23337644642965691348,23136385,-276415
2026-06-23 00:41:35.000 UTC,-498947727577271180157,494923798,-276410
2026-06-23 00:43:35.000 UTC,-579607298530185344315,575000000,-276409
2026-06-23 00:45:35.000 UTC,367929597593948498028,-364646202,-276409
2026-06-23 00:45:47.000 UTC,244512287685521690794,-242318378,-276410
2026-06-23 00:45:59.000 UTC,321261316154724542381,-318364342,-276410
2026-06-23 00:48:47.000 UTC,-333768005193006066800,331089595,-276410
2026-06-23 00:50:11.000 UTC,-232278983626978413884,230425451,-276409
2026-06-23 00:52:23.000 UTC,-1486660030056016748726,1475000000,-276407
2026-06-23 00:52:23.000 UTC,1567343355244493878304,-1553485908,-276410
2026-06-23 01:13:47.000 UTC,-3703440614026113996469,3675000000,-276404
2026-06-23 01:13:47.000 UTC,1318076342704845046726,-1306896418,-276406
2026-06-23 01:13:47.000 UTC,1970165130402683491429,-1952939685,-276409
2026-06-23 01:24:59.000 UTC,-6145593473688179280111,6100000000,-276399
2026-06-23 01:24:59.000 UTC,6492214859415666878262,-6437430260,-276409
2026-06-23 01:26:11.000 UTC,-636142601942198714920,631109599,-276408
2026-06-23 01:26:47.000 UTC,-16609092337817126944,16478548,-276408
2026-06-23 01:28:11.000 UTC,-881868354404602703820,875000000,-276407
2026-06-23 01:28:23.000 UTC,1321225175537100521472,-1309578280,-276409
2026-06-23 01:33:35.000 UTC,176042614072162571456,-174469833,-276409
2026-06-23 01:34:35.000 UTC,114528695435158407158,-113502844,-276410
2026-06-23 01:34:59.000 UTC,106738326584859200871,-105780380,-276410
2026-06-23 01:36:11.000 UTC,82146677024576079591,-81408202,-276410
2026-06-23 01:36:35.000 UTC,67341625528849357972,-66735444,-276410
2026-06-23 01:37:35.000 UTC,68021774738637949517,-67408740,-276410
2026-06-23 01:38:59.000 UTC,153768473900423396089,-152379956,-276410
2026-06-23 01:39:59.000 UTC,96051249562895913115,-95181655,-276411
2026-06-23 01:49:59.000 UTC,-1108846223656134906793,1100000000,-276409
2026-06-23 01:50:47.000 UTC,178219326883153664643,-176633994,-276409
2026-06-23 01:53:23.000 UTC,-403179336167661972162,400000000,-276408
2026-06-23 01:53:35.000 UTC,617566552416500019927,-612073587,-276409
2026-06-23 01:53:35.000 UTC,121115132446403896822,-120030768,-276410
2026-06-23 01:54:23.000 UTC,366768428057723469824,-363470484,-276410
2026-06-23 01:54:35.000 UTC,136001693385133446109,-134773352,-276410
2026-06-23 01:58:35.000 UTC,16346791656415292116,-16198953,-276410
2026-06-23 02:02:47.000 UTC,12502049843194376197,-12388954,-276410
2026-06-23 02:15:11.000 UTC,-11316414966982405607,11225267,-276410
2026-06-23 02:17:47.000 UTC,-5499800979391905793,5455510,-276410
2026-06-23 02:28:23.000 UTC,-252024455332262307453,250000000,-276410
2026-06-23 02:33:23.000 UTC,15201371777522345277,-15064473,-276410
2026-06-23 02:37:35.000 UTC,-529219512339171788073,525000000,-276409
2026-06-23 02:43:11.000 UTC,-388314848559081695662,385247107,-276409
2026-06-23 02:43:47.000 UTC,12990539517352584761,-12875415,-276409
2026-06-23 02:47:35.000 UTC,1237752085861417575843,-1226657834,-276412
2026-06-23 02:59:35.000 UTC,54844168461371981599,-54326610,-276416
2026-06-23 03:33:35.000 UTC,-9158879705586204673,9079996,-276416
2026-06-23 03:42:47.000 UTC,-138710799750701855284,137574484,-276410
2026-06-23 04:16:59.000 UTC,85741119644063042399,-84963941,-276412
2026-06-23 04:32:47.000 UTC,10342079579181670757,-10246723,-276413
2026-06-23 04:50:11.000 UTC,31355684472566026263,-31061794,-276415
2026-06-23 05:00:35.000 UTC,15145278555284688958,-15000749,-276416
2026-06-23 05:00:35.000 UTC,8933500930150536019,-8847463,-276417
2026-06-23 05:26:23.000 UTC,-730885843162065063545,725000000,-276409
2026-06-23 05:29:47.000 UTC,39070974949347986899,-38721055,-276410
2026-06-23 05:30:35.000 UTC,107349353020926060997,-106386684,-276410
2026-06-23 05:32:35.000 UTC,545254889777795078634,-540330228,-276414
2026-06-23 05:32:35.000 UTC,165020775554137933681,-163367757,-276428
2026-06-23 05:36:11.000 UTC,-34174772351650780141,33846615,-276424
2026-06-23 05:56:47.000 UTC,-86402160830500400272,85620616,-276417
2026-06-23 06:18:59.000 UTC,39884039524189387702,-39491399,-276420
2026-06-23 06:21:59.000 UTC,59206311313675478655,-58598758,-276426
2026-06-23 06:21:59.000 UTC,51362030575743696090,-50807350,-276431
2026-06-23 06:34:11.000 UTC,-68156945407175072940,67493957,-276424
2026-06-23 06:46:59.000 UTC,-16932315377218837512,16774643,-276422
2026-06-23 07:07:35.000 UTC,-13217030025372499969,13095900,-276421
2026-06-23 07:35:47.000 UTC,-3756779558431355655,3722662,-276421
2026-06-23 07:56:35.000 UTC,6302009842075812925,-6238455,-276421
2026-06-23 08:04:23.000 UTC,12244572455957020763,-12119980,-276422
2026-06-23 08:15:59.000 UTC,67044015275697829639,-66357675,-276422
2026-06-23 08:15:59.000 UTC,24749128911385570280,-24495697,-276422
2026-06-23 08:18:47.000 UTC,64972550056704668211,-64307045,-276423
2026-06-23 08:18:47.000 UTC,49165623535995854019,-48661851,-276423
2026-06-23 08:23:35.000 UTC,19394239655901951255,-19195476,-276423
2026-06-23 08:24:47.000 UTC,50875983533638424194,-50354464,-276423
2026-06-23 08:24:47.000 UTC,33753247534294562382,-33407160,-276423
2026-06-23 08:24:59.000 UTC,101041883692849365240,-100005427,-276423
2026-06-23 09:26:47.000 UTC,-984092445228481170715,975000000,-276422
2026-06-23 09:28:35.000 UTC,-286977905994589465171,284337874,-276422
2026-06-23 09:40:11.000 UTC,-75232755444219121860,74541515,-276422
2026-06-23 09:44:35.000 UTC,-150601955412565625650,149219291,-276422
2026-06-23 10:00:35.000 UTC,-252313269268607391719,250000000,-276422
2026-06-23 10:01:11.000 UTC,-9637823224477096520,9549541,-276422
2026-06-23 10:01:59.000 UTC,-7121040881977569989,7055816,-276422
2026-06-23 10:04:59.000 UTC,-41807548659577913344,41424679,-276422
2026-06-23 10:09:11.000 UTC,-1135355448060827616853,1125000000,-276421
2026-06-23 11:37:47.000 UTC,-14899331726957346817,14763976,-276421
2026-06-23 11:58:35.000 UTC,-24085562613910005735,23866783,-276421
2026-06-23 12:02:23.000 UTC,-7284914404147806857,7218750,-276421
2026-06-23 12:10:47.000 UTC,67483276104392261257,-66803379,-276421
2026-06-23 12:11:35.000 UTC,-94143332421420182775,93288180,-276421
2026-06-23 12:13:35.000 UTC,-88366842180467370112,87564668,-276421
2026-06-23 12:14:47.000 UTC,-4175231285107653008324,4137888782,-276418
2026-06-23 12:15:35.000 UTC,16989801465196037273,-16823231,-276418
2026-06-23 13:25:35.000 UTC,-22220389125565030795,22024561,-276418
2026-06-23 13:33:47.000 UTC,270555409849073029785,-267900786,-276418
2026-06-23 13:47:23.000 UTC,-16976361896773282595,16826482,-276418
2026-06-23 14:01:59.000 UTC,-60950797703006398233,60412826,-276418
2026-06-23 14:40:59.000 UTC,-24257139304741747158,24043103,-276418
2026-06-23 14:50:59.000 UTC,-15716194378777100289,15577540,-276418
2026-06-23 14:52:35.000 UTC,-8759640045490613918628,8684774656,-276413
2026-06-23 15:03:59.000 UTC,83043500166349130525,-82274072,-276413
2026-06-23 15:30:35.000 UTC,-983106278338994784671,975000000,-276412
2026-06-23 15:40:23.000 UTC,65441138685461357879,-64838540,-276412
2026-06-23 16:21:59.000 UTC,74213072310377837658,-73529374,-276412
2026-06-23 18:17:47.000 UTC,26180798799751976748,-25939522,-276412
2026-06-23 18:39:11.000 UTC,69776120831421931729,-69132868,-276412
2026-06-23 18:39:11.000 UTC,39769112456435715530,-39402351,-276412
2026-06-23 18:44:59.000 UTC,322228381152051745732,-319253049,-276412
2026-06-23 18:45:11.000 UTC,339071913255159988137,-335934015,-276413
2026-06-23 19:11:23.000 UTC,95529405988729485344,-94644037,-276413
2026-06-23 20:49:35.000 UTC,15006665132924428730,-14867531,-276413
2026-06-23 20:59:47.000 UTC,18671877856051227444,-18498742,-276413
2026-06-23 21:49:47.000 UTC,40508180592491335687,-40132491,-276413
2026-06-23 22:59:47.000 UTC,10597957752120248315,-10499651,-276413
2026-06-24 00:13:11.000 UTC,1020719103759938686963,-1011217855,-276413
2026-06-24 01:22:35.000 UTC,1105285714669785065220,-1094923519,-276414
2026-06-24 01:22:35.000 UTC,290291184103374324772,-287556950,-276414
2026-06-24 02:07:59.000 UTC,33772006736356290237,-33453566,-276414
2026-06-24 02:20:11.000 UTC,43041636464592869949,-42635688,-276414
2026-06-24 02:22:59.000 UTC,123335454751193604810,-122171570,-276414
2026-06-24 03:07:23.000 UTC,19529701310906890413,-19345317,-276414
2026-06-24 03:07:23.000 UTC,7052922111747145167,-6986328,-276414
2026-06-24 03:12:11.000 UTC,9168438613039990532,-9081865,-276414
2026-06-24 03:12:59.000 UTC,5134152758605857409,-5085670,-276414
2026-06-24 03:16:47.000 UTC,161553867558910154085,-160027466,-276415
2026-06-24 03:18:11.000 UTC,239353167289460321129,-237088686,-276415
2026-06-24 03:21:11.000 UTC,40369850856927177151,-39987564,-276415
2026-06-24 04:05:47.000 UTC,43803748261885657773,-43388828,-276415
2026-06-24 04:12:59.000 UTC,-226923225795305797816,225000000,-276415
2026-06-24 04:22:47.000 UTC,10083173739632069093,-9987790,-276415
2026-06-24 04:24:59.000 UTC,26842853293133945176,-26588897,-276415
2026-06-24 04:47:59.000 UTC,28596444234767706771,-28325847,-276415
2026-06-24 05:37:59.000 UTC,-10164156654582227180,10078048,-276415
2026-06-24 06:01:23.000 UTC,12312455709430590898,-12195940,-276415
2026-06-24 06:13:47.000 UTC,8320673913343665178,-8241928,-276415
2026-06-24 06:16:47.000 UTC,13066487525853216012,-12942819,-276415
2026-06-24 06:16:47.000 UTC,10580650343162005137,-10480501,-276415
2026-06-24 06:36:23.000 UTC,1706248235997800000000,-1690006146,-276416
2026-06-24 06:44:47.000 UTC,9034502421597417984,-8948015,-276416
2026-06-24 06:46:11.000 UTC,685105180779870745,-678546,-276416
2026-06-24 07:29:59.000 UTC,80389190957732526872,-79619395,-276416
2026-06-24 07:54:59.000 UTC,43722438341968323216,-43303587,-276416
2026-06-24 08:05:11.000 UTC,2152406400000000000000,-2131638538,-276417
2026-06-24 09:25:23.000 UTC,7985404851631077896,-7907815,-276417
2026-06-24 09:34:47.000 UTC,6356082870251526075,-6294321,-276417
2026-06-24 09:43:23.000 UTC,3225029181266758971,-3193690,-276417
2026-06-24 10:14:11.000 UTC,9463272359456371143,-9371312,-276417
2026-06-24 10:19:59.000 UTC,181420494536550217080,-179656435,-276417
2026-06-24 10:24:47.000 UTC,54894180650691611153,-54360004,-276417
2026-06-24 10:27:59.000 UTC,84891571612357561150,-84065118,-276417
2026-06-24 10:29:11.000 UTC,36318089554264635412,-35964380,-276417
2026-06-24 11:00:35.000 UTC,43108507453885429783,-42688557,-276417
2026-06-24 11:15:11.000 UTC,1329228899642342875808,-1316222735,-276418
2026-06-24 11:20:59.000 UTC,37728346159095594365,-37357566,-276418
2026-06-24 11:22:59.000 UTC,28596178056146200151,-28315086,-276418
2026-06-24 11:49:59.000 UTC,-953653396143947348689,945251967,-276418
2026-06-24 11:50:23.000 UTC,-90373106236704240534,89579908,-276418
2026-06-24 11:57:47.000 UTC,61898375691599073932,-61293813,-276418
2026-06-24 12:46:35.000 UTC,-3414509385550921728,3384538,-276418
2026-06-24 12:50:47.000 UTC,295181224643543700130,-292294943,-276418
2026-06-24 12:53:11.000 UTC,12058019501037545016,-11940000,-276418
2026-06-24 12:53:11.000 UTC,6933944048973283806,-6866073,-276418
2026-06-24 12:59:47.000 UTC,98970738491648659929,-98001661,-276418
2026-06-24 13:01:59.000 UTC,105295775457197820474,-104264091,-276418
2026-06-24 13:06:47.000 UTC,243736010217717713160,-241345225,-276418
2026-06-24 13:06:47.000 UTC,245082431734678310105,-242674681,-276418
2026-06-24 13:06:47.000 UTC,340430378692049925169,-337079654,-276419
2026-06-24 13:13:23.000 UTC,45896153047005080573,-45443858,-276419
2026-06-24 13:22:35.000 UTC,254957400166196655380,-252442457,-276419
2026-06-24 13:23:11.000 UTC,425577167459559931904,-421370117,-276419
2026-06-24 13:23:35.000 UTC,199479709121819098553,-197503838,-276419
2026-06-24 13:23:35.000 UTC,39511211275372741957,-39119551,-276419
2026-06-24 13:23:59.000 UTC,354167333143880525230,-350652234,-276419
2026-06-24 13:41:59.000 UTC,-37510266511418154088,37174772,-276419
2026-06-24 13:45:59.000 UTC,66496235140196769792,-65835541,-276419
2026-06-24 13:49:23.000 UTC,23103894729913521645,-22874274,-276419
2026-06-24 14:18:11.000 UTC,295937158316315975539,-292992991,-276420
2026-06-24 14:28:35.000 UTC,6942089441762786104,-6872959,-276420
2026-06-24 14:30:47.000 UTC,-262296201378261853616,259946208,-276419
2026-06-24 15:09:23.000 UTC,82893194463633686842,-82068865,-276419
2026-06-24 15:13:23.000 UTC,1900000000000000000000,-1880987329,-276421
2026-06-24 15:13:23.000 UTC,361513231545756547305,-357870026,-276421
2026-06-24 15:17:11.000 UTC,18344127815734323677,-18159043,-276421
2026-06-24 15:31:23.000 UTC,17030329983583442594,-16858482,-276421
2026-06-24 15:44:11.000 UTC,922046433654998822737,-912715128,-276422
2026-06-24 15:45:23.000 UTC,113331819192032336215,-112181190,-276422
2026-06-24 15:45:47.000 UTC,75858899082291495443,-75088271,-276422
2026-06-24 15:49:23.000 UTC,486900743789510179220,-481945860,-276422
2026-06-24 15:54:59.000 UTC,-253855978737830805065,251522248,-276422
2026-06-24 15:56:11.000 UTC,82380872118792700019,-81542374,-276422
2026-06-24 16:23:35.000 UTC,-26578982761391980544,26334737,-276422
2026-06-24 16:28:23.000 UTC,-125808464792867500516,124652953,-276422
2026-06-24 16:39:59.000 UTC,234539586604496019503,-232152284,-276422
2026-06-24 16:51:59.000 UTC,2984257918439541512522,-2953580334,-276424
2026-06-24 16:51:59.000 UTC,2968023668191539695451,-2936958039,-276426
2026-06-24 16:51:59.000 UTC,5259355908796343614713,-5202948718,-276429
2026-06-24 16:52:47.000 UTC,194309853184427143630,-192192592,-276429
2026-06-24 16:52:59.000 UTC,81025176652308922487,-80141600,-276429
2026-06-24 17:18:23.000 UTC,81673512100956035277,-80782449,-276429
2026-06-24 17:19:47.000 UTC,340558966406892373625,-336838933,-276429
2026-06-24 17:24:23.000 UTC,792820874219807715635,-784132441,-276430
2026-06-24 17:27:59.000 UTC,-12176732338407389769043,12059699919,-276422
2026-06-24 17:44:47.000 UTC,35043236928005541990,-34685103,-276422
2026-06-24 17:47:47.000 UTC,612617476132848190782,-606344198,-276423
2026-06-24 17:51:59.000 UTC,1691227922958738147559,-1673787138,-276424
2026-06-24 18:22:59.000 UTC,-44283103400543006227,43868000,-276424
2026-06-24 18:28:47.000 UTC,-70043187212161907235,69386865,-276424
2026-06-24 18:36:47.000 UTC,15029579080085691532,-14873889,-276424
2026-06-24 19:28:47.000 UTC,-7417145334090291124,7347656,-276424
2026-06-24 20:02:11.000 UTC,-885625030077728238229,877352698,-276423
2026-06-24 20:02:11.000 UTC,-220844337286065334214,218789191,-276423
2026-06-24 20:03:11.000 UTC,-28895268610081211536,28626601,-276423
2026-06-24 20:03:35.000 UTC,-638830565868321702971,632904139,-276423
2026-06-24 20:05:35.000 UTC,-511567584941775454993,506840293,-276422
2026-06-24 20:06:11.000 UTC,-605574706365911596570,600000000,-276422
2026-06-24 20:06:23.000 UTC,-199067302622420015295,197239800,-276422
2026-06-24 20:06:23.000 UTC,-69447108357053488870,68810149,-276422
2026-06-24 20:06:35.000 UTC,-90028137562710854756,89202863,-276422
2026-06-24 20:14:47.000 UTC,-221652682069660784679,219622998,-276421
2026-06-24 20:17:35.000 UTC,-811124265657494719631,803723124,-276421
2026-06-24 20:26:35.000 UTC,-49639536591178330683,49187943,-276421
2026-06-24 20:26:35.000 UTC,-15920502832299030146,15775700,-276421
2026-06-24 20:41:47.000 UTC,-17979189490340474197,17815681,-276421
2026-06-24 20:50:23.000 UTC,-116627875882805450668,115567718,-276421
2026-06-24 20:50:35.000 UTC,-71533196395823357363,70883377,-276421
2026-06-24 20:57:47.000 UTC,-227060522523511754431,225000000,-276421
2026-06-24 21:41:59.000 UTC,6974700764171543994926,-6903018615,-276425
2026-06-24 21:58:35.000 UTC,-21224745574207390305,21022992,-276425
2026-06-24 22:00:35.000 UTC,-286071841782811465722,283355314,-276425
2026-06-24 22:00:59.000 UTC,-458241762040009863618,453901043,-276425
2026-06-24 22:01:47.000 UTC,-80456766709405807194,79695999,-276425
2026-06-24 22:01:47.000 UTC,-30779343998277106350,30488416,-276424
2026-06-24 22:04:23.000 UTC,-403811348989428764089,400000000,-276424
2026-06-25 00:35:35.000 UTC,-13047109265539459096,12924137,-276424
2026-06-25 00:44:11.000 UTC,-302851464531833894809,300000000,-276424
2026-06-25 00:50:23.000 UTC,-403792891365801965869,400000000,-276424
2026-06-25 01:11:35.000 UTC,-9234539471515418625,9147918,-276424
2026-06-25 01:19:35.000 UTC,9293743145238839766,-9197362,-276424
2026-06-25 01:49:11.000 UTC,-51515061502612455839,51031910,-276424
2026-06-25 02:03:35.000 UTC,-42160335527216845141,41765046,-276424
2026-06-25 03:00:35.000 UTC,-8510009495679615854,8430235,-276424
2026-06-25 03:49:47.000 UTC,-40246262600086485395,39869045,-276424
2026-06-25 04:10:59.000 UTC,-10581206246876764200,10482049,-276424
2026-06-25 04:56:23.000 UTC,-36451208451729931598,36109673,-276424
2026-06-25 05:07:47.000 UTC,-82971449985869640357,82194346,-276424
2026-06-25 05:07:47.000 UTC,-485459998058019901130,480921895,-276423
2026-06-25 05:08:35.000 UTC,-82952283651153777968,82178326,-276423
2026-06-25 05:11:11.000 UTC,-40909059624114409288,40527531,-276423
2026-06-25 05:15:47.000 UTC,-13935889761244807169,13805944,-276423
2026-06-25 05:23:59.000 UTC,-18223739512467461578,18053830,-276423
2026-06-25 05:27:35.000 UTC,22228760980100126778,-21999491,-276423
2026-06-25 06:24:47.000 UTC,10577128302695017568,-10468024,-276423
2026-06-25 07:08:11.000 UTC,-17471183285595737262,17308275,-276423
2026-06-25 07:17:47.000 UTC,-10360537419576508417,10263940,-276423
2026-06-25 07:25:35.000 UTC,951674858942900000000,-941831120,-276424
2026-06-25 10:45:59.000 UTC,72830951619630821178,-72075274,-276424
2026-06-25 10:46:35.000 UTC,98892785367276708834,-97866162,-276424
2026-06-25 10:46:47.000 UTC,13152858346156812721,-13016270,-276424
2026-06-25 12:32:11.000 UTC,10078197924886119050,-9973531,-276424
2026-06-25 12:57:23.000 UTC,-20546350452814836431,20353324,-276424
2026-06-25 13:00:23.000 UTC,-23344789889959795024,23125505,-276424
2026-06-25 13:04:35.000 UTC,-26381472160157311970,26133704,-276424
2026-06-25 13:10:11.000 UTC,-20763306756927172575,20568334,-276424
2026-06-25 13:26:23.000 UTC,-19189797330295455745,19009624,-276424
2026-06-25 13:36:47.000 UTC,26465794384980759662,-26191089,-276424
2026-06-25 13:39:47.000 UTC,82158763813714935655,-81305705,-276424
2026-06-25 13:40:47.000 UTC,241593664593314913495,-239082728,-276424
2026-06-25 13:40:59.000 UTC,126557122504142177778,-125240323,-276424
2026-06-25 13:41:47.000 UTC,728009810486483871388,-720415485,-276425
2026-06-25 13:45:11.000 UTC,127456565355903363094,-126123561,-276425
2026-06-25 13:46:35.000 UTC,95103131293651341529,-94107831,-276425
2026-06-25 13:47:11.000 UTC,157254783391678189307,-155607789,-276425
2026-06-25 13:47:11.000 UTC,959850540476751721152,-949763958,-276425
2026-06-25 13:52:47.000 UTC,794142562930653514016,-785753579,-276426
2026-06-25 13:52:47.000 UTC,805298275951044013761,-796751002,-276426
2026-06-25 13:53:23.000 UTC,1411104225939267692039,-1396028850,-276427
2026-06-25 13:54:23.000 UTC,128392219323280056884,-127014349,-276427
2026-06-25 13:56:47.000 UTC,91098956252121223643,-90120679,-276428
2026-06-25 13:56:59.000 UTC,177064455419520295930,-175161538,-276428
2026-06-25 13:58:23.000 UTC,920454018348643438684,-910530156,-276428
2026-06-25 14:02:47.000 UTC,-212773378388311920602,210685272,-276428
2026-06-25 14:07:35.000 UTC,-25374170705608047903,25125345,-276428
2026-06-25 14:07:59.000 UTC,-1449812222184308351463,1435662211,-276427
2026-06-25 14:33:23.000 UTC,-2990605341037423682492,2961834919,-276425
2026-06-25 14:33:23.000 UTC,-2466167697783622989842,2442865754,-276424
2026-06-25 14:33:23.000 UTC,-2057649292590123821711,2038500126,-276422
2026-06-25 14:33:35.000 UTC,-1274850219449429346177,1263119715,-276422
2026-06-25 14:33:35.000 UTC,-384060007848361422368,380546139,-276421
2026-06-25 14:43:35.000 UTC,887819286502465491435,-878802860,-276422
2026-06-25 15:10:23.000 UTC,48993735843521183047,-48494728,-276422
2026-06-25 15:10:35.000 UTC,26629070972002155038,-26357787,-276422
2026-06-25 15:15:47.000 UTC,19447289645097545064,-19249142,-276422
2026-06-25 15:15:59.000 UTC,37204586244038196062,-36825444,-276422
2026-06-25 16:09:59.000 UTC,-19316681948129195697,19138955,-276422
2026-06-25 16:53:59.000 UTC,19690335362930446022,-19489665,-276422
2026-06-25 17:18:23.000 UTC,-15061834151063715840,14923252,-276422
2026-06-25 18:18:11.000 UTC,25878055902926073879,-25614312,-276422
2026-06-25 18:39:23.000 UTC,80905677725512245772,-80080832,-276422
2026-06-25 19:04:47.000 UTC,42669997811987209315,-42234805,-276422
2026-06-25 19:05:47.000 UTC,-4450287022847248361713,4409923641,-276419
2026-06-25 19:06:35.000 UTC,31660531273093219728,-31346402,-276419
2026-06-25 19:08:47.000 UTC,4243510995366550251,-4201403,-276419
2026-06-25 19:13:35.000 UTC,8329414650024583893,-8246759,-276419
2026-06-25 20:01:59.000 UTC,-191693105699397566464,189981914,-276419
2026-06-25 20:01:59.000 UTC,-62657309428109357008,62098486,-276419
2026-06-25 20:08:47.000 UTC,-7413978959605273640,7347872,-276419
2026-06-25 20:22:47.000 UTC,-67449063617872265216,66847811,-276419
2026-06-25 20:27:23.000 UTC,-3183965188617928725,3155590,-276419
2026-06-25 20:28:23.000 UTC,-479516220838800093472,475250060,-276419
2026-06-25 21:20:23.000 UTC,6074135483716910815,-6014166,-276419
2026-06-25 21:36:47.000 UTC,-95253171949263983324,94407407,-276419
2026-06-25 21:54:47.000 UTC,-207444407339025157608,205604455,-276419
2026-06-25 21:55:59.000 UTC,-260268683141714337676,257964024,-276418
2026-06-25 22:01:47.000 UTC,-47764070922073891256,47341586,-276418
2026-06-25 22:02:35.000 UTC,-26200095710370432545,25968411,-276418
2026-06-25 22:20:35.000 UTC,9979759225515197257,-9881625,-276418
2026-06-25 22:20:35.000 UTC,15369742914048282280,-15218595,-276418
2026-06-25 23:19:23.000 UTC,-60024188141988964925,59493466,-276418
2026-06-25 23:51:35.000 UTC,89502100131938843421,-88621968,-276418
2026-06-26 00:12:47.000 UTC,14103774938517895589,-13965037,-276418
2026-06-26 00:25:11.000 UTC,-5548113787276133996700,5500000000,-276415
2026-06-26 00:31:23.000 UTC,-100438285761092490649,99585106,-276415
2026-06-26 00:31:35.000 UTC,-132406910547123655696,131283140,-276415
2026-06-26 00:44:47.000 UTC,11329518095992484466,-11222174,-276415
2026-06-26 00:44:59.000 UTC,5986493617652176183,-5929770,-276415
2026-06-26 00:55:23.000 UTC,-1689242142434914144720,1675000000,-276414
2026-06-26 00:56:11.000 UTC,11535820458242758281,-11427733,-276414
2026-06-26 01:05:35.000 UTC,63168872231139216770,-62576849,-276414
2026-06-26 01:25:35.000 UTC,14695621175968166293,-14557857,-276414
2026-06-26 01:58:47.000 UTC,4419617976562486763,-4378183,-276414
2026-06-26 02:11:35.000 UTC,79947899355512857081,-79198167,-276414
2026-06-26 02:11:59.000 UTC,371624307043747913022,-368134038,-276414
2026-06-26 02:11:59.000 UTC,241819137040436936259,-239543332,-276414
2026-06-26 02:13:23.000 UTC,1821986305086632288283,-1804721231,-276415
2026-06-26 02:13:23.000 UTC,74484529972126374002,-73774283,-276415
2026-06-26 02:13:23.000 UTC,461734946241682876984,-457324310,-276416
2026-06-26 02:13:23.000 UTC,155748175084843484491,-154257401,-276416
2026-06-26 02:13:35.000 UTC,1197352088199459209306,-1185840564,-276417
2026-06-26 02:13:35.000 UTC,641433857982294788436,-635230006,-276417
2026-06-26 02:13:35.000 UTC,808174511065042664860,-800321210,-276417
2026-06-26 02:13:59.000 UTC,11393793212648322498560,-11278712714,-276425
2026-06-26 02:14:23.000 UTC,51009388954700578894,-50475845,-276425
2026-06-26 02:14:59.000 UTC,-43642011755253700693,43228737,-276425
2026-06-26 02:15:23.000 UTC,-7203176682742796106449,7136607260,-276420
2026-06-26 02:17:59.000 UTC,-477184515259158322515,472889809,-276420
2026-06-26 02:22:59.000 UTC,21869314883087041793,-21651134,-276420
2026-06-26 02:23:11.000 UTC,62104045528126552671,-61484297,-276420
2026-06-26 02:29:23.000 UTC,-170491872778079255211,168959999,-276420
2026-06-26 02:35:23.000 UTC,-60971386167536197704,60424000,-276420
2026-06-26 03:02:23.000 UTC,165378857395036701974,-163729732,-276420
2026-06-26 03:02:35.000 UTC,111169296531580658721,-110059774,-276420
2026-06-26 03:03:59.000 UTC,22506703982951236326,-22281982,-276420
2026-06-26 03:10:47.000 UTC,-342282004154605232210,339206989,-276420
2026-06-26 03:39:59.000 UTC,-55097749811915142202,54603447,-276420
2026-06-26 03:46:35.000 UTC,-610470837312729755990,605006832,-276419
2026-06-26 03:46:47.000 UTC,-38985139826040597093,38637000,-276419
2026-06-26 03:47:59.000 UTC,-422968153910196305920,419197154,-276419
2026-06-26 03:47:59.000 UTC,-68959421508054418690,68345675,-276419
2026-06-26 03:48:11.000 UTC,-25746951123495023997,25517877,-276419
2026-06-26 03:49:23.000 UTC,-20411253994136830051,20229682,-276419
2026-06-26 03:49:47.000 UTC,-326471840745662111979,323571207,-276419
2026-06-26 03:49:59.000 UTC,-90650647924922384384,89846425,-276419
2026-06-26 03:50:35.000 UTC,-159374357780689321985,157961691,-276419
2026-06-26 03:51:35.000 UTC,-501299230843856005620,496866204,-276418
2026-06-26 03:51:35.000 UTC,-62647240901338931879,62094358,-276418
2026-06-26 03:53:23.000 UTC,2526964640761864788,-2502164,-276418
2026-06-26 03:56:11.000 UTC,-1211699349826667294402,1201053989,-276417
2026-06-26 03:56:47.000 UTC,-95218281199100980015,94385653,-276417
2026-06-26 03:57:35.000 UTC,-32504268521664190770,32220169,-276417
2026-06-26 04:12:11.000 UTC,-13822058892852867059,13701269,-276417
2026-06-26 04:17:59.000 UTC,-47142099173044682660,46730218,-276417
2026-06-26 04:26:35.000 UTC,-2772515348450660843520,2748537452,-276416
2026-06-26 04:49:47.000 UTC,12667153843986638894,-12546146,-276416
2026-06-26 05:30:59.000 UTC,-19932243995516598899,19761595,-276416
2026-06-26 05:59:11.000 UTC,-2269264947843551521308,2250000000,-276414
2026-06-26 06:13:59.000 UTC,4224299420669810866,-4184550,-276414
2026-06-26 06:27:23.000 UTC,-43175836917145367547,42812423,-276414
2026-06-26 06:33:59.000 UTC,-4739177459347339401875,4700000000,-276411
2026-06-26 06:38:35.000 UTC,-62385361790853563765,61879060,-276411
2026-06-26 06:43:23.000 UTC,-26052254045450041194,25840894,-276411
2026-06-26 07:08:35.000 UTC,-19535705788081456557,19377242,-276411
2026-06-26 07:09:35.000 UTC,-9523975529394688552,9446731,-276411
2026-06-26 07:14:47.000 UTC,-57509612380920641245,57043297,-276411
2026-06-26 07:32:11.000 UTC,3464842778071932585838,-3432941526,-276413
2026-06-26 07:33:23.000 UTC,-39816618713404636996,39485216,-276413
2026-06-26 07:38:47.000 UTC,399126857747578379273,-395404623,-276413
2026-06-26 09:00:59.000 UTC,23812764684194311575,-23590372,-276413
2026-06-26 09:04:23.000 UTC,14187582904371450308,-14055065,-276413
2026-06-26 09:04:47.000 UTC,13866052701104685720,-13736525,-276413
2026-06-26 09:05:35.000 UTC,1360174244561237487813,-1347409787,-276414
2026-06-26 09:16:47.000 UTC,15180943875328104037,-15037824,-276414
2026-06-26 09:17:23.000 UTC,20914408384351920626,-20717212,-276414
2026-06-26 09:33:35.000 UTC,1626552891453568799974,-1611132450,-276415
2026-06-26 09:43:11.000 UTC,2825380313851616019606,-2798199716,-276417
2026-06-26 09:43:11.000 UTC,-6371953187984071872,6316406,-276417
2026-06-26 09:43:23.000 UTC,191842781178378085343,-189979137,-276417
2026-06-26 09:50:59.000 UTC,3181288178496955033,-3150364,-276417
2026-06-26 10:03:23.000 UTC,16496043776256451635,-16335683,-276417
2026-06-26 10:04:23.000 UTC,8994456799014166223,-8907013,-276417
2026-06-26 10:53:47.000 UTC,11123750742679517997,-11015599,-276417
2026-06-26 10:54:35.000 UTC,224434975979781392992,-222251226,-276417
2026-06-26 11:23:59.000 UTC,15694619941084472158,-15541793,-276417
2026-06-26 11:24:11.000 UTC,6338247197265046478,-6276524,-276417
2026-06-26 11:27:11.000 UTC,11601370135834287820,-11488387,-276417
2026-06-26 11:56:11.000 UTC,11119288469803784279,-11010992,-276417
2026-06-26 12:33:59.000 UTC,-66695137405405705272,66111773,-276417
2026-06-26 12:36:59.000 UTC,20208703675317071084,-20011946,-276417
2026-06-26 12:39:59.000 UTC,507953185921738394382,-502999192,-276418
2026-06-26 12:40:35.000 UTC,66780115968355632145,-66127615,-276418
2026-06-26 12:40:47.000 UTC,488456726931623841691,-483675564,-276418
2026-06-26 12:40:47.000 UTC,683623006834026404949,-676906361,-276418
2026-06-26 12:40:47.000 UTC,142357311628956275376,-140954952,-276419
2026-06-26 12:43:23.000 UTC,307973587075258139464,-304935394,-276419
2026-06-26 12:43:47.000 UTC,594167269964942147584,-588288931,-276419
2026-06-26 13:00:23.000 UTC,-27074929882736041084,26833412,-276419
2026-06-26 13:38:11.000 UTC,-343216899332024686761,340159273,-276419
2026-06-26 13:55:23.000 UTC,-484005499899480230898,479706204,-276419
2026-06-26 13:56:23.000 UTC,-201860298704318319965,200071575,-276418
2026-06-26 13:57:47.000 UTC,-194185290576512592268,192466993,-276418
2026-06-26 14:20:59.000 UTC,-40551545148729238284,40193014,-276418
2026-06-26 15:03:47.000 UTC,-90355183305096926072,89556691,-276418
2026-06-26 15:04:59.000 UTC,-88218930296293668651,87439811,-276418
2026-06-26 15:09:59.000 UTC,-482067963583129639944,477819142,-276418
2026-06-26 16:35:35.000 UTC,-60659993832239136768,60126388,-276418
2026-06-26 16:42:59.000 UTC,-20879144621301719127,20695531,-276418
2026-06-26 17:16:23.000 UTC,-59957489702104671920,59430369,-276418
2026-06-26 17:24:47.000 UTC,-58333897394053866509,57821267,-276418
2026-06-26 18:43:47.000 UTC,9852303054380820010,-9755974,-276418
2026-06-26 19:01:11.000 UTC,145895140868991832454,-144467965,-276418
2026-06-26 19:04:47.000 UTC,37282035552144945389,-36917121,-276418
2026-06-26 19:47:59.000 UTC,-7393417954054411054,7328372,-276418
2026-06-26 19:47:59.000 UTC,9310335382718000000,-9219197,-276418
2026-06-26 20:33:23.000 UTC,3119204704697871826,-3088669,-276418
2026-06-26 20:43:47.000 UTC,9667580043485819626,-9572937,-276418
2026-06-26 20:43:59.000 UTC,23789259507399669688,-23556344,-276418
2026-06-26 20:50:59.000 UTC,12567746428218409240,-12444684,-276418
2026-06-26 20:56:47.000 UTC,8029661025625274806,-7951030,-276418
2026-06-26 20:58:59.000 UTC,5006501569500149788,-4957473,-276418
2026-06-26 21:07:47.000 UTC,25970635147388586467,-25716280,-276418
2026-06-26 21:19:59.000 UTC,-7350180692748069841,7285473,-276418
2026-06-26 22:11:11.000 UTC,12429197195557410204,-12307457,-276418
2026-06-26 22:25:11.000 UTC,13966524411938887839,-13829715,-276418
2026-06-26 23:14:59.000 UTC,-9588090205680697345,9503670,-276418
2026-06-27 01:00:47.000 UTC,-6671328015164422710,6612593,-276418
2026-06-27 01:07:59.000 UTC,6846463170165305997,-6779401,-276418
2026-06-27 01:40:23.000 UTC,-9365299721507003401,9282847,-276418
2026-06-27 01:40:59.000 UTC,-4626580891995471873,4585850,-276418
2026-06-27 01:43:59.000 UTC,987100884176910363,-977432,-276418
2026-06-27 02:16:35.000 UTC,-6712866899046871393,6653771,-276418
2026-06-27 03:22:35.000 UTC,77790077570048999453,-77028001,-276418
2026-06-27 03:53:11.000 UTC,86470247857488438147,-85622690,-276418
2026-06-27 03:57:23.000 UTC,-16292867840484730543,16149280,-276418
2026-06-27 03:57:35.000 UTC,-7519040981599172952,7452782,-276418
2026-06-27 04:05:59.000 UTC,-31920178171493324523,31638930,-276418
2026-06-27 04:46:11.000 UTC,-10837994009609336381,10742516,-276418
2026-06-27 04:57:11.000 UTC,8919095232553809369,-8831683,-276418
2026-06-27 05:15:23.000 UTC,14555403523547257708,-14412742,-276418
2026-06-27 05:28:35.000 UTC,14510863203083490630,-14368625,-276418
2026-06-27 05:36:23.000 UTC,8236722779553936527,-8155979,-276418
2026-06-27 05:50:23.000 UTC,4463736344793184904,-4419977,-276418
2026-06-27 05:57:59.000 UTC,9229901454362181104,-9139414,-276418
2026-06-27 06:02:59.000 UTC,31987676959258210545,-31674037,-276418
2026-06-27 07:01:47.000 UTC,-11266053630216266484,11166747,-276418
2026-06-27 07:02:35.000 UTC,-5419681165565010111,5371911,-276418
2026-06-27 07:16:59.000 UTC,-5303812666624397743,5257066,-276418
2026-06-27 07:38:11.000 UTC,2036013408579904199,-2016050,-276418
2026-06-27 07:43:11.000 UTC,9755988262517337327,-9660330,-276418
2026-06-27 08:40:35.000 UTC,13384937084241356234,-13253687,-276418
2026-06-27 08:48:23.000 UTC,-569005777609697929786,564000000,-276418
2026-06-27 08:49:35.000 UTC,5765829110859971902,-5709493,-276418
2026-06-27 09:24:23.000 UTC,569005777609697929786,-563435940,-276418
2026-06-27 10:09:47.000 UTC,8098656086329307958,-8019234,-276418
2026-06-27 11:01:47.000 UTC,-9503721268277411841,9419938,-276418
2026-06-27 11:51:47.000 UTC,8700697310330510309,-8615371,-276418
2026-06-27 12:01:11.000 UTC,-1595936776032072805,1581867,-276418
2026-06-27 15:11:23.000 UTC,-234534526130220978794,232468601,-276418
2026-06-27 15:11:23.000 UTC,-434459843375339974556,430641983,-276418
2026-06-27 15:19:59.000 UTC,-1686255768244150026,1671461,-276418
2026-06-27 15:24:59.000 UTC,-3421754441328492544,3391733,-276418
2026-06-27 15:25:47.000 UTC,-9343455024993257661,9261482,-276418
2026-06-27 15:25:47.000 UTC,-7033273448422876455,6971572,-276418
2026-06-27 15:53:35.000 UTC,-21008719481720318431,20824433,-276418
2026-06-27 15:57:35.000 UTC,459202409526794263885,-454712939,-276418
2026-06-27 16:08:35.000 UTC,14789028345932519836,-14644221,-276418
2026-06-27 16:08:47.000 UTC,10698202418792372456,-10593442,-276418
2026-06-27 16:13:35.000 UTC,8276233606944685064,-8195185,-276418
2026-06-27 16:16:11.000 UTC,9857593366010658191,-9761053,-276418
2026-06-27 16:16:11.000 UTC,9952547484613228061,-9855071,-276418
2026-06-27 16:16:23.000 UTC,9711009087627982935,-9615892,-276418
2026-06-27 16:21:59.000 UTC,-10990353345073327932,10893598,-276418
2026-06-27 16:22:23.000 UTC,11513635802596465357,-11400863,-276418
2026-06-27 16:23:47.000 UTC,3072564823730118058,-3042468,-276418
2026-06-27 16:41:59.000 UTC,-3261255078299828224,3232543,-276418
2026-06-27 16:48:35.000 UTC,-12653391923035259151,12541995,-276418
2026-06-27 17:04:59.000 UTC,83112819245754302466,-82298573,-276418
2026-06-27 17:18:23.000 UTC,10131201795017289075,-10031918,-276418
2026-06-27 18:17:59.000 UTC,-16701440377606317434,16554324,-276418
2026-06-27 18:18:35.000 UTC,4877799664967882502,-4830001,-276418
2026-06-27 18:37:59.000 UTC,-15431548136484398259,15295628,-276418
2026-06-27 19:25:47.000 UTC,23687484310967789568,-23455367,-276418
2026-06-27 19:27:23.000 UTC,25962766591822246284,-25708313,-276418
2026-06-27 19:30:59.000 UTC,16090147118131445760,-15932430,-276418
2026-06-27 19:57:47.000 UTC,-15802563609966600078,15663326,-276418
2026-06-27 21:57:35.000 UTC,31858176778050688629,-31545885,-276418
2026-06-27 22:05:59.000 UTC,31267226254367483105,-30960666,-276418
2026-06-27 22:15:35.000 UTC,446395786498659910695,-442012399,-276418
2026-06-27 22:15:59.000 UTC,318518788391244423940,-315383447,-276419
2026-06-27 22:16:59.000 UTC,17839085309996279954,-17663298,-276419
2026-06-27 22:16:59.000 UTC,82682019865987907584,-81867006,-276419
2026-06-27 22:17:11.000 UTC,23816763334474624222,-23581917,-276419
2026-06-27 22:31:47.000 UTC,-29848600357003261020,29583859,-276419
2026-06-28 00:39:11.000 UTC,122311130098151022328,-121104743,-276419
2026-06-28 01:43:35.000 UTC,-7147559757762510468,7084119,-276419
2026-06-28 03:00:23.000 UTC,-8424484409719438693,8349713,-276419
2026-06-28 05:13:23.000 UTC,-7129105848500111161,7065835,-276419
2026-06-28 06:14:35.000 UTC,30127253001924137424,-29829999,-276419
2026-06-28 06:59:59.000 UTC,-895046571495343105,887102,-276419
2026-06-28 07:43:11.000 UTC,-9922140052968345008,9834069,-276419
2026-06-28 07:44:59.000 UTC,-11057624425627446770,10959481,-276419
2026-06-28 07:48:47.000 UTC,-7403451061890973697,7337745,-276419
2026-06-28 07:58:23.000 UTC,-11786585747904564567,11681986,-276419
2026-06-28 08:03:59.000 UTC,-11462168579633370095,11360457,-276419
2026-06-28 08:04:11.000 UTC,-5730761157812158465,5679911,-276419
2026-06-28 08:04:59.000 UTC,-12571473014581456171,12459932,-276419
2026-06-28 08:09:35.000 UTC,-10591480326182753235,10497514,-276419
2026-06-28 08:38:23.000 UTC,-305449937580000819676,302743049,-276418
2026-06-28 08:38:35.000 UTC,-61433618936295905023,60889904,-276418
2026-06-28 08:39:35.000 UTC,-19220283510300350862,19050225,-276418
2026-06-28 08:41:11.000 UTC,-12063219712489761844,11956498,-276418
2026-06-28 08:52:35.000 UTC,3953243351599922050,-3914353,-276418
2026-06-28 11:05:47.000 UTC,-8456266376131394385,8381458,-276418
2026-06-28 11:08:47.000 UTC,-34938928728994096966,34629888,-276418
2026-06-28 11:32:35.000 UTC,-8474230095818871978,8399286,-276418
2026-06-28 11:33:23.000 UTC,-6010764301808838323,5957610,-276418
2026-06-28 11:33:59.000 UTC,-11139045492772157829,11040546,-276418
2026-06-28 11:38:11.000 UTC,2766511051904571495502,-2739066850,-276420
2026-06-28 11:47:35.000 UTC,-6270438123118951271,6213904,-276420
2026-06-28 11:53:11.000 UTC,-26676161081305822432,26435677,-276420
2026-06-28 11:54:47.000 UTC,-9661159879462997225,9574077,-276420
2026-06-28 11:57:47.000 UTC,-6658803765617806769,6598787,-276420
2026-06-28 12:02:47.000 UTC,14350626624114260735,-14207059,-276420
2026-06-28 12:03:47.000 UTC,-8471817327873723835,8395455,-276420
2026-06-28 12:03:59.000 UTC,-20240058992589116921,20057640,-276420
2026-06-28 12:17:11.000 UTC,-10129897271761333796,10038609,-276420
2026-06-28 12:24:35.000 UTC,10530724822506146567,-10425390,-276420
2026-06-28 12:27:59.000 UTC,10916500936364706598,-10807300,-276420
2026-06-28 12:49:47.000 UTC,-5463117491918077953,5413880,-276420
2026-06-28 12:52:35.000 UTC,25815179780546186901,-25556922,-276420
2026-06-28 13:02:47.000 UTC,21799627799340316686,-21581509,-276420
2026-06-28 14:05:59.000 UTC,13902597497472808190,-13763478,-276420
2026-06-28 14:07:47.000 UTC,7482351286867143493,-7407472,-276420
2026-06-28 14:12:23.000 UTC,-7149675780971167745,7085210,-276420
2026-06-28 16:00:23.000 UTC,10960240757147861518,-10850556,-276420
2026-06-28 16:00:35.000 UTC,10413390122140801945,-10309171,-276420
2026-06-28 16:53:35.000 UTC,4375583674960279100,-4331790,-276420
2026-06-28 16:55:47.000 UTC,10802567230417793689,-10694443,-276420
2026-06-28 17:10:35.000 UTC,14923917374070059261,-14774530,-276420
2026-06-28 17:12:47.000 UTC,11473402458150947793,-11358545,-276420
2026-06-28 17:28:47.000 UTC,9827495243871856781,-9729108,-276420
2026-06-28 17:29:59.000 UTC,4804009720169015300,-4755912,-276420
2026-06-28 17:32:11.000 UTC,17883585741359939584,-17704524,-276420
2026-06-28 17:35:35.000 UTC,38027185296455685236,-37646367,-276420
2026-06-28 17:47:59.000 UTC,-6805203140242058042,6743789,-276420
2026-06-28 18:55:59.000 UTC,-11562191497493366485,11457855,-276420
2026-06-28 19:16:23.000 UTC,21125509231541324695,-20913936,-276420
2026-06-28 19:48:11.000 UTC,59925518532754274790,-59325209,-276420
2026-06-28 20:14:59.000 UTC,-42745871395340367230,42359987,-276420
2026-06-28 20:28:35.000 UTC,-1005416089808227005,996342,-276420
2026-06-28 21:00:35.000 UTC,-9971084435308675073,9881089,-276420
2026-06-28 21:01:47.000 UTC,-12139152781554560773,12029598,-276420
2026-06-28 21:09:23.000 UTC,-2308612051818137075,2287778,-276420
2026-06-28 21:14:47.000 UTC,-9460923765437585297,9375547,-276420
2026-06-28 21:27:23.000 UTC,6931822279993414656,-6862401,-276420
2026-06-28 21:51:59.000 UTC,31599102729319557957,-31282605,-276420
2026-06-28 22:03:23.000 UTC,-259087373133086152576,256750884,-276420
2026-06-28 22:03:35.000 UTC,-62242685024204890197,61681999,-276420
2026-06-28 22:28:11.000 UTC,-22937580309409220591,22731019,-276420
2026-06-28 22:28:11.000 UTC,-22937460134083347080,22730933,-276420
2026-06-28 22:28:11.000 UTC,6541548415041875726,-6476171,-276420
2026-06-28 22:29:47.000 UTC,-39959979973621213984,39600246,-276420
2026-06-28 22:29:59.000 UTC,17411541504149520221,-17237558,-276420
2026-06-28 22:30:11.000 UTC,-95308564785241727481,94450862,-276420
2026-06-28 22:30:11.000 UTC,-34584339831301875520,34273249,-276420
2026-06-28 22:31:11.000 UTC,13099469204403454791,-12968668,-276420
2026-06-28 22:31:23.000 UTC,7422206637832155014,-7348089,-276420
2026-06-28 22:53:23.000 UTC,25688732090969884457,-25432181,-276420
2026-06-28 23:00:23.000 UTC,-9125434235033932226,9043336,-276420
2026-06-28 23:02:11.000 UTC,-224000199107975367322,221986583,-276420
2026-06-28 23:07:35.000 UTC,-7741588546802748767,7672054,-276420
2026-06-28 23:22:23.000 UTC,-8331710270081603675,8256879,-276420
2026-06-28 23:26:23.000 UTC,-1009062669966554787,1000000,-276420
2026-06-28 23:28:59.000 UTC,-128555818942240162174,127401747,-276420
2026-06-28 23:29:11.000 UTC,-34944057816835619300,34630538,-276420
2026-06-28 23:29:47.000 UTC,-13462728044766560257,13341960,-276420
2026-06-28 23:31:23.000 UTC,-9659908304531343649,9573261,-276420
2026-06-28 23:37:11.000 UTC,-34816973835745241936,34504721,-276420
2026-06-28 23:38:59.000 UTC,-13541937557730192194,13420509,-276420
2026-06-28 23:40:59.000 UTC,7249795808685705508,-7177606,-276420
2026-06-28 23:41:47.000 UTC,-21037818495631821906,20849188,-276420
2026-06-28 23:42:35.000 UTC,-15937347390379961899,15794468,-276420
2026-06-28 23:48:11.000 UTC,-6621081923785588737,6561728,-276420
2026-06-28 23:56:59.000 UTC,-7343486609463252561,7277660,-276420
2026-06-28 23:58:11.000 UTC,-9871917934875124834,9783432,-276420
2026-06-29 00:07:23.000 UTC,-33030100435116107344,32734083,-276420
2026-06-29 00:07:35.000 UTC,25643144099475646653,-25387927,-276420
2026-06-29 00:14:59.000 UTC,36428296555988331871,-36065668,-276420
2026-06-29 00:27:35.000 UTC,-7004130062039684435,6941341,-276420
2026-06-29 00:27:47.000 UTC,-14117521251670963701,13990972,-276420
2026-06-29 00:28:35.000 UTC,-6546624028865865283,6487944,-276420
2026-06-29 00:28:47.000 UTC,-12856538205149872469,12741308,-276420
2026-06-29 00:29:11.000 UTC,11967361843068341260,-11848244,-276420
2026-06-29 00:32:11.000 UTC,9334149241966910295,-9241235,-276420
2026-06-29 00:32:59.000 UTC,14663635192490099914,-14517659,-276420
2026-06-29 00:42:59.000 UTC,-7957594204445572684,7886260,-276420
2026-06-29 00:51:11.000 UTC,-19174713496257301275,19002841,-276420
2026-06-29 00:55:35.000 UTC,-31603777174837004250,31320547,-276420
2026-06-29 00:56:35.000 UTC,-11379959311995193527,11277988,-276420
2026-06-29 01:20:47.000 UTC,10750254948055137117,-10643275,-276420
2026-06-29 01:26:59.000 UTC,-97646507120419119291,96771804,-276419
2026-06-29 01:26:59.000 UTC,-11338893345602641394,11237361,-276419
2026-06-29 01:27:11.000 UTC,85006450060329466972,-84160845,-276420
2026-06-29 01:27:23.000 UTC,7762033725049489623,-7684798,-276420
2026-06-29 01:27:23.000 UTC,36399351324851820973,-36037111,-276420
2026-06-29 01:31:35.000 UTC,-10313559262524227216,10221131,-276420
2026-06-29 01:31:35.000 UTC,-24342264593048900387,24124140,-276420
2026-06-29 02:02:35.000 UTC,-20293898572134606247,20112079,-276420
2026-06-29 02:13:23.000 UTC,38748272095498425524,-38362698,-276420
2026-06-29 02:13:59.000 UTC,48650324228580909517,-48166084,-276420
2026-06-29 02:14:47.000 UTC,11606347530036746549,-11490802,-276420
2026-06-29 02:15:59.000 UTC,6276364622680524937,-6213877,-276420
2026-06-29 02:23:47.000 UTC,-5139079291410013861,5093007,-276420
2026-06-29 02:23:59.000 UTC,-11789726643665393580,11684037,-276420
2026-06-29 02:27:35.000 UTC,-38332848256350281521,37989269,-276420
2026-06-29 02:29:59.000 UTC,-15288102692114280873,15151101,-276420
2026-06-29 03:05:47.000 UTC,-53045938006578306569,52570688,-276420
2026-06-29 03:09:47.000 UTC,-10978335536375520353,10880000,-276420
2026-06-29 03:10:23.000 UTC,-7435886326526083697,7369286,-276420
2026-06-29 03:34:47.000 UTC,7571064840103024543,-7495752,-276420
2026-06-29 03:38:11.000 UTC,22124830400283841657,-21904724,-276420
2026-06-29 03:38:11.000 UTC,7027415886195179303,-6957498,-276420
2026-06-29 03:38:23.000 UTC,-10419091285559725449,10325753,-276420
2026-06-29 03:43:35.000 UTC,31279342769245114058,-30968118,-276420
2026-06-29 04:02:11.000 UTC,-8393771589173092806,8318566,-276420
2026-06-29 04:02:23.000 UTC,-3880757201115021313,3845988,-276420
2026-06-29 04:52:11.000 UTC,23102549510178066667,-22872661,-276420
2026-06-29 05:03:23.000 UTC,42583735712023867387,-42159906,-276420
2026-06-29 05:05:23.000 UTC,324919586501719890995,-321681967,-276420
2026-06-29 05:05:23.000 UTC,75434200577525441606,-74681599,-276420
2026-06-29 05:12:59.000 UTC,10274995508723559970,-10172455,-276420
2026-06-29 05:16:11.000 UTC,10366324649225634637,-10262866,-276420
2026-06-29 05:16:23.000 UTC,4812420514653081233,-4764389,-276420
2026-06-29 05:19:11.000 UTC,5191401655393969115,-5139586,-276420
2026-06-29 06:01:23.000 UTC,-47969093610255958338,47537902,-276420
2026-06-29 06:05:11.000 UTC,12939228532378624459,-12810113,-276420
2026-06-29 06:05:23.000 UTC,-7065052915444837980,7001553,-276420
2026-06-29 06:07:35.000 UTC,-8486334324176432512,8410064,-276420
2026-06-29 06:33:11.000 UTC,-9877158687529761705,9788394,-276420
2026-06-29 07:03:11.000 UTC,-8776586491255202810361,8689037418,-276425
2026-06-29 07:03:11.000 UTC,17406159495297696156029,-17221481958,-276485
2026-06-29 07:03:35.000 UTC,-1302356822350480485606,1290000000,-276424
2026-06-29 07:04:47.000 UTC,-100833008270305837023,99880751,-276424
2026-06-29 07:18:11.000 UTC,-344299820283201421518,341053105,-276424
2026-06-29 07:33:47.000 UTC,13622069550644437789,-13480266,-276424
2026-06-29 07:35:47.000 UTC,-1432258269303662177008,1418831023,-276423
2026-06-29 09:40:59.000 UTC,-593654133526077921346,588126536,-276423
2026-06-29 09:48:59.000 UTC,593060479392551843425,-586951033,-276423
2026-06-29 10:08:59.000 UTC,-7396980332882296833,7327970,-276423
2026-06-29 10:09:47.000 UTC,-106264988506117159344,105273966,-276423
2026-06-29 10:10:11.000 UTC,-204761440281151747726,202853848,-276423
2026-06-29 10:10:11.000 UTC,-206717073187533560115,204793938,-276423
2026-06-29 10:10:11.000 UTC,-35325348100619017178,34996978,-276423
2026-06-29 10:38:59.000 UTC,-22609076182539304960,22398953,-276423
2026-06-29 11:07:47.000 UTC,-14170380434163769467,14038701,-276423
2026-06-29 12:06:35.000 UTC,-247423184363934646780,245126010,-276423
2026-06-29 12:07:35.000 UTC,-76719624157667726484,76008112,-276423
2026-06-29 12:07:35.000 UTC,-430440412659213448267,426455292,-276422
2026-06-29 12:08:23.000 UTC,-449940215057418890470,445787024,-276422
2026-06-29 12:12:35.000 UTC,-719694315577114736894,713077636,-276422
2026-06-29 12:12:35.000 UTC,-585344747195544004017,579987281,-276421
2026-06-29 12:12:47.000 UTC,-42995129977176411128,42602461,-276421
2026-06-29 12:12:47.000 UTC,-94531553925105008654,93668617,-276421
2026-06-29 12:13:35.000 UTC,-371268261956563380419,367884558,-276421
2026-06-29 12:14:35.000 UTC,16548151611013842123,-16381124,-276421
2026-06-29 12:15:35.000 UTC,-228808092324222570234,226726840,-276421
2026-06-29 13:06:11.000 UTC,-162315264305804867753,160840833,-276421
2026-06-29 13:13:23.000 UTC,-206359569779473859717,204487445,-276421
2026-06-29 13:31:35.000 UTC,-260603032898738300512,258242634,-276420
2026-06-29 13:49:59.000 UTC,40856604370000000000,-40446353,-276420
2026-06-29 14:21:23.000 UTC,46429565572556260396,-45963227,-276420
2026-06-29 15:36:35.000 UTC,-69109574519094639067,68483955,-276420
2026-06-29 15:52:47.000 UTC,-14735343974311002113,14601990,-276420
2026-06-29 15:53:59.000 UTC,-310702368834645461241,307893707,-276420
2026-06-29 15:54:11.000 UTC,-123536824327317805953,122421771,-276420
2026-06-29 15:59:23.000 UTC,-20627803690686055809,20441709,-276420
2026-06-29 16:13:35.000 UTC,-21159708090208461912,20968843,-276420
2026-06-29 17:05:23.000 UTC,-89634174493624624353,88825965,-276420
2026-06-29 17:05:35.000 UTC,-105695539836882475972,104743158,-276420
2026-06-29 17:12:11.000 UTC,-168066725224417809031,166553784,-276420
2026-06-29 17:12:47.000 UTC,-672381773659500157193,666346725,-276419
2026-06-29 17:12:59.000 UTC,-404632977429786752890,401014831,-276419
2026-06-29 17:12:59.000 UTC,-142757620032587361210,141483565,-276419
2026-06-29 17:13:35.000 UTC,-209255655389822761943,207390446,-276419
2026-06-29 17:14:11.000 UTC,-251345595525110913741,249108852,-276419
2026-06-29 17:14:47.000 UTC,-106438150437284724096,105492147,-276419
2026-06-29 17:14:47.000 UTC,-36273206277424731889,35950979,-276419
2026-06-29 17:15:11.000 UTC,-685672538342531896552,679597017,-276418
2026-06-29 17:18:59.000 UTC,-282713966450020102156,280217531,-276418
2026-06-29 17:23:23.000 UTC,-21151762580364066816,20965190,-276418
2026-06-29 17:45:11.000 UTC,-299643120394161207048,297003078,-276418
2026-06-29 17:46:23.000 UTC,-328280642187676516653,325394761,-276418
2026-06-29 17:46:35.000 UTC,-81473748856314365174,80758571,-276418
2026-06-29 17:55:11.000 UTC,-25713930908299492703,25488301,-276418
2026-06-29 17:55:23.000 UTC,-10029343446180823041,9941351,-276418
2026-06-29 17:55:35.000 UTC,-16451447201204100258,16307124,-276418
2026-06-29 17:56:47.000 UTC,-15271781194397651191,15137822,-276418
2026-06-29 18:30:59.000 UTC,593594768112725314,-587799,-276418
2026-06-29 19:08:35.000 UTC,14721480474385072774,-14577759,-276418
2026-06-29 19:33:23.000 UTC,-164188051872021838075,162748612,-276418
2026-06-29 19:33:47.000 UTC,8435642874806430394,-8353369,-276418
2026-06-29 19:40:59.000 UTC,-12789789970120517322,12677726,-276418
2026-06-29 19:41:23.000 UTC,-20167843704253562996,19991155,-276418
2026-06-29 19:43:59.000 UTC,-127967425571853163179,126846904,-276417
2026-06-29 19:44:11.000 UTC,113234273752767000433,-112130597,-276418
2026-06-29 20:01:35.000 UTC,4983800788738987141,-4935206,-276418
2026-06-29 20:06:47.000 UTC,13051196704319621252,-12923933,-276418
2026-06-29 20:06:59.000 UTC,8278324423203759693,-8197596,-276418
2026-06-29 20:07:35.000 UTC,9825567506349615811,-9729745,-276418
2026-06-29 20:45:23.000 UTC,8046239260641666270,-7967765,-276418
2026-06-29 21:00:35.000 UTC,87576642336289083061,-86722252,-276418
2026-06-29 21:01:23.000 UTC,6956887762764377504,-6888991,-276418
2026-06-29 21:01:23.000 UTC,12250969747033120917,-12131412,-276418
2026-06-29 21:45:23.000 UTC,-8679825851464798063,8603716,-276418
2026-06-29 22:03:35.000 UTC,9549355068004530662,-9456157,-276418
2026-06-29 22:03:59.000 UTC,6381675294907110301,-6319389,-276418
2026-06-29 22:03:59.000 UTC,8049164278277970761,-7970599,-276418
2026-06-29 22:32:11.000 UTC,10682371843419999851,-10578099,-276418
2026-06-29 22:40:23.000 UTC,12044489770973255911,-11926913,-276418
2026-06-29 22:56:23.000 UTC,-90787088539211977734,89991030,-276418
2026-06-29 23:05:23.000 UTC,10955661231014812755,-10848768,-276418
2026-06-29 23:41:23.000 UTC,10807452553628278700,-10701998,-276418
2026-06-29 23:42:59.000 UTC,10893774261186714074,-10787470,-276418
2026-06-29 23:43:23.000 UTC,31324597237551670454,-31018882,-276418
2026-06-29 23:47:47.000 UTC,-10265151785743611756,10175135,-276418
2026-06-30 00:16:59.000 UTC,10119817835143823548,-10021046,-276418
2026-06-30 00:17:35.000 UTC,9631866280156463359,-9537851,-276418
2026-06-30 00:29:11.000 UTC,10006615317556400678,-9908936,-276418
2026-06-30 00:30:35.000 UTC,32420780174211181458,-32104262,-276418
2026-06-30 00:32:11.000 UTC,32967743289166780770,-32645818,-276418
2026-06-30 00:32:35.000 UTC,17153044998264955104,-16985521,-276418
2026-06-30 00:38:11.000 UTC,16813145308204221208,-16648923,-276418
2026-06-30 01:51:11.000 UTC,14522392670462487417,-14380531,-276418
2026-06-30 03:00:47.000 UTC,12832812052810141724,-12707444,-276418
2026-06-30 03:05:35.000 UTC,-13134326747270546686,13019030,-276418
2026-06-30 03:47:47.000 UTC,16256735947779792680,-16097917,-276418
2026-06-30 03:49:47.000 UTC,16237610119860149423,-16078961,-276418
2026-06-30 03:49:59.000 UTC,6425300604937254804,-6362518,-276418
2026-06-30 03:57:35.000 UTC,81116811639675415750,-80323983,-276418
2026-06-30 03:59:11.000 UTC,10237700519085388132,-10137608,-276418
2026-06-30 03:59:35.000 UTC,22774251418807839745,-22551569,-276418
2026-06-30 04:08:11.000 UTC,250145822750573480770,-247697804,-276418
2026-06-30 04:10:35.000 UTC,47020358939323890242,-46559762,-276418
2026-06-30 04:20:59.000 UTC,-14916031806312349671,14784686,-276418
2026-06-30 04:21:11.000 UTC,10613104700824023968,-10509132,-276418
2026-06-30 04:35:59.000 UTC,-18600940573235689266,18437153,-276418
2026-06-30 06:24:23.000 UTC,-885832390404724666686,878057489,-276417
2026-06-30 07:18:35.000 UTC,-11227772848994177531,11129544,-276417
2026-06-30 07:30:59.000 UTC,2653000000000000000000,-2626940542,-276419
2026-06-30 08:18:35.000 UTC,-605385511842289270197,600000000,-276419
2026-06-30 08:36:23.000 UTC,193421629343286530705,-191511798,-276419
2026-06-30 08:44:11.000 UTC,-17400232456843828860,17245570,-276419
2026-06-30 08:47:23.000 UTC,19459674121044688180,-19267422,-276419
2026-06-30 08:50:35.000 UTC,6862487754479597779,-6794684,-276419
2026-06-30 08:51:23.000 UTC,-681039662327740187282,675000000,-276418
2026-06-30 08:58:11.000 UTC,4303807620747463283,-4261467,-276418
2026-06-30 08:58:11.000 UTC,-51449934702194691866,50994832,-276418
2026-06-30 09:02:59.000 UTC,-13606220778249316963,13485895,-276418
2026-06-30 09:05:23.000 UTC,-605341574506494831588,600000000,-276418
2026-06-30 09:11:35.000 UTC,151369698193327591130,-149886162,-276418
2026-06-30 09:13:35.000 UTC,10038595194840065744,-9940158,-276418
2026-06-30 09:18:23.000 UTC,6457875022634005713,-6394547,-276418
2026-06-30 09:49:47.000 UTC,-11522486818687129239,11420914,-276418
2026-06-30 09:57:11.000 UTC,75619510546947711950,-74877821,-276418
2026-06-30 09:59:35.000 UTC,27129075228602800291,-26862901,-276418
2026-06-30 10:07:59.000 UTC,201496663468100742412,-199518253,-276418
2026-06-30 10:07:59.000 UTC,46124105801024637133,-45670874,-276418
2026-06-30 10:10:35.000 UTC,12643895524281730899,-12519629,-276418
2026-06-30 10:11:47.000 UTC,279990649019964498775,-277236279,-276418
2026-06-30 10:12:35.000 UTC,707379493896431695280,-700398835,-276419
2026-06-30 10:27:11.000 UTC,11650903300214608427,-11535665,-276419
2026-06-30 10:29:23.000 UTC,18473902908768961135,-18291162,-276419
2026-06-30 10:29:35.000 UTC,-9474802732948074339,9390466,-276419
2026-06-30 10:29:35.000 UTC,-12475678723181965989,12364639,-276419
2026-06-30 10:52:23.000 UTC,146700521523717176228,-145248826,-276419
2026-06-30 10:53:35.000 UTC,-13326381259654014116,13207657,-276419
2026-06-30 10:55:59.000 UTC,-8387875247406863198,8313154,-276419
2026-06-30 10:58:35.000 UTC,2647808481705457272328,-2621378260,-276421
2026-06-30 11:16:23.000 UTC,-1418448179775015419,1405577,-276421
2026-06-30 11:17:23.000 UTC,-10265346924437695159,10172201,-276421
2026-06-30 11:21:59.000 UTC,8531872308477113862,-8446003,-276421
2026-06-30 11:28:11.000 UTC,360152326914439473212,-356523389,-276421
2026-06-30 11:29:59.000 UTC,19930002406815560626,-19728947,-276421
2026-06-30 11:32:59.000 UTC,174630011266890806775,-172867265,-276421
2026-06-30 11:42:35.000 UTC,74346856904195687620,-73595804,-276421
2026-06-30 11:45:59.000 UTC,-11388016992649498318,11284235,-276421
2026-06-30 11:47:11.000 UTC,-9452366432110851329,9366231,-276421
2026-06-30 12:00:23.000 UTC,513230606683241599698,-508037146,-276421
2026-06-30 12:03:11.000 UTC,4673561248176257321,-4626192,-276421
2026-06-30 12:07:23.000 UTC,99866426278620932585,-98853909,-276421
2026-06-30 12:11:47.000 UTC,12518799981039801701,-12391831,-276421
2026-06-30 12:21:23.000 UTC,420809878415282794581,-416536191,-276422
2026-06-30 12:21:35.000 UTC,49776256768078182056,-49270000,-276422
2026-06-30 12:22:23.000 UTC,185561177480651040653,-183672528,-276422
2026-06-30 12:25:11.000 UTC,25397451678284544070,-25138787,-276422
2026-06-30 12:26:35.000 UTC,52650354630106179632,-52113999,-276422
2026-06-30 12:35:47.000 UTC,352463217412555672726,-348868144,-276422
2026-06-30 12:46:47.000 UTC,30069158347602763991,-29762096,-276422
2026-06-30 12:53:11.000 UTC,31640355845943620952,-31317187,-276422
2026-06-30 12:58:59.000 UTC,8532424323858688202,-8445265,-276422
2026-06-30 12:59:59.000 UTC,501090890810063228472,-495964188,-276423
2026-06-30 13:00:11.000 UTC,488521483083191337082,-483508190,-276423
2026-06-30 13:05:35.000 UTC,24827545915371793962,-24572360,-276423
2026-06-30 13:35:47.000 UTC,38980211507744647452,-38579483,-276423
2026-06-30 14:02:23.000 UTC,-98710024738106331523,97793210,-276423
2026-06-30 14:22:35.000 UTC,53778190223540874503,-53225510,-276423
2026-06-30 14:37:35.000 UTC,1009551265955614232217,-999142369,-276423
2026-06-30 14:43:59.000 UTC,2329000000000000000000,-2304742793,-276425
2026-06-30 14:45:59.000 UTC,11307825442628590453,-11189220,-276425
2026-06-30 14:48:47.000 UTC,25396566070595136297,-25130157,-276425
2026-06-30 15:19:11.000 UTC,-14043129287830142976,13909719,-276425
2026-06-30 15:36:35.000 UTC,-19189800628830339073,19007517,-276425
2026-06-30 16:26:35.000 UTC,59085084869249175510,-58465252,-276425
2026-06-30 16:30:23.000 UTC,36029676658971591143,-35651599,-276425
2026-06-30 17:12:35.000 UTC,-1798207304588735521,1781117,-276425
2026-06-30 17:32:23.000 UTC,-15841862065569276023,15691305,-276425
2026-06-30 17:37:35.000 UTC,-28720861175130681534,28447945,-276425
2026-06-30 17:43:11.000 UTC,-22639742592631152771,22424649,-276425
2026-06-30 18:12:23.000 UTC,12664446903534932689,-12531588,-276425
2026-06-30 18:47:23.000 UTC,25318013989475195038,-25052380,-276425
2026-06-30 18:47:35.000 UTC,-25239819555344432980,25000000,-276425
2026-06-30 18:57:47.000 UTC,-20694398728558084096,20497799,-276425
2026-06-30 19:58:59.000 UTC,-12666236315457552385,12545918,-276425
2026-06-30 19:59:47.000 UTC,45562601151042080798,-45084630,-276425
2026-06-30 20:00:23.000 UTC,-20191842132420849508,20000000,-276425
2026-06-30 20:12:23.000 UTC,-21385648735250489212,21182493,-276425
2026-06-30 20:38:23.000 UTC,-15972163423084428815,15820453,-276425
2026-06-30 22:51:35.000 UTC,2870936699031707088275,-2840566789,-276427
2026-06-30 23:40:35.000 UTC,-504878436199833088886,500000000,-276426
2026-07-01 00:05:23.000 UTC,-43092995319105449932,42677348,-276426
2026-07-01 00:25:47.000 UTC,-5826168547528421981,5769982,-276426
2026-07-01 00:46:23.000 UTC,-79631235547081743663,78863500,-276426
2026-07-01 00:53:59.000 UTC,-82115653942665545195,81324384,-276426
2026-07-01 00:59:35.000 UTC,11100944745770098709,-10983009,-276426
2026-07-01 01:11:23.000 UTC,21376018324019013165,-21148899,-276426
2026-07-01 01:11:59.000 UTC,12687716013824919498,-12552896,-276426
2026-07-01 01:13:47.000 UTC,85362614423896315653,-84455286,-276426
2026-07-01 01:28:47.000 UTC,-141168349403123511491,139807877,-276426
2026-07-01 01:30:23.000 UTC,-31694993702874381294,31389714,-276426
2026-07-01 01:30:59.000 UTC,-103630163251906700869,102632460,-276426
2026-07-01 01:32:59.000 UTC,-131818539593815525481,130550428,-276426
2026-07-01 01:36:59.000 UTC,-10046604929981251606,9950000,-276426
2026-07-01 01:38:11.000 UTC,-309505793108270383104,306532796,-276426
2026-07-01 01:38:47.000 UTC,-32878336560476447189,32562874,-276426
2026-07-01 01:38:47.000 UTC,-332501610151837684856,329315124,-276426
2026-07-01 01:38:47.000 UTC,-27998368532683826785,27730368,-276426
2026-07-01 01:39:23.000 UTC,-875585550272650997791,867229298,-276425
2026-07-01 01:39:23.000 UTC,-367349125415582071730,363857647,-276425
2026-07-01 01:39:35.000 UTC,-15891655464819243514,15740805,-276425
2026-07-01 01:39:59.000 UTC,-14245609717699792289,14110398,-276425
2026-07-01 01:39:59.000 UTC,-63242107723444590556,62641998,-276425
2026-07-01 01:39:59.000 UTC,-84954746291864891369,84149000,-276425
2026-07-01 01:41:23.000 UTC,-137032311465251880594,135733596,-276425
2026-07-01 02:23:47.000 UTC,-131216127807989311266,129973642,-276425
2026-07-01 02:26:47.000 UTC,-61455709297749000192,60874159,-276425
2026-07-01 02:27:11.000 UTC,-216162988107110730487,214119338,-276424
2026-07-01 02:27:11.000 UTC,-10816340818983083191,10714159,-276424
2026-07-01 02:29:11.000 UTC,-1905318577310988571,1887320,-276424
2026-07-01 02:39:11.000 UTC,-276909257974851043328,274295817,-276424
2026-07-01 02:39:59.000 UTC,-117240021558610288523,116134976,-276424
2026-07-01 02:40:47.000 UTC,-50475490546199092755,50000000,-276424
2026-07-01 02:41:47.000 UTC,-17596734036825341952,17431007,-276424
2026-07-01 02:44:35.000 UTC,-44853745624331321344,44431398,-276424
2026-07-01 02:44:35.000 UTC,-53510491056019239270,53006796,-276424
2026-07-01 02:52:35.000 UTC,-9507828590843372603,9418351,-276424
2026-07-01 02:54:47.000 UTC,-5194201102660141057,5145321,-276424
2026-07-01 03:08:35.000 UTC,-207925309081567539692,205970006,-276424
2026-07-01 03:37:11.000 UTC,-116327166613817803323,115234428,-276424
2026-07-01 03:37:11.000 UTC,-89987304500881777243,89142578,-276424
2026-07-01 03:37:23.000 UTC,-1110125148419751607383,1099746110,-276423
2026-07-01 03:37:35.000 UTC,-44583867513943204286,44168654,-276423
2026-07-01 03:37:35.000 UTC,-13754495381790943453,13626425,-276423
2026-07-01 03:37:47.000 UTC,-347229200670486524667,344000000,-276423
2026-07-01 04:00:11.000 UTC,-9493513950934802964,9405332,-276423
2026-07-01 04:04:47.000 UTC,-4858377369267732481,4813252,-276423
2026-07-01 04:05:35.000 UTC,-9346567817916317697,9259759,-276423
2026-07-01 04:10:35.000 UTC,-24810840403344299931,24580430,-276423
2026-07-01 04:17:23.000 UTC,-30371827670010633919,30089826,-276423
2026-07-01 04:30:47.000 UTC,-8034470109445619712,7959880,-276423
2026-07-01 04:32:59.000 UTC,-14165078222784452802,14033583,-276423
2026-07-01 04:43:23.000 UTC,-55653201608905326592,55136692,-276423
2026-07-01 04:45:23.000 UTC,-140845094278607644380,139538800,-276423
2026-07-01 04:45:59.000 UTC,-205358377752718800502,203455979,-276423
2026-07-01 04:46:11.000 UTC,-51806964845611153496,51327455,-276423
2026-07-01 04:46:23.000 UTC,-137162428637135145881,135893709,-276422
2026-07-01 04:49:47.000 UTC,-8094696951143190340,8019860,-276422
2026-07-01 04:52:59.000 UTC,-12714055812775096159,12596521,-276422
2026-07-01 05:04:11.000 UTC,14690289673954941390,-14539933,-276422
2026-07-01 05:08:11.000 UTC,7193890175663920980,-7120255,-276422
2026-07-01 05:08:59.000 UTC,6789959608838790590,-6720456,-276422
2026-07-01 05:17:47.000 UTC,4889765574202774192,-4839711,-276422
2026-07-01 05:19:35.000 UTC,15554786114513180842,-15395548,-276422
2026-07-01 05:19:59.000 UTC,6696955546380888513,-6628392,-276422
2026-07-01 06:17:47.000 UTC,10096052116709884704,-9992684,-276422
2026-07-01 06:21:59.000 UTC,21386907396130799774,-21167917,-276422
2026-07-01 06:22:59.000 UTC,11901776186487233301,-11779896,-276422
2026-07-01 06:35:47.000 UTC,17976156779285813882,-17792055,-276422
2026-07-01 06:38:23.000 UTC,111749912056106102280,-110604976,-276423
2026-07-01 06:38:35.000 UTC,56933616133505650371,-56350000,-276423
2026-07-01 06:39:11.000 UTC,12418429113726051238,-12291103,-276423
2026-07-01 06:40:35.000 UTC,13628459705889348497,-13488716,-276423
2026-07-01 07:18:23.000 UTC,11947874900543723226,-11825354,-276423
2026-07-01 08:03:59.000 UTC,-11465651175790907916,11359432,-276423
2026-07-01 08:32:23.000 UTC,-8342762101081028382,8265479,-276423
2026-07-01 08:48:59.000 UTC,-11458878806715996346,11352737,-276423
2026-07-01 09:22:35.000 UTC,-1249417730798946375,1237846,-276423
2026-07-01 09:23:35.000 UTC,-1249544809617188936,1237972,-276423
2026-07-01 09:27:23.000 UTC,19429146980057988874,-19229930,-276423
2026-07-01 10:16:47.000 UTC,-2122693650196216651,2103031,-276423
2026-07-01 11:39:59.000 UTC,12294192893951667053,-12168124,-276423
2026-07-01 11:51:23.000 UTC,17635932517635528885,-17455071,-276423
2026-07-01 12:02:59.000 UTC,14421391708570092804,-14273481,-276423
2026-07-01 13:37:11.000 UTC,-22734560146082496513,22523913,-276423
2026-07-01 13:49:59.000 UTC,-24128796965195481088,23905267,-276423
2026-07-01 13:51:47.000 UTC,-883156410208251864260,875000000,-276422
2026-07-01 13:52:11.000 UTC,-44241559980258370733,43834258,-276422
2026-07-01 14:11:23.000 UTC,-125636680772708888554,124480699,-276422
2026-07-01 14:14:23.000 UTC,-130014627649279754240,128819410,-276422
2026-07-01 14:20:23.000 UTC,-673593780179357427913,667418501,-276421
2026-07-01 14:42:23.000 UTC,262717770373089276735,-260052413,-276422
2026-07-01 14:49:47.000 UTC,-1160592105784376328483,1150000000,-276421
2026-07-01 15:21:23.000 UTC,-282040467308917075,279477,-276421
2026-07-01 15:21:35.000 UTC,-170797755827700629504,169246137,-276421
2026-07-01 15:22:59.000 UTC,-385568468060454329606,382072505,-276420
2026-07-01 15:23:23.000 UTC,-187191244921593637016,185497347,-276420
2026-07-01 15:23:23.000 UTC,-865819210040719862583,858013026,-276420
2026-07-01 15:23:35.000 UTC,-248786422950278542157,246552087,-276420
2026-07-01 15:24:23.000 UTC,-83958190831714262537,83205045,-276420
2026-07-01 15:29:47.000 UTC,-302711797253225443198,300000000,-276419
2026-07-01 15:32:35.000 UTC,-605406168864682957204,600000000,-276419
2026-07-01 16:35:11.000 UTC,-25795299685272905293,25565464,-276419
2026-07-01 18:23:11.000 UTC,-1739078466077333286,1723585,-276419
2026-07-01 18:29:35.000 UTC,-1414536859102575298846,1401997504,-276418
2026-07-01 18:39:23.000 UTC,9524012251125999784,-9430568,-276418
2026-07-01 18:59:59.000 UTC,16823844260969521713,-16658764,-276418
2026-07-01 19:13:11.000 UTC,1284955036132847726,-1272346,-276418
2026-07-01 19:36:59.000 UTC,13745680583677307578,-13610790,-276418
2026-07-01 19:36:59.000 UTC,8247161731881132808,-8166224,-276418
2026-07-01 20:47:23.000 UTC,-22038021728909656065,21843589,-276418
2026-07-01 21:10:35.000 UTC,-8165379982483259392,8093348,-276418
2026-07-01 21:10:59.000 UTC,-15902266552611766273,15761994,-276418
2026-07-01 21:15:35.000 UTC,-252222710820110019532,250000000,-276418
2026-07-01 21:52:59.000 UTC,-693274831258971923214,687185947,-276418
2026-07-01 22:00:23.000 UTC,-327869084708126671816,325000000,-276417
2026-07-01 22:14:11.000 UTC,-16103733926478077844,15962990,-276417
2026-07-01 22:21:59.000 UTC,-16806690224029365764,16659819,-276417
2026-07-01 22:23:11.000 UTC,-23423091728185603484,23218431,-276417
2026-07-01 22:23:23.000 UTC,-261394264432273957701,259112647,-276417
2026-07-01 22:25:47.000 UTC,-605266675817078620552,600000000,-276417
2026-07-01 22:28:23.000 UTC,160413404307511038240,-158860843,-276417
2026-07-01 22:39:11.000 UTC,-9855140467293069512,9769479,-276417
2026-07-01 22:42:35.000 UTC,-16385065447008686367,16242658,-276417
2026-07-01 22:47:35.000 UTC,-104033851577910796055,103130053,-276417
2026-07-01 22:52:47.000 UTC,-6564596929870267635,6507590,-276417
2026-07-01 23:00:59.000 UTC,250484339666035945674,-248058409,-276417
2026-07-01 23:00:59.000 UTC,34377224636595787424,-34044590,-276417
2026-07-01 23:08:11.000 UTC,14973581187469583630,-14828438,-276417
2026-07-01 23:14:47.000 UTC,-479162797799854611752,475000000,-276417
2026-07-01 23:28:59.000 UTC,8887514490000914453,-8801626,-276417
2026-07-01 23:29:23.000 UTC,10156188598975034694,-10058033,-276417
2026-07-01 23:49:23.000 UTC,14177011214176899591,-14039986,-276417
2026-07-02 00:04:59.000 UTC,46784666817880162786,-46332389,-276417
2026-07-02 00:19:59.000 UTC,139902638545845797039,-138549349,-276417
2026-07-02 00:30:59.000 UTC,28452138131911222660,-28176768,-276417
2026-07-02 00:38:47.000 UTC,266356951476769334753,-263776588,-276417
2026-07-02 00:42:47.000 UTC,389193721392235192282,-385415357,-276417
2026-07-02 00:42:59.000 UTC,36342828005488845439,-35989520,-276417
2026-07-02 00:44:35.000 UTC,13042578063201245001,-12915764,-276417
2026-07-02 00:50:35.000 UTC,9880611103617520933,-9784534,-276417
2026-07-02 00:51:11.000 UTC,11419077476647051455,-11308033,-276417
2026-07-02 01:00:59.000 UTC,9619638847322107284,-9526086,-276417
2026-07-02 01:01:11.000 UTC,9537953389920395609,-9445189,-276417
2026-07-02 01:25:11.000 UTC,4372038411925942507,-4329515,-276417
2026-07-02 01:40:59.000 UTC,-15865233468345185603,15726655,-276417
2026-07-02 02:12:59.000 UTC,978026712050142486084,-968485090,-276418
2026-07-02 02:34:59.000 UTC,144526049034463263972,-143110964,-276418
2026-07-02 02:35:59.000 UTC,-13558138877227698470,13438769,-276418
2026-07-02 03:14:35.000 UTC,-9662629100087316442,9577563,-276418
2026-07-02 03:40:35.000 UTC,-60830135326619181428,60294744,-276418
2026-07-02 03:53:11.000 UTC,-95056610413151056337,94220443,-276418
2026-07-02 04:32:47.000 UTC,-3934108411867086129228,3900000000,-276415
2026-07-02 04:51:11.000 UTC,12370089428467424585,-12252105,-276415
2026-07-02 04:54:11.000 UTC,-378228244286932911914,375000000,-276415
2026-07-02 05:05:35.000 UTC,-302576064942196700198,300000000,-276415
2026-07-02 06:22:47.000 UTC,-9691254470970466978,9608841,-276415
2026-07-02 06:52:59.000 UTC,71171104850832673835,-70495183,-276415
2026-07-02 07:58:23.000 UTC,201647321275106810374,-199730522,-276415
2026-07-02 08:33:35.000 UTC,6358328882362907461,-6297847,-276415
2026-07-02 08:34:59.000 UTC,9933422067609904763,-9838928,-276415
2026-07-02 09:25:11.000 UTC,122771323362500000,-121603,-276415
2026-07-02 09:37:35.000 UTC,-80018908155491823379,79337203,-276415
2026-07-02 10:04:23.000 UTC,-20836632365772810737,20659185,-276415
2026-07-02 10:09:35.000 UTC,-20270377265855162321,20097779,-276415
2026-07-02 10:14:35.000 UTC,-26471323504950675050,26245963,-276415
2026-07-02 10:35:23.000 UTC,-16767414987551422563,16624691,-276415
2026-07-02 10:41:35.000 UTC,-252144125643231301105,250000000,-276415
2026-07-02 10:43:23.000 UTC,-252140094656435356667,250000000,-276415
2026-07-02 10:54:11.000 UTC,-806821215795238886689,800000000,-276414
2026-07-02 11:09:59.000 UTC,3500006890580037188042,-3466650975,-276416
2026-07-02 13:04:11.000 UTC,1333904800605898032388,-1320990022,-276417
2026-07-02 13:21:59.000 UTC,-479177329250357197936,475000000,-276417
2026-07-02 13:48:11.000 UTC,-47199223754817573488,46788536,-276417
2026-07-02 13:58:59.000 UTC,114993677700780401035,-113878889,-276417
2026-07-02 14:13:47.000 UTC,316533230443499526090,-313460361,-276417
2026-07-02 15:00:11.000 UTC,14871838768404993286,-14727310,-276417
2026-07-02 15:17:11.000 UTC,151300279059003133002,-149829111,-276417
2026-07-02 15:46:47.000 UTC,170707587272050046293,-169045987,-276417
2026-07-02 15:46:47.000 UTC,-148255411327614235440,146959171,-276417
2026-07-02 17:18:35.000 UTC,171768790328405315271,-170096614,-276417
2026-07-02 17:26:35.000 UTC,-25754615893403121269,25529299,-276417
2026-07-02 19:00:35.000 UTC,49733990080660317373,-49249562,-276417
2026-07-02 19:21:11.000 UTC,189572084327648828645,-187724158,-276418
2026-07-02 20:24:11.000 UTC,-1050232515633525996223,1041064157,-276417
2026-07-02 20:25:59.000 UTC,78975785579454748508,-78210480,-276417
2026-07-02 20:27:23.000 UTC,-19355216940317425166,19186805,-276417
2026-07-02 20:31:11.000 UTC,-1172399283079819031618,1162241921,-276416
2026-07-02 20:31:35.000 UTC,68594659564516846201,-67934767,-276416
2026-07-02 20:37:59.000 UTC,-1118511046847216649319,1108896267,-276416
2026-07-02 20:37:59.000 UTC,2141633863616353848329,-2121032851,-276417
2026-07-02 20:47:35.000 UTC,206256443471131608492,-204257206,-276417
2026-07-02 22:02:59.000 UTC,-17559990225517092411,17407081,-276417
2026-07-02 22:03:47.000 UTC,-13313775301881233409,13197854,-276417
2026-07-02 23:05:47.000 UTC,1000000000000000000000,-990271122,-276418
2026-07-02 23:07:35.000 UTC,132590578905794163494,-131295909,-276418
2026-07-03 00:01:11.000 UTC,7434683398844493071,-7362055,-276418
2026-07-03 00:46:35.000 UTC,10986807052432820302,-10879472,-276418
2026-07-03 01:13:11.000 UTC,-53239049211342527645,52771766,-276418
2026-07-03 01:13:47.000 UTC,26030186758386955772,-25775944,-276418
2026-07-03 02:30:47.000 UTC,81865783704546256884,-81065907,-276418
2026-07-03 04:18:59.000 UTC,9822755775396052158,-9726753,-276418
2026-07-03 04:42:11.000 UTC,-10158361201013003842,10069146,-276418
2026-07-03 06:29:23.000 UTC,5742830482969715046,-5686704,-276418
2026-07-03 07:51:47.000 UTC,3495292603061689423,-3461131,-276418
2026-07-03 08:57:59.000 UTC,52738428045547740638,-52222890,-276418
2026-07-03 09:01:23.000 UTC,150739745190699073223,-149265246,-276418
2026-07-03 09:09:23.000 UTC,-17591716122899598053,17436998,-276418
2026-07-03 10:41:47.000 UTC,13276728302578077702,-13146805,-276418
2026-07-03 10:44:35.000 UTC,-137023202969947315281,135818640,-276418
2026-07-03 11:55:59.000 UTC,-9150215945060107068,9069819,-276418
2026-07-03 12:37:11.000 UTC,125707758599691304175,-124478214,-276418
2026-07-03 14:15:23.000 UTC,51441270106582010359,-50937838,-276418
2026-07-03 14:21:23.000 UTC,328236321237747058450,-325020115,-276418
2026-07-03 14:21:59.000 UTC,17996301230619703252,-17819770,-276418
2026-07-03 14:26:35.000 UTC,-302666317259051134035,300000000,-276418
2026-07-03 15:52:11.000 UTC,97431806556289313727,-96477566,-276418
2026-07-03 15:58:47.000 UTC,150767120238463201079,-149289344,-276418
2026-07-03 16:02:47.000 UTC,8740037308509426096,-8654326,-276418
2026-07-03 16:14:47.000 UTC,136131364048122755401,-134795743,-276418
2026-07-03 17:03:23.000 UTC,10027811751390797541,-9929380,-276418
2026-07-03 19:31:47.000 UTC,-52424038881706905497,51961471,-276418
2026-07-03 20:16:47.000 UTC,19203420280672072138,-19014968,-276418
2026-07-03 20:36:47.000 UTC,-424885732993839204512,421142576,-276418
2026-07-03 20:36:47.000 UTC,-176059162238397426344,174511441,-276418
2026-07-03 22:21:35.000 UTC,8640254533097976593,-8555782,-276418
2026-07-03 22:54:59.000 UTC,8078586540872165866,-7999601,-276418
2026-07-03 23:49:35.000 UTC,6237319200631313165,-6176333,-276418
2026-07-03 23:54:47.000 UTC,3791060102417142159,-3753991,-276418
2026-07-04 00:01:59.000 UTC,9634889248921202801,-9540676,-276418
2026-07-04 00:02:35.000 UTC,8429871876014504601,-8347437,-276418
2026-07-04 00:02:47.000 UTC,13534817964237894284,-13402453,-276418
2026-07-04 00:03:23.000 UTC,14984343509031926039,-14837789,-276418
2026-07-04 00:11:11.000 UTC,18060644878060563074,-17883984,-276418
2026-07-04 00:11:35.000 UTC,42609377608051799230,-42192512,-276418
2026-07-04 00:13:47.000 UTC,-13414342419365404431,13296386,-276418
2026-07-04 00:13:59.000 UTC,-882737391034118450956,875000000,-276417
2026-07-04 00:23:47.000 UTC,12207179251005441040,-12088417,-276417
2026-07-04 00:34:59.000 UTC,1130198143507253542,-1119202,-276417
2026-07-04 00:34:59.000 UTC,1315510611454534219,-1302711,-276417
2026-07-04 00:34:59.000 UTC,2807537602544761766,-2780221,-276417
2026-07-04 00:34:59.000 UTC,1304694154369386711,-1291999,-276417
2026-07-04 00:34:59.000 UTC,1115448766188007555,-1104595,-276417
2026-07-04 00:34:59.000 UTC,2776748962833669354,-2749731,-276417
2026-07-04 00:45:23.000 UTC,18983548800616971533,-18798829,-276417
2026-07-04 00:57:11.000 UTC,8753034873679047576,-8667855,-276417
2026-07-04 00:58:23.000 UTC,5387227603784363416,-5334800,-276417
2026-07-04 00:58:47.000 UTC,13337418285349515704,-13207612,-276417
2026-07-04 00:59:11.000 UTC,-17598626858038445316,17444793,-276417
2026-07-04 01:00:11.000 UTC,16732855661320788014,-16570007,-276417
2026-07-04 01:00:11.000 UTC,26236216328478933589,-25980843,-276417
2026-07-04 01:00:35.000 UTC,-13855665163196260310,13734526,-276417
2026-07-04 01:00:35.000 UTC,-7884675098331911509,7815745,-276417
2026-07-04 01:01:11.000 UTC,10005813386006133276,-9908423,-276417
2026-07-04 01:02:59.000 UTC,321655246928105995073,-318521107,-276418
2026-07-04 01:06:35.000 UTC,50428146296310991975,-49936196,-276418
2026-07-04 01:10:23.000 UTC,152105653992017441339,-150620827,-276418
2026-07-04 01:10:23.000 UTC,1891028594086297581866,-1872447521,-276419
2026-07-04 01:10:23.000 UTC,205609035248270877000,-203575217,-276419
2026-07-04 01:15:23.000 UTC,51223319157617942378,-50716222,-276419
2026-07-04 01:16:23.000 UTC,22662519400664563504,-22438114,-276419
2026-07-04 01:26:59.000 UTC,5046675215570579842,-4996698,-276419
2026-07-04 01:28:23.000 UTC,9018210039074991767,-8928899,-276419
2026-07-04 01:28:35.000 UTC,11860329887299511101,-11742865,-276419
2026-07-04 01:36:59.000 UTC,2453582904609630467,-2429281,-276419
2026-07-04 01:45:11.000 UTC,2245333759705259105,-2223094,-276419
2026-07-04 01:46:23.000 UTC,10493324762550799722,-10389388,-276419
2026-07-04 01:46:47.000 UTC,5614915638672052770,-5559297,-276419
2026-07-04 01:51:47.000 UTC,-8366335344942470581,8291753,-276419
2026-07-04 02:40:35.000 UTC,11669131827751953656,-11553542,-276419
2026-07-04 03:00:11.000 UTC,11645779806467261535,-11530413,-276419
2026-07-04 03:01:47.000 UTC,9474899850478354732,-9381032,-276419
2026-07-04 03:04:23.000 UTC,9207692365900151367,-9116467,-276419
2026-07-04 03:04:35.000 UTC,4782527048223772382,-4735142,-276419
2026-07-04 03:25:35.000 UTC,5268465615106007033,-5216264,-276419
2026-07-04 09:41:47.000 UTC,10760518965895610285,-10653895,-276419
2026-07-04 09:42:35.000 UTC,5600136720078001230,-5544643,-276419
2026-07-04 09:56:47.000 UTC,9615051072393273385,-9519768,-276419
2026-07-04 10:02:11.000 UTC,48870497863716919695,-48386113,-276419
2026-07-04 10:59:23.000 UTC,12652264534623660704,-12526836,-276419
2026-07-04 11:08:11.000 UTC,6437548716953240528,-6373726,-276419
2026-07-04 11:11:47.000 UTC,9615504566493604283,-9520170,-276419
2026-07-04 11:22:47.000 UTC,9641250997880779398,-9545655,-276419
2026-07-04 12:38:59.000 UTC,-6587605072418492729,6528815,-276419
2026-07-04 13:38:47.000 UTC,18669464912399340812,-18484344,-276419
2026-07-04 15:10:35.000 UTC,-209788471662091733688,207917395,-276419
2026-07-04 15:18:23.000 UTC,-62616550626259083060,62058618,-276419
2026-07-04 16:20:23.000 UTC,-37944269756214303154,37606295,-276419
2026-07-04 16:24:47.000 UTC,-114986319253906863555,113962671,-276419
2026-07-04 17:04:47.000 UTC,129226088131537977344,-127947570,-276419
2026-07-04 17:50:59.000 UTC,-27190387778305811568,26948231,-276419
2026-07-04 17:52:23.000 UTC,125318333198795556858,-124077690,-276419
2026-07-04 17:52:23.000 UTC,-114793902725216730808,113771157,-276419
2026-07-04 17:52:47.000 UTC,-38699143807125670699,38354545,-276419
2026-07-04 18:32:23.000 UTC,40975457566342611194,-40569984,-276419
2026-07-04 20:19:23.000 UTC,141452753321529312136,-140052197,-276419
2026-07-04 20:24:23.000 UTC,10253051136439819003,-10151484,-276419
2026-07-04 20:26:59.000 UTC,17308414005961117214,-17136942,-276419
2026-07-04 20:34:35.000 UTC,607685827545500559,-601665,-276419
2026-07-04 20:46:59.000 UTC,1173207559343745924,-1161584,-276419
2026-07-04 21:15:11.000 UTC,3665816528293106866,-3629497,-276419
2026-07-04 21:48:59.000 UTC,68670963624184875818,-67990441,-276419
2026-07-04 22:08:47.000 UTC,8040708903198057555,-7961007,-276419
2026-07-04 22:10:47.000 UTC,5887130564651045775,-5828773,-276419
2026-07-04 22:11:35.000 UTC,42728636498274733739,-42305013,-276419
2026-07-04 22:13:23.000 UTC,11940334769818846151,-11821934,-276419
2026-07-04 22:16:35.000 UTC,6153403380754846240,-6092382,-276419
2026-07-04 22:35:35.000 UTC,5514953140569706241,-5460261,-276419
2026-07-04 22:38:11.000 UTC,8358400122027189231,-8275507,-276419
2026-07-04 22:56:35.000 UTC,5209383460167090794,-5157718,-276419
2026-07-04 22:56:59.000 UTC,8453367203215125506,-8369525,-276419
2026-07-04 23:14:59.000 UTC,238391573092912104082,-236025312,-276419
2026-07-04 23:14:59.000 UTC,240980997000723866772,-238585410,-276420
2026-07-04 23:14:59.000 UTC,12250308303596197168,-12128431,-276420
2026-07-04 23:16:23.000 UTC,64242305451356694632,-63603009,-276420
2026-07-04 23:16:35.000 UTC,143137884009240413019,-141712542,-276420
2026-07-04 23:19:47.000 UTC,5356920912362211842,-5303552,-276420
2026-07-04 23:24:23.000 UTC,9743884618156288473,-9646806,-276420
2026-07-04 23:30:59.000 UTC,12102095178565360109,-11981514,-276420
2026-07-04 23:50:47.000 UTC,-11782074162969993072,11676356,-276420
2026-07-05 00:21:59.000 UTC,35963942510352490170,-35605583,-276420
2026-07-05 00:29:35.000 UTC,1650025745478966693808,-1633496966,-276421
2026-07-05 00:44:59.000 UTC,-252288371420611959684,250000000,-276421
2026-07-05 01:17:35.000 UTC,86885945860109713403,-86012226,-276421
2026-07-05 01:25:23.000 UTC,3054412045839004951405,-3023395562,-276423
2026-07-05 01:32:59.000 UTC,-6993947890385158145,6929185,-276423
2026-07-05 03:28:11.000 UTC,11416020359213413888,-11299000,-276423
2026-07-05 03:46:11.000 UTC,4812260335481457266,-4762929,-276423
2026-07-05 04:42:59.000 UTC,-21301612735162758702,21104360,-276423
2026-07-05 04:42:59.000 UTC,-8224659012586491859,8148507,-276423
2026-07-05 04:46:23.000 UTC,-504664600213995671241,500000000,-276422
2026-07-05 04:46:47.000 UTC,-8795085592168808920,8713935,-276422
2026-07-05 06:10:11.000 UTC,1474133382926883857,-1459072,-276422
2026-07-05 07:04:47.000 UTC,5258851111303670173,-5205119,-276422
2026-07-05 07:14:11.000 UTC,7493449990343886773,-7416884,-276422
2026-07-05 07:23:11.000 UTC,11809208372463667976,-11688538,-276422
2026-07-05 07:49:23.000 UTC,-4541738211109502977,4499827,-276422
2026-07-05 08:02:59.000 UTC,-6278482351054484657,6220552,-276422
2026-07-05 08:02:59.000 UTC,-11517806875628522909,11411527,-276422
2026-07-05 08:05:23.000 UTC,-9291430020805088202,9205703,-276422
2026-07-05 08:07:59.000 UTC,-4940698589218020403,4895116,-276422
2026-07-05 08:14:47.000 UTC,-6322041964246890909,6263717,-276422
2026-07-05 08:14:47.000 UTC,-9934157485561792229,9842514,-276422
2026-07-05 08:26:35.000 UTC,11304868407232374363,-11189380,-276422
2026-07-05 08:26:35.000 UTC,-3532818958413463552,3500228,-276422
2026-07-05 08:44:23.000 UTC,-8577088211673677825,8497964,-276422
2026-07-05 08:47:23.000 UTC,-10655242911438647350,10556955,-276422
2026-07-05 08:47:23.000 UTC,-6407689061819884659,6348586,-276422
2026-07-05 09:40:23.000 UTC,191730764321374783757,-189771222,-276422
2026-07-05 09:48:35.000 UTC,13045448926656156229,-12912036,-276422
2026-07-05 11:45:35.000 UTC,49509104118520272701,-49002691,-276422
2026-07-05 14:52:59.000 UTC,-15214628665980139506,15074058,-276422
2026-07-05 14:53:59.000 UTC,-8912619220431355551,8830281,-276422
2026-07-05 14:56:47.000 UTC,-5829147421065609216,5775298,-276422
2026-07-05 14:59:11.000 UTC,-13171258459382942373,13049591,-276422
2026-07-05 14:59:59.000 UTC,-5332305169989266857,5283052,-276422
2026-07-05 16:19:11.000 UTC,16820537670539494138,-16648502,-276422
2026-07-05 17:17:35.000 UTC,12613994453871664042,-12484970,-276422
2026-07-05 17:41:23.000 UTC,-807439029086463610248,800000000,-276422
2026-07-05 17:47:23.000 UTC,-252316204208688102671,250000000,-276422
2026-07-05 17:53:47.000 UTC,-3052705703774538970717,3025000000,-276420
2026-07-05 18:26:59.000 UTC,-605425104189669215752,600000000,-276419
2026-07-05 19:54:35.000 UTC,8918522714883178859,-8829936,-276419
2026-07-05 20:32:47.000 UTC,9701997252042873736,-9605622,-276419
2026-07-05 20:57:35.000 UTC,15621695127741112583,-15466505,-276419
2026-07-05 21:08:35.000 UTC,106717417237853583302,-105656848,-276419
2026-07-05 22:21:23.000 UTC,-31626814070497176335,31343765,-276419
2026-07-05 22:49:35.000 UTC,90317126093011754861,-89419166,-276419
2026-07-05 22:50:11.000 UTC,175906701241537807525,-174156315,-276420
2026-07-05 23:38:23.000 UTC,9678874374736333940,-9582506,-276420
2026-07-05 23:48:59.000 UTC,89946202717348838744,-89050374,-276420
2026-07-06 02:05:59.000 UTC,21670139951265391333,-21454238,-276420
2026-07-06 02:07:23.000 UTC,10297159689740084606,-10194557,-276420
2026-07-06 02:07:47.000 UTC,16601240420862928679,-16435810,-276420
2026-07-06 02:07:59.000 UTC,344540917397732808498,-341103684,-276420
2026-07-06 02:08:23.000 UTC,198190536821061903,-196211,-276420
2026-07-06 02:10:35.000 UTC,9637318626060262179,-9541066,-276420
2026-07-06 02:10:47.000 UTC,5225610307387389299,-5173417,-276420
2026-07-06 02:11:11.000 UTC,9731080048360516297,-9633882,-276420
2026-07-06 02:18:59.000 UTC,55603937147032862389,-55048433,-276420
2026-07-06 02:25:11.000 UTC,12406923271236721455,-12282947,-276420
2026-07-06 03:03:47.000 UTC,10682096164567228223,-10575347,-276420
2026-07-06 03:04:59.000 UTC,5700248415212944722,-5643281,-276420
2026-07-06 03:06:35.000 UTC,9745989337789812832,-9648585,-276420
2026-07-06 03:09:23.000 UTC,9388933589017861574,-9295092,-276420
2026-07-06 03:09:23.000 UTC,5696792872504950175,-5639851,-276420
2026-07-06 03:20:47.000 UTC,9410468945367220296,-9316404,-276420
2026-07-06 03:24:11.000 UTC,138631739684113517402,-137245364,-276420
2026-07-06 03:24:23.000 UTC,8727885616882578840,-8640562,-276420
2026-07-06 03:26:47.000 UTC,31684844924015539890,-31367796,-276420
2026-07-06 03:27:11.000 UTC,272389398706345146102,-269661188,-276420
2026-07-06 03:33:47.000 UTC,41340943191324193769,-40926472,-276420
2026-07-06 03:33:47.000 UTC,11142477448935077165,-11030748,-276420
2026-07-06 03:49:47.000 UTC,847761737723841909,-839260,-276420
2026-07-06 03:52:23.000 UTC,11771313920671176252,-11653270,-276420
2026-07-06 03:52:23.000 UTC,998460056214760273,-988446,-276420
2026-07-06 04:05:35.000 UTC,11544019125764542510,-11428245,-276420
2026-07-06 04:06:47.000 UTC,5454129799390126267,-5399428,-276420
2026-07-06 04:36:35.000 UTC,13088549266911061981,-12957271,-276420
2026-07-06 04:45:35.000 UTC,8561478652853145263,-8475601,-276420
2026-07-06 04:48:35.000 UTC,11160437771077100150,-11048484,-276420
2026-07-06 05:03:11.000 UTC,49051856961043708607,-48559710,-276420
2026-07-06 05:07:11.000 UTC,7715199836544656642,-7637778,-276420
2026-07-06 05:08:59.000 UTC,10608824382396083057,-10502359,-276420
2026-07-06 05:09:47.000 UTC,80032389513424899876,-79228993,-276420
2026-07-06 05:10:23.000 UTC,99341047428844273131,-98343263,-276421
2026-07-06 05:12:23.000 UTC,6935908045645731304,-6866220,-276421
2026-07-06 05:28:23.000 UTC,177579793640343284927,-175794557,-276421
2026-07-06 05:31:23.000 UTC,15112014880700222382,-14960000,-276421
2026-07-06 05:31:35.000 UTC,14556242826457795514,-14409805,-276421
2026-07-06 05:32:23.000 UTC,9677733078637330949,-9580366,-276421
2026-07-06 05:56:11.000 UTC,1222782380328326244420,-1210432729,-276421
2026-07-06 06:16:35.000 UTC,12021450670442177759,-11899572,-276421
2026-07-06 06:19:59.000 UTC,11397418973154949273,-11281858,-276421
2026-07-06 06:56:47.000 UTC,8607669176566729206,-8520389,-276421
2026-07-06 07:00:23.000 UTC,5811291964009129567,-5752360,-276421
2026-07-06 07:00:23.000 UTC,8614675371658919473,-8527319,-276421
2026-07-06 07:01:23.000 UTC,9705871244831566325,-9607441,-276421
2026-07-06 07:02:35.000 UTC,6971655535151494477,-6900950,-276421
2026-07-06 07:02:47.000 UTC,9585773013006144312,-9488551,-276421
2026-07-06 07:04:47.000 UTC,950900281611280945967,-941227245,-276422
2026-07-06 07:54:23.000 UTC,42521442723835566030,-42087565,-276422
2026-07-06 08:14:59.000 UTC,9734698232312873437,-9635352,-276422
2026-07-06 08:15:23.000 UTC,10557217041853337092,-10449470,-276422
2026-07-06 08:36:59.000 UTC,115918542625493182503,-114735017,-276422
2026-07-06 09:11:47.000 UTC,104435522904824371748,-103368516,-276422
2026-07-06 09:33:23.000 UTC,-14436072109881910565006,14309383440,-276413
2026-07-06 09:33:35.000 UTC,9982267013546960761074,-9886169327,-276419
2026-07-06 09:35:47.000 UTC,136855064287526311970,-135494134,-276420
2026-07-06 09:35:59.000 UTC,63007141008717375019,-62380183,-276420
2026-07-06 09:36:23.000 UTC,196173900271420052411,-194216851,-276420
2026-07-06 09:36:23.000 UTC,277030725677777828958,-274271153,-276420
2026-07-06 09:37:35.000 UTC,541422090487827375848,-536008289,-276420
2026-07-06 09:39:35.000 UTC,39158015780813706156,-38765753,-276420
2026-07-06 09:42:47.000 UTC,136789036450405690495,-135418006,-276420
2026-07-06 09:47:47.000 UTC,81211421526400948103,-80396888,-276420
2026-07-06 09:49:59.000 UTC,107127741136623345520,-106052640,-276420
2026-07-06 10:04:23.000 UTC,30190565716815346627,-29887452,-276420
2026-07-06 10:59:35.000 UTC,1363965368766228908,-1350269,-276420
2026-07-06 11:04:35.000 UTC,8264468936499188082,-8181483,-276420
2026-07-06 11:58:23.000 UTC,40356748508340713124,-39951453,-276420
2026-07-06 12:00:11.000 UTC,178194896920948551762,-176404094,-276421
2026-07-06 12:00:11.000 UTC,15175406146355320832,-15022806,-276421
2026-07-06 12:00:59.000 UTC,151860582131387925682,-150332712,-276421
2026-07-06 12:02:35.000 UTC,144956603726314250562,-143494539,-276421
2026-07-06 12:02:35.000 UTC,252777936310443991978,-250231522,-276421
2026-07-06 12:04:59.000 UTC,48082372979031348646,-47597112,-276421
2026-07-06 12:05:11.000 UTC,33338713667323308375,-33002164,-276421
2026-07-06 12:05:35.000 UTC,37871309119332145926,-37488919,-276421
2026-07-06 12:07:47.000 UTC,149638091607854342743,-148126302,-276421
2026-07-06 12:12:11.000 UTC,-16968712377426281464,16814018,-276421
2026-07-06 12:46:11.000 UTC,322043895963913378441,-318781066,-276421
2026-07-06 12:46:11.000 UTC,91590125128764686487,-90664196,-276421
2026-07-06 12:46:11.000 UTC,145498444546786158770,-144026446,-276421
2026-07-06 13:16:47.000 UTC,35244312533672335401,-34886834,-276421
2026-07-06 13:21:11.000 UTC,-18368119462299553536,18200000,-276421
2026-07-06 13:21:47.000 UTC,480000000000000000000,-475124212,-276422
2026-07-06 14:06:59.000 UTC,314780139356642294851,-311574776,-276422
2026-07-06 15:09:35.000 UTC,-179692614981894735476,178040064,-276422
2026-07-06 15:47:23.000 UTC,-52196962515807032929,51717312,-276422
2026-07-06 15:50:23.000 UTC,-43227062556500309193,42829968,-276422
2026-07-06 15:52:47.000 UTC,-43227141781292294894,42830165,-276422
2026-07-06 15:54:35.000 UTC,-116857011839260534771,115784442,-276422
2026-07-06 16:11:59.000 UTC,-53248611833229728784,52760156,-276422
2026-07-06 16:13:47.000 UTC,-232705807507651559424,230573260,-276422
2026-07-06 16:13:47.000 UTC,-134473021955585867776,133242248,-276421
2026-07-06 16:13:47.000 UTC,-204568270855917029373,202698126,-276421
2026-07-06 16:30:47.000 UTC,18139464071984277586,-17955771,-276421
2026-07-06 18:36:59.000 UTC,6237098782879382850,-6173933,-276421
2026-07-06 19:30:11.000 UTC,-24264504928153487700,24042819,-276421
2026-07-06 21:10:11.000 UTC,-603846492326113074689,598341538,-276421
2026-07-06 21:10:23.000 UTC,-766132271983014599476,759180877,-276420
2026-07-06 21:10:35.000 UTC,-864102290991244869939,856306253,-276420
2026-07-06 21:10:35.000 UTC,-544761484376145826910,539870685,-276420
2026-07-06 21:10:35.000 UTC,-491668900553949195932,487270766,-276419
2026-07-06 21:30:47.000 UTC,196210052010237112684,-194262304,-276419
2026-07-06 22:22:47.000 UTC,6073404322566478387,-6013076,-276419
2026-07-06 22:34:59.000 UTC,101892717360741719414,-100880252,-276419
2026-07-06 23:42:59.000 UTC,130058987384778637308,-128765699,-276420
2026-07-06 23:53:59.000 UTC,-4237084243656822632,4199134,-276420
2026-07-07 00:01:23.000 UTC,-454176359641912094,450110,-276420
2026-07-07 00:10:23.000 UTC,-11089259906189186567,10989939,-276419
2026-07-07 00:19:47.000 UTC,9542514734685504927,-9447593,-276420
2026-07-07 01:04:11.000 UTC,244694585649700057774,-242258597,-276420
2026-07-07 01:04:59.000 UTC,127376705419710181893,-126107156,-276420
2026-07-07 01:05:23.000 UTC,17031421414528983102,-16861594,-276420
2026-07-07 01:17:11.000 UTC,1802300937233928935387,-1784226583,-276421
2026-07-07 01:29:35.000 UTC,25037921770562081439,-24785392,-276421
2026-07-07 01:54:59.000 UTC,2552693778623115400,-2526945,-276421
2026-07-07 02:09:11.000 UTC,10657079360875048385,-10549579,-276421
2026-07-07 02:09:59.000 UTC,314755406871900208557,-311577204,-276421
2026-07-07 02:10:59.000 UTC,32871188979912922366,-32538917,-276421
2026-07-07 02:25:23.000 UTC,22981012183512967766,-22748673,-276421
2026-07-07 02:30:23.000 UTC,23542023452387461422,-23303978,-276421
2026-07-07 02:31:35.000 UTC,36294415643376248662,-35927355,-276421
2026-07-07 02:43:11.000 UTC,3062247443804864658822,-3030979599,-276423
2026-07-07 02:53:59.000 UTC,19318969549140759118,-19119838,-276423
2026-07-07 02:57:59.000 UTC,5192460627667437857,-5138935,-276423
2026-07-07 03:11:11.000 UTC,10617225195421926033,-10507774,-276423
2026-07-07 03:13:47.000 UTC,8921779607201839590,-8829801,-276423
2026-07-07 03:27:59.000 UTC,126547638622110586116,-125242464,-276423
2026-07-07 04:41:23.000 UTC,25183788451695528684,-24923930,-276423
2026-07-07 05:01:47.000 UTC,7987716322173682308,-7905287,-276423
2026-07-07 08:11:23.000 UTC,4578433727843825232165,-4530526979,-276426
2026-07-07 09:21:11.000 UTC,3754919231468911559,-3715089,-276426
2026-07-07 10:10:47.000 UTC,-17967964476784091550,17795169,-276426
2026-07-07 12:11:47.000 UTC,73523134441989164731,-72743144,-276426
2026-07-07 13:04:59.000 UTC,296791637684652473492,-293639593,-276426
2026-07-07 14:24:23.000 UTC,580083341455132398204,-573906655,-276427
2026-07-07 14:37:11.000 UTC,74680610047890540956,-73883881,-276427
2026-07-07 14:53:35.000 UTC,-281545542273154850617,278822461,-276427
2026-07-07 14:56:59.000 UTC,-28738908233854082939,28461229,-276427
2026-07-07 14:59:11.000 UTC,-188160256887318821017,186343508,-276426
2026-07-07 15:00:47.000 UTC,-523206903060716863707,518166873,-276426
2026-07-07 15:05:11.000 UTC,130906547556501860017,-129517530,-276426
2026-07-07 15:10:23.000 UTC,-267036314485834048911,264468404,-276426
2026-07-07 15:11:11.000 UTC,-267044183109494847874,264480682,-276426
2026-07-07 15:11:35.000 UTC,-267042686923313479032,264483685,-276426
2026-07-07 15:48:47.000 UTC,-36079448249703123200,35734053,-276426
2026-07-07 15:55:23.000 UTC,8892811240300359403,-8798880,-276426
2026-07-07 16:46:47.000 UTC,95852116371010886938,-94839359,-276426
2026-07-07 16:52:23.000 UTC,-12403750981927407586,12284945,-276426
2026-07-07 17:13:47.000 UTC,-8730702791198152911,8647084,-276426
2026-07-07 17:27:47.000 UTC,3675539721654292144,-3636698,-276426
2026-07-07 18:16:35.000 UTC,24234446760245552841,-23978325,-276426
2026-07-07 18:49:47.000 UTC,296411815922442132561,-293276203,-276426
2026-07-07 19:00:47.000 UTC,223200261257023884306,-220835480,-276426
2026-07-07 19:09:23.000 UTC,19415346286619151873,-19209495,-276426
2026-07-07 19:34:11.000 UTC,-4545732375820998671,4502036,-276426
2026-07-07 19:35:11.000 UTC,-4543530824432724976,4499856,-276426
2026-07-07 19:36:35.000 UTC,282952402000000000000,-279949873,-276426
2026-07-07 19:36:59.000 UTC,321688002186662441458,-318268325,-276427
2026-07-07 19:38:47.000 UTC,-605691339985777104097,599857706,-276426
2026-07-07 19:45:11.000 UTC,-4546357712164834502,4502658,-276426
2026-07-07 19:45:35.000 UTC,-4545811896282259307,4502119,-276426
2026-07-07 19:45:59.000 UTC,-4549591799411711945,4505863,-276426
2026-07-07 20:14:59.000 UTC,6678746522027818587082,-6606540777,-276430
2026-07-07 20:21:47.000 UTC,23615612093146102477,-23355329,-276430
2026-07-07 20:24:59.000 UTC,3241040847425730782529,-3161202092,-276727
2026-07-07 20:24:59.000 UTC,-2945176844662983089520,2871528638,-276439
2026-07-07 20:38:59.000 UTC,-23865253207715586405,23608825,-276436
2026-07-07 21:13:23.000 UTC,-7628685104012853249,7547887,-276436
2026-07-07 22:17:11.000 UTC,-7122722037102310970,7047795,-276435
2026-07-07 22:17:23.000 UTC,-9296889884465236683,9199836,-276434
2026-07-07 23:07:47.000 UTC,-9685591990575564553,9585377,-276433
2026-07-08 00:48:35.000 UTC,-7785880898456518657,7705985,-276432
2026-07-08 01:32:11.000 UTC,10000000000000000000,-9887381,-276433
2026-07-08 01:38:59.000 UTC,106662272656712354638,-105400492,-276444
2026-07-08 01:39:23.000 UTC,-9950739353028193087,9838181,-276443
2026-07-08 01:41:59.000 UTC,69733400000000000000,-68855412,-276450
2026-07-08 01:42:11.000 UTC,-107666939903286957739,106437640,-276439
2026-07-08 01:48:11.000 UTC,-8687471206574196297,8593204,-276438
2026-07-08 01:49:35.000 UTC,-48676961648666894006,48162379,-276433
2026-07-08 01:55:47.000 UTC,10893717719715163965,-10769784,-276434
2026-07-08 02:26:11.000 UTC,8417590453936192472,-8321036,-276435
2026-07-08 04:10:23.000 UTC,21999852730036278448,-21744245,-276437
2026-07-08 04:41:35.000 UTC,-24318134157410748959,24059921,-276435
2026-07-08 05:01:59.000 UTC,-7956674898661736449,7873442,-276434
2026-07-08 05:24:11.000 UTC,-7982848549622644737,7899962,-276434
2026-07-08 05:32:47.000 UTC,-5177554781260940116,5124129,-276433
2026-07-08 05:47:23.000 UTC,3943350006013333505,-3898781,-276433
2026-07-08 07:15:11.000 UTC,2343340700000000000000,-2290378024,-276663
2026-07-08 07:15:11.000 UTC,-2272055614502964257444,2222158756,-276440
2026-07-08 07:15:35.000 UTC,-3583000997495371166,3543595,-276440
2026-07-08 07:29:47.000 UTC,152483892498194179238,-150545731,-276455
2026-07-08 07:29:47.000 UTC,-152331097638133383387,150545331,-276440
2026-07-08 07:47:59.000 UTC,-1007053911332185685,996000,-276440
2026-07-08 07:51:11.000 UTC,-22046366748583226311,21806852,-276438
2026-07-08 08:03:23.000 UTC,-9736147121467293697,9631880,-276437
2026-07-08 09:00:59.000 UTC,8739963132340474779,-8637762,-276438
2026-07-08 09:42:23.000 UTC,-1735191393901144210,1716559,-276437
2026-07-08 09:46:11.000 UTC,50000000000000000000,-49401882,-276442
2026-07-08 09:53:11.000 UTC,-1384034643719268822,1368520,-276442
2026-07-08 10:10:23.000 UTC,-13369720727109506815,13220804,-276441
2026-07-08 10:31:47.000 UTC,-35151888276599363089,34768662,-276437
2026-07-08 10:43:23.000 UTC,-40223744228049132963,39800000,-276433
2026-07-08 11:16:47.000 UTC,-6684777071795514259,6615884,-276433
2026-07-08 11:17:47.000 UTC,-9140350193406784284,9046856,-276432
2026-07-08 11:29:23.000 UTC,-14179840238702537831,14036412,-276430
2026-07-08 11:35:11.000 UTC,-14159517440811220846,14017279,-276430
2026-07-08 11:38:11.000 UTC,-50148158996811848683,49644500,-276430
2026-07-08 12:22:35.000 UTC,90000000000000000000,-89003717,-276433
2026-07-08 12:23:11.000 UTC,100000000000000000000,-98822777,-276443
2026-07-08 12:53:47.000 UTC,-1042712773659600430,1030967,-276443
2026-07-08 13:12:59.000 UTC,-60051933286947896410,59393312,-276437
2026-07-08 14:03:59.000 UTC,-48605255638337823082,48097915,-276432
2026-07-08 15:14:23.000 UTC,100000000000000000000,-98832270,-276442
2026-07-08 15:22:59.000 UTC,50000000000000000000,-49379654,-276447
2026-07-08 15:27:11.000 UTC,-45804201788693073179,45280254,-276442
2026-07-08 15:27:47.000 UTC,-656167849111140099510,649514860,-276430
2026-07-08 15:27:47.000 UTC,566996216425617772955,-560743544,-276434
2026-07-08 16:02:23.000 UTC,50000000000000000000,-49421159,-276438
2026-07-08 16:12:11.000 UTC,7500000000000000000,-7411075,-276439
2026-07-08 16:13:11.000 UTC,25000000000000000000,-24699631,-276442
2026-07-08 16:18:59.000 UTC,25000000000000000000,-24693552,-276444
2026-07-08 16:21:47.000 UTC,22500000000000000000,-22219001,-276446
2026-07-08 16:23:35.000 UTC,-22292600543365715243,22036203,-276444
2026-07-08 16:29:35.000 UTC,-74790522863310108287,73965679,-276437
2026-07-08 18:29:47.000 UTC,25000000000000000000,-24705623,-276439
2026-07-08 19:20:59.000 UTC,-4468582911194032877709,4424256907,-276428
2026-07-08 19:23:23.000 UTC,2119012600000000000000,-2096069984,-276429
2026-07-08 19:26:23.000 UTC,-15841615096735284924581,15692616665,-276419
2026-07-08 19:26:23.000 UTC,557223785949137723950,-551698542,-276419
2026-07-08 19:41:35.000 UTC,25000000000000000000,-24751651,-276419
2026-07-08 19:43:11.000 UTC,-9321626105048254185,9238258,-276419
2026-07-08 19:48:47.000 UTC,596327099990000000000,-590391958,-276420
2026-07-08 19:55:11.000 UTC,25000000000000000000,-24750692,-276420
2026-07-08 19:58:59.000 UTC,10000000000000000000,-9900265,-276420
2026-07-08 20:00:59.000 UTC,30000000000000000000,-29700759,-276420
2026-07-08 20:06:11.000 UTC,10000000000000000000,-9900240,-276420
2026-07-08 21:04:11.000 UTC,-1824177902086631036609,1807891335,-276419
2026-07-08 21:04:23.000 UTC,197490853420697336021,-195542025,-276419
2026-07-08 23:13:59.000 UTC,5364861272297440279,-5311887,-276419
2026-07-09 00:04:35.000 UTC,47500000000000000000,-47030891,-276419
2026-07-09 00:16:47.000 UTC,100000000000000000000,-99011941,-276419
2026-07-09 00:44:47.000 UTC,11305968098325266617,-11194219,-276419
2026-07-09 01:10:11.000 UTC,-442981300407415237277,439047777,-276419
2026-07-09 01:40:47.000 UTC,4061591714658652273,-4021557,-276419
2026-07-09 02:52:59.000 UTC,11980465579529692345,-11862371,-276419
2026-07-09 04:07:11.000 UTC,-1316061330628865670,1304393,-276419
2026-07-09 04:32:47.000 UTC,12750000000000000000,-12624311,-276419
2026-07-09 06:02:47.000 UTC,-100815660507855906301,99922000,-276419
2026-07-09 06:37:59.000 UTC,-19139269995843227194,18969686,-276419
2026-07-09 06:39:35.000 UTC,-14313103850141089921,14186298,-276419
2026-07-09 07:43:47.000 UTC,-9402825936195724290,9319529,-276419
2026-07-09 07:47:59.000 UTC,-53275791344293299382,52803940,-276418
2026-07-09 07:57:59.000 UTC,-9390596579101233747,9307445,-276418
2026-07-09 07:58:11.000 UTC,-6542979017249652736,6485046,-276418
2026-07-09 08:05:23.000 UTC,-8927893327340780329,8848848,-276418
2026-07-09 08:17:11.000 UTC,-2270630200146395136,2250528,-276418
2026-07-09 08:27:35.000 UTC,-12529159912308514767269,12423167997,-276411
2026-07-09 09:39:59.000 UTC,420814086545250366923,-416997053,-276411
2026-07-09 09:43:59.000 UTC,8976721297689982422,-8895175,-276411
2026-07-09 09:44:35.000 UTC,5347744803719255818,-5299163,-276411
2026-07-09 10:15:59.000 UTC,6849097119527203605,-6786873,-276411
2026-07-09 11:26:59.000 UTC,9508391452157605077,-9422003,-276411
2026-07-09 13:57:59.000 UTC,25000000000000000000,-24772836,-276411
2026-07-09 14:54:11.000 UTC,50000000000000000000,-49545556,-276411
2026-07-09 14:59:59.000 UTC,20000000000000000000,-19818178,-276411
2026-07-09 15:00:59.000 UTC,20000000000000000000,-19818153,-276411
2026-07-09 15:22:59.000 UTC,50000000000000000000,-49545273,-276411
2026-07-09 15:48:47.000 UTC,21868370383278702592,-21669438,-276411
2026-07-09 18:12:47.000 UTC,-69891177536081739308,69324806,-276411
2026-07-09 19:38:47.000 UTC,-19554468163791186553,19396062,-276411
2026-07-09 20:43:59.000 UTC,-8071123667622314003,8005749,-276411
2026-07-09 21:09:11.000 UTC,-24230870446152093854,24034627,-276411
2026-07-09 22:33:59.000 UTC,-18364955009918154220,18216244,-276411
2026-07-10 01:49:35.000 UTC,-1062965495777829714073,1054394189,-276410
2026-07-10 01:49:35.000 UTC,-238361710997414346223,236449418,-276410
2026-07-10 01:50:11.000 UTC,-40928113732838454477,40600122,-276410
2026-07-10 01:50:11.000 UTC,-35425644435653579451,35141833,-276410
2026-07-10 01:51:35.000 UTC,-30652288200374654237,30406783,-276410
2026-07-10 02:33:11.000 UTC,6040738175395944164,-5986369,-276410
2026-07-10 03:49:23.000 UTC,-22699678118704023592,22517897,-276410
2026-07-10 04:33:23.000 UTC,6916682361492112820,-6854436,-276410
2026-07-10 05:27:11.000 UTC,6912629742265426682,-6850417,-276410
2026-07-10 05:32:11.000 UTC,2505741358906743407,-2483189,-276410
2026-07-10 05:32:23.000 UTC,2499687804951649770,-2477190,-276410
2026-07-10 05:56:23.000 UTC,-781237395028464046894,775000000,-276409
2026-07-10 08:20:59.000 UTC,-39352520339392670142,39039346,-276409
2026-07-10 11:17:47.000 UTC,7316467872277676567,-7250993,-276409
2026-07-10 11:37:35.000 UTC,16162937607780836758,-16018284,-276409
2026-07-10 13:52:59.000 UTC,-111876693322298287574,110986726,-276409
2026-07-10 14:19:47.000 UTC,252619326702318923754,-250358100,-276410
2026-07-10 14:19:47.000 UTC,162691642660987119152,-161233248,-276410
2026-07-10 16:59:23.000 UTC,-36226788783606628448,35937831,-276410
2026-07-10 17:03:35.000 UTC,962611425000000000,-953979,-276410
2026-07-10 18:22:47.000 UTC,3164959538989756893,-3136578,-276410
2026-07-10 18:34:59.000 UTC,11964923017688229087,-11857626,-276410
2026-07-10 18:51:35.000 UTC,10194521806807251974,-10103094,-276410
2026-07-10 18:54:35.000 UTC,3192243808158558537098,-3163293688,-276412
2026-07-10 18:56:47.000 UTC,12437743255857011451,-12323695,-276412
2026-07-10 19:06:23.000 UTC,250000000000000000000,-247705557,-276412
2026-07-10 19:25:59.000 UTC,250000000000000000000,-247701632,-276412
2026-07-10 19:45:11.000 UTC,864688499990000000000,-856708747,-276413
2026-07-10 20:13:59.000 UTC,-9610741176005033985,9531320,-276413
2026-07-11 00:47:47.000 UTC,153247313733955951916,-151828270,-276413
2026-07-11 01:25:23.000 UTC,-2320098887970422321961,2301073608,-276411
2026-07-11 01:45:11.000 UTC,78450307940691662389,-77734736,-276411
2026-07-11 02:49:47.000 UTC,-36148874221736451641,35854947,-276411
2026-07-11 04:59:35.000 UTC,-7550611908806764387,7489229,-276411
2026-07-11 04:59:47.000 UTC,-7970584133069963265,7905790,-276411
2026-07-11 05:24:23.000 UTC,-1361005245224119449893,1350000000,-276410
2026-07-11 05:40:11.000 UTC,36504822772311057618,-36174959,-276410
2026-07-11 08:26:11.000 UTC,48945361469794617635,-48502951,-276410
2026-07-11 09:09:35.000 UTC,26059036227495157927,-25823431,-276410
2026-07-11 09:43:23.000 UTC,6446920511478802271,-6388626,-276410
2026-07-11 10:01:35.000 UTC,90305286496874333663,-89488451,-276410
2026-07-11 11:03:23.000 UTC,-8829725681407378064,8758593,-276410
2026-07-11 11:04:11.000 UTC,-4378353289746196677,4343083,-276410
2026-07-11 13:03:35.000 UTC,22691349353160094301,-22486038,-276410
2026-07-11 13:51:11.000 UTC,-27519722400971231869,27298021,-276410
2026-07-11 14:09:35.000 UTC,-247491532512546137977,245499848,-276410
2026-07-11 14:36:23.000 UTC,-201945527068668516611,200323228,-276410
2026-07-11 15:24:59.000 UTC,-197215801201463050885,195633973,-276410
2026-07-11 20:45:11.000 UTC,500000000000000000000,-495488982,-276410
2026-07-11 22:22:59.000 UTC,173226282747039568419,-171659767,-276410
2026-07-11 22:28:11.000 UTC,7502028039968997781,-7434143,-276410
2026-07-11 23:09:35.000 UTC,53299460565181444147,-52817060,-276410
2026-07-11 23:21:23.000 UTC,20279361463777041869,-20095771,-276410
2026-07-11 23:22:23.000 UTC,365246589576727080454,-361935563,-276411
2026-07-11 23:23:59.000 UTC,4558105532734249904,-4516732,-276411
2026-07-11 23:24:47.000 UTC,40400659366070874132,-40033894,-276411
2026-07-11 23:29:35.000 UTC,114832232054489655044,-113789201,-276411
2026-07-11 23:29:47.000 UTC,14875756097024111910,-14740577,-276411
2026-07-11 23:33:35.000 UTC,32162895603234577373,-31870579,-276411
2026-07-11 23:41:35.000 UTC,14873928579695366575,-14738723,-276411
2026-07-12 00:29:23.000 UTC,6686997525067888209,-6626207,-276411
2026-07-12 01:36:59.000 UTC,-13366788812732361327,13258533,-276411
2026-07-12 01:38:59.000 UTC,-9434262497859568255,9357862,-276411
2026-07-12 02:08:11.000 UTC,10932690307660184947,-10833313,-276411
2026-07-12 02:08:23.000 UTC,5232172598038908943,-5184610,-276411
2026-07-12 02:08:47.000 UTC,4607636639199450688,-4565749,-276411
2026-07-12 06:06:35.000 UTC,51037935630303724680,-50573874,-276411
2026-07-12 06:07:59.000 UTC,85487271749348138669,-84709615,-276411
2026-07-12 06:11:35.000 UTC,3304403175712732728161,-3273992089,-276413
2026-07-12 06:13:11.000 UTC,101522990477921940870,-100577797,-276413
2026-07-12 06:26:59.000 UTC,34461031097322265426,-34140047,-276413
2026-07-12 08:08:35.000 UTC,-100696236956051308544,99858355,-276413
2026-07-12 08:14:35.000 UTC,-150843559327776981285,149589599,-276413
2026-07-12 08:15:23.000 UTC,-36447843344007270207,36145068,-276413
2026-07-12 10:53:59.000 UTC,-1542840699124188485,1530027,-276413
2026-07-12 11:22:47.000 UTC,-7887668877548118330,7822158,-276413
2026-07-12 11:33:11.000 UTC,-27229487034793152885,27003360,-276413
2026-07-12 12:13:47.000 UTC,-1010612746830773057972,1002253090,-276412
2026-07-12 12:14:35.000 UTC,-89970040362389846221,89228934,-276412
2026-07-12 13:33:47.000 UTC,-637260293379875235357,632025586,-276412
2026-07-12 13:33:59.000 UTC,-234125764335333066463,232208979,-276412
2026-07-12 14:58:47.000 UTC,-24774780300561921106,24572152,-276412
2026-07-12 15:06:59.000 UTC,-106926896639116284214,106052801,-276412
2026-07-12 16:47:11.000 UTC,54208051735999407842,-53711255,-276412
2026-07-12 16:54:47.000 UTC,1361425009619136884,-1348945,-276412
2026-07-12 20:12:11.000 UTC,-4031169762735277401,3998217,-276412
2026-07-12 20:18:35.000 UTC,-24696030730362596529,24494171,-276412
2026-07-12 20:20:23.000 UTC,-10731625261174494252,10643919,-276412
2026-07-12 20:27:59.000 UTC,-27034649709724943704,26813736,-276412
2026-07-12 20:28:11.000 UTC,5329527292864072466,-5280696,-276412
2026-07-12 20:28:11.000 UTC,12994369860618367176,-12875302,-276412
2026-07-12 21:22:11.000 UTC,16841347734262541619,-16687015,-276412
2026-07-12 21:32:47.000 UTC,4676664287349356822689,-4633118565,-276415
2026-07-12 21:49:47.000 UTC,7079146039119828110,-7012189,-276415
2026-07-12 21:50:23.000 UTC,70000000000000000000,-69337748,-276415
2026-07-12 21:54:47.000 UTC,14627473410640816792,-14489048,-276415
2026-07-12 22:00:47.000 UTC,37172826198707133092,-36820985,-276415
2026-07-12 22:00:47.000 UTC,14749116582791797433,-14609492,-276415
2026-07-12 22:03:23.000 UTC,65441478656131268580,-64821803,-276415
2026-07-12 23:33:23.000 UTC,-2471557248302056676,2450600,-276415
2026-07-12 23:36:11.000 UTC,-6446013493646738713,6391355,-276415
2026-07-12 23:36:59.000 UTC,-988759220533809787,980376,-276415
2026-07-13 00:03:59.000 UTC,-2348603772881902501888,2328862619,-276413
2026-07-13 00:04:23.000 UTC,-2678034034280279339150,2655947103,-276411
2026-07-13 00:05:11.000 UTC,-230058886082538096481,228182528,-276411
2026-07-13 00:10:11.000 UTC,-183896818876241894457,182399352,-276411
2026-07-13 00:10:47.000 UTC,-24219780905672263222,24022719,-276411
2026-07-13 00:10:47.000 UTC,-182633093602645676704,181148302,-276411
2026-07-13 00:11:11.000 UTC,-417878232461721183641,414488807,-276411
2026-07-13 00:11:47.000 UTC,-693797482587649835783,688194325,-276410
2026-07-13 00:12:59.000 UTC,-22066673735029872149,21888959,-276410
2026-07-13 00:37:59.000 UTC,6511526692583814969112,-6451301410,-276415
2026-07-13 00:37:59.000 UTC,1007535825028595567446,-997979275,-276415
2026-07-13 00:38:11.000 UTC,8766257737340483263588,-8680420805,-276421
2026-07-13 00:38:11.000 UTC,7792319286141903992,-7713874,-276421
2026-07-13 00:38:11.000 UTC,197483236897502795532,-195493899,-276421
2026-07-13 00:38:11.000 UTC,62737143637833938278,-62104651,-276421
2026-07-13 00:38:59.000 UTC,-720758353144672147583,714220890,-276420
2026-07-13 00:41:23.000 UTC,-3278084262177409561977,3248763029,-276418
2026-07-13 00:41:47.000 UTC,-387381513580551427137,383961137,-276418
2026-07-13 00:42:11.000 UTC,-1426514078998891940784,1414000000,-276417
2026-07-13 00:42:11.000 UTC,-1229998895891642056704,1219311416,-276416
2026-07-13 00:42:11.000 UTC,-1235160412571233574756,1224523770,-276416
2026-07-13 00:43:59.000 UTC,-1500121124896634753721,1487331724,-276415
2026-07-13 00:45:35.000 UTC,-3266583334024850934277,3239223298,-276413
2026-07-13 00:46:59.000 UTC,-137415376716788474059,136279129,-276413
2026-07-13 01:00:11.000 UTC,-1077468111787486347264,1068600000,-276412
2026-07-13 01:03:23.000 UTC,-1010672650828079249973,1002420667,-276411
2026-07-13 01:10:35.000 UTC,280693423883616199031,-278129712,-276411
2026-07-13 01:10:47.000 UTC,4254494185667904587622,-4215029967,-276414
2026-07-13 01:12:47.000 UTC,-3964556578845782932129,3931676640,-276412
2026-07-13 01:26:23.000 UTC,2170147952704262813922,-2150120671,-276413
2026-07-13 01:41:47.000 UTC,-9646231225438335518,9566121,-276413
2026-07-13 01:57:11.000 UTC,18973940475674786766,-18797546,-276413
2026-07-13 01:59:47.000 UTC,21836954688569314127,-21633916,-276413
2026-07-13 02:09:11.000 UTC,96507563980771207873,-95609883,-276413
2026-07-13 02:13:35.000 UTC,8368635717378399798,-8290766,-276413
2026-07-13 02:41:23.000 UTC,-17260659404328402944,17117168,-276413
2026-07-13 02:46:59.000 UTC,-10012304537939856431,9929079,-276413
2026-07-13 02:50:59.000 UTC,-36506341360387049425,36202941,-276413
2026-07-13 03:07:23.000 UTC,9875967630768188825830,-9781048132,-276419
2026-07-13 03:08:23.000 UTC,14235461464294702824,-14094224,-276419
2026-07-13 03:09:11.000 UTC,-1857677977555207823739,1841195298,-276418
2026-07-13 03:14:11.000 UTC,-513429670046202357741,508912393,-276418
2026-07-13 03:14:35.000 UTC,-1633723882736654154263,1619460206,-276417
2026-07-13 03:15:35.000 UTC,-5821240571777383237046,5771780526,-276413
2026-07-13 03:26:35.000 UTC,-2179719577084741135931,2161747910,-276412
2026-07-13 03:26:47.000 UTC,-1012143371643897701740,1003899899,-276411
2026-07-13 03:34:35.000 UTC,8160029236484807273,-8085735,-276411
2026-07-13 03:34:47.000 UTC,14965073226905575694,-14828810,-276411
2026-07-13 03:34:59.000 UTC,2484134978761051365,-2461514,-276411
2026-07-13 03:35:35.000 UTC,299916567675328441,-297185,-276411
2026-07-13 03:35:47.000 UTC,37929453964099107881,-37584023,-276411
2026-07-13 05:52:59.000 UTC,6457506779927743594,-6398688,-276411
2026-07-13 06:19:47.000 UTC,38022802217865835689,-37676415,-276411
2026-07-13 06:24:11.000 UTC,1007894566051374910179,-998679556,-276412
2026-07-13 06:32:59.000 UTC,6388221900754385297,-6329612,-276412
2026-07-13 06:33:11.000 UTC,6360907995135797040,-6302546,-276412
2026-07-13 06:44:59.000 UTC,3624297360931673618,-3591043,-276412
2026-07-13 07:58:59.000 UTC,38359178238927234647,-38007167,-276412
2026-07-13 08:07:59.000 UTC,10142234425029629508,-10049146,-276412
2026-07-13 10:21:59.000 UTC,7526797907773371007,-7457711,-276412
2026-07-13 10:33:35.000 UTC,16006252883832949452,-15859323,-276412
2026-07-13 10:38:11.000 UTC,10711540901040473823,-10613205,-276412
2026-07-13 10:38:47.000 UTC,10804189430764092776,-10704995,-276412
2026-07-13 10:44:23.000 UTC,61784355888768970750,-61216970,-276412
2026-07-13 10:46:11.000 UTC,1603534843880143963869,-1588725216,-276413
2026-07-13 10:46:59.000 UTC,97745340453245198726,-96837381,-276413
2026-07-13 10:50:59.000 UTC,1828192768253764258826,-1811100099,-276414
2026-07-13 10:57:35.000 UTC,14120840297063380556,-13988001,-276414
2026-07-13 11:31:11.000 UTC,-149788397430189056536,148528420,-276414
2026-07-13 11:38:47.000 UTC,12266549738952822064,-12151259,-276414
2026-07-13 12:52:59.000 UTC,6749176549401343454,-6685738,-276414
2026-07-13 13:01:35.000 UTC,18698076499628390036,-18522312,-276414
2026-07-13 13:13:59.000 UTC,24814697474415514494,-24581402,-276414
2026-07-13 13:21:35.000 UTC,132232808123333416123,-130988969,-276414
2026-07-13 13:42:11.000 UTC,2743023950605130025175,-2716974333,-276416
2026-07-13 13:56:23.000 UTC,-1871276817142012017051,1855309604,-276415
2026-07-13 14:00:47.000 UTC,-1378364659532855676238,1366744160,-276414
2026-07-13 14:00:59.000 UTC,-368161559487954089000,365077935,-276414
2026-07-13 14:02:23.000 UTC,-1029960630571212362298,1021379225,-276413
2026-07-13 14:03:35.000 UTC,15211005811830305240,-15069675,-276413
2026-07-13 14:26:35.000 UTC,-1655911466307435819697,1642253037,-276412
2026-07-13 14:50:59.000 UTC,-65252958443805284501,64718266,-276412
2026-07-13 15:00:47.000 UTC,-141129276069288974342,139973756,-276412
2026-07-13 16:06:23.000 UTC,-1487099735474343358016,1475000000,-276411
2026-07-13 16:16:11.000 UTC,1561002441611565489534,-1546749898,-276412
2026-07-13 16:32:35.000 UTC,10364441696657020998,-10269299,-276412
2026-07-13 16:44:23.000 UTC,213556317666490138,-211595,-276412
2026-07-13 16:49:35.000 UTC,227159338240191857,-225074,-276412
2026-07-13 17:26:47.000 UTC,9386136101037594364,-9299967,-276412
2026-07-13 17:37:11.000 UTC,32078509450303031475,-31783975,-276412
2026-07-13 17:52:11.000 UTC,587110466587926998846,-581708395,-276412
2026-07-13 17:52:11.000 UTC,625738670829259221523,-619957348,-276413
2026-07-13 17:59:23.000 UTC,230440334398557006483,-228305056,-276413
2026-07-13 18:44:23.000 UTC,-114308027098384073730,113361757,-276413
2026-07-13 19:24:59.000 UTC,-319528596113071719678,316887818,-276412
2026-07-13 19:52:47.000 UTC,-147195972421341098626,145981616,-276412
2026-07-13 20:56:23.000 UTC,-10528373133462136556,10441568,-276412
2026-07-13 21:28:47.000 UTC,2104278086320298900,-2084842,-276412
2026-07-13 21:48:47.000 UTC,2126068491956801853,-2106431,-276412
2026-07-13 22:10:11.000 UTC,-7282417368814393013,7222377,-276412
2026-07-13 22:37:11.000 UTC,190594162016587291,-188833,-276412
2026-07-13 22:39:23.000 UTC,-25035685655159651001,24829300,-276412
2026-07-13 23:27:59.000 UTC,-179526476599792826232,178047674,-276412
2026-07-13 23:39:59.000 UTC,111656848623040770017,-110626633,-276412
2026-07-13 23:48:11.000 UTC,-19345230044931194294,19185864,-276412
2026-07-14 00:03:11.000 UTC,-4224296396306187513,4189500,-276412
2026-07-14 00:16:11.000 UTC,-12631287558212512606,12527248,-276412
2026-07-14 00:22:23.000 UTC,-7765002809027592192,7701050,-276412
2026-07-14 00:36:11.000 UTC,-359452583297904944716,356496250,-276412
2026-07-14 01:18:23.000 UTC,-108139402167374826857,107251595,-276412
2026-07-14 01:18:23.000 UTC,-93194329555096184410,92429809,-276412
2026-07-14 01:25:11.000 UTC,-69604415124683614549,69033772,-276412
2026-07-14 01:33:59.000 UTC,-35988750246658591747,35693820,-276412
2026-07-14 01:58:59.000 UTC,-21205539645263099362,21031797,-276412
2026-07-14 02:26:59.000 UTC,5444117600819277334,-5394117,-276412
2026-07-14 03:41:47.000 UTC,-9205363350651797505,9129947,-276412
2026-07-14 04:03:59.000 UTC,4209000047376323470,-4170344,-276412
2026-07-14 04:50:35.000 UTC,-8094559817623639902,8028247,-276412
2026-07-14 04:53:35.000 UTC,-6037014591127420929,5987560,-276412
2026-07-14 05:08:59.000 UTC,-40592270566167423518,40259801,-276412
2026-07-14 06:17:59.000 UTC,18861658135664947519,-18688482,-276412
2026-07-14 06:58:11.000 UTC,13738092240029204946,-13611944,-276412
2026-07-14 07:29:35.000 UTC,210000000000000000000,-208070227,-276412
2026-07-14 09:50:47.000 UTC,2104130148889343627,-2084780,-276412
2026-07-14 10:04:23.000 UTC,-15336215710435036261,15210397,-276412
2026-07-14 10:10:47.000 UTC,2103839581849010414,-2084494,-276412
2026-07-14 10:12:11.000 UTC,-1812193325272275811,1797327,-276412
2026-07-14 10:12:35.000 UTC,-1809559203520361506,1794715,-276412
2026-07-14 10:16:35.000 UTC,-1811694573900761641,1796833,-276412
2026-07-14 10:19:23.000 UTC,-1816053284799307858,1801156,-276412
2026-07-14 10:19:59.000 UTC,-1061391201634367950,1052685,-276412
2026-07-14 10:20:59.000 UTC,-1055977032688086169,1047315,-276412
2026-07-14 10:23:23.000 UTC,-1808687763552110388,1793851,-276412
2026-07-14 10:26:23.000 UTC,-1810434754674254178,1795584,-276412
2026-07-14 10:28:47.000 UTC,-556095365487640555,551534,-276412
2026-07-14 10:39:11.000 UTC,-1806479076184508970,1791661,-276412
2026-07-14 10:40:47.000 UTC,-93296310661664131593,92531296,-276412
2026-07-14 10:41:23.000 UTC,-183216613049177036868,181715859,-276412
2026-07-14 10:41:23.000 UTC,-1813913005228065835,1799066,-276412
2026-07-14 10:45:47.000 UTC,7000000000000000000000,-6934223850,-276416
2026-07-14 10:45:59.000 UTC,-2402543731791154169842,2382002795,-276415
2026-07-14 10:46:59.000 UTC,-434370339586623333511,430695353,-276414
2026-07-14 10:47:11.000 UTC,-173784386750019272704,172317408,-276414
2026-07-14 10:47:11.000 UTC,-1812163587388413294,1796877,-276414
2026-07-14 10:48:59.000 UTC,7372961400000000000000,-7301749742,-276419
2026-07-14 10:48:59.000 UTC,-4421685274280055234408,4382951168,-276416
2026-07-14 10:49:11.000 UTC,-304188438328113102848,301568911,-276416
2026-07-14 10:49:59.000 UTC,-452739885342184701952,448851872,-276416
2026-07-14 10:50:23.000 UTC,-107698561363971809820,106775571,-276416
2026-07-14 10:50:23.000 UTC,-184877796068767563776,183295071,-276415
2026-07-14 10:54:11.000 UTC,-1812869901789649659,1797361,-276415
2026-07-14 10:54:47.000 UTC,-1816290655233459764,1800753,-276415
2026-07-14 10:55:11.000 UTC,-72213669464357706102,71596054,-276415
2026-07-14 10:55:23.000 UTC,-313582547411768213006,310904397,-276415
2026-07-14 10:55:35.000 UTC,-93068103744804674750,92274446,-276415
2026-07-14 10:55:59.000 UTC,-217261210374097733401,215410588,-276415
2026-07-14 10:56:47.000 UTC,-1818701722567358249,1803223,-276415
2026-07-14 10:58:11.000 UTC,-655708519068308865024,650141286,-276415
2026-07-14 10:59:11.000 UTC,-921107218477832483,913306,-276415
2026-07-14 10:59:59.000 UTC,-42676810959959998380,42315407,-276415
2026-07-14 11:14:11.000 UTC,-14867831811669869247,14741952,-276415
2026-07-14 11:28:11.000 UTC,-153305849665644387029,152008683,-276414
2026-07-14 11:28:11.000 UTC,-142998745491022208857,141790123,-276414
2026-07-14 11:28:47.000 UTC,-68367662701925629952,67790276,-276414
2026-07-14 11:34:59.000 UTC,-29729910407714308096,29478924,-276414
2026-07-14 11:35:47.000 UTC,-10751577353596951410,10660824,-276414
2026-07-14 11:53:59.000 UTC,-13174867834268464345,13063669,-276414
2026-07-14 11:58:23.000 UTC,-1087017115609235752,1077843,-276414
2026-07-14 12:05:11.000 UTC,-8878405808442834945,8803477,-276414
2026-07-14 12:10:47.000 UTC,-14207035178884592569,14087146,-276414
2026-07-14 12:18:35.000 UTC,-11840122234734694790,11740217,-276414
2026-07-14 12:21:59.000 UTC,-7680154570453942272,7615355,-276414
2026-07-14 12:22:35.000 UTC,-65400437347082499625,64848784,-276414
2026-07-14 12:23:59.000 UTC,-10406891094321843311,10319134,-276414
2026-07-14 12:24:35.000 UTC,-150813932981267202048,149542939,-276414
2026-07-14 12:24:59.000 UTC,-400333212315707154350,396966314,-276414
2026-07-14 12:26:35.000 UTC,-209871883698936574364,208110837,-276414
2026-07-14 12:30:35.000 UTC,-438529444294467176863,434858658,-276413
2026-07-14 12:30:59.000 UTC,-195717660680159848155,194083275,-276413
2026-07-14 12:31:23.000 UTC,-837405743478812286927,830439992,-276413
2026-07-14 12:31:35.000 UTC,-213701445178765636601,211930886,-276413
2026-07-14 12:31:59.000 UTC,-74136232054134241308,73522670,-276413
2026-07-14 12:33:11.000 UTC,-279233858179871177262,276925979,-276412
2026-07-14 12:33:35.000 UTC,-504154436927754417921,499999999,-276412
2026-07-14 12:37:59.000 UTC,-145010186976304389860,143818205,-276412
2026-07-14 12:46:23.000 UTC,-159484188361416207325,158174757,-276412
2026-07-14 12:46:47.000 UTC,-205608391732730534686,203922622,-276412
2026-07-14 12:47:23.000 UTC,-226449550990164979961,224595982,-276412
2026-07-14 12:48:11.000 UTC,-125736388132755318946,124708585,-276412
2026-07-14 12:48:11.000 UTC,-182707063213478720996,181215338,-276411
2026-07-14 12:48:47.000 UTC,-57283825443100372422,56816561,-276411
2026-07-14 12:49:59.000 UTC,-177514614785570745015,176067934,-276411
2026-07-14 12:49:59.000 UTC,-71102691532251967680,70523786,-276411
2026-07-14 12:53:59.000 UTC,-98614760906542804419,97812384,-276411
2026-07-14 12:56:23.000 UTC,-1061565701509073901570,1052967022,-276411
2026-07-14 12:59:23.000 UTC,-359299154162997748517,356404889,-276410
2026-07-14 13:08:23.000 UTC,-420881254057746122998,417501252,-276410
2026-07-14 13:16:59.000 UTC,-1986718865456159861,1970791,-276410
2026-07-14 13:18:47.000 UTC,-69231782084334321664,68676874,-276410
2026-07-14 13:20:59.000 UTC,-461589498540047836991,457897456,-276410
2026-07-14 13:20:59.000 UTC,-47691857999843057372,47311157,-276410
2026-07-14 13:21:35.000 UTC,-38991757660654337787,38680612,-276410
2026-07-14 13:21:35.000 UTC,-38991006712125237859,38679962,-276410
2026-07-14 13:21:35.000 UTC,-146386105644790040776,145219187,-276410
2026-07-14 13:50:47.000 UTC,-21663557755303100417,21490982,-276410
2026-07-14 13:57:35.000 UTC,-25153712899968899278,24953370,-276409
2026-07-14 14:05:11.000 UTC,686535499651543,-680,-276409
2026-07-14 14:40:59.000 UTC,-33069192092456058881,32805865,-276409
2026-07-14 15:04:11.000 UTC,-190519735477537341441,189003981,-276409
2026-07-14 15:06:59.000 UTC,-1527222737473695504,1515082,-276409
2026-07-14 15:17:35.000 UTC,-765136409659364056008,759072139,-276409
2026-07-14 15:26:59.000 UTC,-89742769079239835648,89033905,-276409
2026-07-14 15:56:23.000 UTC,5028364306106039293,-4983672,-276409
2026-07-14 18:19:59.000 UTC,10444858355049364467,-10352018,-276409
2026-07-14 18:52:23.000 UTC,-24318008622684569601,24125988,-276409
2026-07-14 18:53:35.000 UTC,-23885242254731298078,23696676,-276409
2026-07-14 19:16:35.000 UTC,-14985689174363177400,14867400,-276409
2026-07-14 20:56:59.000 UTC,-12992833585732665551,12890287,-276409
2026-07-14 21:15:35.000 UTC,-5037634192191385452,4997877,-276409
2026-07-14 21:54:11.000 UTC,-9174791996497491535,9102389,-276409
2026-07-14 21:54:23.000 UTC,-9173669287593782740,9101280,-276409
2026-07-14 22:00:47.000 UTC,-12985901734546756666,12883439,-276409
2026-07-14 22:01:47.000 UTC,-12896574104474305890,12794827,-276409
2026-07-14 22:58:47.000 UTC,-4222813417979160153,4189500,-276409
2026-07-14 23:12:59.000 UTC,-32533951568913228885,32277330,-276409
2026-07-14 23:42:35.000 UTC,-12252614127185541454,12155985,-276409
2026-07-14 23:55:47.000 UTC,-29381197443723006208,29149524,-276409
2026-07-14 23:57:11.000 UTC,-17058396237947118308,16923915,-276409
2026-07-15 00:16:35.000 UTC,-6341163361618624512,6291177,-276409
2026-07-15 00:31:59.000 UTC,202512738921714442467,-200714236,-276409
2026-07-15 00:41:23.000 UTC,-1439130024730682002,1427768,-276409
2026-07-15 00:42:35.000 UTC,8483648349984577025,-8408250,-276409
2026-07-15 01:04:59.000 UTC,2801383390187858010,-2776485,-276409
2026-07-15 01:40:35.000 UTC,111290684890074055721,-110301154,-276409
2026-07-15 01:41:11.000 UTC,-3026108307408328464,3002194,-276409
2026-07-15 01:42:11.000 UTC,94397209981976528488,-93557294,-276409
2026-07-15 01:43:59.000 UTC,357179648751355250772,-353996513,-276409
2026-07-15 01:43:59.000 UTC,221650303621709675401,-219670957,-276409
2026-07-15 01:44:35.000 UTC,3908551342200191491,-3873620,-276409
2026-07-15 01:49:47.000 UTC,12014999545093946701,-11907614,-276409
2026-07-15 01:54:47.000 UTC,7254546421205037563,-7189703,-276409
2026-07-15 02:29:59.000 UTC,89261866239214013262,-88463752,-276409
2026-07-15 02:41:59.000 UTC,9505196914695690200,-9420178,-276409
2026-07-15 02:45:11.000 UTC,6214867088470493300,-6159276,-276409
2026-07-15 02:46:35.000 UTC,27778692639992437177,-27530186,-276409
2026-07-15 02:48:11.000 UTC,8676976499129010018,-8599343,-276409
2026-07-15 02:59:23.000 UTC,8468033632630698501,-8392265,-276409
2026-07-15 03:01:11.000 UTC,4945892958204733202,-4901636,-276409
2026-07-15 03:05:11.000 UTC,7197222070872598261,-7132818,-276409
2026-07-15 03:55:11.000 UTC,178158371519767428469,-176563100,-276410
2026-07-15 05:03:23.000 UTC,-453607894814685402849,450000000,-276409
2026-07-15 05:58:23.000 UTC,4180511260725500315,-4143173,-276409
2026-07-15 06:10:23.000 UTC,-24583413631567478316,24388247,-276409
2026-07-15 06:59:47.000 UTC,170211503966131827278,-168690599,-276409
2026-07-15 07:01:11.000 UTC,156233852114541957297,-154836241,-276409
2026-07-15 07:09:35.000 UTC,5119272320849773551,-5073451,-276409
2026-07-15 07:21:47.000 UTC,117559059079710892836,-116505515,-276410
2026-07-15 07:21:47.000 UTC,115794591637705020591,-114757709,-276410
2026-07-15 07:23:47.000 UTC,139868373645981611190,-138613766,-276410
2026-07-15 07:33:47.000 UTC,22184274901241644365,-21985171,-276410
2026-07-15 09:41:11.000 UTC,1760247453995400000000,-1744350703,-276411
2026-07-15 10:45:47.000 UTC,33892857614581778236,-33584862,-276411
2026-07-15 12:49:59.000 UTC,-73912833072288831205,73314554,-276411
2026-07-15 12:51:35.000 UTC,-33546143777382367570,33274722,-276411
2026-07-15 12:53:23.000 UTC,-776122040210908464449,769862186,-276410
2026-07-15 12:53:59.000 UTC,-71829251238263056703,71251824,-276410
2026-07-15 12:57:11.000 UTC,-78750657797458501065,78117963,-276410
2026-07-15 12:58:11.000 UTC,-174865667857134510280,173462166,-276410
2026-07-15 13:01:23.000 UTC,32105872878602185755,-31816489,-276410
2026-07-15 13:03:11.000 UTC,-153725718072007620679,152493167,-276410
2026-07-15 13:03:47.000 UTC,-40915980279388349492,40588173,-276410
2026-07-15 13:21:35.000 UTC,-27401561352425417380,27182087,-276410
2026-07-15 13:51:23.000 UTC,41355410961418138252,-40983139,-276410
2026-07-15 14:12:23.000 UTC,-37971071884538267839,37666919,-276410
2026-07-15 14:37:59.000 UTC,1000000000000000000000,-990967913,-276411
2026-07-15 14:58:59.000 UTC,-12031941378756483039,11934827,-276411
2026-07-15 16:37:35.000 UTC,59958884201299068067,-59415380,-276411
2026-07-15 17:00:47.000 UTC,12566689516252487157,-12452748,-276411
2026-07-15 17:02:47.000 UTC,7766911715268207843,-7696485,-276411
2026-07-15 18:19:47.000 UTC,-14000069092949631699,13887010,-276411
2026-07-15 19:13:35.000 UTC,2919204393766284323748,-2892468665,-276412
2026-07-15 23:47:23.000 UTC,22692803820214546632,-22482874,-276412
2026-07-16 00:51:11.000 UTC,2112672326759582704,-2093126,-276412
2026-07-16 00:56:35.000 UTC,6940901179608424772,-6876683,-276412
2026-07-16 01:18:47.000 UTC,20804707389453223263,-20612204,-276412
2026-07-16 03:01:47.000 UTC,-38795751345982376294,38475267,-276412
2026-07-16 05:53:47.000 UTC,10905256985816470440,-10804367,-276412
2026-07-16 06:22:11.000 UTC,9125777222371542756,-9041344,-276412
2026-07-16 06:37:47.000 UTC,18489564661544851044,-18318482,-276412
2026-07-16 07:32:11.000 UTC,21268351281763550148,-21071530,-276413
2026-07-16 07:45:35.000 UTC,300000000000000000000,-297220720,-276413
2026-07-16 08:10:35.000 UTC,152444683259900730162,-151030229,-276413
2026-07-16 08:14:47.000 UTC,132603639977985187944,-131372094,-276413
2026-07-16 08:15:23.000 UTC,38249798500817033769,-37894351,-276413
2026-07-16 08:15:47.000 UTC,339514907276786170176,-336355842,-276413
2026-07-16 09:53:59.000 UTC,-953819384152448267,945880,-276413
2026-07-16 10:02:23.000 UTC,70266072754688343656,-69611372,-276413
2026-07-16 10:05:23.000 UTC,494779449590172368641,-490160590,-276413
2026-07-16 10:19:11.000 UTC,10777928364978882003,-10677143,-276413
2026-07-16 11:00:11.000 UTC,-1815174765509223186,1800000,-276413
2026-07-16 11:00:59.000 UTC,3625860847061530775,-3591953,-276413
2026-07-16 11:29:59.000 UTC,-3291717909627552857,3264200,-276413
2026-07-16 11:52:23.000 UTC,1000000000000000000000,-990617305,-276414
2026-07-16 12:00:59.000 UTC,5102294405474896221,-5054260,-276414
2026-07-16 12:09:35.000 UTC,81171846674033928158,-80407455,-276414
2026-07-16 12:37:47.000 UTC,420496277459658906000,-416529862,-276414
2026-07-16 12:40:47.000 UTC,14690744521913460939,-14551970,-276414
2026-07-16 15:41:47.000 UTC,1351027299990000000000,-1338207098,-276415
2026-07-16 15:46:47.000 UTC,813654018804933256849,-805877795,-276416
2026-07-16 16:47:47.000 UTC,10000000000000000000,-9904169,-276416
2026-07-16 16:49:23.000 UTC,13038896322902191974,-12913935,-276416
2026-07-16 17:10:11.000 UTC,7317757100849201876,-7247621,-276416
2026-07-16 17:18:23.000 UTC,27387210015508111180,-27124691,-276416
2026-07-16 18:28:23.000 UTC,8373085660938993350,-8292816,-276416
2026-07-16 19:00:11.000 UTC,-11726795563793699493,11626000,-276416
2026-07-16 19:00:59.000 UTC,11726795563793699493,-11614376,-276416
2026-07-16 22:28:35.000 UTC,-673954066382497835767,668175243,-276415
2026-07-16 22:28:35.000 UTC,625644078060169751418,-619660319,-276416
2026-07-16 23:17:59.000 UTC,41677351566156727328,-41277870,-276416
2026-07-16 23:20:59.000 UTC,6662644538535599638,-6598772,-276416
2026-07-16 23:21:11.000 UTC,7428861116811991434,-7357640,-276416
2026-07-17 00:38:11.000 UTC,36372142865822157227,-36023391,-276416
2026-07-17 00:38:23.000 UTC,92929800962869921145,-92038372,-276416
2026-07-17 01:24:11.000 UTC,2392945996177689041,-2369984,-276416
2026-07-17 01:36:59.000 UTC,46200596783603849414,-45757209,-276416
2026-07-17 01:59:47.000 UTC,14108099231805462517,-13972677,-276416
2026-07-17 02:01:11.000 UTC,4610503468227210986,-4566245,-276416
2026-07-17 02:11:11.000 UTC,11822684427808080032,-11709186,-276416
2026-07-17 05:31:59.000 UTC,121583719022169294059,-120416006,-276416
2026-07-17 06:53:11.000 UTC,-2359117422776025088,2338790,-276416
2026-07-17 07:28:35.000 UTC,6713596167956223024,-6649091,-276416
2026-07-17 07:32:59.000 UTC,2728406520798767044,-2702191,-276416
2026-07-17 08:19:35.000 UTC,3013426129129131700,-2984471,-276416
2026-07-17 08:58:59.000 UTC,-9512908139869180839,9430934,-276416
2026-07-17 09:04:47.000 UTC,-14064426233522549098,13943241,-276416
2026-07-17 09:12:47.000 UTC,12347154844982203994,-12228529,-276416
2026-07-17 09:20:47.000 UTC,8033362305117220647,-7956176,-276416
2026-07-17 09:23:47.000 UTC,-3346749553625799095,3317910,-276416
2026-07-17 10:00:35.000 UTC,-20214063535667107955,20039890,-276416
2026-07-17 10:02:11.000 UTC,-40488043841336137008,40139258,-276416
2026-07-17 10:49:23.000 UTC,8998714916385010103,-8912284,-276416
2026-07-17 11:06:47.000 UTC,6940411015348748210,-6873746,-276416
2026-07-17 12:11:35.000 UTC,3733155950139453274,-3697297,-276416
2026-07-17 13:07:59.000 UTC,20335206845169434819,-20139861,-276416
2026-07-17 13:11:47.000 UTC,38946642095965186070,-38572437,-276416
2026-07-17 13:35:23.000 UTC,33008988778207561802,-32691759,-276416
2026-07-17 13:38:59.000 UTC,29333710245762119971,-29051744,-276416
2026-07-17 16:10:35.000 UTC,-256620249199692572682,254409700,-276416
2026-07-17 16:10:35.000 UTC,-166366981371154238642,164936095,-276416
2026-07-17 16:19:35.000 UTC,-137407986720679415045,136227481,-276416
2026-07-17 16:19:35.000 UTC,-185412877612662031160,183821831,-276416
2026-07-17 16:19:47.000 UTC,-26010426976538709449,25787402,-276416
2026-07-17 16:50:35.000 UTC,-28138711473648041984,27897486,-276416
2026-07-17 17:06:11.000 UTC,-36106216208615969793,35796760,-276416
2026-07-17 17:06:59.000 UTC,-166309058282866599211,164884726,-276415
2026-07-17 17:07:47.000 UTC,-125063929905795365678,123993981,-276415
2026-07-17 17:08:47.000 UTC,-16979182769930405676,16833998,-276415
2026-07-17 17:09:23.000 UTC,-144097027146180119338,142865619,-276415
2026-07-17 17:10:23.000 UTC,-160357983081920987136,158989149,-276415
2026-07-17 17:11:59.000 UTC,-261744902149371495672,259514090,-276415
2026-07-17 17:11:59.000 UTC,-37370508146202371753,37052357,-276415
2026-07-17 17:11:59.000 UTC,-93414520687995320860,92619625,-276415
2026-07-17 17:11:59.000 UTC,-502695484996053140620,498427298,-276415
2026-07-17 18:02:47.000 UTC,8607683327113108715,-8526200,-276415
2026-07-17 18:20:47.000 UTC,-5738879045242021757,5690242,-276415
2026-07-17 19:04:59.000 UTC,2361729525916238447,-2339372,-276415
2026-07-17 19:10:59.000 UTC,7765642619752791974,-7692128,-276415
2026-07-17 19:12:23.000 UTC,-7860953655471011258,7794330,-276415
2026-07-17 20:06:11.000 UTC,6121309653566331341,-6063361,-276415
2026-07-17 20:24:35.000 UTC,3074815875981335903,-3045706,-276415
2026-07-17 21:28:11.000 UTC,320308474607455665904,-317272901,-276415
2026-07-17 21:30:11.000 UTC,153910879786771590529,-152449970,-276415
2026-07-17 21:30:35.000 UTC,204449122043820752437,-202506208,-276415
2026-07-17 21:30:35.000 UTC,-21398980852427920222,21216712,-276415
2026-07-17 21:30:35.000 UTC,121563960785924445708,-120407638,-276415
2026-07-17 21:31:23.000 UTC,-39823099470422417706,39483672,-276415
2026-07-17 21:35:35.000 UTC,-414527255727099811538,411000000,-276415
2026-07-17 21:35:47.000 UTC,-18559261846525242148,18401592,-276415
2026-07-17 21:35:59.000 UTC,-313661432523227833450,311000000,-276415
2026-07-17 21:36:35.000 UTC,316782350648166976598,-313780391,-276415
2026-07-17 21:40:23.000 UTC,84247612464636687433,-83448187,-276415
2026-07-17 21:40:23.000 UTC,50157137929160597165,-49680985,-276415
2026-07-17 21:41:23.000 UTC,51281126947962688741,-50794140,-276415
2026-07-17 21:43:35.000 UTC,3129582289262889396,-3099857,-276415
2026-07-17 21:46:59.000 UTC,35141098285090513857,-34807282,-276415
2026-07-17 21:47:47.000 UTC,-51437608000623354181,51000000,-276415
2026-07-17 21:47:47.000 UTC,35267935637026143487,-34932950,-276415
2026-07-17 21:51:35.000 UTC,6434843388114233796,-6373714,-276415
2026-07-17 21:52:47.000 UTC,-37133055811589197388,36817151,-276415
2026-07-17 22:08:35.000 UTC,6874143834329003821,-6808855,-276415
2026-07-17 22:51:59.000 UTC,3495274134152813306,-3462076,-276415
2026-07-18 00:00:23.000 UTC,-7444983593407549642,7381652,-276415
2026-07-18 00:13:59.000 UTC,-12100456513138933426,11997530,-276415
2026-07-18 00:31:23.000 UTC,-6276012591650750359,6222633,-276415
2026-07-18 00:32:47.000 UTC,-16707648682379681338,16565555,-276415
2026-07-18 00:34:47.000 UTC,-7136882950945897502,7076192,-276415
2026-07-18 00:44:47.000 UTC,-10630949639839292812,10540551,-276415
2026-07-18 00:47:35.000 UTC,-18748884950537339800,18589473,-276415
2026-07-18 00:51:35.000 UTC,-7520571695875831188,7456635,-276415
2026-07-18 00:51:47.000 UTC,-4637663203632106705,4598238,-276415
2026-07-18 00:52:23.000 UTC,-9572354505082960615,9490982,-276415
2026-07-18 00:52:35.000 UTC,-9626373686960535300,9544548,-276415
2026-07-18 00:53:23.000 UTC,-3741508966899777537,3709707,-276415
2026-07-18 00:57:47.000 UTC,467200347285209328803,-462759322,-276415
2026-07-18 00:59:23.000 UTC,12343097210746249100,-12225582,-276415
2026-07-18 01:00:23.000 UTC,2398727989185514478,-2375889,-276415
2026-07-18 01:02:47.000 UTC,10955669519756900798,-10851354,-276415
2026-07-18 01:03:23.000 UTC,8955683947900238670,-8870406,-276415
2026-07-18 01:03:35.000 UTC,5339005296253152681,-5288164,-276415
2026-07-18 01:13:47.000 UTC,-10715095744969317728,10623683,-276415
2026-07-18 01:15:35.000 UTC,-5920503052447457382,5869997,-276415
2026-07-18 01:45:35.000 UTC,-5429952179660128257,5383633,-276415
2026-07-18 02:39:35.000 UTC,-8595991998445803397,8522670,-276415
2026-07-18 02:45:47.000 UTC,-9382048700465456451,9302027,-276415
2026-07-18 03:11:47.000 UTC,5637699410423865233,-5584026,-276415
2026-07-18 03:12:11.000 UTC,7709942315967706392,-7636537,-276415
2026-07-18 04:49:35.000 UTC,-4673562672522011605,4633702,-276415
2026-07-18 04:49:35.000 UTC,-8812440656218446727,8737275,-276415
2026-07-18 05:27:35.000 UTC,-975214074047453451627,966926332,-276415
2026-07-18 05:28:35.000 UTC,3120015502777637879,-3090502,-276415
2026-07-18 06:11:23.000 UTC,-6781646135872795084,6724222,-276415
2026-07-18 07:23:59.000 UTC,-1815371552612150329,1800000,-276415
2026-07-18 07:24:47.000 UTC,5162121106237949424,-5113293,-276415
2026-07-18 07:30:23.000 UTC,37454055472521705705,-37099733,-276415
2026-07-18 07:30:59.000 UTC,30124750076136223716,-29839700,-276415
2026-07-18 07:50:11.000 UTC,46801972893052581034,-46359006,-276415
2026-07-18 09:16:35.000 UTC,-1815385096725207662,1800000,-276415
2026-07-18 09:58:59.000 UTC,122448495570748612009,-121288920,-276415
2026-07-18 10:12:47.000 UTC,37321451257214289066,-36967833,-276415
2026-07-18 10:18:59.000 UTC,56121122816193279916,-55589215,-276415
2026-07-18 10:19:11.000 UTC,157345591064682287528,-155853238,-276415
2026-07-18 10:21:35.000 UTC,40779402128270739844,-40392374,-276415
2026-07-18 11:28:23.000 UTC,109239451175126055459,-108202170,-276415
2026-07-18 11:29:11.000 UTC,-88299791003077612034,87548812,-276415
2026-07-18 11:34:59.000 UTC,113994287399296380537,-112911690,-276415
2026-07-18 11:41:35.000 UTC,112564186977658931750,-111494371,-276415
2026-07-18 11:48:59.000 UTC,-4696364351503641642,4656370,-276415
2026-07-18 12:01:35.000 UTC,-7041329428428750849,6981367,-276415
2026-07-18 12:14:11.000 UTC,-10456682385017149419,10367641,-276415
2026-07-18 12:24:11.000 UTC,-8082432259718162201,8013613,-276415
2026-07-18 12:46:47.000 UTC,-13522348109335319662,13407219,-276415
2026-07-18 13:06:35.000 UTC,-7132163452062660287,7071445,-276415
2026-07-18 13:39:35.000 UTC,5337035116970630536,-5286309,-276415
2026-07-18 13:59:35.000 UTC,-8350808093858264887,8279716,-276415
2026-07-18 14:46:35.000 UTC,-10548923564069580081,10459125,-276415
2026-07-18 14:46:59.000 UTC,-7407191513448402994,7344142,-276415
2026-07-18 14:49:23.000 UTC,-10085845757238296137,10000000,-276415
2026-07-18 17:47:35.000 UTC,-147200082909294478897,145947916,-276415
2026-07-18 18:24:59.000 UTC,-97921412913313494574,97089193,-276415
2026-07-18 18:24:59.000 UTC,-93657556474187245584,92862139,-276415
2026-07-18 18:25:11.000 UTC,-280465619136848688466,278086969,-276415
2026-07-18 18:26:11.000 UTC,-15881729794471315787,15747184,-276415
2026-07-18 18:26:23.000 UTC,-13864149165225815819,13746709,-276415
2026-07-18 19:07:23.000 UTC,-6569340366871330817,6513697,-276415
2026-07-18 19:20:47.000 UTC,-7955367797451954512,7887988,-276415
2026-07-18 20:03:35.000 UTC,-9465599873845822950,9385435,-276415
2026-07-18 20:44:11.000 UTC,5003774323270506908,-4956437,-276415
2026-07-18 21:10:47.000 UTC,-7702726796030800441,7637493,-276415
2026-07-18 21:13:23.000 UTC,-4267718288307388417,4231577,-276415
2026-07-18 21:19:59.000 UTC,-7523997924369477945,7460284,-276415
2026-07-19 02:07:11.000 UTC,-105014871311950120323,104125956,-276415
2026-07-19 02:07:23.000 UTC,-56863383420653183147,56382344,-276414
2026-07-19 02:08:23.000 UTC,-23688489824363855982,23488156,-276414
2026-07-19 02:14:35.000 UTC,-10279568169552863021,10192645,-276414
2026-07-19 02:36:59.000 UTC,-18903998619237176735,18744165,-276414
2026-07-19 03:52:23.000 UTC,2718971002428404534,-2693288,-276414
2026-07-19 06:12:23.000 UTC,-105398075411665791142,104507322,-276414
2026-07-19 07:34:23.000 UTC,-5726176688245571585,5677803,-276414
2026-07-19 07:50:59.000 UTC,2315721199754299627,-2293863,-276414
2026-07-19 08:17:35.000 UTC,-1888279864021746049,1872329,-276414
2026-07-19 08:35:23.000 UTC,-14816658265903011189,14691499,-276414
2026-07-19 08:40:23.000 UTC,-22188597667307799286,22001192,-276414
2026-07-19 10:37:35.000 UTC,3231444376871514191,-3200950,-276414
2026-07-19 11:08:11.000 UTC,-18894267775501655744,18734707,-276414
2026-07-19 11:18:23.000 UTC,-37781785924630560395,37462788,-276414
2026-07-19 11:22:59.000 UTC,-6992848052195618610,6933817,-276414
2026-07-19 11:25:59.000 UTC,-3319959232467435521,3291934,-276414
2026-07-19 11:39:47.000 UTC,3626501518853970986,-3592293,-276414
2026-07-19 12:43:35.000 UTC,-1153606665548224734,1143869,-276414
2026-07-19 16:16:59.000 UTC,-6473064268295045121,6418424,-276414
2026-07-19 16:18:59.000 UTC,-4130799893461598209,4095932,-276414
2026-07-19 16:18:59.000 UTC,-5610643158904864769,5563286,-276414
2026-07-19 16:42:23.000 UTC,-5495917008487042452,5449530,-276414
2026-07-19 16:46:11.000 UTC,1151510700000000000000,-1140608666,-276415
2026-07-19 17:09:47.000 UTC,-8430254504013203191,8358495,-276415
2026-07-19 17:55:35.000 UTC,-122038317636655991847,121000000,-276415
2026-07-19 17:56:23.000 UTC,-145534452469006422673,144297451,-276415
2026-07-19 17:57:35.000 UTC,-159605066141642718203,158249999,-276415
2026-07-19 18:57:23.000 UTC,-440024819113221078,436293,-276415
2026-07-19 22:16:35.000 UTC,-56736723488867640103,56255410,-276415
2026-07-19 22:21:23.000 UTC,-9394562790661310138,9314886,-276415
2026-07-19 23:42:35.000 UTC,-787868426081407854,781187,-276415
2026-07-19 23:43:11.000 UTC,-640963683550448329,635528,-276415
2026-07-19 23:48:11.000 UTC,-1510950846769127875,1498138,-276415
2026-07-20 00:06:47.000 UTC,-8568216277302171281,8495554,-276415
2026-07-20 00:10:59.000 UTC,-73130329999762712121,72510340,-276415
2026-07-20 00:14:11.000 UTC,-168226691959059611531,166801760,-276415
2026-07-20 00:14:23.000 UTC,-21377239692182747027,21196296,-276415
2026-07-20 00:16:35.000 UTC,-14351447622433611332,14229988,-276415
2026-07-20 00:52:35.000 UTC,18878841072608196843,-18700348,-276415
2026-07-20 01:10:11.000 UTC,-170975926535310321689,169529711,-276414
2026-07-20 01:10:23.000 UTC,-94161698494072689892,93366009,-276414
2026-07-20 01:10:23.000 UTC,-13549034392067159193,13434589,-276414
2026-07-20 01:18:35.000 UTC,150492478047217824717,-149071456,-276414
2026-07-20 02:12:11.000 UTC,4130474359743205546,-4091452,-276414
2026-07-20 02:12:11.000 UTC,-4065602017806955589,4031224,-276414
2026-07-20 02:12:35.000 UTC,-866215055365798700,858891,-276414
2026-07-20 02:12:35.000 UTC,-404118961976495207,400703,-276414
2026-07-20 02:12:35.000 UTC,-674398360418156228,668697,-276414
2026-07-20 06:27:47.000 UTC,3210109487179065062,-3179783,-276414
2026-07-20 06:33:35.000 UTC,221976670855531301699,-219878048,-276415
2026-07-20 06:33:35.000 UTC,149402992708575561283,-147988758,-276415
2026-07-20 06:34:35.000 UTC,34673232671277607754,-34344818,-276415
2026-07-20 06:43:59.000 UTC,9237420657771593904,-9149914,-276415
2026-07-20 08:38:47.000 UTC,-5527042951732284690,5480164,-276415
2026-07-20 08:39:35.000 UTC,-3197271159489953792,3170154,-276415
2026-07-20 08:44:11.000 UTC,-4726899053720292055,4686809,-276415
2026-07-20 11:31:35.000 UTC,-91556747145081230912,90780497,-276415
2026-07-20 11:33:23.000 UTC,-14325944069826737372,14204532,-276415
2026-07-20 11:35:35.000 UTC,-152257003084759524647,150967418,-276415
2026-07-20 11:37:11.000 UTC,-67146224549474889988,66577973,-276415
2026-07-20 11:58:59.000 UTC,-27539999709107381960,27307014,-276414
2026-07-20 13:20:11.000 UTC,7961642276892062417,-7886400,-276414
2026-07-20 13:28:47.000 UTC,14142803758703588389,-14009136,-276414
2026-07-20 13:58:23.000 UTC,21934353915670941425,-21727021,-276415
2026-07-20 14:36:35.000 UTC,7956366568117081687,-7881152,-276415
2026-07-20 15:03:23.000 UTC,-169393998250359122853,167961434,-276414
2026-07-20 15:14:59.000 UTC,-56968451187756822743,56487075,-276414
2026-07-20 15:31:23.000 UTC,-19017698390895976812,18857047,-276414
2026-07-20 15:43:47.000 UTC,-151712666341723516688,150431889,-276414
2026-07-20 15:46:23.000 UTC,-20137419603571342252,19967526,-276414
2026-07-20 15:54:23.000 UTC,-20239649091960541982,20068919,-276414
2026-07-20 16:14:59.000 UTC,-30285631072182992896,30030208,-276414
2026-07-20 16:17:59.000 UTC,-132297851537477359491,131182746,-276414
2026-07-20 17:52:11.000 UTC,-72924557940306434786,72310366,-276414
2026-07-20 18:06:59.000 UTC,-31139106610098973689,30876946,-276414
2026-07-20 18:12:47.000 UTC,-81979718117008849617,81289820,-276414
2026-07-20 18:12:59.000 UTC,-41873354742354984113,41521134,-276414
2026-07-20 21:38:11.000 UTC,-40563791901215731783,40222692,-276414
2026-07-20 21:52:23.000 UTC,-4841761948031289171,4801055,-276414
2026-07-20 22:55:59.000 UTC,-4998270857739955225,4956250,-276414
2026-07-21 00:58:47.000 UTC,-1370706192107204310,1359183,-276414
2026-07-21 00:58:47.000 UTC,1449164233961203928,-1435544,-276414
2026-07-21 03:39:11.000 UTC,-19244895712033443126,19083114,-276414
2026-07-21 03:39:23.000 UTC,-21032874202556932986,20856089,-276414
2026-07-21 03:58:59.000 UTC,-11140556678240703264,11046930,-276414
2026-07-21 04:17:23.000 UTC,-2471257172038647808,2450490,-276414
2026-07-21 04:45:47.000 UTC,143572699990000000000,-142223178,-276414
2026-07-21 05:35:11.000 UTC,2309495214954022187,-2287776,-276414
2026-07-21 05:50:35.000 UTC,-20275560456922190512,20104998,-276414
2026-07-21 06:22:59.000 UTC,1936520144536567586,-1918311,-276414
2026-07-21 09:44:47.000 UTC,50923597366445473792,-50444677,-276414
2026-07-21 10:02:11.000 UTC,8328928399957868824,-8250582,-276414
2026-07-21 10:22:23.000 UTC,-15277634653528510994,15149075,-276414
2026-07-21 11:59:35.000 UTC,3141826233004482469,-3112274,-276414
2026-07-21 13:41:35.000 UTC,166222007359946268458,-164657651,-276414
2026-07-21 13:52:11.000 UTC,21778375119269844754,-21573285,-276414
2026-07-21 16:16:47.000 UTC,15570758340510640111,-15424108,-276414
2026-07-21 16:30:47.000 UTC,26782477600000000000,-26530196,-276414
2026-07-21 16:53:47.000 UTC,1410516065652950023,-1397228,-276414
2026-07-21 17:20:35.000 UTC,9656119500036345084,-9565150,-276414
2026-07-21 17:47:47.000 UTC,19467659895840491561,-19284239,-276414
2026-07-21 17:59:47.000 UTC,18566995018609013591,-18392038,-276414
2026-07-22 01:34:59.000 UTC,260664650239494109733,-258206125,-276414
2026-07-22 02:33:35.000 UTC,7072699381662681921,-7005932,-276414
2026-07-22 04:28:47.000 UTC,48893509247568829790,-48431861,-276414
2026-07-22 05:31:47.000 UTC,24055177955717248796,-23827996,-276414
2026-07-22 05:54:59.000 UTC,38792874615855055493,-38426430,-276414
2026-07-22 05:57:47.000 UTC,10670111157130954947,-10569302,-276414
2026-07-22 06:15:23.000 UTC,8247232498335135870,-8169310,-276414
2026-07-22 07:43:47.000 UTC,107683391059309852590,-106665572,-276415
2026-07-22 07:59:11.000 UTC,10406889068444460255,-10308485,-276415
2026-07-22 09:45:11.000 UTC,-235398278176520938,233406,-276415
2026-07-22 12:18:11.000 UTC,-41734631698925813590,41381416,-276415
2026-07-22 14:15:47.000 UTC,129430607297515185470,-128206527,-276415
2026-07-22 15:20:35.000 UTC,-316666446586894647428,313987371,-276414
2026-07-22 15:21:35.000 UTC,-98262985789314072493,97432939,-276414
2026-07-22 15:38:47.000 UTC,37909480290592925597,-37551743,-276414
2026-07-22 17:27:11.000 UTC,-415921751196205918466,412414109,-276414
2026-07-22 17:27:59.000 UTC,-50250833909180486231,49827784,-276414
2026-07-22 18:38:59.000 UTC,28385418102517222918,-28118328,-276414
2026-07-22 21:30:47.000 UTC,11855329659738453830,-11743763,-276414
2026-07-23 03:12:11.000 UTC,115784674495323701248,-114694598,-276414
2026-07-23 03:14:23.000 UTC,10392005586155870510,-10294127,-276414
2026-07-23 03:18:23.000 UTC,17461886355685954491,-17297403,-276414
2026-07-23 03:26:23.000 UTC,21626835841403467031,-21423094,-276414
2026-07-23 03:26:59.000 UTC,92121772613819757298,-91253588,-276414
2026-07-23 03:28:23.000 UTC,109033412311596213834,-108005158,-276414
2026-07-23 03:50:47.000 UTC,122385014561801561451,-121229958,-276414
2026-07-23 03:51:47.000 UTC,148031188166627797385,-146632829,-276414
2026-07-23 03:52:23.000 UTC,7962264561391869074,-7887011,-276414
2026-07-23 04:34:11.000 UTC,5992358862497551827,-5935720,-276414
2026-07-23 04:39:59.000 UTC,4719870453461847697,-4675258,-276415
2026-07-23 05:03:59.000 UTC,10425986910277740251,-10327435,-276415
2026-07-23 05:05:11.000 UTC,24008004854101968729,-23781042,-276415
2026-07-23 05:05:11.000 UTC,10959291862014780022,-10855675,-276415
2026-07-23 05:16:11.000 UTC,13451745581178984891,-13324553,-276415
2026-07-23 05:23:35.000 UTC,13133275253271015662,-13009083,-276415
2026-07-23 05:23:59.000 UTC,9547788490288193697,-9457494,-276415
2026-07-23 05:35:35.000 UTC,12491925993661730909,-12373781,-276415
2026-07-23 05:38:59.000 UTC,10901985807973949884,-10798870,-276415
2026-07-23 05:42:23.000 UTC,13405308656353080914,-13278505,-276415
2026-07-23 05:42:59.000 UTC,5068994601543668843,-5021043,-276415
2026-07-23 05:44:11.000 UTC,17752844820272099779,-17584894,-276415
2026-07-23 05:44:11.000 UTC,6862367744217025228,-6797441,-276415
2026-07-23 05:44:23.000 UTC,-4402610073045734135,4365320,-276415
2026-07-23 05:45:35.000 UTC,16373280513317194224,-16218361,-276415
2026-07-23 05:47:23.000 UTC,-11008910055216515949,10915658,-276415
2026-07-23 05:47:35.000 UTC,-7860065664634284507,7793491,-276415
2026-07-23 05:53:11.000 UTC,10973373480667899415,-10869550,-276415
2026-07-23 05:53:11.000 UTC,4673511256660493186,-4629291,-276415
2026-07-23 05:53:47.000 UTC,14456033945685659602,-14319243,-276415
2026-07-23 06:06:59.000 UTC,1165199263900452000000,-1154130434,-276415
2026-07-23 08:41:23.000 UTC,-14756229340073926447,14630147,-276415
2026-07-23 10:08:11.000 UTC,6524723813507158671974,-6461173749,-276419
2026-07-23 10:38:23.000 UTC,4831466869751170097347,-4782687289,-276423
2026-07-23 10:52:59.000 UTC,2199951113738528543584,-2177253963,-276424
2026-07-23 11:05:35.000 UTC,-8304868684778852461,8226840,-276424
2026-07-23 12:34:11.000 UTC,172741685474792702767,-170946704,-276424
2026-07-23 12:34:23.000 UTC,269500536797574740330,-266696379,-276424
2026-07-23 12:36:47.000 UTC,383653487951298692402,-379653696,-276424
2026-07-23 12:37:11.000 UTC,17388456079748946046,-17206953,-276424
2026-07-23 12:37:23.000 UTC,348799650213680395354,-345142050,-276425
2026-07-23 12:37:23.000 UTC,582956264517951781619,-576860300,-276425
2026-07-23 12:39:35.000 UTC,107636769258326781406,-106506520,-276425
2026-07-23 12:42:47.000 UTC,190726141423667706696,-188721618,-276425
2026-07-23 12:43:35.000 UTC,32070160249764729932,-31732880,-276425
2026-07-23 12:44:11.000 UTC,261835147251191732437,-259079023,-276425
2026-07-23 12:44:23.000 UTC,98438475765334431173,-97401181,-276425
2026-07-23 12:45:23.000 UTC,464762108692343052606,-459856461,-276426
2026-07-23 12:46:11.000 UTC,475330831327051172716,-470299597,-276426
2026-07-23 12:47:47.000 UTC,423781546093077505958,-419283981,-276426
2026-07-23 13:08:47.000 UTC,-7519766269303218386,7447307,-276426
2026-07-23 13:13:23.000 UTC,34769428507009263435,-34399938,-276426
2026-07-23 14:24:23.000 UTC,6494917189893470468921,-6424565250,-276431
2026-07-23 14:35:47.000 UTC,3507636076295766652,-3468819,-276431
2026-07-23 18:22:11.000 UTC,38180498685499258719,-37750228,-276435
2026-07-23 18:58:11.000 UTC,24588759078298366336,-24304144,-276437
2026-07-23 22:20:23.000 UTC,46003131519167795813,-45454844,-276442
2026-07-24 02:35:11.000 UTC,38005201031772328015,-37536710,-276445
2026-07-24 03:26:23.000 UTC,-37800613199741696092,37371973,-276442
2026-07-24 04:54:35.000 UTC,-7871165346793652225,7783661,-276441
2026-07-24 05:42:35.000 UTC,-8570771529194215568,8476177,-276440
2026-07-24 07:11:47.000 UTC,-84564246218208811986,83669292,-276432
2026-07-24 07:39:47.000 UTC,18352934202817095481,-18146467,-276434
2026-07-24 08:24:47.000 UTC,65004871467370114186,-64247203,-276440
2026-07-24 10:24:59.000 UTC,7759732012667521585,-7666540,-276441
2026-07-24 13:53:59.000 UTC,20368887655413337646,-20121478,-276443
2026-07-24 14:28:35.000 UTC,252500000000000000000,-249098402,-276468
2026-07-24 14:28:35.000 UTC,-224524550424514298063,221691089,-276445
2026-07-24 15:18:11.000 UTC,-100761341679922328,99600,-276445
2026-07-24 16:08:23.000 UTC,4799821328811897477,-4739637,-276446
2026-07-24 17:08:11.000 UTC,-106925300923951123969,105743439,-276435
2026-07-24 19:10:47.000 UTC,-46880963634446278205424,46478949611,-276401
2026-07-24 19:10:47.000 UTC,5454022264285166814621,-5408948291,-276404
2026-07-24 19:10:47.000 UTC,4755574944596682108263,-4714747173,-276407
2026-07-24 19:10:47.000 UTC,2535075103668772052038,-2512730196,-276409
2026-07-24 19:10:59.000 UTC,-3731633590818840975446,3702584006,-276407
2026-07-24 19:10:59.000 UTC,-7064970096768618419459,7012371952,-276402
2026-07-24 19:10:59.000 UTC,-13157545706299985879688,13085990803,-276379
2026-07-24 19:10:59.000 UTC,9201530791040864104297,-9146141682,-276380
2026-07-24 19:11:11.000 UTC,1387083843697892081152,-1378627059,-276387
2026-07-24 19:11:23.000 UTC,37539966455372620416,-37280667,-276390
2026-07-24 19:11:47.000 UTC,48608466982650476493,-48257694,-276394
2026-07-24 19:11:47.000 UTC,1259581360085127575544,-1249412534,-276401
2026-07-24 19:11:47.000 UTC,48306628678128051762,-47913449,-276401
2026-07-24 19:11:59.000 UTC,-1220459478702243670318,1211782551,-276400
2026-07-24 19:12:59.000 UTC,646968147779562228238,-641738046,-276401
2026-07-24 19:23:23.000 UTC,649377435978268297808,-642408384,-276458
2026-07-24 19:23:23.000 UTC,-565348138811788909639,559645574,-276407
2026-07-24 19:32:11.000 UTC,-37486370976384701819,37202307,-276404
2026-07-25 00:08:23.000 UTC,-37500282821000728433,37226194,-276402
2026-07-25 03:12:11.000 UTC,8233558896744335478,-8166071,-276402
2026-07-25 03:20:11.000 UTC,8347779610994422812,-8278860,-276403
2026-07-25 03:20:35.000 UTC,11798903334772331374,-11700640,-276404
2026-07-25 03:25:11.000 UTC,7128743189954703368,-7068891,-276404
2026-07-25 08:12:11.000 UTC,-36231622491866757984,35967163,-276401
2026-07-25 09:32:59.000 UTC,163807036132843038706,-162373918,-276413
2026-07-25 09:37:47.000 UTC,-37385459173252840984,37078449,-276411
2026-07-25 09:44:47.000 UTC,-113725021257030250344,112853056,-276402
2026-07-25 13:46:11.000 UTC,-56402001169888034712,56003949,-276398
2026-07-25 15:02:59.000 UTC,-13183097319740809361,13093350,-276397
2026-07-25 15:06:35.000 UTC,-10220037148171655232,10151320,-276397
2026-07-25 16:16:35.000 UTC,8531120240788860895,-8465338,-276397
2026-07-25 16:35:23.000 UTC,-12323292916717358555,12240677,-276396
2026-07-26 01:39:47.000 UTC,-37807339537243869702,37560679,-276394
2026-07-26 03:05:47.000 UTC,6556480828042813768,-6507928,-276394
2026-07-26 08:14:11.000 UTC,3254167540378064205,-3229955,-276394
2026-07-26 09:44:47.000 UTC,-24252168007547186031,24097639,-276393
2026-07-26 09:51:11.000 UTC,26097641982635561531,-25905257,-276394
2026-07-26 10:20:47.000 UTC,-24251215507691407752,24096374,-276393
2026-07-26 10:22:23.000 UTC,-3018979354272549102,2999999,-276392
2026-07-26 10:27:59.000 UTC,51350511525595780449,-50967758,-276396
2026-07-26 10:28:11.000 UTC,-3020033462228243211,2999999,-276396
2026-07-26 10:48:11.000 UTC,17759503659931508868,-17623114,-276397
2026-07-26 12:05:59.000 UTC,-23319835319901791204,23164369,-276396
2026-07-26 13:53:11.000 UTC,3580398775973764065,-3553227,-276396
2026-07-26 14:45:11.000 UTC,7322024996986023887,-7266171,-276396
2026-07-26 15:08:47.000 UTC,6034069433677647264,-5987752,-276397
2026-07-26 15:37:11.000 UTC,-9635536351550769340,9571268,-276396
2026-07-26 15:42:23.000 UTC,-9462465727928557228,9400000,-276395
2026-07-26 15:57:35.000 UTC,-100624488641683224116,100000000,-276388
2026-07-26 16:14:59.000 UTC,3892203492907626298,-3865532,-276388
2026-07-26 16:43:35.000 UTC,2472389615800859479,-2455391,-276389
2026-07-26 16:59:35.000 UTC,30189445356907653852,-29978344,-276391
2026-07-26 17:40:11.000 UTC,41874689384504280863,-41571055,-276394
2026-07-26 17:52:47.000 UTC,230519412440702907603,-228622955,-276410
2026-07-26 17:52:59.000 UTC,-113758490713166387597,112887937,-276402
2026-07-26 21:50:47.000 UTC,-21197598754968226980,21045636,-276401
2026-07-26 21:52:35.000 UTC,-10020715275862855638,9950000,-276400
2026-07-26 21:52:35.000 UTC,-187112461767958165048,185924426,-276386
2026-07-26 21:52:47.000 UTC,1185683866333315732930,-1178368336,-276393
2026-07-26 21:52:47.000 UTC,15619543222225583210,-15514465,-276388
2026-07-26 21:52:47.000 UTC,-603099473936544351965,600000000,-276380
2026-07-26 21:52:47.000 UTC,-502551143669698812481,500000000,-276380
2026-07-26 21:52:59.000 UTC,-1558024721933495229160,1550000000,-276380
2026-07-26 21:53:11.000 UTC,1528314844814826799104,-1518956590,-276391
2026-07-26 21:53:11.000 UTC,1555036044250631260112,-1533572406,-276534
2026-07-26 21:53:11.000 UTC,-182273695321096832310,178750331,-276516
2026-07-26 21:53:11.000 UTC,-1145418133653277993049,1130598195,-276408
2026-07-26 21:53:23.000 UTC,247696141096750183695,-245297611,-276427
2026-07-26 21:53:23.000 UTC,-222963997008456049774,221005329,-276409
2026-07-26 21:53:23.000 UTC,101779286792695523835,-100832245,-276417
2026-07-26 21:53:23.000 UTC,-163581043113050654153,162257734,-276405
2026-07-26 21:54:35.000 UTC,-49239939872824997162,48879336,-276401
2026-07-26 21:54:35.000 UTC,-5577390001659438553,5537641,-276401
2026-07-26 22:01:11.000 UTC,-29208931089592030285,29004409,-276399
2026-07-26 22:03:11.000 UTC,-15920875307882832654,15811974,-276398
2026-07-26 22:35:11.000 UTC,-25982867400312892621,25809048,-276396
2026-07-27 00:54:59.000 UTC,-101108431942846192021,100478175,-276388
2026-07-27 00:55:47.000 UTC,92416722113046262999,-91751723,-276395
2026-07-27 00:57:35.000 UTC,101108431942846192021,-100310757,-276402
2026-07-27 03:32:11.000 UTC,1815385096725207662,-1800393,-276403
2026-07-27 03:59:11.000 UTC,-58860584625172346651,58444979,-276398
2026-07-27 04:36:47.000 UTC,-5058094445269550100,5023540,-276398
2026-07-27 05:58:59.000 UTC,-29674869891068609706,29475843,-276396
2026-07-27 06:07:23.000 UTC,-35798625220196071686,35566941,-276393
2026-07-27 06:26:47.000 UTC,-48264903990513122500,47967108,-276390
2026-07-27 06:45:47.000 UTC,-48238952735285346213,47958042,-276386
2026-07-27 06:56:35.000 UTC,29647353240120397461,-29447219,-276388
2026-07-27 07:02:23.000 UTC,57606675075914349162,-57199770,-276392
2026-07-27 07:13:47.000 UTC,19762611982990632792,-19617535,-276394
2026-07-27 12:39:11.000 UTC,11635404860774025496,-11548680,-276395
2026-07-27 14:31:47.000 UTC,84063563601918207133,-83408164,-276401
2026-07-27 15:21:59.000 UTC,109231231861573212843,-108304006,-276409
2026-07-27 15:21:59.000 UTC,-97461278034064572416,96726578,-276402
2026-07-27 17:31:47.000 UTC,-1338386631062610384,1328772,-276402
2026-07-27 17:36:11.000 UTC,-608594129315733419,604227,-276402
2026-07-27 22:29:59.000 UTC,-11652311458766651392,11569193,-276401
2026-07-27 22:34:47.000 UTC,-157139139879972050634,156113410,-276389
2026-07-27 22:38:59.000 UTC,13764256444538762812,-13667818,-276390
2026-07-27 22:40:35.000 UTC,123096939666123505717,-122174063,-276399
2026-07-27 22:58:35.000 UTC,-15921432591096056731,15811760,-276398
2026-07-27 23:17:59.000 UTC,70683697062413006347,-70112760,-276403
2026-07-28 01:07:59.000 UTC,16814258464579946669,-16673176,-276404
2026-07-28 01:07:59.000 UTC,16245338196408302874,-16107107,-276406
2026-07-28 02:09:47.000 UTC,33564908405840451623,-33273322,-276408
2026-07-28 04:08:35.000 UTC,-633247782181641186,628301,-276408
2026-07-28 05:19:23.000 UTC,-107243947017279975610,106447505,-276400
2026-07-28 15:26:11.000 UTC,-48603804121279040096,48270016,-276397
2026-07-28 15:26:11.000 UTC,-44272375727094097069,43983090,-276393
2026-07-28 17:57:35.000 UTC,4339926888246895205,-4307879,-276394
2026-07-28 18:34:35.000 UTC,10272076053388986608,-10195686,-276395
2026-07-28 18:47:47.000 UTC,5937215909197494146,-5892718,-276395
2026-07-28 20:55:47.000 UTC,-9265323335841175145,9205197,-276394
2026-07-28 22:39:35.000 UTC,6225797311623429077,-6179279,-276395
2026-07-28 22:50:23.000 UTC,53843216867332491565,-53429316,-276399
2026-07-28 23:27:35.000 UTC,4622441721821838503,-4585940,-276399
2026-07-29 03:30:11.000 UTC,603664381369034849,-598886,-276399
2026-07-29 03:30:35.000 UTC,512491412073444792,-508432,-276399
2026-07-29 03:30:47.000 UTC,29429031995011703606,-29192817,-276401
2026-07-29 03:31:11.000 UTC,326555580327997541,-323899,-276401
2026-07-29 03:34:35.000 UTC,9667862246281319269,-9588885,-276402
2026-07-29 10:03:35.000 UTC,13787399990000000000,-13673613,-276403
2026-07-29 11:19:59.000 UTC,105448934574446402057,-104533671,-276411
2026-07-29 11:20:11.000 UTC,-97589789841877577865,96836828,-276403
2026-07-29 11:20:11.000 UTC,-26512098240261618754,26319335,-276402
2026-07-29 12:49:59.000 UTC,125203681763986557,-124180,-276402
2026-07-29 18:02:11.000 UTC,-37239213628249363308,36976937,-276399
2026-07-29 18:45:35.000 UTC,17065399990000000000,-16929500,-276400
2026-07-29 19:59:35.000 UTC,22623374444369480658,-22439999,-276402
2026-07-29 20:19:47.000 UTC,12028887666805574239,-11929894,-276403
2026-07-29 23:24:23.000 UTC,-8215679290742391295,8156110,-276402
2026-07-30 00:09:35.000 UTC,-4943536271096073276,4907925,-276402
2026-07-30 00:15:23.000 UTC,-302367547226036820,300196,-276402
2026-07-30 00:28:59.000 UTC,-21169517494129393664,21019050,-276400
2026-07-30 01:10:11.000 UTC,36231622491866757984,-35936177,-276403
2026-07-30 01:43:35.000 UTC,-15417423366901989376,15305858,-276402
2026-07-30 03:46:11.000 UTC,84937257369399293258,-84217188,-276408
2026-07-30 07:09:59.000 UTC,-47307434254080646397,46946946,-276404
2026-07-30 07:10:35.000 UTC,44201753211648050043,-43821571,-276408
2026-07-30 07:10:47.000 UTC,-739442222793769118,733701,-276407
2026-07-30 08:07:47.000 UTC,1813020232378240528,-1797137,-276408
2026-07-30 08:37:59.000 UTC,-29346666988476809425,29121585,-276405
2026-07-30 13:11:59.000 UTC,192554171418754975469,-190772666,-276420
2026-07-30 13:12:11.000 UTC,-41338797497023005547,40974522,-276417
2026-07-30 13:28:47.000 UTC,-54626716331124282476,54164546,-276412
2026-07-30 13:33:11.000 UTC,90959110577822207480,-90087305,-276419
2026-07-30 13:42:59.000 UTC,-26824110165086880787,26587304,-276417
2026-07-30 14:09:23.000 UTC,-20174632365141105595,20000000,-276416
2026-07-30 16:59:11.000 UTC,-43675605365634340545,43307762,-276412
2026-07-30 21:12:47.000 UTC,45142937466158460897,-44717745,-276416
2026-07-30 22:31:59.000 UTC,-3998961791332707726,3964659,-276416
2026-07-30 23:23:23.000 UTC,-1815535165208163078,1800000,-276415
2026-07-30 23:24:11.000 UTC,3625176825094970162,-3590539,-276416
2026-07-30 23:37:35.000 UTC,-1600137716491330891,1586424,-276416
2026-07-31 00:47:23.000 UTC,7392846022944395220,-7321998,-276416
2026-07-31 03:58:23.000 UTC,-74765927241076098891,74141990,-276411
2026-07-31 04:02:47.000 UTC,95471071194773464249,-94572477,-276418
2026-07-31 05:28:23.000 UTC,-1815914175559285454,1800000,-276417
2026-07-31 06:01:59.000 UTC,-5959374316993773569,5907318,-276417
2026-07-31 12:22:59.000 UTC,12788825036795678874,-12664118,-276418
2026-07-31 13:06:59.000 UTC,30411435398512540010,-30110084,-276420
2026-07-31 16:21:35.000 UTC,-238201399005072864518,236257440,-276403
2026-07-31 16:23:59.000 UTC,10175070635191303289,-10090308,-276404
2026-07-31 16:34:23.000 UTC,88812875431999764068,-88041564,-276410
2026-07-31 18:07:11.000 UTC,67472308387943281323,-66848316,-276415
2026-07-31 18:07:11.000 UTC,146697398992631584617,-145219643,-276428
2026-07-31 18:10:35.000 UTC,-10097972087975499300,10000000,-276427
2026-07-31 18:22:47.000 UTC,-242090807789498985885,240000000,-276407
2026-07-31 18:27:11.000 UTC,58017811384365560136,-57499290,-276411
2026-07-31 19:22:11.000 UTC,-301078537548846775123,298948815,-276390
2026-07-31 19:22:59.000 UTC,47141954894120102710,-46804609,-276393
2026-07-31 19:27:23.000 UTC,260532482642900942678,-258380910,-276412
2026-07-31 19:27:23.000 UTC,-193721481714427542833,192267590,-276398
2026-07-31 19:27:23.000 UTC,395842209020148633533,-392179749,-276429
2026-07-31 19:38:35.000 UTC,-397953880422666252,394020,-276429
2026-07-31 19:51:23.000 UTC,-199933794018831279330,198136334,-276412
2026-07-31 19:55:23.000 UTC,43494310098770805218,-43087006,-276415
2026-07-31 21:59:11.000 UTC,3833521784427374359,-3796959,-276416
2026-08-01 00:40:59.000 UTC,-3933616963846666165,3900000,-276415
2026-08-01 00:41:59.000 UTC,3933616963846666165,-3896101,-276416
2026-08-01 01:39:23.000 UTC,-3360499958661666746,3331774,-276415
2026-08-01 01:40:47.000 UTC,-2864911625834778441,2840488,-276415
2026-08-01 01:47:23.000 UTC,-2694471226616709120,2671555,-276415
2026-08-01 01:47:35.000 UTC,-4410559550428545025,4373163,-276415
2026-08-01 01:49:59.000 UTC,381455952141925423,-377849,-276415
2026-08-01 01:56:47.000 UTC,1813047464513213353,-1795889,-276415
2026-08-01 02:26:47.000 UTC,1812849504540053208,-1795669,-276415
2026-08-01 05:51:47.000 UTC,-2339443662978069791,2319597,-276415
2026-08-01 06:47:23.000 UTC,-2447878431556588464,2427155,-276414
2026-08-01 06:47:23.000 UTC,-2190247396838237868,2171742,-276414
2026-08-01 06:47:23.000 UTC,-2066931136341777486,2049500,-276414
2026-08-01 07:22:11.000 UTC,1812739723617431688,-1795656,-276414
2026-08-01 07:39:23.000 UTC,8392875469861154257,-8313469,-276415
2026-08-01 07:40:11.000 UTC,5941711105075183616,-5885184,-276415
2026-08-01 08:46:47.000 UTC,1812629952671523862,-1795333,-276415
2026-08-01 10:11:59.000 UTC,-4800251212411177382,4759259,-276415
2026-08-01 11:01:59.000 UTC,-3763413501972840448,3731393,-276415
2026-08-01 11:08:59.000 UTC,-3257686100716174178,3230053,-276415
2026-08-01 11:11:59.000 UTC,3624930632406133420,-3590583,-276415
2026-08-01 11:19:11.000 UTC,6355786002058916418,-6295330,-276415
2026-08-01 11:27:59.000 UTC,2414804692514423562,-2391758,-276416
2026-08-01 11:47:23.000 UTC,1909701229134685722,-1891445,-276416
2026-08-01 12:05:35.000 UTC,3785857631070784445,-3749587,-276416
2026-08-01 12:48:11.000 UTC,2723891241477661439,-2697730,-276416
2026-08-01 13:10:59.000 UTC,-1815644584593939507,1800000,-276416
2026-08-01 13:11:47.000 UTC,1815644584593939507,-1798200,-276416
2026-08-01 13:41:35.000 UTC,1906884690731638362,-1888538,-276416
2026-08-01 14:23:47.000 UTC,2673041876330963935,-2647279,-276416
2026-08-01 16:30:59.000 UTC,-1815705977270492117,1800000,-276416
2026-08-01 16:31:47.000 UTC,1815705977270492117,-1798200,-276416
2026-08-01 18:21:11.000 UTC,16183422076395210855,-16026330,-276418
2026-08-01 18:32:23.000 UTC,71036978908806116458,-70323466,-276424
2026-08-01 18:32:35.000 UTC,-9692514117064184688,9602106,-276423
2026-08-01 18:33:47.000 UTC,-6144812768403914752,6087971,-276422
2026-08-01 19:10:59.000 UTC,-3329191461436231954,3298550,-276422
2026-08-01 19:15:35.000 UTC,-3073178198068087846,3044989,-276422
2026-08-01 19:15:35.000 UTC,-1628999140471766386,1614095,-276421
2026-08-01 19:35:47.000 UTC,-1816590952079554109,1800000,-276421
2026-08-01 20:24:23.000 UTC,-12588743423822255473,12474619,-276420
2026-08-01 20:36:11.000 UTC,-3935420234911628482,3900000,-276420
2026-08-01 22:11:35.000 UTC,-13041295459862183936,12924730,-276419
2026-08-01 22:46:59.000 UTC,-5491131693646760552,5442424,-276418
2026-08-01 22:56:11.000 UTC,-1816060585851547759,1800000,-276418
2026-08-02 01:05:59.000 UTC,-1816036222538632070,1800000,-276418
2026-08-02 02:08:59.000 UTC,32359361139527933,-32041,-276418
2026-08-02 02:10:23.000 UTC,-13213228038717702144,13097275,-276417
2026-08-02 02:15:59.000 UTC,-13025050680132242361,12912000,-276416
2026-08-02 02:20:59.000 UTC,-23013987632768734823,22817276,-276415
2026-08-02 02:50:11.000 UTC,-8338369649915082281,8268056,-276414
2026-08-02 03:05:59.000 UTC,-1815239777805215269,1800000,-276414
2026-08-02 03:06:59.000 UTC,1815239777805215269,-1798200,-276414
2026-08-02 04:50:47.000 UTC,-1815239765631775698,1800000,-276414
2026-08-02 05:44:59.000 UTC,-3025344496692480301,2999999,-276414
2026-08-02 05:49:59.000 UTC,-3025276869012755884,2999999,-276413
2026-08-02 06:10:11.000 UTC,31535077916974157202,-31237032,-276416
2026-08-02 06:23:59.000 UTC,-3025913846398635518,2999999,-276415
2026-08-02 09:41:59.000 UTC,1815239765631775698,-1797902,-276416
2026-08-02 10:17:35.000 UTC,4685505865636991791,-4640642,-276416
2026-08-02 11:53:47.000 UTC,1871264406192363349,-1853302,-276416
2026-08-02 12:34:59.000 UTC,-1096646272257175372,1087204,-276416
2026-08-02 12:34:59.000 UTC,-1071184916207494699,1061970,-276416
2026-08-02 14:48:59.000 UTC,-11967831176207456659,11865449,-276415
2026-08-02 17:14:35.000 UTC,14216036890392713598,-14080214,-276416
2026-08-02 18:11:47.000 UTC,7024734400070560967,-6957073,-276417
2026-08-02 18:42:35.000 UTC,-21444599156916570705,21260435,-276415
2026-08-02 19:34:47.000 UTC,3097726967870423470,-3068261,-276415
2026-08-02 20:21:59.000 UTC,-3823775809869447168,3791205,-276415
2026-08-02 20:29:11.000 UTC,-6111181792386539971,6059349,-276414
2026-08-02 23:15:47.000 UTC,4067192531614433280,-4028694,-276415
2026-08-03 00:17:35.000 UTC,14037821215363778560,-13904017,-276416
2026-08-03 00:49:59.000 UTC,2808934497351892992,-2781987,-276416
2026-08-03 00:50:23.000 UTC,4793401755883563960,-4747284,-276416
2026-08-03 01:08:35.000 UTC,6683902942750396218,-6619316,-276417
2026-08-03 01:22:35.000 UTC,6259712268466283132,-6198928,-276417
2026-08-03 01:23:59.000 UTC,3814136201330999718,-3776959,-276418
2026-08-03 01:27:59.000 UTC,42987301188197360244,-42560920,-276421
2026-08-03 01:57:35.000 UTC,5539259074292023343,-5483245,-276421
2026-08-03 02:25:23.000 UTC,-3027653043709979400,2999999,-276421
2026-08-03 08:30:35.000 UTC,22023010919879739932,-21798000,-276423
2026-08-03 10:37:11.000 UTC,7824694284726000000,-7743609,-276424
2026-08-03 11:10:35.000 UTC,-6379200145795141000,6319368,-276423
2026-08-03 12:17:47.000 UTC,-1009431340863965599,1000000,-276423
2026-08-03 12:18:11.000 UTC,-1009421294477051810,1000000,-276423
2026-08-03 16:31:35.000 UTC,23927457513188380082,-23677761,-276426
2026-08-03 16:32:35.000 UTC,4112010098844168348,-4068537,-276426
2026-08-03 17:10:35.000 UTC,19138981513536443683,-18934470,-276428
2026-08-03 17:24:35.000 UTC,-105139786417808323191,104163459,-276418
2026-08-03 18:05:11.000 UTC,25760000000000000000,-25504445,-276420
2026-08-03 23:43:11.000 UTC,218794796220968820,-216603,-276420
2026-08-04 01:29:47.000 UTC,30477617037884032699,-30168095,-276423
2026-08-04 01:45:23.000 UTC,-8479925903408762156,8401302,-276422
2026-08-04 01:53:59.000 UTC,-56518029534077629335,56010125,-276418
2026-08-04 02:22:35.000 UTC,-4815500055207729169,4773340,-276417
2026-08-04 05:15:11.000 UTC,50200365072718223279,-49702721,-276421
2026-08-04 06:03:59.000 UTC,-8384160463265210154,8308028,-276420
2026-08-04 13:10:47.000 UTC,-23006026203973467250,22799909,-276419
2026-08-04 15:45:47.000 UTC,-13666160030948520797,13545556,-276418
2026-08-04 15:53:23.000 UTC,-22987790807559904523,22788009,-276416
2026-08-04 16:44:23.000 UTC,238902782464046710929,-236362776,-276438
2026-08-04 17:24:47.000 UTC,-21097186073403491254,20871769,-276436
2026-08-04 17:28:23.000 UTC,-749951156535925626,742019,-276436
2026-08-04 17:38:23.000 UTC,-20043235595711436394,19833246,-276434
2026-08-04 17:41:23.000 UTC,-19678498292016968584,19476142,-276432
2026-08-04 17:47:47.000 UTC,-35354061078398731461,35000000,-276428
2026-08-04 18:04:23.000 UTC,-5638073407600172613,5582738,-276428
2026-08-04 18:29:47.000 UTC,-22674308807707138217,22454901,-276426
2026-08-04 19:13:59.000 UTC,-41330788634188825293,40943767,-276422
2026-08-04 19:36:35.000 UTC,-5063176790465874981,5016913,-276421
2026-08-04 21:54:23.000 UTC,4222791639539951813,-4180040,-276421
2026-08-04 22:16:23.000 UTC,-25429911188936061598,25200000,-276419
2026-08-05 02:59:11.000 UTC,-5656922108067283330,5606450,-276419
2026-08-05 02:59:47.000 UTC,-2617107449592676353,2593836,-276419
2026-08-05 04:43:35.000 UTC,3827201935961557171,-3789361,-276419
2026-08-05 05:41:59.000 UTC,-9531838570577339117,9447238,-276418
2026-08-05 05:42:35.000 UTC,-12619924647181731914,12508939,-276417
2026-08-05 05:45:23.000 UTC,-7133572067382788097,7071352,-276417
2026-08-05 05:51:59.000 UTC,-9169243453536472865,9089815,-276416
2026-08-05 06:05:47.000 UTC,-6567993430767566849,6511477,-276416
2026-08-05 06:24:11.000 UTC,8791025150654092629,-8706595,-276416
2026-08-05 06:39:35.000 UTC,-6874557289022391801,6815299,-276416
2026-08-05 07:41:47.000 UTC,12104168999198385512,-11987603,-276417
2026-08-05 07:41:59.000 UTC,6009907880726919741,-5951633,-276417
2026-08-05 07:43:47.000 UTC,9646786959989528134,-9552695,-276418
2026-08-05 08:30:11.000 UTC,134157837539550128709,-132766823,-276430
2026-08-05 08:30:11.000 UTC,-56669875243304916280,56117635,-276425
2026-08-05 09:08:23.000 UTC,-7268555407663038465,7199993,-276424
2026-08-05 09:27:23.000 UTC,-6923834383228993537,6859004,-276423
2026-08-05 11:04:11.000 UTC,9952835250000000000,-9849638,-276424
2026-08-05 12:24:59.000 UTC,-5363721809109410184,5313300,-276424
2026-08-05 12:46:23.000 UTC,7297465154054266187,-7221568,-276424
2026-08-05 14:01:11.000 UTC,-7031171964505886855,6965000,-276424
2026-08-05 14:06:11.000 UTC,30603623053444274229,-30281778,-276427
2026-08-05 14:09:11.000 UTC,-19334457876138688512,19149210,-276425
2026-08-05 14:09:11.000 UTC,-55234249620468947849,54725000,-276420
2026-08-05 16:23:47.000 UTC,-76196389377998159894,75533827,-276414
2026-08-05 17:46:47.000 UTC,-27011114137860996109,26786452,-276412
2026-08-05 19:56:59.000 UTC,-10735157104532008301,10647354,-276411
2026-08-05 21:10:35.000 UTC,32149316284583082988,-31851966,-276414
2026-08-05 21:33:23.000 UTC,11311951153513617471,-11205527,-276414
2026-08-05 21:50:59.000 UTC,8779096173511032957,-8695857,-276415
2026-08-06 00:11:47.000 UTC,7745438829267386368,-7671532,-276416
2026-08-06 00:31:23.000 UTC,-14589626966592994259,14465241,-276415
2026-08-06 00:34:47.000 UTC,-8645662588527581393,8572689,-276414
2026-08-06 01:56:35.000 UTC,10654089109402252141,-10553523,-276415
2026-08-06 01:56:47.000 UTC,4979359905114868485,-4932074,-276415
2026-08-06 02:43:47.000 UTC,37563794992396255693,-37201231,-276418
2026-08-06 04:34:59.000 UTC,-11029135991909036403,10932544,-276417
2026-08-06 05:31:23.000 UTC,-9919210738276674218,9833100,-276416
2026-08-06 05:33:47.000 UTC,-11604331745812532951,11504507,-276416
2026-08-06 05:58:47.000 UTC,-42881110233953655716,42520787,-276412
2026-08-06 06:11:47.000 UTC,6802930770811979644,-6739921,-276413
2026-08-06 06:42:47.000 UTC,29672954794569458267,-29394160,-276415
2026-08-06 07:36:11.000 UTC,8011930506146231499,-7935549,-276416
2026-08-06 11:01:35.000 UTC,4565845255684152116,-4522107,-276416
2026-08-06 11:01:35.000 UTC,413705251192669362,-409734,-276416
2026-08-06 12:25:35.000 UTC,-765983931390295298843,761229665,-276380
2026-08-06 12:25:35.000 UTC,375323722250464635820,-373007772,-276388
2026-08-06 12:25:47.000 UTC,282815620772338110679,-280609643,-276408
2026-08-06 12:36:11.000 UTC,6639456547529444262,-6580786,-276409
2026-08-06 12:38:11.000 UTC,105446680531116630037,-104472118,-276416
2026-08-06 12:44:23.000 UTC,238803489516085907,-236504,-276416
2026-08-06 13:27:35.000 UTC,568989780807201428,-563509,-276416
2026-08-06 15:31:11.000 UTC,-8035943749701688258,7966733,-276416
2026-08-06 22:27:35.000 UTC,8309466185752077876,-8229655,-276416
2026-08-06 22:50:11.000 UTC,11206345967606098719,-11097911,-276417
2026-08-07 02:27:47.000 UTC,3907667350550462932,-3869640,-276417
2026-08-07 06:25:35.000 UTC,333973465089719458,-330718,-276417
2026-08-07 06:56:23.000 UTC,-6397231698364188952,6341360,-276417
2026-08-07 07:17:35.000 UTC,16175539161613374170,-16017657,-276418
2026-08-07 09:31:11.000 UTC,75866680096539797950,-75098195,-276425
2026-08-07 09:37:59.000 UTC,-67743108211511656448,67121752,-276419
2026-08-07 10:13:11.000 UTC,-69959870131580698663,69355992,-276414
2026-08-07 10:26:47.000 UTC,-40919318857215317284,40582733,-276411
2026-08-07 10:34:11.000 UTC,52115097418606048158,-51632614,-276414
2026-08-07 12:29:47.000 UTC,-3025554737766541964,3000000,-276414
2026-08-07 13:51:23.000 UTC,-7137910107148019451,7077887,-276414
2026-08-07 17:18:47.000 UTC,-3000000000000000000,2974885,-276413
2026-08-07 17:30:59.000 UTC,34953667303067352881,-34622300,-276416
2026-08-07 17:31:59.000 UTC,498154686760929604,-493367,-276416
2026-08-07 20:24:47.000 UTC,97311738867379319662,-96340041,-276424
2026-08-07 21:56:11.000 UTC,-10094647528567577254,10000000,-276423
2026-08-07 22:35:47.000 UTC,-10096384565965102722,10002717,-276422
2026-08-07 22:55:47.000 UTC,-3584462696068294768,3551448,-276422
2026-08-07 23:51:23.000 UTC,-18769357018644551688,18598504,-276420
2026-08-08 01:02:23.000 UTC,-3743469067156704377,3709750,-276420
2026-08-08 01:07:11.000 UTC,-5262606253726478697,5215378,-276419
2026-08-08 01:07:23.000 UTC,-3282309931402788864,3252956,-276419
2026-08-08 01:07:35.000 UTC,-5359312996318826608,5311554,-276419
2026-08-08 01:58:11.000 UTC,1164090474283989936,-1152581,-276419
2026-08-08 02:47:11.000 UTC,-14465650296973638525,14337665,-276418
2026-08-08 02:48:59.000 UTC,-385211376129178473432,382360809,-276390
2026-08-08 02:48:59.000 UTC,224742331990838844934,-222985936,-276406
2026-08-08 02:49:23.000 UTC,94294705548459769856,-93449981,-276413
2026-08-08 03:11:23.000 UTC,-130161006897840573910,129140860,-276404
2026-08-08 03:12:47.000 UTC,95854694595863511040,-95020198,-276410
2026-08-08 03:21:23.000 UTC,32885741078753709689,-32584213,-276413
2026-08-08 06:00:11.000 UTC,-13458016957776850840,13347010,-276412
2026-08-08 07:18:59.000 UTC,-6207742631563838869,6156986,-276411
2026-08-08 07:58:35.000 UTC,476601181840901908208,-471260346,-276455
2026-08-08 07:58:35.000 UTC,-333429433305274817002,329803393,-276422
2026-08-08 09:02:23.000 UTC,-979373180317100382308,973224858,-276380
2026-08-08 09:02:23.000 UTC,1028164029753886613186,-1020533203,-276427
2026-08-08 09:02:23.000 UTC,-80208563328414515770,79460133,-276420
2026-08-08 09:09:47.000 UTC,-7109696856549811910,7046132,-276419
2026-08-08 09:12:47.000 UTC,-3526556301046390337,3495164,-276419
2026-08-08 09:26:35.000 UTC,-5619723458502983681,5569886,-276418
2026-08-08 10:53:47.000 UTC,-155416014274015677,154042,-276418
2026-08-08 11:01:11.000 UTC,-89787324719189207017,89022535,-276412
2026-08-08 13:30:47.000 UTC,28271832644957765632,-28009360,-276414
2026-08-08 16:00:47.000 UTC,-151657765302435387296,150278782,-276415
2026-08-08 16:00:47.000 UTC,164904338889576182542,-163250074,-276428
2026-08-08 17:39:23.000 UTC,-211407366535796207720,209773884,-276399
2026-08-08 17:39:35.000 UTC,135598526453488149351,-134453288,-276409
2026-08-08 17:40:23.000 UTC,16473113429160514693,-16325020,-276410
2026-08-08 20:14:35.000 UTC,318283042023100985,-315402,-276410
2026-08-08 22:48:59.000 UTC,24785240553217095688,-24558659,-276412
2026-08-08 22:57:35.000 UTC,9132078395498892949,-9047462,-276413
2026-08-08 23:14:23.000 UTC,2475275626757439845,-2452235,-276413
2026-08-09 00:02:47.000 UTC,4144992249554326129,-4106309,-276413
2026-08-09 01:15:35.000 UTC,47058447560000000000,-46610460,-276417
2026-08-09 01:19:11.000 UTC,-1815786800496077576,1800000,-276417
2026-08-09 01:39:47.000 UTC,5299539517494550260,-5248144,-276417
2026-08-09 02:06:35.000 UTC,-7282101253919766063,7218750,-276417
2026-08-09 16:20:35.000 UTC,7570511833764005159,-7497140,-276417
2026-08-09 16:45:59.000 UTC,-8924205889934571346,8846604,-276417
2026-08-09 16:49:11.000 UTC,-1815717602719398429,1800000,-276416
2026-08-09 16:52:23.000 UTC,-2555984691420539365,2533900,-276416
2026-08-09 18:06:59.000 UTC,-28867828207620127455,28621721,-276414
2026-08-09 20:38:11.000 UTC,-1008487309587597786,1000000,-276414
2026-08-09 21:34:59.000 UTC,18195095961561513811,-18022787,-276415
2026-08-09 22:38:11.000 UTC,20712836361883116290,-20513737,-276417
2026-08-10 04:11:47.000 UTC,415425930361511651451,-412225466,-276412
2026-08-10 04:11:47.000 UTC,-482637079032173664317,479280849,-276382
2026-08-10 04:41:23.000 UTC,24674438830792636160,-24445338,-276414
2026-08-10 05:04:11.000 UTC,5844723862993895424,-5789803,-276414
2026-08-10 14:08:23.000 UTC,22547502848711235714,-22333291,-276416
2026-08-10 15:14:11.000 UTC,35660676339891694177,-35314294,-276418
2026-08-10 15:14:47.000 UTC,38603989953705565986,-38218392,-276422
2026-08-10 19:25:59.000 UTC,43621518903266359862,-43169372,-276426
2026-08-10 19:27:11.000 UTC,-35427764800339101478,35094222,-276422
2026-08-10 20:54:47.000 UTC,-17062176110743126016,16905914,-276421
2026-08-10 23:03:23.000 UTC,35944177107379093214,-35576071,-276424
2026-08-11 00:49:23.000 UTC,-1862179288808315429,1844644,-276424
2026-08-11 02:24:47.000 UTC,1276432729148432811,-1263152,-276424
2026-08-11 02:56:23.000 UTC,-9756421799989197882,9664979,-276423
2026-08-11 02:59:47.000 UTC,-6659729152799491678,6597844,-276423
2026-08-11 04:10:47.000 UTC,-10965468362142823803,10864517,-276421
2026-08-11 05:31:47.000 UTC,26711790073442653727,-26437361,-276424
2026-08-11 07:14:59.000 UTC,-25355426987907011818,25119881,-276422
2026-08-11 09:15:35.000 UTC,48190261630875067645,-47689491,-276426
2026-08-11 09:35:47.000 UTC,-43931353986264146635,43517440,-276422
2026-08-11 11:02:11.000 UTC,-200793515753634330032,199084396,-276408
2026-08-11 11:02:11.000 UTC,-490708109419943471906,484968868,-276423
2026-08-11 11:02:11.000 UTC,500959334290847274970,-494629605,-276471
2026-08-11 11:35:35.000 UTC,10586291316437373956,-10493047,-276408
2026-08-11 11:57:35.000 UTC,-18740161503128527945,18594236,-276407
2026-08-11 12:00:35.000 UTC,-33563807020574864225,33308743,-276405
2026-08-11 12:16:35.000 UTC,81567483127334530590,-80852688,-276410
2026-08-11 12:59:59.000 UTC,-363889007950367444169,361429715,-276384
2026-08-11 12:59:59.000 UTC,307597198641921255375,-305275118,-276406
2026-08-11 12:59:59.000 UTC,75122528477177232688,-74452427,-276412
2026-08-11 13:00:11.000 UTC,12793514143398916097,-12675324,-276413
2026-08-11 13:00:47.000 UTC,53397896886707912855,-52891662,-276417
2026-08-11 14:37:59.000 UTC,-14333142305969256028,14209417,-276416
2026-08-11 14:48:11.000 UTC,-12516499143685771928,12409686,-276415
2026-08-11 15:01:11.000 UTC,4747177710924079765,-4702095,-276415
2026-08-11 15:27:23.000 UTC,-15527476109308405335,15396024,-276414
2026-08-11 15:46:59.000 UTC,37680823982472747377,-37321420,-276417
2026-08-11 16:21:35.000 UTC,-7411825167568510506,7347656,-276416
2026-08-11 17:27:59.000 UTC,140234852106046251991,-138805423,-276429
2026-08-11 17:29:35.000 UTC,-26352699969860796416,26096318,-276426
2026-08-11 17:37:23.000 UTC,276572983100704150,-273643,-276426
2026-08-11 17:53:11.000 UTC,-104810735051287369963,103854980,-276417
2026-08-11 17:53:11.000 UTC,-83723402447124635042,83020810,-276411
2026-08-11 18:27:47.000 UTC,10805861605448735657,-10707352,-276412
2026-08-11 19:19:59.000 UTC,251112224720000000000,-248562091,-276433
2026-08-11 19:19:59.000 UTC,-22716293959410253824,22484429,-276431
2026-08-11 19:20:11.000 UTC,-93732647940615737297,92829181,-276422
2026-08-11 19:26:59.000 UTC,-22861814323346407424,22654350,-276420
2026-08-11 19:44:59.000 UTC,-10049901028194994139,9960000,-276419
2026-08-11 21:10:23.000 UTC,-1400167479524768,1388,-276419
2026-08-11 22:02:11.000 UTC,-1315332334607000443,1303621,-276419
2026-08-11 22:02:11.000 UTC,-1105099485371086243,1095270,-276419
2026-08-11 22:02:11.000 UTC,-988092155426941546,979311,-276419
2026-08-11 22:06:11.000 UTC,-5314648171512614358,5267538,-276418
2026-08-11 22:21:59.000 UTC,-13298641168569991168,13181665,-276417
2026-08-12 00:21:59.000 UTC,-42979363074994790168,42610170,-276414
2026-08-12 02:43:11.000 UTC,506989001117689518775,-501055638,-276462
2026-08-12 02:43:35.000 UTC,-418562214786229471090,413905015,-276421
2026-08-12 02:43:35.000 UTC,-503653473643592836094,500000000,-276384
2026-08-12 02:43:35.000 UTC,-515420174301609217668,512791913,-276380
2026-08-12 02:43:35.000 UTC,-515368316892479319144,512751937,-276380
2026-08-12 02:43:47.000 UTC,1327409415861560002029,-1318915755,-276405
2026-08-12 02:43:47.000 UTC,1374118040232380596224,-1353832649,-276535
2026-08-12 02:43:47.000 UTC,-77365628536389751545,75817734,-276528
2026-08-12 02:43:47.000 UTC,-196554325095075426984,192880766,-276509
2026-08-12 02:43:47.000 UTC,-44213296569460463823,43438250,-276504
2026-08-12 02:43:59.000 UTC,41462317622270611427,-41210295,-276380
2026-08-12 02:43:59.000 UTC,-652356088725770100479,647741865,-276380
2026-08-12 02:43:59.000 UTC,-801292493021626060222,790527106,-276425
2026-08-12 02:44:11.000 UTC,418066701737187756709,-414931165,-276410
2026-08-12 07:42:59.000 UTC,28920182101088683085,-28656975,-276412
2026-08-12 08:45:23.000 UTC,25061536799498744920,-24828503,-276414
2026-08-12 08:52:11.000 UTC,35827572322929019517,-35486452,-276417
2026-08-12 09:29:11.000 UTC,-19190482460089723023,19025621,-276415
2026-08-12 15:05:59.000 UTC,33990014559328770679,-33662485,-276418
2026-08-12 15:45:23.000 UTC,-6071502288284425222,6018395,-276417
2026-08-12 15:45:35.000 UTC,-50300264448777140730,49870668,-276413
2026-08-12 17:54:59.000 UTC,13585382733966894910,-13457714,-276414
2026-08-12 23:46:59.000 UTC,4806008884567212032,-4760521,-276415
2026-08-13 02:31:23.000 UTC,44054363320460982072,-43629527,-276418
2026-08-13 04:45:47.000 UTC,12527203958241036474,-12403807,-276419
2026-08-13 04:58:11.000 UTC,-10094411805474741420,10004892,-276418
2026-08-13 06:19:23.000 UTC,1814119858155801011,-1796289,-276418
2026-08-13 06:44:11.000 UTC,-900859243414172862,892895,-276418
2026-08-13 07:32:47.000 UTC,-9523529072565838615,9439692,-276418
2026-08-13 07:57:11.000 UTC,-159556104704847614432,158249999,-276406
2026-08-13 07:59:23.000 UTC,5646342918638321123,-5597660,-276406
2026-08-13 08:01:35.000 UTC,2478418882638945305,-2456978,-276407
2026-08-13 08:02:47.000 UTC,17556456707181731537,-17403318,-276408
2026-08-13 08:20:47.000 UTC,47535588102259703521,-47109875,-276411
2026-08-13 10:38:59.000 UTC,12333460434249383378,-12220334,-276412
2026-08-13 10:44:23.000 UTC,2642983082956352800,-2618596,-276412
2026-08-13 10:44:35.000 UTC,5072812196510144952,-5025861,-276413
2026-08-13 11:14:47.000 UTC,811643715273816911,-804114,-276413
2026-08-13 13:43:47.000 UTC,-50408520907751478152,50000000,-276409
2026-08-13 13:50:23.000 UTC,38199256434489610370,-37853502,-276412
2026-08-13 14:01:35.000 UTC,17624934469333257593,-17461820,-276413
2026-08-13 16:40:47.000 UTC,19129611442385751942,-18950000,-276415
2026-08-13 18:04:59.000 UTC,-1213205344564461536,1202938,-276414
2026-08-13 18:06:11.000 UTC,-7257496248406882448,7196299,-276414
2026-08-14 00:02:23.000 UTC,10335869029698764232,-10238350,-276415
2026-08-14 00:09:11.000 UTC,276666044190830832684,-273717548,-276440
2026-08-14 00:09:11.000 UTC,-222213922359176620797,220012155,-276419
2026-08-14 00:27:11.000 UTC,-110933049571265629189,109993113,-276411
2026-08-14 07:06:47.000 UTC,-50397432063537825408,50000000,-276407
2026-08-14 09:30:23.000 UTC,47901975075200156022,-47485303,-276407
2026-08-14 11:31:35.000 UTC,12118087642646189803,-12012664,-276407
2026-08-14 13:11:23.000 UTC,18880707364635405312,-18716441,-276407
2026-08-14 14:14:35.000 UTC,5663614999312704396,-5614337,-276407
2026-08-15 00:43:47.000 UTC,-3790908821744910336,3761686,-276407
2026-08-15 02:57:59.000 UTC,9289231213626793007780,-9206707836,-276411
2026-08-15 03:15:11.000 UTC,-103355999996486157681,102521595,-276411
2026-08-15 03:23:11.000 UTC,-231763650884065298722,229894130,-276410
2026-08-15 05:01:35.000 UTC,335134740823293287564,-332098343,-276411
2026-08-15 05:34:11.000 UTC,3899136099079110259,-3863783,-276411
2026-08-15 16:42:11.000 UTC,-378050047876281398381,375000000,-276410
2026-08-15 17:35:59.000 UTC,14803546975921131846150,-14665226836,-276416
2026-08-15 17:40:11.000 UTC,-30895760524186769315,30628712,-276416
2026-08-15 18:35:11.000 UTC,-24467079309666811904,24255624,-276416
2026-08-15 18:42:23.000 UTC,61217390781908151814,-60627604,-276416
2026-08-15 20:47:59.000 UTC,-1008801023803070096556,1000100620,-276416
2026-08-15 21:44:59.000 UTC,-36666870004841447424,36351393,-276416
2026-08-15 21:49:59.000 UTC,-4834604929320690779,4793013,-276416
2026-08-16 00:16:23.000 UTC,-23294141985942822305,23093754,-276416
2026-08-16 02:02:59.000 UTC,-189280315923242776879,187652824,-276416
2026-08-16 02:02:59.000 UTC,-13599368544231400942,13482492,-276416
2026-08-16 02:03:11.000 UTC,16549320784005719220,-16390686,-276416
2026-08-16 04:07:11.000 UTC,-113868886719386965637,112890474,-276416
2026-08-16 04:07:23.000 UTC,-125291149459555924536,124215182,-276416
2026-08-16 05:37:59.000 UTC,-100315417647842014030,99454382,-276416
2026-08-16 06:13:59.000 UTC,-5148872912340167808,5104690,-276416
2026-08-16 08:49:35.000 UTC,-78400517184188692914,77727875,-276416
2026-08-16 09:58:35.000 UTC,-71325466628387241984,70713736,-276416
2026-08-16 10:47:35.000 UTC,-32215276177953128448,31939045,-276416
2026-08-16 10:58:35.000 UTC,-2218737064972871559,2199714,-276416
2026-08-16 11:34:11.000 UTC,-25000000000000000000,24785667,-276416
2026-08-16 11:48:59.000 UTC,-1008628056184254351853,1000001292,-276415
2026-08-16 12:50:23.000 UTC,-234139687262710673639,232142837,-276415
2026-08-16 12:56:47.000 UTC,-1004562713713106804,996000,-276415
2026-08-16 13:51:23.000 UTC,-51783307707226783744,51341970,-276415
2026-08-16 15:59:23.000 UTC,-555098594775005925,550369,-276415
2026-08-16 16:17:47.000 UTC,-20996876576382517248,20817956,-276415
2026-08-16 16:21:11.000 UTC,-91259453286190989179,90482005,-276415
2026-08-16 16:27:47.000 UTC,-39951592823101325312,39611345,-276415
2026-08-16 16:35:35.000 UTC,-38110111725892739733,37785605,-276415
2026-08-16 16:35:59.000 UTC,-166162138189132394839,164747940,-276415
2026-08-16 17:18:11.000 UTC,-134185167802754888713,133043919,-276415
2026-08-16 18:00:23.000 UTC,-127176844196318021311,126095857,-276415
2026-08-16 20:25:23.000 UTC,-101465387239483183742,100603402,-276415
2026-08-16 21:40:23.000 UTC,94684165158542982514,-93785945,-276415
2026-08-16 22:38:35.000 UTC,7435072677361727442,-7364525,-276415
2026-08-17 01:01:35.000 UTC,-480064493817903437853,475989744,-276415
2026-08-17 01:03:23.000 UTC,-16723887229331570688,16582101,-276415
2026-08-17 01:03:35.000 UTC,-87429535031291971091,86688477,-276415
2026-08-17 01:04:23.000 UTC,-99351416307512226439,98509673,-276415
2026-08-17 01:04:35.000 UTC,-128433480857897352084,127345920,-276415
2026-08-17 01:06:59.000 UTC,-402968692140329756947,399560621,-276414
2026-08-17 01:06:59.000 UTC,-180181373206729999999,178659578,-276414
2026-08-17 01:23:11.000 UTC,-69667804445122576696,69079740,-276414
2026-08-17 01:23:35.000 UTC,-16154240232189853696,16017910,-276414
2026-08-17 01:23:47.000 UTC,-9522346997433135128,9441990,-276414
2026-08-17 01:26:35.000 UTC,-40096873493502623744,39758545,-276414
2026-08-17 01:30:59.000 UTC,-106448846110519572003,105550960,-276414
2026-08-17 01:31:23.000 UTC,-134499395072984532282,133365544,-276414
2026-08-17 02:08:23.000 UTC,-1058901783459902073340,1050000000,-276414
2026-08-17 02:53:23.000 UTC,-12008477800730916057,11907781,-276414
2026-08-17 06:48:47.000 UTC,-183400065599093754004,181862873,-276414
2026-08-17 06:48:59.000 UTC,-1069779551343182641706,1060839492,-276413
2026-08-17 06:48:59.000 UTC,-123930712053934718976,122897952,-276413
2026-08-17 06:49:35.000 UTC,-156784344329652670899,155478672,-276413
2026-08-17 08:06:47.000 UTC,-9682093788453783615,9601495,-276413
2026-08-17 10:09:35.000 UTC,2350787790609354015,-2328888,-276413
2026-08-17 11:24:11.000 UTC,-26285807205496145754,26067007,-276413
2026-08-17 15:08:11.000 UTC,-630237892946298465073,625000000,-276413
2026-08-17 15:26:11.000 UTC,-731056157253304606713,725000000,-276413
2026-08-17 19:02:35.000 UTC,9786387093330763954,-9695751,-276413
2026-08-17 20:53:23.000 UTC,-25000000000000000000,24793261,-276413
2026-08-17 21:41:59.000 UTC,-83944001013308013838,83249999,-276413
2026-08-17 23:24:23.000 UTC,-122023216226802279391,121014893,-276412
2026-08-18 00:27:35.000 UTC,-22581867712660004178,22395330,-276412
2026-08-18 02:56:11.000 UTC,39838781785995530784,-39470179,-276412
2026-08-18 04:17:35.000 UTC,3872873515586063920,-3837036,-276412
2026-08-18 09:25:47.000 UTC,-130066550444897251715,128992301,-276412
2026-08-18 09:26:11.000 UTC,21398637820990876593,-21200730,-276412
2026-08-18 09:32:35.000 UTC,470176844339146734,-465828,-276412
2026-08-18 10:07:35.000 UTC,5537301592449321756,-5486086,-276412
2026-08-18 11:16:23.000 UTC,-15954926366234094251,15823180,-276412
2026-08-18 14:30:35.000 UTC,-90890298160485519215,90139969,-276412
2026-08-18 15:23:59.000 UTC,-223445782577129978540,221602551,-276412
2026-08-18 15:40:59.000 UTC,5290998054388770531,-5242128,-276412
2026-08-18 19:30:59.000 UTC,27570554728868799612,-27315886,-276412
2026-08-18 20:26:59.000 UTC,31106169502360300020,-30818806,-276412
2026-08-18 20:42:47.000 UTC,1841853962297074288557,-1824770712,-276413
2026-08-18 20:45:59.000 UTC,-1007614831316142348,999232,-276413
2026-08-18 20:54:23.000 UTC,1007614831316142348,-998232,-276413
2026-08-18 23:04:59.000 UTC,-25093884500382842880,24885120,-276413
2026-08-18 23:06:47.000 UTC,-100245888429380798316,99412153,-276413
2026-08-18 23:06:59.000 UTC,-29577051586593108665,29331138,-276413
2026-08-18 23:12:23.000 UTC,-154497470027022926601,153213485,-276413
2026-08-18 23:19:23.000 UTC,-5444647441205785137978,5400000000,-276411
2026-08-18 23:46:35.000 UTC,1812687102284285139,-1796219,-276411
2026-08-19 00:44:59.000 UTC,-25125640410864605782,24922315,-276411
2026-08-19 02:20:47.000 UTC,8038628519087381138,-7965608,-276411
2026-08-19 07:34:47.000 UTC,743359830832593255,-736607,-276411
2026-08-19 12:46:11.000 UTC,-179774520414364631807,178320382,-276411
2026-08-19 12:46:35.000 UTC,-27411466526720938171,27189856,-276411
2026-08-19 12:46:47.000 UTC,-81893712909825998848,81231813,-276411
2026-08-19 12:46:47.000 UTC,-14397375043235599426,14281037,-276411
2026-08-19 13:22:59.000 UTC,-149271824424673107058,148066111,-276411
2026-08-19 13:35:47.000 UTC,-100827683637213135241,100050012,-276403
2026-08-19 13:51:35.000 UTC,3663199293028668634,-3632585,-276404
2026-08-19 15:10:11.000 UTC,-186320085895355498582,185070000,-276390
2026-08-19 15:22:59.000 UTC,122551165686366029253,-121635271,-276399
2026-08-19 15:23:47.000 UTC,128638292470684101472,-127561155,-276408
2026-08-19 15:53:47.000 UTC,-484332317363883606805,481340026,-276380
2026-08-19 16:37:11.000 UTC,66973127396261042941,-66566066,-276380
2026-08-19 16:37:11.000 UTC,66161718258459591174,-65755673,-276383
2026-08-19 16:39:59.000 UTC,105691872781078798540,-104984374,-276391
2026-08-19 16:44:35.000 UTC,86837198204895738893,-86195942,-276397
2026-08-19 17:08:47.000 UTC,805110735635235944,-798912,-276397
2026-08-19 17:20:11.000 UTC,163151177957494571190,-161799321,-276409
2026-08-19 18:34:35.000 UTC,8703618616387022089,-8626147,-276409
2026-08-19 19:45:35.000 UTC,-13332530321978998895,13227303,-276408
2026-08-19 20:26:11.000 UTC,-24445875655721493511,24256245,-276407
2026-08-19 20:37:47.000 UTC,-25114513944670088676,24924157,-276405
2026-08-19 20:51:47.000 UTC,-107074137714946382340,106313310,-276397
2026-08-19 20:52:59.000 UTC,-135521384919526309608,134676420,-276387
2026-08-19 20:54:23.000 UTC,73708997485553591406,-73192551,-276393
2026-08-19 20:54:47.000 UTC,44850791278164984029,-44517473,-276396
2026-08-19 20:55:35.000 UTC,-43183700710402802686,42905412,-276393
2026-08-19 20:58:11.000 UTC,235483708472803230733,-233570081,-276410
2026-08-19 21:07:47.000 UTC,-2970835426425322218905,2955181354,-276380
2026-08-19 21:08:47.000 UTC,2774916579143015760158,-2757929864,-276395
2026-08-19 22:02:59.000 UTC,123043147706339827054,-122059226,-276404
2026-08-19 22:49:23.000 UTC,48370470118181398940,-47953987,-276408
2026-08-20 03:11:35.000 UTC,29585020697118950569,-29322034,-276410
2026-08-20 03:12:23.000 UTC,27301065253189164252,-27052797,-276412
2026-08-20 04:46:59.000 UTC,-5401967057522655233,5357768,-276411
2026-08-20 05:01:23.000 UTC,14061117877518585907,-13931681,-276413
2026-08-20 06:49:35.000 UTC,3699935678936037132,-3665636,-276413
2026-08-20 07:26:23.000 UTC,27075489611213655457,-26821444,-276415
2026-08-20 08:13:59.000 UTC,-225539854776847433212,223809010,-276398
2026-08-20 08:13:59.000 UTC,63200854117712527605,-62689959,-276403
2026-08-20 08:15:47.000 UTC,15839198152362668663,-15706676,-276404
2026-08-20 08:15:47.000 UTC,4735544908265871622,-4695575,-276404
2026-08-20 09:16:59.000 UTC,-92568537937715327916797,92140279900,-276371
2026-08-20 09:16:59.000 UTC,12634686088375089368719,-12568786433,-276372
2026-08-20 09:16:59.000 UTC,34719887536280696699889,-34530541313,-276376
2026-08-20 09:16:59.000 UTC,27399186718367561300925,-27241221723,-276379
2026-08-20 09:16:59.000 UTC,8454531366619278973307,-8404267448,-276380
2026-08-20 09:17:11.000 UTC,9379855456847033198506,-9322917889,-276403
2026-08-20 11:34:23.000 UTC,25486352011784030866,-25273352,-276404
2026-08-20 11:55:47.000 UTC,187228365699409961665,-185520280,-276418
2026-08-20 12:44:23.000 UTC,-930693072315700902643,925000000,-276380
2026-08-20 12:44:35.000 UTC,735530311298343532297,-730687956,-276404
2026-08-20 12:44:35.000 UTC,715863832757605761024,-707707428,-276468
2026-08-20 12:44:47.000 UTC,-548706378566460725812,542595747,-276416
2026-08-20 12:44:47.000 UTC,200498003493217894955,-198403905,-276434
2026-08-20 12:44:59.000 UTC,-197719010215396656548,195847487,-276416
2026-08-20 12:44:59.000 UTC,-145926984819320135387,144746283,-276405
2026-08-20 12:45:35.000 UTC,-678879660391672925690,675000000,-276380
2026-08-20 12:45:35.000 UTC,652587406397421823748,-648255988,-276404
2026-08-20 12:45:59.000 UTC,-1784426511263657391174,1775000000,-276380
2026-08-20 12:46:11.000 UTC,1756367063459197280797,-1745399617,-276401
2026-08-20 12:46:11.000 UTC,1767044006368238895104,-1738550810,-276568
2026-08-20 12:46:11.000 UTC,-1575600535774678569370,1550356741,-276415
2026-08-20 12:46:23.000 UTC,-142702804417482999353,141557826,-276405
2026-08-20 13:32:47.000 UTC,92089630157164680959,-91276321,-276412
2026-08-20 13:37:11.000 UTC,345306407520594307589,-341644862,-276443
2026-08-20 13:37:23.000 UTC,-232760128747624179308,230406695,-276420
2026-08-20 13:49:47.000 UTC,-16772918018456828579,16623078,-276419
2026-08-20 14:12:23.000 UTC,-100857564043730127421,100000000,-276411
2026-08-20 15:55:59.000 UTC,-9895975299713527575,9815850,-276410
2026-08-20 15:59:35.000 UTC,-5970999666431162282,5922997,-276410
2026-08-20 16:00:11.000 UTC,-5844032775273358371,5797298,-276410
2026-08-20 16:00:35.000 UTC,-5376332597016526189,5333554,-276409
2026-08-20 16:00:35.000 UTC,-5305261951709286872,5263252,-276409
2026-08-20 16:00:35.000 UTC,-5339589289987966010,5297511,-276408
2026-08-20 16:00:59.000 UTC,-5345453896064869568,5303534,-276408
2026-08-20 16:00:59.000 UTC,-5176548469453868586,5136149,-276408
2026-08-20 16:00:59.000 UTC,-5102412272139495661,5062779,-276407
2026-08-20 17:23:35.000 UTC,-9716488357370862527,9641530,-276407
2026-08-20 21:15:23.000 UTC,29358096315499062339,-29100424,-276409
2026-08-20 21:45:59.000 UTC,-22852339626965468645,22673905,-276407
2026-08-20 23:40:47.000 UTC,-3559630378657961234,3532174,-276407
2026-08-21 00:32:11.000 UTC,-20368668237301405930,20213301,-276405
2026-08-21 02:14:59.000 UTC,1565647491349185911,-1552257,-276405
2026-08-21 02:53:59.000 UTC,637276760770721147,-631821,-276406
2026-08-21 06:05:59.000 UTC,-23434759321318261501,23259314,-276404
2026-08-21 06:20:11.000 UTC,501909682241888592,-497695,-276404
2026-08-21 06:20:11.000 UTC,6624228047076140663,-6568437,-276404
2026-08-21 07:15:11.000 UTC,-60073039245064974994,59638218,-276400
2026-08-21 07:15:11.000 UTC,-1702177751527546747,1690235,-276400
2026-08-21 07:54:11.000 UTC,11495568195658529251,-11403092,-276401
2026-08-21 09:08:47.000 UTC,11287236890131026395,-11195515,-276402
2026-08-21 10:22:47.000 UTC,11574503604819775059,-11479500,-276402
2026-08-21 11:13:59.000 UTC,54251018059464881765,-53792944,-276406
2026-08-21 12:27:35.000 UTC,3027414718317487095,-3001231,-276407
2026-08-21 13:47:59.000 UTC,-86505005726132416978,85868568,-276400
2026-08-21 14:17:11.000 UTC,122250687446733840937,-121214317,-276409
2026-08-21 14:39:23.000 UTC,19946380002895596110,-19767137,-276411
2026-08-21 15:38:11.000 UTC,-3317443264699190743585,3300000000,-276380
2026-08-21 15:38:11.000 UTC,3195234208530736591761,-3175548441,-276402
2026-08-21 15:43:11.000 UTC,22197841607126521584,-22014698,-276403
2026-08-21 18:42:35.000 UTC,-995000000000000000000,989590046,-276380
2026-08-21 18:42:35.000 UTC,937778493870318081390,-931844865,-276399
2026-08-21 18:49:35.000 UTC,130755154198384385889,-129658803,-276408
2026-08-21 18:52:47.000 UTC,597000000000000000000,-590186893,-276463
2026-08-21 18:52:59.000 UTC,-535137265970175128429,529415515,-276413
2026-08-21 20:11:23.000 UTC,-168622596887715059926,167324495,-276401
2026-08-21 20:40:23.000 UTC,118696759409969671,-117736,-276401
2026-08-21 21:25:47.000 UTC,-37408955124705843120,37148591,-276398
2026-08-21 21:56:11.000 UTC,19754523307127309874,-19598671,-276399
2026-08-21 22:44:23.000 UTC,-120789227400429949186,120000000,-276391
2026-08-21 22:48:23.000 UTC,175643188334730134225,-174286615,-276403
2026-08-22 00:09:47.000 UTC,195722051662784671534,-193949424,-276418
2026-08-22 00:17:11.000 UTC,-121008596716786990215,120000000,-276409
2026-08-22 00:20:11.000 UTC,-427725223536163655955,425000000,-276380
2026-08-22 00:20:23.000 UTC,287300523762691530524,-285327886,-276399
2026-08-22 00:20:47.000 UTC,121207449671098653105,-120199724,-276407
2026-08-22 00:20:59.000 UTC,-1885069603397297027090,1875000000,-276380
2026-08-22 00:20:59.000 UTC,1792541198336183510170,-1781377495,-276401
2026-08-22 00:24:23.000 UTC,-829494713508120540687,825000000,-276380
2026-08-22 00:24:23.000 UTC,47573142898882540727,-47284214,-276380
2026-08-22 00:24:23.000 UTC,780272278226711421321,-775255697,-276400
2026-08-22 00:34:35.000 UTC,15044756295314090031,-14922625,-276402
2026-08-22 00:39:47.000 UTC,72280732399489941749,-71671373,-276407
2026-08-22 03:25:59.000 UTC,-25475939641429480033,25282176,-276405
2026-08-22 07:11:23.000 UTC,37012897761687355395,-36693137,-276408
2026-08-22 07:33:47.000 UTC,-24438874734865441766,24250890,-276406
2026-08-22 07:40:35.000 UTC,52555186788161196029,-52093507,-276410
2026-08-22 08:56:11.000 UTC,-705525891967038952,699897,-276410
2026-08-22 11:46:47.000 UTC,-7007669099715100673,6951953,-276409
2026-08-22 12:22:59.000 UTC,-30822815728849733384,30581929,-276407
2026-08-22 12:41:35.000 UTC,-578419004152324191502,575000000,-276380
2026-08-22 12:41:47.000 UTC,515114522482234894121,-511657252,-276402
2026-08-22 12:42:11.000 UTC,912704649041389286670,-907003351,-276396
2026-08-22 12:42:11.000 UTC,-1005435586489302289952,1000000000,-276380
2026-08-22 12:45:35.000 UTC,70985821458448579545,-70430147,-276401
2026-08-22 12:46:23.000 UTC,-10138802826613096449,10067292,-276400
2026-08-22 12:54:59.000 UTC,-7538319375830799475109,7500000000,-276380
2026-08-22 12:54:59.000 UTC,7555840467094539653645,-7509889233,-276401
2026-08-22 12:55:35.000 UTC,-195958075394510165387,194701568,-276387
2026-08-22 12:55:59.000 UTC,-11993631178045245309,11925685,-276386
2026-08-22 12:55:59.000 UTC,174290787243857800530,-173028677,-276399
2026-08-22 12:56:11.000 UTC,-825092256933961072867,820676280,-276380
2026-08-22 12:56:11.000 UTC,336973846729686344746,-334926878,-276380
2026-08-22 12:56:35.000 UTC,168901600056837750877,-167662812,-276399
2026-08-22 12:56:35.000 UTC,49551121552663764484,-49148903,-276403
2026-08-22 12:56:35.000 UTC,-225893912046185515861,224427500,-276386
2026-08-22 12:56:35.000 UTC,64204937061105056943,-63761617,-276391
2026-08-22 12:56:35.000 UTC,-73525516604652980652,73151918,-276380
2026-08-22 12:56:35.000 UTC,403460416739285308588,-400978993,-276387
2026-08-22 12:56:47.000 UTC,-57069703668341790377,56779786,-276380
2026-08-22 12:56:47.000 UTC,-162140888776242336992,161317022,-276380
2026-08-22 12:56:47.000 UTC,514933742612983895079,-511805992,-276380
2026-08-22 12:56:47.000 UTC,-1006374609393622560130,1000950525,-276380
2026-08-22 12:56:47.000 UTC,146800195479923313108,-145675514,-276402
2026-08-22 12:56:59.000 UTC,-2162938578539753587064,2151974797,-276380
2026-08-22 12:56:59.000 UTC,-30608086601227008081,30453274,-276380
2026-08-22 12:56:59.000 UTC,-1769268554681050722538,1760335749,-276380
2026-08-22 12:56:59.000 UTC,704841103166358311333,-700585111,-276380
2026-08-22 12:56:59.000 UTC,704476054515329396624,-700217287,-276380
2026-08-22 12:56:59.000 UTC,688905652651156639832,-684736198,-276380
2026-08-22 12:56:59.000 UTC,700004737116934669559,-695763231,-276380
2026-08-22 12:56:59.000 UTC,716807486497103465374,-712459075,-276380
2026-08-22 12:56:59.000 UTC,699462021248252538324,-695213865,-276380
2026-08-22 12:56:59.000 UTC,699460472203672262224,-694193512,-276419
2026-08-22 12:56:59.000 UTC,651488936612505474795,-642998933,-276483
2026-08-22 12:56:59.000 UTC,-103919690049417699560,102391854,-276473
2026-08-22 12:56:59.000 UTC,-621577282816569331384,614619891,-276414
2026-08-22 12:57:11.000 UTC,235165785526286923381,-232736858,-276434
2026-08-22 12:57:11.000 UTC,-272149271694318184800,269648755,-276411
2026-08-22 12:57:23.000 UTC,24447386086741199640,-24222905,-276413
2026-08-22 12:57:23.000 UTC,517053554560393721029,-511077187,-276461
2026-08-22 12:57:23.000 UTC,-92614831771226391679,91447067,-276452
2026-08-22 12:57:23.000 UTC,-393959141268356584621,389918316,-276415
2026-08-22 12:57:35.000 UTC,153334882709396495511,-151785981,-276428
2026-08-22 12:57:35.000 UTC,-211698777001982652635,209818152,-276411
2026-08-22 12:57:47.000 UTC,-402299132282142555878,399631799,-276382
2026-08-22 12:57:59.000 UTC,232831192833741270950,-231197799,-276398
2026-08-22 12:58:11.000 UTC,18591150373115254635,-18443968,-276400
2026-08-22 12:58:23.000 UTC,-282188480212089602111,280500735,-276380
2026-08-22 12:58:35.000 UTC,241846267780000037240,-240194428,-276397
2026-08-22 13:02:59.000 UTC,267645609386351808034,-265329577,-276416
2026-08-22 13:02:59.000 UTC,49589985886592588349,-49103857,-276420
2026-08-22 13:03:11.000 UTC,267660221711883771529,-264644219,-276446
2026-08-22 13:03:11.000 UTC,-366890462354207949948,363283204,-276413
2026-08-22 13:03:23.000 UTC,267843712144733058857,-265070740,-276436
2026-08-22 13:03:23.000 UTC,-233013779745311013328,230798532,-276415
2026-08-22 13:04:23.000 UTC,226764466831809624613,-224390930,-276436
2026-08-22 13:04:47.000 UTC,-217425761375541526528,215356772,-276416
2026-08-22 13:08:59.000 UTC,-65124829562131539954,64581108,-276411
2026-08-22 13:09:35.000 UTC,14925417382946083794,-14788752,-276412
2026-08-22 13:25:23.000 UTC,5470356532176361173,-5419858,-276412
2026-08-22 14:45:47.000 UTC,8091372407092511999,-8016278,-276413
2026-08-22 16:01:23.000 UTC,16094789236804206484,-15943992,-276414
2026-08-22 16:01:35.000 UTC,19879815542473286245,-19690940,-276416
2026-08-22 16:44:59.000 UTC,-30564202031932557936,30305310,-276413
2026-08-22 17:53:23.000 UTC,-3599438069508517525,3569400,-276413
2026-08-22 18:07:47.000 UTC,-1199850941181466349,1189859,-276413
2026-08-22 18:24:59.000 UTC,-44768109615016609815,44402829,-276410
2026-08-22 18:24:59.000 UTC,-4867544094113571495,4828705,-276409
2026-08-22 18:59:47.000 UTC,22649971432239687732,-22445329,-276411
2026-08-22 19:27:11.000 UTC,-8580274396350602287,8510827,-276410
2026-08-22 19:28:11.000 UTC,-224843736603923966774,223212118,-276394
2026-08-22 19:28:59.000 UTC,56592372038979314185,-56159653,-276398
2026-08-22 19:30:11.000 UTC,-2261696658566836911224,2250000000,-276380
2026-08-22 19:30:11.000 UTC,2305196531267509541163,-2290904474,-276401
2026-08-22 19:40:23.000 UTC,22970525649598308483,-22781368,-276403
2026-08-22 20:43:11.000 UTC,3724970638835799117,-3693940,-276403
2026-08-22 20:58:35.000 UTC,3218708505697733381,-3191815,-276404
2026-08-22 21:17:23.000 UTC,10095585521788431879,-10010753,-276404
2026-08-22 21:43:47.000 UTC,7602892708901039815,-7538524,-276405
2026-08-22 21:52:59.000 UTC,9942671371316266200,-9857870,-276406
2026-08-22 22:43:47.000 UTC,348153996574202799799,-344707041,-276435
2026-08-22 22:43:59.000 UTC,-217059684502152510209,215012361,-276415
2026-08-22 23:59:47.000 UTC,-2614605328846329726,2592353,-276415
2026-08-23 00:02:47.000 UTC,-12672162906804697183,12565019,-276414
2026-08-23 00:02:47.000 UTC,-7231282299615236454,7170669,-276413
2026-08-23 00:02:59.000 UTC,-17121956734701164886,16979965,-276412
2026-08-23 00:22:35.000 UTC,-44392430019903266164,44034255,-276409
2026-08-23 00:22:59.000 UTC,-4468325544395592169,4433060,-276409
2026-08-23 00:34:11.000 UTC,1426123586131491618,-1413469,-276409
2026-08-23 02:02:59.000 UTC,410871864824940653,-407223,-276409
2026-08-23 02:10:47.000 UTC,15222798474500691308,-15086769,-276410
2026-08-23 03:01:47.000 UTC,-9997610843050284185,9918003,-276409
2026-08-23 03:24:23.000 UTC,60620969374373054264,-60067017,-276414
2026-08-23 03:57:23.000 UTC,14366141657764593664,-14230930,-276415
2026-08-23 04:43:11.000 UTC,10170103719220978836,-10073472,-276415
2026-08-23 04:44:59.000 UTC,16028204775524433944,-15874376,-276417
2026-08-23 05:17:59.000 UTC,-3796231801973016492,3763391,-276416
2026-08-23 07:09:23.000 UTC,-3466899346428912759,3437000,-276416
2026-08-23 07:16:23.000 UTC,-19180072149947777024,19016248,-276415
2026-08-23 08:10:47.000 UTC,-34148105436541442640,33863103,-276412
2026-08-23 08:10:47.000 UTC,-24287083199197304973,24089583,-276410
2026-08-23 08:41:59.000 UTC,-27778846300399642331,27558174,-276408
2026-08-23 11:27:59.000 UTC,168496068761824709998,-166904087,-276421
2026-08-23 11:28:11.000 UTC,-105076062636767192172,104163114,-276413
2026-08-23 11:37:11.000 UTC,-16508050949315493888,16371974,-276412
2026-08-23 12:06:47.000 UTC,-10612328396105659993,10525905,-276411
2026-08-23 12:29:23.000 UTC,-77165560896956630452,76561552,-276405
2026-08-23 12:43:59.000 UTC,-62270574323687769915,61814276,-276401
2026-08-23 14:07:11.000 UTC,79667097967494049168,-78999306,-276407
2026-08-23 14:45:23.000 UTC,11890208337115159847,-11786645,-276407
2026-08-23 16:26:23.000 UTC,-259534746765085316187,257762201,-276389
2026-08-23 16:26:35.000 UTC,159557701143256880768,-158366760,-276400
2026-08-23 16:49:11.000 UTC,65748061702601394125,-65204243,-276405
2026-08-23 18:24:23.000 UTC,-21157379767014786514,21000000,-276403
2026-08-23 19:50:23.000 UTC,-2133658102228797838,2117965,-276403
2026-08-23 21:02:59.000 UTC,1003413740921826712,-995041,-276403
2026-08-23 21:40:59.000 UTC,6574633158273828272,-6519600,-276404
2026-08-23 22:44:47.000 UTC,42302888081100970005,-41941391,-276407
2026-08-23 22:58:59.000 UTC,13875372581441249769,-13754012,-276408
2026-08-24 00:21:47.000 UTC,27404833568845106365,-27161091,-276410
2026-08-24 01:00:47.000 UTC,-9631131998005661990,9554412,-276409
2026-08-24 02:09:59.000 UTC,1000000000000000000,-991073,-276409
2026-08-24 08:17:59.000 UTC,9824991271073966203,-9736905,-276410
2026-08-24 10:03:47.000 UTC,-307424533331786257257,305301278,-276388
2026-08-24 10:04:11.000 UTC,271474114701101160522,-269364718,-276407
2026-08-24 10:04:35.000 UTC,-19875914813992780400,19723285,-276406
2026-08-24 10:04:47.000 UTC,267669203274648863879,-265101858,-276427
2026-08-24 10:04:59.000 UTC,-212874325814956757966,211000000,-276410
2026-08-24 10:04:59.000 UTC,-67861185617549975578,67334822,-276405
2026-08-24 10:04:59.000 UTC,56954371362743250926,-56458336,-276409
2026-08-24 10:04:59.000 UTC,45555911569268253136,-45142389,-276412
2026-08-24 10:15:35.000 UTC,-36891611300284963835,36592171,-276410
2026-08-24 11:01:35.000 UTC,46472358142262258462,-46047444,-276413
2026-08-24 11:34:11.000 UTC,8514972437829260881,-8435405,-276414
2026-08-24 12:05:11.000 UTC,38169531288474448473,-37806345,-276417
2026-08-24 12:17:11.000 UTC,-816799814891097777,809726,-276416
2026-08-24 12:31:59.000 UTC,-40350454629738668565,40007081,-276414
2026-08-24 12:32:35.000 UTC,-52932364244848093293,52500000,-276410
2026-08-24 14:59:59.000 UTC,11319082360967448246,-11217116,-276410
2026-08-25 02:29:23.000 UTC,-18805089885175521818,18654842,-276409
2026-08-25 02:29:47.000 UTC,-15132814974002276074,15013747,-276408
2026-08-25 02:29:59.000 UTC,-35534467105885499833,35261326,-276405
2026-08-25 03:27:59.000 UTC,987116975812886131,-978672,-276405
2026-08-25 03:31:47.000 UTC,5977912171069311796,-5926621,-276406
2026-08-25 03:32:35.000 UTC,7215928413540386713,-7153675,-276406
2026-08-25 03:42:47.000 UTC,115385852296889888692,-114339505,-276415
2026-08-25 03:42:59.000 UTC,-11442568354364129281,11345822,-276414
2026-08-25 05:14:59.000 UTC,2507624237695117755,-2484018,-276414
2026-08-25 07:50:23.000 UTC,64472557173469665267,-63849849,-276419
2026-08-25 11:48:35.000 UTC,14129278772649249473,-13988751,-276420
2026-08-25 12:22:59.000 UTC,4114327905926505359,-4073133,-276420
